time,#Gen33.VT:0
0.0,9.162070438974024e-11
0.0010000000000000002,0.002432558565689362
0.0019999999999999987,0.00763667243425283
0.0030000000000000014,0.014576649002784213
0.0040000000000000036,0.02283087383245408
0.0049999999999999975,0.03226005152589232
0.0059999999999999915,0.04268789691990291
0.006999999999999985,0.05109255330625975
0.00799999999999998,0.06310589367832463
0.008999999999999973,0.07592168754115851
0.009999999999999967,0.0895257099594893
0.010999999999999961,0.10384084468178796
0.011999999999999955,0.11883451085777041
0.012999999999999949,0.1344780506994789
0.013999999999999943,0.146652427739162
0.014999999999999937,0.16339468959078593
0.015999999999999945,0.1807489097233651
0.016999999999999973,0.1986655768212174
0.018000000000000002,0.21707737307038413
0.01900000000000003,0.23589787425776393
0.02000000000000006,0.25021508917528623
0.021000000000000088,0.2695053076373301
0.022000000000000117,0.2889888454479502
0.023000000000000145,0.30865556059666227
0.024000000000000174,0.32847477499351396
0.025000000000000203,0.3484009640921639
0.02600000000000023,0.3633982617414014
0.02700000000000026,0.3834524631684797
0.02800000000000029,0.40359462824550624
0.029000000000000317,0.4237933246809597
0.030000000000000346,0.44406142135769117
0.031000000000000374,0.46437101907555045
0.0320000000000004,0.47960732691543745
0.03300000000000043,0.49997515727537506
0.03400000000000046,0.5203714563539766
0.03500000000000049,0.5407930024705183
0.03600000000000052,0.5612567832220493
0.037000000000000546,0.5817290012121114
0.038000000000000575,0.6022181961265706
0.039000000000000604,0.6176178869371978
0.04000000000000063,0.6381391689636643
0.04100000000000066,0.6586734147822786
0.04200000000000069,0.6792269489789724
0.04300000000000072,0.699790326916585
0.04400000000000075,0.720381796989152
0.045000000000000775,0.735837034833036
0.046000000000000804,0.756428678321491
0.04700000000000083,0.7770154070794315
0.04800000000000086,0.7976273154480688
0.04900000000000089,0.8182633924288981
0.05000000000000092,0.8389044980798444
0.05100000000000095,0.8538137295706265
0.052000000000000976,0.8724049766603054
0.053000000000001005,0.8895738113310967
0.05400000000000103,0.9053834947659213
0.05500000000000106,0.9198751181837175
0.05600000000000109,0.9330815162255816
0.05700000000000112,0.9421448588000947
0.05800000000000115,0.9531496318957333
0.059000000000001177,0.9629110155969672
0.060000000000001205,0.9714520307925666
0.061000000000001234,0.9787773795458458
0.06200000000000126,0.984872736888212
0.06300000000000122,0.9897474494518617
0.06400000000000111,0.9926004845156048
0.065000000000001,0.9953038924949389
0.06600000000000089,0.9967514237142373
0.06700000000000078,0.9969841457383057
0.06800000000000067,0.9969841484391301
0.06900000000000056,0.9969841489735884
0.07000000000000045,0.9969841496984416
0.07100000000000034,0.9969841513212534
0.07200000000000023,0.996984153150775
0.07300000000000012,0.9969841548346403
0.07400000000000001,0.9969841560598338
0.0749999999999999,0.9969841568343811
0.07599999999999979,0.996984156989838
0.07699999999999968,0.9969841566633689
0.07799999999999957,0.9969841557955229
0.07899999999999946,0.996984154565876
0.07999999999999935,0.9969841531518759
0.08099999999999924,0.9969841517732047
0.08199999999999913,0.9969841508904461
0.08299999999999902,0.9969841500289011
0.08399999999999891,0.9969841496370833
0.0849999999999988,0.9969841497295628
0.08599999999999869,0.996984150272094
0.08699999999999858,0.9969841511706958
0.08799999999999847,0.9969841522602186
0.08899999999999836,0.9969841531011112
0.08999999999999825,0.9969841541267646
0.09099999999999814,0.996984154914825
0.09199999999999803,0.996984155354094
0.09299999999999792,0.9969841554081736
0.09399999999999781,0.9969841551000671
0.0949999999999977,0.9969841546603052
0.09599999999999759,0.9969841538831297
0.09699999999999748,0.9969841530065428
0.09799999999999737,0.99698415216665
0.09899999999999726,0.9969841514777016
0.09999999999999715,0.9969841510285017
0.10099999999999704,0.9969841508842222
0.10199999999999693,0.9969841509650876
0.10299999999999682,0.9969841513104637
0.1039999999999967,0.9969841518554928
0.1049999999999966,0.9969841525152925
0.10599999999999649,0.9969841531890994
0.10699999999999638,0.9969841536406108
0.10799999999999627,0.9969841541063829
0.10899999999999616,0.9969841543665215
0.10999999999999605,0.9969841543999354
0.11099999999999594,0.9969841542125157
0.11199999999999583,0.9969841538397771
0.11299999999999571,0.9969841533530658
0.1139999999999956,0.9969841529587439
0.1149999999999955,0.9969841524556973
0.11599999999999538,0.9969841520418882
0.11699999999999527,0.9969841517752374
0.11799999999999516,0.9969841516823424
0.11899999999999505,0.9969841517621525
0.11999999999999494,0.9969841519267777
0.12099999999999483,0.9969841522511991
0.12199999999999472,0.9969841526446571
0.12299999999999461,0.9969841530450904
0.1239999999999945,0.9969841533964485
0.1249999999999944,0.9969841536531497
0.12599999999999428,0.9969841537630526
0.12699999999999417,0.9969841537850067
0.12799999999999406,0.9969841536780152
0.12899999999999395,0.9969841534652847
0.12999999999999384,0.9969841531810733
0.13099999999999373,0.996984152869518
0.13199999999999362,0.9969841526463533
0.1329999999999935,0.9969841523969111
0.1339999999999934,0.9969841522302357
0.1349999999999933,0.9969841521633768
0.13599999999999318,0.9969841522006756
0.13699999999999307,0.9969841523330104
0.13799999999999296,0.9969841525330368
0.13899999999999285,0.9969841527084339
0.13999999999999274,0.9969841529480402
0.14099999999999263,0.9969841531629967
0.14199999999999252,0.9969841533233749
0.1429999999999924,0.9969841534104315
0.1439999999999923,0.9969841534178487
0.1449999999999922,0.9969841533714566
0.14599999999999208,0.9969841532518132
0.14699999999999197,0.9969841530857124
0.14799999999999186,0.9969841529001247
0.14899999999999175,0.9969841527219473
0.14999999999999164,0.9969841525748598
0.15099999999999153,0.9969841524969263
0.15199999999999142,0.9969841524472643
0.1529999999999913,0.9969841524595882
0.1539999999999912,0.9969841525283185
0.1549999999999911,0.9969841526414427
0.15599999999999098,0.9969841527808461
0.15699999999999087,0.996984152890204
0.15799999999999076,0.9969841530246016
0.15899999999999065,0.9969841531301559
0.15999999999999054,0.9969841531942586
0.16099999999999043,0.9969841532101704
0.16199999999999032,0.996984153177262
0.1629999999999902,0.996984153103959
0.1639999999999901,0.9969841530296565
0.16499999999999,0.9969841529172685
0.16599999999998988,0.9969841528048959
0.16699999999998977,0.9969841527082703
0.16799999999998966,0.9969841526400006
0.16899999999998955,0.9969841526075727
0.16999999999998944,0.9969841526089892
0.17099999999998933,0.9969841526430299
0.17199999999998922,0.9969841527075963
0.1729999999999891,0.9969841527916611
0.173999999999989,0.9969841528825086
0.1749999999999889,0.9969841529675415
0.17599999999998878,0.99698415302044
0.17699999999998867,0.9969841530687124
0.17799999999998856,0.9969841530873569
0.17899999999998845,0.9969841530754326
0.17999999999998834,0.996984153036001
0.18099999999998823,0.9969841529758212
0.18199999999998812,0.9969841529223978
0.182999999999988,0.9969841528491772
0.1839999999999879,0.996984152782923
0.18499999999998779,0.9969841527324651
0.18599999999998768,0.9969841527039446
0.18699999999998757,0.9969841527006067
0.18799999999998745,0.9969841527214545
0.18899999999998734,0.9969841527507965
0.18999999999998723,0.9969841528027793
0.19099999999998712,0.9969841528621385
0.19199999999998701,0.9969841529203816
0.1929999999999869,0.996984152969357
0.1939999999999868,0.996984153002601
0.19499999999998668,0.9969841530147616
0.19599999999998657,0.9969841530129289
0.19699999999998646,0.9969841529914479
0.19799999999998635,0.9969841529543885
0.19899999999998624,0.996984152907629
0.19999999999998613,0.9969841528581279
0.20099999999998602,0.9969841528233812
0.2019999999999859,0.9969841527852848
0.2029999999999858,0.9969841527613262
0.2039999999999857,0.9969841527542649
0.20499999999998558,0.9969841527641623
0.20599999999998547,0.9969841527889172
0.20699999999998536,0.9969841528149288
0.20799999999998525,0.9969841528552335
0.20899999999998514,0.9969841528963806
0.20999999999998503,0.9969841529324049
0.21099999999998492,0.9969841529585926
0.2119999999999848,0.9969841529717893
0.2129999999999847,0.9969841529705215
0.2139999999999846,0.996984152960293
0.21499999999998448,0.9969841529366504
0.21599999999998437,0.9969841529049686
0.21699999999998426,0.9969841528700037
0.21799999999998415,0.9969841528368117
0.21899999999998404,0.9969841528103487
0.21999999999998393,0.9969841527968427
0.22099999999998382,0.9969841527889982
0.2219999999999837,0.9969841527935405
0.2229999999999836,0.9969841528092767
0.2239999999999835,0.9969841528336068
0.22499999999998338,0.9969841528624784
0.22599999999998327,0.9969841528846477
0.22699999999998316,0.9969841529118273
0.22799999999998305,0.9969841529322421
0.22899999999998294,0.9969841529431048
0.22999999999998283,0.9969841529436098
0.23099999999998272,0.9969841529341347
0.2319999999999826,0.9969841529215799
0.2329999999999825,0.9969841528992642
0.2339999999999824,0.9969841528740813
0.23499999999998228,0.9969841528499571
0.23599999999998217,0.9969841528301934
0.23699999999998206,0.9969841528170493
0.23799999999998195,0.9969841528124869
0.23899999999998184,0.9969841528151258
0.23999999999998173,0.9969841528256147
0.24099999999998162,0.9969841528426332
0.2419999999999815,0.9969841528633903
0.2429999999999814,0.9969841528849135
0.2439999999999813,0.9969841529036126
0.24499999999998118,0.9969841529145109
0.24599999999998107,0.9969841529233587
0.24699999999998096,0.9969841529245865
0.24799999999998085,0.9969841529182959
0.24899999999998074,0.9969841529055196
0.24999999999998063,0.9969841528887847
0.2509999999999805,0.996984152875069
0.2519999999999804,0.9969841528569005
0.2529999999999803,0.9969841528419958
0.2539999999999802,0.9969841528326242
0.2549999999999801,0.9969841528294764
0.25599999999997997,0.9969841528326843
0.25699999999997986,0.9969841528385919
0.25799999999997975,0.9969841528509028
0.25899999999997964,0.9969841528659817
0.2599999999999795,0.996984152881297
0.2609999999999794,0.9969841528946818
0.2619999999999793,0.9969841529048342
0.2629999999999792,0.9969841529099897
0.2639999999999791,0.9969841529100223
0.264999999999979,0.9969841529055834
0.26599999999997886,0.9969841528964756
0.26699999999997875,0.9969841528844297
0.26799999999997864,0.9969841528710481
0.26899999999997853,0.9969841528588657
0.2699999999999784,0.9969841528512251
0.2709999999999783,0.9969841528441317
0.2719999999999782,0.9969841528415729
0.2729999999999781,0.9969841528437946
0.273999999999978,0.9969841528505146
0.2749999999999779,0.996984152860026
0.27599999999997776,0.9969841528681865
0.27699999999997765,0.9969841528797047
0.27799999999997754,0.9969841528896255
0.27899999999997743,0.9969841528962584
0.2799999999999773,0.9969841528992552
0.2809999999999772,0.9969841528984285
0.2819999999999771,0.996984152895844
0.282999999999977,0.9969841528891992
0.2839999999999769,0.9969841528804827
0.28499999999997677,0.996984152871301
0.28599999999997666,0.9969841528629915
0.28699999999997655,0.9969841528560756
0.28799999999997644,0.9969841528519625
0.28899999999997633,0.9969841528512214
0.2899999999999762,0.996984152852889
0.2909999999999761,0.9969841528576391
0.291999999999976,0.9969841528643313
0.2929999999999759,0.9969841528722455
0.2939999999999758,0.9969841528796018
0.29499999999997567,0.9969841528844656
0.29599999999997556,0.9969841528893751
0.29699999999997545,0.9969841528917238
0.29799999999997534,0.9969841528912008
0.29899999999997523,0.9969841528877283
0.2999999999999751,0.9969841528825552
0.300999999999975,0.9969841528779794
0.3019999999999749,0.996984152871067
0.3029999999999748,0.9969841528649488
0.3039999999999747,0.9969841528608362
0.30499999999997457,0.996984152858744
0.30599999999997446,0.996984152858776
0.30699999999997435,0.9969841528596667
0.30799999999997424,0.9969841528630462
0.30899999999997413,0.9969841528677789
0.309999999999974,0.996984152872861
0.3109999999999739,0.9969841528775274
0.3119999999999738,0.9969841528818202
0.3129999999999737,0.9969841528846568
0.3139999999999736,0.9969841528854136
0.31499999999997347,0.9969841528850236
0.31599999999997336,0.9969841528827272
0.31699999999997325,0.9969841528793258
0.31799999999997314,0.9969841528749795
0.318999999999973,0.9969841528709559
0.3199999999999729,0.9969841528681432
0.3209999999999728,0.996984152865066
0.3219999999999727,0.9969841528633018
0.3229999999999726,0.9969841528631356
0.3239999999999725,0.9969841528648201
0.32499999999997237,0.9969841528673712
0.32599999999997226,0.9969841528696706
0.32699999999997215,0.9969841528735272
0.32799999999997204,0.9969841528769873
0.3289999999999719,0.99698415287919
0.3299999999999718,0.9969841528803771
0.3309999999999717,0.9969841528805464
0.3319999999999716,0.996984152880543
0.3329999999999715,0.9969841528790745
0.3339999999999714,0.996984152876818
0.33499999999997127,0.9969841528743918
0.33599999999997116,0.9969841528721821
0.33699999999997104,0.9969841528697674
0.33799999999997093,0.9969841528679828
0.3389999999999708,0.9969841528673926
0.3399999999999707,0.9969841528671789
0.3409999999999706,0.9969841528680625
0.3419999999999705,0.9969841528694476
0.3429999999999704,0.9969841528715204
0.3439999999999703,0.996984152873351
0.34499999999997016,0.9969841528747654
0.34599999999997005,0.996984152876518
0.34699999999996994,0.9969841528777376
0.34799999999996983,0.9969841528781818
0.3489999999999697,0.9969841528775112
0.3499999999999696,0.9969841528765495
0.3509999999999695,0.9969841528756731
0.3519999999999694,0.9969841528737772
0.3529999999999693,0.9969841528720713
0.3539999999999692,0.9969841528711776
0.35499999999996906,0.9969841528706778
0.35599999999996895,0.9969841528704944
0.35699999999996884,0.9969841528700173
0.35799999999996873,0.9969841528703545
0.3589999999999686,0.9969841528710868
0.3599999999999685,0.9969841528718377
0.3609999999999684,0.9969841528724659
0.3619999999999683,0.9969841528736335
0.3629999999999682,0.9969841528746749
0.36399999999996807,0.9969841528750985
0.36499999999996796,0.9969841528756146
0.36599999999996785,0.9969841528755599
0.36699999999996774,0.996984152875403
0.36799999999996763,0.996984152874747
0.3689999999999675,0.9969841528743049
0.3699999999999674,0.9969841528737907
0.3709999999999673,0.996984152872914
0.3719999999999672,0.9969841528720903
0.3729999999999671,0.996984152871527
0.37399999999996697,0.9969841528716074
0.37499999999996686,0.9969841528716085
0.37599999999996675,0.9969841528716114
0.37699999999996664,0.9969841528722858
0.37799999999996653,0.9969841528728842
0.3789999999999664,0.9969841528729407
0.3799999999999663,0.996984152872984
0.3809999999999662,0.9969841528731443
0.3819999999999661,0.996984152873892
0.382999999999966,0.9969841528742294
0.38399999999996587,0.9969841528744231
0.38499999999996576,0.9969841528747001
0.38599999999996565,0.996984152875049
0.38699999999996554,0.996984152874663
0.38799999999996543,0.9969841528740981
0.3889999999999653,0.9969841528737917
0.3899999999999652,0.9969841528731114
0.3909999999999651,0.9969841528726733
0.391999999999965,0.9969841528720907
0.3929999999999649,0.9969841528718859
0.39399999999996477,0.9969841528714807
0.39499999999996466,0.9969841528714429
0.39599999999996455,0.9969841528717776
0.39699999999996444,0.9969841528723498
0.3979999999999643,0.9969841528729748
0.3989999999999642,0.9969841528732472
0.3999999999999641,0.996984152873823
0.400999999999964,0.9969841528743445
0.4019999999999639,0.9969841528744071
0.4029999999999638,0.9969841528744773
0.40399999999996367,0.9969841528749236
0.40499999999996356,0.9969841528751533
0.40599999999996345,0.9969841528750059
0.40699999999996334,0.9969841528741018
0.4079999999999632,0.9969841528733627
0.4089999999999631,0.9969841528726175
0.409999999999963,0.9969841528717293
0.4109999999999629,0.9969841528708027
0.4119999999999628,0.9969841528707255
0.4129999999999627,0.9969841528710084
0.41399999999996256,0.9969841528712476
0.41499999999996245,0.9969841528720272
0.41599999999996234,0.9969841528727603
0.41699999999996223,0.996984152873779
0.4179999999999621,0.9969841528744914
0.418999999999962,0.9969841528753914
0.4199999999999619,0.9969841528757503
0.4209999999999618,0.9969841528757292
0.4219999999999617,0.9969841528752991
0.4229999999999616,0.9969841528746327
0.42399999999996146,0.9969841528741457
0.42499999999996135,0.9969841528732292
0.42599999999996124,0.9969841528724023
0.42699999999996113,0.9969841528719122
0.427999999999961,0.9969841528714578
0.4289999999999609,0.9969841528707304
0.4299999999999608,0.9969841528703551
0.4309999999999607,0.9969841528705067
0.4319999999999606,0.9969841528715034
0.43299999999996047,0.9969841528724785
0.43399999999996036,0.9969841528735429
0.43499999999996025,0.9969841528747789
0.43599999999996014,0.9969841528760277
0.43699999999996003,0.9969841528763617
0.4379999999999599,0.9969841528762303
0.4389999999999598,0.9969841528760208
0.4399999999999597,0.9969841528751767
0.4409999999999596,0.9969841528742677
0.4419999999999595,0.9969841528730001
0.44299999999995937,0.9969841528720016
0.44399999999995926,0.996984152870829
0.44499999999995915,0.9969841528702965
0.44599999999995904,0.9969841528701519
0.44699999999995893,0.9969841528705129
0.4479999999999588,0.9969841528712123
0.4489999999999587,0.9969841528718303
0.4499999999999586,0.9969841528729416
0.4509999999999585,0.9969841528739377
0.4519999999999584,0.9969841528746624
0.45299999999995827,0.9969841528753223
0.45399999999995816,0.9969841528761907
0.45499999999995805,0.99698415287663
0.45599999999995794,0.9969841528764611
0.45699999999995783,0.9969841528754102
0.4579999999999577,0.9969841528742996
0.4589999999999576,0.9969841528730602
0.4599999999999575,0.9969841528716394
0.4609999999999574,0.996984152870227
0.4619999999999573,0.9969841528697649
0.46299999999995717,0.9969841528698262
0.46399999999995706,0.9969841528700296
0.46499999999995695,0.9969841528709178
0.46599999999995684,0.9969841528719291
0.4669999999999567,0.9969841528733306
0.4679999999999566,0.9969841528744788
0.4689999999999565,0.996984152875787
0.4699999999999564,0.996984152876403
0.4709999999999563,0.996984152876623
0.4719999999999562,0.9969841528762866
0.47299999999995607,0.9969841528755591
0.47399999999995596,0.9969841528748623
0.47499999999995585,0.9969841528736457
0.47599999999995574,0.9969841528725638
0.4769999999999556,0.996984152871722
0.4779999999999555,0.9969841528709654
0.4789999999999554,0.9969841528700409
0.4799999999999553,0.9969841528695865
0.4809999999999552,0.9969841528697791
0.4819999999999551,0.9969841528708604
0.48299999999995497,0.9969841528720439
0.48399999999995486,0.9969841528733706
0.48499999999995475,0.9969841528748766
0.48599999999995463,0.9969841528763572
0.4869999999999545,0.99698415287687
0.4879999999999544,0.9969841528768313
0.4889999999999543,0.9969841528766211
0.4899999999999542,0.9969841528757026
0.4909999999999541,0.9969841528746348
0.491999999999954,0.99698415287317
0.49299999999995386,0.9969841528719537
0.49399999999995375,0.9969841528705922
0.49499999999995364,0.9969841528699466
0.49599999999995353,0.996984152869704
0.4969999999999534,0.9969841528700406
0.4979999999999533,0.9969841528707909
0.4989999999999532,0.9969841528715339
0.4999999999999531,0.9969882076806462
0.500999999999953,0.9969751667285375
0.5019999999999529,0.9969675750107573
0.5029999999999528,0.9969691310829615
0.5039999999999527,0.9969689206481567
0.5049999999999526,0.9970225172487276
0.5059999999999525,0.9970222740305298
0.5069999999999524,0.9970380409179704
0.5079999999999523,0.9970410915718546
0.5089999999999522,0.997037474425062
0.509999999999952,0.9970574156206244
0.5109999999999519,0.9970558892007346
0.5119999999999518,0.9971063751666349
0.5129999999999517,0.9971053109680945
0.5139999999999516,0.9971298078521609
0.5149999999999515,0.9971309991890168
0.5159999999999514,0.9971323115709805
0.5169999999999513,0.9971289632210896
0.5179999999999512,0.9971557815145726
0.5189999999999511,0.997157680123974
0.519999999999951,0.9971540058028309
0.5209999999999508,0.9972070803112635
0.5219999999999507,0.9971550848919465
0.5229999999999506,0.9971145321797856
0.5239999999999505,0.9971096610962511
0.5249999999999504,0.997097266102209
0.5259999999999503,0.9971024747189163
0.5269999999999502,0.9971108465786324
0.5279999999999501,0.9970651984766715
0.52899999999995,0.9970655368363626
0.5299999999999498,0.9969598578480895
0.5309999999999497,0.9969619673486886
0.5319999999999496,0.9969290794611726
0.5329999999999495,0.9969429786577823
0.5339999999999494,0.9969443404878123
0.5349999999999493,0.9968950426122871
0.5359999999999492,0.9968911779434084
0.5369999999999491,0.9968406636042305
0.537999999999949,0.9967872372674115
0.5389999999999489,0.9967895698663215
0.5399999999999487,0.9968255547755841
0.5409999999999486,0.9968208944793058
0.5419999999999485,0.9968238030685593
0.5429999999999484,0.9968017189452621
0.5439999999999483,0.996804771459929
0.5449999999999482,0.9968094049988218
0.5459999999999481,0.9967561823323742
0.546999999999948,0.996808147051749
0.5479999999999479,0.9968484951299026
0.5489999999999478,0.9968530477253393
0.5499999999999476,0.9968651853961438
0.5509999999999475,0.9968597483785742
0.5519999999999474,0.9968511157100811
0.5529999999999473,0.996896509477647
0.5539999999999472,0.9968959245485017
0.5549999999999471,0.9970013788378373
0.555999999999947,0.9969990596255105
0.5569999999999469,0.9970317954695741
0.5579999999999468,0.9970177247667015
0.5589999999999467,0.9970161970692606
0.5599999999999465,0.9970653304734857
0.5609999999999464,0.9970690434366585
0.5619999999999463,0.9971193924480681
0.5629999999999462,0.9971726457041662
0.5639999999999461,0.9971701956009907
0.564999999999946,0.9971340553696526
0.5659999999999459,0.9971385446751935
0.5669999999999458,0.9971354620398296
0.5679999999999457,0.9971573671998847
0.5689999999999455,0.9971541461985816
0.5699999999999454,0.9971493921944504
0.5709999999999453,0.9972024408164774
0.5719999999999452,0.9971503529257696
0.5729999999999451,0.99710988827872
0.573999999999945,0.9971052159273819
0.5749999999999449,0.9970929740691695
0.5759999999999448,0.9970983300960646
0.5769999999999447,0.997106858335028
0.5779999999999446,0.9970613780854182
0.5789999999999444,0.9970618616849739
0.5799999999999443,0.9969563093552953
0.5809999999999442,0.9969585179159867
0.5819999999999441,0.9969256902827136
0.582999999999944,0.9969396469845684
0.5839999999999439,0.9969410524603532
0.5849999999999438,0.9968917876710826
0.5859999999999437,0.9968879538947727
0.5869999999999436,0.9968374742366697
0.5879999999999435,0.9967840927482293
0.5889999999999433,0.9967864668091114
0.5899999999999432,0.9968225188103943
0.5909999999999431,0.9968179379194391
0.591999999999943,0.9968209354101305
0.5929999999999429,0.9967989444945689
0.5939999999999428,0.9968020884903999
0.5949999999999427,0.9968067864186686
0.5959999999999426,0.9967536410893983
0.5969999999999425,0.9968056682153573
0.5979999999999424,0.9968460633937511
0.5989999999999422,0.9968506488180133
0.5999999999999421,0.9968628069607435
0.600999999999942,0.9968573793792241
0.6019999999999419,0.9968487544835212
0.6029999999999418,0.9968941555094396
0.6039999999999417,0.9968935826088758
0.6049999999999416,0.9969990553798187
0.6059999999999415,0.9969967646979953
0.6069999999999414,0.9970295281303202
0.6079999999999413,0.9970155027757757
0.6089999999999411,0.9970140268989792
0.609999999999941,0.9970632153124007
0.6109999999999409,0.9970669832447299
0.6119999999999408,0.9971173834206171
0.6129999999999407,0.9971706807799361
0.6139999999999406,0.997168258269002
0.6149999999999405,0.9971321469465603
0.6159999999999404,0.9971366553592949
0.6169999999999403,0.9971335838403543
0.6179999999999402,0.9971554941982057
0.61899999999994,0.9971522764396568
0.6199999999999399,0.997147524921275
0.6209999999999398,0.9972005787820278
0.6219999999999397,0.9971485020681544
0.6229999999999396,0.9971080550958881
0.6239999999999395,0.9971034070342059
0.6249999999999394,0.9970911956567641
0.6259999999999393,0.9970965774267306
0.6269999999999392,0.9971051428526414
0.627999999999939,0.9970597004225789
0.6289999999999389,0.9970602191284347
0.6299999999999388,0.9969546989915992
0.6309999999999387,0.9969569332704309
0.6319999999999386,0.9969241214180465
0.6329999999999385,0.9969380927492054
0.6339999999999384,0.996939507735615
0.6349999999999383,0.9968902491891192
0.6359999999999382,0.9968864193035768
0.6369999999999381,0.9968359435506501
0.637999999999938,0.9967825679297547
0.6389999999999378,0.9967849483900639
0.6399999999999377,0.9968210122646843
0.6409999999999376,0.9968164483177936
0.6419999999999375,0.9968194670472248
0.6429999999999374,0.9967975011885735
0.6439999999999373,0.9968006719838333
0.6449999999999372,0.9968053905189556
0.6459999999999371,0.9967522726144206
0.646999999999937,0.9968043239275239
0.6479999999999368,0.9968447398024546
0.6489999999999367,0.9968493420875606
0.6499999999999366,0.9968615128818067
0.6509999999999365,0.9968560925688378
0.6519999999999364,0.9968474742896781
0.6529999999999363,0.9968928797708373
0.6539999999999362,0.9968923116753294
0.6549999999999361,0.9969977892136426
0.655999999999936,0.9969955061324891
0.6569999999999359,0.9970282765057729
0.6579999999999357,0.9970142641375487
0.6589999999999356,0.9970128042515708
0.6599999999999355,0.9970620111768593
0.6609999999999354,0.9970657996580936
0.6619999999999353,0.9971162213868838
0.6629999999999352,0.9971695399210556
0.6639999999999351,0.9971671327486176
0.664999999999935,0.9971310405772068
0.6659999999999349,0.9971355648126495
0.6669999999999348,0.9971325062641682
0.6679999999999346,0.9971544262179829
0.6689999999999345,0.9971512161257723
0.6699999999999344,0.9971464691163326
0.6709999999999343,0.9971995275923675
0.6719999999999342,0.997147456509527
0.6729999999999341,0.9971070162354775
0.673999999999934,0.9971023766880737
0.6749999999999339,0.9970901762043632
0.6759999999999338,0.997095567533013
0.6769999999999337,0.9971041481376263
0.6779999999999335,0.9970587230385014
0.6789999999999334,0.9970592595688331
0.6799999999999333,0.9969537586414225
0.6809999999999332,0.9969560106202697
0.6819999999999331,0.9969232119454486
0.682999999999933,0.9969371980077739
0.6839999999999329,0.9969386256875056
0.6849999999999328,0.9968893779579866
0.6859999999999327,0.9968855564165224
0.6869999999999326,0.9968350873416989
0.6879999999999324,0.9967817173987377
0.6889999999999323,0.9967841017033021
0.6899999999999322,0.9968201707731579
0.6909999999999321,0.9968156137327623
0.691999999999932,0.9968186409437086
0.6929999999999319,0.9967966859708889
0.6939999999999318,0.9967998693909167
0.6949999999999317,0.9968045986274849
0.6959999999999316,0.9967514968114065
0.6969999999999315,0.9968035639769375
0.6979999999999313,0.9968439955456176
0.6989999999999312,0.9968486128190708
0.6999999999999311,0.996860797009766
0.700999999999931,0.9968553858140038
0.7019999999999309,0.9968467774989161
0.7029999999999308,0.9968921904888332
0.7039999999999307,0.9968916289972669
0.7049999999999306,0.9969971110824405
0.7059999999999305,0.9969948329673266
0.7069999999999304,0.9970276065215322
0.7079999999999302,0.997013600068966
0.7089999999999301,0.997012147333717
0.70999999999993,0.9970613629253203
0.7109999999999299,0.9970651620143178
0.7119999999999298,0.9971155960842363
0.7129999999999297,0.9971689281546139
0.7139999999999296,0.9971665319091872
0.7149999999999295,0.9971304549329288
0.7159999999999294,0.9971349931494323
0.7169999999999292,0.9971319476272922
0.7179999999999291,0.997153878467793
0.718999999999929,0.9971506777511913
0.7199999999999289,0.9971459364566657
0.7209999999999288,0.9971990004339779
0.7219999999999287,0.9971469345419846
0.7229999999999286,0.9971064988162005
0.7239999999999285,0.9971018639038711
0.7249999999999284,0.9970896688492792
0.7259999999999283,0.9970950648283577
0.7269999999999281,0.9971036533223955
0.727999999999928,0.9970582381722659
0.7289999999999279,0.9970587856376997
0.7299999999999278,0.9969532979279607
0.7309999999999277,0.9969555629376027
0.7319999999999276,0.9969227749477237
0.7329999999999275,0.9969367737227615
0.7339999999999274,0.9969382133523726
0.7349999999999273,0.9968889765297588
0.7359999999999272,0.9968851638851479
0.736999999999927,0.9968347020448578
0.7379999999999269,0.9967813377798366
0.7389999999999268,0.9967837253169795
0.7399999999999267,0.9968197977994312
0.7409999999999266,0.9968152447137452
0.7419999999999265,0.9968182762939058
0.7429999999999264,0.9967963271956317
0.7439999999999263,0.9967995177377849
0.7449999999999262,0.9968042534109
0.7459999999999261,0.9967511621500617
0.746999999999926,0.9968032402234515
0.7479999999999258,0.9968436834187968
0.7489999999999257,0.996848312602135
0.7499999999999256,0.9968605081078926
0.7509999999999255,0.9968551050885501
0.7519999999999254,0.9968465062045392
0.7529999999999253,0.9968919265271343
0.7539999999999252,0.9968913714748582
0.7549999999999251,0.9969968576739501
0.755999999999925,0.9969945835825713
0.7569999999999248,0.9970273591131074
0.7579999999999247,0.9970133562087325
0.7589999999999246,0.9970119074517387
0.7599999999999245,0.997061127834888
0.7609999999999244,0.9970649332012232
0.7619999999999243,0.9971153749950358
0.7629999999999242,0.9971687160993297
0.7639999999999241,0.9971663276319596
0.764999999999924,0.9971302621103951
0.7659999999999239,0.9971348112620952
0.7669999999999237,0.9971317765037451
0.7679999999999236,0.9971537167047353
0.7689999999999235,0.9971505243477062
0.7699999999999234,0.997145788291168
0.7709999999999233,0.9971988572877981
0.7719999999999232,0.9971467960323926
0.7729999999999231,0.9971063639562107
0.773999999999923,0.9971017322628106
0.7749999999999229,0.9970895406100665
0.7759999999999228,0.9970949393047738
0.7769999999999226,0.9971035325175979
0.7779999999999225,0.9970581237387949
0.7789999999999224,0.997058678341725
0.7799999999999223,0.9969531999714588
0.7809999999999222,0.9969554743080844
0.7819999999999221,0.9969226944465978
0.782999999999922,0.9969367030128752
0.7839999999999219,0.9969381522458811
0.7849999999999218,0.9968889245234661
0.7859999999999217,0.996885119491718
0.7869999999999215,0.9968346640461921
0.7879999999999214,0.9967813048063661
0.7889999999999213,0.9967836950693357
0.7899999999999212,0.9968197701378537
0.7909999999999211,0.9968152198419619
0.791999999999921,0.996818254146942
0.7929999999999209,0.9967963087434836
0.7939999999999208,0.9967995037566176
0.7949999999999207,0.9968042435824819
0.7959999999999205,0.9967511595499957
0.7969999999999204,0.9968032450863223
0.7979999999999203,0.9968436965584113
0.7989999999999202,0.9968483345526911
0.7999999999999201,0.9968605386567454
0.80099999999992,0.9968551420931269
0.8019999999999199,0.9968465508660581
0.8029999999999198,0.9968919771905254
0.8039999999999197,0.9968914275722555
0.8049999999999196,0.9969969171098809
0.8059999999999194,0.9969946463533628
0.8069999999999193,0.9970274232885344
0.8079999999999192,0.9970134229104232
0.8089999999999191,0.9970119767445775
0.809999999999919,0.9970612000784428
0.8109999999999189,0.9970650094615789
0.8119999999999188,0.9971154562626444
0.8129999999999187,0.9971688034238219
0.8139999999999186,0.9971664204171019
0.8149999999999185,0.9971303632546649
0.8159999999999183,0.997134920436107
0.8169999999999182,0.9971318938643727
0.8179999999999181,0.9971538412919647
0.818999999999918,0.99715065557629
0.8199999999999179,0.9971459237770073
0.8209999999999178,0.9971989968189857
0.8219999999999177,0.9971469394835406
0.8229999999999176,0.997106510415108
0.8239999999999175,0.9971018812049245
0.8249999999999174,0.9970896919972748
0.8259999999999172,0.9970950924763091
0.8269999999999171,0.997103688759878
0.827999999999917,0.9970582843225086
0.8289999999999169,0.9970588436954808
0.8299999999999168,0.9969533720016743
0.8309999999999167,0.9969556528577834
0.8319999999999166,0.996922878992162
0.8329999999999165,0.9969368946837877
0.8339999999999164,0.9969383511194796
0.8349999999999163,0.996889130438733
0.8359999999999161,0.9968853313735445
0.836999999999916,0.9968348811242201
0.8379999999999159,0.9967815260391159
0.8389999999999158,0.9967839185097735
0.8399999999999157,0.9968199955609426
0.8409999999999156,0.9968154474006268
0.8419999999999155,0.9968184835834923
0.8429999999999154,0.996796540712791
0.8439999999999153,0.9967997386838146
0.8449999999999152,0.9968044812649356
0.845999999999915,0.9967514022798151
0.8469999999999149,0.9968034928348033
0.8479999999999148,0.9968439500205397
0.8489999999999147,0.9968485942744416
0.8499999999999146,0.9968608045662116
0.8509999999999145,0.9968554128157449
0.8519999999999144,0.9968468274024577
0.8529999999999143,0.9968922582452535
0.8539999999999142,0.9968917129034672
0.854999999999914,0.996997204920485
0.8559999999999139,0.9969949368540437
0.8569999999999138,0.9970277147820583
0.8579999999999137,0.9970137163066309
0.8589999999999136,0.9970122719425577
0.8599999999999135,0.9970614971538595
0.8609999999999134,0.9970653091734523
0.8619999999999133,0.9971157592129097
0.8629999999999132,0.9971691103725228
0.8639999999999131,0.9971667311411638
0.864999999999913,0.9971306799723362
0.8659999999999128,0.9971352428391524
0.8669999999999127,0.9971322222453809
0.8679999999999126,0.9971541749572093
0.8689999999999125,0.9971509942338481
0.8699999999999124,0.9971462656964628
0.8709999999999123,0.997199341755959
0.8719999999999122,0.997147287591273
0.8729999999999121,0.9971068609453145
0.873999999999912,0.9971022336664375
0.8749999999999118,0.9970900462813314
0.8759999999999117,0.9970954479673982
0.8769999999999116,0.9971040462897922
0.8779999999999115,0.9970586448793023
0.8789999999999114,0.997059207422522
0.8799999999999113,0.9969537405269678
0.8809999999999112,0.9969560258359041
0.8819999999999111,0.9969232563310548
0.882999999999911,0.9969372770295943
0.8839999999999109,0.9969387386725809
0.8849999999999107,0.9968895232525624
0.8859999999999106,0.996885728658091
0.8869999999999105,0.99683528245294
0.8879999999999104,0.9967819306564939
0.8889999999999103,0.996784324826885
0.8899999999999102,0.9968204033117791
0.8909999999999101,0.9968158567708384
0.89199999999991,0.9968188942437768
0.8929999999999099,0.9967969531337654
0.8939999999999098,0.9968001530536041
0.8949999999999096,0.9968048974419415
0.8959999999999095,0.9967518219890181
0.8969999999999094,0.9968039158114683
0.8979999999999093,0.9968443768161946
0.8989999999999092,0.9968490253842042
0.8999999999999091,0.9968612399677548
0.900999999999909,0.9968558516938448
0.9019999999999089,0.9968472705340721
0.9029999999999088,0.9968927045888427
0.9039999999999087,0.9968921624656035
0.9049999999999085,0.9969976561511775
0.9059999999999084,0.9969953901595608
0.9069999999999083,0.9970281687095452
0.9079999999999082,0.9970141716298278
0.9089999999999081,0.997012728487188
0.909999999999908,0.997061954819315
0.9109999999999079,0.9970657685165245
0.9119999999999078,0.9971162205554778
0.9129999999999077,0.9971695742476959
0.9139999999999076,0.9971671975701942
0.9149999999999074,0.997131150645553
0.9159999999999073,0.9971357174244662
0.9169999999999072,0.9971327010878291
0.9179999999999071,0.9971546575232002
0.918999999999907,0.9971514804256079
0.9199999999999069,0.9971467542925703
0.9209999999999068,0.9971998324479248
0.9219999999999067,0.9971477807514358
0.9229999999999066,0.9971073559730641
0.9239999999999065,0.9971027301293773
0.9249999999999063,0.9970905440540805
0.9259999999999062,0.997095946507611
0.9269999999999061,0.9971045461195832
0.927999999999906,0.9970591467971851
0.9289999999999059,0.9970597113680169
0.9299999999999058,0.996954247920331
0.9309999999999057,0.9969565361766151
0.9319999999999056,0.9969237698208598
0.9329999999999055,0.9969377939332642
0.9339999999999054,0.9969392592458064
0.9349999999999052,0.9968900476834867
0.9359999999999051,0.9968862563399522
0.936999999999905,0.9968358131976913
0.9379999999999049,0.9967824639169292
0.9389999999999048,0.9967848593177393
0.9399999999999047,0.9968209387211897
0.9409999999999046,0.9968163933302389
0.9419999999999045,0.9968194316031027
0.9429999999999044,0.9967974916566251
0.9439999999999042,0.9968006927756934
0.9449999999999041,0.996805438281907
0.945999999999904,0.9967523652673288
0.9469999999999039,0.9968044610889755
0.9479999999999038,0.9968449245294501
0.9489999999999037,0.9968495759741905
0.9499999999999036,0.9968617934283687
0.9509999999999035,0.996856407607898
0.9519999999999034,0.9968478294760569
0.9529999999999033,0.9968932656848898
0.9539999999999031,0.9968927258925132
0.954999999999903,0.9969982205351875
0.9559999999999029,0.9969959560529481
0.9569999999999028,0.9970287348777905
0.9579999999999027,0.9970147387355665
0.9589999999999026,0.9970132963258509
0.9599999999999025,0.9970625231815433
0.9609999999999024,0.997066337834503
0.9619999999999023,0.9971167909633525
0.9629999999999022,0.9971701461213078
0.963999999999902,0.9971677711098685
0.9649999999999019,0.9971317271515389
0.9659999999999018,0.9971362965364616
0.9669999999999017,0.9971332831684409
0.9679999999999016,0.9971552421347335
0.9689999999999015,0.9971520675940398
0.9699999999999014,0.9971473431730042
0.9709999999999013,0.9972004226516226
0.9719999999999012,0.9971483728048482
0.972999999999901,0.9971079493854653
0.973999999999901,0.9971033245192622
0.9749999999999008,0.9970911392985281
0.9759999999999007,0.9970965421515386
0.9769999999999006,0.9971051424633103
0.9779999999999005,0.9970597445190438
0.9789999999999004,0.9970603102730581
0.9799999999999003,0.9969548492884431
0.9809999999999002,0.9969571393969031
0.9819999999999001,0.996924375304002
0.9829999999999,0.9969384016578958
0.9839999999998998,0.9969398694921211
0.9849999999998997,0.9968906607231633
0.9859999999998996,0.9968868716797461
0.9869999999998995,0.996836430806434
0.9879999999998994,0.9967830833884551
0.9889999999998993,0.996785479606466
0.9899999999998992,0.9968215594589493
0.9909999999998991,0.9968170147869675
0.991999999999899,0.9968200534280077
0.9929999999998989,0.9967981141518452
0.9939999999998987,0.9968013158824147
0.9949999999998986,0.9968060619851586
0.9959999999998985,0.9967529905995309
0.9969999999998984,0.9968050874936205
0.9979999999998983,0.9968455523624241
0.9989999999998982,0.9968502056347907
0.9999999999998981,0.9968624249128722
1.0009999999999002,0.9968570406857598
1.0019999999999023,0.9968484641464453
1.0029999999999044,0.996893900541422
1.0039999999999065,0.9968933607598024
1.0049999999999086,0.9969988542168114
1.0059999999999107,0.9969965898812722
1.0069999999999129,0.9970293688177132
1.007999999999915,0.997015374960598
1.008999999999917,0.9970139367150416
1.0099999999999192,0.9970631697550294
1.0109999999999213,0.9970669931053219
1.0119999999999234,0.9971174567864903
1.0129999999999255,0.9971708240704746
1.0139999999999276,0.9971684591583322
1.0149999999999297,0.9971324294793074
1.0159999999999318,0.9971370123984538
1.016999999999934,0.9971340122251132
1.017999999999936,0.9971559832613593
1.0189999999999382,0.9971528205613723
1.0199999999999403,0.997148104933319
1.0209999999999424,0.9972011954240672
1.0219999999999445,0.9971491574895763
1.0229999999999466,0.9971087458704462
1.0239999999999487,0.9971041328191931
1.0249999999999508,0.9970919597567036
1.025999999999953,0.9970973716758813
1.026999999999955,0.9971059843852877
1.0279999999999572,0.997060599812728
1.0289999999999593,0.9970611789780538
1.0299999999999614,0.996955732891969
1.0309999999999635,0.9969580374426923
1.0319999999999656,0.9969252852273128
1.0329999999999677,0.99693932667114
1.0339999999999698,0.9969408102647267
1.034999999999972,0.9968916172857226
1.035999999999974,0.9968878439150043
1.0369999999999762,0.9968374187668344
1.0379999999999783,0.9967840868523711
1.0389999999999804,0.9967864941567222
1.0399999999999825,0.9968225880224092
1.0409999999999846,0.9968180576171739
1.0419999999999867,0.9968211096998918
1.0429999999999888,0.9967991840949985
1.043999999999991,0.9968023991888926
1.044999999999993,0.9968071550879737
1.0459999999999952,0.9967540972460127
1.0469999999999973,0.9968062065401324
1.0479999999999994,0.9968466835842892
1.0490000000000015,0.9968513489661474
1.0500000000000036,0.9968635791133516
1.0510000000000057,0.9968582033438877
1.0520000000000078,0.9968496378992738
1.05300000000001,0.9968950845804859
1.054000000000012,0.9968438159699338
1.0550000000000141,0.9969493227764565
1.0560000000000163,0.9969470656843133
1.0570000000000184,0.9969798494589978
1.0580000000000205,0.9969658582913119
1.0590000000000226,0.9969644197001712
1.0600000000000247,0.9969912695304396
1.0610000000000268,0.9969950883549545
1.062000000000029,0.9970455491577455
1.063000000000031,0.9970989125772598
1.0640000000000331,0.9970965418257612
1.0650000000000353,0.9970605033383186
1.0660000000000374,0.9970841535531111
1.0670000000000395,0.9970811503402479
1.0680000000000416,0.9971031209493475
1.0690000000000437,0.9970999580066945
1.0700000000000458,0.9971459693683699
1.071000000000048,0.9971990617397415
1.07200000000005,0.9971963929041822
1.0730000000000521,0.9971559881297504
1.0740000000000542,0.9971513805462134
1.0750000000000564,0.9971392152811087
1.0760000000000585,0.9971446314298532
1.0770000000000606,0.9971756296524054
1.0780000000000627,0.9971302536810789
1.0790000000000648,0.9971815587879231
1.080000000000067,0.9970761290072324
1.081000000000069,0.9970784333122947
1.0820000000000711,0.9970456841427718
1.0830000000000732,0.9970406435010855
1.0840000000000753,0.9970421164345721
1.0850000000000775,0.997015294920092
1.0860000000000796,0.9970114975869739
1.0870000000000817,0.9969610462248851
1.0880000000000838,0.9969076800521751
1.089000000000086,0.9968606703226695
1.090000000000088,0.9968967020654356
1.0910000000000901,0.9968730301457356
1.0920000000000922,0.996876001131606
1.0930000000000943,0.9968539855305244
1.0940000000000965,0.9968570987518378
1.0950000000000986,0.9968110327807225
1.0960000000001007,0.9967578552505559
1.0970000000001028,0.9967604484020923
1.098000000000105,0.9968007859432334
1.099000000000107,0.9968053016377076
1.1000000000001091,0.9968173716650731
1.1010000000001112,0.9968118719113638
1.1020000000001133,0.9967807451106088
1.1030000000001154,0.9968260175318308
1.1040000000001176,0.9967745629336998
1.1050000000001197,0.9968798888443517
1.1060000000001218,0.9968774417837701
1.1070000000001239,0.9969100829476194
1.108000000000126,0.9969149721443754
1.109000000000128,0.9969133401795919
1.1100000000001302,0.9969400012206623
1.1110000000001323,0.996943631181837
1.1120000000001344,0.996993908810536
1.1130000000001365,0.9970470926293568
1.1140000000001387,0.9970939586628054
1.1150000000001408,0.9970577478300786
1.1160000000001429,0.9970812282263252
1.117000000000145,0.9970780632476882
1.118000000000147,0.997099876808856
1.1190000000001492,0.9970965610971687
1.1200000000001513,0.9971424613227432
1.1210000000001534,0.9971954088939322
1.1220000000001555,0.9971925996713087
1.1230000000001576,0.9971520599080621
1.1240000000001598,0.9971473199524625
1.1250000000001619,0.997135028152432
1.126000000000164,0.997140349266945
1.127000000000166,0.9971712239803386
1.1280000000001682,0.9971257256590684
1.1290000000001703,0.9971769104920516
1.1300000000001724,0.9970713631561102
1.1310000000001745,0.9970735496586536
1.1320000000001766,0.9970407143483673
1.1330000000001788,0.9970355568176805
1.1340000000001809,0.997036914544062
1.135000000000183,0.9970099753321694
1.136000000000185,0.9970060608022951
1.1370000000001872,0.9969554914193889
1.1380000000001893,0.9969020068183753
1.1390000000001914,0.996854908371774
1.1400000000001935,0.9968908179743544
1.1410000000001956,0.9968670254710595
1.1420000000001977,0.9968698718531437
1.1430000000001999,0.9968477309814742
1.144000000000202,0.9968507186873694
1.145000000000204,0.9968045574614323
1.1460000000002062,0.9967512532588906
1.1470000000002083,0.9967537190945877
1.1480000000002104,0.9967939266094434
1.1490000000002125,0.9967983123342713
1.1500000000002146,0.9968102485375033
1.1510000000002167,0.996804650204225
1.1520000000002188,0.9967733900569551
1.153000000000221,0.9968185292383535
1.154000000000223,0.9967669401356104
1.1550000000002252,0.9968721288890717
1.1560000000002273,0.9968695449628476
1.1570000000002294,0.9969020813609492
1.1580000000002315,0.9969068320207735
1.1590000000002336,0.9969050592449664
1.1600000000002357,0.9969315811375246
1.1610000000002378,0.9969350699705827
1.16200000000024,0.9969852062896015
1.163000000000242,0.9970382478003493
1.1640000000002442,0.9970850057300421
1.1650000000002463,0.9970486538575642
1.1660000000002484,0.9970719899802387
1.1670000000002505,0.997068683316217
1.1680000000002526,0.9970903543790683
1.1690000000002547,0.9970868946753054
1.1700000000002568,0.9971326868934709
1.171000000000259,0.997185489233397
1.172000000000261,0.9971825343003871
1.1730000000002632,0.9971418498905676
1.1740000000002653,0.9971369637403561
1.1750000000002674,0.9971245282223663
1.1760000000002695,0.9971297391121936
1.1770000000002716,0.997160467924432
1.1780000000002737,0.9971148222908204
1.1790000000002758,0.9971658601432318
1.180000000000278,0.9970601672077145
1.18100000000028,0.9970622069222926
1.1820000000002822,0.9970292633993276
1.1830000000002843,0.9970239592741923
1.1840000000002864,0.997025172056193
1.1850000000002885,0.9969980856829739
1.1860000000002906,0.9969940250964784
1.1870000000002927,0.9969433095988736
1.1880000000002948,0.9968896793033236
1.189000000000297,0.9968424723249739
1.190000000000299,0.996878234359193
1.1910000000003012,0.9968542969150981
1.1920000000003033,0.9968569958673513
1.1930000000003054,0.9968347080172968
1.1940000000003075,0.9968375498508663
1.1950000000003096,0.9967912790359637
1.1960000000003117,0.9967378302194404
1.1970000000003138,0.9967401521570809
1.198000000000316,0.9967802145379266
1.199000000000318,0.9967844565395115
1.2000000000003201,0.9967962468805042
1.2010000000003223,0.996790541734833
1.2020000000003244,0.9967591384503957
1.2030000000003265,0.9968041359380106
1.2040000000003286,0.9967524053659548
1.2050000000003307,0.9968574513611481
1.2060000000003328,0.9968547262634492
1.207000000000335,0.9968871557134329
1.208000000000337,0.9968917658100644
1.2090000000003391,0.9968898517983156
1.2100000000003412,0.9969162348964008
1.2110000000003434,0.9969195843132587
1.2120000000003455,0.9969695820930167
1.2130000000003476,0.9970224853459456
1.2140000000003497,0.9970691390703075
1.2150000000003518,0.9970326519601486
1.216000000000354,0.9970558511922114
1.217000000000356,0.9970524105552269
1.2180000000003581,0.9970739480433665
1.2190000000003602,0.9970703544903987
1.2200000000003624,0.9971160467956042
1.2210000000003645,0.9971687157584712
1.2220000000003666,0.9971656280418857
1.2230000000003687,0.997124812587994
1.2240000000003708,0.9971197949788562
1.225000000000373,0.9971072305720111
1.226000000000375,0.9971123434259418
1.2270000000003771,0.9971429431300918
1.2280000000003792,0.9970971682302147
1.2290000000003813,0.9971480776340512
1.2300000000003835,0.9970422583902215
1.2310000000003856,0.9970441714698914
1.2320000000003877,0.9970111349672411
1.2330000000003898,0.9970057057239133
1.234000000000392,0.997006795184391
1.235000000000394,0.9969795848527094
1.2360000000003961,0.9969754017454588
1.2370000000003982,0.9969245645274291
1.2380000000004003,0.9968708133665612
1.2390000000004024,0.9968235167104467
1.2400000000004046,0.9968591575028011
1.2410000000004067,0.9968351011985223
1.2420000000004088,0.996837680546635
1.2430000000004109,0.9968152739487331
1.244000000000413,0.9968179983377009
1.245000000000415,0.9967716399002879
1.2460000000004172,0.9967180758492046
1.2470000000004193,0.9967202835817333
1.2480000000004214,0.9967602315098354
1.2490000000004235,0.9967643606367127
1.2500000000004257,0.9967760376803149
1.2510000000004278,0.9967702496065328
1.2520000000004299,0.9967387358325916
1.253000000000432,0.9967836240169613
1.254000000000434,0.9967317852989548
1.2550000000004362,0.9968367224030669
1.2560000000004383,0.9968338902782155
1.2570000000004404,0.9968662391294981
1.2580000000004425,0.9968707435037426
1.2590000000004447,0.9968687242361215
1.2600000000004468,0.9968950036636733
1.2610000000004489,0.9968982497830049
1.262000000000451,0.9969481452206232
1.263000000000453,0.9970009470910469
1.2640000000004552,0.9970475248484753
1.2650000000004573,0.9970109394681762
1.2660000000004594,0.9970340403107201
1.2670000000004615,0.9970305030558891
1.2680000000004636,0.9970519448426597
1.2690000000004658,0.9970482562464765
1.2700000000004679,0.99709387761153
1.27100000000047,0.997146452523945
1.272000000000472,0.9971432718970046
1.2730000000004742,0.9971023650153099
1.2740000000004763,0.9970972563963095
1.2750000000004784,0.9970846022568101
1.2760000000004805,0.9970896477566024
1.2770000000004826,0.9971201589347326
1.2780000000004847,0.9970742966389152
1.2790000000004869,0.997125119115639
1.280000000000489,0.9970192152994773
1.281000000000491,0.9970210439572768
1.2820000000004932,0.9969879456300077
1.2830000000004953,0.9969824340034165
1.2840000000004974,0.9969834421739695
1.2850000000004995,0.9969561517421575
1.2860000000005016,0.9969518894994467
1.2870000000005037,0.9969009744932898
1.2880000000005059,0.9968471462492232
1.289000000000508,0.9967997925617983
1.29000000000051,0.9968353569714109
1.2910000000005122,0.9968112254267311
1.2920000000005143,0.996813730797605
1.2930000000005164,0.9967912511038008
1.2940000000005185,0.9967939032091091
1.2950000000005206,0.9967474916029478
1.2960000000005227,0.9966938578037389
1.2970000000005248,0.9966959966465199
1.298000000000527,0.9967358763824077
1.299000000000529,0.9967399384803304
1.3000000000005312,0.9967515501487274
1.3010000000005333,0.9967457137778538
1.3020000000005354,0.9967141365266485
1.3030000000005375,0.9967589613300649
1.3040000000005396,0.9967070612717216
1.3050000000005417,0.9968119365622105
1.3060000000005438,0.9968090443545106
1.307000000000546,0.9968413485780476
1.308000000000548,0.996845794289771
1.3090000000005502,0.99684371796724
1.3100000000005523,0.9968699401632892
1.3110000000005544,0.9968731304527165
1.3120000000005565,0.996922970666187
1.3130000000005586,0.9969757188038421
1.3140000000005607,0.9970222568738258
1.3150000000005628,0.9969856201961269
1.316000000000565,0.997008671385232
1.317000000000567,0.9970050842528448
1.3180000000005692,0.9970264773165022
1.3190000000005713,0.9970227415980971
1.3200000000005734,0.9970683275076504
1.3210000000005755,0.9971208563027322
1.3220000000005776,0.9971176310700451
1.3230000000005797,0.9970766802889747
1.3240000000005818,0.9970715289769637
1.325000000000584,0.9970588312641947
1.326000000000586,0.997063845641086
1.3270000000005882,0.9970943157646662
1.3280000000005903,0.9970484150063642
1.3290000000005924,0.9970991986519029
1.3300000000005945,0.9969932582967571
1.3310000000005966,0.9969950508763606
1.3320000000005987,0.9969619261011049
1.3330000000006008,0.9969563805578093
1.334000000000603,0.9969573546803708
1.335000000000605,0.9969300334983342
1.3360000000006071,0.9969257404824976
1.3370000000006093,0.9968747964649182
1.3380000000006114,0.9968209394017936
1.3390000000006135,0.996773564421143
1.3400000000006156,0.9968091016132888
1.3410000000006177,0.9967849420805177
1.3420000000006198,0.9967874229930295
1.343000000000622,0.9967649195212722
1.344000000000624,0.9967675477051429
1.3450000000006261,0.9967211197684083
1.3460000000006282,0.9966674645382287
1.3470000000006304,0.996669582323865
1.3480000000006325,0.9967094426503538
1.3490000000006346,0.9967134856824296
1.3500000000006367,0.9967250823206426
1.3510000000006388,0.9967192335531558
1.352000000000641,0.9966876415815709
1.353000000000643,0.9967324500852518
1.3540000000006451,0.9966805366435219
1.3550000000006472,0.9967853981628721
1.3560000000006494,0.9967824934998301
1.3570000000006515,0.9968147896215053
1.3580000000006536,0.9968192240191596
1.3590000000006557,0.9968171391624637
1.3600000000006578,0.9968433502263433
1.36100000000066,0.9968465318475249
1.362000000000662,0.996896363347427
1.3630000000006641,0.9969491047081316
1.3640000000006662,0.9969956388190194
1.3650000000006683,0.9969589965639483
1.3660000000006705,0.9969820457742384
1.3670000000006726,0.9969784538104254
1.3680000000006747,0.9969998432433639
1.3690000000006768,0.99699610645049
1.370000000000679,0.9970416907445405
1.371000000000681,0.997094219125174
1.3720000000006831,0.9970909952525163
1.3730000000006852,0.9970500453720607
1.3740000000006873,0.9970448969319743
1.3750000000006894,0.9970321984051513
1.3760000000006916,0.9970372155758749
1.3770000000006937,0.9970676886660922
1.3780000000006958,0.9970217950664099
1.379000000000698,0.9970725843049826
1.3800000000007,0.9969666515711455
1.381000000000702,0.9969684524322816
1.3820000000007042,0.9969353333259764
1.3830000000007063,0.9969297980706189
1.3840000000007084,0.9969307807396738
1.3850000000007106,0.9969034737491315
1.3860000000007127,0.9968991935334315
1.3870000000007148,0.9968482644217176
1.3880000000007169,0.9967944216738867
1.389000000000719,0.9967470570893997
1.390000000000721,0.9967826110089888
1.3910000000007232,0.9967584650087514
1.3920000000007253,0.9967609654943965
1.3930000000007274,0.9967384819124053
1.3940000000007295,0.9967411285438131
1.3950000000007317,0.9966947166233633
1.3960000000007338,0.9966410820523897
1.3970000000007359,0.9966432201693396
1.398000000000738,0.9966831034584183
1.39900000000074,0.9966871686765169
1.4000000000007422,0.9966987942064067
1.4010000000007443,0.9966929637137517
1.4020000000007464,0.9966613988711523
1.4030000000007485,0.9967062308225517
1.4040000000007506,0.9966543446561688
1.4050000000007528,0.9967592330272587
1.4060000000007549,0.9967563559294108
1.407000000000757,0.9967886748464996
1.408000000000759,0.9967931374260212
1.4090000000007612,0.9967910847931105
1.4100000000007633,0.996817322556796
1.4110000000007654,0.9968205344712798
1.4120000000007675,0.9968703953672804
1.4130000000007696,0.996923168496468
1.4140000000007718,0.9969697280692653
1.4150000000007739,0.9969331171665733
1.416000000000776,0.9969562035098823
1.417000000000778,0.9969526427001317
1.4180000000007802,0.9969740644440372
1.4190000000007823,0.996970363537026
1.4200000000007844,0.9970159730696566
1.4210000000007865,0.9970685374577657
1.4220000000007886,0.9970653516123889
1.4230000000007907,0.9970244378544164
1.4240000000007929,0.9970193283181216
1.425000000000795,0.9970066616966061
1.426000000000797,0.9970117083017813
1.4270000000007992,0.997042218433842
1.4280000000008013,0.996996367856255
1.4290000000008034,0.997047197107519
1.4300000000008055,0.9969413060478679
1.4310000000008076,0.9969431494199011
1.4320000000008097,0.9969100603133567
1.4330000000008118,0.9969045693091525
1.434000000000814,0.996905592604989
1.435000000000816,0.996878334539581
1.4360000000008182,0.9968741002249543
1.4370000000008203,0.9968232194940927
1.4380000000008224,0.9967694235834627
1.4390000000008245,0.9967220929926627
1.4400000000008266,0.9967576970448142
1.4410000000008287,0.9967335951653022
1.4420000000008308,0.9967361486565833
1.443000000000833,0.9967137179605273
1.444000000000835,0.9967164145064404
1.4450000000008372,0.9966700428365124
1.4460000000008393,0.9966164600612216
1.4470000000008414,0.9966186488330561
1.4480000000008435,0.9966585865170391
1.4490000000008456,0.996662704038696
1.4500000000008477,0.9966743916265215
1.4510000000008498,0.996668601686357
1.452000000000852,0.9966370947702368
1.453000000000854,0.9966819785600016
1.4540000000008562,0.9966301491057202
1.4550000000008583,0.9967350937063566
1.4560000000008604,0.9967322728676792
1.4570000000008625,0.9967646371305516
1.4580000000008646,0.9967691559995902
1.4590000000008667,0.9967671651603425
1.4600000000008688,0.996793455869357
1.461000000000871,0.9967967256163793
1.462000000000873,0.9968466425007987
1.4630000000008752,0.9968994745242434
1.4640000000008773,0.9969460804811141
1.4650000000008794,0.9969095262445152
1.4660000000008815,0.9969326775520063
1.4670000000008836,0.9969291721993877
1.4680000000008857,0.9969506505344002
1.4690000000008878,0.9969470109772051
1.47000000000089,0.9969926638759382
1.471000000000892,0.9970452891880401
1.4720000000008941,0.9970421666220555
1.4730000000008963,0.9970013126133944
1.4740000000008984,0.9969962665678828
1.4750000000009005,0.9969836527121252
1.4760000000009026,0.9969887468251364
1.4770000000009047,0.9970193164985003
1.4780000000009068,0.9969735335251655
1.479000000000909,0.99702442577932
1.480000000000911,0.9969185990148107
1.4810000000009131,0.9969205077759463
1.4820000000009153,0.9968874643608856
1.4830000000009174,0.9968820402870433
1.4840000000009195,0.9968831248258677
1.4850000000009216,0.9968559393748511
1.4860000000009237,0.9968517728486829
1.4870000000009258,0.9968009628937892
1.488000000000928,0.9967472351861008
1.48900000000093,0.9966999537481059
1.4900000000009321,0.9967356304345684
1.4910000000009342,0.9967115920503217
1.4920000000009364,0.9967142212162143
1.4930000000009385,0.9966918656589211
1.4940000000009406,0.9966946327020857
1.4950000000009427,0.9966483174834905
1.4960000000009448,0.9965948068696477
1.497000000000947,0.9965970658295659
1.498000000000949,0.9966370787766541
1.4990000000009511,0.9966412680473701
1.5000000000009532,0.9966530406762751
1.5010000000009553,0.9966473056476767
1.5020000000009575,0.9966158771238638
1.5030000000009596,0.996660830584925
1.5040000000009617,0.9966090769516919
1.5050000000009638,0.9967140969010779
1.506000000000966,0.9967113507592013
1.507000000000968,0.9967437754364347
1.5080000000009701,0.9967483685349005
1.5090000000009722,0.9967464591834466
1.5100000000009743,0.9967728188769714
1.5110000000009765,0.996776164047209
1.5120000000009786,0.9968261535476804
1.5130000000009807,0.9968790618073977
1.5140000000009828,0.9969257278569085
1.515000000000985,0.9968892457526655
1.516000000000987,0.9969124804337698
1.5170000000009891,0.9969090450858901
1.5180000000009912,0.9969305946307349
1.5190000000009933,0.9969270324768124
1.5200000000009954,0.9969727397538225
1.5210000000009976,0.9970254416154489
1.5220000000009997,0.9970223984532832
1.5230000000010018,0.9969816185817529
1.5240000000010039,0.996976651602246
1.525000000001006,0.9969641020068297
1.526000000001008,0.9969692550580834
1.5270000000010102,0.9969998978096153
1.5280000000010123,0.9969541984330506
1.5290000000010144,0.9970051680027588
1.5300000000010165,0.9968994195400457
1.5310000000010187,0.9969014080981747
1.5320000000010208,0.9968684196240924
1.5330000000010229,0.9968630768647605
1.534000000001025,0.9968642348479794
1.535000000001027,0.9968371377668852
1.5360000000010292,0.996833052868467
1.5370000000010313,0.9967823282237035
1.5380000000010334,0.9967286822062141
1.5390000000010355,0.9966814591382072
1.5400000000010376,0.9967172234273428
1.5410000000010398,0.9966932601268311
1.5420000000010419,0.9966959803366615
1.543000000001044,0.9966737149504514
1.544000000001046,0.9966765657603236
1.5450000000010482,0.9966303178686116
1.5460000000010503,0.9965768926592121
1.5470000000010524,0.9965792342419691
1.5480000000010545,0.9966193364894242
1.5490000000010566,0.9966236100647653
1.5500000000010588,0.9966354843413366
1.5510000000010609,0.9966298135489559
1.552000000001063,0.9965984774370326
1.553000000001065,0.9966435117668759
1.5540000000010672,0.9965918466897756
1.5550000000010693,0.9966969548389916
1.5560000000010714,0.9966942956037511
1.5570000000010735,0.996726791309594
1.5580000000010756,0.9967314704939974
1.5590000000010777,0.9967296565386777
1.5600000000010799,0.9967560951934107
1.561000000001082,0.9967595275960657
1.562000000001084,0.9968096005727713
1.5630000000010862,0.996862596834919
1.5640000000010883,0.9969093326415415
1.5650000000010904,0.9968729325503083
1.5660000000010925,0.9968962638402694
1.5670000000010946,0.9968929076070414
1.5680000000010967,0.9969145376389779
1.5690000000010988,0.996911063860362
1.570000000001101,0.996956832681366
1.571000000001103,0.9970096217812922
1.5720000000011052,0.9970066693740258
1.5730000000011073,0.9969659731774342
1.5740000000011094,0.9969610962127914
1.5750000000011115,0.9969486174561487
1.5760000000011136,0.9969538375409635
1.5770000000011157,0.9969845623652046
1.5780000000011178,0.996938958389588
1.57900000000112,0.9969900153357777
1.580000000001122,0.996884354997923
1.5810000000011242,0.9968864337134933
1.5820000000011263,0.9968535063252432
1.5830000000011284,0.9968482553878563
1.5840000000011305,0.9968494950595167
1.5850000000011326,0.9968224985575805
1.5860000000011347,0.996818505488708
1.5870000000011368,0.996767877210074
1.588000000001139,0.9967143228919038
1.589000000001141,0.9966671647816875
1.5900000000011432,0.9967030284605847
1.5910000000011453,0.9966791484578125
1.5920000000011474,0.9966819720854305
1.5930000000011495,0.9966598089925989
1.5940000000011516,0.9966627538531712
1.5950000000011537,0.9966165820535196
1.5960000000011558,0.9965632526598788
1.597000000001158,0.9965656864898775
1.59800000000116,0.9966058894779246
1.5990000000011622,0.9966102572723895
1.6000000000011643,0.9966222475508681
1.6010000000011664,0.9966166484305007
1.6020000000011685,0.9965854164508078
1.6030000000011706,0.996630540391924
1.6040000000011727,0.9965789743468986
1.6050000000011748,0.9966841813707957
1.606000000001177,0.9966816191022442
1.607000000001179,0.9967141949903147
1.6080000000011812,0.9967189700673977
1.6090000000011833,0.9967172635635487
1.6100000000011854,0.9967437891048974
1.6110000000011875,0.9967473187022385
1.6120000000011896,0.9967974841734608
1.6130000000011917,0.996850578485223
1.6140000000011938,0.9968973925179121
1.615000000001196,0.9968610825806983
1.616000000001198,0.996884522242013
1.6170000000012001,0.9968812525969948
1.6180000000012023,0.996902970794768
1.6190000000012044,0.9968995949391652
1.6200000000012065,0.996945431374492
1.6210000000012086,0.9969983170539848
1.6220000000012107,0.996995465499034
1.6230000000012128,0.9969548612013912
1.624000000001215,0.9969500840217834
1.625000000001217,0.9969376813168442
1.6260000000012191,0.9969429757249373
1.6270000000012212,0.9969737904521463
1.6280000000012234,0.9969282927355245
1.6290000000012255,0.9969794461183117
1.6300000000012276,0.9968738827550201
1.6310000000012297,0.996876061080672
1.6320000000012318,0.9968432001941993
1.633000000001234,0.9968380507527065
1.634000000001236,0.9968393794751103
1.6350000000012381,0.996812495092113
1.6360000000012402,0.9968086033111538
1.6370000000012424,0.9967580817811871
1.6380000000012445,0.9967046284861495
1.6390000000012466,0.9966575413871458
1.6400000000012487,0.9966935156889614
1.6410000000012508,0.9966697265356246
1.642000000001253,0.9966726654418748
1.643000000001255,0.9966506162994933
1.6440000000012571,0.9966536649647892
1.6450000000012592,0.9966075776752771
1.6460000000012613,0.996554354022997
1.6470000000012635,0.9965568892292955
1.6480000000012656,0.996597203985511
1.6490000000012677,0.9966016754597087
1.6500000000012698,0.996613795785608
1.651000000001272,0.9966082754323752
1.652000000001274,0.9965771589533461
1.6530000000012761,0.9966223807919067
1.6540000000012782,0.9965709238647049
1.6550000000012803,0.996676240059032
1.6560000000012824,0.9966737844319277
1.6570000000012846,0.9967064494046893
1.6580000000012867,0.9967113297966548
1.6590000000012888,0.9967097424443868
1.6600000000012909,0.9967363623606466
1.661000000001293,0.9967399987360775
1.662000000001295,0.9967902653222525
1.6630000000012972,0.996843467343236
1.6640000000012993,0.996890367792905
1.6650000000013014,0.9968541557150183
1.6660000000013035,0.9968777151113813
1.6670000000013057,0.9968745391028804
1.6680000000013078,0.9968963526753454
1.6690000000013099,0.9968930838506882
1.670000000001312,0.9969389936213164
1.671000000001314,0.9969919847538287
1.6720000000013162,0.9969892436741726
1.6730000000013183,0.9969487389880748
1.6740000000013204,0.9969440708509356
1.6750000000013225,0.99693174886215
1.6760000000013247,0.9969371244921411
1.6770000000013268,0.9969680363639098
1.6780000000013289,0.9969226551925889
1.679000000001331,0.996973913463781
1.680000000001333,0.9968684552901511
1.6810000000013352,0.9968707420141723
1.6820000000013373,0.996837952537657
1.6830000000013394,0.9968329135519562
1.6840000000013415,0.9968343379773679
1.6850000000013436,0.996807576486164
1.6860000000013458,0.9968037946450284
1.6870000000013479,0.9967533893998878
1.68800000000135,0.9967000455847784
1.689000000001352,0.996653034884196
1.6900000000013542,0.9966891301019495
1.6910000000013563,0.9966654384240907
1.6920000000013584,0.9966685034085262
1.6930000000013605,0.9966465788139418
1.6940000000013626,0.9966497399442225
1.6950000000013647,0.9966037447168554
1.6960000000013669,0.9965506355649658
1.697000000001369,0.9965532800800027
1.698000000001371,0.99659371636028
1.6990000000013732,0.9965982996806411
1.7000000000013753,0.9966105626542364
1.7010000000013774,0.9966051271061631
1.7020000000013795,0.996574136043219
1.7030000000013816,0.9966194626049937
1.7040000000013837,0.9965681233359374
1.7050000000013859,0.9966735573949953
1.706000000001388,0.996671216449951
1.70700000000139,0.9967039781006294
1.7080000000013922,0.9967089715098844
1.7090000000013943,0.9967075131437341
1.7100000000013964,0.9967342331401124
1.7110000000013985,0.9967379839871781
1.7120000000014006,0.9967883583948869
1.7130000000014027,0.9968416757739609
1.7140000000014048,0.9968886692494308
1.715000000001407,0.9968525606831548
1.716000000001409,0.9968762489177811
1.7170000000014112,0.9968731714818593
1.7180000000014133,0.9968950854206929
1.7190000000014154,0.9968919303959191
1.7200000000014175,0.9969379174740046
1.7210000000014196,0.9969910204908161
1.7220000000014217,0.9969883969743364
1.7230000000014238,0.9969479970895
1.724000000001426,0.9969434445985668
1.725000000001428,0.996931205494358
1.7260000000014302,0.9969366671839393
1.7270000000014323,0.9969676806909198
1.7280000000014344,0.9969224234098596
1.7290000000014365,0.9969737920935436
1.7300000000014386,0.9968684443392758
1.7310000000014407,0.9968708451604005
1.7320000000014428,0.9968381297364579
1.733000000001445,0.9968332069428576
1.734000000001447,0.9968347305814933
1.7350000000014492,0.9968080993008096
1.7360000000014513,0.9968044326278487
1.7370000000014534,0.9967541496584775
1.7380000000014555,0.9967009202288767
1.7390000000014576,0.9966539886579904
1.7400000000014597,0.9966902112992022
1.7410000000014618,0.9966666201041617
1.742000000001464,0.9966698179649716
1.743000000001466,0.9966480244869648
1.7440000000014682,0.9966513027445278
1.7450000000014703,0.996605404011366
1.7460000000014724,0.9965524139889022
1.7470000000014745,0.9965551715932414
1.7480000000014766,0.9965957348008905
1.7490000000014787,0.9966004338064761
1.7500000000014808,0.9966128472970107
1.751000000001483,0.9966074992273685
1.752000000001485,0.9965766388419106
1.7530000000014871,0.9966220724226381
1.7540000000014893,0.996570854626274
1.7550000000014914,0.9966764104207587
1.7560000000014935,0.9966741873527367
1.7570000000014956,0.99670704946671
1.7580000000014977,0.9967121586395394
1.7590000000014998,0.9967108338702334
1.760000000001502,0.99673765469043
1.761000000001504,0.9967415225113706
1.7620000000015061,0.9967920062600528
1.7630000000015082,0.9968454412988996
1.7640000000015104,0.9968925302671057
1.7650000000015125,0.9968565255413938
1.7660000000015146,0.9968803460053747
1.7670000000015167,0.9968773666894308
1.7680000000015188,0.9968993804818397
1.769000000001521,0.9968963402958021
1.770000000001523,0.9969424044021594
1.7710000000015251,0.9969956198952354
1.7720000000015272,0.9969931150594884
1.7730000000015294,0.9969528192836724
1.7740000000015315,0.9969483829504974
1.7750000000015336,0.9969362231592704
1.7760000000015357,0.9969417710957805
1.7770000000015378,0.9969728846180391
1.77800000000154,0.9969277521268425
1.779000000001542,0.9969792303927748
1.7800000000015441,0.9968739918838884
1.7810000000015462,0.9968765059668986
1.7820000000015483,0.9968438624624566
1.7830000000015505,0.9968390549218453
1.7840000000015526,0.9968406747841017
1.7850000000015547,0.9968141740524554
1.7860000000015568,0.9968106209192424
1.787000000001559,0.9967604592096881
1.788000000001561,0.9967073421037052
1.7890000000015631,0.9966604872156517
1.7900000000015652,0.9966968365218357
1.7910000000015673,0.9966733418688848
1.7920000000015694,0.996676671925377
1.7930000000015716,0.9966550086339298
1.7940000000015737,0.9966584013009482
1.7950000000015758,0.996612597801988
1.796000000001578,0.9965597240426467
1.79700000000158,0.9965625910448727
1.798000000001582,0.9966032788502165
1.7990000000015842,0.9966080897448234
1.8000000000015863,0.9966206534315425
1.8010000000015884,0.9966153896982074
1.8020000000015906,0.9965846572637177
1.8030000000015927,0.996630192435421
1.8040000000015948,0.9965790919585263
1.8050000000015969,0.9966847653033238
1.806000000001599,0.9966826552703817
1.807000000001601,0.996715615393418
1.8080000000016032,0.9967208349754397
1.8090000000016053,0.9967196400000826
1.8100000000016074,0.9967465544015407
1.8110000000016095,0.9967505334280835
1.8120000000016117,0.9968011198274465
1.8130000000016138,0.9968546664547124
1.8140000000016159,0.9969018469535915
1.815000000001618,0.9968659381582499
1.81600000000162,0.9968898855282874
1.8170000000016222,0.9968869956424508
1.8180000000016243,0.9969091004578252
1.8190000000016264,0.9969061675685706
1.8200000000016285,0.9969523020875706
1.8210000000016306,0.9970056220216245
1.8220000000016328,0.9970032282377216
1.8230000000016349,0.9969630273088044
1.824000000001637,0.9969586988494132
1.825000000001639,0.9969466065215192
1.8260000000016412,0.996952234257805
1.8270000000016433,0.9969834375190896
1.8280000000016454,0.9969384216658911
1.8290000000016475,0.9969899998125937
1.8300000000016496,0.9968848604978342
1.8310000000016518,0.9968874780214831
1.8320000000016539,0.9968548977599336
1.833000000001656,0.9968501954673225
1.834000000001658,0.9968518997670993
1.8350000000016602,0.9968255205789561
1.8360000000016623,0.9968220702356635
1.8370000000016644,0.9967720195187413
1.8380000000016665,0.9967190035271871
1.8390000000016686,0.9966722161119215
1.8400000000016707,0.9967086819051103
1.8410000000016729,0.9966852708791248
1.842000000001675,0.9966887229018003
1.843000000001677,0.9966671793337609
1.8440000000016792,0.9966706743715427
1.8450000000016813,0.9966249577034623
1.8460000000016834,0.9965721879810948
1.8470000000016855,0.9965751514166313
1.8480000000016876,0.9966159519588832
1.8490000000016897,0.9966208615929115
1.8500000000016918,0.9966335652007536
1.851000000001694,0.9966283756308495
1.852000000001696,0.996597758801873
1.8530000000016982,0.9966433809018851
1.8540000000017003,0.9965923841228373
1.8550000000017024,0.9966981613180304
1.8560000000017045,0.9966961500425815
1.8570000000017066,0.996729198436127
1.8580000000017087,0.9967345136646509
1.8590000000017108,0.9967334349759629
1.860000000001713,0.9967604265616543
1.861000000001715,0.9967645015942356
1.8620000000017172,0.9968151746503717
1.8630000000017193,0.9968688173630571
1.8640000000017214,0.9969160782247889
1.8650000000017235,0.9968802482749156
1.8660000000017256,0.9969043075748397
1.8670000000017277,0.9969014893580811
1.8680000000017298,0.9969236672751497
1.869000000001732,0.9969208248047688
1.870000000001734,0.9969670162668831
1.8710000000017362,0.9970204233189999
1.8720000000017383,0.997018123594037
1.8730000000017404,0.9969779991424994
1.8740000000017425,0.9969737609696692
1.8750000000017446,0.9969617155788805
1.8760000000017467,0.9969674097205957
1.8770000000017488,0.9969986834541782
1.878000000001751,0.9969537667094579
1.879000000001753,0.9970054259139739
1.8800000000017552,0.9969003666731229
1.8810000000017573,0.9969030686845105
1.8820000000017594,0.9968705363885056
1.8830000000017615,0.9968659202189445
1.8840000000017636,0.9968676883896533
1.8850000000017657,0.9968414124255628
1.8860000000017678,0.9968380451095242
1.88700000000177,0.9967880860217666
1.888000000001772,0.9967351510035972
1.8890000000017741,0.9966884152936364
1.8900000000017763,0.9967249782655841
1.8910000000017784,0.9967016293474975
1.8920000000017805,0.9967051839596185
1.8930000000017826,0.9966837405652256
1.8940000000017847,0.9966873171327087
1.8950000000017868,0.9966416721657199
1.896000000001789,0.99658898550259
1.897000000001791,0.9965920237997478
1.8980000000017931,0.9966329163921744
1.8990000000017953,0.9966379030328003
1.9000000000017974,0.996650727131706
1.9010000000017995,0.9966455951771653
1.9020000000018016,0.9966150728889848
1.9030000000018037,0.9966607589925738
1.9040000000018058,0.9966098438349085
1.905000000001808,0.9967157027304498
1.90600000000181,0.9967137676170721
1.9070000000018121,0.9967468881236131
1.9080000000018142,0.9967522760348996
1.9090000000018164,0.9967512916769826
1.9100000000018185,0.9967783362108564
1.9110000000018206,0.9967824839756106
1.9120000000018227,0.9968332198000107
1.9130000000018248,0.9968869351184979
1.914000000001827,0.996934259093299
1.915000000001829,0.9968984832761144
1.9160000000018311,0.9969226314688696
1.9170000000018332,0.9969198597256123
1.9180000000018353,0.9969420854234532
1.9190000000018375,0.9969393088923868
1.9200000000018396,0.9969855383071579
1.9210000000018417,0.9970390076840253
1.9220000000018438,0.9970367775215735
1.923000000001846,0.9969967039791245
1.924000000001848,0.9969925311573743
1.9250000000018501,0.9969805054965765
1.9260000000018522,0.9969862472280452
1.9270000000018543,0.997017565254605
1.9280000000018565,0.9969727228313551
1.9290000000018586,0.9970244373144184
1.9300000000018607,0.9969194321645769
1.9310000000018628,0.9969221928319353
1.932000000001865,0.9968896883341314
1.933000000001867,0.9968851323700942
1.9340000000018691,0.9968869374235609
1.9350000000018712,0.9968607394609711
1.9360000000018733,0.9968574288479088
1.9370000000018754,0.9968075354194782
1.9380000000018776,0.9967546548302166
1.9390000000018797,0.9967079504211089
1.9400000000018818,0.9967445847352425
1.9410000000018839,0.9967212704273519
1.942000000001886,0.9967249017904148
1.943000000001888,0.9967035326498775
1.9440000000018902,0.9967071638551472
1.9450000000018923,0.9966615708254342
1.9460000000018944,0.996608940304535
1.9470000000018965,0.9966120261283378
1.9480000000018987,0.9966529841463552
1.9490000000019008,0.9966580203963854
1.9500000000019029,0.9966709393755673
1.951000000001905,0.9966658443502227
1.952000000001907,0.9966353898344079
1.9530000000019092,0.9966811117914544
1.9540000000019113,0.9966302507991879
1.9550000000019134,0.9967361639062109
1.9560000000019155,0.9967342771790674
1.9570000000019177,0.9967674496004101
1.9580000000019198,0.9967728822177961
1.9590000000019219,0.9967719650147205
1.960000000001924,0.9967990336548704
1.961000000001926,0.9968032260776569
1.9620000000019282,0.9968539961811909
1.9630000000019303,0.9969077559741624
1.9640000000019324,0.9969551222503684
1.9650000000019345,0.9969193715869965
1.9660000000019366,0.9969435809830649
1.9670000000019388,0.9969408264870108
1.9680000000019409,0.996963070675955
1.969000000001943,0.9969603314703651
1.970000000001945,0.9970065769353703
1.9710000000019472,0.9970600798764601
1.9720000000019493,0.9970578908025991
1.9730000000019514,0.9970178389417438
1.9740000000019535,0.9970137027578327
1.9750000000019556,0.9970016664975359
1.9760000000019577,0.9970074342838257
1.9770000000019599,0.9970387671181864
1.978000000001962,0.9969939706183991
1.979000000001964,0.997045711295625
1.9800000000019662,0.9969407310608741
1.9810000000019683,0.9969435213624651
1.9820000000019704,0.9969110223664428
1.9830000000019725,0.9969064976154522
1.9840000000019746,0.9969083098520409
1.9850000000019767,0.9968821615221357
1.9860000000019788,0.9968788784836243
1.987000000001981,0.9968290219117176
1.988000000001983,0.9967761665833824
1.9890000000019852,0.996729471271354
1.9900000000019873,0.9967661483726112
1.9910000000019894,0.9967428389902366
1.9920000000019915,0.9967465186424722
1.9930000000019936,0.9967251953103987
1.9940000000019957,0.9967288520515895
1.9950000000019978,0.9966832894574732
1.996000000002,0.9966306860727362
1.997000000002002,0.996633790174616
1.9980000000020042,0.9966747849286394
1.9990000000020063,0.9966798415962475
2.000000000002008,0.9958275167038414
2.001000000002006,0.979031782768047
2.0020000000020035,0.958070105868766
2.003000000002001,0.9382681996894913
2.004000000001999,0.9190073843927083
2.0050000000019965,0.8993040612818016
2.006000000001994,0.877799220698772
2.007000000001992,0.8600291019127809
2.0080000000019895,0.8335253100339118
2.009000000001987,0.8035400519265649
2.010000000001985,0.7700476642995285
2.0110000000019825,0.732993350506373
2.01200000000198,0.6926073559159186
2.013000000001978,0.6492209238391462
2.0140000000019755,0.6149040366309066
2.015000000001973,0.567058584033049
2.016000000001971,0.5174691163976393
2.0170000000019686,0.4818685684519639
2.018000000001966,0.475669446706983
2.019000000001964,0.47127357091310307
2.0200000000019616,0.46749006864829984
2.0210000000019592,0.462084606474668
2.022000000001957,0.4569256313066198
2.0230000000019546,0.4527093687472878
2.0240000000019522,0.4497748672828964
2.02500000000195,0.4482816317357255
2.0260000000019476,0.4479502241797392
2.0270000000019452,0.44845238972602997
2.028000000001943,0.44965086703794704
2.0290000000019406,0.4514003687032592
2.0300000000019383,0.4532490537321673
2.031000000001936,0.45497980401000115
2.0320000000019336,0.4558646447964372
2.0330000000019313,0.4563485250129431
2.034000000001929,0.45570669595007424
2.0350000000019266,0.4538343434223674
2.0360000000019243,0.4510223582486897
2.037000000001922,0.44751244727111117
2.0380000000019196,0.4439036831261511
2.0390000000019173,0.4414044750717946
2.040000000001915,0.4387358284167918
2.0410000000019126,0.4369560224879875
2.0420000000019103,0.4360815658400084
2.043000000001908,0.4360595931799788
2.0440000000019056,0.4367705501340032
2.0450000000019033,0.43761300588406365
2.046000000001901,0.43905791325213295
2.0470000000018986,0.4406028720202353
2.0480000000018963,0.44194690492898336
2.049000000001894,0.4428088798832449
2.0500000000018916,0.4429324752911663
2.0510000000018893,0.4424817140225087
2.052000000001887,0.44112959468387686
2.0530000000018847,0.4392305471191515
2.0540000000018823,0.4368378559227871
2.05500000000188,0.43454510481969927
2.0560000000018777,0.43241523190378306
2.0570000000018753,0.4311814149538608
2.058000000001873,0.4300478558862591
2.0590000000018707,0.4295653304605693
2.0600000000018683,0.4297862023902145
2.061000000001866,0.43046026764371514
2.0620000000018637,0.4315457216025304
2.0630000000018613,0.4327747097681602
2.064000000001859,0.4336851124180798
2.0650000000018567,0.4346468856076173
2.0660000000018544,0.43520949713778534
2.067000000001852,0.43524838024501605
2.0680000000018497,0.4347154155658593
2.0690000000018474,0.433618846635282
2.070000000001845,0.432591458258482
2.0710000000018427,0.43099564729227313
2.0720000000018404,0.4293546207184064
2.073000000001838,0.42793035397997176
2.0740000000018357,0.42687262787281016
2.0750000000018334,0.42634773410448235
2.076000000001831,0.4262321428315927
2.0770000000018287,0.4265130575676042
2.0780000000018264,0.4270654588032159
2.079000000001824,0.42793877790970786
2.0800000000018217,0.4288020314650718
2.0810000000018194,0.42965592382992507
2.082000000001817,0.43012411370259557
2.0830000000018147,0.43047493801509484
2.0840000000018124,0.4304312085390846
2.08500000000181,0.4298772578306462
2.0860000000018077,0.42900884745252427
2.0870000000018054,0.4278343013470326
2.088000000001803,0.4265901749508135
2.0890000000018007,0.4257034267842044
2.0900000000017984,0.42472574102009936
2.091000000001796,0.42405957667273964
2.0920000000017938,0.42368651169119825
2.0930000000017914,0.4236527813691356
2.094000000001789,0.4239650967934003
2.0950000000017868,0.424311676137349
2.0960000000017844,0.4249302130205574
2.097000000001782,0.4256144707987454
2.0980000000017798,0.4262064327716848
2.0990000000017774,0.4265975783375744
2.100000000001775,0.4266396118888575
2.101000000001773,0.429765860112632
2.1020000000017705,0.4457910613318702
2.103000000001768,0.4576265506737642
2.104000000001766,0.460147977615551
2.1050000000017635,0.4652776039493474
2.106000000001761,0.4770328136008317
2.107000000001759,0.49624447459054283
2.1080000000017565,0.532753561064884
2.109000000001754,0.5715955030405943
2.110000000001752,0.6097325632919866
2.1110000000017495,0.6461001189393103
2.112000000001747,0.6807861199768226
2.113000000001745,0.7138172285157847
2.1140000000017425,0.7375237316558685
2.11500000000174,0.7678165176968971
2.116000000001738,0.7966658290575774
2.1170000000017355,0.8242654934744597
2.118000000001733,0.8452588728932217
2.119000000001731,0.8622352105214485
2.1200000000017285,0.8776940562605133
2.121000000001726,0.9007186881528115
2.122000000001724,0.9210356478600057
2.1230000000017215,0.9368560719860718
2.124000000001719,0.9433737136374162
2.125000000001717,0.9453982274432334
2.1260000000017145,0.9458276805584511
2.127000000001712,0.9460735926164062
2.12800000000171,0.9462010060501583
2.1290000000017075,0.9463344868224511
2.130000000001705,0.946432570430308
2.131000000001703,0.946506667274677
2.1320000000017005,0.9465306929321164
2.133000000001698,0.94646921535938
2.134000000001696,0.9463630553986919
2.1350000000016935,0.9461354703608458
2.136000000001691,0.945900085099392
2.137000000001689,0.9456364777652277
2.1380000000016866,0.945399586883483
2.139000000001684,0.9452579794421508
2.140000000001682,0.9450815918745636
2.1410000000016796,0.9450083426627723
2.1420000000016772,0.9449356203982645
2.143000000001675,0.9449086954453663
2.1440000000016726,0.9449359614378917
2.1450000000016702,0.9449423646729276
2.146000000001668,0.9449570230836308
2.1470000000016656,0.9449495410469719
2.1480000000016632,0.9448697751200626
2.149000000001661,0.9447506073723074
2.1500000000016586,0.9445124408428451
2.1510000000016563,0.9443481172312888
2.152000000001654,0.9440699694443753
2.1530000000016516,0.9438212007410604
2.1540000000016493,0.9435460964911917
2.155000000001647,0.9432932135056905
2.1560000000016446,0.9430779102035692
2.1570000000016423,0.9429221755056927
2.15800000000164,0.9427814970989792
2.1590000000016376,0.9426448934498951
2.1600000000016353,0.9425905390059779
2.161000000001633,0.9425142302717849
2.1620000000016306,0.9424419213245082
2.1630000000016283,0.9423339343361079
2.164000000001626,0.9422161725436478
2.1650000000016236,0.9420655876872381
2.1660000000016213,0.9418239402130731
2.167000000001619,0.9416037200000612
2.1680000000016166,0.9413537489822197
2.1690000000016143,0.9410620546728417
2.170000000001612,0.9408564532326988
2.1710000000016096,0.9405716799655675
2.1720000000016073,0.9402969863632716
2.173000000001605,0.9400735691524869
2.1740000000016027,0.9398563734724563
2.1750000000016003,0.9397259670416547
2.176000000001598,0.9395912218390344
2.1770000000015957,0.939445206780965
2.1780000000015933,0.9392545257274918
2.179000000001591,0.9390713381636463
2.1800000000015887,0.9388746435889457
2.1810000000015863,0.9386376840464284
2.182000000001584,0.9384654435932929
2.1830000000015817,0.9381763425118669
2.1840000000015793,0.9378971261601756
2.185000000001577,0.937548826473991
2.1860000000015747,0.9372259851071973
2.1870000000015724,0.9369010691622797
2.18800000000157,0.9366029917439705
2.1890000000015677,0.9364069223837145
2.1900000000015654,0.9361145987125896
2.191000000001563,0.9358955020621198
2.1920000000015607,0.9356314383790316
2.1930000000015584,0.9353795930705974
2.194000000001556,0.9351528185063989
2.1950000000015537,0.9349669938597892
2.1960000000015514,0.9347274794469392
2.197000000001549,0.9344774154188799
2.1980000000015467,0.9341805236970169
2.1990000000015444,0.9338897701417269
2.200000000001542,0.9335238701818952
2.2010000000015397,0.9332936432562431
2.2020000000015374,0.9329606184195123
2.203000000001535,0.9326688207169612
2.2040000000015327,0.9323737616818053
2.2050000000015304,0.9320741415382197
2.206000000001528,0.931810935363803
2.2070000000015257,0.931597525164397
2.2080000000015234,0.9313630534046142
2.209000000001521,0.931108069868559
2.2100000000015187,0.9309110098360617
2.2110000000015164,0.9306858309975096
2.212000000001514,0.930460713728225
2.2130000000015118,0.9302140942313543
2.2140000000015094,0.930006485721213
2.215000000001507,0.9297777953853772
2.2160000000015048,0.9294849809419952
2.2170000000015024,0.9292490226925417
2.2180000000015,0.9290089723153566
2.2190000000014978,0.9287519376264332
2.2200000000014954,0.928572913632996
2.221000000001493,0.9283265666501375
2.222000000001491,0.9280905696649827
2.2230000000014885,0.9278972150119954
2.224000000001486,0.9276887271335885
2.225000000001484,0.9275482526388011
2.2260000000014815,0.9273955722667137
2.227000000001479,0.9272139650675321
2.228000000001477,0.9269971203259776
2.2290000000014745,0.9267795601401054
2.230000000001472,0.926581561381077
2.23100000000147,0.9263470477692343
2.2320000000014675,0.9261944308471847
2.233000000001465,0.9259443727243845
2.234000000001463,0.9257193639209044
2.2350000000014605,0.9254435927384059
2.236000000001458,0.925194865402539
2.237000000001456,0.9249487645399803
2.2380000000014535,0.9247216830253413
2.239000000001451,0.924571304605341
2.240000000001449,0.9243147805505305
2.2410000000014465,0.9241208039146696
2.242000000001444,0.9238674757719427
2.243000000001442,0.9236189891053742
2.2440000000014395,0.9233859810473248
2.245000000001437,0.9232021051228195
2.246000000001435,0.9229677776861416
2.2470000000014325,0.9227251630491822
2.24800000000143,0.9224436200102024
2.249000000001428,0.92218393622869
2.2500000000014255,0.9218630420868134
2.251000000001423,0.9216711102406785
2.252000000001421,0.921397109043998
2.2530000000014185,0.9211525313044908
2.254000000001416,0.9209127285525361
2.255000000001414,0.9206422995334054
2.2560000000014115,0.9204096523171722
2.257000000001409,0.9202085346847113
2.258000000001407,0.9199843182068115
2.2590000000014046,0.9197338425117325
2.260000000001402,0.9195295746509234
2.2610000000014,0.9193006918466065
2.2620000000013976,0.9190696051155861
2.2630000000013952,0.9188235353334706
2.264000000001393,0.9186219419446834
2.2650000000013906,0.9184182544362043
2.2660000000013882,0.918155769721496
2.267000000001386,0.9179558909171663
2.2680000000013836,0.9177534315664844
2.2690000000013812,0.9175398881506408
2.270000000001379,0.9173869695147103
2.2710000000013766,0.9171746343277156
2.2720000000013743,0.916973968797988
2.273000000001372,0.9168135985754474
2.2740000000013696,0.9166310894067906
2.2750000000013673,0.9165103035257913
2.276000000001365,0.9163737927012369
2.2770000000013626,0.9162115572724879
2.2780000000013603,0.916030349746279
2.279000000001358,0.915844955565284
2.2800000000013556,0.9157041368680501
2.2810000000013533,0.9155276711290189
2.282000000001351,0.9154278257897366
2.2830000000013486,0.9152556552725665
2.2840000000013463,0.915114716725589
2.285000000001344,0.914936926395628
2.2860000000013416,0.9147863128631972
2.2870000000013393,0.9146448673794065
2.288000000001337,0.9145225698806071
2.2890000000013346,0.9144502698077432
2.2900000000013323,0.9142907035126768
2.29100000000133,0.9141959720097377
2.2920000000013276,0.9140451881555262
2.2930000000013253,0.9139047264403383
2.294000000001323,0.913780492078948
2.2950000000013207,0.9136877332572989
2.2960000000013183,0.9135792279398267
2.297000000001316,0.9134649177567544
2.2980000000013137,0.9133176922674158
2.2990000000013113,0.9132009720615776
2.300000000001309,0.913032438327311
2.3010000000013067,0.912954908173114
2.3020000000013043,0.9128394080859037
2.303000000001302,0.9127442138062521
2.3040000000012997,0.9126629218653793
2.3050000000012973,0.9125373186201369
2.306000000001295,0.9124561181028601
2.3070000000012927,0.9123662516161977
2.3080000000012904,0.9122908863270591
2.309000000001288,0.9121921843593193
2.3100000000012857,0.9121345075139656
2.3110000000012834,0.9120586509193416
2.312000000001281,0.9119792714443653
2.3130000000012787,0.9118885196153943
2.3140000000012764,0.9118060890107492
2.315000000001274,0.9117678758847982
2.3160000000012717,0.9116714306261197
2.3170000000012694,0.9116356182846128
2.318000000001267,0.9115943314547759
2.3190000000012647,0.9115438438247627
2.3200000000012624,0.9115067209777636
2.32100000000126,0.9114473693510998
2.3220000000012577,0.9114004618291657
2.3230000000012554,0.9113916834402493
2.324000000001253,0.9113568418980973
2.3250000000012507,0.9113776828048171
2.3260000000012484,0.9113490783599256
2.327000000001246,0.9113265205237036
2.3280000000012437,0.9112939695113158
2.3290000000012414,0.9112492205314939
2.330000000001239,0.911259966511209
2.3310000000012367,0.9112284051385133
2.3320000000012344,0.9112374671090231
2.333000000001232,0.9112093706845426
2.3340000000012298,0.9112076317593755
2.3350000000012274,0.9111721553933826
2.336000000001225,0.9111566876836484
2.3370000000012228,0.911149924361038
2.3380000000012204,0.911157809239673
2.339000000001218,0.9111801807714499
2.3400000000012158,0.9111403113097247
2.3410000000012134,0.9111629261605683
2.342000000001211,0.9111299607370444
2.343000000001209,0.9111077222710056
2.3440000000012065,0.9110975628786115
2.345000000001204,0.9110942469681353
2.346000000001202,0.911102796990281
2.3470000000011995,0.9111010086192189
2.348000000001197,0.9110648621575848
2.349000000001195,0.911058493896982
2.3500000000011925,0.9110020470783583
2.35100000000119,0.9110040077854377
2.352000000001188,0.9109948382069096
2.3530000000011855,0.910994357429719
2.354000000001183,0.9110110294395322
2.355000000001181,0.9109708305466885
2.3560000000011785,0.9109769905993712
2.357000000001176,0.9109500216589372
2.358000000001174,0.9109561835894483
2.3590000000011715,0.9109392659233924
2.360000000001169,0.9109560094398637
2.361000000001167,0.9109565267910571
2.3620000000011645,0.9109488542960971
2.363000000001162,0.9109288196533075
2.36400000000116,0.9108988981660662
2.3650000000011575,0.9109309513532843
2.366000000001155,0.9109021149307874
2.367000000001153,0.9109278645341368
2.3680000000011505,0.9109429357516226
2.369000000001148,0.9109478009396019
2.370000000001146,0.9109458682300294
2.3710000000011435,0.9109312612142328
2.372000000001141,0.9109284316539338
2.373000000001139,0.9109604651488532
2.3740000000011365,0.9109628562065825
2.375000000001134,0.9110145387828976
2.376000000001132,0.9110102279938798
2.3770000000011295,0.9110154057301371
2.378000000001127,0.9110159181511109
2.379000000001125,0.9109963815638199
2.3800000000011226,0.9110379732396567
2.38100000000112,0.9110307135431598
2.382000000001118,0.9110566130433275
2.3830000000011156,0.9110490162923615
2.3840000000011132,0.9110623529560841
2.385000000001111,0.911043684872477
2.3860000000011086,0.9110384203022643
2.3870000000011062,0.9110410422243547
2.388000000001104,0.9110543562507745
2.3890000000011016,0.911078108488623
2.3900000000010992,0.9110358774295974
2.391000000001097,0.9110533356380884
2.3920000000010946,0.9110158783829029
2.3930000000010923,0.9109887764254855
2.39400000000109,0.9109696423504811
2.3950000000010876,0.9109619822685385
2.3960000000010853,0.9109622398302255
2.397000000001083,0.9109480178790819
2.3980000000010806,0.9108979825672847
2.3990000000010783,0.910876308619945
2.400000000001076,0.9108062694466385
2.4010000000010736,0.9107942122442736
2.4020000000010713,0.9107672406576129
2.403000000001069,0.9107407571682463
2.4040000000010666,0.9107349584426159
2.4050000000010643,0.9106644142110184
2.406000000001062,0.9106428836961474
2.4070000000010596,0.9105946481154912
2.4080000000010573,0.9105716734088424
2.409000000001055,0.9105280311283152
2.4100000000010526,0.9105140422891039
2.4110000000010503,0.9104877443830769
2.412000000001048,0.9104522478887273
2.4130000000010456,0.9104065557761398
2.4140000000010433,0.9103590971743416
2.415000000001041,0.9103704175923195
2.4160000000010387,0.9103231316839815
2.4170000000010363,0.9103294126939305
2.418000000001034,0.9103254587058787
2.4190000000010317,0.9103151861742073
2.4200000000010293,0.9103000803920288
2.421000000001027,0.910270668613128
2.4220000000010247,0.9102573833985192
2.4230000000010223,0.9102809374149343
2.42400000000102,0.9102771382435977
2.4250000000010177,0.9103219884067443
2.4260000000010153,0.9103169574651337
2.427000000001013,0.9103216247620088
2.4280000000010107,0.9103307402124575
2.4290000000010084,0.9103187437996292
2.430000000001006,0.9103770584388624
2.4310000000010037,0.9103871278345858
2.4320000000010014,0.9104283887550891
2.433000000000999,0.9104452154959406
2.4340000000009967,0.9104846210980052
2.4350000000009944,0.9104998659237808
2.436000000000992,0.9105295720043257
2.4370000000009897,0.9105729107696962
2.4380000000009874,0.9106299968240611
2.439000000000985,0.9106885422658019
2.4400000000009827,0.9106952979992105
2.4410000000009804,0.9107651266828825
2.442000000000978,0.910786966816204
2.4430000000009757,0.9108246773438731
2.4440000000009734,0.9108730084506668
2.445000000000971,0.9109217384333338
2.4460000000009687,0.9110003481880627
2.4470000000009664,0.9110673240865451
2.448000000000964,0.9111040361705011
2.4490000000009617,0.9111743233318218
2.4500000000009594,0.911204502968206
2.451000000000957,0.9112685342165359
2.4520000000009547,0.9113494554987019
2.4530000000009524,0.911430675656075
2.45400000000095,0.9115414330281785
2.4550000000009478,0.9115873234753465
2.4560000000009454,0.9116894774928546
2.457000000000943,0.9117369637095188
2.4580000000009408,0.9118449826552046
2.4590000000009384,0.9119385710225395
2.460000000000936,0.9120622138838191
2.4610000000009338,0.912180440971343
2.4620000000009314,0.9122917104615951
2.463000000000929,0.9123977218351949
2.464000000000927,0.9124675042514855
2.4650000000009245,0.9126389364619192
2.466000000000922,0.9127565727500446
2.46700000000092,0.9129291383926972
2.4680000000009175,0.9130941963168066
2.469000000000915,0.9132584632470935
2.470000000000913,0.913374075773843
2.4710000000009105,0.9135224012309717
2.472000000000908,0.9136915501279369
2.473000000000906,0.9138998289720266
2.4740000000009035,0.9140833965135383
2.475000000000901,0.9143147516979819
2.476000000000899,0.9144531886465863
2.4770000000008965,0.9146488451394826
2.478000000000894,0.9148556521704646
2.479000000000892,0.915039518120805
2.4800000000008895,0.9153001057713477
2.481000000000887,0.9155120297640473
2.482000000000885,0.9157054465372046
2.4830000000008825,0.9159278370211962
2.48400000000088,0.9161725516860879
2.485000000000878,0.9163983425633372
2.4860000000008755,0.9166378298457322
2.487000000000873,0.9168937291251039
2.488000000000871,0.9171635112075596
2.4890000000008685,0.9173816284606107
2.490000000000866,0.9176010210490225
2.491000000000864,0.9178827494984911
2.4920000000008615,0.9181189799115664
2.493000000000859,0.9183718550019077
2.494000000000857,0.9186335612615802
2.4950000000008545,0.9188445285150725
2.496000000000852,0.9191381683707419
2.49700000000085,0.9194181639655561
2.4980000000008475,0.919668635633286
2.499000000000845,0.9199527273554713
2.500000000000843,0.9201996981607894
2.5010000000008406,0.9204240265734472
2.502000000000838,0.9207203951705824
2.503000000000836,0.9210123896080579
2.5040000000008336,0.9213368209982279
2.5050000000008312,0.9215918167246575
2.506000000000829,0.9219041098217642
2.5070000000008266,0.9221084520224393
2.5080000000008242,0.9224238372805338
2.509000000000822,0.9227248802095122
2.5100000000008196,0.9230509327703988
2.5110000000008172,0.9233723844056613
2.512000000000815,0.9236836610022409
2.5130000000008126,0.9239890829410576
2.5140000000008103,0.9242083903057904
2.515000000000808,0.9245779460032071
2.5160000000008056,0.9248936337541003
2.5170000000008033,0.9252607565541515
2.518000000000801,0.9256182692613589
2.5190000000007986,0.9259752694514338
2.5200000000007963,0.9262323194760181
2.521000000000794,0.9265680786460774
2.5220000000007916,0.9269238520113923
2.5230000000007893,0.927315713170157
2.524000000000787,0.9276803686966032
2.5250000000007846,0.928087051793046
2.5260000000007823,0.9283570898454596
2.52700000000078,0.9287237627097995
2.5280000000007776,0.929102661687128
2.5290000000007753,0.9294527791682494
2.530000000000773,0.9298804760699488
2.5310000000007706,0.9302552828544831
2.5320000000007683,0.9305687371776087
2.533000000000766,0.9309502100871624
2.5340000000007636,0.931349965082297
2.5350000000007613,0.9317315995797752
2.536000000000759,0.9321225323622438
2.5370000000007566,0.9325284929314942
2.5380000000007543,0.9329448501121136
2.539000000000752,0.9332704473506549
2.5400000000007497,0.9336303227604753
2.5410000000007473,0.9340483222073853
2.542000000000745,0.9344197296465383
2.5430000000007427,0.9348053587458633
2.5440000000007403,0.9351954080430273
2.545000000000738,0.9355026507762204
2.5460000000007357,0.9359214197153501
2.5470000000007333,0.9363227094830308
2.548000000000731,0.9366929986429212
2.5490000000007287,0.9370947966320471
2.5500000000007264,0.9374599485442484
2.551000000000724,0.9377695511693962
2.5520000000007217,0.9381792702854778
2.5530000000007194,0.9385786751303953
2.554000000000717,0.9390105826372233
2.5550000000007147,0.9393674769591166
2.5560000000007124,0.9397801985937649
2.55700000000071,0.9400581212985144
2.5580000000007077,0.9404682033642888
2.5590000000007054,0.9408621822445913
2.560000000000703,0.9412753824974527
2.5610000000007007,0.9416829147742639
2.5620000000006984,0.9420762778258142
2.563000000000696,0.9424616356475513
2.5640000000006937,0.9427398369730164
2.5650000000006914,0.9431853698750616
2.566000000000689,0.9435753967834273
2.5670000000006867,0.9440125953556878
2.5680000000006844,0.9444371360930369
2.569000000000682,0.9448599782002669
2.5700000000006797,0.9451632299653454
2.5710000000006774,0.9455588360987441
2.572000000000675,0.9459727193939634
2.5730000000006727,0.9464193269877452
2.5740000000006704,0.9468360171981959
2.575000000000668,0.9472898104634436
2.5760000000006658,0.9475950696615817
2.5770000000006634,0.948004976473732
2.578000000000661,0.9484275387277462
2.5790000000006588,0.9488169157178669
2.5800000000006564,0.949283804695701
2.581000000000654,0.9496945831828165
2.5820000000006518,0.9500332343117583
2.5830000000006494,0.9504471894869218
2.584000000000647,0.9508760403155009
2.585000000000645,0.9512865079677556
2.5860000000006425,0.9517022810494808
2.58700000000064,0.9521312228702307
2.588000000000638,0.9525674933179757
2.5890000000006355,0.9529056710262449
2.590000000000633,0.9532800732067516
2.591000000000631,0.9537090757506916
2.5920000000006285,0.9540900075006715
2.593000000000626,0.9544829730090179
2.594000000000624,0.9548766612593484
2.5950000000006215,0.9551860079933672
2.596000000000619,0.9556046874719027
2.597000000000617,0.9560025045365785
2.5980000000006145,0.9563670834968491
2.599000000000612,0.9567603871731142
2.60000000000061,0.9571157906089259
2.6010000000006075,0.9574150383954843
2.602000000000605,0.9578096970912559
2.603000000000603,0.9581891024887382
2.6040000000006005,0.9585997424142759
2.605000000000598,0.9589312513913066
2.606000000000596,0.9593167727674005
2.6070000000005935,0.959572996455184
2.608000000000591,0.9599515213201022
2.609000000000589,0.9603124402919387
2.6100000000005865,0.9606890501774229
2.611000000000584,0.9610589976092739
2.612000000000582,0.9614123842682826
2.6130000000005795,0.9617559214866324
2.614000000000577,0.9620018414150946
2.615000000000575,0.9624024232780787
2.6160000000005725,0.9627459170465876
2.61700000000057,0.9631338644223808
2.618000000000568,0.9635066441091402
2.6190000000005655,0.9638763049229234
2.620000000000563,0.9641377418023316
2.621000000000561,0.9644764776348123
2.6220000000005586,0.9648322433147004
2.623000000000556,0.9652189041386132
2.624000000000554,0.9655741909574521
2.6250000000005516,0.9659645502389402
2.6260000000005492,0.9662222503090093
2.627000000000547,0.9665669118543495
2.6280000000005446,0.9669241902255968
2.6290000000005422,0.967246301876441
2.63000000000054,0.9676449245832329
2.6310000000005376,0.967985561728791
2.6320000000005352,0.9682704164047172
2.633000000000533,0.9686112601195062
2.6340000000005306,0.9689651160728032
2.6350000000005283,0.9692994077221377
2.636000000000526,0.9696368662528541
2.6370000000005236,0.969986243826252
2.6380000000005213,0.9703420031837564
2.639000000000519,0.970618858961717
2.6400000000005166,0.9709111604848223
2.6410000000005143,0.9712574938313121
2.642000000000512,0.9715552165275062
2.6430000000005096,0.9718648406035822
2.6440000000005073,0.9721743563843552
2.645000000000505,0.9724201736487701
2.6460000000005026,0.9727532836403951
2.6470000000005003,0.9730645721351423
2.648000000000498,0.9733413068797829
2.6490000000004956,0.9736454155640762
2.6500000000004933,0.9739100184794308
2.651000000000491,0.9741401505230021
2.6520000000004886,0.9744419268832218
2.6530000000004863,0.9747272659216789
2.654000000000484,0.9750429145375832
2.6550000000004816,0.9752793434713531
2.6560000000004793,0.9755695392782665
2.657000000000477,0.9757544679815714
2.6580000000004746,0.9760380586346398
2.6590000000004723,0.9763040284011033
2.66000000000047,0.9765864043494262
2.6610000000004677,0.9768620020365112
2.6620000000004653,0.9771212837262173
2.663000000000463,0.9773697549498555
2.6640000000004607,0.9775438525849269
2.6650000000004583,0.9778478688553295
2.666000000000456,0.9780932804657096
2.6670000000004537,0.9783829606107327
2.6680000000004513,0.9786563337634749
2.669000000000449,0.9789255440123891
2.6700000000004467,0.97911185675648
2.6710000000004444,0.9793504994218101
2.672000000000442,0.9796060982102366
2.6730000000004397,0.9798934311304891
2.6740000000004374,0.9801500548272587
2.675000000000435,0.9804438799727717
2.6760000000004327,0.9806293542041836
2.6770000000004304,0.9808786359884728
2.678000000000428,0.9811400450439773
2.6790000000004257,0.9813676434771041
2.6800000000004234,0.9816700845819261
2.681000000000421,0.9819146709306416
2.6820000000004187,0.9821272619659148
2.6830000000004164,0.98237048412871
2.684000000000414,0.9826269540693755
2.6850000000004117,0.9828617165308589
2.6860000000004094,0.9831000483366836
2.687000000000407,0.9833497168662158
2.6880000000004047,0.9836071234745355
2.6890000000004024,0.9838109397962417
2.6900000000004,0.9840072080955007
2.6910000000003977,0.9842599523904495
2.6920000000003954,0.9844641369205874
2.693000000000393,0.9846818639209303
2.6940000000003907,0.9849016299841038
2.6950000000003884,0.9850797158280992
2.696000000000386,0.9853236088470153
2.6970000000003838,0.9855471361635556
2.6980000000003814,0.9857356609123935
2.699000000000379,0.9859516312932083
2.7000000000003768,0.9861258840609199
2.7010000000003744,0.9862894231071483
2.702000000000372,0.9865018355217661
2.7030000000003698,0.9867005493707215
2.7040000000003674,0.9869284373263265
2.705000000000365,0.9870808971861218
2.706000000000363,0.9872877909821263
2.7070000000003605,0.9874114505360541
2.708000000000358,0.9876158898563232
2.709000000000356,0.9878035390888492
2.7100000000003535,0.9880122153190299
2.711000000000351,0.9882144115871162
2.712000000000349,0.9884028843684391
2.7130000000003465,0.988580392264879
2.714000000000344,0.9887011015067309
2.715000000000342,0.98893405349463
2.7160000000003395,0.9891069887446542
2.717000000000337,0.9893261865367428
2.718000000000335,0.9895290531949137
2.7190000000003325,0.9897264641973913
2.72000000000033,0.9898608282043869
2.721000000000328,0.990030477313723
2.7220000000003255,0.990216969072774
2.723000000000323,0.990437428475743
2.724000000000321,0.9906288110810316
2.7250000000003185,0.9908622540230255
2.726000000000316,0.9910020020854242
2.727000000000314,0.9911931619899024
2.7280000000003115,0.9913945291700982
2.729000000000309,0.9915660151199668
2.730000000000307,0.9918094076441232
2.7310000000003045,0.9919965933647248
2.732000000000302,0.9921663413669343
2.7330000000003,0.9923509401308858
2.7340000000002975,0.9925500516984368
2.735000000000295,0.9927235488732632
2.736000000000293,0.9929021656664672
2.7370000000002905,0.993090616581083
2.738000000000288,0.9932883338656514
2.739000000000286,0.9934483736408708
2.7400000000002835,0.9935874391214827
2.741000000000281,0.9937856748914154
2.742000000000279,0.9939340575590528
2.7430000000002766,0.9940968276706907
2.744000000000274,0.9942642852895945
2.745000000000272,0.9944013497812002
2.7460000000002696,0.9945914260429104
2.7470000000002672,0.9947625060177472
2.748000000000265,0.9948968287500658
2.7490000000002626,0.9950573868490932
2.7500000000002602,0.9951712523784986
2.751000000000258,0.9952905654064566
2.7520000000002556,0.9954408538899866
2.7530000000002532,0.9955802072978712
2.754000000000251,0.9957439891245584
2.7550000000002486,0.9958357789801738
2.7560000000002463,0.995979574975173
2.757000000000244,0.9960556175483265
2.7580000000002416,0.9961976738792463
2.7590000000002393,0.9963211627732143
2.760000000000237,0.9964698317836092
2.7610000000002346,0.9966096419639691
2.7620000000002323,0.9967372605483349
2.76300000000023,0.9968519831953311
2.7640000000002276,0.99692413548839
2.7650000000002253,0.9970908668301751
2.766000000000223,0.9971943293219415
2.7670000000002206,0.9973448301787989
2.7680000000002183,0.9974775487654334
2.769000000000216,0.9976008006611219
2.7700000000002136,0.9976808560016047
2.7710000000002113,0.9977761755366014
2.772000000000209,0.9978854281898614
2.7730000000002066,0.9980288487524052
2.7740000000002043,0.9981429511452509
2.775000000000202,0.9983029788724915
2.7760000000001996,0.9983855636776008
2.7770000000001973,0.9985029978073435
2.778000000000195,0.9986261927967698
2.7790000000001926,0.9987238375444555
2.7800000000001903,0.9988885488351892
2.781000000000188,0.9989990997550621
2.7820000000001857,0.9991113656929289
2.7830000000001833,0.9992173984492165
2.784000000000181,0.9993391582948054
2.7850000000001787,0.9994301324203217
2.7860000000001763,0.9995277790383256
2.787000000000174,0.999632696137046
2.7880000000001717,0.9997476794036033
2.7890000000001693,0.9998463175859256
2.790000000000167,0.9999044996338525
2.7910000000001647,1.0000239789607266
2.7920000000001624,1.0000920557760955
2.79300000000016,1.000175147508244
2.7940000000001577,1.0002666068192503
2.7950000000001554,1.0003450229329685
2.796000000000153,1.0004591230312714
2.7970000000001507,1.0005576048548064
2.7980000000001484,1.0006195010075225
2.799000000000146,1.0007082443388435
2.8000000000001437,1.0007471374785493
2.8010000000001414,1.0008128716989166
2.802000000000139,1.000889751698405
2.8030000000001367,1.0009611166241692
2.8040000000001344,1.0010531488270091
2.805000000000132,1.0010789969709222
2.8060000000001297,1.0011553612262285
2.8070000000001274,1.0011816799697273
2.808000000000125,1.001259932763795
2.8090000000001227,1.0013197622521768
2.8100000000001204,1.001411372853375
2.811000000000118,1.001494093944902
2.8120000000001157,1.0015692386678914
2.8130000000001134,1.0016330310897703
2.814000000000111,1.001667804238545
2.8150000000001087,1.0017860291836762
2.8160000000001064,1.0018417974570617
2.817000000000104,1.0019487425278861
2.8180000000001018,1.0020402523417784
2.8190000000000994,1.0021214453251013
2.820000000000097,1.0021733711794882
2.8210000000000948,1.0022316192469651
2.8220000000000924,1.0023033573384204
2.82300000000009,1.0024116089372332
2.8240000000000878,1.0024928166632998
2.8250000000000854,1.0026257209696203
2.826000000000083,1.0026874340624898
2.827000000000081,1.0027817901116336
2.8280000000000785,1.0028798754475654
2.829000000000076,1.0029595247666037
2.830000000000074,1.0031043103514654
2.8310000000000715,1.0032002894435599
2.832000000000069,1.003303491396445
2.833000000000067,1.0033987007568415
2.8340000000000645,1.0035136571946344
2.835000000000062,1.0035960354918723
2.83600000000006,1.0036893211181415
2.8370000000000575,1.0037899496498266
2.838000000000055,1.0039031928993085
2.839000000000053,1.0040024509023933
2.8400000000000505,1.0040641313528769
2.841000000000048,1.0041901832006828
2.842000000000046,1.0042653860858093
2.8430000000000435,1.004357466848929
2.844000000000041,1.004462975536529
2.845000000000039,1.0045516646166408
2.8460000000000365,1.004683088544095
2.847000000000034,1.0048039128627497
2.848000000000032,1.0048909177986345
2.8490000000000295,1.005007539536678
2.850000000000027,1.0050742808914896
2.851000000000025,1.0051645672135194
2.8520000000000225,1.005274261871612
2.85300000000002,1.0053851743581455
2.854000000000018,1.0055152664640281
2.8550000000000155,1.0055856086962904
2.856000000000013,1.0057061835658294
2.857000000000011,1.0057670013341418
2.8580000000000085,1.0058939252014305
2.859000000000006,1.006003341915701
2.860000000000004,1.0061503778492864
2.8610000000000015,1.0062893283306908
2.861999999999999,1.0064250536966741
2.862999999999997,1.0065520148606097
2.8639999999999946,1.006635707994251
2.864999999999992,1.00682102028906
2.86599999999999,1.0069754449690738
2.8669999999999876,1.0071564765879188
2.8679999999999852,1.007325644385666
2.868999999999983,1.0074854253916292
2.8699999999999806,1.0075997449002012
2.8709999999999782,1.0077423429483492
2.871999999999976,1.0079285904740978
2.8729999999999736,1.008123982943654
2.8739999999999712,1.0082946894299794
2.874999999999969,1.0085212813219362
2.8759999999999666,1.0086530400735672
2.8769999999999643,1.0088444429439827
2.877999999999962,1.0090383367672282
2.8789999999999596,1.0092293350815849
2.8799999999999573,1.0094748857891178
2.880999999999955,1.0096763763674856
2.8819999999999526,1.0098605204727789
2.8829999999999503,1.0100369922079342
2.883999999999948,1.0102660473391796
2.8849999999999456,1.0104492200658033
2.8859999999999433,1.0106611081568995
2.886999999999941,1.0108815750597069
2.8879999999999386,1.0111168684835283
2.8889999999999363,1.0112799514270814
2.889999999999934,1.0114680524367137
2.8909999999999316,1.011693166392689
2.8919999999999293,1.0118968297101099
2.892999999999927,1.0121179894505619
2.8939999999999246,1.0123553609836105
2.8949999999999223,1.0125325857062109
2.89599999999992,1.0127972675898018
2.8969999999999176,1.0130248324524336
2.8979999999999153,1.0132497419991922
2.898999999999913,1.013506104341674
2.8999999999999106,1.0137131281303322
2.9009999999999083,1.0139109490581268
2.901999999999906,1.0141778472196494
2.9029999999999037,1.014436460665565
2.9039999999999013,1.0147042309191678
2.904999999999899,1.0149245906296664
2.9059999999998967,1.0151943126350125
2.9069999999998943,1.0153669570707844
2.907999999999892,1.0156723063496775
2.9089999999998897,1.0159302485313482
2.9099999999998873,1.016241509695233
2.910999999999885,1.0165292022850314
2.9119999999998827,1.0168140906990277
2.9129999999998804,1.0170905294488386
2.913999999999878,1.0173155363957234
2.9149999999998757,1.0176502728149994
2.9159999999998734,1.017954729179929
2.916999999999871,1.0182863653514287
2.9179999999998687,1.0186068363973324
2.9189999999998664,1.018917134917738
2.919999999999864,1.0191540267958379
2.9209999999998617,1.019446405780503
2.9219999999998594,1.019780328469017
2.922999999999857,1.0201214670233685
2.9239999999998547,1.020435684128299
2.9249999999998524,1.02080350442313
2.92599999999985,1.021038333277083
2.9269999999998477,1.0213505710505735
2.9279999999998454,1.021674644335994
2.928999999999843,1.021993171943134
2.9299999999998407,1.0223623789494758
2.9309999999998384,1.0226851489696744
2.931999999999836,1.0229585156620546
2.9329999999998337,1.0232519430896914
2.9339999999998314,1.023596346327311
2.934999999999829,1.023892204274597
2.9359999999998267,1.0242154451195618
2.9369999999998244,1.0245448579661927
2.937999999999822,1.024886191358821
2.9389999999998198,1.0251272003262377
2.9399999999998174,1.0254160627908058
2.940999999999815,1.0257381574417563
2.9419999999998128,1.0260346936145432
2.9429999999998104,1.0263443047744312
2.943999999999808,1.026666489634593
2.9449999999998058,1.0269049449972456
2.9459999999998034,1.0272480717526864
2.946999999999801,1.0275510145870446
2.947999999999799,1.0278490313258064
2.9489999999997965,1.028176510031877
2.949999999999794,1.0284530792963396
2.950999999999792,1.0287023771839605
2.9519999999997895,1.0290366439364789
2.952999999999787,1.0293614277699445
2.953999999999785,1.0296936543093083
2.9549999999997825,1.0299764131391378
2.95599999999978,1.0303062425414855
2.956999999999778,1.0305220267703754
2.9579999999997755,1.0308820251151127
2.958999999999773,1.0311914016807444
2.959999999999771,1.0315500310159815
2.9609999999997685,1.031881939280343
2.961999999999766,1.0322074025966466
2.962999999999764,1.0325219923611664
2.9639999999997615,1.03277403072478
2.964999999999759,1.0331435449787363
2.965999999999757,1.0334819028258562
2.9669999999997545,1.033846748262178
2.967999999999752,1.0342004963644127
2.96899999999975,1.0345443171131008
2.9699999999997475,1.0348061706570615
2.970999999999745,1.0351314064297958
2.971999999999743,1.0354984877607676
2.9729999999997405,1.0358715871138917
2.973999999999738,1.0362166456899036
2.974999999999736,1.0366133239393667
2.9759999999997335,1.0368690414769233
2.976999999999731,1.0372080685235274
2.977999999999729,1.0375583156611172
2.9789999999997265,1.0379021315702817
2.979999999999724,1.038297360940583
2.980999999999722,1.0386459753962252
2.9819999999997195,1.0389392523614878
2.982999999999717,1.039260597570472
2.983999999999715,1.0396336234285073
2.9849999999997125,1.0399614605780867
2.98599999999971,1.0403169066635278
2.986999999999708,1.040680484819978
2.9879999999997056,1.0410562505235434
2.9889999999997032,1.041322971832432
2.989999999999701,1.041645838423819
2.9909999999996986,1.0420013299959054
2.9919999999996962,1.0423307216839317
2.992999999999694,1.0426719527171882
2.9939999999996916,1.0430239112570476
2.9949999999996892,1.0432841767712249
2.995999999999687,1.043656328647948
2.9969999999996846,1.0439864896498532
2.9979999999996823,1.044312369193635
2.99899999999968,1.0446683139071402
2.9999999999996776,1.0449754137022012
3.0009999999996753,1.0452477191161114
3.001999999999673,1.0456134167711413
3.0029999999996706,1.0459697193856747
3.0039999999996683,1.0463349164926299
3.004999999999666,1.0466495650931436
3.0059999999996636,1.047012406251408
3.0069999999996613,1.047252465165628
3.007999999999659,1.0476433242189
3.0089999999996566,1.0479834869084663
3.0099999999996543,1.0483684541961706
3.010999999999652,1.0487273972362599
3.0119999999996496,1.0490774985488964
3.0129999999996473,1.0494164858624728
3.013999999999645,1.0496871323517674
3.0149999999996426,1.050081474004846
3.0159999999996403,1.0504449988884308
3.016999999999638,1.0508349149160872
3.0179999999996356,1.051214446242167
3.0189999999996333,1.0515859477891953
3.019999999999631,1.0518687621210143
3.0209999999996286,1.0522212675016438
3.0219999999996263,1.0526176252678703
3.022999999999624,1.0530188217118306
3.0239999999996217,1.0533910485564713
3.0249999999996193,1.0538119312974799
3.025999999999617,1.0540858724970728
3.0269999999996147,1.0544481591517112
3.0279999999996123,1.0548217086492782
3.02899999999961,1.0551866006324735
3.0299999999996077,1.0556039666904729
3.0309999999996053,1.0559725409554173
3.031999999999603,1.0562807402235366
3.0329999999996007,1.0566231698090833
3.0339999999995984,1.0570160737351084
3.034999999999596,1.0573685096430099
3.0359999999995937,1.057746228933953
3.0369999999995914,1.0581339348762908
3.037999999999589,1.0585332097693094
3.0389999999995867,1.0588165088034789
3.0399999999995844,1.0591609527216872
3.040999999999582,1.0595371340534414
3.0419999999995797,1.0598869840884981
3.0429999999995774,1.0602475609896762
3.043999999999575,1.0606160616030291
3.0449999999995727,1.0608881668730727
3.0459999999995704,1.06127649222018
3.046999999999568,1.0616196689905768
3.0479999999995657,1.0619590698470418
3.0489999999995634,1.062328576638958
3.049999999999561,1.0626517344383526
3.0509999999995587,1.0629349254336453
3.0519999999995564,1.0633151524236613
3.052999999999554,1.0636844916670822
3.0539999999995517,1.0640642608548705
3.0549999999995494,1.0643910001095689
3.055999999999547,1.064767585932747
3.0569999999995447,1.0650174287224539
3.0579999999995424,1.0654191252895304
3.05899999999954,1.0657710357420322
3.0599999999995378,1.0661612150569837
3.0609999999995354,1.0665276565559971
3.061999999999533,1.0668822539032623
3.0629999999995308,1.0672255066333867
3.0639999999995284,1.0674999320656855
3.064999999999526,1.0678987177266441
3.0659999999995238,1.068266383921043
3.0669999999995214,1.068659092831727
3.067999999999519,1.0690410425403911
3.068999999999517,1.0694166685623536
3.0699999999995145,1.0697021866283343
3.070999999999512,1.0700564444672716
3.07199999999951,1.0704566959035768
3.0729999999995075,1.0708598893825472
3.073999999999505,1.07123288768252
3.074999999999503,1.0716503789923753
3.0759999999995005,1.0719225897106335
3.076999999999498,1.0722816013219596
3.077999999999496,1.072652561544492
3.0789999999994935,1.0730118436394358
3.079999999999491,1.0734249903942694
3.080999999999489,1.0737860650549023
3.0819999999994865,1.074088074494906
3.082999999999484,1.0744234034814495
3.083999999999482,1.0748062145791226
3.0849999999994795,1.075154165341539
3.085999999999477,1.075522848213866
3.086999999999475,1.075903031114416
3.0879999999994725,1.0762931840720624
3.08899999999947,1.0765675847847935
3.089999999999468,1.076899152488018
3.0909999999994655,1.077260673810392
3.091999999999463,1.077595312961049
3.092999999999461,1.0779389022145716
3.0939999999994585,1.0782859846532895
3.094999999999456,1.078540732568294
3.095999999999454,1.0789054475304316
3.0969999999994515,1.079219672759573
3.097999999999449,1.0795287975170003
3.098999999999447,1.0798655758080469
3.0999999999994445,1.0801567727329326
3.100999999999442,1.0804122278935444
3.10199999999944,1.080752790293697
3.1029999999994375,1.0810771802910992
3.103999999999435,1.0814107400718131
3.104999999999433,1.0816854720415245
3.1059999999994305,1.0820093609240176
3.106999999999428,1.0822177152250885
3.107999999999426,1.082559008895952
3.1089999999994236,1.08284991612161
3.1099999999994212,1.0831687079119594
3.110999999999419,1.0834648325703893
3.1119999999994166,1.0837434937685828
3.1129999999994142,1.0840081414999807
3.113999999999412,1.0842226766308898
3.1149999999994096,1.0845382647637447
3.1159999999994072,1.0848194483115383
3.116999999999405,1.0851208560077197
3.1179999999994026,1.0854077788847274
3.1189999999994003,1.0856872161486129
3.119999999999398,1.085898140222501
3.1209999999993956,1.08614821104213
3.1219999999993933,1.0864435699214356
3.122999999999391,1.0867370834516492
3.1239999999993886,1.0869965476432253
3.1249999999993863,1.087293060223362
3.125999999999384,1.0874744367962779
3.1269999999993816,1.0877093767158272
3.1279999999993793,1.087954793794265
3.128999999999377,1.0881825721081197
3.1299999999993746,1.088463024247342
3.1309999999993723,1.0886852222950056
3.13199999999937,1.088880504177113
3.1329999999993676,1.0890724515110697
3.1339999999993653,1.0893050346641466
3.134999999999363,1.0895059487145355
3.1359999999993606,1.0897190015446372
3.1369999999993583,1.089941961201454
3.137999999999356,1.0901704855194365
3.1389999999993536,1.0903198970546235
3.1399999999993513,1.0904825171061285
3.140999999999349,1.0906715463745627
3.1419999999993466,1.090832404453196
3.1429999999993443,1.0909997875711308
3.143999999999342,1.091165434958977
3.1449999999993397,1.0912827455480707
3.1459999999993373,1.091463889521724
3.146999999999335,1.0915896880803428
3.1479999999993327,1.091709554965582
3.1489999999993303,1.091855090026563
3.149999999999328,1.0919572403501536
3.1509999999993257,1.0920674828842103
3.1519999999993233,1.0922131749100972
3.152999999999321,1.0923388724943928
3.1539999999993187,1.092474580063622
3.1549999999993164,1.0925478419496693
3.155999999999314,1.0926714356113514
3.1569999999993117,1.0927294212699004
3.1579999999993094,1.0928666429821425
3.158999999999307,1.0929557934174694
3.1599999999993047,1.0930645582336718
3.1609999999993024,1.0931547379736466
3.1619999999993,1.0932247587990038
3.1629999999992977,1.0932807355716714
3.1639999999992954,1.0933396013765864
3.164999999999293,1.0934463027628922
3.1659999999992907,1.0935179331753906
3.1669999999992884,1.0936074367327684
3.167999999999286,1.0936811783969191
3.1689999999992837,1.0937488048909447
3.1699999999992814,1.0938001962365778
3.170999999999279,1.093835313654274
3.1719999999992767,1.0939174478688432
3.1729999999992744,1.0939959443865537
3.173999999999272,1.0940397264661073
3.1749999999992697,1.0941161075019716
3.1759999999992674,1.0941347908095238
3.176999999999265,1.0941529008719126
3.1779999999992627,1.0941833455320278
3.1789999999992604,1.0941936395775211
3.179999999999258,1.0942584479428084
3.1809999999992558,1.0942625740840888
3.1819999999992534,1.0942938397355861
3.182999999999251,1.0942692303802395
3.1839999999992488,1.094281509223825
3.1849999999992464,1.0942685210099543
3.185999999999244,1.094262437309517
3.1869999999992418,1.0942679494126561
3.1879999999992394,1.0942779876561324
3.188999999999237,1.0942620096493105
3.189999999999235,1.0942048212731126
3.1909999999992325,1.0941734947437964
3.19199999999923,1.0941159483986707
3.192999999999228,1.094065547529441
3.1939999999992255,1.0940111735745488
3.194999999999223,1.0939639615442294
3.195999999999221,1.0939275286497991
3.1969999999992185,1.093833869565099
3.197999999999216,1.0937356446707187
3.198999999999214,1.0936629843442867
3.1999999999992115,1.0935510376231243
3.200999999999209,1.0934982895712095
3.201999999999207,1.0934268489501797
3.2029999999992045,1.0933332252668337
3.203999999999202,1.0932516391832374
3.2049999999992,1.0931059995643544
3.2059999999991975,1.0930130492988503
3.206999999999195,1.0929097680979767
3.207999999999193,1.09282964648515
3.2089999999991905,1.092705500922457
3.209999999999188,1.0925946976665701
3.210999999999186,1.0924707721372682
3.2119999999991835,1.0923257718259942
3.212999999999181,1.0921680882758322
3.213999999999179,1.0920682308186245
3.2149999999991765,1.0919628684314526
3.215999999999174,1.0918230202288024
3.216999999999172,1.091699690440462
3.2179999999991695,1.0915602471068897
3.218999999999167,1.091416713755379
3.219999999999165,1.0913095465910096
3.2209999999991625,1.091131857347007
3.22199999999916,1.0910030607303773
3.222999999999158,1.09086948859265
3.2239999999991555,1.0907012570758738
3.224999999999153,1.0905618201431262
3.225999999999151,1.0904214358544364
3.2269999999991485,1.090228016003811
3.227999999999146,1.090049096334673
3.228999999999144,1.0898482907170186
3.2299999999991416,1.0897038782337296
3.2309999999991392,1.089497323858523
3.231999999999137,1.0893702887332983
3.2329999999991346,1.089137279542308
3.2339999999991322,1.0889378587332539
3.23499999999913,1.088719515987924
3.2359999999991276,1.0885035223721102
3.2369999999991252,1.0883009218111597
3.237999999999123,1.0881021871160768
3.2389999999991206,1.0879285643108603
3.2399999999991183,1.0876623445607492
3.240999999999116,1.0874217274758549
3.2419999999991136,1.0871572479589362
3.2429999999991113,1.0869009367324103
3.243999999999109,1.0866391077270172
3.2449999999991066,1.0864371338470578
3.2459999999991043,1.086196335989872
3.246999999999102,1.0858974357462987
3.2479999999990996,1.0855957912728755
3.2489999999990973,1.0853200068692554
3.249999999999095,1.0850093992153427
3.2509999999990926,1.0848055785991186
3.2519999999990903,1.0845332976244335
3.252999999999088,1.0842373537351773
3.2539999999990856,1.0839556612672436
3.2549999999990833,1.0836091596025226
3.255999999999081,1.0833176431079745
3.2569999999990786,1.0830669264617714
3.2579999999990763,1.0827882480082895
3.258999999999074,1.0824700980604305
3.2599999999990716,1.0821602355199915
3.2609999999990693,1.081843219540582
3.261999999999067,1.0815054373587074
3.2629999999990646,1.0811574720544728
3.2639999999990623,1.080917091556513
3.26499999999906,1.080625085599845
3.2659999999990577,1.080300881592993
3.2669999999990553,1.0799935549028776
3.267999999999053,1.0796716318983492
3.2689999999990507,1.079349416724245
3.2699999999990483,1.0791093709556256
3.270999999999046,1.0787552145832604
3.2719999999990437,1.078453685772732
3.2729999999990413,1.0781486835548766
3.273999999999039,1.0778117322214067
3.2749999999990367,1.0775024670832263
3.2759999999990344,1.0772391285235248
3.276999999999032,1.0768845795325939
3.2779999999990297,1.0765491422104414
3.2789999999990274,1.076193048119117
3.279999999999025,1.0758975024240958
3.2809999999990227,1.0755414573999196
3.2819999999990204,1.0753036292749718
3.282999999999018,1.0749280423537
3.2839999999990157,1.0745855114853542
3.2849999999990134,1.0742326051366928
3.285999999999011,1.0738804326264715
3.2869999999990087,1.073545748006627
3.2879999999990064,1.073216759239589
3.288999999999004,1.072946234489172
3.2899999999990017,1.072554089309216
3.2909999999989994,1.0721895854168932
3.291999999998997,1.0718057490288846
3.2929999999989947,1.0714332801005733
3.2939999999989924,1.0710562068440994
3.29499999999899,1.0707700313429667
3.2959999999989877,1.0704205658894461
3.2969999999989854,1.0700146143484812
3.297999999998983,1.0696097894368062
3.2989999999989807,1.0692331650554665
3.2999999999989784,1.0688280382922033
3.300999999998976,1.0685526163607801
3.3019999999989738,1.0681871232372038
3.3029999999989714,1.0677987792236694
3.303999999998969,1.0674286700481352
3.3049999999989668,1.0669952243507492
3.3059999999989644,1.0666204738439082
3.306999999998962,1.0663099061189714
3.3079999999989598,1.0659509357234713
3.3089999999989574,1.065558436690253
3.309999999998955,1.0651711896272258
3.310999999998953,1.0647836829873816
3.3119999999989505,1.0643769898446223
3.312999999998948,1.0639636759509248
3.313999999998946,1.063676915099851
3.3149999999989435,1.0633244778293691
3.315999999998941,1.0629431153070579
3.316999999998939,1.0625796653863986
3.3179999999989365,1.0622037845810173
3.318999999998934,1.061831834536038
3.319999999998932,1.0615558313494466
3.3209999999989295,1.0611548860336226
3.321999999998927,1.0608101902891616
3.322999999998925,1.060463408181119
3.3239999999989225,1.060087515542011
3.32499999999892,1.0597382434682132
3.325999999998918,1.0594489981704704
3.3269999999989155,1.0590622615024323
3.327999999998913,1.0586986654446175
3.328999999998911,1.0583154691050782
3.3299999999989085,1.0579960887318587
3.330999999998906,1.0576176178644425
3.331999999998904,1.0573636990608803
3.3329999999989015,1.0569713520621158
3.333999999998899,1.056611068733821
3.334999999998897,1.0562478922717398
3.3359999999988945,1.0558835869140166
3.336999999998892,1.0555399696344643
3.33799999999889,1.0552032429424258
3.3389999999988875,1.0549275015031958
3.339999999998885,1.0545310776148105
3.340999999998883,1.054163614402825
3.3419999999988805,1.053780400535798
3.342999999998878,1.0534108863199596
3.343999999998876,1.0530370734638108
3.3449999999988735,1.052754927581053
3.345999999998871,1.0524133629394856
3.346999999998869,1.0520162070748527
3.3479999999988665,1.0516229931250873
3.348999999998864,1.0512592951368118
3.349999999998862,1.050872144899746
3.3509999999988596,1.050608919278512
3.3519999999988572,1.0502609814819508
3.352999999998855,1.049890356796393
3.3539999999988526,1.0495408552141705
3.3549999999988502,1.0491288632457372
3.355999999998848,1.0487780079350524
3.3569999999988456,1.048487218988052
3.3579999999988432,1.0481533771186722
3.358999999998841,1.0477907119759742
3.3599999999988386,1.0474298313721362
3.3609999999988363,1.0470740285287001
3.361999999998834,1.0466995144841211
3.3629999999988316,1.0463206696938072
3.3639999999988293,1.0460613557037617
3.364999999998827,1.0457457720751455
3.3659999999988246,1.0454033534588654
3.3669999999988223,1.0450786317608751
3.36799999999882,1.0447424286224265
3.3689999999988176,1.0444130306850974
3.3699999999988153,1.0441694821254648
3.370999999998813,1.0438121463491854
3.3719999999988106,1.0435132963478886
3.3729999999988083,1.0432127376257707
3.373999999998806,1.0428849606879442
3.3749999999988036,1.0425819796728968
3.3759999999988013,1.0423306358089217
3.376999999998799,1.0419956908266306
3.3779999999987966,1.0416865727662217
3.3789999999987943,1.0413580011549888
3.379999999998792,1.0410950014257
3.3809999999987896,1.0407733737406364
3.3819999999987873,1.0405619005677893
3.382999999998785,1.0402296724951101
3.3839999999987826,1.0399275815611382
3.3849999999987803,1.039628289450168
3.385999999998778,1.0393253558504805
3.3869999999987757,1.0390449970620987
3.3879999999987733,1.0387717668068828
3.388999999998771,1.0385437814882468
3.3899999999987687,1.0382128296958388
3.3909999999987663,1.037911221672992
3.391999999998764,1.0375962494622029
3.3929999999987617,1.0372962490036015
3.3939999999987593,1.0369914365531072
3.394999999998757,1.0367618209362868
3.3959999999987547,1.0364915608371943
3.3969999999987524,1.0361655900615148
3.39799999999875,1.0358449715743268
3.3989999999987477,1.0355538646452986
3.3999999999987454,1.0352426204928977
3.400999999998743,1.0350343924617453
3.4019999999987407,1.0347599390528388
3.4029999999987384,1.034462040681467
3.403999999998736,1.034186804521262
3.4049999999987337,1.0338491011907547
3.4059999999987314,1.0335736517505338
3.406999999998729,1.0333405116119951
3.4079999999987267,1.033081657613788
3.4089999999987244,1.0327972765376312
3.409999999998722,1.0325109701545025
3.4109999999987197,1.0322333773499108
3.4119999999987174,1.031936515704184
3.412999999998715,1.0316362538080663
3.4139999999987127,1.0314364261422977
3.4149999999987104,1.0311993032591962
3.415999999998708,1.0309360656926732
3.4169999999987057,1.0306891206937427
3.4179999999987034,1.0304303409468505
3.418999999998701,1.0301797150686445
3.4199999999986987,1.0299949961018144
3.4209999999986964,1.029715585248645
3.421999999998694,1.0294954816159139
3.4229999999986918,1.0292730753487394
3.4239999999986894,1.029024250345122
3.424999999998687,1.0287977846462872
3.4259999999986848,1.02860591395012
3.4269999999986824,1.0283503517533905
3.42799999999868,1.0281217148295851
3.4289999999986778,1.0278726064095929
3.4299999999986754,1.027689064339758
3.430999999998673,1.0274460008003337
3.431999999998671,1.027292232572272
3.4329999999986685,1.027038644696028
3.433999999998666,1.0268120826974163
3.434999999998664,1.0265914340505788
3.4359999999986615,1.0263637157105758
3.436999999998659,1.0261587022813345
3.437999999998657,1.02595975843154
3.4389999999986545,1.0257868727655877
3.439999999998652,1.0255299088596606
3.44099999999865,1.025301429396349
3.4419999999986475,1.0250603728979488
3.442999999998645,1.0248341968736658
3.443999999998643,1.0246016113385827
3.4449999999986405,1.0244259369432613
3.445999999998638,1.024227379172068
3.446999999998636,1.023971704790489
3.4479999999986335,1.0237210672020822
3.448999999998631,1.0234984312692499
3.449999999998629,1.0232568202603518
3.4509999999986265,1.023098327708896
3.451999999998624,1.0228891749257294
3.452999999998622,1.0226547918424178
3.4539999999986195,1.0224431286785867
3.454999999998617,1.0221681251982937
3.455999999998615,1.0219552314275147
3.4569999999986125,1.0217693385002873
3.45799999999861,1.021571242449876
3.458999999998608,1.0213493562725195
3.4599999999986055,1.0211219792245572
3.460999999998603,1.0209051673093033
3.461999999998601,1.0206677580163042
3.4629999999985985,1.020426620895807
3.463999999998596,1.0202708000983804
3.464999999998594,1.0200907171103106
3.4659999999985915,1.0198840079601317
3.466999999998589,1.0196915077840505
3.467999999998587,1.0194858817462198
3.4689999999985845,1.0192885190114005
3.469999999998582,1.019143073600001
3.47099999999858,1.0189151069675078
3.4719999999985776,1.0187464114035778
3.4729999999985752,1.0185745262513461
3.473999999998573,1.0183764446664951
3.4749999999985706,1.018198635140765
3.4759999999985682,1.0180445758573096
3.476999999998566,1.017839105753137
3.4779999999985636,1.0176608806469072
3.4789999999985612,1.0174609626653797
3.479999999998559,1.0173259765037912
3.4809999999985566,1.0171303273554708
3.4819999999985543,1.017010859894321
3.482999999998552,1.0168037372142653
3.4839999999985496,1.0166209877609587
3.4849999999985473,1.016445763444677
3.485999999998545,1.0162608495671734
3.4869999999985426,1.0160985199169235
3.4879999999985403,1.015941523957193
3.488999999998538,1.0157997412864668
3.4899999999985356,1.0155847492992358
3.4909999999985333,1.0153977996865267
3.491999999998531,1.0151989479255086
3.4929999999985286,1.0150151406716195
3.4939999999985263,1.0148239700945123
3.494999999998524,1.0146792150750645
3.4959999999985216,1.0145217043817953
3.4969999999985193,1.01430612044239
3.497999999998517,1.0140952181329836
3.4989999999985146,1.0139111566509875
3.4999999999985123,1.013708643447282
3.50099999999851,1.0135777896709433
3.5019999999985076,1.0134048680177943
3.5029999999985053,1.013205630997563
3.503999999998503,1.0130292820107627
3.5049999999985006,1.0127893334067497
3.5059999999984983,1.012611667333544
3.506999999998496,1.0124526388460995
3.5079999999984937,1.0122893011223897
3.5089999999984913,1.0121035000037104
3.509999999998489,1.0119105058636257
3.5109999999984867,1.0117292964007354
3.5119999999984843,1.011526833770297
3.512999999998482,1.0113203993165762
3.5139999999984797,1.0111903374218887
3.5149999999984773,1.01104353314269
3.515999999998475,1.0108696914457835
3.5169999999984727,1.0107088356298233
3.5179999999984704,1.0105340115151582
3.518999999998468,1.0103675818724174
3.5199999999984657,1.0102451081499557
3.5209999999984634,1.010047509042879
3.521999999998461,1.0099095070653135
3.5229999999984587,1.0097682901354843
3.5239999999984564,1.00960149440688
3.524999999998454,1.0094544558933614
3.5259999999984517,1.0093244661299101
3.5269999999984494,1.0091511851226327
3.527999999998447,1.0090056126731852
3.5289999999984447,1.0088379298549894
3.5299999999984424,1.0087349299122685
3.53099999999844,1.008570748120522
3.5319999999984377,1.0084742499200752
3.5329999999984354,1.008298066465971
3.533999999998433,1.008145088058813
3.5349999999984307,1.0080002778831827
3.5359999999984284,1.007844831314863
3.536999999998426,1.007712165254603
3.5379999999984237,1.0075849607681946
3.5389999999984214,1.0074657084729575
3.539999999998419,1.007281449272402
3.5409999999984167,1.007125606395967
3.5419999999984144,1.0069585943901935
3.542999999998412,1.0068072638770782
3.5439999999984098,1.0066485675111987
3.5449999999984074,1.0065282445726995
3.545999999998405,1.0064033792193676
3.5469999999984028,1.0062201441515912
3.5479999999984004,1.006041432587631
3.548999999998398,1.0058890904891498
3.5499999999983958,1.0057183098714568
3.5509999999983934,1.0056106660782282
3.551999999998391,1.0054686293436947
3.552999999998389,1.0053001489657303
3.5539999999983864,1.0051549936223398
3.554999999998384,1.0049466546251105
3.555999999998382,1.0048012250406708
3.5569999999983795,1.0046668897224613
3.557999999998377,1.004536797894872
3.558999999998375,1.0043851192553008
3.5599999999983725,1.0042265835740063
3.56099999999837,1.00408045452862
3.561999999998368,1.003913199197772
3.5629999999983655,1.0037419800774356
3.563999999998363,1.0036382681637055
3.564999999998361,1.0035263225716475
3.5659999999983585,1.0033872008605373
3.566999999998356,1.0032608437595922
3.567999999998354,1.0031202384786428
3.5689999999983515,1.0029881692151765
3.569999999998349,1.002891605930214
3.570999999998347,1.0027287933468918
3.5719999999983445,1.0026260829366604
3.572999999998342,1.0025207067432491
3.57399999999834,1.0023904254728309
3.5749999999983375,1.0022806097613657
3.575999999998335,1.0021789237007892
3.576999999998333,1.0020436065678713
3.5779999999983305,1.0019363039222913
3.578999999998328,1.0018069913706829
3.579999999998326,1.0017422705359065
3.5809999999983235,1.00161617133709
3.581999999998321,1.0015480418961298
3.582999999998319,1.0014093518894487
3.5839999999983165,1.0012938398001394
3.584999999998314,1.0011859531681022
3.585999999998312,1.0010676831188463
3.5869999999983095,1.0009722657941393
3.587999999998307,1.0008827568132534
3.588999999998305,1.000792129197046
3.5899999999983025,1.0006464288412675
3.5909999999983,1.0005297827302582
3.591999999998298,1.000402259095913
3.5929999999982956,1.0002909854483504
3.5939999999982932,1.000172810978622
3.594999999998291,1.0000829172836125
3.5959999999982886,0.9999986281628274
3.5969999999982862,0.9998559385950446
3.597999999998284,0.9997175157553128
3.5989999999982816,0.9996053571598845
3.5999999999982792,0.9994740478343713
3.600999999998277,0.9993961695103157
3.6019999999982746,0.9992938520019086
3.6029999999982723,0.9991653410451985
3.60399999999827,0.9990602974194667
3.6049999999982676,0.9988924733619952
3.6059999999982653,0.9987879792116808
3.606999999998263,0.9986845008423455
3.6079999999982606,0.9985965180935125
3.6089999999982583,0.9984868732931027
3.609999999998256,0.9983718251277288
3.6109999999982536,0.9982688345454646
3.6119999999982513,0.998145041030233
3.612999999998249,0.9980171360288195
3.6139999999982466,0.9979457950308145
3.6149999999982443,0.9978770978691452
3.615999999998242,0.9977809768709005
3.6169999999982396,0.9976978521325793
3.6179999999982373,0.9976003560416618
3.618999999998235,0.9975111975327967
3.6199999999982326,0.9974470006185265
3.6209999999982303,0.9973276584561162
3.621999999998228,0.9972686828040754
3.6229999999982256,0.9972076754896599
3.6239999999982233,0.997122138176183
3.624999999998221,0.9970584002872234
3.6259999999982186,0.9969910255585379
3.6269999999982163,0.9969016415579528
3.627999999998214,0.9968403398259835
3.6289999999982117,0.9967574891444306
3.6299999999982093,0.9967392669112631
3.630999999998207,0.9966597658294574
3.6319999999982047,0.9966267527611303
3.6329999999982023,0.9965341489968488
3.6339999999982,0.996465573031126
3.6349999999981977,0.9964032857808058
3.6359999999981953,0.9963317179694562
3.636999999998193,0.9962829405196949
3.6379999999981907,0.996240653923253
3.6389999999981884,0.9961858532224119
3.639999999998186,0.9960880178124927
3.6409999999981837,0.9960199783959157
3.6419999999981814,0.9959410113845996
3.642999999998179,0.9958787723084741
3.6439999999981767,0.9958104792937771
3.6449999999981744,0.9957580781496975
3.645999999998172,0.9957238431295962
3.6469999999981697,0.9956315419161434
3.6479999999981674,0.9955433725138332
3.648999999998165,0.9954818016836362
3.6499999999981627,0.9954000876920055
3.6509999999981604,0.9953601708792053
3.651999999998158,0.9953086470581222
3.6529999999981557,0.995231532750401
3.6539999999981534,0.9951778726229464
3.654999999998151,0.995061857180841
3.6559999999981487,0.9950094412334436
3.6569999999981464,0.994944947402638
3.657999999998144,0.9949103085257185
3.6589999999981417,0.9948533800090474
3.6599999999981394,0.9947932274021818
3.660999999998137,0.9947442907335435
3.6619999999981347,0.9946751289363663
3.6629999999981324,0.9946018049097967
3.66399999999813,0.994571377492956
3.6649999999981278,0.9945577097466438
3.6659999999981254,0.9945165178445062
3.666999999998123,0.9944889682299164
3.6679999999981208,0.9944471825037208
3.6689999999981184,0.9944134154337513
3.669999999998116,0.9943909798785805
3.6709999999981138,0.9943276869000436
3.6719999999981114,0.9943248269254102
3.672999999998109,0.9943205426273269
3.673999999998107,0.9942918627048737
3.6749999999981044,0.9942865561890478
3.675999999998102,0.9942623606509033
3.6769999999981,0.9942306837724896
3.6779999999980975,0.99422700351514
3.678999999998095,0.9942024717586182
3.679999999998093,0.994242697275843
3.6809999999980905,0.9942219792473498
3.681999999998088,0.994233428121029
3.682999999998086,0.9941992338848099
3.6839999999980835,0.9941903729068047
3.684999999998081,0.9941860908074076
3.685999999998079,0.9941739989818709
3.6869999999980765,0.9941844682602224
3.687999999998074,0.9942019193036777
3.688999999998072,0.9941922584856057
3.6899999999980695,0.9941544006675005
3.690999999998067,0.994146925532141
3.691999999998065,0.9941281347243152
3.6929999999980625,0.9941263001889087
3.69399999999806,0.9941193031537879
3.694999999998058,0.9941129049469681
3.6959999999980555,0.9941399981470583
3.696999999998053,0.994109470343721
3.697999999998051,0.9940829425190075
3.6989999999980485,0.9940834840565115
3.699999999998046,0.9940627292861174
3.700999999998044,0.9940694923640447
3.7019999999980415,0.9940803199516809
3.702999999998039,0.9940661670166825
3.703999999998037,0.9940751742735829
3.7049999999980345,0.9940220407524918
3.705999999998032,0.9940324215599374
3.70699999999803,0.9940146795228026
3.7079999999980275,0.9940436123364992
3.708999999998025,0.9940491530910406
3.709999999998023,0.994053622833922
3.7109999999980205,0.9940680502317939
3.711999999998018,0.9940627035021855
3.712999999998016,0.9940530134933875
3.7139999999980136,0.9940702044869683
3.7149999999980112,0.9941205016186367
3.715999999998009,0.9941430885103558
3.7169999999980066,0.9941799113392764
3.7179999999980042,0.9942025576399085
3.718999999998002,0.9942326325443223
3.7199999999979996,0.9942581217689651
3.7209999999979972,0.9942588663001186
3.721999999997995,0.9943196936663796
3.7229999999979926,0.9943793296480229
3.7239999999979903,0.9944142653043616
3.724999999997988,0.9944738063978076
3.7259999999979856,0.99449725360449
3.7269999999979833,0.9945289226217964
3.727999999997981,0.9945881226669022
3.7289999999979786,0.9946269523996338
3.7299999999979763,0.9947304020824478
3.730999999997974,0.9947730782112557
3.7319999999979716,0.9948323211584972
3.7329999999979693,0.9948607681352157
3.733999999997967,0.9949156747285685
3.7349999999979646,0.9949731286130377
3.7359999999979623,0.9950239888634204
3.73699999999796,0.9950967929727254
3.7379999999979576,0.9951766404369423
3.7389999999979553,0.9952138240243342
3.739999999997953,0.9952377851596276
3.7409999999979506,0.9952922119544879
3.7419999999979483,0.9953344465461696
3.742999999997946,0.9953933552218581
3.7439999999979436,0.9954475812469137
3.7449999999979413,0.995486874831946
3.745999999997939,0.9955745363801207
3.7469999999979366,0.9956047139724055
3.7479999999979343,0.9956384425169301
3.748999999997932,0.9956993990159099
3.7499999999979297,0.9957376080187972
3.7509999999979273,0.9957893368704671
3.751999999997925,0.9958598954946162
3.7529999999979227,0.9959056903222291
3.7539999999979203,0.9959738789619074
3.754999999997918,0.99597968026615
3.7559999999979157,0.9960483675790167
3.7569999999979133,0.9960736863539107
3.757999999997911,0.9961607488518943
3.7589999999979087,0.9962228273906762
3.7599999999979064,0.9962854164135089
3.760999999997904,0.9963562545115743
3.7619999999979017,0.9964073201225451
3.7629999999978994,0.9964534595294722
3.763999999997897,0.9965121475281291
3.7649999999978947,0.9966178966435704
3.7659999999978924,0.9966953838811047
3.76699999999789,0.9967872858906394
3.7679999999978877,0.9968646913060948
3.7689999999978854,0.996948511201559
3.769999999997883,0.9970140509101623
3.7709999999978807,0.9970679311092092
3.7719999999978784,0.9971810210723561
3.772999999997876,0.9972926291583573
3.7739999999978737,0.9973787137616222
3.7749999999978714,0.9974900434011189
3.775999999997869,0.997551058103648
3.7769999999978667,0.9976322256182569
3.7779999999978644,0.9977399821042395
3.778999999997862,0.9978273822651331
3.7799999999978597,0.9979788169347985
3.7809999999978574,0.9980692553096494
3.781999999997855,0.9981642878081218
3.7829999999978527,0.9982390845654767
3.7839999999978504,0.9983409927320877
3.784999999997848,0.9984431015317404
3.7859999999978458,0.9985393365430016
3.7869999999978434,0.9986564855180471
3.787999999997841,0.9987802782536934
3.7889999999978388,0.9988501514024648
3.7899999999978364,0.9989166997914584
3.790999999997834,0.9990132910929291
3.7919999999978318,0.9990964157190506
3.7929999999978294,0.9991954819451274
3.793999999997827,0.9992898678826515
3.794999999997825,0.9993587926598269
3.7959999999978224,0.9994852590435989
3.79699999999782,0.9995540032884898
3.797999999997818,0.9996254789456973
3.7989999999978155,0.9997239338196323
3.799999999997813,0.99979790472264
3.800999999997811,0.999876902588202
3.8019999999978085,0.9999832989035039
3.802999999997806,1.0000647435206678
3.803999999997804,1.0001674503648013
3.8049999999978015,1.0002071792403526
3.805999999997799,1.0003087952660448
3.806999999997797,1.0003579732578958
3.8079999999977945,1.0004771535526833
3.808999999997792,1.0005694934551062
3.80999999999779,1.0006634686007927
3.8109999999977875,1.000763734085275
3.811999999997785,1.0008439252920538
3.812999999997783,1.0009182996404575
3.8139999999977805,1.0009975937459992
3.814999999997778,1.0011306512938674
3.815999999997776,1.001234605272782
3.8169999999977735,1.0013528569467454
3.817999999997771,1.0014560132073465
3.818999999997769,1.0015643134591343
3.8199999999977665,1.001647803847632
3.820999999997764,1.001725152541078
3.821999999997762,1.0018605853477982
3.8229999999977595,1.0019940325417358
3.823999999997757,1.0021009199264828
3.824999999997755,1.002233438966491
3.8259999999977525,1.0023090161689543
3.82699999999775,1.002408868453033
3.827999999997748,1.0025341734791062
3.8289999999977455,1.0026389101297546
3.829999999997743,1.0028068872550475
3.830999999997741,1.002913475438563
3.8319999999977385,1.0030204766675126
3.832999999997736,1.0031097356393688
3.833999999997734,1.0032265518623233
3.8349999999977316,1.003341092150627
3.8359999999977292,1.0034503126739913
3.836999999997727,1.003579325329239
3.8379999999977246,1.003714513714516
3.8389999999977222,1.0037926042949048
3.83999999999772,1.0038691064761993
3.8409999999977176,1.003975154732119
3.8419999999977152,1.0040664674787085
3.842999999997713,1.0041729736616776
3.8439999999977106,1.0042747329467523
3.8449999999977083,1.0043486752083637
3.845999999997706,1.0044810884612279
3.8469999999977036,1.0045555258733596
3.8479999999977013,1.0046318017755638
3.848999999997699,1.0047347253317755
3.8499999999976966,1.0048113885874879
3.8509999999976943,1.0048928231005003
3.851999999997692,1.005001986549027
3.8529999999976896,1.0050860048343788
3.8539999999976873,1.0051901808096668
3.854999999997685,1.0052308945233932
3.8559999999976826,1.0053325757100755
3.8569999999976803,1.005381093055901
3.857999999997678,1.0054997826209466
3.8589999999976756,1.005589897526739
3.8599999999976733,1.0056829270761913
3.860999999997671,1.0057803793128428
3.8619999999976686,1.0058576146424378
3.8629999999976663,1.0059281975952667
3.863999999997664,1.0060041254622356
3.8649999999976616,1.006132588189218
3.8659999999976593,1.0062311570093998
3.866999999997657,1.0063440405520323
3.8679999999976546,1.0064413251564104
3.8689999999976523,1.0065425829985082
3.86999999999765,1.0066205226847562
3.8709999999976477,1.0066902053996014
3.8719999999976453,1.0068170236418539
3.872999999997643,1.0069416426667688
3.8739999999976407,1.0070389102481665
3.8749999999976383,1.0071625367802688
3.875999999997636,1.0072302860226385
3.8769999999976337,1.0073192139924005
3.8779999999976313,1.0074326561820957
3.878999999997629,1.007525543164434
3.8799999999976267,1.007681041447446
3.8809999999976244,1.0077749906592675
3.881999999997622,1.0078725315393637
3.8829999999976197,1.0079477774201315
3.8839999999976174,1.00805130890243
3.884999999997615,1.0081501381711733
3.8859999999976127,1.0082445681569072
3.8869999999976104,1.0083579316107978
3.887999999997608,1.008477383092288
3.8889999999976057,1.0085435876346005
3.8899999999976034,1.0086035664151485
3.890999999997601,1.0086929817704129
3.8919999999975987,1.0087667488063947
3.8929999999975964,1.008855350063783
3.893999999997594,1.0089395309420974
3.8949999999975917,1.0089999868557338
3.8959999999975894,1.009113922797061
3.896999999997587,1.0091700034002005
3.8979999999975847,1.0092272564773037
3.8989999999975824,1.0093111010055131
3.89999999999758,1.0093670591393558
3.9009999999975777,1.00943365805253
3.9019999999975754,1.0095228850656275
3.902999999997573,1.0095871690812
3.9039999999975707,1.0096708305804678
3.9049999999975684,1.0096910202223632
3.905999999997566,1.0097716414080908
3.9069999999975638,1.0098039541859156
3.9079999999975614,1.0099019260124087
3.908999999997559,1.009969903672603
3.9099999999975568,1.0100427683299031
3.9109999999975544,1.010118420672274
3.911999999997552,1.0101741962359818
3.9129999999975498,1.0102227845752385
3.9139999999975474,1.0102818902336899
3.914999999997545,1.0103881369094188
3.915999999997543,1.01046398830449
3.9169999999975404,1.0105546047398912
3.917999999997538,1.0106294697735114
3.918999999997536,1.0107074217729837
3.9199999999975335,1.0107679114116372
3.920999999997531,1.010814495406655
3.921999999997529,1.0109176318674633
3.9229999999975265,1.0110188984920587
3.923999999997524,1.011092475871821
3.924999999997522,1.011193813681885
3.9259999999975195,1.0112438853956989
3.926999999997517,1.0113091509372085
3.927999999997515,1.0113983252121366
3.9289999999975125,1.011467427010526
3.92999999999751,1.0115988158633087
3.930999999997508,1.0116689331829167
3.9319999999975055,1.0117488991711103
3.932999999997503,1.0117994659585219
3.933999999997501,1.0118795913371035
3.9349999999974985,1.0119526092143252
3.935999999997496,1.0120227896929463
3.936999999997494,1.0121113791991998
3.9379999999974915,1.0122064788080494
3.938999999997489,1.0122546872473885
3.939999999997487,1.0122903645744186
3.9409999999974845,1.0123558749310249
3.941999999997482,1.012405197696647
3.94299999999748,1.0124694376484367
3.9439999999974775,1.0125301244450047
3.944999999997475,1.0125729060074582
3.945999999997473,1.0126630540852526
3.9469999999974705,1.0126959511280593
3.947999999997468,1.0127296310372447
3.948999999997466,1.0127902143161922
3.9499999999974635,1.012821404589509
3.950999999997461,1.0128705012644483
3.951999999997459,1.0129365753011719
3.9529999999974565,1.0129784021727164
3.953999999997454,1.0130391286448155
3.954999999997452,1.013036876693807
3.9559999999974496,1.013094847058357
3.9569999999974472,1.0131100020602315
3.957999999997445,1.0131865288050934
3.9589999999974426,1.0132318433203864
3.9599999999974402,1.013284809717584
3.960999999997438,1.0133390279718208
3.9619999999974356,1.013374174612065
3.9629999999974332,1.0134018760376544
3.963999999997431,1.01344514946679
3.9649999999974286,1.0135308234081772
3.9659999999974263,1.0135858782802531
3.966999999997424,1.013656563276217
3.9679999999974216,1.0137116827543975
3.9689999999974193,1.0137692035198012
3.969999999997417,1.0138146364661704
3.9709999999974146,1.0138416889554251
3.9719999999974123,1.0139249392526974
3.97299999999741,1.0140070761972169
3.9739999999974076,1.0140615192763187
3.9749999999974053,1.014145700852322
3.975999999997403,1.0141820018746766
3.9769999999974006,1.014229086076364
3.9779999999973983,1.0142996622228422
3.978999999997396,1.0143510566883716
3.9799999999973936,1.0144645966076464
3.9809999999973913,1.0145175212584971
3.981999999997389,1.0145850990417589
3.9829999999973866,1.0146179770384331
3.9839999999973843,1.0146821535770594
3.984999999997382,1.014736707364982
3.9859999999973796,1.0147905316298216
3.9869999999973773,1.0148624029494968
3.987999999997375,1.0149415273000804
3.9889999999973726,1.0149782702285561
3.9899999999973703,1.0149985362424756
3.990999999997368,1.0150493324102452
3.9919999999973657,1.0150835601048402
3.9929999999973633,1.0151330009397022
3.993999999997361,1.0151801322952605
3.9949999999973587,1.0152128318620028
3.9959999999973563,1.015289428345798
3.996999999997354,1.0153097232493815
3.9979999999973517,1.015330560871555
3.9989999999973493,1.015378848391764
3.999999999997347,1.0153962432585846
4.000999999997345,1.0154363446664614
4.001999999997342,1.0154907749066198
4.00299999999734,1.0155219875262833
4.003999999997338,1.015571717286584
4.004999999997335,1.015559253778854
4.005999999997333,1.0156068714716304
4.006999999997331,1.0156141638584681
4.007999999997328,1.0156819274198938
4.008999999997326,1.0157172527101663
4.009999999997324,1.0157634836929288
4.010999999997321,1.0158093430874755
4.011999999997319,1.0158371673995217
4.012999999997317,1.0158574099075188
4.013999999997314,1.0158949603314216
4.014999999997312,1.0159737055369331
4.01599999999731,1.0160217536655813
4.016999999997307,1.016086499105564
4.017999999997305,1.016136049768635
4.018999999997303,1.0161873479793633
4.0199999999973,1.0162284567520485
4.020999999997298,1.0162504585986638
4.021999999997296,1.0163282897233485
4.022999999997293,1.0164058971395318
4.023999999997291,1.0164558921291378
4.024999999997289,1.016537816302851
4.025999999997286,1.0165714459955104
4.026999999997284,1.016615202065387
4.027999999997282,1.016682007686474
4.028999999997279,1.0167307045054046
4.029999999997277,1.0168413911480743
4.030999999997275,1.0168923101879457
4.031999999997272,1.0169589443318354
4.03299999999727,1.01698940990847
4.033999999997268,1.0170531026669967
4.034999999997265,1.0171045336262772
4.035999999997263,1.0171575709837364
4.036999999997261,1.0172282632859002
4.0379999999972584,1.017306981668988
4.038999999997256,1.0173440043423816
4.039999999997254,1.0173644930629744
4.0409999999972515,1.0174162033586907
4.041999999997249,1.0174509048294453
4.042999999997247,1.0175010464016838
4.0439999999972445,1.0175501981932722
4.044999999997242,1.0175844975676702
4.04599999999724,1.0176630553599273
4.0469999999972375,1.0176863662815145
4.047999999997235,1.0177099856373748
4.048999999997233,1.0177616316264477
4.0499999999972305,1.0177808582550283
4.050999999997228,1.0178237526311087
4.051999999997226,1.0178822326065322
4.0529999999972235,1.017918605061708
4.053999999997221,1.0179730249510388
4.054999999997219,1.0179660642808486
4.0559999999972165,1.0180188831639339
4.056999999997214,1.0180299112443505
4.057999999997212,1.0181043025992478
4.0589999999972095,1.0181449061644374
4.059999999997207,1.0181996504356003
4.060999999997205,1.018252244759722
4.0619999999972025,1.0182877852773016
4.0629999999972,1.018315575640841
4.063999999997198,1.0183585902454462
4.0649999999971955,1.018445289301954
4.065999999997193,1.0185012232140735
4.066999999997191,1.0185748679658404
4.0679999999971885,1.0186337008227615
4.068999999997186,1.018693551605257
4.069999999997184,1.0187413432764547
4.0709999999971815,1.0187729232726033
4.071999999997179,1.018859785512036
4.072999999997177,1.0189471571033482
4.0739999999971745,1.0190068714458942
4.074999999997172,1.0191004923699045
4.07599999999717,1.0191418036660327
4.076999999997168,1.0191958997141994
4.077999999997165,1.0192724271202798
4.078999999997163,1.0193318284539972
4.079999999997161,1.0194528991024554
4.080999999997158,1.0195150133655924
4.081999999997156,1.0195905057708363
4.082999999997154,1.0196316458093544
4.083999999997151,1.0197077916978663
4.084999999997149,1.0197690475445695
4.085999999997147,1.019834085156075
4.086999999997144,1.019916247191577
4.087999999997142,1.020006989484681
4.08899999999714,1.020053510365279
4.089999999997137,1.020086350735002
4.090999999997135,1.0201508387242206
4.091999999997133,1.0201976912788786
4.09299999999713,1.020259934162674
4.093999999997128,1.0203222711119975
4.094999999997126,1.0203664307775675
4.095999999997123,1.020457783327621
4.096999999997121,1.0204947876446082
4.097999999997119,1.0205317620839152
4.098999999997116,1.0205971748559926
4.099999999997114,1.0206286544999768
4.100999999997112,1.0206819924312156
4.101999999997109,1.0207545566336067
4.102999999997107,1.0208059479773346
4.103999999997105,1.020874738696528
4.104999999997102,1.0208827559858564
4.1059999999971,1.0209499803820137
4.106999999997098,1.020971508049018
4.107999999997095,1.0210611508454277
4.108999999997093,1.0211155289849985
4.109999999997091,1.0211867483189658
4.110999999997088,1.0212539363039603
4.111999999997086,1.0213047469593628
4.112999999997084,1.0213474914135936
4.113999999997081,1.0214013950209044
4.114999999997079,1.0215030714815305
4.115999999997077,1.0215738078412742
4.116999999997074,1.0216629949468574
4.117999999997072,1.0217376113858412
4.11899999999707,1.0218124051371427
4.119999999997067,1.0218714989582827
4.120999999997065,1.0219185932656598
4.121999999997063,1.0220201959001223
4.12299999999706,1.0221226846209466
4.123999999997058,1.022197216247703
4.124999999997056,1.022307081129836
4.125999999997053,1.0223594135792182
4.126999999997051,1.022428053499299
4.127999999997049,1.0225182781486224
4.128999999997046,1.0225920343821573
4.129999999997044,1.0227269100871448
4.130999999997042,1.0228033953873445
4.131999999997039,1.022889923302798
4.132999999997037,1.0229446807216191
4.133999999997035,1.0230357897827767
4.134999999997032,1.0231095782638462
4.13599999999703,1.0231888341207844
4.136999999997028,1.0232845271951823
4.137999999997025,1.0233889951578423
4.138999999997023,1.0234460662319425
4.139999999997021,1.023492455190383
4.140999999997018,1.0235705176739078
4.141999999997016,1.0236301135131107
4.142999999997014,1.0237046974384123
4.143999999997011,1.0237800087874285
4.144999999997009,1.023833702831962
4.145999999997007,1.0239372096326063
4.146999999997004,1.0239869174610736
4.147999999997002,1.0240361045248683
4.148999999997,1.0241138580889575
4.149999999996997,1.0241562522102197
4.150999999996995,1.0242186947592073
4.151999999996993,1.0243033332564886
4.15299999999699,1.0243673807345426
4.153999999996988,1.0244480118408916
4.154999999996986,1.0244681353907752
4.155999999996983,1.0245466518960087
4.156999999996981,1.024576209963738
4.157999999996979,1.0246772561848008
4.1589999999969764,1.0247415246300038
4.159999999996974,1.0248244798248711
4.160999999996972,1.024901561913328
4.1619999999969695,1.0249625267945064
4.162999999996967,1.0250149327619658
4.163999999996965,1.0250756369575982
4.1649999999969625,1.0251865528376227
4.16599999999696,1.0252661984608389
4.166999999996958,1.025364664825955
4.1679999999969555,1.0254485878101947
4.168999999996953,1.0255317815536045
4.169999999996951,1.0255970823191916
4.1709999999969485,1.0256526055509458
4.171999999996946,1.0257617130520533
4.172999999996944,1.0258716915538306
4.1739999999969415,1.0259531615200794
4.174999999996939,1.0260707262800626
4.175999999996937,1.0261277082497757
4.1769999999969345,1.0262021670684514
4.177999999996932,1.0262972162142139
4.17899999999693,1.0263760474771615
4.1799999999969275,1.0265152864723548
4.180999999996925,1.0265963742645843
4.181999999996923,1.0266864018960316
4.1829999999969205,1.0267448259820586
4.183999999996918,1.026840413839544
4.184999999996916,1.026916635192467
4.1859999999969135,1.0269993891508649
4.186999999996911,1.0270978239401631
4.187999999996909,1.027204897249224
4.1889999999969065,1.0272639394072365
4.189999999996904,1.027312308877239
4.190999999996902,1.0273920318149254
4.1919999999968995,1.0274523690173314
4.192999999996897,1.0275270420051759
4.193999999996895,1.0276026175289454
4.1949999999968925,1.02765618996037
4.19599999999689,1.0277588714667238
4.196999999996888,1.0278079397164983
4.197999999996886,1.0278559098138025
4.198999999996883,1.0279323254557158
4.199999999996881,1.027972161556803
4.200999999996879,1.0280332412237878
4.201999999996876,1.0281158379422903
4.202999999996874,1.028178065351634
4.203999999996872,1.0282560201375548
4.204999999996869,1.0282734274429224
4.205999999996867,1.0283483411186343
4.206999999996865,1.02837471858546
4.207999999996862,1.0284717319640722
4.20899999999686,1.028530600757809
4.209999999996858,1.0286091540590543
4.210999999996855,1.0286802460873252
4.211999999996853,1.0287351586364248
4.212999999996851,1.0287809470261484
4.213999999996848,1.028836222148421
4.214999999996846,1.028939856510043
4.215999999996844,1.029011810259103
4.216999999996841,1.029102667392129
4.217999999996839,1.0291788590938886
4.218999999996837,1.0292534842509837
4.219999999996834,1.0293121627020698
4.220999999996832,1.029358796798299
4.22199999999683,1.0294581269349796
4.222999999996827,1.029558071343143
4.223999999996825,1.029628857569826
4.224999999996823,1.0297359824992351
4.22599999999682,1.0297841952973799
4.226999999996818,1.0298465074671477
4.227999999996816,1.029928468947004
4.228999999996813,1.0299941733076023
4.229999999996811,1.0301195975792106
4.230999999996809,1.0301868789103579
4.231999999996806,1.0302664897631575
4.232999999996804,1.0303102255625374
4.233999999996802,1.0303915191090747
4.234999999996799,1.0304519397835539
4.235999999996797,1.0305194472004855
4.236999999996795,1.030601979459044
4.237999999996792,1.0306928655340755
4.23899999999679,1.0307396440328762
4.239999999996788,1.0307710565765789
4.240999999996785,1.0308333695435534
4.241999999996783,1.0308754995197866
4.242999999996781,1.0309312961320338
4.243999999996778,1.0309879005453089
4.244999999996776,1.0310269253299562
4.245999999996774,1.0311096246224716
4.246999999996771,1.0311386931351783
4.247999999996769,1.031166155811169
4.248999999996767,1.03122185705666
4.249999999996764,1.0312400973813223
4.250999999996762,1.031285276423662
4.25199999999676,1.031346441156617
4.252999999996757,1.0313872487776958
4.253999999996755,1.0314430754979862
4.254999999996753,1.0314381859193262
4.25599999999675,1.031490069635971
4.256999999996748,1.031498793253162
4.257999999996746,1.0315722158187275
4.258999999996743,1.0316064712108444
4.259999999996741,1.0316608311951232
4.260999999996739,1.0317065905156475
4.261999999996736,1.031736007848083
4.262999999996734,1.0317558366448525
4.263999999996732,1.0317912848672444
4.264999999996729,1.0318683859790103
4.265999999996727,1.0319134641455605
4.266999999996725,1.0319774297033615
4.267999999996722,1.0320266053499978
4.26899999999672,1.0320736022645793
4.269999999996718,1.0321113891262383
4.270999999996715,1.0321300600198515
4.271999999996713,1.0322007697255018
4.272999999996711,1.03227182568616
4.273999999996708,1.032313183698097
4.274999999996706,1.0323908900468588
4.275999999996704,1.0324164039997736
4.276999999996701,1.0324481089691964
4.277999999996699,1.0324987777969887
4.278999999996697,1.032533072807301
4.2799999999966944,1.0326266088791896
4.280999999996692,1.0326619598287106
4.28199999999669,1.0327175772640544
4.2829999999966875,1.032728810769488
4.283999999996685,1.032777797046473
4.284999999996683,1.0328049967533386
4.2859999999966805,1.0328395615274937
4.286999999996678,1.0328887428671416
4.287999999996676,1.0329460554724952
4.2889999999966735,1.0329675266727685
4.289999999996671,1.0329647916875568
4.290999999996669,1.0329925988488204
4.2919999999966665,1.0329997184343866
4.292999999996664,1.0330200333377328
4.293999999996662,1.033041027852947
4.2949999999966595,1.0330531410565822
4.295999999996657,1.033099594878415
4.296999999996655,1.0330923957645146
4.2979999999966525,1.0330832857587169
4.29899999999665,1.0331022877074327
4.299999999996648,1.033083345043327
4.3009999999966455,1.0331008175462326
4.301999999996643,1.0331249354152217
4.302999999996641,1.0331286840724745
4.3039999999966385,1.0331470235059952
4.304999999996636,1.0331045349140096
4.305999999996634,1.0331183875659662
4.3069999999966315,1.033098395176997
4.307999999996629,1.0331334486354513
4.308999999996627,1.033128749751763
4.3099999999966245,1.0331443293868658
4.310999999996622,1.0331506796865966
4.31199999999662,1.0331406169149684
4.3129999999966175,1.0331207203943966
4.313999999996615,1.0331262002097672
4.314999999996613,1.0331633228989783
4.3159999999966105,1.0331682575161694
4.316999999996608,1.0331921246695808
4.317999999996606,1.0332011908892595
4.318999999996604,1.0332077668769761
4.319999999996601,1.0332151807894692
4.320999999996599,1.0331933318285649
4.321999999996597,1.0332231861888976
4.322999999996594,1.0332532720890284
4.323999999996592,1.0332533610422052
4.32499999999659,1.0332898146711198
4.325999999996587,1.0332840782140542
4.326999999996585,1.033273986563653
4.327999999996583,1.0332825125807177
4.32899999999658,1.0332746339587546
4.329999999996578,1.0333258009775437
4.330999999996576,1.0333188266161122
4.331999999996573,1.0333427443930734
4.332999999996571,1.0333114964686487
4.333999999996569,1.0333181800206157
4.334999999996566,1.0333026724216434
4.335999999996564,1.0332947433079374
4.336999999996562,1.0333013102888045
4.337999999996559,1.0333159666661098
4.338999999996557,1.033305405639367
4.339999999996555,1.033259814435078
4.340999999996552,1.0332446212551678
4.34199999999655,1.0332085680420777
4.342999999996548,1.033185522344367
4.343999999996545,1.0331631453657792
4.344999999996543,1.0331426833610144
4.345999999996541,1.0331455954847357
4.346999999996538,1.0330949476122016
4.347999999996536,1.033042321888867
4.348999999996534,1.033017841508525
4.349999999996531,1.0329552802911852
4.350999999996529,1.0329402103129193
4.351999999996527,1.032921005310342
4.352999999996524,1.0328815119766115
4.353999999996522,1.0328564759413623
4.35499999999652,1.03277065374534
4.355999999996517,1.0327410529155874
4.356999999996515,1.032688471933426
4.357999999996513,1.0326800965281302
4.35899999999651,1.032631773632792
4.359999999996508,1.032603895165315
4.360999999996506,1.0325665841048528
4.361999999996503,1.0325129586507862
4.362999999996501,1.0324494872595806
4.363999999996499,1.0324222887834196
4.364999999996496,1.032415946528279
4.365999999996494,1.032377450341121
4.366999999996492,1.0323580598372595
4.367999999996489,1.0323240060873735
4.368999999996487,1.0322874238466844
4.369999999996485,1.0322625418673497
4.370999999996482,1.0321977439068268
4.37199999999648,1.032184604830464
4.372999999996478,1.0321717808369097
4.373999999996475,1.0321289144919816
4.374999999996473,1.032122553234419
4.375999999996471,1.0320846489494833
4.376999999996468,1.0320317437721358
4.377999999996466,1.0319974083078653
4.378999999996464,1.0319467859935367
4.379999999996461,1.0319552614437106
4.380999999996459,1.031905773470231
4.381999999996457,1.0318979488774256
4.382999999996454,1.0318243953987205
4.383999999996452,1.03178902777668
4.38499999999645,1.0317314102809523
4.385999999996447,1.0316816384430394
4.386999999996445,1.0316464747447756
4.387999999996443,1.031619548234196
4.38899999999644,1.0315778714423973
4.389999999996438,1.0314908642181158
4.390999999996436,1.0314343266559534
4.391999999996433,1.0313570188499561
4.392999999996431,1.0312927803945435
4.393999999996429,1.0312293585164232
4.394999999996426,1.0311782018330198
4.395999999996424,1.0311402820849824
4.396999999996422,1.0310490351904553
4.397999999996419,1.0309559384491735
4.398999999996417,1.0308911769298768
4.399999999996415,1.0307884339697913
4.4009999999964124,1.0307434386698264
4.40199999999641,1.030684543804438
4.402999999996408,1.0306055672135284
4.4039999999964055,1.0305411400901627
4.404999999996403,1.030416125315865
4.405999999996401,1.0303474434087614
4.4069999999963985,1.0302656932372771
4.407999999996396,1.0302185820835061
4.408999999996394,1.0301315923791938
4.4099999999963915,1.0300653129249906
4.410999999996389,1.0299896696890156
4.411999999996387,1.0298979640392376
4.4129999999963845,1.029796577471555
4.413999999996382,1.0297410702321346
4.41499999999638,1.0296972011445575
4.4159999999963775,1.029621370972501
4.416999999996375,1.029564936984443
4.417999999996373,1.0294940991755848
4.4189999999963705,1.0294208829729405
4.419999999996368,1.0293686957696073
4.420999999996366,1.029267718798854
4.4219999999963635,1.0292185519376862
4.422999999996361,1.0291699403672276
4.423999999996359,1.0290914305461054
4.4249999999963565,1.02904970058541
4.425999999996354,1.0289853635751811
4.426999999996352,1.028897430380647
4.4279999999963495,1.028828215240225
4.428999999996347,1.0287429642214634
4.429999999996345,1.028717021793802
4.4309999999963425,1.0286334076465464
4.43199999999634,1.028600197510369
4.432999999996338,1.028492956488002
4.4339999999963355,1.0284242421738639
4.434999999996333,1.0283333977490476
4.435999999996331,1.0282507473568574
4.4369999999963285,1.0281829517455197
4.437999999996326,1.0281236715145587
4.438999999996324,1.0280578884466278
4.4399999999963216,1.0279389432894197
4.440999999996319,1.0278506882360474
4.441999999996317,1.027741900774361
4.442999999996315,1.0276464016975166
4.443999999996312,1.0275519919391318
4.44499999999631,1.0274777650886702
4.445999999996308,1.0274092940043322
4.446999999996305,1.0272878281782154
4.447999999996303,1.0271647549877525
4.448999999996301,1.027070308962731
4.449999999996298,1.0269380933037409
4.450999999996296,1.026871242790108
4.451999999996294,1.026783494116454
4.452999999996291,1.0266759643135135
4.453999999996289,1.0265831988151704
4.454999999996287,1.0264301441755155
4.455999999996284,1.0263336521800699
4.456999999996282,1.0262312509038283
4.45799999999628,1.0261568588024117
4.458999999996277,1.0260427815050226
4.459999999996275,1.025949784813532
4.460999999996273,1.0258476111369021
4.46199999999627,1.0257297114350565
4.462999999996268,1.0256023858421592
4.463999999996266,1.0255276079121871
4.464999999996263,1.025458320989591
4.465999999996261,1.0253573489165455
4.466999999996259,1.0252761211465062
4.467999999996256,1.0251808042925845
4.468999999996254,1.0250833423721821
4.469999999996252,1.0250131820331376
4.470999999996249,1.0248885248799515
4.471999999996247,1.0248159105499977
4.472999999996245,1.0247441648052085
4.473999999996242,1.0246427580250437
4.47499999999624,1.024578486580602
4.475999999996238,1.0244973885579307
4.476999999996235,1.024387372437678
4.477999999996233,1.0242963029342291
4.478999999996231,1.0241895186070613
4.479999999996228,1.0241423073325855
4.480999999996226,1.0240377656314286
4.481999999996224,1.0239890820401707
4.482999999996221,1.0238614143997262
4.483999999996219,1.0237726540136276
4.484999999996217,1.0236619144197456
4.485999999996214,1.0235597600136765
4.486999999996212,1.0234727323170087
4.48799999999621,1.0233945397563056
4.488999999996207,1.0233147688771866
4.489999999996205,1.023177412892304
4.490999999996203,1.0230710226500566
4.4919999999962,1.0229443677882246
4.492999999996198,1.0228312713262078
4.493999999996196,1.0227195891204457
4.494999999996193,1.022632595976261
4.495999999996191,1.0225473320795928
4.496999999996189,1.0224094312341443
4.497999999996186,1.0222701838240067
4.498999999996184,1.0221598752953878
4.499999999996182,1.0220120018702776
4.500999999996179,1.0219336613622196
4.501999999996177,1.0218308734671824
4.502999999996175,1.0217086288323558
4.503999999996172,1.02160137661886
4.50499999999617,1.021434151990205
4.505999999996168,1.021323725005753
4.506999999996165,1.0212110711020692
4.507999999996163,1.0211232954935032
4.508999999996161,1.0209960268000995
4.509999999996158,1.0208902682012624
4.510999999996156,1.020775504603394
4.511999999996154,1.0206453523502452
4.512999999996151,1.0205060229674938
4.513999999996149,1.020422412585515
4.514999999996147,1.020341612936748
4.515999999996144,1.0202293962416025
4.516999999996142,1.0201372511283127
4.51799999999614,1.0200313027171355
4.518999999996137,1.0199234191724722
4.519999999996135,1.0198456349004899
4.520999999996133,1.0197110814800996
4.5219999999961304,1.0196287756543734
4.522999999996128,1.019547638127962
4.523999999996126,1.019437073461498
4.5249999999961235,1.0193640130732684
4.525999999996121,1.0192764394722036
4.526999999996119,1.019158021150374
4.5279999999961165,1.0190587529303243
4.528999999996114,1.0189440858824923
4.529999999996112,1.0188892107066165
4.5309999999961095,1.0187773221769005
4.531999999996107,1.0187233108985516
4.532999999996105,1.0185886955562975
4.5339999999961025,1.0184933455227945
4.5349999999961,1.0183760679166227
4.535999999996098,1.018267754776101
4.5369999999960955,1.0181747670112673
4.537999999996093,1.0180908951523604
4.538999999996091,1.0180070481247574
4.5399999999960885,1.0178644528046144
4.540999999996086,1.0177530711582599
4.541999999996084,1.017621626962869
4.5429999999960815,1.017503976099502
4.543999999996079,1.0173880488352367
4.544999999996077,1.0172980219962335
4.5459999999960745,1.0172088833531556
4.546999999996072,1.0170674259082066
4.54799999999607,1.0169248138738922
4.5489999999960675,1.0168113952763365
4.549999999996065,1.0166605053170912
4.550999999996063,1.0165801260612697
4.5519999999960605,1.0164748293340442
4.552999999996058,1.0163503590154683
4.553999999996056,1.016241031940805
4.5549999999960535,1.016072003788731
4.555999999996051,1.0159599259770915
4.556999999996049,1.0158461741484979
4.5579999999960465,1.015757207169387
4.558999999996044,1.0156288426951052
4.559999999996042,1.0155224518767836
4.5609999999960396,1.0154071113056389
4.561999999996037,1.0152766664440631
4.562999999996035,1.0151372109132113
4.563999999996033,1.0150536113163862
4.56499999999603,1.014973024227481
4.565999999996028,1.0148612071800667
4.566999999996026,1.0147697154181732
4.567999999996023,1.014664613115344
4.568999999996021,1.0145576790645958
4.569999999996019,1.0144807421580784
4.570999999996016,1.0143475282312144
4.571999999996014,1.014266658626979
4.572999999996012,1.014187194756468
4.573999999996009,1.0140784712261515
4.574999999996007,1.0140076078922682
4.575999999996005,1.013921715730748
4.576999999996002,1.0138056906151063
4.577999999996,1.0137089231466778
4.578999999995998,1.0135970259716114
4.579999999995995,1.0135450270093538
4.580999999995993,1.0134362696283916
4.581999999995991,1.0133847229933417
4.582999999995988,1.013253430924881
4.583999999995986,1.0131617167486866
4.584999999995984,1.0130479193397866
4.585999999995981,1.0129434432151196
4.586999999995979,1.0128543567007728
4.587999999995977,1.0127745935518853
4.588999999995974,1.012693975934818
4.589999999995972,1.0125557978227058
4.59099999999597,1.0124490161170911
4.591999999995967,1.0123222573899868
4.592999999995965,1.012209453188945
4.593999999995963,1.0120986463339987
4.59499999999596,1.0120125456552913
4.595999999995958,1.011928711537305
4.596999999995956,1.0117928237335718
4.597999999995953,1.0116558557861983
4.598999999995951,1.0115482444553796
4.599999999995949,1.0114030737630564
4.600999999995946,1.0113271795974097
4.601999999995944,1.0112279797924388
4.602999999995942,1.0111098329063568
4.603999999995939,1.0110068547644495
4.604999999995937,1.010844392735167
4.605999999995935,1.010738908772719
4.606999999995932,1.0106301682920327
4.60799999999593,1.0105481461528942
4.608999999995928,1.010426671210728
4.609999999995925,1.0103277128544617
4.610999999995923,1.0102196777362222
4.611999999995921,1.0100967746026468
4.612999999995918,1.0099649138149973
4.613999999995916,1.009887029273589
4.614999999995914,1.0098141867477317
4.615999999995911,1.0097101937248196
4.616999999995909,1.0096267109879131
4.617999999995907,1.0095297047926834
4.618999999995904,1.0094308238157415
4.619999999995902,1.0093600033199117
4.6209999999959,1.0092351016544434
4.621999999995897,1.0091624970363946
4.622999999995895,1.0090914828635755
4.623999999995893,1.0089912975573452
4.62499999999589,1.0089293547734468
4.625999999995888,1.0088500768966986
4.626999999995886,1.0087429405122332
4.627999999995883,1.0086550457725958
4.628999999995881,1.0085522586942455
4.629999999995879,1.008509341258096
4.630999999995876,1.0084098791509373
4.631999999995874,1.008365365093459
4.632999999995872,1.0082433338946837
4.633999999995869,1.0081611893700944
4.634999999995867,1.008056519104148
4.635999999995865,1.0079615637591994
4.636999999995862,1.0078819129954344
4.63799999999586,1.0078117411889689
4.638999999995858,1.0077384451424938
4.639999999995855,1.00761005795456
4.640999999995853,1.0075131986133188
4.641999999995851,1.007396324849167
4.6429999999958484,1.0072935008321535
4.643999999995846,1.0071929486655231
4.644999999995844,1.007114565596519
4.6459999999958415,1.0070409860647684
4.646999999995839,1.006915609898572
4.647999999995837,1.0067891065080987
4.6489999999958345,1.0066920481411235
4.649999999995832,1.0065571280390921
4.65099999999583,1.0064891332570245
4.6519999999958275,1.0064005127196993
4.652999999995825,1.0062931571193925
4.653999999995823,1.0062008637280777
4.6549999999958205,1.0060492945925898
4.655999999995818,1.0059546013753875
4.656999999995816,1.0058539573335663
4.6579999999958135,1.0057830347187198
4.658999999995811,1.0056724300397162
4.659999999995809,1.0055850715556982
4.6609999999958065,1.0054882875452151
4.661999999995804,1.0053768760246853
4.662999999995802,1.005256455570785
4.6639999999957995,1.0051870869580612
4.664999999995797,1.0051256819101875
4.665999999995795,1.0050331153538348
4.6669999999957925,1.0049612280559304
4.66799999999579,1.004875832952116
4.668999999995788,1.0047883700980451
4.6699999999957855,1.0047261564874022
4.670999999995783,1.0046128812225807
4.671999999995781,1.0045517071763168
4.6729999999957785,1.0044923036368207
4.673999999995776,1.0044037604304674
4.674999999995774,1.0043539488613649
4.6759999999957715,1.004283569676247
4.676999999995769,1.0041883134154397
4.677999999995767,1.0041121573016474
4.6789999999957645,1.0040213686590633
4.679999999995762,1.003990291717321
4.68099999999576,1.0039029041090157
4.6819999999957576,1.003867485453273
4.682999999995755,1.0037573063994545
4.683999999995753,1.0036874014319708
4.684999999995751,1.003594186380537
4.685999999995748,1.003511217839517
4.686999999995746,1.0034433319240526
4.687999999995744,1.0033850777694007
4.688999999995741,1.0033208649932623
4.689999999995739,1.003204555996928
4.690999999995737,1.0031198915993187
4.691999999995734,1.0030150655814127
4.692999999995732,1.0029243429558279
4.69399999999573,1.0028362291991806
4.694999999995727,1.0027671619329226
4.695999999995725,1.002705873810458
4.696999999995723,1.0025931097702467
4.69799999999572,1.0024790701533326
4.698999999995718,1.0023945312239655
4.699999999995716,1.0022716052022176
4.700999999995713,1.0022128952402554
4.701999999995711,1.0021366709941308
4.702999999995709,1.0020419776326794
4.703999999995706,1.0019621181299294
4.704999999995704,1.0018232460712668
4.705999999995702,1.0017410232489172
4.706999999995699,1.0016496913624586
4.707999999995697,1.0015915893226062
4.708999999995695,1.001493389963172
4.709999999995692,1.0014194676280477
4.71099999999569,1.0013355199417542
4.711999999995688,1.0012372506154383
4.712999999995685,1.0011298415416279
4.713999999995683,1.001070094216105
4.714999999995681,1.0010216027683012
4.715999999995678,1.0009418837832014
4.716999999995676,1.0008830597193188
4.717999999995674,1.0008107233723311
4.718999999995671,1.0007359866052135
4.719999999995669,1.0006833564316802
4.720999999995667,1.0005830559074627
4.721999999995664,1.0005345137333377
4.722999999995662,1.000487964900859
4.72399999999566,1.000412276358345
4.724999999995657,1.0003759867598272
4.725999999995655,1.0003154139910422
4.726999999995653,1.000233221146805
4.72799999999565,1.0001698618756278
4.728999999995648,1.0000922089439512
4.729999999995646,1.0000739898043407
4.730999999995643,0.9999997801024115
4.731999999995641,0.9999742952246802
4.732999999995639,0.9998769359555486
4.733999999995636,0.9998203938272027
4.734999999995634,0.999739384256756
4.735999999995632,0.9996693818593674
4.736999999995629,0.9996141185551494
4.737999999995627,0.9995686768279897
4.738999999995625,0.9995142685548456
4.739999999995622,0.999410954224845
4.74099999999562,0.9993394122311735
4.741999999995618,0.9992474621142213
4.742999999995615,0.9991696403825286
4.743999999995613,0.9990948761742832
4.744999999995611,0.999035785993317
4.745999999995608,0.9989875850862852
4.746999999995606,0.9988883544034657
4.747999999995604,0.998787621916398
4.748999999995601,0.9987164509015266
4.749999999995599,0.9986061511197812
4.750999999995597,0.9985573272443665
4.751999999995594,0.9984943019276011
4.752999999995592,0.9984131847474419
4.75399999999559,0.9983465588536562
4.754999999995587,0.998221287500753
4.755999999995585,0.9981523111271405
4.756999999995583,0.9980708414632027
4.75799999999558,0.9980264248626196
4.758999999995578,0.997941302177488
4.759999999995576,0.9978818558740838
4.760999999995573,0.9978115144530578
4.761999999995571,0.9977272623312768
4.762999999995569,0.9976336832275673
4.7639999999955664,0.9975841057989022
4.764999999995564,0.9975492937622865
4.765999999995562,0.9974831669797346
4.7669999999955595,0.9974382394127687
4.767999999995557,0.9973798183500324
4.768999999995555,0.9973185360832237
4.7699999999955525,0.9972760481479142
4.77099999999555,0.9971895487257914
4.771999999995548,0.9971543143578975
4.7729999999955455,0.9971213612096993
4.773999999995543,0.997059250068952
4.774999999995541,0.9970374112805208
4.7759999999955385,0.9969871990298652
4.776999999995536,0.9969187962382662
4.777999999995534,0.9968688323590951
4.7789999999955315,0.9968050275527282
4.779999999995529,0.9968002631388831
4.780999999995527,0.9967399604420852
4.7819999999955245,0.9967249846072767
4.782999999995522,0.9966410831178287
4.78399999999552,0.9965987364833198
4.7849999999955175,0.996530395395815
4.785999999995515,0.9964740955623514
4.786999999995513,0.9964320805756361
4.7879999999955105,0.9964001275734949
4.788999999995508,0.9963560976535614
4.789999999995506,0.9962665046359767
4.7909999999955035,0.9962088249178428
4.791999999995501,0.9961303969117062
4.792999999995499,0.996066089625338
4.7939999999954965,0.996005418159868
4.794999999995494,0.9959568505528393
4.795999999995492,0.995922380932287
4.7969999999954895,0.9958374862520375
4.797999999995487,0.9957508054294197
4.798999999995485,0.9956937719710672
4.7999999999954825,0.9955966757594285
4.80099999999548,0.9955583165346501
4.801999999995478,0.9955092764670672
4.8029999999954756,0.9954426601984773
4.803999999995473,0.9953900820473197
4.804999999995471,0.9952793499691414
4.805999999995469,0.9952244216398116
4.806999999995466,0.9951533891840105
4.807999999995464,0.9951235476905637
4.808999999995462,0.9950522036632411
4.809999999995459,0.9950083003441208
4.810999999995457,0.9949523662670617
4.811999999995455,0.9948830468512344
4.812999999995452,0.9948041744780167
4.81399999999545,0.9947653637682048
4.814999999995448,0.9947450724515887
4.815999999995445,0.9946933830184158
4.816999999995443,0.9946632960332993
4.817999999995441,0.9946197825216629
4.818999999995438,0.9945728324362798
4.819999999995436,0.9945411600854773
4.820999999995434,0.9944694512210237
4.821999999995431,0.9944483603170291
4.822999999995429,0.9944298984271502
4.823999999995427,0.9943822443869158
4.824999999995424,0.9943759204767426
4.825999999995422,0.9943367302643875
4.82699999999542,0.9942829902069726
4.827999999995417,0.9942471658455689
4.828999999995415,0.9941980726518715
4.829999999995413,0.9942075124866669
4.83099999999541,0.9941620153031623
4.831999999995408,0.9941582507492883
4.832999999995406,0.9940886466292254
4.833999999995403,0.9940615206876681
4.834999999995401,0.9940065467486858
4.835999999995399,0.99396490843926
4.836999999995396,0.993936998909489
4.837999999995394,0.993919431419973
4.838999999995392,0.9938865174263906
4.839999999995389,0.9938115922861399
4.840999999995387,0.9937687176524183
4.841999999995385,0.9937046671823234
4.842999999995382,0.9936546834517238
4.84399999999538,0.9936090287557771
4.844999999995378,0.9935716676471619
4.845999999995375,0.9935517578756938
4.846999999995373,0.993482185755942
4.847999999995371,0.9934104984658587
4.848999999995368,0.9933685679419213
4.849999999995366,0.9932854868051322
4.850999999995364,0.9932583299731327
4.851999999995361,0.993224271189246
4.852999999995359,0.99317328296573
4.853999999995357,0.9931357724908396
4.854999999995354,0.9930407167141282
4.855999999995352,0.9930008284426394
4.85699999999535,0.9929409538407367
4.857999999995347,0.9929267292274302
4.858999999995345,0.9928700406741225
4.859999999995343,0.9928428536639979
4.86099999999534,0.9928022636645744
4.861999999995338,0.9927489089372049
4.862999999995336,0.9926857454277508
4.863999999995333,0.9926583938228113
4.864999999995331,0.9926535805427922
4.865999999995329,0.9926173001931335
4.866999999995326,0.9926031035828465
4.867999999995324,0.9925755971464391
4.868999999995322,0.9925439781835931
4.869999999995319,0.992523876501973
4.870999999995317,0.992468043815986
4.871999999995315,0.992462028716714
4.872999999995312,0.9924590247867422
4.87399999999531,0.9924267734275078
4.874999999995308,0.9924370348467074
4.875999999995305,0.9924095525367799
4.876999999995303,0.9923713730699393
4.877999999995301,0.9923504606524658
4.878999999995298,0.9923169471779817
4.879999999995296,0.9923413432392018
4.880999999995294,0.9923115374465807
4.881999999995291,0.9923196606447732
4.882999999995289,0.9922651924507508
4.883999999995287,0.992254260234567
4.8849999999952844,0.9922133674405313
4.885999999995282,0.992187303523684
4.88699999999528,0.9921743166953882
4.8879999999952775,0.9921719638537714
4.888999999995275,0.9921508359554372
4.889999999995273,0.9920914344592097
4.8909999999952705,0.9920641886215925
4.891999999995268,0.9920152589406553
4.892999999995266,0.9919802785503848
4.8939999999952635,0.9919503946890298
4.894999999995261,0.9919247915878511
4.895999999995259,0.9919200904788766
4.8969999999952565,0.991866616532565
4.897999999995254,0.9918106558330304
4.898999999995252,0.9917845624431115
4.8999999999952495,0.9917161161196862
4.900999999995247,0.9917007119780464
4.901999999995245,0.9916823648738265
4.9029999999952425,0.9916478300917888
4.90399999999524,0.9916261083088586
4.904999999995238,0.9915475386435398
4.9059999999952355,0.9915233516815232
4.906999999995233,0.9914751086809916
4.907999999995231,0.9914771540431256
4.9089999999952285,0.9914356410507054
4.909999999995226,0.9914258812179779
4.910999999995224,0.9914011524002726
4.9119999999952215,0.9913643363706467
4.912999999995219,0.9913174230423002
4.913999999995217,0.9913018751176806
4.9149999999952145,0.9913130043833616
4.915999999995212,0.9912926056371498
4.91699999999521,0.9912948079509102
4.9179999999952075,0.9912838473526008
4.918999999995205,0.9912680080723231
4.919999999995203,0.9912598036565348
4.9209999999952005,0.9912203337321617
4.921999999995198,0.9912297321347338
4.922999999995196,0.9912425246912139
4.9239999999951936,0.9912259845107533
4.924999999995191,0.9912531915247563
4.925999999995189,0.991237597359843
4.926999999995187,0.9912151898542945
4.927999999995184,0.9912092810416507
4.928999999995182,0.9911914930579808
4.92999999999518,0.9912308702367469
4.930999999995177,0.9912168777952564
4.931999999995175,0.9912369678247712
4.932999999995173,0.9911977026706225
4.93399999999517,0.9912030948920325
4.934999999995168,0.9911762244221339
4.935999999995166,0.9911657927252943
4.936999999995163,0.9911676953537836
4.937999999995161,0.9911805053010297
4.938999999995159,0.9911711503109545
4.939999999995156,0.9911272177571852
4.940999999995154,0.9911154873904454
4.941999999995152,0.9910814941776461
4.942999999995149,0.9910612576109278
4.943999999995147,0.9910469118574239
4.944999999995145,0.9910328703964388
4.945999999995142,0.9910430273391803
4.94699999999514,0.9910053845159581
4.947999999995138,0.9909648357133366
4.948999999995135,0.990954235714221
4.949999999995133,0.9908999986997845
4.950999999995131,0.9908960626743188
4.951999999995128,0.9908930267386593
4.952999999995126,0.9908745949952895
4.953999999995124,0.9908682131564837
4.954999999995121,0.9908057385247608
4.955999999995119,0.9907967192732418
4.956999999995117,0.990759689717558
4.957999999995114,0.9907774169813227
4.958999999995112,0.9907503952045511
4.95999999999511,0.9907574693250657
4.960999999995107,0.9907478625083734
4.961999999995105,0.9907268674422668
4.962999999995103,0.9906954485329514
4.9639999999951,0.9906910757544799
4.964999999995098,0.9907172850102415
4.965999999995096,0.9907119016863203
4.966999999995093,0.9907296328063967
4.967999999995091,0.9907343547201741
4.968999999995089,0.9907333530063414
4.969999999995086,0.990736318295849
4.970999999995084,0.990712268014541
4.971999999995082,0.9907360010113122
4.972999999995079,0.9907634905590349
4.973999999995077,0.9907615315121878
4.974999999995075,0.9908045512970045
4.975999999995072,0.9907999375246763
4.97699999999507,0.990792058707033
4.977999999995068,0.9907998055355937
4.978999999995065,0.9907964150235536
4.979999999995063,0.9908493275093466
4.980999999995061,0.9908497671239573
4.981999999995058,0.9908807580739771
4.982999999995056,0.9908552572408241
4.983999999995054,0.9908755417985812
4.984999999995051,0.9908611334708582
4.985999999995049,0.9908648253188097
4.986999999995047,0.9908800295505434
4.987999999995044,0.9909063821929506
4.988999999995042,0.990907597132103
4.98999999999504,0.9908775042728625
4.990999999995037,0.9908795942493189
4.991999999995035,0.9908587922368058
4.992999999995033,0.9908514858390574
4.99399999999503,0.9908508637679472
4.994999999995028,0.9908470015729384
4.995999999995026,0.9908700935369329
4.996999999995023,0.9908464158394478
4.997999999995021,0.9908193679414676
4.998999999995019,0.9908223049818576
4.999999999995016,0.9907802704752936
5.000999999995014,0.9907862970041837
5.001999999995012,0.9907965397510401
5.002999999995009,0.9907922019086185
5.003999999995007,0.9907990705720994
5.004999999995005,0.9907506480208073
5.0059999999950024,0.9907546330418096
5.006999999995,0.9907271905908157
5.007999999994998,0.9907583782994651
5.0089999999949955,0.990743573744561
5.009999999994993,0.9907652435172257
5.010999999994991,0.9907684259629912
5.0119999999949885,0.9907609307985351
5.012999999994986,0.9907426549785738
5.013999999994984,0.9907476416132508
5.0149999999949815,0.9907864741144871
5.015999999994979,0.9907936473035721
5.016999999994977,0.9908244289884137
5.0179999999949745,0.9908423552899958
5.018999999994972,0.9908536555340615
5.01999999999497,0.9908658708724468
5.0209999999949675,0.9908547041457076
5.021999999994965,0.9908901262009178
5.022999999994963,0.990929651838782
5.0239999999949605,0.9909396012494892
5.024999999994958,0.9909957430244379
5.025999999994956,0.9910000689968445
5.0269999999949535,0.9910039794429686
5.027999999994951,0.9910225676045743
5.028999999994949,0.9910307741199482
5.0299999999949465,0.991094322488994
5.030999999994944,0.9911063529913128
5.031999999994942,0.9911460832945561
5.0329999999949395,0.9911314723222295
5.033999999994937,0.9911637600981438
5.034999999994935,0.9911588489955557
5.0359999999949325,0.9911737262264855
5.03699999999493,0.9911992391560691
5.037999999994928,0.9912361213324734
5.0389999999949255,0.9912456626218755
5.039999999994923,0.9912264192443911
5.040999999994921,0.991239291380173
5.0419999999949185,0.9912286268466275
5.042999999994916,0.9912311562288534
5.043999999994914,0.9912411673090052
5.0449999999949116,0.9912451580698101
5.045999999994909,0.9912780261067704
5.046999999994907,0.9912652160486513
5.047999999994905,0.9912485448495191
5.048999999994902,0.991261856555194
5.0499999999949,0.9912288457645622
5.050999999994898,0.991242440579748
5.051999999994895,0.9912627585731021
5.052999999994893,0.9912693370886615
5.053999999994891,0.9912862281536746
5.054999999994888,0.991248691380052
5.055999999994886,0.9912624270499258
5.056999999994884,0.9912421506179794
5.057999999994881,0.9912835254237193
5.058999999994879,0.9912776588080021
5.059999999994877,0.9913106752634953
5.060999999994874,0.9913233528407904
5.061999999994872,0.9913260924829018
5.06299999999487,0.9913176876380809
5.063999999994867,0.9913295452289852
5.064999999994865,0.9913776565418246
5.065999999994863,0.9913940584098127
5.06699999999486,0.991434553727462
5.067999999994858,0.9914623611037112
5.068999999994856,0.9914826115914402
5.069999999994853,0.9915015597741322
5.070999999994851,0.9914999599172024
5.071999999994849,0.9915436768925339
5.072999999994846,0.9915918538577744
5.073999999994844,0.9916103473743094
5.074999999994842,0.9916762439902741
5.075999999994839,0.9916869944310787
5.076999999994837,0.9916993476527389
5.077999999994835,0.9917253913869873
5.078999999994832,0.9917418412119247
5.07999999999483,0.9918125993236637
5.080999999994828,0.9918328703382758
5.081999999994825,0.9918788074090661
5.082999999994823,0.9918717453845011
5.083999999994821,0.9919126881407139
5.084999999994818,0.9919138902750335
5.085999999994816,0.9919366029693036
5.086999999994814,0.991969048003327
5.087999999994811,0.9920130875809151
5.088999999994809,0.9920284580339366
5.089999999994807,0.9920167658774303
5.090999999994804,0.9920371019570972
5.091999999994802,0.9920332765346452
5.0929999999948,0.9920423351685395
5.093999999994797,0.9920596993725992
5.094999999994795,0.9920690927375415
5.095999999994793,0.9921084372428005
5.09699999999479,0.9921032790418839
5.097999999994788,0.9920937666584934
5.098999999994786,0.992114215848317
5.099999999994783,0.9920870057343647
5.100999999994781,0.9921057469359048
5.101999999994779,0.9921329194523385
5.102999999994776,0.9921472378738342
5.103999999994774,0.9921709523400827
5.104999999994772,0.9921411895945796
5.105999999994769,0.9921615046285946
5.106999999994767,0.9921460554592564
5.107999999994765,0.9921944708436579
5.108999999994762,0.9921944260063772
5.10999999999476,0.9922357194655717
5.110999999994758,0.9922548124747131
5.111999999994755,0.9922647595331786
5.112999999994753,0.992263216070914
5.113999999994751,0.9922796688022081
5.114999999994748,0.9923340129118225
5.115999999994746,0.9923566367922427
5.116999999994744,0.9924038465859865
5.117999999994741,0.9924385683337207
5.118999999994739,0.9924647981970347
5.119999999994737,0.9924882611362117
5.120999999994734,0.9924933287430785
5.121999999994732,0.9925423865753346
5.12299999999473,0.9925962916606754
5.123999999994727,0.9926204530510102
5.124999999994725,0.9926932423477968
5.125999999994723,0.9927083013199013
5.1269999999947204,0.9927263026857599
5.127999999994718,0.9927569925673146
5.128999999994716,0.9927789279803556
5.1299999999947135,0.9928540840798361
5.130999999994711,0.9928798790418287
5.131999999994709,0.9929299746181779
5.1329999999947065,0.9929277887365446
5.133999999994704,0.9929747168520887
5.134999999994702,0.9929793526965144
5.1359999999946995,0.9930072663229292
5.136999999994697,0.9930440002274573
5.137999999994695,0.9930925737931444
5.1389999999946925,0.9931118499022967
5.13999999999469,0.9931051932648032
5.140999999994688,0.9931304736453147
5.1419999999946855,0.9931310071664632
5.142999999994683,0.993144123532111
5.143999999994681,0.9931664104212802
5.1449999999946785,0.9931794039849547
5.145999999994676,0.9932228021814113
5.146999999994674,0.9932229712406925
5.1479999999946715,0.9932183070243918
5.148999999994669,0.9932435753017359
5.149999999994667,0.9932198811069984
5.1509999999946645,0.9932420538898359
5.151999999994662,0.9932738125243644
5.15299999999466,0.9932936580298356
5.1539999999946575,0.9933219741275069
5.154999999994655,0.9932978632588821
5.155999999994653,0.9933225864246842
5.1569999999946505,0.9933103836813024
5.157999999994648,0.993363706953337
5.158999999994646,0.9933673982793222
5.1599999999946435,0.9934149300246589
5.160999999994641,0.9934384056162987
5.161999999994639,0.9934535852626505
5.1629999999946365,0.9934569579535334
5.163999999994634,0.9934765336899237
5.164999999994632,0.9935351410429222
5.1659999999946296,0.9935620680427448
5.166999999994627,0.9936140843208945
5.167999999994625,0.9936538528725188
5.168999999994623,0.9936842011210769
5.16999999999462,0.9937107955013322
5.170999999994618,0.9937207480116802
5.171999999994616,0.9937733169165118
5.172999999994613,0.9938311516423235
5.173999999994611,0.9938592358921617
5.174999999994609,0.9939371808694908
5.175999999994606,0.993955282311983
5.176999999994604,0.9939772717457349
5.177999999994602,0.9940109382981338
5.178999999994599,0.9940367421652717
5.179999999994597,0.9941146286666036
5.180999999994595,0.9941443757561532
5.181999999994592,0.9941974385998459
5.18299999999459,0.9941986095102842
5.183999999994588,0.9942499999662539
5.184999999994585,0.9942565549019231
5.185999999994583,0.994288190239035
5.186999999994581,0.9943277290865623
5.187999999994578,0.9943793666631954
5.188999999994576,0.9944014881530957
5.189999999994574,0.9943985007578371
5.190999999994571,0.9944273493047254
5.191999999994569,0.9944309042026487
5.192999999994567,0.9944467433463117
5.193999999994564,0.9944726492192144
5.194999999994562,0.994488283637628
5.19599999999456,0.9945344352145221
5.196999999994557,0.9945387181039361
5.197999999994555,0.9945377042625874
5.198999999994553,0.9945665815803956
5.19999999999455,0.9945452361946674
5.200999999994548,0.9945699546698256
5.201999999994546,0.9946051305715518
5.202999999994543,0.9946293805060957
5.203999999994541,0.9946611660650639
5.204999999994539,0.9946416614843775
5.205999999994536,0.99466969514624
5.206999999994534,0.9946599570039252
5.207999999994532,0.9947171024713991
5.208999999994529,0.994723492041146
5.209999999994527,0.9947762354340314
5.210999999994525,0.9948030776748884
5.211999999994522,0.9948225116578409
5.21299999999452,0.9948298477041756
5.213999999994518,0.9948518150303803
5.214999999994515,0.9949136946055784
5.215999999994513,0.9949439792574772
5.216999999994511,0.9949998522732094
5.217999999994508,0.9950437503960746
5.218999999994506,0.9950773068154561
5.219999999994504,0.9951063533850493
5.220999999994501,0.9951203311974529
5.221999999994499,0.9951755046476174
5.222999999994497,0.9952363723175836
5.223999999994494,0.9952675226747674
5.224999999994492,0.9953497411794058
5.22599999999449,0.995370257751878
5.226999999994487,0.9953954123167997
5.227999999994485,0.9954312164855443
5.228999999994483,0.9954600786419803
5.22999999999448,0.995539831422513
5.230999999994478,0.9955727372718999
5.231999999994476,0.9956281496775817
5.232999999994473,0.9956319237432026
5.233999999994471,0.9956869917174122
5.234999999994469,0.9956947124135224
5.235999999994466,0.9957293153992893
5.236999999994464,0.9957708984671371
5.237999999994462,0.9958248307603007
5.238999999994459,0.9958492466049649
5.239999999994457,0.9958492260423945
5.240999999994455,0.9958809097053991
5.241999999994452,0.9958867786825715
5.24299999999445,0.9959046161427786
5.243999999994448,0.9959334151746051
5.244999999994445,0.9959511535152382
5.245999999994443,0.9959993142416801
5.246999999994441,0.9960070159722705
5.2479999999944384,0.9960089659834837
5.248999999994436,0.9960407381886035
5.249999999994434,0.9960210771175686
5.2509999999944315,0.9960478113263926
5.251999999994429,0.9960856956290384
5.252999999994427,0.9961136586266578
5.2539999999944245,0.9961482089439331
5.254999999994422,0.9961326571651973
5.25599999999442,0.9961632942956054
5.2569999999944175,0.9961555181332454
5.257999999994415,0.996215741467855
5.258999999994413,0.9962241292415315
5.2599999999944105,0.9962813286116532
5.260999999994408,0.9963108006666619
5.261999999994406,0.9963337515039031
5.2629999999944035,0.9963443264131511
5.263999999994401,0.9963681206914583
5.264999999994399,0.9964324878847981
5.2659999999943965,0.9964653751086067
5.266999999994394,0.9965243200505749
5.267999999994392,0.9965715774047869
5.2689999999943895,0.9966075789051129
5.269999999994387,0.9966384955347829
5.270999999994385,0.9966557396845419
5.2719999999943825,0.9967127191354697
5.27299999999438,0.9967758000331188
5.273999999994378,0.9968092140233885
5.2749999999943755,0.9968948309113148
5.275999999994373,0.9969171388544855
5.276999999994371,0.9969446211918889
5.2779999999943685,0.9969817049026425
5.278999999994366,0.9970127579027529
5.279999999994364,0.9970934587306023
5.2809999999943615,0.9971286325365548
5.281999999994359,0.997185692757447
5.282999999994357,0.9971912011535088
5.2839999999943545,0.9972490095939854
5.284999999994352,0.9972570264190319
5.28599999999435,0.9972936747381044
5.2869999999943476,0.9973363764279874
5.287999999994345,0.997391644104491
5.288999999994343,0.9974176370986808
5.289999999994341,0.9974196420671592
5.290999999994338,0.9974531688507213
5.291999999994336,0.997460374226171
5.292999999994334,0.997479197645841
5.293999999994331,0.9975098349914033
5.294999999994329,0.9975288817301661
5.295999999994327,0.9975779620128237
5.296999999994324,0.9975879909204325
5.297999999994322,0.9975918154631996
5.29899999999432,0.9976253513816622
5.299999999994317,0.9976063042239138
5.300999999994315,0.997634195747006
5.301999999994313,0.9976736286790224
5.30299999999431,0.9977041259250747
5.303999999994308,0.9977402534269013
5.304999999994306,0.9977274733442862
5.305999999994303,0.9977594927779183
5.306999999994301,0.9977527775629932
5.307999999994299,0.9978147764112191
5.308999999994296,0.9978239073070357
5.309999999994294,0.9978841759580442
5.310999999994292,0.9979149311264577
5.311999999994289,0.997940011568524
5.312999999994287,0.9979524409490484
5.313999999994285,0.9979770054963497
5.314999999994282,0.9980424077110226
5.31599999999428,0.9980764572671061
5.316999999994278,0.9981369819115562
5.317999999994275,0.998186102558642
5.318999999994273,0.9982230688661661
5.319999999994271,0.9982547265387612
5.320999999994268,0.9982737186177211
5.321999999994266,0.9983309694753716
5.322999999994264,0.9983946829467965
5.323999999994261,0.9984287782049924
5.324999999994259,0.9985160975268073
5.325999999994257,0.9985389625680775
5.326999999994254,0.9985671091403444
5.327999999994252,0.9986037968049356
5.32899999999425,0.9986353183209802
5.329999999994247,0.9987152133183307
5.330999999994245,0.9987508819065635
5.331999999994243,0.9988082228053351
5.33299999999424,0.9988137072646457
5.333999999994238,0.9988723991741466
5.334999999994236,0.9988789694403808
5.335999999994233,0.9989158182956234
5.336999999994231,0.9989578055085113
5.337999999994229,0.9990125274310407
5.338999999994226,0.9990386672648144
5.339999999994224,0.9990407959186689
5.340999999994222,0.9990742073983723
5.341999999994219,0.9990808045232299
5.342999999994217,0.9990986318818512
5.343999999994215,0.999129050552115
5.344999999994212,0.9991478530951676
5.34599999999421,0.9991957670655356
5.346999999994208,0.9992059879649525
5.347999999994205,0.9992095565967136
5.348999999994203,0.9992426812377622
5.349999999994201,0.9992221511689147
5.350999999994198,0.999249554761668
5.351999999994196,0.9992883240701284
5.352999999994194,0.9993190936880254
5.353999999994191,0.999354545773205
5.354999999994189,0.999342252262165
5.355999999994187,0.9993733610258392
5.356999999994184,0.9993659959572382
5.357999999994182,0.9994273792469204
5.35899999999418,0.9994349229529474
5.359999999994177,0.9994957399198479
5.360999999994175,0.9995253315481297
5.361999999994173,0.9995500282881209
5.36299999999417,0.999561801332605
5.363999999994168,0.9995852482024978
5.364999999994166,0.9996491243493209
5.365999999994163,0.9996817775989318
5.366999999994161,0.9997412627027366
5.367999999994159,0.9997896136708552
5.3689999999941564,0.999824946097215
5.369999999994154,0.9998553771941363
5.370999999994152,0.9998734595502907
5.3719999999941495,0.9999283461958544
5.372999999994147,0.9999900024029003
5.373999999994145,1.0000220808129596
5.3749999999941425,1.0001082720053203
5.37599999999414,1.0001296214017978
5.376999999994138,1.0001556520166917
5.3779999999941355,1.000189175768639
5.378999999994133,1.0002183284607824
5.379999999994131,1.000294583793146
5.3809999999941285,1.0003278588467355
5.381999999994126,1.0003832840714
5.382999999994124,1.0003858818265283
5.3839999999941215,1.0004424835614298
5.384999999994119,1.0004447958276392
5.385999999994117,1.0004789007680737
5.3869999999941145,1.0005172657915964
5.387999999994112,1.0005684891887072
5.38899999999411,1.000592529119552
5.3899999999941075,1.0005917930368489
5.390999999994105,1.0006220572876683
5.391999999994103,1.000625040412265
5.3929999999941005,1.0006388441684793
5.393999999994098,1.0006659293499967
5.394999999994096,1.0006821455686328
5.3959999999940935,1.0007257804527214
5.396999999994091,1.0007330023847831
5.397999999994089,1.0007331413938212
5.3989999999940865,1.000762648693047
5.399999999994084,1.0007375282127027
5.400999999994082,1.0007620365613856
5.4019999999940795,1.0007969219284014
5.402999999994077,1.0008246789069484
5.403999999994075,1.0008562080621755
5.4049999999940725,1.00084109868007
5.40599999999407,1.0008680303657673
5.406999999994068,1.0008575769972226
5.4079999999940656,1.0009149963254662
5.408999999994063,1.0009176861844251
5.409999999994061,1.000975569174873
5.410999999994059,1.0010006285259767
5.411999999994056,1.0010215012901704
5.412999999994054,1.0010291907778597
5.413999999994052,1.0010489660904103
5.414999999994049,1.0011078797435213
5.415999999994047,1.0011357034619408
5.416999999994045,1.0011906628099247
5.417999999994042,1.0012347452692245
5.41899999999404,1.001265003593164
5.419999999994038,1.0012916184633245
5.420999999994035,1.001305297206167
5.421999999994033,1.0013543909476748
5.422999999994031,1.001410517038288
5.423999999994028,1.0014371047018975
5.424999999994026,1.0015185689925727
5.425999999994024,1.0015357697859895
5.426999999994021,1.0015561709478025
5.427999999994019,1.001583063228068
5.428999999994017,1.0016063076574604
5.429999999994014,1.0016754290341032
5.430999999994012,1.0017027464813686
5.43199999999401,1.0017535682277743
5.432999999994007,1.0017497651890976
5.433999999994005,1.0018006602389251
5.434999999994003,1.001795296619667
5.435999999994,1.001823100952774
5.436999999993998,1.0018543512620306
5.437999999993996,1.001898556209662
5.438999999993993,1.0019178227737855
5.439999999993991,1.001910676053779
5.440999999993989,1.0019342306940238
5.441999999993986,1.001930083756854
5.442999999993984,1.0019363539042043
5.443999999993982,1.0019565175022194
5.444999999993979,1.0019674612656528
5.445999999993977,1.0020032760258109
5.446999999993975,1.0020038741919817
5.447999999993972,1.001996994179844
5.44899999999397,1.0020192848018536
5.449999999993968,1.0019860902154263
5.450999999993965,1.002005022198239
5.451999999993963,1.0020324533971485
5.452999999993961,1.0020535648885984
5.453999999993958,1.0020776051435867
5.454999999993956,1.0020560557974425
5.455999999993954,1.0020752645167414
5.456999999993951,1.0020590826934135
5.457999999993949,1.002108949269213
5.458999999993947,1.0021032991127148
5.459999999993944,1.0021545571917492
5.460999999993942,1.0021715391824042
5.46199999999394,1.002184984932944
5.462999999993937,1.0021850173892572
5.463999999993935,1.0021984796645804
5.464999999993933,1.002248897294522
5.46599999999393,1.0022683700963713
5.466999999993928,1.0023152478343857
5.467999999993926,1.002351502568665
5.468999999993923,1.0023732081120384
5.469999999993921,1.0023934016624847
5.470999999993919,1.002399168061805
5.471999999993916,1.0024390605393143
5.472999999993914,1.00248622544297
5.473999999993912,1.0025039060477194
5.474999999993909,1.002577129173517
5.475999999993907,1.0025876251429882
5.476999999993905,1.0025990046183917
5.477999999993902,1.002615950659769
5.4789999999939,1.0026299144435369
5.479999999993898,1.0026886098950958
5.480999999993895,1.002706611791
5.481999999993893,1.002750314022536
5.482999999993891,1.0027368290564957
5.483999999993888,1.0027786562380154
5.484999999993886,1.0027624698986974
5.485999999993884,1.0027807033322873
5.486999999993881,1.0028016532923423
5.487999999993879,1.0028356502703715
5.488999999993877,1.0028477252076011
5.4899999999938744,1.0028309767086612
5.490999999993872,1.002844644174918
5.49199999999387,1.002830254959422
5.4929999999938675,1.0028259143111358
5.493999999993865,1.0028360240863685
5.494999999993863,1.0028393638535633
5.4959999999938605,1.0028643149775787
5.496999999993858,1.0028551750394403
5.497999999993856,1.0028382135112055
5.4989999999938535,1.0028502385697198
5.499999999993851,1.002806044438054
5.500999999993849,1.0028171529705734
5.5019999999938465,1.002834153676673
5.502999999993844,1.0028455946781685
5.503999999993842,1.0028592088333164
5.5049999999938395,1.0028282352992397
5.505999999993837,1.0028368429641528
5.506999999993835,1.0028128017686537
5.5079999999938325,1.0028522383958638
5.50899999999383,1.0028354865033764
5.509999999993828,1.002877188872001
5.5109999999938255,1.002883324366913
5.511999999993823,1.0028865386058403
5.512999999993821,1.0028761541229574
5.5139999999938185,1.0028812875945508
5.514999999993816,1.0029205287248455
5.515999999993814,1.0029289936481802
5.5169999999938115,1.0029651188804196
5.517999999993809,1.0029908829626335
5.518999999993807,1.0030014657360837
5.5199999999938045,1.0030133262727121
5.520999999993802,1.0030086085056151
5.5219999999938,1.0030368460134795
5.5229999999937975,1.0030725959960458
5.523999999993795,1.0030789469592982
5.524999999993793,1.0031414419286522
5.5259999999937905,1.003143453159897
5.526999999993788,1.0031434696749868
5.527999999993786,1.0031482252278927
5.5289999999937836,1.003150628376352
5.529999999993781,1.0031967174178658
5.530999999993779,1.0032031730100748
5.531999999993777,1.003238097779064
5.532999999993774,1.0032127947051142
5.533999999993772,1.0032433638261014
5.53499999999377,1.003214371662485
5.535999999993767,1.003220954101332
5.536999999993765,1.0032296156683393
5.537999999993763,1.0032514326343789
5.53899999999376,1.003254821846007
5.539999999993758,1.0032265234289306
5.540999999993756,1.0032283918262577
5.541999999993753,1.003201924156328
5.542999999993751,1.0031851917237673
5.543999999993749,1.0031834376262032
5.544999999993746,1.0031778426703957
5.545999999993744,1.003190233045194
5.546999999993742,1.003169608723689
5.547999999993739,1.0031408800359574
5.548999999993737,1.003140984102193
5.549999999993735,1.0030842543484824
5.550999999993732,1.0030863502360807
5.55199999999373,1.003091363967955
5.552999999993728,1.0030915471194763
5.553999999993725,1.0030932425057733
5.554999999993723,1.0030513220844604
5.555999999993721,1.0030479196925328
5.556999999993718,1.0030149946100457
5.557999999993716,1.0030426254044171
5.558999999993714,1.003013511731323
5.559999999993711,1.0030442738565382
5.560999999993709,1.0030383360572503
5.561999999993707,1.0030300780516177
5.562999999993704,1.003008088234957
5.563999999993702,1.003004060794102
5.5649999999937,1.0030310348413125
5.565999999993697,1.0030274330750182
5.566999999993695,1.003051748078918
5.567999999993693,1.003065979599053
5.56899999999369,1.0030644903450834
5.569999999993688,1.003067327977102
5.570999999993686,1.003051195623827
5.571999999993683,1.0030669635538738
5.572999999993681,1.003090499626016
5.573999999993679,1.0030847634380675
5.574999999993676,1.0031357369148604
5.575999999993674,1.003128750218921
5.576999999993672,1.003116758631924
5.577999999993669,1.0031087787158983
5.578999999993667,1.0030990607541024
5.579999999993665,1.003132082245851
5.580999999993662,1.0031264987812902
5.58199999999366,1.003152296384517
5.582999999993658,1.0031147791551114
5.583999999993655,1.0031336611546584
5.584999999993653,1.0030916149258493
5.585999999993651,1.0030862281089243
5.586999999993648,1.0030823680766217
5.587999999993646,1.003091797918432
5.588999999993644,1.0030863406639468
5.589999999993641,1.00304632489554
5.590999999993639,1.003036272399894
5.591999999993637,1.0029976784029369
5.592999999993634,1.0029685677618805
5.593999999993632,1.0029549542324885
5.59499999999363,1.0029404572613065
5.595999999993627,1.002940404998605
5.596999999993625,1.0029083859886163
5.597999999993623,1.0028680389348996
5.59899999999362,1.002856406406079
5.599999999993618,1.0027874295062458
5.600999999993616,1.002780703425499
5.601999999993613,1.0027740141237915
5.602999999993611,1.0027632068864059
5.603999999993609,1.00275333775649
5.604999999993606,1.002700809591299
5.605999999993604,1.002685837835759
5.606999999993602,1.0026443902005946
5.607999999993599,1.0026607007185067
5.608999999993597,1.0026198141457043
5.609999999993595,1.002640140215824
5.6109999999935924,1.002622769786816
5.61199999999359,1.002603679549949
5.612999999993588,1.00257077452649
5.6139999999935855,1.002558157238712
5.614999999993583,1.002573646319761
5.615999999993581,1.0025587931879083
5.6169999999935785,1.0025721197471598
5.617999999993576,1.002575657118027
5.618999999993574,1.002563014319972
5.6199999999935715,1.0025575389590675
5.620999999993569,1.002530935275849
5.621999999993567,1.0025352730178998
5.6229999999935645,1.0025476546257692
5.623999999993562,1.0025309328486458
5.62499999999356,1.0025714673252348
5.6259999999935575,1.0025563643522732
5.626999999993555,1.0025335758852336
5.627999999993553,1.0025141592591829
5.6289999999935505,1.0024936157138287
5.629999999993548,1.002514947385403
5.630999999993546,1.00249868532247
5.6319999999935435,1.0025163922432077
5.632999999993541,1.0024681030382112
5.633999999993539,1.0024767180209204
5.6349999999935365,1.002423179807311
5.635999999993534,1.0024073355859213
5.636999999993532,1.0023925315584068
5.6379999999935295,1.0023911762505444
5.638999999993527,1.0023780734104553
5.639999999993525,1.0023279822112683
5.6409999999935225,1.0023076913770341
5.64199999999352,1.0022587140324293
5.642999999993518,1.002219021738153
5.6439999999935155,1.0021953452569177
5.644999999993513,1.002173318314155
5.645999999993511,1.002162711948465
5.6469999999935085,1.002121171964536
5.647999999993506,1.002071127591098
5.648999999993504,1.002049708677005
5.6499999999935016,1.0019705149426963
5.650999999993499,1.00195646859566
5.651999999993497,1.0019401000515036
5.652999999993495,1.001920316274514
5.653999999993492,1.001900963033033
5.65499999999349,1.0018399003781977
5.655999999993488,1.0018155069142194
5.656999999993485,1.0017671708940694
5.657999999993483,1.001774343953432
5.658999999993481,1.001723947741691
5.659999999993478,1.0017360437869254
5.660999999993476,1.0017095499635351
5.661999999993474,1.0016819388957998
5.662999999993471,1.0016404682316664
5.663999999993469,1.0016210625550357
5.664999999993467,1.0016274815230004
5.665999999993464,1.0016038184732738
5.666999999993462,1.0016085997399495
5.66799999999346,1.0016038956748308
5.668999999993457,1.0015826098274097
5.669999999993455,1.0015707178140616
5.670999999993453,1.0015361682798392
5.67199999999345,1.0015316656197717
5.672999999993448,1.0015354961137708
5.673999999993446,1.0015104250926057
5.674999999993443,1.001543141601196
5.675999999993441,1.00152194001219
5.676999999993439,1.0014910682060192
5.677999999993436,1.0014629915413416
5.678999999993434,1.0014343982395106
5.679999999993432,1.001446869176488
5.680999999993429,1.0014227473174118
5.681999999993427,1.0014344834367839
5.682999999993425,1.0013782938430065
5.683999999993422,1.0013794916874048
5.68499999999342,1.0013174082594887
5.685999999993418,1.0012940132539576
5.686999999993415,1.0012712101648988
5.687999999993413,1.0012620274963018
5.688999999993411,1.0012434960553156
5.689999999993408,1.001186312954019
5.690999999993406,1.0011587917188376
5.691999999993404,1.0011024777414501
5.692999999993401,1.0010552857252681
5.693999999993399,1.0010246266858196
5.694999999993397,1.0009973944942034
5.695999999993394,1.000979369182533
5.696999999993392,1.0009314341636073
5.69799999999339,1.000874846446956
5.698999999993387,1.0008468087614995
5.699999999993385,1.000760617072708
5.700999999993383,1.0007416420960125
5.70199999999338,1.0007187904607535
5.702999999993378,1.0006932150754972
5.703999999993376,1.0006676013377351
5.704999999993373,1.000601221812867
5.705999999993371,1.0005706631707285
5.706999999993369,1.0005178936494188
5.707999999993366,1.0005191963208124
5.708999999993364,1.0004626095771163
5.709999999993362,1.00046975263805
5.710999999993359,1.0004374769614384
5.711999999993357,1.0004046838448903
5.712999999993355,1.0003580061677304
5.713999999993352,1.0003343515406167
5.71499999999335,1.0003350850816923
5.715999999993348,1.0003060109745858
5.716999999993345,1.0003056360167952
5.717999999993343,1.0002960769044935
5.718999999993341,1.0002695647942117
5.719999999993338,1.000253820937841
5.720999999993336,1.0002147378790716
5.721999999993334,1.0002048340066074
5.722999999993331,1.0002035532326963
5.723999999993329,1.0001735907688951
5.724999999993327,1.0002019267235371
5.725999999993324,1.0001772366845398
5.726999999993322,1.0001417684618923
5.72799999999332,1.0001085517808077
5.728999999993317,1.0000754235267144
5.729999999993315,1.0000825676533447
5.730999999993313,1.0000541116200536
5.7319999999933104,1.000062513620897
5.732999999993308,1.000001967193966
5.733999999993306,0.9999992635667732
5.7349999999933035,0.9999322022803808
5.735999999993301,0.9999047872648134
5.736999999993299,0.9998775245212909
5.7379999999932965,0.9998640509680189
5.738999999993294,0.9998427380868063
5.739999999993292,0.9997820047263024
5.7409999999932895,0.9997507978818485
5.741999999993287,0.9996907072590582
5.742999999993285,0.9996395882623967
5.7439999999932825,0.9996055108650519
5.74499999999328,0.9995757488701614
5.745999999993278,0.9995538813412282
5.7469999999932755,0.9995031207852616
5.747999999993273,0.99944356562177
5.748999999993271,0.9994124796343142
5.7499999999932685,0.9993228833996226
5.750999999993266,0.9993016480692609
5.751999999993264,0.9992758631483316
5.7529999999932615,0.9992480302329113
5.753999999993259,0.9992196995946385
5.754999999993257,0.9991515400629872
5.7559999999932545,0.9991183555219196
5.756999999993252,0.999063809097651
5.75799999999325,0.9990627632687282
5.7589999999932475,0.9990035323912165
5.759999999993245,0.9990092354963729
5.760999999993243,0.998974718238177
5.7619999999932405,0.998940274142748
5.762999999993238,0.998891921433349
5.763999999993236,0.9988666683791426
5.7649999999932335,0.9988652340519514
5.765999999993231,0.9988342676714486
5.766999999993229,0.9988322332853866
5.7679999999932265,0.9988213013964997
5.768999999993224,0.9987930492784964
5.769999999993222,0.9987760598045502
5.7709999999932196,0.9987359067262513
5.771999999993217,0.9987240558259342
5.772999999993215,0.9987211061117295
5.773999999993213,0.9986896978985642
5.77499999999321,0.9987170717242305
5.775999999993208,0.9986914718662326
5.776999999993206,0.9986548371970202
5.777999999993203,0.9986199147120176
5.778999999993201,0.9985856755610644
5.779999999993199,0.9985909034078269
5.780999999993196,0.9985615182009502
5.781999999993194,0.998569120317139
5.782999999993192,0.9985076097684586
5.783999999993189,0.9985043631274604
5.784999999993187,0.9984356945937953
5.785999999993185,0.9984075970220363
5.786999999993182,0.9983791950941978
5.78799999999318,0.9983647348309393
5.788999999993178,0.9983431107388316
5.789999999993175,0.9982821208345158
5.790999999993173,0.9982505059056954
5.791999999993171,0.9981899124154392
5.792999999993168,0.9981381331599046
5.793999999993166,0.9981038897446555
5.794999999993164,0.9980740296671813
5.795999999993161,0.9980515487433381
5.796999999993159,0.9980011889358361
5.797999999993157,0.9979418809397841
5.798999999993154,0.997910939422692
5.799999999993152,0.9978211321089363
5.80099999999315,0.9978000018668636
5.801999999993147,0.9977744187802587
5.802999999993145,0.9977474462359163
5.803999999993143,0.997719501807972
5.80499999999314,0.9976526622830078
5.805999999993138,0.9976199230046334
5.806999999993136,0.9975658993878739
5.807999999993133,0.9975655388648107
5.808999999993131,0.9975067013985752
5.809999999993129,0.9975139779067826
5.810999999993126,0.9974802294902896
5.811999999993124,0.9974471337544202
5.812999999993122,0.9974000924411651
5.813999999993119,0.9973754670246187
5.814999999993117,0.9973748050781731
5.815999999993115,0.9973448800559743
5.816999999993112,0.9973440906447257
5.81799999999311,0.997334669914444
5.818999999993108,0.9973075457589499
5.819999999993105,0.9972914466756608
5.820999999993103,0.9972530614152767
5.821999999993101,0.9972420626430449
5.822999999993098,0.9972402248152724
5.823999999993096,0.9972101466343624
5.824999999993094,0.9972393040773542
5.825999999993091,0.9972148569640452
5.826999999993089,0.9971797891016899
5.827999999993087,0.9971458758741241
5.828999999993084,0.997113230727362
5.829999999993082,0.9971192074893375
5.83099999999308,0.9970915614311028
5.831999999993077,0.9971003378091391
5.832999999993075,0.9970405018805841
5.833999999993073,0.9970393152549072
5.83499999999307,0.9969716252077717
5.835999999993068,0.9969454060803399
5.836999999993066,0.9969183919493385
5.837999999993063,0.9969054493628046
5.838999999993061,0.9968853862333075
5.839999999993059,0.9968266313355642
5.840999999993056,0.9967970710590935
5.841999999993054,0.9967384235833702
5.842999999993052,0.9966884131607965
5.843999999993049,0.9966564184208279
5.844999999993047,0.9966282589716643
5.845999999993045,0.9966075331905372
5.846999999993042,0.9965599514829955
5.84799999999304,0.9965032459564624
5.848999999993038,0.9964747727387101
5.849999999993035,0.9963870663666069
5.850999999993033,0.9963677466661851
5.851999999993031,0.9963446169424609
5.8529999999930284,0.9963207446505619
5.853999999993026,0.9962953959200981
5.854999999993024,0.9962320942680167
5.8559999999930215,0.9962019668379493
5.856999999993019,0.9961500878614284
5.857999999993017,0.9961525356619927
5.8589999999930145,0.9960962075108389
5.859999999993012,0.9961071623886137
5.86099999999301,0.9960762647918739
5.8619999999930075,0.9960465936127519
5.862999999993005,0.9960029214440437
5.863999999993003,0.9959804434321492
5.8649999999930005,0.9959825474732876
5.865999999992998,0.9959556511140879
5.866999999992996,0.9959580649887145
5.8679999999929935,0.9959520957774118
5.868999999992991,0.9959280134195877
5.869999999992989,0.9959142242138852
5.8709999999929865,0.9958794976660533
5.871999999992984,0.9958711836742544
5.872999999992982,0.995872273519737
5.8739999999929795,0.9958453362806857
5.874999999992977,0.9958780615667095
5.875999999992975,0.9958561038661564
5.8769999999929725,0.9958243671825842
5.87799999999297,0.9957931956937001
5.878999999992968,0.9957638736759438
5.8799999999929655,0.9957722713411834
5.880999999992963,0.9957480551996403
5.881999999992961,0.9957592444521217
5.8829999999929585,0.9957027425846678
5.883999999992956,0.9957052445063374
5.884999999992954,0.9956401270212735
5.8859999999929515,0.9956173699696613
5.886999999992949,0.9955932861796595
5.887999999992947,0.9955833827426129
5.8889999999929445,0.995566022508989
5.889999999992942,0.9955110234215152
5.89099999999294,0.995485005043571
5.8919999999929376,0.9954297761603336
5.892999999992935,0.9953829825640343
5.893999999992933,0.995354676435411
5.894999999992931,0.9953292858780574
5.895999999992928,0.9953117011248874
5.896999999992926,0.9952683094746256
5.897999999992924,0.9952155945436576
5.898999999992921,0.9951909441737168
5.899999999992919,0.995106679290933
5.900999999992917,0.9950901519616958
5.901999999992914,0.9950707656731612
5.902999999992912,0.99505128442005
5.90399999999291,0.9950297855452983
5.904999999992907,0.9949713022847642
5.905999999992905,0.9949450031042735
5.906999999992903,0.9948961838902602
5.9079999999929,0.9949026190699582
5.908999999992898,0.9948499709845313
5.909999999992896,0.9948657798850696
5.910999999992893,0.9948388761342271
5.911999999992891,0.9948137774944058
5.912999999992889,0.9947746063957165
5.913999999992886,0.9947550967863206
5.914999999992884,0.9947610298211391
5.915999999992882,0.9947382265251107
5.916999999992879,0.9947448854720663
5.917999999992877,0.9947434011758349
5.918999999992875,0.994723366042972
5.919999999992872,0.9947126284731089
5.92099999999287,0.9946825613018054
5.921999999992868,0.9946778650307083
5.922999999992865,0.9946828058958735
5.923999999992863,0.9946599352443308
5.924999999992861,0.9946971346753164
5.925999999992858,0.9946783455868254
5.926999999992856,0.9946508325252409
5.927999999992854,0.9946232578180623
5.928999999992851,0.9945981219333306
5.929999999992849,0.9946097375132682
5.930999999992847,0.9945897862720177
5.931999999992844,0.9946039867259133
5.932999999992842,0.9945516329624422
5.93399999999284,0.9945586151702863
5.934999999992837,0.9944968224074927
5.935999999992835,0.9944782857116994
5.936999999992833,0.9944578507268764
5.93799999999283,0.9944516904105004
5.938999999992828,0.9944375718075971
5.939999999992826,0.9943870529169124
5.940999999992823,0.994365268386432
5.941999999992821,0.9943141410732238
5.942999999992819,0.9942712237233385
5.943999999992816,0.9942472670664914
5.944999999992814,0.9942251335689762
5.945999999992812,0.9942112997997106
5.946999999992809,0.9941727525326406
5.947999999992807,0.9941246633438416
5.948999999992805,0.9941044405611849
5.949999999992802,0.9940242136347571
5.9509999999928,0.994010908963353
5.951999999992798,0.9939958281224837
5.952999999992795,0.9939813156150268
5.953999999992793,0.9939642087614051
5.954999999992791,0.9939111315838572
5.955999999992788,0.9938891795961874
5.956999999992786,0.9938438204477353
5.957999999992784,0.9938547368054332
5.958999999992781,0.9938062597660413
5.959999999992779,0.9938274319349925
5.960999999992777,0.9938049975753027
5.961999999992774,0.9937849634168221
5.962999999992772,0.9937507763915374
5.96399999999277,0.9937345689795175
5.964999999992767,0.9937447487957762
5.965999999992765,0.9937264688933108
5.966999999992763,0.9937377891363506
5.96799999999276,0.9937412097765956
5.968999999992758,0.9937256187365578
5.969999999992756,0.9937182235026084
5.970999999992753,0.9936932285519738
5.971999999992751,0.9936924939073856
5.972999999992749,0.9937016286676202
5.9739999999927464,0.9936831796469299
5.974999999992744,0.9937251958234445
5.975999999992742,0.9937098360457028
5.9769999999927395,0.9936868877295546
5.977999999992737,0.9936632137708685
5.978999999992735,0.9936425868970454
5.9799999999927325,0.9936576751547549
5.98099999999273,0.9936422981299325
5.981999999992728,0.9936597169207979
5.9829999999927255,0.9936118148730857
5.983999999992723,0.9936235665383332
5.984999999992721,0.9935653525499728
5.9859999999927185,0.9935513093538708
5.986999999992716,0.9935347625722627
5.987999999992714,0.9935325774442005
5.9889999999927115,0.993521894416256
5.989999999992709,0.9934761289128404
5.990999999992707,0.9934588223783873
5.9919999999927045,0.9934120396598429
5.992999999992702,0.9933732213535329
5.9939999999927,0.9933538462126796
5.9949999999926975,0.9933351412861205
5.995999999992695,0.9933252475890866
5.996999999992693,0.9932917911646079
5.9979999999926905,0.9932485621424556
5.998999999992688,0.993232975658313
5.999999999992686,0.9931569965709415
6.0009999999926835,0.993147059782243
6.001999999992681,0.9931364735188404
6.002999999992679,0.9931271463940462
6.0039999999926765,0.993114617558648
6.004999999992674,0.9930671917990215
6.005999999992672,0.9930497646771782
6.0069999999926695,0.9930080170178971
6.007999999992667,0.993023577476795
6.008999999992665,0.9929794395675572
6.0099999999926625,0.9930061667899784
6.01099999999266,0.9929883643945909
6.011999999992658,0.9929735807532293
6.0129999999926556,0.992944562415347
6.013999999992653,0.9929317686096083
6.014999999992651,0.9929463207611274
6.015999999992649,0.9929327118811195
6.016999999992646,0.9929488330725248
6.017999999992644,0.9929573117339349
6.018999999992642,0.9929463017905862
6.019999999992639,0.9929423489197421
6.020999999992637,0.9929225935647299
6.021999999992635,0.9929259231436403
6.022999999992632,0.9929393587664482
6.02399999999263,0.9929254582780935
6.024999999992628,0.9929724080509577
6.025999999992625,0.992960573883976
6.026999999992623,0.9929423172724307
6.027999999992621,0.9929226368952716
6.028999999992618,0.9929066365699963
6.029999999992616,0.9929252490960139
6.030999999992614,0.9929145607093026
6.031999999992611,0.9929352611109272
6.032999999992609,0.992891931994
6.033999999992607,0.9929085629423153
6.034999999992604,0.9928540126823068
6.035999999992602,0.9928445714797702
6.0369999999926,0.9928319947281328
6.037999999992597,0.9928338631861519
6.038999999992595,0.9928266993477866
6.039999999992593,0.9927858187970964
6.04099999999259,0.9927730952644088
6.041999999992588,0.9927307671761947
6.042999999992586,0.9926961403060294
6.043999999992583,0.9926814506244643
6.044999999992581,0.9926662529531283
6.045999999992579,0.9926603674640749
6.046999999992576,0.992632130582522
6.047999999992574,0.992593884270006
6.048999999992572,0.9925830338801949
6.049999999992569,0.9925114125848375
6.050999999992567,0.9925049149332655
6.051999999992565,0.9924989176722336
6.052999999992562,0.9924949021093686
6.05399999999256,0.9924870522698249
6.054999999992558,0.9924454422390696
6.055999999992555,0.9924326410332552
6.056999999992553,0.992394602276731
6.057999999992551,0.9924148966099888
6.058999999992548,0.9923751997398335
6.059999999992546,0.9924076025331214
6.060999999992544,0.9923945305685348
6.061999999992541,0.9923851192944926
6.062999999992539,0.992361394694533
6.063999999992537,0.9923520830856024
6.064999999992534,0.9923710779085496
6.065999999992532,0.9923622367201281
6.06699999999253,0.9923832486567691
6.067999999992527,0.9923968922825466
6.068999999992525,0.9923905603742198
6.069999999992523,0.9923901212428986
6.07099999999252,0.9923757358855307
6.071999999992518,0.9923832021878204
6.072999999992516,0.9924010156432875
6.073999999992513,0.9923917633645252
6.074999999992511,0.9924437328041755
6.075999999992509,0.9924355012718773
6.076999999992506,0.9924220392395194
6.077999999992504,0.9924064249601668
6.078999999992502,0.9923951469234998
6.079999999992499,0.9924173181101266
6.080999999992497,0.9924114133134202
6.081999999992495,0.9924354445994796
6.082999999992492,0.9923967957267231
6.08399999999249,0.9924183987827804
6.084999999992488,0.9923675926336384
6.085999999992485,0.9923628519913418
6.086999999992483,0.9923543229309418
6.087999999992481,0.9923603185451332
6.088999999992478,0.9923567532729601
6.089999999992476,0.9923208845965751
6.090999999992474,0.9923128448213832
6.091999999992471,0.9922750800249849
6.092999999992469,0.9922447363662596
6.093999999992467,0.9922348315671378
6.0949999999924644,0.9922232171385573
6.095999999992462,0.9922214075662062
6.09699999999246,0.9921985116101608
6.0979999999924575,0.9921653661238252
6.098999999992455,0.9921593473888819
6.099999999992453,0.9920921958690385
6.1009999999924505,0.9920892071149341
6.101999999992448,0.9920878912369531
6.102999999992446,0.9920893073434309
6.1039999999924435,0.9920862358234094
6.104999999992441,0.9920505982169617
6.105999999992439,0.9920425227486609
6.1069999999924365,0.9920082890004422
6.107999999992434,0.9920334022979375
6.108999999992432,0.9919982483349553
6.1099999999924295,0.9920364334415729
6.110999999992427,0.9920281847987393
6.111999999992425,0.9920242558886919
6.1129999999924225,0.9920059392827564
6.11399999999242,0.9920001723600607
6.114999999992418,0.9920236714745341
6.1159999999924155,0.9920196844893305
6.116999999992413,0.9920456634177671
6.117999999992411,0.9920645632599618
6.1189999999924085,0.9920629946484621
6.119999999992406,0.9920661307363652
6.120999999992404,0.9920572271618971
6.1219999999924015,0.9920688922728359
6.122999999992399,0.9920911460190526
6.123999999992397,0.9920866252024775
6.1249999999923945,0.9921436763640771
6.125999999992392,0.9921391089821766
6.12699999999239,0.9921305226992209
6.1279999999923875,0.9921190295084428
6.128999999992385,0.9921125448401387
6.129999999992383,0.9921382908780023
6.1309999999923805,0.9921372359095774
6.131999999992378,0.9921646254129161
6.132999999992376,0.9921307349688258
6.1339999999923736,0.992157366627251
6.134999999992371,0.9921103611461912
6.135999999992369,0.9921103836553213
6.136999999992367,0.9921059483331872
6.137999999992364,0.9921161094706475
6.138999999992362,0.9921161908947617
6.13999999999236,0.9920854171483849
6.140999999992357,0.9920821174648196
6.141999999992355,0.9920489808340608
6.142999999992353,0.9920229684144738
6.14399999999235,0.992017896657364
6.144999999992348,0.9920099021087181
6.145999999992346,0.992012187542103
6.146999999992343,0.9919946922211217
6.147999999992341,0.9919667047720551
6.148999999992339,0.9919655511738498
6.149999999992336,0.9919029231729337
6.150999999992334,0.9919034643625586
6.151999999992332,0.9919068550143167
6.152999999992329,0.9919137464212122
6.153999999992327,0.991915479910427
6.154999999992325,0.9918858867690163
6.155999999992322,0.9918825603963399
6.15699999999232,0.9918521678762897
6.157999999992318,0.9918821026612256
6.158999999992315,0.9918515140855749
6.159999999992313,0.99189549177097
6.160999999992311,0.991892071838317
6.161999999992308,0.991893639078143
6.162999999992306,0.9918807477836735
6.163999999992304,0.9918785180986205
6.164999999992301,0.9919064886521572
6.165999999992299,0.9919073433048733
6.166999999992297,0.9919382614606234
6.167999999992294,0.9919623996793219
6.168999999992292,0.9919655734844091
6.16999999999229,0.9919722647056347
6.170999999992287,0.9919688374156557
6.171999999992285,0.9919846554473687
6.172999999992283,0.9920112988434052
6.17399999999228,0.9920114757352394
6.174999999992278,0.9920735458274946
6.175999999992276,0.9920726125561644
6.176999999992273,0.9920688597241136
6.177999999992271,0.9920614245242166
6.178999999992269,0.9920596774048228
6.179999999992266,0.9920888960950652
6.180999999992264,0.9920926251886321
6.181999999992262,0.992123301340868
6.182999999992259,0.9920941133565454
6.183999999992257,0.992125688466914
6.184999999992255,0.9920824105247521
6.185999999992252,0.9920871153682962
6.18699999999225,0.9920866806528637
6.187999999992248,0.9921009029597841
6.188999999992245,0.9921045658985378
6.189999999992243,0.9920788162105878
6.190999999992241,0.9920801595553731
6.191999999992238,0.9920515631432725
6.192999999992236,0.9920297783613603
6.193999999992234,0.9920294288914326
6.194999999992231,0.9920249708685823
6.195999999992229,0.9920312156944173
6.196999999992227,0.9920190122414391
6.197999999992224,0.9919960722732911
6.198999999992222,0.9919996492637942
6.19999999999222,0.9919414335322173
6.200999999992217,0.9919453974622694
6.201999999992215,0.991953346778814
6.202999999992213,0.9919655741213409
6.20399999999221,0.9919719607445138
6.204999999992208,0.9919482926289034
6.205999999992206,0.9919495571612819
6.206999999992203,0.9919229033527508
6.207999999992201,0.991957476618398
6.208999999992199,0.991931293597479
6.209999999992196,0.9919808767654495
6.210999999992194,0.991982103335464
6.211999999992192,0.9919889856091998
6.212999999992189,0.9919813418170192
6.213999999992187,0.9919824996361032
6.214999999992185,0.9920147191100651
6.2159999999921824,0.9920202086258948
6.21699999999218,0.9920558405345589
6.217999999992178,0.9920849968817195
6.2189999999921755,0.992092693116883
6.219999999992173,0.9921027689197863
6.220999999992171,0.9921046038000606
6.2219999999921685,0.992124330515985
6.222999999992166,0.992155111131081
6.223999999992164,0.992159746989661
6.2249999999921615,0.9922265630849614
6.225999999992159,0.9922290786955145
6.226999999992157,0.9922299100787914
6.2279999999921545,0.9922262697707984
6.228999999992152,0.9922289973370947
6.22999999999215,0.9922613896857515
6.2309999999921475,0.992269628127861
6.231999999992145,0.9923033641978651
6.232999999992143,0.9922786134632419
6.2339999999921405,0.9923148327081561
6.234999999992138,0.9922750061969827
6.235999999992136,0.992284098419542
6.2369999999921335,0.9922873620363599
6.237999999992131,0.9923053304574764
6.238999999992129,0.9923123463291144
6.2399999999921265,0.9922913302415122
6.240999999992124,0.9922970025389115
6.241999999992122,0.9922726431430399
6.2429999999921195,0.9922547702184517
6.243999999992117,0.9922588154172409
6.244999999992115,0.9922576481763933
6.2459999999921125,0.992267506898016
6.24699999999211,0.9922602657074385
6.247999999992108,0.9922420437300664
6.2489999999921055,0.9922499995757619
6.249999999992103,0.9921958709695479
6.250999999992101,0.9922029874814078
6.2519999999920985,0.9922151299015161
6.252999999992096,0.9922323283554133
6.253999999992094,0.992242996130066
6.2549999999920916,0.992224902931369
6.255999999992089,0.9922303803163603
6.256999999992087,0.9922071962109775
6.257999999992085,0.992246004935932
6.258999999992082,0.9922238513150249
6.25999999999208,0.9922786260366315
6.260999999992078,0.9922840998665077
6.261999999992075,0.9922958945715514
6.262999999992073,0.992293100153761
6.263999999992071,0.9922973354717409
6.264999999992068,0.9923333694800589
6.265999999992066,0.9923430723391539
6.266999999992064,0.9923829767333875
6.267999999992061,0.9924167123851887
6.268999999992059,0.9924284965003669
6.269999999992057,0.9924416255239514
6.270999999992054,0.9924482882001233
6.271999999992052,0.9924714695743633
6.27299999999205,0.9925059239580287
6.273999999992047,0.9925145673759157
6.274999999992045,0.9925856418479299
6.275999999992043,0.9925912626453502
6.27699999999204,0.9925962190767115
6.277999999992038,0.992595908216499
6.278999999992036,0.992602640882804
6.279999999992033,0.9926377119243704
6.280999999992031,0.992649979878344
6.281999999992029,0.9926863980261414
6.282999999992026,0.9926656162203196
6.283999999992024,0.9927059752283782
6.284999999992022,0.992669128911144
6.285999999992019,0.992682110928786
6.286999999992017,0.9926885734873836
6.287999999992015,0.9927097761070383
6.288999999992012,0.9927197648600963
6.28999999999201,0.9927029892978653
6.290999999992008,0.9927124777162831
6.291999999992005,0.9926918558022526
6.292999999992003,0.9926773866355307
6.293999999992001,0.992685304236508
6.294999999991998,0.9926870370698267
6.295999999991996,0.9926999778114177
6.296999999991994,0.9926971748430239
6.297999999991991,0.9926831497075492
6.298999999991989,0.9926949441382579
6.299999999991987,0.9926443922579941
6.300999999991984,0.9926542515511378
6.301999999991982,0.9926700361180334
6.30299999999198,0.9926916501718508
6.303999999991977,0.9927060419785083
6.304999999991975,0.9926929803240253
6.305999999991973,0.9927021096647477
6.30699999999197,0.9926819880933064
6.307999999991968,0.9927244484110189
6.308999999991966,0.9927057704865987
6.309999999991963,0.9927651383460181
6.310999999991961,0.9927742842479677
6.311999999991959,0.9927904100594168
6.312999999991956,0.9927918899664736
6.313999999991954,0.9927987649566011
6.314999999991952,0.9928380114740909
6.315999999991949,0.9928513367934845
6.316999999991947,0.9928949035318808
6.317999999991945,0.9929326093834903
6.318999999991942,0.9929478806022253
6.31999999999194,0.9929636075194177
6.320999999991938,0.9929744939840435
6.321999999991935,0.9930005162613508
6.322999999991933,0.9930380209057426
6.323999999991931,0.9930500593402822
6.324999999991928,0.9931247429712842
6.325999999991926,0.9931330059013024
6.326999999991924,0.9931414705557589
6.327999999991921,0.9931438728524079
6.328999999991919,0.9931539870704095
6.329999999991917,0.9931910979144735
6.330999999991914,0.9932067640474969
6.331999999991912,0.9932453758624514
6.33299999999191,0.9932279455763153
6.333999999991907,0.993271790597606
6.334999999991905,0.9932373121378995
6.335999999991903,0.9932535400319373
6.3369999999919004,0.9932625611213771
6.337999999991898,0.9932863456733029
6.338999999991896,0.9932988189538361
6.3399999999918935,0.9932856456002093
6.340999999991891,0.9932982958112256
6.341999999991889,0.9932807720754243
6.3429999999918865,0.9932690622304897
6.343999999991884,0.9932801918170904
6.344999999991882,0.9932843312543853
6.3459999999918795,0.9932996912598603
6.346999999991877,0.9933006640906136
6.347999999991875,0.9932901788426399
6.3489999999918725,0.9933051390009505
6.34999999999187,0.9932575232461505
6.350999999991868,0.9932696180943502
6.3519999999918655,0.9932883648643168
6.352999999991863,0.993313705677823
6.353999999991861,0.9933311360444861
6.3549999999918585,0.9933224265129356
6.355999999991856,0.9933345204342376
6.356999999991854,0.9933169578605463
6.3579999999918515,0.9933623609733724
6.358999999991849,0.9933464818618425
6.359999999991847,0.9934097152894826
6.3609999999918445,0.9934218354701618
6.361999999991842,0.9934415851794437
6.36299999999184,0.9934466396656702
6.3639999999918375,0.9934556270757713
6.364999999991835,0.9934973676318747
6.365999999991833,0.9935136060371084
6.3669999999918305,0.9935601071352747
6.367999999991828,0.99360105485859
6.368999999991826,0.9936190966246199
6.3699999999918235,0.9936368797635621
6.370999999991821,0.9936512664297872
6.371999999991819,0.9936794057981359
6.3729999999918165,0.9937192261941755
6.373999999991814,0.9937339341423929
6.374999999991812,0.9938114642291275
6.3759999999918096,0.9938218215090963
6.376999999991807,0.993833065085455
6.377999999991805,0.9938374571699364
6.378999999991803,0.9938502184846826
6.3799999999918,0.9938886286475939
6.380999999991798,0.9939069515098776
6.381999999991796,0.9939471888806651
6.382999999991793,0.9939323834977964
6.383999999991791,0.9939789515962015
6.384999999991789,0.9939461264156646
6.385999999991786,0.9939648490859584
6.386999999991784,0.9939756860808974
6.387999999991782,0.994001298110773
6.388999999991779,0.9940156875444468
6.389999999991777,0.9940053692525908
6.390999999991775,0.9940204211227713
6.391999999991772,0.9940052506385524
6.39299999999177,0.9939955522429933
6.393999999991768,0.9940091270756428
6.394999999991765,0.9940150999604865
6.395999999991763,0.9940321155796222
6.396999999991761,0.9940360913989142
6.397999999991758,0.9940283804558278
6.398999999991756,0.9940457276280106
6.399999999991754,0.99400030253156
6.400999999991751,0.9940140476071986
6.401999999991749,0.99403497290555
6.402999999991747,0.9940632429369884
6.403999999991744,0.9940829221984084
6.404999999991742,0.9940777717791859
6.40599999999174,0.9940920389918935
6.406999999991737,0.9940764512373591
6.407999999991735,0.9941239844840698
6.408999999991733,0.9941101232536295
6.40999999999173,0.9941763836805226
6.410999999991728,0.9941906743621243
6.411999999991726,0.9942132296582608
6.412999999991723,0.9942210479040774
6.413999999991721,0.9942315407550996
6.414999999991719,0.9942749532327156
6.415999999991716,0.9942932882982378
6.416999999991714,0.9943418890080516
6.417999999991712,0.9943852413243861
6.418999999991709,0.994405231088269
6.419999999991707,0.9944244493642289
6.420999999991705,0.9944415010489975
6.421999999991702,0.9944709325145362
6.4229999999917,0.9945122309750859
6.423999999991698,0.9945287762524397
6.424999999991695,0.9946082824378935
6.425999999991693,0.9946201044529819
6.426999999991691,0.9946332879433978
6.427999999991688,0.9946388414247654
6.428999999991686,0.9946534048440053
6.429999999991684,0.9946922732186043
6.430999999991681,0.9947123995642106
6.431999999991679,0.9947536135828092
6.432999999991677,0.9947405938145844
6.433999999991674,0.9947890095042955
6.434999999991672,0.9947570170299239
6.43599999999167,0.9947773717825094
6.436999999991667,0.9947891757470733
6.437999999991665,0.9948157540104869
6.438999999991663,0.9948314068130388
6.43999999999166,0.9948230802930189
6.440999999991658,0.9948396605452002
6.441999999991656,0.9948259841531776
6.442999999991653,0.9948174367118319
6.443999999991651,0.9948325732676582
6.444999999991649,0.9948397182506775
6.445999999991646,0.9948575138492106
6.446999999991644,0.9948635953761156
6.447999999991642,0.994857769933893
6.448999999991639,0.9948766051206687
6.449999999991637,0.9948325047858152
6.450999999991635,0.9948472254499908
6.451999999991632,0.9948694266871025
6.45299999999163,0.9948997033797752
6.453999999991628,0.9949207218427223
6.454999999991625,0.9949182055841694
6.455999999991623,0.994933734348467
6.456999999991621,0.9949194430364113
6.4579999999916184,0.9949681729891904
6.458999999991616,0.9949554263883923
6.459999999991614,0.9950237449805135
6.4609999999916115,0.9950392768707003
6.461999999991609,0.9950636872637512
6.462999999991607,0.995073325584864
6.4639999999916045,0.9950846212693942
6.464999999991602,0.9951287592860816
6.4659999999916,0.9951482456021443
6.4669999999915975,0.995197982701374
6.467999999991595,0.995242771024076
6.468999999991593,0.9952637581565641
6.4699999999915905,0.9952836945692726
6.470999999991588,0.9953024412114682
6.471999999991586,0.9953322176130345
6.4729999999915835,0.9953740320524321
6.473999999991581,0.995391453479824
6.474999999991579,0.9954719359882188
6.4759999999915765,0.9954844940779235
6.476999999991574,0.9954986455635964
6.477999999991572,0.9955044045432535
6.4789999999915695,0.9955197908895443
6.479999999991567,0.9955581543154871
6.480999999991565,0.9955790951283155
6.4819999999915625,0.9956205390487499
6.48299999999156,0.9956083283755708
6.483999999991558,0.9956575800335301
6.4849999999915555,0.9956254705332704
6.485999999991553,0.9956464597472916
6.486999999991551,0.9956582532479381
6.4879999999915485,0.9956848080668875
6.488999999991546,0.9957009700760944
6.489999999991544,0.9956936325503669
6.4909999999915415,0.9957107327323099
6.491999999991539,0.9956975547610214
6.492999999991537,0.9956891636597972
6.4939999999915345,0.9957048399847261
6.494999999991532,0.9957123912850198
6.49599999999153,0.9957299590448064
6.4969999999915276,0.995737102347023
6.497999999991525,0.9957321284879128
6.498999999991523,0.9957514118091707
6.499999999991521,0.9957076288341112
6.500999999991518,0.9957225463857938
6.501999999991516,0.9957449828971746
6.502999999991514,0.995776199066626
6.503999999991511,0.9957975088067063
6.504999999991509,0.9957965499257441
6.505999999991507,0.9958122910424204
6.506999999991504,0.9957985103274574
6.507999999991502,0.9958473675400424
6.5089999999915,0.9958346943655082
6.509999999991497,0.9959039570389085
6.510999999991495,0.9959196611440492
6.511999999991493,0.9959448297402016
6.51299999999149,0.9959551975637314
6.513999999991488,0.9959664886377141
6.514999999991486,0.9960102706752436
6.515999999991483,0.9960298225359138
6.516999999991481,0.9960795942187973
6.517999999991479,0.9961247086718484
6.518999999991476,0.9961456053921793
6.519999999991474,0.9961654409196197
6.520999999991472,0.9961847690751295
6.521999999991469,0.9962138151534761
6.522999999991467,0.9962550542097268
6.523999999991465,0.9962722567270051
6.524999999991462,0.996352583434858
6.52599999999146,0.9963650475536884
6.526999999991458,0.996379059864909
6.527999999991455,0.9963839403260168
6.528999999991453,0.9963990359369495
6.529999999991451,0.9964358116446869
6.530999999991448,0.9964564437191387
6.531999999991446,0.9964972755555167
6.532999999991444,0.9964847626928969
6.533999999991441,0.9965337070082356
6.534999999991439,0.9965004063987467
6.535999999991437,0.9965209034584516
6.536999999991434,0.9965315877620421
6.537999999991432,0.9965570097830926
6.53899999999143,0.9965728320152999
6.539999999991427,0.9965653502696047
6.540999999991425,0.9965818379665412
6.541999999991423,0.9965680381334818
6.54299999999142,0.996558688293651
6.543999999991418,0.9965737590298569
6.544999999991416,0.9965808583263097
6.545999999991413,0.9965970759006213
6.546999999991411,0.9966041083791914
6.547999999991409,0.9965988258732853
6.548999999991406,0.9966173972869915
6.549999999991404,0.9965728034512161
6.550999999991402,0.9965870520860711
6.551999999991399,0.996608568748247
6.552999999991397,0.9966395369399224
6.553999999991395,0.9966599775995041
6.554999999991392,0.9966593734666045
6.55599999999139,0.9966741684952475
6.556999999991388,0.9966600264748513
6.557999999991385,0.9967078368290798
6.558999999991383,0.996694089581657
6.559999999991381,0.9967630714194539
6.560999999991378,0.9967777742752169
6.561999999991376,0.9968024946678727
6.562999999991374,0.996812392243892
6.563999999991371,0.9968227960816017
6.564999999991369,0.9968650465665224
6.565999999991367,0.996883479628556
6.566999999991364,0.9969320888513181
6.567999999991362,0.9969763224364672
6.56899999999136,0.9969959487496769
6.569999999991357,0.9970147970047757
6.570999999991355,0.9970334968931346
6.571999999991353,0.997060657423669
6.57299999999135,0.9971001504703507
6.573999999991348,0.9971159561107661
6.574999999991346,0.9971949162278351
6.575999999991343,0.9972063955159128
6.576999999991341,0.9972190815929904
6.577999999991339,0.9972219282552086
6.5789999999913364,0.9972355436340936
6.579999999991334,0.9972695893577835
6.580999999991332,0.997288716895378
6.5819999999913295,0.9973280467015483
6.582999999991327,0.9973140486720291
6.583999999991325,0.9973614759758823
6.5849999999913225,0.9973258503583524
6.58599999999132,0.9973446664917732
6.586999999991318,0.9973530886945249
6.5879999999913155,0.9973762177980987
6.588999999991313,0.9973908089121166
6.589999999991311,0.9973819902808855
6.5909999999913085,0.9973966819020199
6.591999999991306,0.9973810890559518
6.592999999991304,0.9973696203026489
6.5939999999913015,0.9973828944432009
6.594999999991299,0.9973886499925396
6.595999999991297,0.9974023601994123
6.5969999999912945,0.9974080631180494
6.597999999991292,0.9974012685749183
6.59899999999129,0.9974179324750468
6.5999999999912875,0.9973713632530038
6.600999999991285,0.9973840546709649
6.601999999991283,0.9974034688863422
6.6029999999912805,0.9974329701301199
6.603999999991278,0.9974513580000429
6.604999999991276,0.9974498714824057
6.6059999999912735,0.9974625439342745
6.606999999991271,0.9974471518403097
6.607999999991269,0.9974927305706938
6.6089999999912665,0.9974767498910622
6.609999999991264,0.9975442137580149
6.610999999991262,0.9975567357737112
6.6119999999912595,0.9975797931227137
6.612999999991257,0.9975880134052088
6.613999999991255,0.9975966490914299
6.6149999999912525,0.9976362016665756
6.61599999999125,0.9976523374969899
6.616999999991248,0.9976985978249006
6.6179999999912456,0.9977407533452208
6.618999999991243,0.9977579438066112
6.619999999991241,0.9977749317706686
6.620999999991239,0.9977918067374766
6.621999999991236,0.9978159543055668
6.622999999991234,0.9978525610625665
6.623999999991232,0.997865820012282
6.624999999991229,0.9979422374693838
6.625999999991227,0.99795186567728
6.626999999991225,0.9979620734920951
6.627999999991222,0.9979617748231531
6.62899999999122,0.997972762328356
6.629999999991218,0.9980029928058054
6.630999999991215,0.9980194675394092
6.631999999991213,0.9980564475370852
6.632999999991211,0.9980398308386581
6.633999999991208,0.9980845878427228
6.634999999991206,0.9980455638304288
6.635999999991204,0.9980615712699487
6.636999999991201,0.9980666461252652
6.637999999991199,0.9980863943965029
6.638999999991197,0.9980989143098017
6.639999999991194,0.9980876327903561
6.640999999991192,0.998099420082426
6.64199999999119,0.9980809393184463
6.642999999991187,0.9980662740521211
6.643999999991185,0.9980766451535887
6.644999999991183,0.9980802300027183
6.64599999999118,0.9980903708921433
6.646999999991178,0.998093614135632
6.647999999991176,0.9980841956881712
6.648999999991173,0.9980978557273028
6.649999999991171,0.9980482447215705
6.650999999991169,0.998058569434718
6.651999999991166,0.998074806426865
6.652999999991164,0.9981017278788511
6.653999999991162,0.9981169922114077
6.654999999991159,0.9981134919069241
6.655999999991157,0.9981229842884429
6.656999999991155,0.9981055403539147
6.657999999991152,0.9981478303611968
6.65899999999115,0.9981285835038503
6.659999999991148,0.9981934229689386
6.660999999991145,0.9982027195922747
6.661999999991143,0.9982230347633632
6.662999999991141,0.9982285079247243
6.663999999991138,0.9982346037628652
6.664999999991136,0.9982704441183173
6.665999999991134,0.998283254638194
6.666999999991131,0.9983261350708483
6.667999999991129,0.9983651709580037
6.668999999991127,0.9983789192243198
6.669999999991124,0.998393295742197
6.670999999991122,0.9984073093273997
6.67199999999112,0.9984274869334409
6.672999999991117,0.9984602412488859
6.673999999991115,0.9984699771597526
6.674999999991113,0.9985428570885799
6.67599999999111,0.9985499027135165
6.676999999991108,0.9985566624892144
6.677999999991106,0.9985522962549572
6.678999999991103,0.9985596985157176
6.679999999991101,0.9985852299440761
6.680999999991099,0.9985981006117503
6.681999999991096,0.9986320361189944
6.682999999991094,0.9986118664349971
6.683999999991092,0.998653006329772
6.684999999991089,0.9986097175737503
6.685999999991087,0.9986219988073188
6.686999999991085,0.998622855244505
6.687999999991082,0.9986383536389775
6.68899999999108,0.9986481252755486
6.689999999991078,0.9986334717774896
6.690999999991075,0.9986414708110262
6.691999999991073,0.9986192325154702
6.692999999991071,0.9986005239745811
6.693999999991068,0.9986071204637829
6.694999999991066,0.9986078853245738
6.695999999991064,0.9986136381013339
6.696999999991061,0.9986135336103088
6.697999999991059,0.9986006235869124
6.698999999991057,0.9986104340699434
6.6999999999910544,0.9985569638569132
6.700999999991052,0.9985643039468258
6.70199999999105,0.9985765466848077
6.7029999999910475,0.9986000340483655
6.703999999991045,0.9986113668038198
6.704999999991043,0.9986049816179783
6.7059999999910405,0.9986105044474008
6.706999999991038,0.9985904068541516
6.707999999991036,0.998628627148679
6.7089999999910335,0.998605356348852
6.709999999991031,0.9986667477479358
6.710999999991029,0.998672058678113
6.7119999999910265,0.9986888400105874
6.712999999991024,0.9986907851166549
6.713999999991022,0.9986937903225102
6.7149999999910195,0.9987252034839023
6.715999999991017,0.9987339599484862
6.716999999991015,0.9987727333501902
6.7179999999910125,0.9988079129016741
6.71899999999101,0.9988175189749545
6.719999999991008,0.9988287647375392
6.7209999999910055,0.9988391898840326
6.721999999991003,0.99885475401886
6.722999999991001,0.998883007266745
6.7239999999909985,0.9988885620231656
6.724999999990996,0.9989572353162104
6.725999999990994,0.9989612101824888
6.7269999999909915,0.9989638788524287
6.727999999990989,0.9989548535631241
6.728999999990987,0.9989580473911838
6.7299999999909845,0.9989783355497901
6.730999999990982,0.9989869913846426
6.73199999999098,0.9990174463603657
6.7329999999909775,0.9989931315932385
6.733999999990975,0.999030056301577
6.734999999990973,0.9989819819254661
6.7359999999909705,0.9989899702578916
6.736999999990968,0.9989860885485008
6.737999999990966,0.9989968232916425
6.7389999999909636,0.9990034366732917
6.739999999990961,0.9989848588194596
6.740999999990959,0.9989885472359382
6.741999999990957,0.9989620439052985
6.742999999990954,0.9989388111252894
6.743999999990952,0.9989411324015903
6.74499999999095,0.9989387074673574
6.745999999990947,0.9989396286156804
6.746999999990945,0.9989356676586001
6.747999999990943,0.9989187786423654
6.74899999999094,0.9989242782580047
6.749999999990938,0.9988665135917958
6.750999999990936,0.9988705415223237
6.751999999990933,0.9988783615934175
6.752999999990931,0.998897952162433
6.753999999990929,0.9989049377217789
6.754999999990926,0.9988951913057894
6.755999999990924,0.9988963509487924
6.756999999990922,0.9988732947572173
6.757999999990919,0.9989070661289994
6.758999999990917,0.9988794139911819
6.759999999990915,0.9989369440244913
6.760999999990912,0.9989379175090938
6.76199999999091,0.9989507867174907
6.762999999990908,0.9989488370920437
6.763999999990905,0.9989485130533625
6.764999999990903,0.9989752026947076
6.765999999990901,0.9989795964028031
6.766999999990898,0.9990139588955114
6.767999999990896,0.9990449701041997
6.768999999990894,0.9990501578975608
6.769999999990891,0.9990580727555454
6.770999999990889,0.9990646103924838
6.771999999990887,0.9990753431620627
6.772999999990884,0.9990988757978776
6.773999999990882,0.9991000219560209
6.77499999999088,0.9991642562182508
6.775999999990877,0.9991649986679637
6.776999999990875,0.9991633698388019
6.777999999990873,0.9991495309862837
6.77899999999087,0.9991483351073894
6.779999999990868,0.9991632766952728
6.780999999990866,0.9991675532626295
6.781999999990863,0.9991944271467573
6.782999999990861,0.9991658220725075
6.783999999990859,0.999198385122847
6.784999999990856,0.9991454491933325
6.785999999990854,0.999149029272741
6.786999999990852,0.9991403381230096
6.787999999990849,0.9991462462580217
6.788999999990847,0.9991496315533979
6.789999999990845,0.9991270315643861
6.790999999990842,0.9991263431106686
6.79199999999084,0.999095522955142
6.792999999990838,0.9990677417626596
6.793999999990835,0.9990657491350794
6.794999999990833,0.9990601115960243
6.795999999990831,0.9990562188847756
6.796999999990828,0.9990483617050249
6.797999999990826,0.9990274746054458
6.798999999990824,0.9990286715004578
6.799999999990821,0.9989666437754026
6.800999999990819,0.9989673841066743
6.801999999990817,0.9989708227259039
6.802999999990814,0.9989865276543076
6.803999999990812,0.9989892216196941
6.80499999999081,0.9989761146929969
6.805999999990807,0.9989729892319013
6.806999999990805,0.9989470238877609
6.807999999990803,0.9989764412753265
6.8089999999908,0.9989445224999325
6.809999999990798,0.9989982602303586
6.810999999990796,0.9989950217551933
6.811999999990793,0.9990040828722655
6.812999999990791,0.9989983539516983
6.813999999990789,0.9989948221115936
6.814999999990786,0.9990169716244766
6.815999999990784,0.9990171755868501
6.816999999990782,0.9990473062396363
6.817999999990779,0.9990743212498917
6.818999999990777,0.9990752956943337
6.819999999990775,0.9990800402752888
6.8209999999907724,0.9990828759978502
6.82199999999077,0.9990890359924824
6.822999999990768,0.9991081069527014
6.8239999999907655,0.999105097160382
6.824999999990763,0.9991651435782284
6.825999999990761,0.9991628532732091
6.8269999999907585,0.9991572020768265
6.827999999990756,0.9991388730552052
6.828999999990754,0.9991335891295733
6.8299999999907515,0.9991435567698369
6.830999999990749,0.9991437736191174
6.831999999990747,0.9991673269345482
6.8329999999907445,0.9991347687518767
6.833999999990742,0.9991633082468813
6.83499999999074,0.9991059099762958
6.8359999999907375,0.9991054476815443
6.836999999990735,0.9990923509844536
6.837999999990733,0.9990938449458464
6.8389999999907305,0.9990942914931356
6.839999999990728,0.9990680512743332
6.840999999990726,0.9990633972079345
6.8419999999907235,0.9990286841160334
6.842999999990721,0.9989968040604835
6.843999999990719,0.9989909363552635
6.8449999999907165,0.9989824210060037
6.845999999990714,0.9989742037818594
6.846999999990712,0.998962891369138
6.8479999999907095,0.9989384652911465
6.848999999990707,0.9989358436333606
6.849999999990705,0.9988700565680694
6.8509999999907025,0.9988678882601963
6.8519999999907,0.9988674577368101
6.852999999990698,0.9988797634985835
6.8539999999906955,0.9988786908963755
6.854999999990693,0.9988627011026087
6.855999999990691,0.9988558347543451
6.8569999999906885,0.9988273599013917
6.857999999990686,0.9988529824556603
6.858999999990684,0.9988173728343768
6.8599999999906816,0.9988678571055806
6.860999999990679,0.9988609938409063
6.861999999990677,0.9988668165848046
6.862999999990675,0.9988578876935258
6.863999999990672,0.9988516130598114
6.86499999999067,0.9988698607503239
6.865999999990668,0.9988665044646184
6.866999999990665,0.9988930376886227
6.867999999990663,0.9989166842407285
6.868999999990661,0.9989141004643473
6.869999999990658,0.9989161716501067
6.870999999990656,0.9989159430623726
6.871999999990654,0.9989182282016026
6.872999999990651,0.9989335356695018
6.873999999990649,0.9989270625595625
6.874999999990647,0.9989836127012005
6.875999999990644,0.998978817579675
6.876999999990642,0.9989698547784244
6.87799999999064,0.99894778740672
6.878999999990637,0.9989391493720688
6.879999999990635,0.9989449361314868
6.880999999990633,0.998941841905898
6.88199999999063,0.9989626527732219
6.882999999990628,0.9989269035046054
6.883999999990626,0.9989521816327652
6.884999999990623,0.9988911329361516
6.885999999990621,0.9988874114875984
6.886999999990619,0.9988707219743377
6.887999999990616,0.9988686208662213
6.888999999990614,0.9988667254328111
6.889999999990612,0.9988376367230638
6.890999999990609,0.9988298325914448
6.891999999990607,0.9987920513132
6.892999999990605,0.9987569179672308
6.893999999990602,0.9987480117132301
6.8949999999906,0.9987372498601067
6.895999999990598,0.9987255845098119
6.896999999990595,0.9987116536280869
6.897999999990593,0.9986845390268548
6.898999999990591,0.9986789691450548
6.899999999990588,0.9986103079713128
6.900999999990586,0.9986058944136826
6.901999999990584,0.9986024832991444
6.902999999990581,0.9986122558577198
6.903999999990579,0.9986083127653418
6.904999999990577,0.9985902963053155
6.905999999990574,0.9985805973698683
6.906999999990572,0.9985502859453727
6.90799999999057,0.9985730309078883
6.908999999990567,0.9985346600952014
6.909999999990565,0.9985827896723833
6.910999999990563,0.9985732385183916
6.91199999999056,0.9985767445948734
6.912999999990558,0.9985655436578572
6.913999999990556,0.9985572462182933
6.914999999990553,0.9985725649344196
6.915999999990551,0.998566612987302
6.916999999990549,0.9985905150073346
6.917999999990546,0.9986117517404892
6.918999999990544,0.9986065886710999
6.919999999990542,0.9986067236081861
6.920999999990539,0.9986043916890558
6.921999999990537,0.9986038080059978
6.922999999990535,0.9986163562453344
6.923999999990532,0.9986074180843442
6.92499999999053,0.9986614668118329
6.925999999990528,0.9986549196995604
6.926999999990525,0.9986436523678577
6.927999999990523,0.9986188850868377
6.928999999990521,0.998607915671996
6.929999999990518,0.9986105887011998
6.930999999990516,0.9986052140241414
6.931999999990514,0.9986240663438419
6.932999999990511,0.9985861635201763
6.933999999990509,0.9986092148794751
6.934999999990507,0.9985455879531812
6.935999999990504,0.9985396537518471
6.936999999990502,0.9985204376178822
6.9379999999905,0.9985158100561469
6.938999999990497,0.9985123584437168
6.939999999990495,0.9984814641332082
6.940999999990493,0.998471568872698
6.9419999999904904,0.9984317830998686
6.942999999990488,0.9983944742227349
6.943999999990486,0.9983835978579807
6.9449999999904835,0.9983713921280237
6.945999999990481,0.9983573735013018
6.946999999990479,0.9983418867730917
6.9479999999904765,0.998313154390308
6.948999999990474,0.9983057197953483
6.949999999990472,0.9982352778542924
6.9509999999904695,0.9982294356109398
6.951999999990467,0.9982241328185333
6.952999999990465,0.9982324406427636
6.9539999999904625,0.998226716033084
6.95499999999046,0.9982077287840764
6.955999999990458,0.9981962894367882
6.9569999999904555,0.9981649522986207
6.957999999990453,0.9981859124878021
6.958999999990451,0.9981458810505418
6.9599999999904485,0.9981927291812017
6.960999999990446,0.9981815907355356
6.961999999990444,0.9981838663989854
6.9629999999904415,0.9981714816880581
6.963999999990439,0.9981619942979493
6.964999999990437,0.9981755009038428
6.9659999999904345,0.9981680616495844
6.966999999990432,0.998190438102696
6.96799999999043,0.9982103615503312
6.9689999999904275,0.9982037284155615
6.969999999990425,0.9982027589092668
6.970999999990423,0.9981994133155315
6.9719999999904205,0.9981970800422536
6.972999999990418,0.9982079835120334
6.973999999990416,0.998197687663138
6.9749999999904135,0.9982503351257054
6.975999999990411,0.9982428651959439
6.976999999990409,0.9982303982425181
6.9779999999904065,0.9982040569227248
6.978999999990404,0.998191867255798
6.979999999990402,0.9981925669742646
6.9809999999903996,0.9981860226100312
6.981999999990397,0.9982037544302824
6.982999999990395,0.9981648088018162
6.983999999990393,0.9981867370727184
6.98499999999039,0.9981216619210971
6.985999999990388,0.9981146209744686
6.986999999990386,0.9980939947919872
6.987999999990383,0.9980879553366604
6.988999999990381,0.998083769427305
6.989999999990379,0.9980521594949139
6.990999999990376,0.9980412709399864
6.991999999990374,0.9980005790046216
6.992999999990372,0.9979621999321796
6.993999999990369,0.9979504482671093
6.994999999990367,0.9979376184262024
6.995999999990365,0.9979223544239123
6.996999999990362,0.9979063937441031
6.99799999999036,0.9978771281799498
6.998999999990358,0.9978689189084085
6.999999999990355,0.9977977916295951
7.000999999990353,0.9977913357649675
7.001999999990351,0.997785224615536
7.002999999990348,0.9977931322996009
7.003999999990346,0.9977867022677698
7.004999999990344,0.9977677934704196
7.005999999990341,0.9977556846294081
7.006999999990339,0.9977241170246671
7.007999999990337,0.9977443560693015
7.008999999990334,0.9977037314481477
7.009999999990332,0.9977503403917959
7.01099999999033,0.9977386746694489
7.011999999990327,0.9977407660666526
7.012999999990325,0.9977282420012827
7.013999999990323,0.9977183576985507
7.01499999999032,0.9977311099794456
7.015999999990318,0.9977232325176363
7.016999999990316,0.9977451258237879
7.017999999990313,0.997764768235564
7.018999999990311,0.9977577034132485
7.019999999990309,0.997756405525546
7.020999999990306,0.9977530641232105
7.021999999990304,0.9977500153179546
7.022999999990302,0.9977603007096156
7.023999999990299,0.9977496660612784
7.024999999990297,0.9978019203034738
7.025999999990295,0.9977942857455825
7.026999999990292,0.997781626309264
7.02799999999029,0.9977547298625671
7.028999999990288,0.9977423249251155
7.029999999990285,0.9977420724048285
7.030999999990283,0.9977353560573863
7.031999999990281,0.9977527156523667
7.032999999990278,0.9977137197368647
7.033999999990276,0.9977355067648679
7.034999999990274,0.9976699826969411
7.035999999990271,0.997662812079978
7.036999999990269,0.9976417563741965
7.037999999990267,0.9976352800784878
7.038999999990264,0.9976310789931584
7.039999999990262,0.997599706158266
7.04099999999026,0.997588778073655
7.041999999990257,0.9975481314309628
7.042999999990255,0.9975096348929264
7.043999999990253,0.9974979492908179
7.04499999999025,0.9974851982074906
7.045999999990248,0.9974696328875122
7.046999999990246,0.9974541219898311
7.047999999990243,0.9974252457605153
7.048999999990241,0.9974171838543728
7.049999999990239,0.9973462959382194
7.050999999990236,0.9973399112391056
7.051999999990234,0.9973338991187961
7.052999999990232,0.997342297507573
7.053999999990229,0.9973360575877698
7.054999999990227,0.9973181021188477
7.055999999990225,0.9973062089040825
7.056999999990222,0.9972750678835447
7.05799999999022,0.9972954584243346
7.058999999990218,0.9972551149097849
7.059999999990215,0.9973023357063009
7.060999999990213,0.9972910045337193
7.061999999990211,0.9972937607315709
7.062999999990208,0.9972819424903253
7.063999999990206,0.9972722995415944
7.064999999990204,0.9972851446692496
7.0659999999902015,0.9972776682591571
7.066999999990199,0.9972999086472717
7.067999999990197,0.997320090355475
7.0689999999901945,0.9973134159920513
7.069999999990192,0.9973124021992612
7.07099999999019,0.997309867895068
7.0719999999901875,0.9973069130047543
7.072999999990185,0.9973173812889826
7.073999999990183,0.997307201564992
7.0749999999901805,0.997359843309166
7.075999999990178,0.997352631156373
7.076999999990176,0.9973405567433234
7.0779999999901735,0.9973138878921854
7.078999999990171,0.9973020380061813
7.079999999990169,0.9973016099996064
7.0809999999901665,0.9972954811800143
7.081999999990164,0.9973130349753074
7.082999999990162,0.9972747411644017
7.0839999999901595,0.9972971267272173
7.084999999990157,0.9972319054773633
7.085999999990155,0.9972253371930581
7.0869999999901525,0.9972045833598198
7.08799999999015,0.9971983945917301
7.088999999990148,0.9971947118914815
7.0899999999901455,0.9971642825048049
7.090999999990143,0.997154018009118
7.091999999990141,0.9971141167740192
7.0929999999901385,0.9970762007807761
7.093999999990136,0.9970652682479176
7.094999999990134,0.9970531075074239
7.0959999999901315,0.9970379246817667
7.096999999990129,0.9970235325748698
7.097999999990127,0.9969957117742216
7.0989999999901245,0.996988459343355
7.099999999990122,0.9969184750000855
7.10099999999012,0.996912650021143
7.1019999999901176,0.9969073822939452
7.102999999990115,0.9969169033060562
7.103999999990113,0.9969114862900186
7.104999999990111,0.9968951025663633
7.105999999990108,0.9968840463645571
7.106999999990106,0.9968537932311536
7.107999999990104,0.9968749427597423
7.108999999990101,0.9968354894517967
7.109999999990099,0.996883910373123
7.110999999990097,0.9968735090247363
7.111999999990094,0.9968775146514648
7.112999999990092,0.9968669828165838
7.11399999999009,0.9968580177913413
7.114999999990087,0.9968715320128675
7.115999999990085,0.9968650269993916
7.116999999990083,0.9968881754695912
7.11799999999008,0.9969094493794314
7.118999999990078,0.9969037185336556
7.119999999990076,0.9969033994646166
7.120999999990073,0.996902209814773
7.121999999990071,0.9968998875554818
7.122999999990069,0.9969110696039422
7.123999999990066,0.9969018704048767
7.124999999990064,0.9969554119969147
7.125999999990062,0.9969490085736861
7.126999999990059,0.9969380294393542
7.127999999990057,0.9969121001828407
7.128999999990055,0.9969013073717953
7.129999999990052,0.9969012067209762
7.13099999999005,0.9968961568603207
7.131999999990048,0.9969142689203454
7.132999999990045,0.996877162861562
7.133999999990043,0.9969006199597923
7.134999999990041,0.9968361843049177
7.135999999990038,0.9968306846606507
7.136999999990036,0.9968106973411835
7.137999999990034,0.9968052540882103
7.138999999990031,0.9968024264446625
7.139999999990029,0.9967733864731073
7.140999999990027,0.9967642267073542
7.141999999990024,0.9967255101908818
7.142999999990022,0.9966886109777664
7.14399999999002,0.9966788583119052
7.144999999990017,0.9966676050052291
7.145999999990015,0.9966532267801108
7.146999999990013,0.9966403658332437
7.14799999999001,0.9966140102861722
7.148999999990008,0.9966079720780671
7.149999999990006,0.9965392993913786
7.150999999990003,0.9965343310032163
7.151999999990001,0.9965301986195692
7.152999999989999,0.9965412234318156
7.153999999989996,0.996537010348907
7.154999999989994,0.9965225708396263
7.155999999989992,0.9965127238094772
7.156999999989989,0.9964836354472091
7.157999999989987,0.99650590396865
7.158999999989985,0.9964677040374637
7.159999999989982,0.9965176702182392
7.16099999998998,0.9965085498094629
7.161999999989978,0.996514148019398
7.162999999989975,0.9965052430923804
7.163999999989973,0.9964972111729316
7.164999999989971,0.9965117288375952
7.165999999989968,0.9965065264173931
7.166999999989966,0.996530906078983
7.167999999989964,0.9965535899127709
7.168999999989961,0.9965491209328339
7.169999999989959,0.9965497321453853
7.170999999989957,0.996550195048327
7.171999999989954,0.9965488128161891
7.172999999989952,0.9965610099655388
7.17399999998995,0.9965530901051439
7.174999999989947,0.9966078182978706
7.175999999989945,0.996602442024534
7.176999999989943,0.9965928460489358
7.17799999998994,0.9965679451173574
7.178999999989938,0.9965584908840593
7.179999999989936,0.9965589978189657
7.180999999989933,0.9965553005440959
7.181999999989931,0.9965741717237484
7.182999999989929,0.9965385245251123
7.183999999989926,0.9965633129166707
7.184999999989924,0.9964999326217785
7.185999999989922,0.9964957582503018
7.1869999999899195,0.9964767934333915
7.187999999989917,0.9964723465758552
7.188999999989915,0.9964705580873078
7.1899999999899125,0.9964431525007867
7.19099999998991,0.9964353379837014
7.191999999989908,0.9963980469544319
7.1929999999899055,0.9963624029015667
7.193999999989903,0.996354061112776
7.194999999989901,0.9963438867481059
7.1959999999898985,0.9963305408632865
7.196999999989896,0.9963194329017084
7.197999999989894,0.9962947634496414
7.1989999999898915,0.9962901557912542
7.199999999989889,0.9962230164217311
7.200999999989887,0.9962190628186892
7.2019999999898845,0.9962162736701221
7.202999999989882,0.9962290037450268
7.20399999998988,0.9962261967206962
7.2049999999898775,0.9962138993599562
7.205999999989875,0.9962054588275192
7.206999999989873,0.9961776831985231
7.2079999999898705,0.9962012590841348
7.208999999989868,0.9961645061299051
7.209999999989866,0.9962161956306647
7.2109999999898635,0.9962085408623094
7.211999999989861,0.9962159107581394
7.212999999989859,0.9962088111396434
7.2139999999898565,0.9962018459106285
7.214999999989854,0.9962175403086391
7.215999999989852,0.9962138131385474
7.2169999999898495,0.9962395904140933
7.217999999989847,0.9962638477765294
7.218999999989845,0.9962608064063887
7.2199999999898425,0.9962624702631407
7.22099999998984,0.9962647455428123
7.221999999989838,0.9962644635019213
7.2229999999898356,0.9962778317848103
7.223999999989833,0.9962713472460787
7.224999999989831,0.9963274076885766
7.225999999989829,0.9963231724117695
7.226999999989826,0.9963151097298012
7.227999999989824,0.9962913887531347
7.228999999989822,0.9962834196785314
7.229999999989819,0.9962846798406987
7.230999999989817,0.9962824770958507
7.231999999989815,0.9963022103721255
7.232999999989812,0.996268164774786
7.23399999998981,0.9962944175438587
7.234999999989808,0.9962322370365319
7.235999999989805,0.9962295217418478
7.236999999989803,0.9962117144560333
7.237999999989801,0.9962083955953859
7.238999999989798,0.9962077428348529
7.239999999989796,0.9961821017089888
7.240999999989794,0.9961757593510393
7.241999999989791,0.9961400228416178
7.242999999989789,0.9961057619001485
7.243999999989787,0.9960989532439414
7.244999999989784,0.9960899489387928
7.245999999989782,0.9960777568545993
7.24699999998978,0.9960685192385449
7.247999999989777,0.996045653952324
7.248999999989775,0.9960425916207918
7.249999999989773,0.9959771073245333
7.25099999998977,0.9959742530163327
7.251999999989768,0.9959729183521328
7.252999999989766,0.9959874606104338
7.253999999989763,0.9959861687160303
7.254999999989761,0.9959761204694592
7.255999999989759,0.9959691942323329
7.256999999989756,0.9959428134124109
7.257999999989754,0.9959677984210363
7.258999999989752,0.9959326009461048
7.259999999989749,0.9959861082523043
7.260999999989747,0.9959800214560899
7.261999999989745,0.9959892610390604
7.262999999989742,0.9959840655834868
7.26399999998974,0.9959782415775623
7.264999999989738,0.9959952086169146
7.265999999989735,0.9959930533940239
7.266999999989733,0.9960203202990895
7.267999999989731,0.9960462419485585
7.268999999989728,0.9960447225829557
7.269999999989726,0.9960475088857936
7.270999999989724,0.9960516875611364
7.271999999989721,0.9960525991568856
7.272999999989719,0.9960672291339624
7.273999999989717,0.9960622717731336
7.274999999989714,0.996119747459226
7.275999999989712,0.996116720669403
7.27699999998971,0.9961102807577975
7.277999999989707,0.9960878319052483
7.278999999989705,0.9960814360722553
7.279999999989703,0.9960835382762893
7.2809999999897,0.9960829157239863
7.281999999989698,0.996103572914476
7.282999999989696,0.9960712173594022
7.283999999989693,0.9960990146572644
7.284999999989691,0.9960381267858655
7.285999999989689,0.9960369539165701
7.286999999989686,0.9960203904864285
7.287999999989684,0.9960182836029354
7.288999999989682,0.9960188281378747
7.289999999989679,0.9959950354911974
7.290999999989677,0.9959902475060478
7.291999999989675,0.9959561508104372
7.292999999989672,0.9959233583433297
7.29399999998967,0.9959181632265514
7.294999999989668,0.995910389379513
7.295999999989665,0.9958994329109307
7.296999999989663,0.9958921429520864
7.297999999989661,0.9958711609812783
7.298999999989658,0.9958697209986973
7.299999999989656,0.9958059764102086
7.300999999989654,0.9958042790330838
7.301999999989651,0.9958044751244997
7.302999999989649,0.9958209019612096
7.303999999989647,0.995821201094856
7.304999999989644,0.9958134753727211
7.305999999989642,0.9958081398710416
7.30699999998964,0.9957832125110945
7.3079999999896375,0.9958096787428264
7.308999999989635,0.9957761160135519
7.309999999989633,0.9958315067020017
7.3109999999896305,0.9958270623295963
7.311999999989628,0.995838241674032
7.312999999989626,0.995835022000248
7.3139999999896235,0.9958303941190249
7.314999999989621,0.995848704694178
7.315999999989619,0.9958481931160654
7.3169999999896165,0.9958770175213332
7.317999999989614,0.9959046703434548
7.318999999989612,0.9959047444078079
7.3199999999896095,0.9959087061280943
7.320999999989607,0.9959148564086712
7.321999999989605,0.9959170347394406
7.3229999999896025,0.9959329969152753
7.3239999999896,0.995929638492822
7.324999999989598,0.9959885932266397
7.3259999999895955,0.99598682785665
7.326999999989593,0.9959820811766271
7.327999999989591,0.9959609787821304
7.3289999999895885,0.9959562261175738
7.329999999989586,0.9959592433022997
7.330999999989584,0.9959602691576432
7.3319999999895815,0.9959818999626513
7.332999999989579,0.9959513057318142
7.333999999989577,0.9959807113737658
7.3349999999895745,0.9959211934879222
7.335999999989572,0.9959216306897974
7.33699999998957,0.9959063829725135
7.3379999999895675,0.9959055578852359
7.338999999989565,0.995907350205181
7.339999999989563,0.9958854747159505
7.3409999999895605,0.9958823090598098
7.341999999989558,0.9958499231650141
7.342999999989556,0.9958186709455021
7.3439999999895536,0.9958151559953717
7.344999999989551,0.9958086627815652
7.345999999989549,0.995799011465952
7.346999999989547,0.9957937320246906
7.347999999989544,0.9957746984777044
7.348999999989542,0.9957749447076072
7.34999999998954,0.9957130108790306
7.350999999989537,0.9957125185387057
7.351999999989535,0.9957143090557129
7.352999999989533,0.9957326792979547
7.35399999998953,0.9957346327230934
7.354999999989528,0.9957292879616845
7.355999999989526,0.9957256070928793
7.356999999989523,0.995702181571371
7.357999999989521,0.9957301890786836
7.358999999989519,0.9956983276940247
7.359999999989516,0.9957556540876324
7.360999999989514,0.9957529139708331
7.361999999989512,0.995766089482764
7.362999999989509,0.9957649034399263
7.363999999989507,0.9957615170785057
7.364999999989505,0.9957812303137755
7.365999999989502,0.9957824211703956
7.3669999999895,0.9958128583049691
7.367999999989498,0.995842295800917
7.368999999989495,0.9958440216005541
7.369999999989493,0.9958492018051386
7.370999999989491,0.9958573771190111
7.371999999989488,0.9958608829575175
7.372999999989486,0.9958782350625484
7.373999999989484,0.9958765334233675
7.374999999989481,0.9959370175646031
7.375999999989479,0.9959365556542271
7.376999999989477,0.9959335579688585
7.377999999989474,0.9959138626807574
7.378999999989472,0.9959108082092363
7.37999999998947,0.9959148009526988
7.380999999989467,0.9959175281104716
7.381999999989465,0.9959401716344387
7.382999999989463,0.9959113937280215
7.38399999998946,0.995942455711716
7.384999999989458,0.9958843696204238
7.385999999989456,0.9958864679581797
7.386999999989453,0.9958725920080486
7.387999999989451,0.9958731024987212
7.388999999989449,0.9958761798150202
7.389999999989446,0.995856271079548
7.390999999989444,0.9958547774592182
7.391999999989442,0.9958241543566084
7.392999999989439,0.9957944955319412
7.393999999989437,0.9957927079845978
7.394999999989435,0.9957875307806131
7.395999999989432,0.995779235741705
7.39699999998943,0.9957760080898931
7.397999999989428,0.9957589663936748
7.398999999989425,0.9957609417097726
7.399999999989423,0.9957008675569087
7.400999999989421,0.9957016122661894
7.401999999989418,0.9957050390814678
7.402999999989416,0.9957253879526131
7.403999999989414,0.9957290359169033
7.404999999989411,0.9957261040751513
7.405999999989409,0.9957241177318458
7.406999999989407,0.9957022230054495
7.407999999989404,0.9957318076402285
7.408999999989402,0.995701688694854
7.4099999999894,0.9957609766010282
7.410999999989397,0.9957599763676865
7.411999999989395,0.9957751767092504
7.412999999989393,0.9957760538323239
7.41399999998939,0.9957739339825997
7.414999999989388,0.9957950825818404
7.415999999989386,0.9957980064560473
7.416999999989383,0.9958300833382319
7.417999999989381,0.9958613295384298
7.418999999989379,0.9958647357603889
7.419999999989376,0.9958711550079267
7.420999999989374,0.9958813765933601
7.421999999989372,0.9958862408875816
7.422999999989369,0.9959050100256749
7.423999999989367,0.9959049906318623
7.424999999989365,0.9959670224674925
7.425999999989362,0.9959678808188179
7.42699999998936,0.9959666538037961
7.427999999989358,0.9959483930614623
7.4289999999893555,0.9959470569745377
7.429999999989353,0.9959520536743707
7.430999999989351,0.9959564992701554
7.4319999999893485,0.9959801687070822
7.432999999989346,0.9959532248157493
7.433999999989344,0.9959859542166689
7.4349999999893415,0.9959293246987602
7.435999999989339,0.995933096877248
7.436999999989337,0.9959206109417916
7.4379999999893345,0.995922472533381
7.438999999989332,0.9959268417504951
7.43999999998933,0.9959089072004739
7.4409999999893275,0.9959090938816527
7.441999999989325,0.9958802430497454
7.442999999989323,0.9958521884565474
7.4439999999893205,0.9958521322606618
7.444999999989318,0.995848273571259
7.445999999989316,0.9958413434071518
7.4469999999893135,0.9958401627534103
7.447999999989311,0.9958251099602987
7.448999999989309,0.9958288115148003
7.4499999999893065,0.9957705987348492
7.450999999989304,0.9957725776345078
7.451999999989302,0.9957776356512973
7.4529999999892995,0.9957999493022366
7.453999999989297,0.9958052834035757
7.454999999989295,0.9958047439079198
7.4559999999892925,0.9958044419421922
7.45699999998929,0.9957840678116606
7.457999999989288,0.9958152150005628
7.4589999999892855,0.995786827522535
7.459999999989283,0.9958480496272516
7.460999999989281,0.9958487718975617
7.4619999999892785,0.9958659710574617
7.462999999989276,0.9958688854673243
7.463999999989274,0.995868016410654
7.4649999999892716,0.9958905796069328
7.465999999989269,0.9958952115861214
7.466999999989267,0.9959288997393057
7.467999999989265,0.9959619217957557
7.468999999989262,0.9959669799399148
7.46999999998926,0.9959746155672047
7.470999999989258,0.9959868446923936
7.471999999989255,0.9959930407861548
7.472999999989253,0.9960131955875694
7.473999999989251,0.9960148234393029
7.474999999989248,0.9960783611656286
7.475999999989246,0.9960805101495526
7.476999999989244,0.9960810130850356
7.477999999989241,0.9960641527446291
7.478999999989239,0.9960644919321662
7.479999999989237,0.9960704604257633
7.480999999989234,0.9960765772861127
7.481999999989232,0.9961012386043187
7.48299999998923,0.9960760804311038
7.483999999989227,0.9961104228608206
7.484999999989225,0.9960552089294098
7.485999999989223,0.9960606006284266
7.48699999998922,0.996049456493792
7.487999999989218,0.9960526178085743
7.488999999989216,0.9960582339694147
7.489999999989213,0.9960422100186725
7.490999999989211,0.9960440150052282
7.491999999989209,0.9960168745024246
7.492999999989206,0.9959903637331194
7.493999999989204,0.9959919706132269
7.494999999989202,0.9959893783537436
7.495999999989199,0.9959837502240015
7.496999999989197,0.9959845367068452
7.497999999989195,0.9959713944703802
7.498999999989192,0.9959767447543096
7.49999999998919,0.9959203187623707
7.500999999989188,0.995923472491123
7.501999999989185,0.9959300808727821
7.502999999989183,0.9959542676270395
7.503999999989181,0.9959612020792278
7.504999999989178,0.9959629530059885
7.505999999989176,0.9959642465550157
7.506999999989174,0.995945322126857
7.507999999989171,0.9959779383445644
7.508999999989169,0.9959511906272485
7.509999999989167,0.9960142379668199
7.510999999989164,0.9960165837390851
7.511999999989162,0.9960356724339321
7.51299999998916,0.9960405142404063
7.513999999989157,0.996040818149517
7.514999999989155,0.9960646933256662
7.515999999989153,0.9960709245861158
7.51699999998915,0.996106111800236
7.517999999989148,0.9961407918318523
7.518999999989146,0.9961473880947121
7.519999999989143,0.9961561532132319
7.520999999989141,0.9961702632100581
7.521999999989139,0.9961776791033122
7.522999999989136,0.9961991020784997
7.523999999989134,0.9962022540371255
7.524999999989132,0.9962671683035842
7.525999999989129,0.9962705111738506
7.526999999989127,0.9962726134314521
7.527999999989125,0.9962570302940607
7.528999999989122,0.9962589108974125
7.52999999998912,0.9962657312359174
7.530999999989118,0.99627338058479
7.531999999989115,0.9962989322458278
7.532999999989113,0.9962754183260386
7.533999999989111,0.996311227046298
7.534999999989108,0.9962572950505025
7.535999999989106,0.9962641582696584
7.536999999989104,0.996254214836554
7.537999999989101,0.9962585313444813
7.538999999989099,0.9962652779988609
7.539999999989097,0.9962510038704323
7.540999999989094,0.996254268932275
7.541999999989092,0.9962286794686498
7.54299999998909,0.996203555060262
7.543999999989087,0.9962066588015286
7.544999999989085,0.9962052070754236
7.545999999989083,0.9962007212489947
7.54699999998908,0.9962032943799057
7.547999999989078,0.996191883527265
7.548999999989076,0.9961987051707293
7.5499999999890735,0.9961438898897617
7.550999999989071,0.9961480839660103
7.551999999989069,0.9961560615161055
7.5529999999890665,0.9961819273972823
7.553999999989064,0.9961902747896245
7.554999999989062,0.9961941085948423
7.5559999999890595,0.996196806234976
7.556999999989057,0.9961791820579247
7.557999999989055,0.9962130714083992
7.5589999999890525,0.9961877675574041
7.55999999998905,0.996252426300889
7.560999999989048,0.9962561917941936
7.5619999999890455,0.9962769543622958
7.562999999989043,0.9962835066765579
7.563999999989041,0.9962848265291802
7.5649999999890385,0.9963098067450955
7.565999999989036,0.9963174221182747
7.566999999989034,0.9963538903438436
7.5679999999890315,0.9963900035184282
7.568999999989029,0.9963979171026284
7.569999999989027,0.9964076445146716
7.5709999999890245,0.9964233994227568
7.571999999989022,0.9964318169895644
7.57299999998902,0.9964542839702389
7.5739999999890175,0.9964587282741576
7.574999999989015,0.996524782104914
7.575999999989013,0.9965291398874297
7.5769999999890105,0.9965326009522772
7.577999999989008,0.9965180630315221
7.578999999989006,0.9965212407877821
7.5799999999890035,0.9965286861026909
7.580999999989001,0.9965376182895752
7.581999999988999,0.9965638771246373
7.5829999999889965,0.9965417538484749
7.583999999988994,0.9965787712725787
7.584999999988992,0.9965258765810808
7.5859999999889896,0.9965339516683123
7.586999999988987,0.9965249574476678
7.587999999988985,0.9965301742971924
7.588999999988983,0.9965378507283502
7.58999999998898,0.9965250514830049
7.590999999988978,0.9965295056301701
7.591999999988976,0.9965051941972893
7.592999999988973,0.9964811855774544
7.593999999988971,0.9964855061754314
7.594999999988969,0.9964849835300308
7.595999999988966,0.9964813681312343
7.596999999988964,0.9964854313524241
7.597999999988962,0.9964754567200219
7.598999999988959,0.9964834577713659
7.599999999988957,0.9964299609845013
7.600999999988955,0.9964349752509486
7.601999999988952,0.9964440266667784
7.60299999998895,0.9964712618625653
7.603999999988948,0.9964807201087746
7.604999999988945,0.9964863104908112
7.605999999988943,0.9964901059035595
7.606999999988941,0.9964735447505035
7.607999999988938,0.996508397378813
7.608999999988936,0.9964842257834967
7.609999999988934,0.9965501660604602
7.610999999988931,0.9965550318052506
7.611999999988929,0.9965771354051536
7.612999999988927,0.9965850637777864
7.613999999988924,0.996587155768453
7.614999999988922,0.9966129201469053
7.61599999998892,0.996621588598907
7.616999999988917,0.9966590049195807
7.617999999988915,0.9966962106951478
7.618999999988913,0.996705105470895
7.61999999998891,0.9967155417032142
7.620999999988908,0.9967325884162419
7.621999999988906,0.9967416764767748
7.622999999988903,0.9967648500632578
7.623999999988901,0.996770239940441
7.624999999988899,0.9968370829698624
7.625999999988896,0.9968421901372831
7.626999999988894,0.9968466541299857
7.627999999988892,0.99683281568361
7.628999999988889,0.9968369311143295
7.629999999988887,0.9968446636736323
7.630999999988885,0.996854514036977
7.631999999988882,0.9968812126242553
7.63299999998888,0.9968601105839879
7.633999999988878,0.9968979652988893
7.634999999988875,0.9968457496810101
7.635999999988873,0.9968546631521403
7.636999999988871,0.9968462547319512
7.637999999988868,0.9968520057306949
7.638999999988866,0.9968603263080771
7.639999999988864,0.996848612109367
7.640999999988861,0.9968538715559861
7.641999999988859,0.9968304516601767
7.642999999988857,0.9968071759072397
7.643999999988854,0.9968123206775994
7.644999999988852,0.9968124311593475
7.64599999998885,0.9968093041983442
7.646999999988847,0.996814446747827
7.647999999988845,0.9968054994504058
7.648999999988843,0.9968142763041246
7.64999999998884,0.9967616927364764
7.650999999988838,0.9967672242087781
7.651999999988836,0.9967769443008037
7.652999999988833,0.9968051276533957
7.653999999988831,0.9968152851603784
7.654999999988829,0.9968221921400451
7.655999999988826,0.9968266702492128
7.656999999988824,0.9968108517702937
7.657999999988822,0.996846251007242
7.658999999988819,0.996822791639528
7.659999999988817,0.9968895753546997
7.660999999988815,0.9968951144343956
7.661999999988812,0.9969181175130735
7.66299999998881,0.9969269787360792
7.663999999988808,0.9969295193674664
7.664999999988805,0.9969556431772093
7.665999999988803,0.9969649280573962
7.666999999988801,0.997002855541283
7.667999999988798,0.9970407088469924
7.668999999988796,0.9970501450656813
7.669999999988794,0.9970609595123463
7.6709999999887915,0.9970788401052417
7.671999999988789,0.997088167784867
7.672999999988787,0.997111611213157
7.6739999999887845,0.9971174989972474
7.674999999988782,0.9971846823483554
7.67599999998878,0.9971901980388094
7.6769999999887775,0.9971952090445696
7.677999999988775,0.9971816265789997
7.678999999988773,0.9971862212683275
7.6799999999887705,0.9971938097509785
7.680999999988768,0.9972041157860035
7.681999999988766,0.9972309158507943
7.6829999999887635,0.9972103676086038
7.683999999988761,0.9972485929065436
7.684999999988759,0.9971966034688006
7.6859999999887565,0.9972058874461716
7.686999999988754,0.9971976095687186
7.687999999988752,0.9972034378655455
7.6889999999887495,0.997212047687408
7.689999999988747,0.9972009348574833
7.690999999988745,0.9972065248706803
7.6919999999887425,0.9971835187102631
7.69299999998874,0.9971605033481457
7.693999999988738,0.9971659901913879
7.6949999999887355,0.9971663710492
7.695999999988733,0.9971632646864924
7.696999999988731,0.9971689858927798
7.6979999999887285,0.9971605680370131
7.698999999988726,0.9971696308638331
7.699999999988724,0.9971174678085383
7.7009999999887215,0.9971231504084975
7.701999999988719,0.9971330508215834
7.702999999988717,0.997161676871044
7.7039999999887145,0.9971720402448588
7.704999999988712,0.997179737904582
7.70599999998871,0.997184403558009
7.7069999999887076,0.997168945871538
7.707999999988705,0.9972043979315747
7.708999999988703,0.9971811522524067
7.709999999988701,0.9972482636199133
7.710999999988698,0.997253972632471
7.711999999988696,0.9972773562375046
7.712999999988694,0.9972866299913289
7.713999999988691,0.9972892403000383
7.714999999988689,0.9973152278104574
7.715999999988687,0.9973246199379484
7.716999999988684,0.9973625512678087
7.717999999988682,0.9974005364593747
7.71899999998868,0.9974100051752169
7.719999999988677,0.9974208162412828
7.720999999988675,0.9974390030211969
7.721999999988673,0.9974480755182101
7.72299999998867,0.9974712889479967
7.723999999988668,0.997477162660309
7.724999999988666,0.9975441762126207
7.725999999988663,0.9975497122934623
7.726999999988661,0.9975547521205556
7.727999999988659,0.9975409227404397
7.728999999988656,0.9975454780541295
7.729999999988654,0.9975524369799024
7.730999999988652,0.9975626779041029
7.731999999988649,0.9975892003607079
7.732999999988647,0.9975686805507814
7.733999999988645,0.9976067551468342
7.734999999988642,0.9975544853076087
7.73599999998864,0.9975636189639135
7.736999999988638,0.9975549663293961
7.737999999988635,0.9975603667334496
7.738999999988633,0.9975688735069854
7.739999999988631,0.9975578272776856
7.740999999988628,0.9975632255297324
7.741999999988626,0.9975401076308447
7.742999999988624,0.9975168347457248
7.743999999988621,0.997522136746071
7.744999999988619,0.9975223920805242
7.745999999988617,0.997518797901234
7.746999999988614,0.9975245528189234
7.747999999988612,0.9975161234085482
7.74899999998861,0.9975249425674838
7.749999999988607,0.9974726664705116
7.750999999988605,0.9974781062661006
7.751999999988603,0.9974876627213252
7.7529999999886,0.9975161892812267
7.753999999988598,0.9975262312738128
7.754999999988596,0.9975341559856913
7.755999999988593,0.9975384825515597
7.756999999988591,0.9975229788086756
7.757999999988589,0.9975579620513634
7.758999999988586,0.9975344024740208
7.759999999988584,0.9976012980893968
7.760999999988582,0.9976066474370132
7.761999999988579,0.9976298659285971
7.762999999988577,0.9976390057087731
7.763999999988575,0.9976412897344753
7.764999999988572,0.9976666257457892
7.76599999998857,0.9976755952128711
7.766999999988568,0.997713004770207
7.767999999988565,0.9977505879543104
7.768999999988563,0.9977595635502995
7.769999999988561,0.9977699782269462
7.770999999988558,0.9977879267666875
7.771999999988556,0.9977962383664745
7.772999999988554,0.9978187122748375
7.773999999988551,0.9978240493081506
7.774999999988549,0.9978903757412582
7.775999999988547,0.9978955374898065
7.776999999988544,0.9979000800965799
7.777999999988542,0.9978854961598884
7.77899999998854,0.9978894883111293
7.779999999988537,0.9978953331145389
7.780999999988535,0.9979049854430041
7.781999999988533,0.9979308520934187
7.78299999998853,0.9979098332925869
7.783999999988528,0.9979472374240477
7.784999999988526,0.9978941829564892
7.785999999988523,0.9979026488990633
7.786999999988521,0.9978931224134933
7.787999999988519,0.9978975978912797
7.788999999988516,0.9979056144698796
7.789999999988514,0.9978941059659624
7.790999999988512,0.9978987996566104
7.7919999999885095,0.997875054149688
7.792999999988507,0.9978510178047986
7.793999999988505,0.9978556210191969
7.7949999999885025,0.9978553652007927
7.7959999999885,0.9978507920163552
7.796999999988498,0.9978560499926331
7.7979999999884955,0.9978470834973763
7.798999999988493,0.9978551481681625
7.799999999988491,0.9978022433814075
7.8009999999884885,0.9978070625952543
7.801999999988486,0.9978157735681965
7.802999999988484,0.9978436807356067
7.8039999999884815,0.997852899131723
7.804999999988479,0.9978605090823879
7.805999999988477,0.9978639974417347
7.8069999999884745,0.9978480602539471
7.807999999988472,0.9978820842350938
7.80899999998847,0.9978577133529654
7.8099999999884675,0.9979238818795985
7.810999999988465,0.997928375330521
7.811999999988463,0.997950916385456
7.8129999999884605,0.9979594095368111
7.813999999988458,0.9979609992458469
7.814999999988456,0.9979852087541842
7.8159999999884535,0.9979932649094666
7.816999999988451,0.9980296686531774
7.817999999988449,0.9980663576949125
7.8189999999884465,0.9980743577349934
7.819999999988444,0.9980840164615259
7.820999999988442,0.9981012257890017
7.8219999999884395,0.9981083190990647
7.822999999988437,0.9981295936594518
7.823999999988435,0.9981339204429933
7.8249999999884325,0.9981990947797269
7.82599999998843,0.9982035257373423
7.826999999988428,0.9982070970157021
7.8279999999884256,0.9981913056263623
7.828999999988423,0.9981942655901093
7.829999999988421,0.9981985716288234
7.830999999988419,0.9982071691225883
7.831999999988416,0.9982320471977308
7.832999999988414,0.9982100598940503
7.833999999988412,0.9982463350110755
7.834999999988409,0.9981920533531605
7.835999999988407,0.9981993971091808
7.836999999988405,0.9981885627066324
7.837999999988402,0.9981916831129165
7.8389999999884,0.9981988717773839
7.839999999988398,0.9981864373617969
7.840999999988395,0.9981899821274248
7.841999999988393,0.9981651616822821
7.842999999988391,0.9981399265755678
7.843999999988388,0.9981433889024481
7.844999999988386,0.9981422906688292
7.845999999988384,0.998136322650438
7.846999999988381,0.9981406266319187
7.847999999988379,0.9981306720345144
7.848999999988377,0.9981375488089834
7.849999999988374,0.9980835762923074
7.850999999988372,0.9980874568843525
7.85199999998837,0.9980949014780695
7.852999999988367,0.9981217498616085
7.853999999988365,0.9981297250805665
7.854999999988363,0.9981365589240049
7.85599999998836,0.9981387946609998
7.856999999988358,0.9981220992828314
7.857999999988356,0.9981547613843575
7.858999999988353,0.9981291687927063
7.859999999988351,0.9981941880363925
7.860999999988349,0.9981974193487334
7.861999999988346,0.9982188610250683
7.862999999988344,0.9982262856920092
7.863999999988342,0.9982268831793651
7.864999999988339,0.9982495869566139
7.865999999988337,0.9982563343858468
7.866999999988335,0.9982913453728476
7.867999999988332,0.998326745481577
7.86899999998833,0.9983333858383714
7.869999999988328,0.9983420036366717
7.870999999988325,0.9983580716034772
7.871999999988323,0.9983635911420402
7.872999999988321,0.9983833097332991
7.873999999988318,0.9983862555673441
7.874999999988316,0.9984499184220821
7.875999999988314,0.998453340601187
7.876999999988311,0.9984555717953671
7.877999999988309,0.9984382274452088
7.878999999988307,0.9984397940315127
7.879999999988304,0.9984422479262692
7.880999999988302,0.9984494342918911
7.8819999999883,0.9984730751780975
7.882999999988297,0.9984497603220032
7.883999999988295,0.998484560910486
7.884999999988293,0.9984287223982797
7.88599999998829,0.9984346036998044
7.886999999988288,0.9984221425856723
7.887999999988286,0.9984235945310578
7.888999999988283,0.9984297047351631
7.889999999988281,0.9984159967097253
7.890999999988279,0.9984180663917935
7.891999999988276,0.9983918419482618
7.892999999988274,0.9983650925244332
7.893999999988272,0.9983670928750319
7.894999999988269,0.998364912071694
7.895999999988267,0.9983572566099438
7.896999999988265,0.9983602724882444
7.897999999988262,0.9983490022111627
7.89899999998826,0.9983543831359251
7.899999999988258,0.998299028670542
7.900999999988255,0.9983017477556071
7.901999999988253,0.9983076325434878
7.902999999988251,0.9983331105229726
7.903999999988248,0.9983395518953183
7.904999999988246,0.9983452764452271
7.905999999988244,0.9983459753949103
7.906999999988241,0.9983282943002256
7.907999999988239,0.9983593242723809
7.908999999988237,0.9983322313704107
7.909999999988234,0.9983958131299592
7.910999999988232,0.9983975102446887
7.91199999998823,0.9984175655975726
7.9129999999882275,0.9984236351587819
7.913999999988225,0.9984230451453046
7.914999999988223,0.9984440020620915
7.9159999999882205,0.9984491834114995
7.916999999988218,0.9984825539269023
7.917999999988216,0.9985164098458026
7.9189999999882135,0.9985214462708379
7.919999999988211,0.9985288436006554
7.920999999988209,0.9985435086804064
7.9219999999882065,0.9985472404078511
7.922999999988204,0.998565188903197
7.923999999988202,0.9985665256356971
7.9249999999881995,0.9986284619729777
7.925999999988197,0.9986307052714062
7.926999999988195,0.9986313719038856
7.9279999999881925,0.9986122742931955
7.92899999998819,0.9986122323870089
7.929999999988188,0.9986126680017666
7.9309999999881855,0.9986182344907292
7.931999999988183,0.9986405009017467
7.932999999988181,0.9986156473012469
7.9339999999881785,0.9986487772551764
7.934999999988176,0.9985912008487845
7.935999999988174,0.9985954293286716
7.9369999999881715,0.9985811724797378
7.937999999988169,0.9985807932743547
7.938999999988167,0.9985856875479544
7.9399999999881645,0.9985705091132957
7.940999999988162,0.9985709294767297
7.94199999998816,0.9985431239073995
7.9429999999881575,0.9985146971920048
7.943999999988155,0.9985150682524302
7.944999999988153,0.9985116802247336
7.9459999999881505,0.9985021990626652
7.946999999988148,0.9985037483875631
7.947999999988146,0.9984909905272487
7.9489999999881435,0.9984947241951547
7.949999999988141,0.9984378297103766
7.950999999988139,0.998439282151773
7.951999999988137,0.9984434708683215
7.952999999988134,0.9984674247311518
7.953999999988132,0.9984721994916756
7.95499999998813,0.9984766402943354
7.955999999988127,0.9984756766687414
7.956999999988125,0.9984569011331235
7.957999999988123,0.9984861879739494
7.95899999998812,0.9984574751479472
7.959999999988118,0.998519492245624
7.960999999988116,0.9985195435750854
7.961999999988113,0.9985380872806426
7.962999999988111,0.9985426767673414
7.963999999988109,0.9985408254027826
7.964999999988106,0.9985599563490212
7.965999999988104,0.9985634767726248
7.966999999988102,0.9985951219718422
7.967999999988099,0.9986273416704379
7.968999999988097,0.9986306928223647
7.969999999988095,0.9986368124749359
7.970999999988092,0.9986499769779543
7.97199999998809,0.9986518691483665
7.972999999988088,0.9986679964031879
7.973999999988085,0.9986676593062974
7.974999999988083,0.9987278182151827
7.975999999988081,0.998728835605312
7.976999999988078,0.9987278773745251
7.977999999988076,0.9987069900525707
7.978999999988074,0.998705289575217
7.979999999988071,0.9987037045615268
7.980999999988069,0.9987076080998049
7.981999999988067,0.9987284865763154
7.982999999988064,0.9987020487706918
7.983999999988062,0.9987334781005498
7.98499999998806,0.9986741474906637
7.985999999988057,0.9986766986622182
7.986999999988055,0.9986606416425883
7.987999999988053,0.998658433451109
7.98899999998805,0.9986620984749838
7.989999999988048,0.9986454188806836
7.990999999988046,0.9986441813999385
7.991999999988043,0.998614783204802
7.992999999988041,0.9985846815794094
7.993999999988039,0.9985834223601664
7.994999999988036,0.9985788271531371
7.995999999988034,0.9985675472110769
7.996999999988032,0.9985676193773644
7.997999999988029,0.9985533694025901
7.998999999988027,0.9985554714051547
7.999999999988025,0.9984970456546255
8.000999999988023,0.9984972511357482
8.001999999988021,0.9984997736593235
8.002999999988019,0.9985222169424275
8.003999999988016,0.9985253584293124
8.004999999988014,0.998528509396
8.005999999988012,0.9985259230494182
8.00699999998801,0.9985060690480698
8.007999999988007,0.9985336669214924
8.008999999988005,0.998503379717181
8.009999999988002,0.9985638718007874
8.010999999988,0.9985623312845092
8.011999999987998,0.9985794048415083
8.012999999987995,0.9985825558903321
8.013999999987993,0.9985794934193712
8.01499999998799,0.9985968837151131
8.015999999987988,0.9985988136949673
8.016999999987986,0.9986288135921362
8.017999999987984,0.998659470233141
8.018999999987981,0.9986612189954951
8.019999999987979,0.9986661266822991
8.020999999987977,0.998677858097954
8.021999999987974,0.9986780204877244
8.022999999987972,0.9986924370974318
8.02399999998797,0.9986905238965785
8.024999999987967,0.9987490164731556
8.025999999987965,0.9987488826918888
8.026999999987963,0.9987464013212806
8.02799999998796,0.9987238482870117
8.028999999987958,0.9987206009118701
8.029999999987956,0.9987171511983808
8.030999999987953,0.998719510109338
8.031999999987951,0.9987391067910629
8.032999999987949,0.9987112004064853
8.033999999987946,0.998741059431501
8.034999999987944,0.9986801167039763
8.035999999987942,0.9986811253731116
8.03699999998794,0.9986634207451466
8.037999999987937,0.9986595422941648
8.038999999987935,0.9986620830367356
8.039999999987932,0.9986440300003708
8.04099999998793,0.9986412829709902
8.041999999987928,0.9986104372262847
8.042999999987925,0.998578818467392
8.043999999987923,0.9985760839578972
8.04499999998792,0.9985703983123412
8.045999999987918,0.9985574997111529
8.046999999987916,0.9985562408713319
8.047999999987914,0.9985406500541537
8.048999999987911,0.9985412902194125
8.049999999987909,0.9984814961346896
8.050999999987907,0.9984805888269855
8.051999999987904,0.998481626971442
8.052999999987902,0.9985027264203891
8.0539999999879,0.9985044190212452
8.054999999987897,0.9985064283933125
8.055999999987895,0.9985024088248248
8.056999999987893,0.9984816053469169
8.05799999998789,0.9985077162867819
8.058999999987888,0.9984760482311641
8.059999999987886,0.9985352040483776
8.060999999987883,0.9985322727493658
8.061999999987881,0.9985480659868781
8.062999999987879,0.9985499680532086
8.063999999987876,0.9985458537802495
8.064999999987874,0.9985617321377747
8.065999999987872,0.9985622866351597
8.06699999998787,0.9985908644913579
8.067999999987867,0.9986201746941165
8.068999999987865,0.9986205458604629
8.069999999987862,0.9986244130964458
8.07099999998786,0.9986349215912954
8.071999999987858,0.9986336014031076
8.072999999987855,0.9986465550878131
8.073999999987853,0.9986433014328627
8.07499999998785,0.998700375225059
8.075999999987848,0.9986992677468459
8.076999999987846,0.9986955012157493
8.077999999987844,0.9986715400747332
8.078999999987841,0.9986669922717066
8.07999999998784,0.9986619633825767
8.080999999987837,0.9986630294035452
8.081999999987834,0.998681548242734
8.082999999987832,0.9986524215557758
8.08399999998783,0.9986809714702976
8.084999999987827,0.9986186872663404
8.085999999987825,0.9986184173503951
8.086999999987823,0.9985993437776175
8.08799999998782,0.9985940788149837
8.088999999987818,0.9985956950755959
8.089999999987816,0.9985765235679582
8.090999999987813,0.9985725398320434
8.091999999987811,0.9985405157139786
8.092999999987809,0.9985076597546331
8.093999999987807,0.9985037272181474
8.094999999987804,0.9984971590581464
8.095999999987802,0.9984829401253347
8.0969999999878,0.998480618531023
8.097999999987797,0.9984639588865749
8.098999999987795,0.9984634252581128
8.099999999987793,0.9984025439314212
8.10099999998779,0.9984007448498818
8.101999999987788,0.9984005951591363
8.102999999987786,0.99842063349858
8.103999999987783,0.9984211746843035
8.10499999998778,0.9984223075745001
8.105999999987779,0.9984171551837118
8.106999999987776,0.9983956153351154
8.107999999987774,0.9984205494892772
8.108999999987772,0.9983878023379437
8.10999999998777,0.9984459193843361
8.110999999987767,0.9984419046517347
8.111999999987765,0.9984567146455201
8.112999999987762,0.9984576636589745
8.11399999998776,0.9984527342539514
8.114999999987758,0.9984674298404091
8.115999999987755,0.9984669253492091
8.116999999987753,0.9984944041726612
8.11799999998775,0.9985226843529152
8.118999999987748,0.9985220005670825
8.119999999987746,0.9985250713460494
8.120999999987744,0.9985346654288898
8.121999999987741,0.9985322020992514
8.122999999987739,0.9985440320768078
8.123999999987737,0.9985397658694175
8.124999999987734,0.998595758486843
8.125999999987732,0.9985939227670658
8.12699999998773,0.998589198687197
8.127999999987727,0.9985641733248457
8.128999999987725,0.9985586587936706
8.129999999987723,0.9985524173075367
8.13099999998772,0.9985525272362812
8.131999999987718,0.9985702332874572
8.132999999987716,0.998540218518001
8.133999999987713,0.9985678020380047
8.134999999987711,0.9985045260211176
8.135999999987709,0.9985033207084286
8.136999999987706,0.9984832328165324
8.137999999987704,0.998476939546962
8.138999999987702,0.9984778881057444
8.1399999999877,0.9984579298488868
8.140999999987697,0.9984530556807588
8.141999999987695,0.9984201952282308
8.142999999987692,0.9983864524762729
8.14399999998769,0.9983816693803732
8.144999999987688,0.9983744786264733
8.145999999987685,0.9983593031682285
8.146999999987683,0.9983562563421421
8.14799999998768,0.9983388676051527
8.148999999987678,0.9983375128820061
8.149999999987676,0.9982758899972685
8.150999999987674,0.9982734665242459
8.151999999987671,0.9982724861578094
8.152999999987669,0.9982918078753376
8.153999999987667,0.9982915536769289
8.154999999987664,0.9982921376335188
8.155999999987662,0.9982862088546186
8.15699999998766,0.9982641887820954
8.157999999987657,0.9982883090964537
8.158999999987655,0.99825483752207
8.159999999987653,0.9983122662725009
8.16099999998765,0.9983075258239898
8.161999999987648,0.9983217007423223
8.162999999987646,0.998322042856172
8.163999999987643,0.9983165698712465
8.164999999987641,0.9983304554358596
8.165999999987639,0.9983292530326318
8.166999999987636,0.9983559984331395
8.167999999987634,0.9983836075916804
8.168999999987632,0.9983822320449078
8.16999999998763,0.998384779776469
8.170999999987627,0.9983938088698272
8.171999999987625,0.9983905766232052
8.172999999987622,0.9984016559735408
8.17399999998762,0.9983967396898712
8.174999999987618,0.9984520208796159
8.175999999987615,0.9984497269306063
8.176999999987613,0.998444404607374
8.17799999998761,0.998418687071429
8.178999999987608,0.9984125684264796
8.179999999987606,0.99840550356738
8.180999999987604,0.9984050206998342
8.181999999987601,0.9984221961852974
8.182999999987599,0.9983916509095644
8.183999999987597,0.9984186335323461
8.184999999987594,0.9983547357975722
8.185999999987592,0.9983529588272552
8.18699999998759,0.9983322286833846
8.187999999987587,0.9983252811744467
8.188999999987585,0.9983258318781173
8.189999999987583,0.998305436784948
8.19099999998758,0.9983000332901454
8.191999999987578,0.9982666928817491
8.192999999987576,0.9982324256929728
8.193999999987573,0.9982271510332198
8.194999999987571,0.9982196056367824
8.195999999987569,0.9982038444172274
8.196999999987566,0.9982004203102581
8.197999999987564,0.9981826512046684
8.198999999987562,0.998180834014031
8.19999999998756,0.9981188212180715
8.200999999987557,0.9981160432150575
8.201999999987555,0.9981145915627407
8.202999999987552,0.9981335444812448
8.20399999998755,0.9981328512628375
8.204999999987548,0.9981332178851997
8.205999999987545,0.9981268672405978
8.206999999987543,0.9981046227356996
8.20799999998754,0.998128287270421
8.208999999987538,0.9980944412992797
8.209999999987536,0.9981515274730514
8.210999999987534,0.998146411922809
8.211999999987531,0.9981602934706295
8.21299999998753,0.9981603676634972
8.213999999987527,0.9981546146239755
8.214999999987525,0.9981680495415259
8.215999999987522,0.9981664979162266
8.21699999998752,0.9981928613570049
8.217999999987518,0.9982201444517076
8.218999999987515,0.9982184245308591
8.219999999987513,0.9982207099247923
8.22099999998751,0.9982295081985525
8.221999999987508,0.9982258606379757
8.222999999987506,0.9982365410272416
8.223999999987504,0.9982313165116112
8.224999999987501,0.9982862332107909
8.225999999987499,0.9982837344627377
8.226999999987497,0.9982781502834288
8.227999999987494,0.9982520865424915
8.228999999987492,0.9982457010334682
8.22999999998749,0.9982381711036721
8.230999999987487,0.9982374313613069
8.231999999987485,0.998254335652397
8.232999999987483,0.9982235893316471
8.23399999998748,0.9982503062076887
8.234999999987478,0.998186124638108
8.235999999987476,0.9981841077675192
8.236999999987473,0.9981630729895723
8.237999999987471,0.9981558095838794
8.238999999987469,0.9981562066990294
8.239999999987466,0.998135691431123
8.240999999987464,0.9981300836061562
8.241999999987462,0.9980965833215963
8.24299999998746,0.9980621157869972
8.243999999987457,0.9980566700131749
8.244999999987455,0.9980490086224801
8.245999999987452,0.9980329901915815
8.24699999998745,0.9980294976408058
8.247999999987448,0.9980116567478827
8.248999999987445,0.9980096930120566
8.249999999987443,0.9979475995228287
8.25099999998744,0.9979447034430847
8.251999999987438,0.9979430946592287
8.252999999987436,0.9979619825452393
8.253999999987434,0.9979611602474017
8.254999999987431,0.9979615981653835
8.255999999987429,0.9979551323511324
8.256999999987427,0.9979328844927328
8.257999999987424,0.9979564013776429
8.258999999987422,0.9979224815962412
8.25999999998742,0.997979521495949
8.260999999987417,0.9979743302936791
8.261999999987415,0.997988209744832
8.262999999987413,0.9979883042344191
8.26399999998741,0.9979824944393405
8.264999999987408,0.9979957824075685
8.265999999987406,0.9979941756506485
8.266999999987403,0.9980204527828014
8.267999999987401,0.9980476993451358
8.268999999987399,0.9980459258132987
8.269999999987396,0.9980481665936042
8.270999999987394,0.9980570125972932
8.271999999987392,0.9980532436110577
8.27299999998739,0.9980638165904115
8.273999999987387,0.9980585665325502
8.274999999987385,0.998113404979121
8.275999999987382,0.9981109099825336
8.27699999998738,0.9981053401205485
8.277999999987378,0.9980792135399578
8.278999999987375,0.9980728366415399
8.279999999987373,0.998065133864415
8.28099999998737,0.9980644102719319
8.281999999987368,0.9980812538867994
8.282999999987366,0.9980505730381976
8.283999999987364,0.9980772948248836
8.284999999987361,0.9980131016364961
8.285999999987359,0.9980111114648437
8.286999999987357,0.9979900429344835
8.287999999987354,0.9979827345079755
8.288999999987352,0.9979831729629696
8.28999999998735,0.9979627893965634
8.290999999987347,0.997957235439284
8.291999999987345,0.9979238287892535
8.292999999987343,0.9978894171560326
8.29399999998734,0.9978840529269134
8.294999999987338,0.9978764632717394
8.295999999987336,0.9978604460441461
8.296999999987333,0.9978571264809385
8.297999999987331,0.9978394545143913
8.298999999987329,0.9978375905214791
8.299999999987326,0.997775656500554
8.300999999987324,0.9977728259930033
8.301999999987322,0.9977713036289056
8.30299999998732,0.9977903609505495
8.303999999987317,0.997789648704722
8.304999999987315,0.9977903788479483
8.305999999987312,0.9977840334346743
8.30699999998731,0.9977619511626874
8.307999999987308,0.9977855564377531
8.308999999987305,0.997751792116624
8.309999999987303,0.9978090110524903
8.3109999999873,0.9978039716494396
8.311999999987298,0.9978180691821649
8.312999999987296,0.9978184012158685
8.313999999987294,0.9978127032460253
8.314999999987291,0.9978260737461938
8.31599999998729,0.9978246329215522
8.316999999987287,0.99785104581958
8.317999999987284,0.99787847249995
8.318999999987282,0.9978768627010537
8.31999999998728,0.9978792213898012
8.320999999987277,0.997888321739028
8.321999999987275,0.9978846506183632
8.322999999987273,0.9978953332095764
8.32399999998727,0.9978902669089085
8.324999999987268,0.997945239162258
8.325999999987266,0.9979429015803304
8.326999999987263,0.9979375491067467
8.327999999987261,0.9979115684709274
8.328999999987259,0.9979054020515421
8.329999999987256,0.99789774215977
8.330999999987254,0.9978972340056305
8.331999999987252,0.9979141711660358
8.33299999998725,0.9978837492160691
8.333999999987247,0.9979106726929109
8.334999999987245,0.9978466657394878
8.335999999987243,0.9978448952914487
8.33699999998724,0.9978239896050461
8.337999999987238,0.9978168325893033
8.338999999987236,0.9978174527265428
8.339999999987233,0.9977973810505122
8.34099999998723,0.9977920663594784
8.341999999987229,0.9977589346471768
8.342999999987226,0.9977247623914067
8.343999999987224,0.9977196599929259
8.344999999987222,0.9977122757360912
8.34599999998722,0.9976964447127479
8.346999999987217,0.9976934684760249
8.347999999987215,0.9976761351150254
8.348999999987212,0.9976745451706136
8.34999999998721,0.9976129395970723
8.350999999987208,0.9976103044616894
8.351999999987205,0.9976090404939669
8.352999999987203,0.9976284314983783
8.3539999999872,0.9976279975152282
8.354999999987198,0.9976291725451167
8.355999999987196,0.9976231127846992
8.356999999987194,0.9976013134548699
8.357999999987191,0.997625172872505
8.358999999987189,0.9975917239428087
8.359999999987187,0.997649278486142
8.360999999987184,0.9976445492409342
8.361999999987182,0.9976590169383036
8.36299999998718,0.9976597361439198
8.363999999987177,0.9976542670110429
8.364999999987175,0.9976678802050626
8.365999999987173,0.9976667582641131
8.36699999998717,0.9976934608883025
8.367999999987168,0.9977212170988046
8.368999999987166,0.9977199211385005
8.369999999987163,0.9977225099851827
8.370999999987161,0.9977320057864503
8.371999999987159,0.9977285848914155
8.372999999987156,0.9977395276011519
8.373999999987154,0.9977347890277981
8.374999999987152,0.9977900416582037
8.37599999998715,0.9977879667903109
8.376999999987147,0.9977829706820854
8.377999999987145,0.9977572799885579
8.378999999987142,0.9977514621457669
8.37999999998714,0.9977439954622217
8.380999999987138,0.9977438388522464
8.381999999987135,0.9977609759541195
8.382999999987133,0.9977309442019593
8.38399999998713,0.997758203838364
8.384999999987128,0.997694518671247
8.385999999987126,0.997693099580909
8.386999999987124,0.9976724918571004
8.387999999987121,0.9976656214447385
8.388999999987119,0.9976665187919755
8.389999999987117,0.9976468804850674
8.390999999987114,0.997641931344208
8.391999999987112,0.9976091975095417
8.39299999998711,0.9975753897028189
8.393999999987107,0.9975706716098627
8.394999999987105,0.9975635834241355
8.395999999987103,0.9975480656808549
8.3969999999871,0.997545547011682
8.397999999987098,0.9975286662080411
8.398999999987096,0.9975274685606397
8.399999999987093,0.9974663051858966
8.400999999987091,0.9974639537271522
8.401999999987089,0.997463065246574
8.402999999987086,0.9974829005234984
8.403999999987084,0.9974828592188424
8.404999999987082,0.99748458006427
8.40599999998708,0.997478918472202
8.406999999987077,0.997457480856758
8.407999999987075,0.9974817080333716
8.408999999987072,0.9974486832062969
8.40999999998707,0.9975066794215873
8.410999999987068,0.9975023682333323
8.411999999987065,0.9975173086423709
8.412999999987063,0.9975185157150274
8.41399999998706,0.9975133553436734
8.414999999987058,0.9975273218426972
8.415999999987056,0.99752662323692
8.416999999987054,0.9975537213411547
8.417999999987051,0.9975819091279426
8.418999999987049,0.9975810300263477
8.419999999987047,0.9975839262503994
8.420999999987044,0.9975939131195719
8.421999999987042,0.9975908487454206
8.42299999998704,0.9976021565486187
8.423999999987037,0.9975978451724671
8.424999999987035,0.9976534804488024
8.425999999987033,0.9976517409970368
8.42699999998703,0.997647197245256
8.427999999987028,0.9976218973154358
8.428999999987026,0.9976165238541231
8.429999999987023,0.9976093576435924
8.430999999987021,0.997609647234167
8.431999999987019,0.9976270594833648
8.432999999987016,0.9975975088399249
8.433999999987014,0.9976251988600847
8.434999999987012,0.9975619309984566
8.43599999998701,0.9975609556900379
8.436999999987007,0.9975407420402752
8.437999999987005,0.9975342547927892
8.438999999987002,0.9975354967618049
8.439999999987,0.9975163766366432
8.440999999986998,0.9975118826551629
8.441999999986995,0.9974796336345716
8.442999999986993,0.9974462795440059
8.44399999998699,0.9974420330046908
8.444999999986988,0.9974353055062862
8.445999999986986,0.9974201931958084
8.446999999986984,0.997418212670832
8.447999999986981,0.997401865138897
8.44899999998698,0.9974011447960681
8.449999999986977,0.9973405047848964
8.450999999986974,0.9973385009719563
8.451999999986972,0.9973380730530493
8.45299999998697,0.997358432100958
8.453999999986967,0.9973588669090285
8.454999999986965,0.99736120490201
8.455999999986963,0.9973560240147928
8.45699999998696,0.9973350050758751
8.457999999986958,0.9973596843379302
8.458999999986956,0.9973271637199419
8.459999999986954,0.9973856796917439
8.460999999986951,0.9973818666495365
8.461999999986949,0.9973973551892197
8.462999999986947,0.9973991242059197
8.463999999986944,0.9973943324221598
8.464999999986942,0.9974087361320376
8.46599999998694,0.9974085393474116
8.466999999986937,0.9974361130467737
8.467999999986935,0.9974648094304511
8.468999999986933,0.9974644254791835
8.46999999998693,0.9974676880028361
8.470999999986928,0.9974782379583184
8.471999999986926,0.9974756126613193
8.472999999986923,0.9974873672197773
8.47399999998692,0.9974835599082069
8.474999999986919,0.9975396577753576
8.475999999986916,0.9975383101038507
8.476999999986914,0.9975342932864052
8.477999999986912,0.9975094635418786
8.47899999998691,0.9975046094722675
8.479999999986907,0.9974978299208499
8.480999999986905,0.9974986402519623
8.481999999986902,0.9975163877939474
8.4829999999869,0.9974873897913671
8.483999999986898,0.9975155852470307
8.484999999986895,0.9974528112106439
8.485999999986893,0.9974523536709682
8.48699999998689,0.9974326119817032
8.487999999986888,0.9974265865244965
8.488999999986886,0.997428227602327
8.489999999986884,0.9974096937272168
8.490999999986881,0.9974057278687145
8.491999999986879,0.9973740343721409
8.492999999986877,0.9973412072347404
8.493999999986874,0.9973375038579996
8.494999999986872,0.9973311901751437
8.49599999998687,0.9973165601130315
8.496999999986867,0.9973151836502737
8.497999999986865,0.9972994357381443
8.498999999986863,0.9972992634096228
8.49999999998686,0.9972392139792933
8.500999999986858,0.9972376114396869
8.501999999986856,0.9972377156309492
8.502999999986853,0.9972586649425871
8.503999999986851,0.9972596463967944
8.504999999986849,0.9972626606774055
8.505999999986846,0.9972580307234895
8.506999999986844,0.9972374785321699
8.507999999986842,0.9972626823354371
8.50899999998684,0.997230734506156
8.509999999986837,0.9972898371847211
8.510999999986835,0.9972865913365713
8.511999999986832,0.997302692736775
8.51299999998683,0.9973050873653707
8.513999999986828,0.9973007161351232
8.514999999986825,0.9973156305733932
8.515999999986823,0.9973160040648679
8.51699999998682,0.9973441236328079
8.517999999986818,0.9973733960832476
8.518999999986816,0.9973735761637672
8.519999999986814,0.9973772569692364
8.520999999986811,0.9973884331351132
8.521999999986809,0.9973863205603013
8.522999999986807,0.9973985948160166
8.523999999986804,0.9973953600324605
8.524999999986802,0.9974519922058365
8.5259999999868,0.9974510866537258
8.526999999986797,0.9974476634780232
8.527999999986795,0.9974233754764937
8.528999999986793,0.9974191082100677
8.52999999998679,0.9974127938112508
8.530999999986788,0.9974141921054767
8.531999999986786,0.9974323296232961
8.532999999986783,0.9974039487421202
8.533999999986781,0.9974327177405261
8.534999999986779,0.9973705071027245
8.535999999986776,0.9973706346092088
8.536999999986774,0.9973514361268444
8.537999999986772,0.9973459445273611
8.53899999998677,0.9973480344822145
8.539999999986767,0.997330148769365
8.540999999986765,0.9973267778663886
8.541999999986762,0.997295704581812
8.54299999998676,0.997263471666851
8.543999999986758,0.9972603772241173
8.544999999986755,0.9972545261803071
8.545999999986753,0.9972404494219119
8.54699999998675,0.9972397373430788
8.547999999986748,0.9972246498787218
8.548999999986746,0.9972250907467312
8.549999999986744,0.997165693609798
8.550999999986741,0.9971645418920012
8.551999999986739,0.9971652443459778
8.552999999986737,0.99718684513677
8.553999999986734,0.9971884384623763
8.554999999986732,0.9971921829920504
8.55599999998673,0.9971881689553614
8.556999999986727,0.9971681276890526
8.557999999986725,0.9971939232989402
8.558999999986723,0.9971626116420609
8.55999999998672,0.9972223628986707
8.560999999986718,0.9972197481416821
8.561999999986716,0.997236522006678
8.562999999986713,0.9972396008101237
8.563999999986711,0.9972356982018282
8.564999999986709,0.9972511916937105
8.565999999986706,0.9972521987191632
8.566999999986704,0.9972809292319824
8.567999999986702,0.9973108399990149
8.5689999999867,0.9973116477003746
8.569999999986697,0.9973157947631484
8.570999999986695,0.9973276548993874
8.571999999986692,0.9973261232934211
8.57299999998669,0.9973389847206356
8.573999999986688,0.9973363854075238
8.574999999986685,0.9973936180884211
8.575999999986683,0.9973932007704547
8.57699999998668,0.9973904322622924
8.577999999986679,0.9973667517836116
8.578999999986676,0.9973631329018585
8.579999999986674,0.9973573562695974
8.580999999986672,0.9973594037702038
8.58199999998667,0.9973779814438699
8.582999999986667,0.9973502760002867
8.583999999986665,0.9973796804501507
8.584999999986662,0.9973180963837069
8.58599999998666,0.9973188697567431
8.586999999986658,0.9973002791760119
8.587999999986655,0.9972953868154361
8.588999999986653,0.9972979703285164
8.58999999998665,0.9972807877391108
8.590999999986648,0.9972780715691157
8.591999999986646,0.9972476759625287
8.592999999986644,0.9972160972016725
8.593999999986641,0.9972136700069055
8.594999999986639,0.9972083247544442
8.595999999986637,0.9971948647192489
8.596999999986634,0.9971948694577235
8.597999999986632,0.9971804952555762
8.59899999998663,0.9971816063699929
8.599999999986627,0.997122914851216
8.600999999986625,0.9971222571905156
8.601999999986623,0.997123615498404
8.60299999998662,0.9971459202131661
8.603999999986618,0.9971481816846871
8.604999999986616,0.9971527011532685
8.605999999986613,0.9971493586729396
8.606999999986611,0.9971298653106231
8.607999999986609,0.997156310364732
8.608999999986606,0.9971256883422942
8.609999999986604,0.997186139999887
8.610999999986602,0.9971842099541914
8.6119999999866,0.9972017053698132
8.612999999986597,0.997205516201813
8.613999999986595,0.9972021221452881
8.614999999986592,0.9972182520897409
8.61599999998659,0.9972199446860809
8.616999999986588,0.9972493398477376
8.617999999986585,0.9972799395485423
8.618999999986583,0.9972814265761734
8.61999999998658,0.9972860788012234
8.620999999986578,0.997298668266788
8.621999999986576,0.9972977734245925
8.622999999986574,0.9973112767703114
8.623999999986571,0.9973093627993107
8.624999999986569,0.99736724899223
8.625999999986567,0.9973673558534165
8.626999999986564,0.9973652892740404
8.627999999986562,0.9973422681413792
8.62899999998656,0.9973393449668779
8.629999999986557,0.9973341644404967
8.630999999986555,0.9973369076530889
8.631999999986553,0.9973559645714891
8.63299999998655,0.9973289776322206
8.633999999986548,0.9973590640616989
8.634999999986546,0.9972981540131656
8.635999999986543,0.9972996180831011
8.636999999986541,0.9972816839239612
8.637999999986539,0.9972774397179764
8.638999999986536,0.9972805488573946
8.639999999986534,0.9972641071436963
8.640999999986532,0.9972620880825699
8.64199999998653,0.9972324098617495
8.642999999986527,0.9972015271939395
8.643999999986525,0.9971998072635887
8.644999999986522,0.9971949970536159
8.64599999998652,0.997182198533048
8.646999999986518,0.9971829533148372
8.647999999986515,0.9971693257304212
8.648999999986513,0.9971711444992046
8.64999999998651,0.9971131918337219
8.650999999986508,0.9971130563551842
8.651999999986506,0.9971151077126904
8.652999999986504,0.997138147964786
8.653999999986501,0.9971411127675746
8.654999999986499,0.9971464301206675
8.655999999986497,0.9971437930784334
8.656999999986494,0.9971248679386021
8.657999999986492,0.9971519978525826
8.65899999998649,0.9971220962133683
8.659999999986487,0.9971832770890121
8.660999999986485,0.9971820620553865
8.661999999986483,0.9972003043615465
8.66299999998648,0.9972048710157442
8.663999999986478,0.9972020072859497
8.664999999986476,0.9972188067935513
8.665999999986473,0.997221212214319
8.666999999986471,0.997251300737658
8.667999999986469,0.9972826145997947
8.668999999986466,0.9972848069325064
8.669999999986464,0.997289983716615
8.670999999986462,0.997303321362419
8.67199999998646,0.9973030926195335
8.672999999986457,0.9973172657826828
8.673999999986455,0.9973160596435282
8.674999999986452,0.9973746248114138
8.67599999998645,0.9973752707437531
8.676999999986448,0.9973739250113846
8.677999999986445,0.9973515864969504
8.678999999986443,0.9973493773333498
8.67999999998644,0.997344822347539
8.680999999986438,0.9973482781272092
8.681999999986436,0.9973678311561693
8.682999999986434,0.9973415754664232
8.683999999986431,0.9973723599590639
8.68499999998643,0.9973121405417855
8.685999999986427,0.9973143089433978
8.686999999986424,0.9972970483826094
8.687999999986422,0.9972934695636256
8.68899999998642,0.9972971122537246
8.689999999986417,0.9972814164479227
8.690999999986415,0.9972801039819893
8.691999999986413,0.9972511495254087
8.69299999998641,0.9972209713100882
8.693999999986408,0.9972199646839653
8.694999999986406,0.9972156930759012
8.695999999986403,0.9972035665922674
8.696999999986401,0.9972050695277076
8.697999999986399,0.9971921865292722
8.698999999986397,0.9971947148324132
8.699999999986394,0.9971374981820248
8.700999999986392,0.9971378859779197
8.70199999998639,0.9971406312855213
8.702999999986387,0.9971644018334422
8.703999999986385,0.9971680680884888
8.704999999986383,0.9971741683022928
8.70599999998638,0.997172232811118
8.706999999986378,0.9971538674577356
8.707999999986376,0.9971816794470468
8.708999999986373,0.9971524901505754
8.70999999998637,0.9972143899132085
8.710999999986369,0.9972138807586219
8.711999999986366,0.9972328553360295
8.712999999986364,0.9972381613135074
8.713999999986362,0.9972358194325529
8.71499999998636,0.9972532812987244
8.715999999986357,0.9972563858761964
8.716999999986355,0.9972871554084762
8.717999999986352,0.9973191671631043
8.71899999998635,0.9973220489847717
8.719999999986348,0.9973277381892246
8.720999999986345,0.9973418002148761
8.721999999986343,0.99734222458026
8.72299999998634,0.9973570527467601
8.723999999986338,0.9973565335957724
8.724999999986336,0.9974157598077753
8.725999999986334,0.9974169266970341
8.726999999986331,0.9974162764821662
8.727999999986329,0.9973945995177319
8.728999999986327,0.9973930777835064
8.729999999986324,0.9973891332934516
8.730999999986322,0.997393273041397
8.73199999998632,0.99741330511829
8.732999999986317,0.9973877473239425
8.733999999986315,0.9974191998818864
8.734999999986313,0.9973596413216093
8.73599999998631,0.9973624809521899
8.736999999986308,0.9973458644657802
8.737999999986306,0.9973429213034595
8.738999999986303,0.997347069813311
8.739999999986301,0.997332076826385
8.740999999986299,0.9973314323220934
8.741999999986296,0.9973031594734264
8.742999999986294,0.9972736454038772
8.743999999986292,0.9972733090733167
8.74499999998629,0.9972695426714222
8.745999999986287,0.9972580496684716
8.746999999986285,0.9972602487305745
8.747999999986282,0.9972480579718936
8.74899999998628,0.9972512474138951
8.749999999986278,0.9971947131141046
8.750999999986275,0.9971955873401714
8.751999999986273,0.9971989767688152
8.75299999998627,0.9972234210560751
8.753999999986268,0.9972277355555884
8.754999999986266,0.9972345511848241
8.755999999986264,0.9972332615367308
8.756999999986261,0.9972154082079292
8.757999999986259,0.9972438475003537
8.758999999986257,0.9972153099255328
8.759999999986254,0.9972778653603581
8.760999999986252,0.9972779999308375
8.76199999998625,0.9972976386066176
8.762999999986247,0.9973036136065909
8.763999999986245,0.9973017448845295
8.764999999986243,0.9973198085364053
8.76599999998624,0.9973235446026837
8.766999999986238,0.9973549288367523
8.767999999986236,0.997387567895906
8.768999999986233,0.9973910689367147
8.769999999986231,0.9973972174986634
8.770999999986229,0.9974119248975536
8.771999999986226,0.9974129349507542
8.772999999986224,0.9974283486143657
8.773999999986222,0.997428440304874
8.77499999998622,0.9974882545099129
8.775999999986217,0.9974898824295926
8.776999999986215,0.9974898465409913
8.777999999986212,0.9974687543594454
8.77899999998621,0.9974678372460765
8.779999999986208,0.9974644328442014
8.780999999986205,0.9974691714461972
8.781999999986203,0.9974896235208578
8.7829999999862,0.9974646733016338
8.783999999986198,0.9974967072534513
8.784999999986196,0.9974377229912349
8.785999999986194,0.9974411437315166
8.786999999986191,0.9974250851253019
8.787999999986189,0.9974226911567288
8.788999999986187,0.9974272747739593
8.789999999986184,0.997412883650377
8.790999999986182,0.9974128109246625
8.79199999998618,0.9973851196852869
8.792999999986177,0.99735617172184
8.793999999986175,0.9973564046863128
8.794999999986173,0.9973530665368356
8.79599999998617,0.9973421109018883
8.796999999986168,0.9973448952955339
8.797999999986166,0.9973332856784486
8.798999999986163,0.9973370294584809
8.799999999986161,0.9972810649669503
8.800999999986159,0.9972823450426592
8.801999999986156,0.9972862704866541
8.802999999986154,0.9973112731530823
8.803999999986152,0.9973161241930688
8.80499999998615,0.9973235280732192
8.805999999986147,0.9973227699883437
8.806999999986145,0.9973053365427447
8.807999999986142,0.9973342900773449
8.80899999998614,0.9973062848028553
8.809999999986138,0.9973693737469591
8.810999999986135,0.9973700310585615
8.811999999986133,0.9973902063704908
8.81299999998613,0.9973967207220189
8.813999999986128,0.997395232338377
8.814999999986126,0.9974137789224364
8.815999999986124,0.9974180199478103
8.816999999986121,0.9974498940381171
8.81799999998612,0.9974830310508415
8.818999999986117,0.9974870224068715
8.819999999986115,0.9974935333676482
8.820999999986112,0.9975087479838947
8.82199999998611,0.9975102184914549
8.822999999986108,0.9975260902856427
8.823999999986105,0.9975266582899762
8.824999999986103,0.9975869295734314
8.8259999999861,0.9975889147665683
8.826999999986098,0.9975893536515325
8.827999999986096,0.9975687116493124
8.828999999986094,0.997568258076783
8.829999999986091,0.9975652665052741
8.830999999986089,0.9975704607229987
8.831999999986087,0.9975912308331083
8.832999999986084,0.9975667396072416
8.833999999986082,0.9975992106625772
8.83499999998608,0.9975406566866182
8.835999999986077,0.9975445109130869
8.836999999986075,0.9975288672007138
8.837999999986073,0.997526879389248
8.83899999998607,0.9975317845726448
8.839999999986068,0.9975178367771189
8.840999999986066,0.9975181827836075
8.841999999986063,0.997490916180074
8.842999999986061,0.997462379734094
8.843999999986059,0.9974630243812951
8.844999999986056,0.9974599951449565
8.845999999986054,0.997449425151786
8.846999999986052,0.9974526271853243
8.84799999998605,0.9974414309718008
8.848999999986047,0.9974455663692653
8.849999999986045,0.997390002887672
8.850999999986042,0.997391566720576
8.85199999998604,0.9973958649846196
8.852999999986038,0.9974212551663992
8.853999999986035,0.9974264762224556
8.854999999986033,0.9974342850812477
8.85599999998603,0.9974338898921458
8.856999999986028,0.9974167429835751
8.857999999986026,0.9974460441154714
8.858999999986024,0.9974183977602269
8.859999999986021,0.9974818441569245
8.860999999986019,0.9974828497488986
8.861999999986017,0.997503380428843
8.862999999986014,0.9975102507739076
8.863999999986012,0.9975090103261476
8.86499999998601,0.9975278690947477
8.865999999986007,0.9975324361767544
8.866999999986005,0.99756462352164
8.867999999986003,0.9975980773269915
8.868999999986,0.9976023787048276
8.869999999985998,0.9976091168223861
8.870999999985996,0.9976246488914526
8.871999999985993,0.997626404868172
8.872999999985991,0.9976425578787157
8.873999999985989,0.9976434177361824
8.874999999985986,0.9977039661073321
8.875999999985984,0.9977061676500899
8.876999999985982,0.9977068924782176
8.87799999998598,0.9976865176756425
8.878999999985977,0.997686337891148
8.879999999985975,0.9976835851542964
8.880999999985972,0.9976890436943169
8.88199999998597,0.9977099947679321
8.882999999985968,0.9976857660986407
8.883999999985965,0.9977184830862511
8.884999999985963,0.9976601689496588
8.88599999998596,0.9976642627404276
8.886999999985958,0.9976488456673128
8.887999999985956,0.997647076208726
8.888999999985954,0.9976521554911228
8.889999999985951,0.9976384468936186
8.890999999985949,0.9976390140818877
8.891999999985947,0.9976119707108811
8.892999999985944,0.9975836474905686
8.893999999985942,0.9975845026546941
8.89499999998594,0.9975816305294025
8.895999999985937,0.9975712523964086
8.896999999985935,0.9975746610637686
8.897999999985933,0.9975636676728286
8.89899999998593,0.9975679901808027
8.899999999985928,0.9975126169406014
8.900999999985926,0.9975143118428667
8.901999999985923,0.9975187793843956
8.902999999985921,0.9975443455848129
8.903999999985919,0.9975497305059128
8.904999999985916,0.9975577201681276
8.905999999985914,0.9975574804611315
8.906999999985912,0.9975404573179678
8.90799999998591,0.9975699018936888
8.908999999985907,0.9975424033409345
8.909999999985905,0.9976059936693448
8.910999999985902,0.9976071362904133
8.9119999999859,0.9976278040989729
8.912999999985898,0.9976348103929793
8.913999999985895,0.9976336588838225
8.914999999985893,0.9976526247428171
8.91599999998589,0.9976573042763046
8.916999999985888,0.9976895944050235
8.917999999985886,0.99772315006617
8.918999999985884,0.9977275480513341
8.919999999985881,0.9977343536428175
8.92099999998588,0.9977499803252405
8.921999999985877,0.9977518158834802
8.922999999985874,0.9977680427128238
8.923999999985872,0.9977689792335495
8.92499999998587,0.9978295950659002
8.925999999985867,0.9978318495361314
8.926999999985865,0.9978326419021488
8.927999999985863,0.9978123229245444
8.92899999998586,0.9978121986280203
8.929999999985858,0.9978094844236258
8.930999999985856,0.9978149884240117
8.931999999985853,0.9978359637814764
8.932999999985851,0.9978117741226129
8.933999999985849,0.9978445199422026
8.934999999985846,0.9977862299176995
8.935999999985844,0.997790344342549
8.936999999985842,0.997774941838926
8.93799999998584,0.9977731798157303
8.938999999985837,0.9977782680924465
8.939999999985835,0.9977645708046744
8.940999999985833,0.9977651391893098
8.94199999998583,0.9977380954233455
8.942999999985828,0.9977097658305558
8.943999999985826,0.9977106093567484
8.944999999985823,0.9977077270807589
8.94599999998582,0.9976973278084411
8.946999999985819,0.9977007117632688
8.947999999985816,0.9976896908645828
8.948999999985814,0.9976939774751846
8.949999999985812,0.9976385651553363
8.95099999998581,0.9976402254802458
8.951999999985807,0.9976446420193283
8.952999999985805,0.9976701558324566
8.953999999985802,0.9976754827313586
8.9549999999858,0.9976834121175917
8.955999999985798,0.9976831058745375
8.956999999985795,0.9976660324606791
8.957999999985793,0.9976954031698069
8.95899999998579,0.9976678280487902
8.959999999985788,0.9977313359387774
8.960999999985786,0.9977323923020012
8.961999999985784,0.997752966914455
8.962999999985781,0.99775987739938
8.963999999985779,0.9977586480750787
8.964999999985777,0.997777506760902
8.965999999985774,0.9977820757354905
8.966999999985772,0.9978142496731202
8.96799999998577,0.9978476839296022
8.968999999985767,0.9978519575450232
8.969999999985765,0.9978586657151567
8.970999999985763,0.9978741568243297
8.97199999998576,0.9978758608905843
8.972999999985758,0.9978919494923069
8.973999999985756,0.9978927427100541
8.974999999985753,0.9979532127440487
8.975999999985751,0.9979553538163272
8.976999999985749,0.9979559919160115
8.977999999985746,0.9979355152617715
8.978999999985744,0.9979352259939265
8.979999999985742,0.997932350080116
8.98099999998574,0.9979376796495517
8.981999999985737,0.9979585228751227
8.982999999985735,0.9979341482282165
8.983999999985732,0.9979667065132446
8.98499999998573,0.9979082263296674
8.985999999985728,0.9979121442327904
8.986999999985725,0.9978965471452593
8.987999999985723,0.9978945853216329
8.98899999998572,0.9978995199920326
8.989999999985718,0.9978856093324296
8.990999999985716,0.9978859634691963
8.991999999985714,0.997858700492958
8.992999999985711,0.9978301506834257
8.993999999985709,0.9978307665696956
8.994999999985707,0.9978277117877414
8.995999999985704,0.9978170862553123
8.996999999985702,0.9978202211633633
8.9979999999857,0.9978089500203168
8.998999999985697,0.9978129865499973
8.999999999985695,0.9977573147002624
9.000999999985693,0.9977587823178191
9.00199999998569,0.9977629381146857
9.002999999985688,0.997788181590184
9.003999999985686,0.9977932401656171
9.004999999985683,0.9978008788400696
9.005999999985681,0.9978002967570259
9.006999999985679,0.9977830083294219
9.007999999985676,0.9978121019476636
9.008999999985674,0.9977842399794011
9.009999999985672,0.9978474535886179
9.01099999998567,0.9978482157344783
9.011999999985667,0.9978684822090614
9.012999999985665,0.997875080871237
9.013999999985662,0.9978736197577807
9.01499999998566,0.9978921750707535
9.015999999985658,0.9978964284191544
9.016999999985655,0.9979282859294968
9.017999999985653,0.9979613944624062
9.01899999998565,0.9979653423871694
9.019999999985648,0.9979718034095455
9.020999999985646,0.9979869487008871
9.021999999985644,0.99798833191928
9.022999999985641,0.998004092505969
9.023999999985639,0.9980045446831668
9.024999999985637,0.9980646788678099
9.025999999985634,0.9980665575455675
9.026999999985632,0.9980668431007154
9.02799999998563,0.9980460199343565
9.028999999985627,0.9980453699646135
9.029999999985625,0.9980421586527911
9.030999999985623,0.9980471196778073
9.03199999998562,0.9980676945113502
9.032999999985618,0.998042937211407
9.033999999985616,0.9980751189034591
9.034999999985613,0.9980162622568195
9.035999999985611,0.9980197947298396
9.036999999985609,0.998003823029792
9.037999999985606,0.9980014839754529
9.038999999985604,0.9980061245973024
9.039999999985602,0.9979918054056257
9.0409999999856,0.9979917604780579
9.041999999985597,0.9979640903689105
9.042999999985595,0.9979351381800072
9.043999999985592,0.9979353424992427
9.04499999998559,0.9979319771522689
9.045999999985588,0.9979209536777064
9.046999999985585,0.9979236481604306
9.047999999985583,0.997911937447097
9.04899999998558,0.9979155441177558
9.049999999985578,0.9978594268170399
9.050999999985576,0.9978605701081394
9.051999999985574,0.9978642911632283
9.052999999985571,0.9978890820854931
9.05399999998557,0.9978936986536218
9.054999999985567,0.9979008522182664
9.055999999985564,0.9978998225093042
9.056999999985562,0.997882182319712
9.05799999998556,0.9979108341776782
9.058999999985557,0.9978825137337706
9.059999999985555,0.9979452602435669
9.060999999985553,0.9979455598818922
9.06199999998555,0.9979653430872928
9.062999999985548,0.9979714540030452
9.063999999985546,0.9979696379412965
9.064999999985544,0.9979877354617948
9.065999999985541,0.9979915099029021
9.066999999985539,0.9980228930805337
9.067999999985537,0.9980555140840788
9.068999999985534,0.9980589780498423
9.069999999985532,0.9980650748039281
9.07099999998553,0.9980797073784665
9.071999999985527,0.9980806248151521
9.072999999985525,0.99809591246836
9.073999999985523,0.9980958708002862
9.07499999998552,0.9981555246557885
9.075999999985518,0.9981570261580558
9.076999999985516,0.9981568068060263
9.077999999985513,0.9981354950193924
9.07899999998551,0.9981343354875897
9.079999999985509,0.9981306630736093
9.080999999985506,0.9981351090984288
9.081999999985504,0.9981553154880701
9.082999999985502,0.9981300259688266
9.0839999999855,0.9981616906996648
9.084999999985497,0.9981023204648475
9.085999999985495,0.9981053279679928
9.086999999985492,0.9980888514558212
9.08799999998549,0.9980860080498716
9.088999999985488,0.9980902518104194
9.089999999985485,0.9980753791940977
9.090999999985483,0.9980748013403161
9.09199999998548,0.9980465873497014
9.092999999985478,0.9980171022935244
9.093999999985476,0.99801676311622
9.094999999985474,0.9980129882924693
9.095999999985471,0.9980014479628676
9.096999999985469,0.9980035634103299
9.097999999985467,0.9979912768242141
9.098999999985464,0.9979943274726618
9.099999999985462,0.9979376326090776
9.10099999998546,0.9979383605689236
9.101999999985457,0.9979415272401887
9.102999999985455,0.9979657378349737
9.103999999985453,0.9979697936413194
9.10499999998545,0.9979763225295936
9.105999999985448,0.9979747288711965
9.106999999985446,0.9979566417609331
9.107999999985443,0.9979847431848721
9.108999999985441,0.9979558488203325
9.109999999985439,0.9980180118419998
9.110999999985436,0.9980177375065689
9.111999999985434,0.9980369193539138
9.112999999985432,0.9980424238026356
9.11399999998543,0.998040172936428
9.114999999985427,0.9980577162267859
9.115999999985425,0.9980609066128496
9.116999999985422,0.9980917158925613
9.11799999998542,0.9981237460494433
9.118999999985418,0.9981266265613108
9.119999999985415,0.9981322861669868
9.120999999985413,0.9981462981821683
9.12199999998541,0.9981466641452116
9.122999999985408,0.9981613934795844
9.123999999985406,0.9981607648629964
9.124999999985404,0.9982198537980693
9.125999999985401,0.9982209084264728
9.126999999985399,0.9982200920463014
9.127999999985397,0.9981982101249398
9.128999999985394,0.9981964529837057
9.129999999985392,0.9981922547815327
9.13099999998539,0.9981961005838285
9.131999999985387,0.9982158844307631
9.132999999985385,0.9981899746476262
9.133999999985383,0.998221043680142
9.13499999998538,0.9981610846242525
9.135999999985378,0.9981634895907449
9.136999999985376,0.9981464400150116
9.137999999985373,0.998143027297267
9.138999999985371,0.998146818031625
9.139999999985369,0.9981313095196424
9.140999999985366,0.9981301274538305
9.141999999985364,0.9981012955703151
9.142999999985362,0.9980712100342578
9.14399999998536,0.9980702585201155
9.144999999985357,0.9980660226703129
9.145999999985355,0.9980539097281833
9.146999999985352,0.9980553712091748
9.14799999998535,0.998042436156259
9.148999999985348,0.9980448684220893
9.149999999985345,0.9979875279523767
9.150999999985343,0.997987797483464
9.15199999998534,0.9979903540062217
9.152999999985338,0.9980139205642119
9.153999999985336,0.998017360942811
9.154999999985334,0.9980231901235047
9.155999999985331,0.9980209803958546
9.156999999985329,0.9980023995141588
9.157999999985327,0.9980299059968429
9.158999999985324,0.9980003867143661
9.159999999985322,0.9980619143985449
9.16099999998532,0.9980610192570768
9.161999999985317,0.9980795465765027
9.162999999985315,0.9980843907922688
9.163999999985313,0.998081673970914
9.16499999998531,0.9980986312923242
9.165999999985308,0.9981011974787645
9.166999999985306,0.998131398145365
9.167999999985303,0.9981627991044428
9.168999999985301,0.9981650616356865
9.169999999985299,0.9981702599288599
9.170999999985296,0.9981836087842586
9.171999999985294,0.998183402083308
9.172999999985292,0.9981975523213943
9.17399999998529,0.9981963085376117
9.174999999985287,0.9982548125553771
9.175999999985285,0.9982553993488983
9.176999999985282,0.9982539587646295
9.17799999998528,0.9982314899803441
9.178999999985278,0.9982291122536011
9.179999999985275,0.9982243879008028
9.180999999985273,0.9982276133483731
9.18199999998527,0.9982469689566542
9.182999999985269,0.9982204160836159
9.183999999985266,0.9982508755145917
9.184999999985264,0.9981903172505092
9.185999999985262,0.9981921069393362
9.18699999998526,0.9981744803781623
9.187999999985257,0.998170497646201
9.188999999985255,0.9981738275573696
9.189999999985252,0.9981576655161694
9.19099999998525,0.9981558723919681
9.191999999985248,0.9981264131444318
9.192999999985245,0.9980957238196211
9.193999999985243,0.9980941555203272
9.19499999998524,0.9980894553336759
9.195999999985238,0.9980767777751591
9.196999999985236,0.9980775751205667
9.197999999985234,0.9980639835812704
9.198999999985231,0.9980657992660734
9.199999999985229,0.9980078096345014
9.200999999985227,0.9980076254822041
9.201999999985224,0.9980095796925732
9.202999999985222,0.9980325023974286
9.20399999998522,0.9980353361399624
9.204999999985217,0.9980404550077849
9.205999999985215,0.9980376402644147
9.206999999985213,0.9980185664578313
9.20799999998521,0.9980454960848851
9.208999999985208,0.9980153638402042
9.209999999985206,0.9980762672241602
9.210999999985203,0.9980747671251476
9.211999999985201,0.9980926497579615
9.212999999985199,0.9980968429079925
9.213999999985196,0.9980936757591938
9.214999999985194,0.9981100770512468
9.215999999985192,0.9981120410120927
9.21699999998519,0.9981416599862571
9.217999999985187,0.9981724551216411
9.218999999985185,0.9981741266065733
9.219999999985182,0.9981788853501025
9.22099999998518,0.9981915901737326
9.221999999985178,0.9981908497825089
9.222999999985175,0.9982044602350221
9.223999999985173,0.9982026335245408
9.22499999998517,0.9982605923638256
9.225999999985168,0.9982607355583413
9.226999999985166,0.9982587036675636
9.227999999985164,0.9982356907226644
9.228999999985161,0.998232729193537
9.229999999985159,0.9982275364823484
9.230999999985157,0.9982301808407543
9.231999999985154,0.9982491462622585
9.232999999985152,0.9982219868538411
9.23399999998515,0.9982518813379097
9.234999999985147,0.9981907718210037
9.235999999985145,0.998191991729759
9.236999999985143,0.9981738416156394
9.23799999998514,0.9981693451876615
9.238999999985138,0.9981722495615188
9.239999999985136,0.9981554742461348
9.240999999985133,0.9981531202158337
9.241999999985131,0.9981230811803453
9.242999999985129,0.998091841235802
9.243999999985126,0.998089708143417
9.244999999985124,0.9980845825018837
9.245999999985122,0.9980714035256875
9.24699999998512,0.9980715831471837
9.247999999985117,0.9980573833202641
9.248999999985115,0.9980586395859745
9.249999999985112,0.9980000529627163
9.25099999998511,0.9979994608387512
9.251999999985108,0.9980008748556919
9.252999999985105,0.9980232085517659
9.253999999985103,0.9980254982913409
9.2549999999851,0.9980299514720742
9.255999999985098,0.998026596000194
9.256999999985096,0.9980070704958959
9.257999999985094,0.998033493566171
9.258999999985091,0.9980028129449231
9.259999999985089,0.9980631554880062
9.260999999985087,0.9980611182419589
9.261999999985084,0.9980784183386222
9.262999999985082,0.9980820217344506
9.26399999998508,0.9980784582242045
9.264999999985077,0.9980943835023732
9.265999999985075,0.9980958178248
9.266999999985073,0.9981249319071583
9.26799999998507,0.99815519454213
9.268999999985068,0.9981563513885627
9.269999999985066,0.998160729157852
9.270999999985063,0.998172858813543
9.271999999985061,0.998171671278496
9.272999999985059,0.9981848285979348
9.273999999985056,0.998182498983288
9.274999999985054,0.9982399991182447
9.275999999985052,0.9982397584642672
9.27699999998505,0.9982372152176597
9.277999999985047,0.9982137468414225
9.278999999985045,0.9982102846663407
9.279999999985042,0.9982047255252311
9.28099999998504,0.9982068737729378
9.281999999985038,0.9982255202728034
9.282999999985035,0.9981978364693417
9.283999999985033,0.9982272551098622
9.28499999998503,0.998165686353534
9.285999999985028,0.9981664258833868
9.286999999985026,0.9981478484167832
9.287999999985024,0.9981429368507749
9.288999999985021,0.9981454830865908
9.28999999998502,0.9981281780762816
9.290999999985017,0.9981253553729103
9.291999999985014,0.9980948262199802
9.292999999985012,0.9980631301123761
9.29399999998501,0.9980605253691628
9.294999999985007,0.9980550438280993
9.295999999985005,0.998041466140342
9.296999999985003,0.9980411155522368
9.297999999985,0.9980263962669271
9.298999999984998,0.9980271897350529
9.299999999984996,0.9979680981340735
9.300999999984993,0.9979671726186946
9.301999999984991,0.9979681466284931
9.302999999984989,0.9979899846689939
9.303999999984987,0.9979918304750025
9.304999999984984,0.997995701692476
9.305999999984982,0.9979919064157693
9.30699999998498,0.9979719984726197
9.307999999984977,0.9979980206384301
9.308999999984975,0.9979668920281
9.309999999984973,0.9980267726931359
9.31099999998497,0.998024300985307
9.311999999984968,0.9980411159183125
9.312999999984966,0.9980442258867671
9.313999999984963,0.998040345240301
9.31499999998496,0.9980559069584557
9.315999999984959,0.9980569172625618
9.316999999984956,0.998085635419035
9.317999999984954,0.9981154711127068
9.318999999984952,0.9981162213669402
9.31999999998495,0.9981203001061172
9.320999999984947,0.9981319553753222
9.321999999984945,0.9981304366945676
9.322999999984942,0.9981432566635322
9.32399999998494,0.9981405337838758
9.324999999984938,0.9981976900934215
9.325999999984935,0.9981971471423561
9.326999999984933,0.9981942012136974
9.32799999998493,0.9981703936085723
9.328999999984928,0.9981665417695055
9.329999999984926,0.9981607433865458
9.330999999984924,0.9981625075112497
9.331999999984921,0.9981809254186207
9.332999999984919,0.9981528262051942
9.333999999984917,0.9981818836672767
9.334999999984914,0.998119972767013
9.335999999984912,0.9981203462457878
9.33699999998491,0.9981014613381227
9.337999999984907,0.9980962562814963
9.338999999984905,0.9980985296152023
9.339999999984903,0.9980808028137537
9.3409999999849,0.9980776265850259
9.341999999984898,0.9980467199169885
9.342999999984896,0.9980146841244469
9.343999999984893,0.9980117227104098
9.344999999984891,0.9980059710088005
9.345999999984889,0.9979921173641055
9.346999999984886,0.9979913457936226
9.347999999984884,0.9979762171009551
9.348999999984882,0.9979766643080005
9.34999999998488,0.9979171800567372
9.350999999984877,0.9979160099060517
9.351999999984875,0.9979166625698401
9.352999999984872,0.9979381172733482
9.35399999998487,0.9979396370241971
9.354999999984868,0.9979430295931797
9.355999999984865,0.9979389124290624
9.356999999984863,0.9979187046683498
9.35799999998486,0.9979444472528006
9.358999999984858,0.9979129871862483
9.359999999984856,0.9979725207647903
9.360999999984854,0.9979697324320717
9.361999999984851,0.9979861750779535
9.362999999984849,0.9979889032635327
9.363999999984847,0.9979847951078645
9.364999999984844,0.998000118324212
9.365999999984842,0.9980008234607752
9.36699999998484,0.9980292670244401
9.367999999984837,0.9980587938088108
9.368999999984835,0.998059257384193
9.369999999984833,0.9980631275819021
9.37099999998483,0.9980744214584713
9.371999999984828,0.998072697387551
9.372999999984826,0.9980853052209182
9.373999999984823,0.9980823086738033
9.374999999984821,0.9981392447946041
9.375999999984819,0.9981384881781815
9.376999999984816,0.9981352573709094
9.377999999984814,0.998111234584279
9.378999999984812,0.9981071122756775
9.37999999998481,0.9981012074801415
9.380999999984807,0.9981027068928497
9.381999999984805,0.9981209909447163
9.382999999984802,0.998092592626833
9.3839999999848,0.9981214096471863
9.384999999984798,0.9980592793090939
9.385999999984795,0.9980594065781122
9.386999999984793,0.9980403385286694
9.38799999998479,0.998034965422564
9.388999999984788,0.9980370545125806
9.389999999984786,0.9980190189574091
9.390999999984784,0.9980156081104091
9.391999999984781,0.9979844403601599
9.392999999984779,0.9979521843238177
9.393999999984777,0.9979489840231971
9.394999999984774,0.9979430498532119
9.395999999984772,0.9979290441414169
9.39699999998477,0.997927963578741
9.397999999984767,0.9979125378758035
9.398999999984765,0.9979127564472228
9.399999999984763,0.9978529933917486
9.40099999998476,0.9978516675271879
9.401999999984758,0.9978521173806987
9.402999999984756,0.9978733014815486
9.403999999984753,0.9978746123991387
9.404999999984751,0.9978776307619339
9.405999999984749,0.9978733083231754
9.406999999984746,0.997852883041933
9.407999999984744,0.9978784649172373
9.408999999984742,0.9978467879900067
9.40999999998474,0.9979060870804612
9.410999999984737,0.9979030971640611
9.411999999984735,0.9979192779840893
9.412999999984732,0.9979217335151894
9.41399999998473,0.9979174845634549
9.414999999984728,0.9979326893185665
9.415999999984725,0.9979332037731223
9.416999999984723,0.9979614889762964
9.41799999998472,0.9979908199636636
9.418999999984718,0.9979911113490852
9.419999999984716,0.9979948591399492
9.420999999984714,0.9980058996618252
9.421999999984711,0.9980040888180252
9.42299999998471,0.9980166023487906
9.423999999984707,0.9980134449226804
9.424999999984705,0.9980702766456393
9.425999999984702,0.9980693896325709
9.4269999999847,0.9980659843916695
9.427999999984698,0.9980418619653658
9.428999999984695,0.9980375802794154
9.429999999984693,0.9980316914923784
9.43099999998469,0.9980330369100048
9.431999999984688,0.9980512743213715
9.432999999984686,0.9980226845642071
9.433999999984684,0.9980513721737995
9.434999999984681,0.9979891350516219
9.435999999984679,0.9979891259099991
9.436999999984677,0.9979699880728561
9.437999999984674,0.9979645609476033
9.438999999984672,0.9979665465070092
9.43999999998467,0.997948305238107
9.440999999984667,0.9979447675086692
9.441999999984665,0.9979134441056515
9.442999999984663,0.9978810755581269
9.44399999998466,0.9978777423775711
9.444999999984658,0.9978717045326039
9.445999999984656,0.9978576575273744
9.446999999984653,0.997856368367213
9.447999999984651,0.997840746186017
9.448999999984649,0.9978408408230818
9.449999999984646,0.9977809003613336
9.450999999984644,0.9977794975750385
9.451999999984642,0.9977798494415803
9.45299999998464,0.9978008625523063
9.453999999984637,0.9978020678770015
9.454999999984635,0.9978048041885386
9.455999999984632,0.9978003787540888
9.45699999998463,0.9977798081650117
9.457999999984628,0.9978053330526574
9.458999999984625,0.9977735392692292
9.459999999984623,0.9978327017439694
9.46099999998462,0.9978296101222565
9.461999999984618,0.9978456248403277
9.462999999984616,0.9978479021331692
9.463999999984614,0.997843587205565
9.464999999984611,0.9978587767877208
9.465999999984609,0.9978591989670346
9.466999999984607,0.9978874254367683
9.467999999984604,0.9979166574089151
9.468999999984602,0.9979168744314059
9.4699999999846,0.9979205732800361
9.470999999984597,0.997931452440735
9.471999999984595,0.997929655649017
9.472999999984593,0.9979421748121767
9.47399999998459,0.9979389520130219
9.474999999984588,0.9979957770679705
9.475999999984586,0.9979948299039715
9.476999999984583,0.9979913432420683
9.477999999984581,0.9979672183896345
9.478999999984579,0.9979628705394294
9.479999999984576,0.9979571004321371
9.480999999984574,0.9979583843966183
9.481999999984572,0.9979766479784139
9.48299999998457,0.9979479565238005
9.483999999984567,0.9979766070341094
9.484999999984565,0.9979143568822798
9.485999999984562,0.997914302364894
9.48699999998456,0.9978951887097164
9.487999999984558,0.997889801928838
9.488999999984555,0.9978917505405639
9.489999999984553,0.9978733883706719
9.49099999998455,0.9978698123861172
9.491999999984548,0.9978384199251461
9.492999999984546,0.9978060272838513
9.493999999984544,0.9978026479651686
9.494999999984541,0.9977965708202935
9.495999999984539,0.9977825731178861
9.496999999984537,0.9977811569511953
9.497999999984534,0.9977654199209924
9.498999999984532,0.997765475637514
9.49999999998453,0.9977054399998359
9.500999999984527,0.9977040241323313
9.501999999984525,0.9977043628453777
9.502999999984523,0.9977252852116032
9.50399999998452,0.9977264682240733
9.504999999984518,0.9977289962215774
9.505999999984516,0.9977245500849893
9.506999999984513,0.9977038920608672
9.507999999984511,0.9977294432518329
9.508999999984509,0.9976976127806119
9.509999999984506,0.9977567166782139
9.510999999984504,0.9977536031553579
9.511999999984502,0.9977695278878262
9.5129999999845,0.9977717019006332
9.513999999984497,0.9977673805813231
9.514999999984495,0.9977826373356434
9.515999999984492,0.9977830453787025
9.51699999998449,0.9978112921689422
9.517999999984488,0.9978405016897562
9.518999999984485,0.9978407218141805
9.519999999984483,0.9978444298558415
9.52099999998448,0.9978552200231515
9.521999999984478,0.9978535172033264
9.522999999984476,0.9978661210649894
9.523999999984474,0.9978629081658297
9.524999999984471,0.9979198035416074
9.52599999998447,0.9979188514264221
9.526999999984467,0.9979153563555159
9.527999999984464,0.9978913056746099
9.528999999984462,0.9978869647386763
9.52999999998446,0.9978813944482919
9.530999999984457,0.9978826893614265
9.531999999984455,0.9979010362768995
9.532999999984453,0.9978723131484135
9.53399999998445,0.9979009986259507
9.534999999984448,0.9978388089375514
9.535999999984446,0.997838780051671
9.536999999984443,0.9978197641616261
9.537999999984441,0.9978144915956617
9.538999999984439,0.997816455065991
9.539999999984436,0.9977980377097997
9.540999999984434,0.9977944924116388
9.541999999984432,0.9977630981525992
9.54299999998443,0.9977307502343988
9.543999999984427,0.9977273920734442
9.544999999984425,0.9977213255258482
9.545999999984423,0.9977074477573681
9.54699999998442,0.9977059674137039
9.547999999984418,0.9976901784445293
9.548999999984416,0.9976902610164484
9.549999999984413,0.997630193730827
9.55099999998441,0.9976288142140989
9.551999999984409,0.9976292054601384
9.552999999984406,0.9976500987972342
9.553999999984404,0.9976513238979263
9.554999999984402,0.9976536997859273
9.5559999999844,0.9976492965866987
9.556999999984397,0.9976285956094593
9.557999999984395,0.9976542375988343
9.558999999984392,0.9976224324076188
9.55999999998439,0.9976815376714313
9.560999999984388,0.9976784638836671
9.561999999984385,0.9976943570532907
9.562999999984383,0.9976964852844777
9.56399999998438,0.9976922036204904
9.564999999984378,0.9977075914405868
9.565999999984376,0.9977080456781182
9.566999999984374,0.9977363739005393
9.567999999984371,0.9977656199818908
9.568999999984369,0.9977659031209234
9.569999999984367,0.9977696653526664
9.570999999984364,0.9977804221142961
9.571999999984362,0.9977788755219062
9.57299999998436,0.9977916256175455
9.573999999984357,0.9977884809743671
9.574999999984355,0.9978455064450874
9.575999999984353,0.9978445921414183
9.57699999998435,0.997841145231334
9.577999999984348,0.997817228498128
9.578999999984346,0.9978129512071486
9.579999999984343,0.9978076445271519
9.580999999984341,0.9978090066313746
9.581999999984339,0.9978274815618369
9.582999999984336,0.9977987811268212
9.583999999984334,0.9978275576590784
9.584999999984332,0.9977654860437415
9.58599999998433,0.997765538185438
9.586999999984327,0.9977466778551031
9.587999999984325,0.9977415775967915
9.588999999984322,0.997743596427903
9.58999999998432,0.9977251750841225
9.590999999984318,0.9977217145334776
9.591999999984315,0.9976903712259397
9.592999999984313,0.9976581222233366
9.59399999998431,0.9976548380974746
9.594999999984308,0.9976488213715863
9.595999999984306,0.9976351194992636
9.596999999984304,0.9976336241551259
9.597999999984301,0.9976178326229624
9.598999999984299,0.9976179939687707
9.599999999984297,0.9975579452095977
9.600999999984294,0.9975566412109829
9.601999999984292,0.9975571371108563
9.60299999998429,0.9975780501270994
9.603999999984287,0.9975793685229077
9.604999999984285,0.9975816364384389
9.605999999984283,0.9975773269594118
9.60699999998428,0.9975566183855819
9.607999999984278,0.9975824028351714
9.608999999984276,0.997550672602294
9.609999999984273,0.997609827036225
9.610999999984271,0.9976068425027637
9.611999999984269,0.9976227508519705
9.612999999984266,0.9976248793692772
9.613999999984264,0.997620674537996
9.614999999984262,0.997636245233225
9.61599999998426,0.997636794478218
9.616999999984257,0.9976652536829215
9.617999999984255,0.9976945841378743
9.618999999984252,0.997694979072988
9.61999999998425,0.997698832203782
9.620999999984248,0.9977096007207956
9.621999999984245,0.9977082615586705
9.622999999984243,0.997721208534544
9.62399999998424,0.9977181801532431
9.624999999984238,0.9977753849648027
9.625999999984236,0.9977745437482172
9.626999999984234,0.99777119174044
9.627999999984231,0.9977474586666053
9.628999999984229,0.9977432921067058
9.629999999984227,0.9977383024609757
9.630999999984224,0.9977397785983994
9.631999999984222,0.997758418918903
9.63299999998422,0.997729786616045
9.633999999984217,0.9977587011497606
9.634999999984215,0.997696796201469
9.635999999984213,0.9976969759993005
9.63699999998421,0.9976783201542944
9.637999999984208,0.9976734414761846
9.638999999984206,0.9976755499919447
9.639999999984203,0.9976571680902953
9.640999999984201,0.997653838334968
9.641999999984199,0.9976225910397719
9.642999999984196,0.9975904874049227
9.643999999984194,0.9975873226470688
9.644999999984192,0.9975813894390235
9.64599999998419,0.9975679117386377
9.646999999984187,0.9975664437110194
9.647999999984185,0.9975506922517584
9.648999999984182,0.997550977325003
9.64999999998418,0.9974909907249281
9.650999999984178,0.9974897963183442
9.651999999984175,0.9974904423096738
9.652999999984173,0.9975114174867844
9.65399999998417,0.9975128740350038
9.654999999984168,0.9975150726662733
9.655999999984166,0.9975109016380029
9.656999999984164,0.9974902166981215
9.657999999984161,0.9975161892578306
9.65899999998416,0.9974845780967622
9.659999999984157,0.9975438240682477
9.660999999984154,0.9975409729085741
9.661999999984152,0.9975569381339684
9.66299999998415,0.9975591081649746
9.663999999984147,0.9975550134897084
9.664999999984145,0.9975708135286093
9.665999999984143,0.9975715017080796
9.66699999998414,0.9976001365216527
9.667999999984138,0.9976295945236983
9.668999999984136,0.9976301454541305
9.669999999984134,0.9976341228010046
9.670999999984131,0.9976449441986973
9.671999999984129,0.997643859130228
9.672999999984127,0.9976570492175538
9.673999999984124,0.9976541811130849
9.674999999984122,0.9977116103672183
9.67599999998412,0.9977108747289894
9.676999999984117,0.9977076607650507
9.677999999984115,0.9976841572744962
9.678999999984113,0.997680145069702
9.67999999998411,0.9976755218335492
9.680999999984108,0.9976771555567073
9.681999999984106,0.9976959959558253
9.682999999984103,0.9976674742834228
9.6839999999841,0.9976965706316069
9.684999999984099,0.9976348779007275
9.685999999984096,0.9976352291077393
9.686999999984094,0.9976168236878251
9.687999999984092,0.997612212891281
9.68899999998409,0.9976144435153432
9.689999999984087,0.9975961423057977
9.690999999984085,0.9975929869943754
9.691999999984082,0.9975618786055297
9.69299999998408,0.997529964558539
9.693999999984078,0.9975269624003429
9.694999999984075,0.9975211449140485
9.695999999984073,0.9975079373953473
9.69699999998407,0.9975065373741683
9.697999999984068,0.9974908670613256
9.698999999984066,0.9974913190412537
9.699999999984064,0.9974314367699524
9.700999999984061,0.9974303847487513
9.701999999984059,0.9974312246102432
9.702999999984057,0.9974523030956818
9.703999999984054,0.9974539411809967
9.704999999984052,0.9974561084268869
9.70599999998405,0.9974521192565852
9.706999999984047,0.9974314884905553
9.707999999984045,0.9974576934334721
9.708999999984043,0.9974262444037261
9.70999999998404,0.9974856232806009
9.710999999984038,0.9974829486069087
9.711999999984036,0.9974990116395112
9.712999999984033,0.9975012637675755
9.713999999984031,0.9974973118798033
9.714999999984029,0.9975133865987815
9.715999999984026,0.9975142568303512
9.716999999984024,0.9975431109818929
9.717999999984022,0.9975727389822163
9.71899999998402,0.9975734893781641
9.719999999984017,0.9975776237081729
9.720999999984015,0.9975885387217724
9.721999999984012,0.997587753542525
9.72299999998401,0.9976012321455437
9.723999999984008,0.9975985677938635
9.724999999984005,0.9976562658609676
9.725999999984003,0.9976556679747361
9.726999999984,0.9976526348094208
9.727999999983998,0.9976294062320574
9.728999999983996,0.9976255916203245
9.729999999983994,0.9976213832416981
9.730999999983991,0.9976232177399172
9.731999999983989,0.9976422924090294
9.732999999983987,0.9976139236797806
9.733999999983984,0.9976432452404085
9.734999999983982,0.9975818098752385
9.73599999998398,0.9975823759043417
9.736999999983977,0.9975642663426342
9.737999999983975,0.9975599691610232
9.738999999983973,0.9975623541102704
9.73999999998397,0.9975441747973719
9.740999999983968,0.9975412372774947
9.741999999983966,0.9975103105077705
9.742999999983963,0.9974786299629278
9.743999999983961,0.997475833366827
9.744999999983959,0.9974701636270996
9.745999999983956,0.997457271770958
9.746999999983954,0.9974559803786922
9.747999999983952,0.9974404322004299
9.74899999998395,0.9974410939329155
9.749999999983947,0.9973813580145394
9.750999999983945,0.9973804808564032
9.751999999983942,0.9973815579156459
9.75299999998394,0.9974027805925695
9.753999999983938,0.9974046431396075
9.754999999983935,0.9974068169244249
9.755999999983933,0.9974030525160785
9.75699999998393,0.9973825062832692
9.757999999983928,0.9974089871859813
9.758999999983926,0.9973777428416233
9.759999999983924,0.9974372954472221
9.760999999983921,0.997434839745834
9.761999999983919,0.9974510410147024
9.762999999983917,0.9974534153449495
9.763999999983914,0.9974496382928736
9.764999999983912,0.9974660320059145
9.76599999998391,0.997467126574835
9.766999999983907,0.997496242804494
9.767999999983905,0.9975260823277406
9.768999999983903,0.9975270746423156
9.7699999999839,0.9975313978995906
9.770999999983898,0.9975424463763919
9.771999999983896,0.9975420055053132
9.772999999983893,0.9975558165959066
9.773999999983891,0.997553398192779
9.774999999983889,0.997611407912537
9.775999999983886,0.9976109789422338
9.776999999983884,0.9976081679421103
9.777999999983882,0.997585257962465
9.77899999998388,0.9975816826268752
9.779999999983877,0.9975779354654226
9.780999999983875,0.9975800122294034
9.781999999983872,0.9975993538448437
9.78299999998387,0.9975711786779271
9.783999999983868,0.9976007668758319
9.784999999983865,0.9975396319792319
9.785999999983863,0.9975404541583031
9.78699999998386,0.997522683577534
9.787999999983859,0.9975187432897799
9.788999999983856,0.9975213130633287
9.789999999983854,0.997503294674461
9.790999999983852,0.9975006158108248
9.79199999998385,0.997469910903663
9.792999999983847,0.9974385051148098
9.793999999983845,0.9974359543240734
9.794999999983842,0.9974304622820188
9.79599999998384,0.9974179284924382
9.796999999983838,0.9974167835692257
9.797999999983835,0.9974013956379876
9.798999999983833,0.9974023067997806
9.79999999998383,0.9973427561643022
9.800999999983828,0.9973420837993648
9.801999999983826,0.9973434378881432
9.802999999983824,0.9973648422076953
9.803999999983821,0.9973669684558023
9.804999999983819,0.9973691833266658
9.805999999983817,0.997365682684447
9.806999999983814,0.9973452485264341
9.807999999983812,0.9973720447507713
9.80899999998381,0.9973410435042794
9.809999999983807,0.9974008063921356
9.810999999983805,0.9973986077328933
9.811999999983803,0.9974149832649103
9.8129999999838,0.9974175154449142
9.813999999983798,0.9974139416915062
9.814999999983796,0.9974306936655
9.815999999983793,0.997432049881668
9.816999999983791,0.9974614657457308
9.817999999983789,0.9974915531018929
9.818999999983786,0.9974928244145702
9.819999999983784,0.9974973644068935
9.820999999983782,0.9975085807721351
9.82199999998378,0.9975085227366675
9.822999999983777,0.9975227042571806
9.823999999983775,0.9975205680032961
9.824999999983772,0.9975789259307325
9.82599999998377,0.9975786923844574
9.826999999983768,0.9975761386080364
9.827999999983765,0.9975535843127585
9.828999999983763,0.9975502833246176
9.82999999998376,0.9975470366314448
9.830999999983758,0.9975493902678283
9.831999999983756,0.9975690261076395
9.832999999983754,0.997541078111205
9.833999999983751,0.9975709670566908
9.834999999983749,0.997510168285729
9.835999999983747,0.9975112803793956
9.836999999983744,0.9974938840949635
9.837999999983742,0.997490335970033
9.83899999998374,0.9974931151035938
9.839999999983737,0.99747528872971
9.840999999983735,0.9974729011242771
9.841999999983733,0.9974424499974178
9.84299999998373,0.9974113516622637
9.843999999983728,0.9974090782313534
9.844999999983726,0.9974037872506261
9.845999999983723,0.9973916448474293
9.846999999983721,0.9973906752800992
9.847999999983719,0.9973754766182674
9.848999999983716,0.997376667490937
9.849999999983714,0.9973173316601257
9.850999999983712,0.9973168867453903
9.85199999998371,0.9973185478619775
9.852999999983707,0.9973401614066242
9.853999999983705,0.9973425804567426
9.854999999983702,0.9973448609660075
9.8559999999837,0.9973416526422378
9.856999999983698,0.9973213502979628
9.857999999983695,0.9973484903863539
9.858999999983693,0.9973177598158078
9.85999999998369,0.9973777585117987
9.860999999983688,0.9973758437653217
9.861999999983686,0.997392418317745
9.862999999983684,0.9973951326234575
9.863999999983681,0.9973917818745676
9.864999999983679,0.9974089194527083
9.865999999983677,0.9974105626795016
9.866999999983674,0.9974403035701637
9.867999999983672,0.9974706628161308
9.86899999998367,0.9974722377687489
9.869999999983667,0.9974770128521875
9.870999999983665,0.9974884189292582
9.871999999983663,0.9974887692759209
9.87299999998366,0.9975033460072578
9.873999999983658,0.9975015148890898
9.874999999983656,0.997560244083571
9.875999999983653,0.9975602223445215
9.876999999983651,0.9975579472303118
9.877999999983649,0.9975357718133194
9.878999999983646,0.9975327662604527
9.879999999983644,0.9975300449120121
9.880999999983642,0.9975326957230813
9.88199999998364,0.9975526421477703
9.882999999983637,0.9975249404361386
9.883999999983635,0.9975551494682403
9.884999999983632,0.9974947075725901
9.88599999998363,0.9974961282795767
9.886999999983628,0.9974791263411326
9.887999999983625,0.9974759901684894
9.888999999983623,0.9974789915747694
9.88999999998362,0.9974613727554418
9.890999999983618,0.9974592931705778
9.891999999983616,0.9974291118056976
9.892999999983614,0.9973983374703314
9.893999999983611,0.9973963566331431
9.89499999998361,0.9973912777588374
9.895999999983607,0.9973795434047891
9.896999999983604,0.9973787614015468
9.897999999983602,0.9973637642218404
9.8989999999836,0.9973652480170079
9.899999999983597,0.9973061393822955
9.900999999983595,0.9973059315596541
9.901999999983593,0.997307912221875
9.90299999998359,0.9973297449937287
9.903999999983588,0.9973324681441968
9.904999999983586,0.9973348210371127
9.905999999983583,0.997331915472791
9.906999999983581,0.9973117510845179
9.907999999983579,0.9973392451461459
9.908999999983577,0.9973087943325657
9.909999999983574,0.9973690356492689
9.910999999983572,0.9973674128333135
9.91199999998357,0.9973841921892478
9.912999999983567,0.9973870938213154
9.913999999983565,0.9973839713056282
9.914999999983563,0.997401502357367
9.91599999998356,0.997403438400449
9.916999999983558,0.9974335099821382
9.917999999983556,0.9974641453424171
9.918999999983553,0.9974660285927924
9.91999999998355,0.9974710420296065
9.920999999983549,0.9974826394505785
9.921999999983546,0.9974834033406277
9.922999999983544,0.9974983795045284
9.923999999983542,0.9974968558491332
9.92499999998354,0.9975559584999295
9.925999999983537,0.9975561492581863
9.926999999983535,0.9975541532260837
9.927999999983532,0.9975323586750766
9.92899999998353,0.9975296483078262
9.929999999983528,0.9975274556468258
9.930999999983525,0.9975304023281348
9.931999999983523,0.9975506593975637
9.93299999998352,0.9975232013076667
9.933999999983518,0.9975537277994164
9.934999999983516,0.9974936414845199
9.935999999983514,0.9974953673028677
9.936999999983511,0.9974787574722261
9.937999999983509,0.9974760305871745
9.938999999983507,0.997479250286936
9.939999999983504,0.9974618319496803
9.940999999983502,0.9974600543583271
9.9419999999835,0.9974301358666416
9.942999999983497,0.9973996790661872
9.943999999983495,0.9973979828874144
9.944999999983493,0.9973931097348679
9.94599999998349,0.9973817767538196
9.946999999983488,0.9973811710261877
9.947999999983486,0.9973663639710117
9.948999999983483,0.9973681301812495
9.949999999983481,0.9973092373505951
9.950999999983479,0.9973092583491027
9.951999999983476,0.9973115471179183
9.952999999983474,0.9973335850339038
9.953999999983472,0.9973365993925246
9.95499999998347,0.9973390070881103
9.955999999983467,0.9973363903366814
9.956999999983465,0.99731635171443
9.957999999983462,0.9973441852933771
9.95899999998346,0.9973139986854257
9.959999999983458,0.9973744646037992
9.960999999983455,0.9973731168607534
9.961999999983453,0.9973900817922714
9.96299999998345,0.9973931508856309
9.963999999983448,0.9973902429686418
9.964999999983446,0.9974081501703549
9.965999999983444,0.9974103595340233
9.966999999983441,0.9974407420998986
9.967999999983439,0.997471632347849
9.968999999983437,0.9974738030419406
9.969999999983434,0.9974790389086785
9.970999999983432,0.997490803617621
9.97199999998343,0.9974919605902601
9.972999999983427,0.9975073146721957
9.973999999983425,0.9975060749614367
9.974999999983423,0.997565527328028
9.97599999998342,0.9975659117761299
9.976999999983418,0.9975641692185072
9.977999999983416,0.9975427314577144
9.978999999983413,0.997540289826656
9.979999999983411,0.9975386030690567
9.980999999983409,0.9975418179917686
9.981999999983406,0.9975623660575921
9.982999999983404,0.9975351225246147
9.983999999983402,0.9975659374001581
9.9849999999834,0.9975061789552281
9.985999999983397,0.9975081798513729
9.986999999983395,0.9974919334347484
9.987999999983392,0.997489586648989
9.98899999998339,0.9974930007011368
9.989999999983388,0.9974757490658186
9.990999999983385,0.9974742407247215
9.991999999983383,0.997444551475209
9.99299999998338,0.9974143789893083
9.993999999983378,0.9974129326738888
9.994999999983376,0.9974082387103539
9.995999999983374,0.9973972736436308
9.996999999983371,0.9973968058569986
9.997999999983369,0.9973821505446763
9.998999999983367,0.9973841616538497
9.999999999983364,0.9973254461954809
10.000999999983362,0.9973256675086302
10.00199999998336,0.9973282259779679
10.002999999983357,0.9973504278655052
10.003999999983355,0.9973536935116434
10.004999999983353,0.9973561111620667
10.00599999998335,0.997353742243469
10.006999999983348,0.9973337968701286
10.007999999983346,0.9973619285142254
10.008999999983343,0.9973319635283332
10.009999999983341,0.9973926088553364
10.010999999983339,0.9973914922462965
10.011999999983336,0.997408596329302
10.012999999983334,0.9974117858453007
10.013999999983332,0.9974090585875285
10.01499999998333,0.9974272976584947
10.015999999983327,0.9974297337897778
10.016999999983325,0.9974603806364455
10.017999999983322,0.9974914775244537
10.01899999998332,0.9974938878550632
10.019999999983318,0.9974993100362133
10.020999999983315,0.9975111909320853
10.021999999983313,0.9975126938384332
10.02299999998331,0.9975283776149764
10.023999999983308,0.9975273715390273
10.024999999983306,0.9975871231589797
10.025999999983304,0.9975876624097935
10.026999999983301,0.9975861210036022
10.0279999999833,0.9975649893924737
10.028999999983297,0.9975627633750905
10.029999999983295,0.9975615334300542
10.030999999983292,0.9975649623682
10.03199999998329,0.9975857620094997
10.032999999983288,0.9975586774330247
10.033999999983285,0.9975897251945055
10.034999999983283,0.9975302406656277
10.03599999998328,0.9975324603077864
10.036999999983278,0.9975165225680535
10.037999999983276,0.9975145007068347
10.038999999983274,0.9975180656070018
10.039999999983271,0.9975009207412708
10.040999999983269,0.9974996229393301
10.041999999983267,0.9974701033849352
10.042999999983264,0.9974401562143674
10.043999999983262,0.9974388991620416
10.04499999998326,0.9974343385579454
10.045999999983257,0.9974236824915678
10.046999999983255,0.9974232885251559
10.047999999983253,0.9974087209213023
10.04899999998325,0.9974109139555665
10.049999999983248,0.9973523120093192
10.050999999983246,0.997352686219553
10.051999999983243,0.9973554508792233
10.052999999983241,0.9973777503653785
10.053999999983239,0.9973812024205677
10.054999999983236,0.9973835599123988
10.055999999983234,0.9973813731026999
10.056999999983232,0.9973614698536228
10.05799999998323,0.9973898336314094
10.058999999983227,0.9973600232250754
10.059999999983225,0.9974207782380958
10.060999999983222,0.9974198245369532
10.06199999998322,0.9974369969870327
10.062999999983218,0.9974402356339492
10.063999999983215,0.9974376371246026
10.064999999983213,0.9974561400881787
10.06599999998321,0.9974587326686691
10.066999999983208,0.9974895735160559
10.067999999983206,0.9975208052594252
10.068999999983204,0.9975233840845784
10.069999999983201,0.9975289390643582
10.070999999983199,0.9975408617259051
10.071999999983197,0.9975426407070714
10.072999999983194,0.9975585833285988
10.073999999983192,0.9975577379123282
10.07499999998319,0.9976177158712032
10.075999999983187,0.9976183541895237
10.076999999983185,0.9976169392879115
10.077999999983183,0.9975960411939838
10.07899999998318,0.9975939556109179
10.079999999983178,0.9975931119499879
10.080999999983176,0.9975966788980988
10.081999999983173,0.9976176746510806
10.082999999983171,0.9975906718536939
10.083999999983169,0.9976218756830455
10.084999999983166,0.9975625901120799
10.085999999983164,0.9975649511710424
10.086999999983162,0.9975492467734698
10.08799999998316,0.9975474742420825
10.088999999983157,0.9975511311012434
10.089999999983155,0.9975340125315704
10.090999999983152,0.9975328463690342
10.09199999998315,0.997503416901829
10.092999999983148,0.9974736162561328
10.093999999983145,0.9974724681304881
10.094999999983143,0.9974679803638138
10.09599999998314,0.9974575552213595
10.096999999983138,0.997457151445236
10.097999999983136,0.9974425882316399
10.098999999983134,0.9974448812800518
10.099999999983131,0.9973863101423837
10.100999999983129,0.9973867759455585
10.101999999983127,0.9973896649574665
10.102999999983124,0.9974119772824911
10.103999999983122,0.9974155328707189
10.10499999998312,0.9974177417607822
10.105999999983117,0.9974156537356286
10.106999999983115,0.9973957282464575
10.107999999983113,0.9974242410689789
10.10899999998311,0.9973945011221709
10.109999999983108,0.9974552790171255
10.110999999983106,0.997454403279721
10.111999999983103,0.9974715565702504
10.112999999983101,0.9974747564883205
10.113999999983099,0.99747222271898
10.114999999983096,0.9974909058356245
10.115999999983094,0.9974935687559435
10.116999999983092,0.9975245178108919
10.11799999998309,0.9975557972047926
10.118999999983087,0.9975584582684975
10.119999999983085,0.9975640813545583
10.120999999983082,0.9975759563539126
10.12199999998308,0.9975779273069608
10.122999999983078,0.9975940438475329
10.123999999983075,0.9975932720479483
10.124999999983073,0.9976533896701608
10.12599999998307,0.9976540610249567
10.126999999983068,0.9976526844503013
10.127999999983066,0.9976319341692607
10.128999999983064,0.9976299007511488
10.129999999983061,0.9976293605225165
10.13099999998306,0.9976329768075064
10.131999999983057,0.9976541040603215
10.132999999983054,0.9976270935024305
10.133999999983052,0.9976583645588577
10.13499999998305,0.9975991913793769
10.135999999983047,0.9976016049651744
10.136999999983045,0.9975860474884382
10.137999999983043,0.9975844378650999
10.13899999998304,0.9975881196115737
10.139999999983038,0.9975709359669752
10.140999999983036,0.9975698121006489
10.141999999983033,0.9975403828484414
10.142999999983031,0.9975106400245997
10.143999999983029,0.9975095106909213
10.144999999983026,0.9975050280295295
10.145999999983024,0.997494746627081
10.146999999983022,0.9974942399915926
10.14799999998302,0.997479588704258
10.148999999983017,0.9974818911404446
10.149999999983015,0.9974232595399636
10.150999999983013,0.9974237494796264
10.15199999998301,0.9974266730280502
10.152999999983008,0.9974489054289315
10.153999999983006,0.9974524741365999
10.154999999983003,0.9974544381365792
10.155999999983,0.9974523585293971
10.156999999982999,0.9974323411295506
10.157999999982996,0.9974609133887027
10.158999999982994,0.9974311533915825
10.159999999982992,0.9974918610116479
10.16099999998299,0.9974909723665417
10.161999999982987,0.9975080130621864
10.162999999982985,0.9975110806870163
10.163999999982982,0.997508543749944
10.16499999998298,0.9975273184730576
10.165999999982978,0.9975299608292579
10.166999999982975,0.9975609278077167
10.167999999982973,0.9975921632779251
10.16899999998297,0.9975948163069281
10.169999999982968,0.9976004399766383
10.170999999982966,0.9976121740344476
10.171999999982964,0.9976142497711646
10.172999999982961,0.9976304524314829
10.173999999982959,0.9976296643813417
10.174999999982957,0.9976898324904689
10.175999999982954,0.997690469034943
10.176999999982952,0.9976890403996005
10.17799999998295,0.9976683505167757
10.178999999982947,0.9976662793040106
10.179999999982945,0.9976659587305049
10.180999999982943,0.997669534464126
10.18199999998294,0.9976907280336575
10.182999999982938,0.9976636193067204
10.183999999982936,0.9976948682216152
10.184999999982933,0.997635720784333
10.185999999982931,0.9976380979840775
10.186999999982929,0.9976226014376697
10.187999999982926,0.9976210690155545
10.188999999982924,0.997624709063595
10.189999999982922,0.9976073696724792
10.19099999998292,0.9976061999168773
10.191999999982917,0.9975766823618014
10.192999999982915,0.9975469103711613
10.193999999982912,0.9975457115496142
10.19499999998291,0.9975411677904042
10.195999999982908,0.997530945464615
10.196999999982905,0.9975302452205677
10.197999999982903,0.997515415961187
10.1989999999829,0.9975176401471654
10.199999999982898,0.9974588599814365
10.200999999982896,0.9974593092140286
10.201999999982894,0.9974621811806482
10.202999999982891,0.9974842445957129
10.203999999982889,0.9974877401594603
10.204999999982887,0.9974893669035307
10.205999999982884,0.9974872099849598
10.206999999982882,0.9974670344776199
10.20799999998288,0.9974955816888451
10.208999999982877,0.9974657164151833
10.209999999982875,0.9975262659356994
10.210999999982873,0.9975252792564451
10.21199999998287,0.9975421197192507
10.212999999982868,0.9975449674764882
10.213999999982866,0.9975423643100145
10.214999999982863,0.9975611488851767
10.215999999982861,0.9975636866173901
10.216999999982859,0.9975945883398121
10.217999999982856,0.997625695538825
10.218999999982854,0.9976282578174797
10.219999999982852,0.9976338203845835
10.22099999998285,0.9976453279630821
10.221999999982847,0.9976474296521324
10.222999999982845,0.9976636391983882
10.223999999982842,0.9976627536754868
10.22499999998284,0.9977228920007672
10.225999999982838,0.9977234326577383
10.226999999982835,0.9977218707819397
10.227999999982833,0.9977011635320409
10.22899999998283,0.9976989742643751
10.229999999982828,0.997698799875072
10.230999999982826,0.9977022552976619
10.231999999982824,0.9977234578515698
10.232999999982821,0.9976961709971714
10.233999999982819,0.9977273191127038
10.234999999982817,0.997668121882974
10.235999999982814,0.997670384945035
10.236999999982812,0.9976548748431125
10.23799999998281,0.9976533456685706
10.238999999982807,0.9976568862167277
10.239999999982805,0.9976393122037366
10.240999999982803,0.9976380205363928
10.2419999999828,0.9976083385035113
10.242999999982798,0.9975784629952285
10.243999999982796,0.9975771191769801
10.244999999982793,0.997572457805294
10.245999999982791,0.9975622231727619
10.246999999982789,0.9975612517670719
10.247999999982786,0.9975461680401827
10.248999999982784,0.9975482400677633
10.249999999982782,0.9974892371541297
10.25099999998278,0.997489591417478
10.251999999982777,0.9974923399530725
10.252999999982775,0.9975141596194419
10.253999999982772,0.9975175104201639
10.25499999998277,0.9975187220902205
10.255999999982768,0.997516417158516
10.256999999982765,0.9974960286409877
10.257999999982763,0.9975244816945192
10.25899999998276,0.9974944414659931
10.259999999982758,0.9975547606445598
10.260999999982756,0.997553606716744
10.261999999982754,0.9975701752985557
10.262999999982751,0.9975727317489803
10.26399999998275,0.9975700116531689
10.264999999982747,0.9975887410074846
10.265999999982744,0.9975911068237774
10.266999999982742,0.9976218770397721
10.26799999998274,0.9976527886530949
10.268999999982737,0.9976551947474142
10.269999999982735,0.9976606476078622
10.270999999982733,0.9976718606251321
10.27199999998273,0.9976739272243653
10.272999999982728,0.997690082379008
10.273999999982726,0.9976890362196958
10.274999999982724,0.9977490826827762
10.275999999982721,0.9977494801361663
10.276999999982719,0.9977477223089006
10.277999999982717,0.9977269386940935
10.278999999982714,0.9977245699515108
10.279999999982712,0.9977244874359064
10.28099999998271,0.9977277619328293
10.281999999982707,0.9977489306108923
10.282999999982705,0.9977214050638821
10.283999999982703,0.9977523932348181
10.2849999999827,0.9976930904901935
10.285999999982698,0.9976951814953445
10.286999999982696,0.9976796033504949
10.287999999982693,0.9976780236343524
10.28899999998269,0.9976814220053757
10.289999999982689,0.9976635547753361
10.290999999982686,0.997662085651481
10.291999999982684,0.9976321835838821
10.292999999982682,0.9976021509986037
10.29399999998268,0.9976006075672423
10.294999999982677,0.9975957878021163
10.295999999982675,0.9975854906237229
10.296999999982672,0.9975841917420573
10.29799999998267,0.9975687984019445
10.298999999982668,0.9975706658760208
10.299999999982665,0.997511387729322
10.300999999982663,0.997511609044572
10.30199999998266,0.9975141840900263
10.302999999982658,0.9975357070957176
10.303999999982656,0.9975388635406681
10.304999999982654,0.997539604425062
10.305999999982651,0.9975371030220808
10.306999999982649,0.9975164633365737
10.307999999982647,0.9975447755084135
10.308999999982644,0.9975145132063187
10.309999999982642,0.9975745523686583
10.31099999998264,0.9975731847406096
10.311999999982637,0.9975894326569834
10.312999999982635,0.9975916493050911
10.313999999982633,0.9975887789011563
10.31499999998263,0.9976074110776002
10.315999999982628,0.9976095609266263
10.316999999982626,0.9976401566554183
10.317999999982623,0.9976708287150585
10.318999999982621,0.9976730366652811
10.319999999982619,0.9976783488753469
10.320999999982616,0.9976892228776021
10.321999999982614,0.9976912169460309
10.322999999982612,0.9977072801324106
10.32399999998261,0.9977060339983325
10.324999999982607,0.9977659503187555
10.325999999982605,0.9977661752408019
10.326999999982602,0.9977641827790354
10.3279999999826,0.9977432879271083
10.328999999982598,0.9977407025112177
10.329999999982595,0.9977406817342178
10.330999999982593,0.9977437390490829
10.33199999998259,0.9977648492023844
10.332999999982588,0.9977370489079634
10.333999999982586,0.9977678424442763
10.334999999982584,0.9977084030754204
10.335999999982581,0.9977102887109321
10.336999999982579,0.9976946126006696
10.337999999982577,0.9976929531751818
10.338999999982574,0.9976961852041594
10.339999999982572,0.9976779909890908
10.34099999998257,0.9976763136770784
10.341999999982567,0.9976461609227493
10.342999999982565,0.9976159426263278
10.343999999982563,0.9976141699488051
10.34499999998256,0.997609169760458
10.345999999982558,0.9975987847315329
10.346999999982556,0.9975971272800276
10.347999999982553,0.9975813944060128
10.348999999982551,0.9975830301213122
10.349999999982549,0.9975234496162222
10.350999999982546,0.9975235188916663
10.351999999982544,0.9975258955618149
10.352999999982542,0.9975470942664896
10.35399999998254,0.9975500320102332
10.354999999982537,0.9975502719220759
10.355999999982535,0.997547550867117
10.356999999982532,0.9975266409223701
10.35799999998253,0.9975547906815652
10.358999999982528,0.997524284550649
10.359999999982525,0.9975840193650055
10.360999999982523,0.9975824169646957
10.36199999998252,0.9975983209324163
10.362999999982518,0.9976001747969881
10.363999999982516,0.9975971397848029
10.364999999982514,0.9976156580986123
10.365999999982511,0.997617573364123
10.366999999982509,0.9976479769528761
10.367999999982507,0.997678390870471
10.368999999982504,0.9976803840899722
10.369999999982502,0.9976855437190008
10.3709999999825,0.9976960597601426
10.371999999982497,0.997697968967899
10.372999999982495,0.9977139277441852
10.373999999982493,0.9977124675787229
10.37499999998249,0.9977722405667155
10.375999999982488,0.9977722826064086
10.376999999982486,0.9977700420974088
10.377999999982483,0.9977490262872502
10.378999999982481,0.9977462122686208
10.379999999982479,0.9977462479435372
10.380999999982476,0.9977490770512915
10.381999999982474,0.9977701227304937
10.382999999982472,0.9977420369211674
10.38399999998247,0.9977726261940432
10.384999999982467,0.9977130441594994
10.385999999982465,0.9977147161557249
10.386999999982462,0.9976989369613661
10.38799999998246,0.9976971934068284
10.388999999982458,0.9977002535890923
10.389999999982455,0.9976817236722982
10.390999999982453,0.997679832265165
10.39199999998245,0.9976494230426032
10.392999999982449,0.9976190151396834
10.393999999982446,0.9976170083362258
10.394999999982444,0.9976118242278742
10.395999999982442,0.9976013504608677
10.39699999998244,0.9975993282264117
10.397999999982437,0.9975832506851604
10.398999999982435,0.9975846519942079
10.399999999982432,0.9975247667156524
10.40099999998243,0.9975246831329609
10.401999999982428,0.9975268608198599
10.402999999982425,0.9975477319985147
10.403999999982423,0.9975504508947173
10.40499999998242,0.9975501843125044
10.405999999982418,0.9975472444847288
10.406999999982416,0.9975260633908345
10.407999999982414,0.9975540529802925
10.408999999982411,0.9975233052024111
10.409999999982409,0.9975827352329502
10.410999999982407,0.9975809007689683
10.411999999982404,0.9975964614278678
10.412999999982402,0.9975979534066801
10.4139999999824,0.9975947571760674
10.414999999982397,0.997613168198554
10.415999999982395,0.9976148537188035
10.416999999982393,0.9976450707459187
10.41799999998239,0.9976752312008134
10.418999999982388,0.9976770162418851
10.419999999982386,0.9976820286350243
10.420999999982383,0.9976921910361988
10.421999999982381,0.9976940256026159
10.422999999982379,0.9977098900343815
10.423999999982376,0.997708224457272
10.424999999982374,0.9977678632729537
10.425999999982372,0.9977677290143525
10.42699999998237,0.9977652495337631
10.427999999982367,0.9977441252159813
10.428999999982365,0.9977410929777331
10.429999999982362,0.9977412013829122
10.43099999998236,0.9977438133870767
10.431999999982358,0.9977648048783064
10.432999999982355,0.9977364448956787
10.433999999982353,0.9977668420219298
10.43499999998235,0.9977071328954052
10.435999999982348,0.9977086045715426
10.436999999982346,0.9976927383660218
10.437999999982344,0.9976909273055942
10.438999999982341,0.9976938260734202
10.439999999982339,0.9976749731835637
10.440999999982337,0.9976728828149183
10.441999999982334,0.9976422323955092
10.442999999982332,0.9976116517859299
10.44399999998233,0.9976094267545867
10.444999999982327,0.9976040707491444
10.445999999982325,0.9975935275688221
10.446999999982323,0.9975911551618519
10.44799999998232,0.9975747484768805
10.448999999982318,0.9975759330002734
10.449999999982316,0.9975157609379917
10.450999999982313,0.9975155386326662
10.451999999982311,0.9975175365254466
10.452999999982309,0.9975380969326407
10.453999999982306,0.9975406164435476
10.454999999982304,0.9975398580821508
10.455999999982302,0.9975367197095502
10.4569999999823,0.9975152812908264
10.457999999982297,0.9975431318728454
10.458999999982295,0.9975121637082943
10.459999999982292,0.9975713075529431
10.46099999998229,0.9975692625296172
10.461999999982288,0.9975844994785529
10.462999999982285,0.9975856493508369
10.463999999982283,0.9975823091015594
10.46499999998228,0.9976006373711586
10.465999999982278,0.9976021161831534
10.466999999982276,0.9976321701271726
10.467999999982274,0.997662099733682
10.468999999982271,0.9976637008645027
10.469999999982269,0.9976685845333548
10.470999999982267,0.9976784154716783
10.471999999982264,0.9976802025292613
10.472999999982262,0.9976959995081218
10.47399999998226,0.9976941541584983
10.474999999982257,0.9977536845699448
10.475999999982255,0.9977533932344201
10.476999999982253,0.9977507005825333
10.47799999998225,0.9977294964694183
10.478999999982248,0.997726272821576
10.479999999982246,0.9977264856871227
10.480999999982243,0.9977289078418712
10.481999999982241,0.997749867096826
10.482999999982239,0.9977212603728179
10.483999999982236,0.9977514931132406
10.484999999982234,0.997691687882054
10.485999999982232,0.9976929879627208
10.48699999998223,0.9976770657334566
10.487999999982227,0.9976752184974162
10.488999999982225,0.997677977520187
10.489999999982222,0.9976588295860233
10.49099999998222,0.9976565700688553
10.491999999982218,0.9976257084016001
10.492999999982215,0.9975949863259307
10.493999999982213,0.9975925732750743
10.49499999998221,0.9975870680518545
10.495999999982208,0.9975764883935161
10.496999999982206,0.9975737947436175
10.497999999982204,0.9975570885551216
10.498999999982201,0.9975580875429308
10.4999999999822,0.9974976604447328
10.500999999982197,0.9974973234787796
10.501999999982194,0.9974991738391688
10.502999999982192,0.9975194535274224
10.50399999998219,0.9975218059495157
10.504999999982187,0.9975205840983834
10.505999999982185,0.9975172799321564
10.506999999982183,0.9974956076458075
10.50799999998218,0.997523352414269
10.508999999982178,0.9974921973146152
10.509999999982176,0.9975510857349595
10.510999999982173,0.9975488635071353
10.511999999982171,0.9975638083819192
10.512999999982169,0.9975646478789301
10.513999999982166,0.9975611893449157
10.514999999982164,0.9975794702798342
10.515999999982162,0.9975807765598549
10.51699999998216,0.9976107017143607
10.517999999982157,0.9976404339520996
10.518999999982155,0.9976418860420074
10.519999999982153,0.9976466673138823
10.52099999998215,0.9976561997422752
10.521999999982148,0.9976579761505929
10.522999999982146,0.9976737421948744
10.523999999982143,0.9976717525567319
10.52499999998214,0.9977312097415253
10.525999999982139,0.9977307877945779
10.526999999982136,0.9977279173030413
10.527999999982134,0.9977066710992967
10.528999999982132,0.9977032920363189
10.52999999998213,0.9977036491933287
10.530999999982127,0.9977059176374266
10.531999999982125,0.9977268727950631
10.532999999982122,0.9976980555884942
10.53399999998212,0.997728160065104
10.534999999982118,0.9976682977977269
10.535999999982115,0.9976694631167469
10.536999999982113,0.9976535234468731
10.53799999998211,0.9976516787380468
10.538999999982108,0.9976543254655235
10.539999999982106,0.9976349183600224
10.540999999982104,0.9976325268895212
10.541999999982101,0.997601491313211
10.542999999982099,0.9975706660404285
10.543999999982097,0.997568102186999
10.544999999982094,0.9975624756138958
10.545999999982092,0.9975518986926035
10.54699999998209,0.9975489197684192
10.547999999982087,0.9975319505571285
10.548999999982085,0.9975328015832272
10.549999999982083,0.9974721576530977
10.55099999998208,0.9974717345456613
10.551999999982078,0.9974734754276099
10.552999999982076,0.997493510508142
10.553999999982073,0.9974957337093998
10.554999999982071,0.9974940830324012
10.555999999982069,0.9974906511068607
10.556999999982066,0.9974687726423859
10.557999999982064,0.9974964496040624
10.558999999982062,0.997465146004548
10.55999999998206,0.9975238147527858
10.560999999982057,0.9975214533343276
10.561999999982055,0.9975361426413389
10.562999999982052,0.9975367083021445
10.56399999998205,0.9975331603704306
10.564999999982048,0.9975514331045717
10.565999999982045,0.997552605029496
10.566999999982043,0.9975824393875979
10.56799999998204,0.9976120115167916
10.568999999982038,0.9976133529553424
10.569999999982036,0.9976180606736175
10.570999999982034,0.9976273312925991
10.571999999982031,0.9976291366245539
10.572999999982029,0.9976449108823183
10.573999999982027,0.9976428153146276
10.574999999982024,0.9977022369228118
10.575999999982022,0.9977017128770704
10.57699999998202,0.9976987025060897
10.577999999982017,0.9976774540041355
10.578999999982015,0.9976739578280494
10.579999999982013,0.9976745003445325
10.58099999998201,0.9976766532685558
10.581999999982008,0.9976976335560975
10.582999999982006,0.99766864416346
10.583999999982003,0.9976986581094751
10.584999999982001,0.9976387792082791
10.585999999981999,0.9976398480100516
10.586999999981996,0.9976239304226049
10.587999999981994,0.9976221276861308
10.588999999981992,0.997624690407539
10.58999999998199,0.9976050613778316
10.590999999981987,0.9976025759914707
10.591999999981985,0.9975714047242178
10.592999999981982,0.9975405150696736
10.59399999998198,0.9975378381878182
10.594999999981978,0.9975321185091423
10.595999999981975,0.9975215834374468
10.596999999981973,0.9975183558662374
10.59799999998197,0.9975011606131369
10.598999999981968,0.9975019012704602
10.599999999981966,0.997441078878362
10.600999999981964,0.9974405979362515
10.601999999981961,0.9974422669996649
10.602999999981959,0.9974620934907816
10.603999999981957,0.9974642247986797
10.604999999981954,0.9974621802337377
10.605999999981952,0.9974586578379491
10.60699999998195,0.9974366006133788
10.607999999981947,0.9974642466494826
10.608999999981945,0.9974328320476944
10.609999999981943,0.9974913159943863
10.61099999998194,0.9974888522168661
10.611999999981938,0.9975033215169056
10.612999999981936,0.9975036489131116
10.613999999981933,0.9975000393236266
10.614999999981931,0.9975183410348533
10.615999999981929,0.9975194151292716
10.616999999981926,0.9975491947926189
10.617999999981924,0.9975786423010329
10.618999999981922,0.9975799094887203
10.61999999998192,0.9975845709138723
10.620999999981917,0.9975936147256608
10.621999999981915,0.9975954859277117
10.622999999981912,0.9976113048793802
10.62399999998191,0.997609139342866
10.624999999981908,0.9976685603011771
10.625999999981905,0.997667960822626
10.626999999981903,0.997664846015273
10.6279999999819,0.9976436320078645
10.628999999981898,0.9976400542677372
10.629999999981896,0.9976408194947264
10.630999999981894,0.9976428921730441
10.631999999981891,0.9976639242447903
10.63299999998189,0.9976347981009513
10.633999999981887,0.9976647560437916
10.634999999981884,0.9976048974680554
10.635999999981882,0.9976059046847602
10.63699999998188,0.997590045004084
10.637999999981878,0.9975883198449091
10.638999999981875,0.9975908242700111
10.639999999981873,0.9975710073924076
10.64099999998187,0.9975684625067976
10.641999999981868,0.9975371902210893
10.642999999981866,0.9975062711878041
10.643999999981864,0.9975035152938573
10.644999999981861,0.9974977279277879
10.645999999981859,0.9974872695290506
10.646999999981857,0.9974838263850538
10.647999999981854,0.9974664384164187
10.648999999981852,0.997467102242776
10.64999999998185,0.9974061358685195
10.650999999981847,0.9974056222160212
10.651999999981845,0.9974072528209587
10.652999999981843,0.9974269027687129
10.65399999998184,0.9974289751702436
10.654999999981838,0.997426568104708
10.655999999981836,0.9974229880972147
10.656999999981833,0.9974007765008869
10.657999999981831,0.9974284238096579
10.658999999981829,0.9973969312256864
10.659999999981826,0.9974552608757109
10.660999999981824,0.997452726962535
10.661999999981822,0.9974670074678846
10.66299999998182,0.9974671278505725
10.663999999981817,0.997463480742625
10.664999999981815,0.9974818434705772
10.665999999981812,0.9974828514373129
10.66699999998181,0.9975126075244624
10.667999999981808,0.9975419610751235
10.668999999981805,0.9975431854336295
10.669999999981803,0.9975478240415843
10.6709999999818,0.9975566714185293
10.671999999981798,0.997558640033363
10.672999999981796,0.9975745347659565
10.673999999981794,0.9975723301157374
10.674999999981791,0.9976317800151075
10.675999999981789,0.9976311279644658
10.676999999981787,0.9976279390855458
10.677999999981784,0.9976067908953375
10.678999999981782,0.9976031619377769
10.67999999998178,0.9976041812138831
10.680999999981777,0.997606203664629
10.681999999981775,0.9976273099274776
10.682999999981773,0.9975980773381242
10.68399999998177,0.997628008428214
10.684999999981768,0.9975682015833816
10.685999999981766,0.997569176769553
10.686999999981763,0.9975534051545999
10.687999999981761,0.9975517874355714
10.688999999981759,0.9975542552708582
10.689999999981756,0.9975342795584317
10.690999999981754,0.9975317041802919
10.691999999981752,0.9975003602513984
10.69299999998175,0.9974694413558582
10.693999999981747,0.9974666350775586
10.694999999981745,0.9974608014269061
10.695999999981742,0.9974504487533185
10.69699999998174,0.997446818024366
10.697999999981738,0.9974292655384076
10.698999999981735,0.9974298806389389
10.699999999981733,0.9973687995115418
10.70099999998173,0.9973682741439156
10.701999999981728,0.9973698941393035
10.702999999981726,0.9973893944164837
10.703999999981724,0.997391435449601
10.704999999981721,0.997388692557129
10.705999999981719,0.9973850823675998
10.706999999981717,0.9973627370017957
10.707999999981714,0.997390412224084
10.708999999981712,0.9973588693379287
10.70999999998171,0.9974170700105485
10.710999999981707,0.9974144928262498
10.711999999981705,0.997428610661121
10.712999999981703,0.9974285502619752
10.7139999999817,0.997424885725142
10.714999999981698,0.9974433358612305
10.715999999981696,0.9974443040710205
10.716999999981693,0.9974740622799674
10.717999999981691,0.9975033472975091
10.718999999981689,0.9975045549202431
10.719999999981686,0.9975091901784975
10.720999999981684,0.9975178665486525
10.721999999981682,0.9975199585578829
10.72299999998168,0.9975359546532078
10.723999999981677,0.9975337365312216
10.724999999981675,0.9975932396062315
10.725999999981672,0.9975925540181676
10.72699999998167,0.9975893163665644
10.727999999981668,0.9975682599529022
10.728999999981665,0.9975646050357911
10.729999999981663,0.9975659039589051
10.73099999998166,0.9975679011496553
10.731999999981658,0.9975890999920151
10.732999999981656,0.9975597863910675
10.733999999981654,0.997589714746157
10.734999999981651,0.9975299858821075
10.735999999981649,0.9975309536408241
10.736999999981647,0.9975152950953764
10.737999999981644,0.9975138095028023
10.738999999981642,0.9975162588630807
10.73999999998164,0.9974961488078555
10.740999999981637,0.9974935671710135
10.741999999981635,0.997462176334801
10.742999999981633,0.997431282333514
10.74399999998163,0.9974284496662607
10.744999999981628,0.9974225877073137
10.745999999981626,0.9974123649195258
10.746999999981623,0.9974085703251029
10.747999999981621,0.9973908772525043
10.748999999981619,0.9973914672457163
10.749999999981616,0.9973302962901515
10.750999999981614,0.997329776844492
10.751999999981612,0.9973314096310487
10.75299999998161,0.9973507829923974
10.753999999981607,0.9973528158784332
10.754999999981605,0.9973497601800358
10.755999999981602,0.9973461430147023
10.7569999999816,0.9973236815784123
10.757999999981598,0.9973514070930063
10.758999999981596,0.9973198375343487
10.759999999981593,0.9973779306822895
10.76099999998159,0.9973753331016169
10.761999999981589,0.9973893106676851
10.762999999981586,0.9973890920859831
10.763999999981584,0.9973854272637428
10.764999999981582,0.9974039870924784
10.76599999998158,0.9974049381086196
10.766999999981577,0.9974347202917112
10.767999999981575,0.9974639585427507
10.768999999981572,0.9974651718170428
10.76999999998157,0.9974698204251555
10.770999999981568,0.997478347895083
10.771999999981565,0.9974805854653425
10.772999999981563,0.9974967047722617
10.77399999998156,0.9974944953651947
10.774999999981558,0.9975540723150466
10.775999999981556,0.9975533697473841
10.776999999981554,0.9975501053740804
10.777999999981551,0.9975291632223361
10.778999999981549,0.9975255043952155
10.779999999981547,0.997527104828132
10.780999999981544,0.9975290986063027
10.781999999981542,0.9975504058999306
10.78299999998154,0.997521033793938
10.783999999981537,0.9975509805036756
10.784999999981535,0.9974913527488044
10.785999999981533,0.9974923347713014
10.78699999998153,0.9974768112346634
10.787999999981528,0.9974754794006134
10.788999999981526,0.9974779263746151
10.789999999981523,0.997457704012816
10.790999999981521,0.997455137709396
10.791999999981519,0.9974237221914439
10.792999999981516,0.9973928752518535
10.793999999981514,0.9973900377391399
10.794999999981512,0.9973841636630406
10.79599999998151,0.9973740922841987
10.796999999981507,0.9973701554602057
10.797999999981505,0.9973523436662163
10.798999999981502,0.9973529299419925
10.7999999999815,0.9972916920191155
10.800999999981498,0.9972911944919558
10.801999999981495,0.9972928613228476
10.802999999981493,0.9973121286792574
10.80399999998149,0.997314174642167
10.804999999981488,0.9973108277461494
10.805999999981486,0.9973072249264816
10.806999999981484,0.9972846639370236
10.807999999981481,0.9973124602379663
10.808999999981479,0.9972808859390822
10.809999999981477,0.9973388915060685
10.810999999981474,0.9973362947944253
10.811999999981472,0.9973501531300162
10.81299999998147,0.9973497976881711
10.813999999981467,0.9973461485865224
10.814999999981465,0.9973648387353613
10.815999999981463,0.9973657937303834
10.81699999998146,0.9973956203307641
10.817999999981458,0.9974248323428009
10.818999999981456,0.9974260723826073
10.819999999981453,0.9974307501012777
10.820999999981451,0.9974391498506476
10.821999999981449,0.9974415538029453
10.822999999981446,0.9974578169068764
10.823999999981444,0.9974556373832828
10.824999999981442,0.9975153078362574
10.82599999998144,0.9975146041924298
10.826999999981437,0.997511334326895
10.827999999981435,0.9974905279125302
10.828999999981432,0.9974868864537219
10.82999999998143,0.9974888090393869
10.830999999981428,0.9974908205682663
10.831999999981425,0.997512251522176
10.832999999981423,0.9974828429002917
10.83399999998142,0.9975128284599111
10.834999999981418,0.9974533242592745
10.835999999981416,0.9974543417434496
10.836999999981414,0.9974389745247483
10.837999999981411,0.9974378174636217
10.838999999981409,0.9974402779048505
10.839999999981407,0.9974199651693946
10.840999999981404,0.9974174355307994
10.841999999981402,0.9973860174040307
10.8429999999814,0.997355239472581
10.843999999981397,0.9973524185600507
10.844999999981395,0.9973465485275326
10.845999999981393,0.9973366498138814
10.84699999998139,0.9973325926140438
10.847999999981388,0.9973146841897371
10.848999999981386,0.9973152882220275
10.849999999981383,0.9972540064077915
10.850999999981381,0.9972535468752906
10.851999999981379,0.9972552691381823
10.852999999981376,0.9972744517950012
10.853999999981374,0.9972765323113714
10.854999999981372,0.9972729165820362
10.85599999998137,0.9972693497625921
10.856999999981367,0.9972467061799191
10.857999999981365,0.9972745940806252
10.858999999981362,0.9972430374404971
10.85999999998136,0.9973009760081369
10.860999999981358,0.9972984019633742
10.861999999981355,0.9973121628489496
10.862999999981353,0.9973116926737488
10.86399999998135,0.9973080757376894
10.864999999981348,0.9973269172870927
10.865999999981346,0.9973278981080684
10.866999999981344,0.9973577902166162
10.867999999981341,0.9973869972994343
10.86899999998134,0.9973882859531188
10.869999999981337,0.9973930090991588
10.870999999981334,0.9974013033221154
10.871999999981332,0.9974038950996411
10.87299999998133,0.9974203232681333
10.873999999981327,0.997418195677456
10.874999999981325,0.9974779800887729
10.875999999981323,0.9974772920073232
10.87699999998132,0.9974740388868398
10.877999999981318,0.9974533905082597
10.878999999981316,0.9974497887177166
10.879999999981314,0.9974520547033519
10.880999999981311,0.9974541062113101
10.881999999981309,0.9974756766887948
10.882999999981307,0.9974462547144759
10.883999999981304,0.9974763007147827
10.884999999981302,0.9974169434919401
10.8859999999813,0.9974180187723927
10.886999999981297,0.9974028301652087
10.887999999981295,0.9974018698685826
10.888999999981293,0.9974043605512978
10.88999999998129,0.9973839807674564
10.890999999981288,0.9973815103568551
10.891999999981286,0.9973501129929865
10.892999999981283,0.9973194272315706
10.89399999998128,0.9973166456735602
10.894999999981279,0.9973107968490513
10.895999999981276,0.9973010931700568
10.896999999981274,0.9972969389773585
10.897999999981272,0.9972789575226413
10.89899999998127,0.9972796021456377
10.899999999981267,0.9972183009582498
10.900999999981265,0.997217896494419
10.901999999981262,0.9972196969067523
10.90299999998126,0.9972388177099145
10.903999999981258,0.9972409556366881
10.904999999981255,0.9972370952448002
10.905999999981253,0.9972335874733679
10.90699999998125,0.9972108794532636
10.907999999981248,0.9972388811013131
10.908999999981246,0.9972073659482472
10.909999999981244,0.9972652596681909
10.910999999981241,0.9972627315251341
10.911999999981239,0.9972764183430264
10.912999999981237,0.9972758571881
10.913999999981234,0.9972722899154657
10.914999999981232,0.9972913052069436
10.91599999998123,0.9972923351304213
10.916999999981227,0.9973223152159814
10.917999999981225,0.9973515401475985
10.918999999981223,0.9973529006521369
10.91999999998122,0.9973576865672303
10.920999999981218,0.9973658990438984
10.921999999981216,0.9973687012819826
10.922999999981213,0.997385316998331
10.923999999981211,0.9973832647508872
10.924999999981209,0.9974431848618269
10.925999999981206,0.9974425300234508
10.926999999981204,0.9974393172708184
10.927999999981202,0.9974188504094417
10.9289999999812,0.9974153119220559
10.929999999981197,0.9974179434772259
10.930999999981195,0.9974200585036417
10.931999999981192,0.9974417851996503
10.93299999998119,0.9974123743842768
10.933999999981188,0.997442503664763
10.934999999981185,0.9973833179404921
10.935999999981183,0.9973844745647751
10.93699999998118,0.9973694878983309
10.937999999981178,0.9973687473513454
10.938999999981176,0.9973712859427539
10.939999999981174,0.9973508637424552
10.940999999981171,0.9973484762485572
10.941999999981169,0.9973171241666613
10.942999999981167,0.9972865547733689
10.943999999981164,0.9972838364140231
10.944999999981162,0.9972780267761491
10.94599999998116,0.9972685413517399
10.946999999981157,0.9972643147452855
10.947999999981155,0.9972462850024647
10.948999999981153,0.9972469940234521
10.94999999998115,0.9971856989861455
10.950999999981148,0.9971853673234632
10.951999999981146,0.9971872694491318
10.952999999981143,0.9972063522471254
10.953999999981141,0.9972085712579647
10.954999999981139,0.9972044915401673
10.955999999981136,0.9972010666161394
10.956999999981134,0.9971783129887841
10.957999999981132,0.9972064511669672
10.95899999998113,0.9971750020071846
10.959999999981127,0.9972328738121693
10.960999999981125,0.9972304154216312
10.961999999981122,0.9972440522862454
10.96299999998112,0.9972434246244917
10.963999999981118,0.9972399248750771
10.964999999981115,0.9972591365763525
10.965999999981113,0.9972602393200092
10.96699999998111,0.9972903302136479
10.967999999981108,0.9973195961803583
10.968999999981106,0.997321052066527
10.969999999981104,0.9973259182729093
10.970999999981101,0.9973340731904091
10.971999999981099,0.9973371085380319
10.972999999981097,0.997353934283143
10.973999999981094,0.9973519808772199
10.974999999981092,0.9974120584214631
10.97599999998109,0.997411454540135
10.976999999981087,0.9974083057883388
10.977999999981085,0.9973880437132465
10.978999999981083,0.9973845920548049
10.97999999998108,0.9973876108352541
10.980999999981078,0.997389812720019
10.981999999981076,0.9974117120252932
10.982999999981073,0.9973823366489041
10.983999999981071,0.9974125717016346
10.984999999981069,0.9973535814628304
10.985999999981066,0.9973548425208306
10.986999999981064,0.9973400804712245
10.987999999981062,0.997339581931584
10.98899999998106,0.9973421856626666
10.989999999981057,0.99732174516379
10.990999999981055,0.9973194635635472
10.991999999981052,0.9972881805521083
10.99299999998105,0.997257750858049
10.993999999981048,0.9972551186903693
10.994999999981045,0.9972493655552559
10.995999999981043,0.9972401204824151
10.99699999998104,0.997235845190277
10.997999999981038,0.9972177909679342
10.998999999981036,0.9972185870773324
10.999999999981034,0.9971573225816245
11.000999999981032,0.9971570805058387
11.00199999998103,0.9971591065895341
11.002999999981027,0.9971781740174303
11.003999999981025,0.9971804963678648
11.004999999981022,0.9971762215155766
11.00599999998102,0.9971729016922981
11.006999999981018,0.9971501202026185
11.007999999981015,0.9971784159901417
11.008999999981013,0.9971470556215876
11.00999999998101,0.9972049268035454
11.010999999981008,0.9972025601886271
11.011999999981006,0.9972161694586594
11.012999999981004,0.9972154979642046
11.013999999981001,0.9972120820690425
11.014999999980999,0.9972315106499896
11.015999999980997,0.9972327077990057
11.016999999980994,0.9972629301040695
11.017999999980992,0.997292258074988
11.01899999998099,0.9972938305183718
11.019999999980987,0.9972987927162865
11.020999999980985,0.9973069119508982
11.021999999980983,0.9973102003735259
11.02299999998098,0.9973272558987493
11.023999999980978,0.9973254221463131
11.024999999980976,0.9973856760653527
11.025999999980973,0.9973851387674421
11.026999999980971,0.9973820748132329
11.027999999980969,0.9973620377281149
11.028999999980966,0.9973586934203855
11.029999999980964,0.997362117700579
11.030999999980962,0.9973644266442897
11.03199999998096,0.9973865124493789
11.032999999980957,0.9973571935732721
11.033999999980955,0.9973875535507538
11.034999999980952,0.9973287792436768
11.03599999998095,0.9973301643300163
11.036999999980948,0.9973156458856414
11.037999999980945,0.9973154078292328
11.038999999980943,0.9973180911721895
11.03999999998094,0.9972976528427134
11.040999999980938,0.9972954962653829
11.041999999980936,0.9972643022197434
11.042999999980934,0.9972340315183734
11.043999999980931,0.997231504484875
11.044999999980929,0.9972258220955634
11.045999999980927,0.9972168351497775
11.046999999980924,0.9972125307753347
11.047999999980922,0.9971944716649919
11.04899999998092,0.9971953731553383
11.049999999980917,0.9971341591491585
11.050999999980915,0.9971340200246016
11.051999999980913,0.9971361876826387
11.05299999998091,0.9971552578116227
11.053999999980908,0.9971577009923279
11.054999999980906,0.9971532506299926
11.055999999980903,0.9971500532394254
11.056999999980901,0.9971272579869073
11.057999999980899,0.9971557273752757
11.058999999980896,0.9971244734720175
11.059999999980894,0.9971823602378606
11.060999999980892,0.9971801021515974
11.06199999998089,0.9971937009511993
11.062999999980887,0.9971930030089773
11.063999999980885,0.9971896831659884
11.064999999980882,0.997209343445191
11.06599999998088,0.9972106509600598
11.066999999980878,0.997241019563995
11.067999999980875,0.997270424781381
11.068999999980873,0.997272129091711
11.06999999998087,0.9972771985231547
11.070999999980868,0.9972852980834203
11.071999999980866,0.9972888533691622
11.072999999980864,0.9973061521878348
11.073999999980861,0.9973044526713378
11.074999999980859,0.997364895582957
11.075999999980857,0.9973644357352343
11.076999999980854,0.9973614709742114
11.077999999980852,0.9973416724744781
11.07899999998085,0.9973384494588793
11.079999999980847,0.9973422906250696
11.080999999980845,0.997344720105519
11.081999999980843,0.9973670011433658
11.08299999998084,0.9973377530103055
11.083999999980838,0.9973682501459261
11.084999999980836,0.9973097051089459
11.085999999980833,0.9973112267379263
11.086999999980831,0.9972969636483411
11.087999999980829,0.9972969972207967
11.088999999980826,0.997299769200666
11.089999999980824,0.997279346245114
11.090999999980822,0.997277326388999
11.09199999998082,0.9972462337207109
11.092999999980817,0.9972161336932115
11.093999999980815,0.997213723099241
11.094999999980812,0.997208119937346
11.09599999998081,0.9971994010333365
11.096999999980808,0.9971950794398166
11.097999999980805,0.9971770272114068
11.098999999980803,0.9971780444051391
11.0999999999808,0.9971168928058065
11.100999999980798,0.9971168639141873
11.101999999980796,0.9971191825955145
11.102999999980794,0.9971382653636878
11.103999999980791,0.9971408385659877
11.10499999998079,0.9971362241413863
11.105999999980787,0.9971331580755091
11.106999999980784,0.9971103568530266
11.107999999980782,0.997139007261042
11.10899999998078,0.9971078688729303
11.109999999980777,0.997165778830949
11.110999999980775,0.9971636372720469
11.111999999980773,0.9971772339832193
11.11299999998077,0.9971765181885881
11.113999999980768,0.9971732998741031
11.114999999980766,0.9971931976113982
11.115999999980763,0.9971946223940499
11.116999999980761,0.9972251430619495
11.117999999980759,0.9972546316304569
11.118999999980756,0.9972564738663382
11.119999999980754,0.9972616547884533
11.120999999980752,0.997269741412879
11.12199999998075,0.9972735678737974
11.122999999980747,0.9972911139704672
11.123999999980745,0.9972895537315523
11.124999999980743,0.9973501886547974
11.12599999998074,0.9973498098946582
11.126999999980738,0.9973469490456717
11.127999999980736,0.9973273928959915
11.128999999980733,0.9973242952917256
11.12999999998073,0.9973285547088382
11.130999999980729,0.9973311082734797
11.131999999980726,0.9973535857639091
11.132999999980724,0.9973244126082519
11.133999999980722,0.9973550490708435
11.13499999998072,0.9972967364318348
11.135999999980717,0.9972983969314204
11.136999999980715,0.997284390665063
11.137999999980712,0.9972846966644693
11.13899999998071,0.9972875585768401
11.139999999980708,0.997267153877316
11.140999999980705,0.9972652720103529
11.141999999980703,0.9972342826595488
11.1429999999807,0.9972043544306787
11.143999999980698,0.9972020610045086
11.144999999980696,0.9971965375997484
11.145999999980694,0.9971880859450116
11.146999999980691,0.9971837483347246
11.147999999980689,0.99716570404949
11.148999999980687,0.9971668364712555
11.149999999980684,0.9971057483423907
11.150999999980682,0.9971058288095567
11.15199999998068,0.9971082970592096
11.152999999980677,0.9971273915166086
11.153999999980675,0.9971300929418421
11.154999999980673,0.9971253149629855
11.15599999998067,0.9971223780412976
11.156999999980668,0.9970995703455483
11.157999999980666,0.9971283980582475
11.158999999980663,0.9970973730538097
11.159999999980661,0.9971553026533853
11.160999999980659,0.9971532743643684
11.161999999980656,0.9971668661136502
11.162999999980654,0.9971661297839733
11.163999999980652,0.9971630099445661
11.16499999998065,0.9971831394952801
11.165999999980647,0.9971846770295681
11.166999999980645,0.9972153440910873
11.167999999980642,0.9972449106757283
11.16899999998064,0.9972468853918738
11.169999999980638,0.9972521734126185
11.170999999980635,0.9972602423244298
11.171999999980633,0.9972643326889583
11.17299999998063,0.9972821184372098
11.173999999980628,0.9972806908889525
11.174999999980626,0.997341509211468
11.175999999980624,0.997341206420934
11.176999999980621,0.9973384425218133
11.177999999980619,0.9973191207330803
11.178999999980617,0.9973161409055237
11.179999999980614,0.9973208081257594
11.180999999980612,0.9973234775290567
11.18199999998061,0.9973461438451424
11.182999999980607,0.9973170380767328
11.183999999980605,0.99734780421562
11.184999999980603,0.9972897152066053
11.1859999999806,0.9972915050385275
11.186999999980598,0.9972777451856825
11.187999999980596,0.9972783125105258
11.188999999980593,0.9972812567414863
11.189999999980591,0.9972608612812786
11.190999999980589,0.9972591067470963
11.191999999980586,0.9972282107160555
11.192999999980584,0.9971984434488258
11.193999999980582,0.9971962559555362
11.19499999998058,0.9971908038690066
11.195999999980577,0.99718260669872
11.196999999980575,0.9971782422872177
11.197999999980572,0.9971601950179724
11.19899999998057,0.997161430192958
11.199999999980568,0.9971003945643713
11.200999999980565,0.997100574525398
11.201999999980563,0.997103178910121
11.20299999998056,0.9971222721367101
11.203999999980558,0.9971250879977311
11.204999999980556,0.9971201349733425
11.205999999980554,0.9971173130300411
11.206999999980551,0.9970944893689536
11.207999999980549,0.9971234787179083
11.208999999980547,0.9970925529826801
11.209999999980544,0.9971504867222558
11.210999999980542,0.9971485564709862
11.21199999998054,0.9971621284122635
11.212999999980537,0.997161356904825
11.213999999980535,0.997158323514074
11.214999999980533,0.9971786673099382
11.21599999998053,0.9971803011428675
11.216999999980528,0.9972110970297645
11.217999999980526,0.997240724412681
11.218999999980523,0.9972428142795706
11.219999999980521,0.9972481961055739
11.220999999980519,0.9972562306597121
11.221999999980516,0.9972605658612136
11.222999999980514,0.9972785718500673
11.223999999980512,0.9972772586101499
11.22499999998051,0.9973382399833095
11.225999999980507,0.9973379992173249
11.226999999980505,0.9973353135672586
11.227999999980502,0.9973162064300091
11.2289999999805,0.9973133250277083
11.229999999980498,0.9973183779707677
11.230999999980495,0.9973211432972929
11.231999999980493,0.9973439821218597
11.23299999998049,0.997314924509034
11.233999999980488,0.9973457991034343
11.234999999980486,0.9972879133873302
11.235999999980484,0.9972898114873575
11.236999999980481,0.9972762761849431
11.23799999998048,0.997277082310544
11.238999999980477,0.9972800926848556
11.239999999980474,0.9972596860190087
11.240999999980472,0.9972580367938357
11.24199999998047,0.9972272127375459
11.242999999980468,0.9971975842916203
11.243999999980465,0.9971954802176579
11.244999999980463,0.9971900825804579
11.24599999998046,0.9971821159678498
11.246999999980458,0.9971777027460397
11.247999999980456,0.997159630389592
11.248999999980454,0.9971609447368178
11.249999999980451,0.9970999395260787
11.250999999980449,0.997100200864393
11.251999999980447,0.9971029169981287
11.252999999980444,0.997121985128707
11.253999999980442,0.9971248907600055
11.25499999998044,0.9971197402613454
11.255999999980437,0.9971170083462326
11.256999999980435,0.9970941511352208
11.257999999980433,0.9971232757926038
11.25899999998043,0.997092424548522
11.259999999980428,0.9971503363075859
11.260999999980426,0.997148478294615
11.261999999980423,0.9971620050239619
11.262999999980421,0.9971611731853024
11.263999999980419,0.9971582063993547
11.264999999980416,0.9971787365550302
11.265999999980414,0.9971804399089267
11.266999999980412,0.9972113368184398
11.26799999998041,0.9972409975839344
11.268999999980407,0.9972431751348737
11.269999999980405,0.9972486299134062
11.270999999980402,0.9972566033751447
11.2719999999804,0.9972611544534508
11.272999999980398,0.9972793514281967
11.273999999980395,0.9972781242716758
11.274999999980393,0.9973392386183405
11.27599999998039,0.9973390386230832
11.276999999980388,0.9973364028394945
11.277999999980386,0.9973174810660479
11.278999999980384,0.9973146691705047
11.279999999980381,0.9973200763940968
11.280999999980379,0.997322908288955
11.281999999980377,0.9973458963385868
11.282999999980374,0.99731685829586
11.283999999980372,0.9973478108980453
11.28499999998037,0.9972900989823075
11.285999999980367,0.9972920751859673
11.286999999980365,0.9972787336093669
11.287999999980363,0.9972797471291364
11.28899999998036,0.9972828008083666
11.289999999980358,0.9972623536057534
11.290999999980356,0.9972607789144732
11.291999999980353,0.9972299967858981
11.292999999980351,0.997200476420992
11.293999999980349,0.9971984247037329
11.294999999980346,0.997193058283689
11.295999999980344,0.9971852899668705
11.296999999980342,0.9971807975056651
11.29799999998034,0.997162669625494
11.298999999980337,0.9971640313662309
11.299999999980335,0.997103026314924
11.300999999980332,0.9971033448970067
11.30199999998033,0.9971061404514512
11.302999999980328,0.9971251516910796
11.303999999980325,0.9971281146305843
11.304999999980323,0.9971227363469665
11.30599999998032,0.9971200618794289
11.306999999980318,0.997097147805726
11.307999999980316,0.9971263740079127
11.308999999980314,0.9970955650601162
11.309999999980311,0.9971534213614724
11.310999999980309,0.9971516025383519
11.311999999980307,0.9971650514237648
11.312999999980304,0.9971641269452066
11.313999999980302,0.997161201668939
11.3149999999803,0.9971818834464239
11.315999999980297,0.9971836226945656
11.316999999980295,0.9972145861001084
11.317999999980293,0.9972442461614769
11.31899999998029,0.9972464773644474
11.319999999980288,0.9972519793856369
11.320999999980286,0.9972598585305947
11.321999999980283,0.9972645903037692
11.322999999980281,0.9972829428686191
11.323999999980279,0.9972817674440804
11.324999999980276,0.9973429787096076
11.325999999980274,0.9973427937485912
11.326999999980272,0.9973401735557783
11.32799999998027,0.9973214021260675
11.328999999980267,0.9973186251081664
11.329999999980265,0.9973243497346491
11.330999999980262,0.9973272133145227
11.33199999998026,0.9973503232998789
11.332999999980258,0.9973212708366426
11.333999999980255,0.9973522657529122
11.334999999980253,0.9972946930158801
11.33599999998025,0.9972967120931239
11.336999999980248,0.9972835285242977
11.337999999980246,0.9972847132489882
11.338999999980244,0.9972877838030336
11.339999999980241,0.9972672619539822
11.340999999980239,0.9972657264201942
11.341999999980237,0.9972349516385195
11.342999999980234,0.9972055042165594
11.343999999980232,0.9972034694650131
11.34499999998023,0.9971981078421254
11.345999999980227,0.9971905014942551
11.346999999980225,0.997185895215047
11.347999999980223,0.9971676773311915
11.34899999998022,0.9971690508140613
11.349999999980218,0.9971080118321394
11.350999999980216,0.9971083607766406
11.351999999980213,0.9971111998539701
11.352999999980211,0.997130118856111
11.353999999980209,0.9971331032577359
11.354999999980206,0.9971274634057836
11.355999999980204,0.997124810622957
11.356999999980202,0.9971018139824172
11.3579999999802,0.9971311050074189
11.358999999980197,0.9971003032374287
11.359999999980195,0.9971580677509447
11.360999999980192,0.9971562523511481
11.36199999998019,0.9971695880739176
11.362999999980188,0.9971685360414207
11.363999999980186,0.9971656253642082
11.364999999980183,0.9971864217654659
11.36599999998018,0.9971881610348461
11.366999999980179,0.9972191542989899
11.367999999980176,0.9972487775168467
11.368999999980174,0.9972510264122892
11.369999999980172,0.9972565485961837
11.37099999998017,0.997264298362019
11.371999999980167,0.9972691740890798
11.372999999980165,0.9972876453840483
11.373999999980162,0.9972864859006684
11.37499999998016,0.99734775674805
11.375999999980158,0.9973475601327568
11.376999999980155,0.9973449200716602
11.377999999980153,0.9973262629617365
11.37899999998015,0.9973234852192329
11.379999999980148,0.9973294896810295
11.380999999980146,0.9973323492882059
11.381999999980144,0.9973555534773823
11.382999999980141,0.9973264519615854
11.383999999980139,0.997357453019809
11.384999999980137,0.9972999844865847
11.385999999980134,0.9973020109202001
11.386999999980132,0.997288949518952
11.38799999998013,0.9972902692579306
11.388999999980127,0.9972933302499997
11.389999999980125,0.9972726996548564
11.390999999980123,0.9972711680947633
11.39199999998012,0.9972403663400915
11.392999999980118,0.9972109571244456
11.393999999980116,0.9972089044258214
11.394999999980113,0.9972035215944646
11.395999999980111,0.9971960416203933
11.396999999980109,0.9971912876165308
11.397999999980106,0.9971729460207862
11.398999999980104,0.9971742965369703
11.399999999980102,0.9971131905221425
11.4009999999801,0.9971135438033245
11.401999999980097,0.9971163917348165
11.402999999980095,0.9971351844064585
11.403999999980092,0.9971381558393686
11.40499999998009,0.9971322219828559
11.405999999980088,0.9971295567311917
11.406999999980085,0.9971064530237291
11.407999999980083,0.9971357739680313
11.40899999998008,0.997104946113661
11.409999999980078,0.9971625844428013
11.410999999980076,0.9971607387584026
11.411999999980074,0.9971739280985923
11.412999999980071,0.9971727157689633
11.413999999980069,0.9971697945385268
11.414999999980067,0.9971906710486321
11.415999999980064,0.9971923769712225
11.416999999980062,0.9972233660808943
11.41799999998006,0.9972529189944935
11.418999999980057,0.9972551524150824
11.419999999980055,0.9972606698450619
11.420999999980053,0.9972682580521747
11.42199999998005,0.9972732440972535
11.422999999980048,0.9972918004602914
11.423999999980046,0.9972906243552142
11.424999999980043,0.9973519208119189
11.425999999980041,0.9973516883922312
11.426999999980039,0.997348996459559
11.427999999980036,0.9973304212571692
11.428999999980034,0.9973276108377337
11.429999999980032,0.9973338614418882
11.43099999998003,0.9973366852439106
11.431999999980027,0.9973599588803774
11.432999999980025,0.9973307776197746
11.433999999980022,0.9973617527231438
11.43499999998002,0.9973043575945523
11.435999999980018,0.997306360105343
11.436999999980015,0.9972933893890035
11.437999999980013,0.9972948124157113
11.43899999998001,0.99729784075604
11.439999999980008,0.9972770718038161
11.440999999980006,0.9972755136697551
11.441999999980004,0.9972446553131776
11.442999999980001,0.9972152543725966
11.443999999979999,0.9972131536921899
11.444999999979997,0.997207727346738
11.445999999979994,0.997200343216809
11.446999999979992,0.9971954126352565
11.44799999997999,0.9971769187454467
11.448999999979987,0.997178216846201
11.449999999979985,0.9971170159945286
11.450999999979983,0.9971173516415711
11.45199999997998,0.9971201792316949
11.452999999979978,0.9971388169850488
11.453999999979976,0.9971417466426683
11.454999999979973,0.9971354919456393
11.455999999979971,0.9971327858437472
11.456999999979969,0.9971095549005122
11.457999999979966,0.9971388767873914
11.458999999979964,0.9971079955440828
11.459999999979962,0.9971654793313555
11.46099999997996,0.9971635757752069
11.461999999979957,0.9971765916819048
11.462999999979955,0.9971751925288312
11.463999999979952,0.9971722403476595
11.46499999997995,0.9971931688803606
11.465999999979948,0.997194814545652
11.466999999979945,0.9972257720282013
11.467999999979943,0.9972552277600147
11.46899999997994,0.9972574191971579
11.469999999979938,0.9972629120006834
11.470999999979936,0.997270313209786
11.471999999979934,0.9972753827900293
11.472999999979931,0.9972939974872884
11.47399999997993,0.997292779158143
11.474999999979927,0.9973540743075004
11.475999999979924,0.9973537872403359
11.476999999979922,0.9973510185528208
11.47799999997992,0.9973325000611413
11.478999999979917,0.9973296322733584
11.479999999979915,0.9973361027013864
11.480999999979913,0.9973388662478969
11.48199999997991,0.9973621901656736
11.482999999979908,0.9973329059248788
11.483999999979906,0.9973638305221203
11.484999999979904,0.997306485585889
11.485999999979901,0.9973084405407394
11.486999999979899,0.9972955367195742
11.487999999979897,0.997297039074317
11.488999999979894,0.9973000175073705
11.489999999979892,0.9972790883956079
11.49099999997989,0.9972774810321672
11.491999999979887,0.9972465443679078
11.492999999979885,0.9972171297593226
11.493999999979883,0.9972149591118163
11.49499999997988,0.9972094730049654
11.495999999979878,0.9972021623222984
11.496999999979876,0.9971970344919928
11.497999999979873,0.9971783679388698
11.49899999997987,0.9971795924601043
11.499999999979869,0.9971182772732597
11.500999999979866,0.9971185795822963
11.501999999979864,0.99712136602387
11.502999999979862,0.997139828702093
11.50399999997986,0.9971426962574015
11.504999999979857,0.9971361024000567
11.505999999979855,0.9971333356234353
11.506999999979852,0.9971099637033009
11.50799999997985,0.9971392661891983
11.508999999979848,0.9971083129022017
11.509999999979845,0.9971656225226625
11.510999999979843,0.9971636422569679
11.51199999997984,0.9971764664827499
11.512999999979838,0.9971748628004549
11.513999999979836,0.997171865920414
11.514999999979834,0.9971928272786057
11.515999999979831,0.997194394700516
11.516999999979829,0.997225302042877
11.517999999979827,0.9972546427018341
11.518999999979824,0.9972567746556851
11.519999999979822,0.997262229740103
11.52099999997982,0.997269427588028
11.521999999979817,0.9972745629717886
11.522999999979815,0.9972932183686357
11.523999999979813,0.9972919413454773
11.52499999997981,0.9973532174459395
11.525999999979808,0.9973528637824333
11.526999999979806,0.9973500026595606
11.527999999979803,0.9973315248984709
11.528999999979801,0.997328584319573
11.529999999979799,0.9973352574971638
11.530999999979796,0.9973379456572884
11.531999999979794,0.9973613076718099
11.532999999979792,0.9973319065600565
11.53399999997979,0.9973627654756422
11.534999999979787,0.9973054568634484
11.535999999979785,0.9973073500294394
11.536999999979782,0.9972944986766141
11.53799999997978,0.997296065795123
11.538999999979778,0.9972989841354418
11.539999999979775,0.9972778825211085
11.540999999979773,0.9972762127369542
11.54199999997977,0.9972451855266451
11.542999999979768,0.9972157447787925
11.543999999979766,0.99721349169724
11.544999999979764,0.9972079367193057
11.545999999979761,0.9972006865683509
11.546999999979759,0.9971953504168765
11.547999999979757,0.997176500414396
11.548999999979754,0.9971776397727026
11.549999999979752,0.9971162003321923
11.55099999997975,0.9971164607751117
11.551999999979747,0.9971191948261838
11.552999999979745,0.9971374718933352
11.553999999979743,0.9971402666081861
11.55499999997974,0.997133324964039
11.555999999979738,0.997130487276442
11.556999999979736,0.997106967850281
11.557999999979733,0.9971362401724834
11.558999999979731,0.9971052057673547
11.559999999979729,0.9971623312626403
11.560999999979726,0.9971602650588707
11.561999999979724,0.997172889027336
11.562999999979722,0.9971710727663677
11.56399999997972,0.9971680246491371
11.564999999979717,0.997189009204487
11.565999999979715,0.9971904900077366
11.566999999979712,0.9972213382938858
11.56799999997971,0.9972505556015314
11.568999999979708,0.9972526201475811
11.569999999979705,0.9972580315968891
11.570999999979703,0.9972650193519667
11.5719999999797,0.9972702122724788
11.572999999979698,0.9972889002195545
11.573999999979696,0.9972875575517471
11.574999999979694,0.9973488063729237
11.575999999979691,0.9973483813058003
11.576999999979689,0.9973454215691822
11.577999999979687,0.9973269779869992
11.578999999979684,0.9973239586832775
11.579999999979682,0.9973308268596154
11.58099999997968,0.9973334339729251
11.581999999979677,0.9973568289348969
11.582999999979675,0.9973273065101383
11.583999999979673,0.9973580939946252
11.58499999997967,0.9973008171542534
11.585999999979668,0.9973026436739789
11.586999999979666,0.9972898396216876
11.587999999979663,0.9972914661900967
11.588999999979661,0.9972943212324481
11.589999999979659,0.997273044115016
11.590999999979656,0.9972713079883272
11.591999999979654,0.997240187240448
11.592999999979652,0.9972107170756987
11.59399999997965,0.9972083783201564
11.594999999979647,0.9972027522614562
11.595999999979645,0.9971955588051183
11.596999999979642,0.9971900125203554
11.59799999997964,0.9971709774854733
11.598999999979638,0.9971720292278515
11.599999999979635,0.997110464722832
11.600999999979633,0.9971106815553625
11.60199999997963,0.9971133609858611
11.602999999979628,0.9971314509905517
11.603999999979626,0.9971341711020765
11.604999999979624,0.9971268821917937
11.605999999979622,0.99712397226448
11.60699999997962,0.9971003055174563
11.607999999979617,0.9971295457430794
11.608999999979615,0.9970984299582141
11.609999999979612,0.9971553702780978
11.61099999997961,0.997153217687829
11.611999999979608,0.9971656416738529
11.612999999979605,0.9971636135963402
11.613999999979603,0.9971605142181218
11.6149999999796,0.9971815209272046
11.615999999979598,0.9971829153712932
11.616999999979596,0.9972137042684367
11.617999999979594,0.9972427985373943
11.618999999979591,0.9972447962531816
11.619999999979589,0.997250164500432
11.620999999979587,0.9972569439861548
11.621999999979584,0.9972621944454729
11.622999999979582,0.9972809150592563
11.62399999997958,0.9972795081002348
11.624999999979577,0.9973407296684353
11.625999999979575,0.997340234587184
11.626999999979573,0.9973371782781388
11.62799999997957,0.9973187703926352
11.628999999979568,0.9973156745713694
11.629999999979566,0.9973227378524026
11.630999999979563,0.9973252663268707
11.631999999979561,0.9973486950241358
11.632999999979559,0.9973190548563154
11.633999999979556,0.9973497731088763
11.634999999979554,0.9972925312615168
11.635999999979552,0.9972942941198585
11.63699999997955,0.997281539866383
11.637999999979547,0.9972832281952784
11.638999999979545,0.997286022516071
11.639999999979542,0.9972645746440497
11.64099999997954,0.997262775867026
11.641999999979538,0.997231566165948
11.642999999979535,0.9972020707818783
11.643999999979533,0.9971996506142768
11.64499999997953,0.9971939568596361
11.645999999979528,0.9971868235307744
11.646999999979526,0.9971810728058615
11.647999999979524,0.9971618585753919
11.648999999979521,0.9971628275412792
11.649999999979519,0.9971011444161344
11.650999999979517,0.9971013212628318
11.651999999979514,0.9971039509490054
11.652999999979512,0.9971218596370053
11.65399999997951,0.9971245104124551
11.654999999979507,0.9971168820149255
11.655999999979505,0.9971139054380997
11.656999999979503,0.9970900967924113
11.6579999999795,0.9971193097835255
11.658999999979498,0.9970881191265053
11.659999999979496,0.997144880096263
11.660999999979493,0.9971426473674878
11.661999999979491,0.9971548784239048
11.662999999979489,0.9971526460176081
11.663999999979486,0.99714950025767
11.664999999979484,0.9971705344764097
11.665999999979482,0.9971718492800248
11.66699999997948,0.9972025848403011
11.667999999979477,0.9972315627775455
11.668999999979475,0.9972335005104835
11.669999999979472,0.9972388306497535
11.67099999997947,0.9972454100194476
11.671999999979468,0.9972507239841016
11.672999999979465,0.9972694833302432
11.673999999979463,0.9972680194274444
11.67499999997946,0.9973292196946866
11.675999999979458,0.9973286604349576
11.676999999979456,0.9973255154710345
11.677999999979454,0.9973071504732329
11.678999999979451,0.9973039860989206
11.679999999979449,0.9973112499857137
11.680999999979447,0.9973137078855823
11.681999999979444,0.9973371752072518
11.682999999979442,0.9973074264515283
11.68399999997944,0.9973380831720078
11.684999999979437,0.9972808848223982
11.685999999979435,0.9972825923706264
11.686999999979433,0.9972698955719413
11.68799999997943,0.9972716530708063
11.688999999979428,0.9972743931535528
11.689999999979426,0.9972527845316473
11.690999999979423,0.9972509318811996
11.691999999979421,0.9972196428528353
11.692999999979419,0.9971901313619637
11.693999999979416,0.9971876389863912
11.694999999979414,0.9971818845929014
11.695999999979412,0.9971748194922039
11.69699999997941,0.9971688749600435
11.697999999979407,0.9971494922143063
11.698999999979405,0.9971503879287213
11.699999999979402,0.9970885972712182
11.7009999999794,0.9970887411580006
11.701999999979398,0.9970913304536511
11.702999999979395,0.9971090681584153
11.703999999979393,0.9971116592539704
11.70499999997939,0.9971037038066903
11.705999999979388,0.9971006704353909
11.706999999979386,0.9970767285736621
11.707999999979384,0.9971059233198242
11.708999999979381,0.9970746683992228
11.70999999997938,0.9971312600649962
11.710999999979377,0.997128957461191
11.711999999979374,0.9971410067497308
11.712999999979372,0.9971385815594453
11.71399999997937,0.9971353971734168
11.714999999979367,0.9971564679414784
11.715999999979365,0.9971577135784111
11.716999999979363,0.9971884055312199
11.71799999997936,0.9972172775392436
11.718999999979358,0.9972191656939473
11.719999999979356,0.9972244654425639
11.720999999979353,0.9972308564840223
11.721999999979351,0.9972362431581346
11.722999999979349,0.9972550505232094
11.723999999979346,0.9972535403011271
11.724999999979344,0.9973147284265315
11.725999999979342,0.9973141132333029
11.72699999997934,0.9973108906952816
11.727999999979337,0.9972925787137779
11.728999999979335,0.9972893567858885
11.729999999979333,0.9972968294214086
11.73099999997933,0.9972992277454475
11.731999999979328,0.9973227406354457
11.732999999979326,0.997292895316775
11.733999999979323,0.9973235009913098
11.73499999997932,0.9972663571958998
11.735999999979319,0.9972680204391267
11.736999999979316,0.9972553911932646
11.737999999979314,0.9972572276536641
11.738999999979312,0.9972599218688704
11.73999999997931,0.9972381650729507
11.740999999979307,0.9972362697170077
11.741999999979305,0.9972049133410209
11.742999999979302,0.9971753970797256
11.7439999999793,0.9971728439601149
11.744999999979298,0.9971670376512712
11.745999999979295,0.997160050864375
11.746999999979293,0.9971539254339353
11.74799999997929,0.9971343870387278
11.748999999979288,0.9971352210505914
11.749999999979286,0.9970733359325402
11.750999999979284,0.9970734553007634
11.751999999979281,0.9970760153975087
11.752999999979279,0.9970935944183306
11.753999999979277,0.9970961372538344
11.754999999979274,0.9970878692497839
11.755999999979272,0.997084790595186
11.75699999997927,0.9970607255148154
11.757999999979267,0.9970899125418368
11.758999999979265,0.9970586054808435
11.759999999979263,0.9971150395428797
11.76099999997926,0.9971126787727426
11.761999999979258,0.9971245590068213
11.762999999979256,0.997121954088789
11.763999999979253,0.9971187397964425
11.764999999979251,0.997139857297662
11.765999999979249,0.9971410454683646
11.766999999979246,0.9971717047059329
11.767999999979244,0.9972004823833714
11.768999999979242,0.9972023324276371
11.76999999997924,0.9972076102633632
11.770999999979237,0.9972138259301268
11.771999999979235,0.9972192952984587
11.772999999979232,0.9972381607445236
11.77399999997923,0.9972366156709174
11.774999999979228,0.9972978016055959
11.775999999979225,0.997297139324453
11.776999999979223,0.9972938510583166
11.77799999997922,0.9972756027664567
11.778999999979218,0.997272334940701
11.779999999979216,0.9972800247435396
11.780999999979214,0.9972823750714195
11.781999999979211,0.9973059407766262
11.782999999979209,0.997276011458714
11.783999999979207,0.9973065770481914
11.784999999979204,0.9972494991095774
11.785999999979202,0.997251129422431
11.7869999999792,0.9972385780050874
11.787999999979197,0.9972405033502044
11.788999999979195,0.9972431602801869
11.789999999979193,0.9972212682326331
11.79099999997919,0.9972193415221408
11.791999999979188,0.9971879299389677
11.792999999979186,0.9971584202882972
11.793999999979183,0.997155817984901
11.794999999979181,0.9971499685399127
11.795999999979179,0.9971430700065561
11.796999999979176,0.9971367767367705
11.797999999979174,0.9971170956350129
11.798999999979172,0.9971178794270638
11.79999999997917,0.9970559128238933
11.800999999979167,0.9970560159899099
11.801999999979165,0.9970585578806319
11.802999999979162,0.9970759904614604
11.80399999997916,0.997078496218282
11.804999999979158,0.9970699302103949
11.805999999979155,0.997066817474951
11.806999999979153,0.9970426390232281
11.80799999997915,0.9970718284665543
11.808999999979148,0.9970404809879779
11.809999999979146,0.9970967689034941
11.810999999979144,0.9970943612414245
11.811999999979141,0.9971060848182103
11.812999999979139,0.997103312891749
11.813999999979137,0.9971000770047261
11.814999999979134,0.997121250762657
11.815999999979132,0.9971223926007262
11.81699999997913,0.997153029408617
11.817999999979127,0.9971817237988483
11.818999999979125,0.9971835465321808
11.819999999979123,0.9971888104075224
11.82099999997912,0.9971948631144127
11.821999999979118,0.9972004242807689
11.822999999979116,0.9972193570013267
11.823999999979113,0.9972177877556286
11.824999999979111,0.9972789806386718
11.825999999979109,0.99727827951795
11.826999999979106,0.9972749365575028
11.827999999979104,0.9972567616219904
11.828999999979102,0.997253458670676
11.8299999999791,0.9972613728379319
11.830999999979097,0.9972636858301486
11.831999999979095,0.9972873107996213
11.832999999979092,0.9972573091162465
11.83399999997909,0.9972878446164912
11.834999999979088,0.9972308426683585
11.835999999979085,0.9972324503970516
11.836999999979083,0.9972199858982249
11.83799999997908,0.9972220088409872
11.838999999979078,0.9972246362805479
11.839999999979076,0.9972026209260145
11.840999999979074,0.9972006731023284
11.841999999979071,0.9971692173388013
11.84299999997907,0.9971397244764703
11.843999999979067,0.9971370834140179
11.844999999979064,0.9971311987581831
11.845999999979062,0.997124397092617
11.84699999997906,0.9971179480040251
11.847999999979058,0.9970981360517066
11.848999999979055,0.9970988799069924
11.849999999979053,0.9970368435787343
11.85099999997905,0.9970369379180716
11.851999999979048,0.9970394713295393
11.852999999979046,0.9970567686010341
11.853999999979044,0.9970592471965813
11.854999999979041,0.99705039676444
11.855999999979039,0.9970472598617579
11.856999999979037,0.9970229770048533
11.857999999979034,0.9970521776755503
11.858999999979032,0.9970208001805739
11.85999999997903,0.99707695225651
11.860999999979027,0.9970745076636317
11.861999999979025,0.9970860857936845
11.862999999979023,0.9970831583904286
11.86399999997902,0.9970799081991518
11.864999999979018,0.9971011462908014
11.865999999979016,0.9971022515841067
11.866999999979013,0.9971328748897779
11.867999999979011,0.9971614957432663
11.868999999979009,0.997163300586533
11.869999999979006,0.9971685574117403
11.870999999979004,0.9971744583463759
11.871999999979002,0.9971801189021224
11.872999999979,0.9971991266089021
11.873999999978997,0.9971975424781595
11.874999999978995,0.997258750062608
11.875999999978992,0.9972580173275095
11.87699999997899,0.9972546293450024
11.877999999978988,0.9972365359119811
11.878999999978985,0.9972332072173873
11.879999999978983,0.9972413512738969
11.88099999997898,0.9972436362058968
11.881999999978978,0.9972673257688761
11.882999999978976,0.9972372619876024
11.883999999978974,0.9972677760241384
11.884999999978971,0.9972108586541836
11.885999999978969,0.9972124527522072
11.886999999978967,0.9972000827478359
11.887999999978964,0.9972022104857986
11.888999999978962,0.997204815214076
11.88999999997896,0.9971826872195537
11.890999999978957,0.9971807271503796
11.891999999978955,0.9971492368705498
11.892999999978953,0.9971197695503894
11.89399999997895,0.9971170988115351
11.894999999978948,0.9971111858732127
11.895999999978946,0.9971044882106184
11.896999999978943,0.997097894114386
11.897999999978941,0.9970779619320869
11.898999999978939,0.9970786748186974
11.899999999978936,0.9970165792042093
11.900999999978934,0.9970166710952261
11.901999999978932,0.9970192044309493
11.90299999997893,0.9970363763562446
11.903999999978927,0.9970388364234624
11.904999999978925,0.9970297141340863
11.905999999978922,0.99702656170693
11.90699999997892,0.9970021825413837
11.907999999978918,0.9970314019852342
11.908999999978915,0.9970000036202027
11.909999999978913,0.9970560290897023
11.91099999997891,0.9970535563178473
11.911999999978908,0.9970649991317966
11.912999999978906,0.9970619267175643
11.913999999978904,0.9970586686089105
11.914999999978901,0.9970799778506483
11.915999999978899,0.9970810552279555
11.916999999978897,0.9971116728098043
11.917999999978894,0.9971402288023425
11.918999999978892,0.9971420240389085
11.91999999997889,0.9971472798753483
11.920999999978887,0.9971530392507434
11.921999999978885,0.9971588055792115
11.922999999978883,0.9971778948220215
11.92399999997888,0.9971763040228173
11.924999999978878,0.997237533022349
11.925999999978876,0.9972367751361564
11.926999999978873,0.9972333508032831
11.927999999978871,0.9972153458925268
11.928999999978869,0.9972119998420389
11.929999999978866,0.9972203780872979
11.930999999978864,0.9972226432742263
11.931999999978862,0.9972464019816613
11.93299999997886,0.9972162854472231
11.933999999978857,0.9972467857430671
11.934999999978855,0.9971899604842559
11.935999999978852,0.9971915490082135
11.93699999997885,0.9971792800840386
11.937999999978848,0.9971815188394543
11.938999999978845,0.9971841070204859
11.939999999978843,0.997161876308042
11.94099999997884,0.9971599120497163
11.941999999978838,0.9971283961251124
11.942999999978836,0.9970989622688956
11.943999999978834,0.9970962701933284
11.944999999978831,0.9970903353603069
11.945999999978829,0.9970837479955369
11.946999999978827,0.9970770191104887
11.947999999978824,0.9970569767142206
11.948999999978822,0.9970576669422443
11.94999999997882,0.9969955218198427
11.950999999978817,0.9969956171552139
11.951999999978815,0.9969981581871743
11.952999999978813,0.9970152142484879
11.95399999997881,0.9970176638479853
11.954999999978808,0.9970082819435356
11.955999999978806,0.9970051220975379
11.956999999978803,0.9969806543937301
11.957999999978801,0.9970098996490395
11.958999999978799,0.9969784890640723
11.959999999978796,0.9970343968470824
11.960999999978794,0.9970319042188656
11.961999999978792,0.9970432215430376
11.96299999997879,0.9970400142996432
11.963999999978787,0.997036754363215
11.964999999978785,0.9970581411390179
11.965999999978782,0.9970591988927607
11.96699999997878,0.9970898182156832
11.967999999978778,0.9971183177825101
11.968999999978776,0.9971201114070178
11.969999999978773,0.9971253721094916
11.97099999997877,0.9971310000072137
11.971999999978769,0.9971368781680949
11.972999999978766,0.9971560552232474
11.973999999978764,0.9971544657847264
11.974999999978762,0.9972157227711133
11.97599999997876,0.9972149461038593
11.976999999978757,0.997211493987798
11.977999999978755,0.9971935844114928
11.978999999978752,0.9971902293098532
11.97999999997875,0.9971988457700782
11.980999999978748,0.9972010994902483
11.981999999978745,0.99722493182193
11.982999999978743,0.9971947718811276
11.98399999997874,0.997225266194394
11.984999999978738,0.9971685404781234
11.985999999978736,0.9971701315344137
11.986999999978734,0.9971579702475566
11.987999999978731,0.9971603262367864
11.988999999978729,0.9971629041340858
11.989999999978727,0.9971405808258998
11.990999999978724,0.9971386205869275
11.991999999978722,0.9971070880585372
11.99299999997872,0.9970776957287675
11.993999999978717,0.9970749908841083
11.994999999978715,0.9970690407311461
11.995999999978713,0.9970625701076318
11.99699999997871,0.9970557170249404
11.997999999978708,0.9970355747933308
11.998999999978706,0.9970362509961359
11.999999999978703,0.9969740664611987
12.000999999978701,0.99697417138646
12.001999999978699,0.9969767282404797
12.002999999978696,0.9969936784114146
12.003999999978694,0.996996126016729
12.004999999978692,0.996986497372314
12.00599999997869,0.9969833386612064
12.006999999978687,0.9969587905913742
12.007999999978685,0.996988069177841
12.008999999978682,0.996956655509166
12.00999999997868,0.9970124551865567
12.010999999978678,0.9970099515775405
12.011999999978675,0.9970211539056506
12.012999999978673,0.9970178226986077
12.01399999997867,0.9970145674634942
12.014999999978668,0.9970360387131633
12.015999999978666,0.9970370857756052
12.016999999978664,0.9970677149667286
12.017999999978661,0.9970961672700291
12.018999999978659,0.997097967957899
12.019999999978657,0.9971032399009433
12.020999999978654,0.9971087472236395
12.021999999978652,0.9971147439211673
12.02299999997865,0.9971340157560875
12.023999999978647,0.9971324364725132
12.024999999978645,0.9971937288282361
12.025999999978643,0.9971929403645496
12.02699999997864,0.9971894698663376
12.027999999978638,0.997171663175499
12.028999999978636,0.9971683081785475
12.029999999978633,0.9971771675568069
12.030999999978631,0.9971794189763498
12.031999999978629,0.9972033300377031
12.032999999978626,0.9971731369516434
12.033999999978624,0.9972036339872252
12.034999999978622,0.9971470160541196
12.03599999997862,0.9971486186976485
12.036999999978617,0.9971365724757678
12.037999999978615,0.9971390528028136
12.038999999978612,0.9971416274376544
12.03999999997861,0.9971192227205327
12.040999999978608,0.9971172757274618
12.041999999978605,0.9970857366607628
12.042999999978603,0.9970563949147859
12.0439999999786,0.9970536869407731
12.044999999978598,0.9970477288571411
12.045999999978596,0.9970413824084775
12.046999999978594,0.9970344169067266
12.047999999978591,0.9970141863899568
12.048999999978589,0.9970148583334278
12.049999999978587,0.9969526455945175
12.050999999978584,0.9969527671042436
12.051999999978582,0.9969553490464675
12.05299999997858,0.9969722045602903
12.053999999978577,0.9969746598247441
12.054999999978575,0.9969647986859164
12.055999999978573,0.9969616508589411
12.05699999997857,0.9969370315429843
12.057999999978568,0.9969663521951897
12.058999999978566,0.9969349457834628
12.059999999978563,0.9969906483023983
12.060999999978561,0.9969881438416762
12.061999999978559,0.996999243018272
12.062999999978556,0.9969958000683
12.063999999978554,0.9969925570082889
12.064999999978552,0.9970141208988326
12.06599999997855,0.9970151674949338
12.066999999978547,0.9970458159886528
12.067999999978545,0.9970742315455108
12.068999999978542,0.9970760492730109
12.06999999997854,0.9970813398090116
12.070999999978538,0.9970867388699999
12.071999999978535,0.9970928620469388
12.072999999978533,0.997112236901405
12.07399999997853,0.9971106778942599
12.074999999978528,0.9971720143670195
12.075999999978526,0.9971712221095284
12.076999999978524,0.9971677439904418
12.077999999978521,0.997150048998062
12.07899999997852,0.9971467046173521
12.079999999978517,0.9971558128033663
12.080999999978514,0.9971580724568303
12.081999999978512,0.9971820683370652
12.08299999997851,0.9971518537350715
12.083999999978507,0.99718236359094
12.084999999978505,0.9971258629269687
12.085999999978503,0.9971274875798644
12.0869999999785,0.9971155651299984
12.087999999978498,0.9971181781845125
12.088999999978496,0.9971207576173066
12.089999999978494,0.9970982841002691
12.090999999978491,0.9970963609492776
12.091999999978489,0.9970648267690385
12.092999999978487,0.9970355459836107
12.093999999978484,0.997032845901269
12.094999999978482,0.9970268883122577
12.09599999997848,0.9970206747533893
12.096999999978477,0.9970136100644207
12.097999999978475,0.9969933042360869
12.098999999978473,0.9969939830621659
12.09999999997847,0.9969317546661501
12.100999999978468,0.9969319007665407
12.101999999978466,0.9969345184076113
12.102999999978463,0.9969512919406308
12.10399999997846,0.9969537658701462
12.104999999978459,0.9969436879979855
12.105999999978456,0.99694056214142
12.106999999978454,0.996915881737989
12.107999999978452,0.9969452545224888
12.10899999997845,0.9969138670103491
12.109999999978447,0.9969694847656816
12.110999999978445,0.9969669909045643
12.111999999978442,0.996978000174863
12.11299999997844,0.9969744590919353
12.113999999978438,0.9969712366457876
12.114999999978435,0.9969929025902056
12.115999999978433,0.9969939602356396
12.11699999997843,0.997024638757834
12.117999999978428,0.9970530294068882
12.118999999978426,0.9970548754024375
12.119999999978424,0.9970601928145638
12.120999999978421,0.9970654972548371
12.121999999978419,0.9970717560043947
12.122999999978417,0.9970912432854101
12.123999999978414,0.9970897158771191
12.124999999978412,0.9971511064412749
12.12599999997841,0.9971503192924357
12.126999999978407,0.9971468455027706
12.127999999978405,0.9971292721020553
12.128999999978403,0.9971259500033883
12.1299999999784,0.9971353138689404
12.130999999978398,0.9971375934271418
12.131999999978396,0.99716168101992
12.132999999978393,0.9971314576375647
12.133999999978391,0.9971619915303821
12.134999999978389,0.9971056185790798
12.135999999978386,0.9971072767233558
12.136999999978384,0.9970954877146471
12.137999999978382,0.9970982428372663
12.13899999997838,0.9971008359015354
12.139999999978377,0.9970783072414483
12.140999999978375,0.9970764195124113
12.141999999978372,0.9970449025997427
12.14299999997837,0.9970156940544358
12.143999999978368,0.9970130138313364
12.144999999978365,0.9970070658627674
12.145999999978363,0.9970009947366337
12.14699999997836,0.9969938450615804
12.147999999978358,0.9969734778211355
12.148999999978356,0.9969741755395334
12.149999999978354,0.9969119448453979
12.150999999978351,0.996912124153264
12.151999999978349,0.9969147888994135
12.152999999978347,0.9969314939985108
12.153999999978344,0.9969339983683222
12.154999999978342,0.9969237204241804
12.15599999997834,0.9969206283461947
12.156999999978337,0.9968958975759319
12.157999999978335,0.9969253332509792
12.158999999978333,0.996893976924354
12.15999999997833,0.9969495230774112
12.160999999978328,0.9969470518990511
12.161999999978326,0.9969579851967173
12.162999999978323,0.9969543602527693
12.163999999978321,0.9969511672747509
12.164999999978319,0.9969729451922454
12.165999999978316,0.9969740259320332
12.166999999978314,0.9970047457258528
12.167999999978312,0.9970331238341928
12.16899999997831,0.9970350097734572
12.169999999978307,0.9970403626626203
12.170999999978305,0.9970455866111639
12.171999999978302,0.9970519903386852
12.1729999999783,0.997071599765237
12.173999999978298,0.9970701156026872
12.174999999978295,0.9971315705701913
12.175999999978293,0.9971307976528306
12.17699999997829,0.997127340414399
12.177999999978288,0.9971098986541131
12.178999999978286,0.9971066107116722
12.179999999978284,0.9971162371682059
12.180999999978281,0.9971185484647763
12.181999999978279,0.9971427347362218
12.182999999978277,0.9971125154163791
12.183999999978274,0.9971430846718214
12.184999999978272,0.9970868498173105
12.18599999997827,0.9970885529579142
12.186999999978267,0.9970769069788213
12.187999999978265,0.9970798134055171
12.188999999978263,0.9970824289001984
12.18999999997826,0.9970598587074981
12.190999999978258,0.9970580178624365
12.191999999978256,0.9970265304385189
12.192999999978253,0.9969974051907003
12.193999999978251,0.996994756598791
12.194999999978249,0.9969888272119615
12.195999999978246,0.9969829077357597
12.196999999978244,0.9969756870610078
12.197999999978242,0.9969552720398857
12.19899999997824,0.9969560003276265
12.199999999978237,0.9968937802912405
12.200999999978235,0.9968940011193154
12.201999999978232,0.9968967239439317
12.20299999997823,0.9969133737772115
12.203999999978228,0.9969159198769246
12.204999999978225,0.996905458137263
12.205999999978223,0.9969024110896056
12.20699999997822,0.9968776402637254
12.207999999978218,0.9969071489848648
12.208999999978216,0.9968758354639004
12.209999999978214,0.996931322614255
12.210999999978212,0.9969288855010116
12.21199999997821,0.9969397560965857
12.212999999978207,0.9969360608647615
12.213999999978205,0.9969329056034583
12.214999999978202,0.9969548045576692
12.2159999999782,0.9969559195856652
12.216999999978198,0.9969866910243088
12.217999999978195,0.997015068087386
12.218999999978193,0.9970170046862405
12.21999999997819,0.997022400909497
12.220999999978188,0.9970275575481691
12.221999999978186,0.9970341145511535
12.222999999978184,0.9970538547211775
12.223999999978181,0.9970524243251438
12.224999999978179,0.9971139528893223
12.225999999978177,0.9971132024441597
12.226999999978174,0.9971097727745803
12.227999999978172,0.9970924713846393
12.22899999997817,0.9970892281880501
12.229999999978167,0.997099122711077
12.230999999978165,0.9971014762341811
12.231999999978163,0.9971257670973969
12.23299999997816,0.997095563266563
12.233999999978158,0.9971261777934152
12.234999999978156,0.9970700898361529
12.235999999978153,0.9970718479610577
12.236999999978151,0.997060352986902
12.237999999978149,0.997063418308782
12.238999999978146,0.997066063829802
12.239999999978144,0.9970434640948378
12.240999999978142,0.9970416799072672
12.24199999997814,0.9970102324557086
12.242999999978137,0.9969811997619165
12.243999999978135,0.996978592786282
12.244999999978132,0.9969726895822225
12.24599999997813,0.996966929064636
12.246999999978128,0.9969596495419734
12.247999999978125,0.9969391984836814
12.248999999978123,0.9969399670692282
12.24999999997812,0.9968777686193317
12.250999999978118,0.9968780377628034
12.251999999978116,0.9968808275861406
12.252999999978114,0.9968974333034017
12.253999999978111,0.9969000303046455
12.254999999978109,0.9968893989923201
12.255999999978107,0.9968864060312711
12.256999999978104,0.9968616038105964
12.257999999978102,0.9968911934913566
12.2589999999781,0.9968599320826015
12.259999999978097,0.996915370601797
12.260999999978095,0.9969129765786904
12.261999999978093,0.9969237954061234
12.26299999997809,0.9969200410852614
12.263999999978088,0.9969169299376521
12.264999999978086,0.9969389564862631
12.265999999978083,0.9969401144785949
12.266999999978081,0.9969709454014896
12.267999999978079,0.9969993303714498
12.268999999978076,0.9970013257195204
12.269999999978074,0.9970067711406456
12.270999999978072,0.9970118710188062
12.27199999997807,0.9970185868374046
12.272999999978067,0.9970384635738323
12.273999999978065,0.9970370946712589
12.274999999978062,0.9970987032427333
12.27599999997806,0.9970979813738736
12.276999999978058,0.9970945874159
12.277999999978055,0.9970774321532865
12.278999999978053,0.9970742413379009
12.27999999997805,0.9970844063353324
12.280999999978048,0.9970868095592104
12.281999999978046,0.997111208637975
12.282999999978044,0.9970810286369408
12.283999999978041,0.9971116952640414
12.284999999978039,0.99705575977758
12.285999999978037,0.9970575797010125
12.286999999978034,0.9970462404588357
12.287999999978032,0.9970494689892276
12.28899999997803,0.9970521496920168
12.289999999978027,0.9970295291253242
12.290999999978025,0.9970278080367769
12.291999999978023,0.9969964076619615
12.29299999997802,0.9969674733469822
12.293999999978018,0.996964914548221
12.294999999978016,0.9969590425419047
12.295999999978013,0.9969534447741442
12.296999999978011,0.9969461150754618
12.297999999978009,0.9969256361989391
12.298999999978006,0.9969264512423063
12.299999999978004,0.9968642816623744
12.300999999978002,0.9968646031955426
12.301999999978,0.9968674652864659
12.302999999977997,0.9968840344052259
12.303999999977995,0.9968866877696481
12.304999999977992,0.9968758974268759
12.30599999997799,0.9968729638336399
12.306999999977988,0.9968481360361506
12.307999999977985,0.996877810784696
12.308999999977983,0.9968466069187916
12.30999999997798,0.9969020033733623
12.310999999977978,0.9968996575545618
12.311999999977976,0.9969104316460244
12.312999999977974,0.9969066255020502
12.313999999977971,0.9969035618645107
12.31499999997797,0.9969257185476871
12.315999999977967,0.9969269241419219
12.316999999977964,0.9969578183455498
12.317999999977962,0.9969862161209625
12.31899999997796,0.9969882741886433
12.319999999977957,0.996993771564941
12.320999999977955,0.9969988210994315
12.321999999977953,0.9970056970694012
12.32299999997795,0.997025711976529
12.323999999977948,0.9970244080503288
12.324999999977946,0.9970860988198561
12.325999999977943,0.9970854084160704
12.326999999977941,0.9970820540085109
12.327999999977939,0.9970650462574981
12.328999999977936,0.9970619110944092
12.329999999977934,0.9970723445506031
12.330999999977932,0.9970748005441014
12.33199999997793,0.997099308152522
12.332999999977927,0.997069155858556
12.333999999977925,0.9970998769745903
12.334999999977923,0.9970440949742883
12.33599999997792,0.9970459789992939
12.336999999977918,0.9970347956629938
12.337999999977916,0.9970381871448633
12.338999999977913,0.9970409047652603
12.33999999997791,0.997018267486999
12.340999999977909,0.9970166113248373
12.341999999977906,0.9969852604783992
12.342999999977904,0.9969564256834537
12.343999999977902,0.9969539169464693
12.3449999999779,0.9969480776363269
12.345999999977897,0.996942641687785
12.346999999977895,0.9969352657651377
12.347999999977892,0.9969147625430188
12.34899999997789,0.9969156254416299
12.349999999977888,0.9968534871837988
12.350999999977885,0.9968538615882687
12.351999999977883,0.9968567964146667
12.35299999997788,0.9968733316606404
12.353999999977878,0.9968760420128039
12.354999999977876,0.9968650983394477
12.355999999977874,0.9968622245215395
12.356999999977871,0.9968373732926745
12.357999999977869,0.9968671323450856
12.358999999977867,0.9968359865174972
12.359999999977864,0.9968913425994748
12.360999999977862,0.9968890451530269
12.36199999997786,0.9968997765964904
12.362999999977857,0.9968959209334571
12.363999999977855,0.9968929044584948
12.364999999977853,0.9969151888367921
12.36599999997785,0.9969164416646522
12.366999999977848,0.996947397954353
12.367999999977846,0.9969758084372874
12.368999999977843,0.9969779281589908
12.369999999977841,0.9969834764650078
12.370999999977839,0.9969884770246922
12.371999999977836,0.9969955094289394
12.372999999977834,0.9970156590541663
12.373999999977832,0.9970144185033333
12.37499999997783,0.9970761886206085
12.375999999977827,0.9970755287429115
12.376999999977825,0.9970722126190447
12.377999999977822,0.9970553486304509
12.37899999997782,0.9970522672593057
12.379999999977818,0.9970629620349837
12.380999999977815,0.9970654687257063
12.381999999977813,0.9970900813440583
12.38299999997781,0.9970599554592369
12.383999999977808,0.9970907283221859
12.384999999977806,0.9970350956191214
12.385999999977804,0.9970370408850068
12.386999999977801,0.9970260084639007
12.387999999977799,0.997029557476908
12.388999999977797,0.9970323098771964
12.389999999977794,0.9970096548118499
12.390999999977792,0.997008060220729
12.39199999997779,0.9969767561484049
12.392999999977787,0.9969480168068534
12.393999999977785,0.9969455548205668
12.394999999977783,0.996939745808469
12.39599999997778,0.9969344655641895
12.396999999977778,0.9969270421541568
12.397999999977776,0.99690651283996
12.398999999977773,0.9969074197904078
12.399999999977771,0.996845310053273
12.400999999977769,0.996845733918762
12.401999999977766,0.9968487367660047
12.402999999977764,0.9968652356831013
12.403999999977762,0.9968679984618929
12.40499999997776,0.9968569019349266
12.405999999977757,0.9968540831157616
12.406999999977755,0.9968292066922322
12.407999999977752,0.9968590441394561
12.40899999997775,0.9968279516508957
12.409999999977748,0.9968832639111262
12.410999999977745,0.9968810098329334
12.411999999977743,0.9968916955424667
12.41299999997774,0.9968877874892893
12.413999999977738,0.9968848139583719
12.414999999977736,0.9969072184740742
12.415999999977734,0.9969085130223814
12.416999999977731,0.9969395250958484
12.417999999977729,0.9969679430813561
12.418999999977727,0.9969701182763377
12.419999999977724,0.9969757126588044
12.420999999977722,0.9969806604935008
12.42199999997772,0.9969878405576494
12.422999999977717,0.9970081164016787
12.423999999977715,0.9970069325537335
12.424999999977713,0.9970687741620778
12.42599999997771,0.9970681400760422
12.426999999977708,0.9970648559219845
12.427999999977706,0.9970481269155882
12.428999999977703,0.9970450924439207
12.429999999977701,0.9970560364421599
12.430999999977699,0.9970585867520498
12.431999999977696,0.9970832971561439
12.432999999977694,0.9970531913700283
12.433999999977692,0.9970840082946855
12.43499999997769,0.9970285157248746
12.435999999977687,0.9970305144352755
12.436999999977685,0.997019623041399
12.437999999977682,0.9970233192900911
12.43899999997768,0.997026100668511
12.439999999977678,0.9970034218264343
12.440999999977675,0.9970018805871741
12.441999999977673,0.9969706156628586
12.44299999997767,0.9969419628641085
12.443999999977668,0.9969395394932938
12.444999999977666,0.9969337547742905
12.445999999977664,0.9969286193626813
12.446999999977661,0.9969211423884728
12.44799999997766,0.996900580440992
12.448999999977657,0.9969015228979272
12.449999999977654,0.9968394341015427
12.450999999977652,0.9968399004993319
12.45199999997765,0.9968429619844761
12.452999999977648,0.9968594174444112
12.453999999977645,0.9968622234516414
12.454999999977643,0.9968509698479472
12.45599999997764,0.996848196653324
12.456999999977638,0.9968232898004087
12.457999999977636,0.9968531952119754
12.458999999977634,0.9968221468060221
12.459999999977631,0.996877407286473
12.460999999977629,0.9968751870711788
12.461999999977627,0.9968858194568859
12.462999999977624,0.9968818516524828
12.463999999977622,0.9968789135205706
12.46499999997762,0.9969014262505201
12.465999999977617,0.996902752615438
12.466999999977615,0.9969338098354507
12.467999999977613,0.9969622257922013
12.46899999997761,0.9969644459742918
12.469999999977608,0.9969700783717635
12.470999999977606,0.9969749654300786
12.471999999977603,0.9969822801977516
12.472999999977601,0.9970026696030697
12.473999999977599,0.9970015316070855
12.474999999977596,0.9970634327530011
12.475999999977594,0.9970628166191232
12.476999999977592,0.9970595540077843
12.47799999997759,0.9970429471454799
12.478999999977587,0.9970399486209203
12.479999999977585,0.9970511258142527
12.480999999977582,0.9970537086634962
12.48199999997758,0.9970785066985344
12.482999999977578,0.9970484107171106
12.483999999977575,0.9970792601216794
12.484999999977573,0.9970238946321304
12.48599999997757,0.997025935137328
12.486999999977568,0.9970151710982926
12.487999999977566,0.9970190005440742
12.488999999977564,0.9970218022769078
12.489999999977561,0.9969990898819782
12.490999999977559,0.9969975900697325
12.491999999977557,0.9969663529673488
12.492999999977554,0.9969377741534524
12.493999999977552,0.9969353776412737
12.49499999997755,0.9969296085126659
12.495999999977547,0.9969246035503779
12.496999999977545,0.996917063350696
12.497999999977543,0.996896458679473
12.49899999997754,0.9968974246281292
12.499999999977538,0.9968353457014165
12.500999999977536,0.9968358451600912
12.501999999977533,0.996838952544909
12.502999999977531,0.9968553540570181
12.503999999977529,0.9968581907979619
12.504999999977526,0.9968467725182911
12.505999999977524,0.9968440323454363
12.506999999977522,0.9968190873823563
12.50799999997752,0.9968490471997798
12.508999999977517,0.9968180304684496
12.509999999977515,0.996873228106018
12.510999999977512,0.9968710291790243
12.51199999997751,0.9968815975798234
12.512999999977508,0.9968775596156895
12.513999999977505,0.9968746471156211
12.514999999977503,0.9968972532606006
12.5159999999775,0.9968985986400588
12.516999999977498,0.996929687539673
12.517999999977496,0.9969580891186757
12.518999999977494,0.9969603410256596
12.519999999977491,0.9969660013250103
12.520999999977489,0.9969708167914735
12.521999999977487,0.9969782506937591
12.522999999977484,0.9969987384256522
12.523999999977482,0.9969976328365407
12.52499999997748,0.9970595790659238
12.525999999977477,0.9970589711424984
12.526999999977475,0.997055717144322
12.527999999977473,0.9970392171664335
12.52899999997747,0.9970362412134902
12.529999999977468,0.9970476333122406
12.530999999977466,0.9970502352760697
12.531999999977463,0.9970751091101822
12.532999999977461,0.9970450103270908
12.533999999977459,0.9970758784153867
12.534999999977456,0.9970206247682046
12.535999999977454,0.9970226932681405
12.536999999977452,0.9970120408447865
12.53799999997745,0.9970159874349958
12.538999999977447,0.99701879937031
12.539999999977445,0.9969960415879077
12.540999999977442,0.9969945693174752
12.54199999997744,0.9969633467622588
12.542999999977438,0.9969348274935552
12.543999999977435,0.9969324442320201
12.544999999977433,0.9969266806248738
12.54599999997743,0.9969217900080872
12.546999999977428,0.9969141751228228
12.547999999977426,0.9968935158820764
12.548999999977424,0.9968944916461361
12.549999999977421,0.9968324098426149
12.550999999977419,0.9968329317127493
12.551999999977417,0.9968360707284843
12.552999999977414,0.9968524062633441
12.553999999977412,0.9968552597853406
12.55499999997741,0.9968436676867013
12.555999999977407,0.9968409465553522
12.556999999977405,0.9968159547421589
12.557999999977403,0.9968459541404917
12.5589999999774,0.9968149553915814
12.559999999977398,0.9968700778844369
12.560999999977396,0.9968678864808925
12.561999999977393,0.9968783790444451
12.562999999977391,0.9968742593471853
12.563999999977389,0.9968713619119992
12.564999999977386,0.996894045697608
12.565999999977384,0.9968953962937609
12.566999999977382,0.9969265024816172
12.56799999997738,0.996954876421892
12.568999999977377,0.9969571459294164
12.569999999977375,0.9969628234039934
12.570999999977372,0.9969675556139538
12.57199999997737,0.9969750923926295
12.572999999977368,0.9969956625653532
12.573999999977366,0.9969945752724952
12.574999999977363,0.997056551559933
12.57599999997736,0.9970559416539192
12.576999999977359,0.9970526827709186
12.577999999977356,0.9970362739394367
12.578999999977354,0.9970333067026762
12.579999999977352,0.9970448951043752
12.58099999997735,0.9970475023604793
12.581999999977347,0.9970724399446953
12.582999999977345,0.9970423253906651
12.583999999977342,0.9970731981011949
12.58499999997734,0.997018040828692
12.585999999977338,0.9970201233249907
12.586999999977335,0.9970095666618528
12.587999999977333,0.9970136142829962
12.58899999997733,0.9970164262023562
12.589999999977328,0.9969936110904286
12.590999999977326,0.9969921524694435
12.591999999977324,0.9969609311908717
12.592999999977321,0.9969324571000727
12.593999999977319,0.9969300735844425
12.594999999977317,0.996924305527197
12.595999999977314,0.996919513381741
12.596999999977312,0.9969118125071484
12.59799999997731,0.9968910870474486
12.598999999977307,0.9968920592408678
12.599999999977305,0.9968299620914395
12.600999999977303,0.996830496004951
12.6019999999773,0.9968336527947923
12.602999999977298,0.9968499107258202
12.603999999977296,0.9968527675585842
12.604999999977293,0.9968409928976271
12.605999999977291,0.9968382773852575
12.606999999977289,0.996813230373131
12.607999999977286,0.9968432551877082
12.608999999977284,0.9968122613718194
12.609999999977282,0.9968672971055773
12.61099999997728,0.9968651001938735
12.611999999977277,0.9968755058003733
12.612999999977275,0.9968712935504321
12.613999999977272,0.9968684012495771
12.61499999997727,0.9968911478324843
12.615999999977268,0.9968924907590976
12.616999999977265,0.9969236008194043
12.617999999977263,0.9969519348439141
12.61899999997726,0.9969542088569616
12.619999999977258,0.9969598935819467
12.620999999977256,0.9969645319096994
12.621999999977254,0.996972156485282
12.622999999977251,0.9969927944281928
12.623999999977249,0.9969917125210807
12.624999999977247,0.9970537051264351
12.625999999977244,0.9970530839863151
12.626999999977242,0.9970498080025765
12.62799999997724,0.9970334759426316
12.628999999977237,0.9970305049284874
12.629999999977235,0.9970422725391107
12.630999999977233,0.997044872697476
12.63199999997723,0.9970698631260004
12.632999999977228,0.9970397212885453
12.633999999977226,0.9970705861032242
12.634999999977223,0.9970155113066832
12.635999999977221,0.9970175953976841
12.636999999977219,0.9970071203000188
12.637999999977216,0.9970112545485936
12.638999999977214,0.9970140574950704
12.639999999977212,0.9969911747750158
12.64099999997721,0.9969897176613121
12.641999999977207,0.9969584861427342
12.642999999977205,0.9969300446752233
12.643999999977202,0.9969276492402968
12.6449999999772,0.9969218681539486
12.645999999977198,0.9969171605447908
12.646999999977195,0.9969093642575683
12.647999999977193,0.9968885628380197
12.64899999997719,0.9968895200627522
12.649999999977188,0.9968273970686852
12.650999999977186,0.9968279341952561
12.651999999977184,0.9968310969803715
12.652999999977181,0.9968472677503772
12.653999999977179,0.9968501165558142
12.654999999977177,0.9968381526521614
12.655999999977174,0.9968354315234587
12.656999999977172,0.996810322576674
12.65799999997717,0.9968403609105534
12.658999999977167,0.9968093612226785
12.659999999977165,0.9968643008730299
12.660999999977163,0.9968620877388779
12.66199999997716,0.9968723975863282
12.662999999977158,0.9968680842922386
12.663999999977156,0.9968651889975665
12.664999999977153,0.9968879860005762
12.665999999977151,0.9968893108179827
12.666999999977149,0.9969204138308502
12.667999999977146,0.9969486981607387
12.668999999977144,0.9969509661118494
12.669999999977142,0.996956650080114
12.67099999997714,0.9969611864308271
12.671999999977137,0.9969688863524112
12.672999999977135,0.9969895800517541
12.673999999977132,0.9969884932603916
12.67499999997713,0.9970504911541315
12.675999999977128,0.9970498515373394
12.676999999977125,0.9970465489294804
12.677999999977123,0.9970302820157196
12.67899999997712,0.9970272974797048
12.679999999977118,0.9970392300576628
12.680999999977116,0.9970418135242927
12.681999999977114,0.9970668480369566
12.682999999977111,0.9970366702061658
12.68399999997711,0.9970675174782259
12.684999999977107,0.9970125141294369
12.685999999977104,0.9970145903106344
12.686999999977102,0.997004185516091
12.6879999999771,0.9970083949566658
12.688999999977097,0.9970111821812208
12.689999999977095,0.9969882244991113
12.690999999977093,0.9969867597370577
12.69199999997709,0.9969555094410821
12.692999999977088,0.99692709105905
12.693999999977086,0.9969246750788
12.694999999977084,0.9969188746685508
12.695999999977081,0.9969142407583108
12.696999999977079,0.9969063426939744
12.697999999977077,0.9968854586437224
12.698999999977074,0.996886392626904
12.699999999977072,0.9968242363863941
12.70099999997707,0.9968247702632291
12.701999999977067,0.9968279304349045
12.702999999977065,0.9968440076509161
12.703999999977063,0.9968468402899623
12.70499999997706,0.9968346836125631
12.705999999977058,0.9968319488568151
12.706999999977056,0.9968067736319075
12.707999999977053,0.9968368168618427
12.70899999997705,0.9968058037392079
12.709999999977049,0.9968606412706763
12.710999999977046,0.9968584044889387
12.711999999977044,0.9968686130655121
12.712999999977042,0.9968641935224737
12.71399999997704,0.9968612896047807
12.714999999977037,0.996884128021162
12.715999999977035,0.9968854276407253
12.716999999977032,0.9969165160687213
12.71799999997703,0.9969447443017141
12.718999999977028,0.9969469990076112
12.719999999977025,0.9969526767613339
12.720999999977023,0.996957106419029
12.72199999997702,0.9969648726616374
12.722999999977018,0.9969856135464776
12.723999999977016,0.9969845150251557
12.724999999977014,0.9970465106528706
12.725999999977011,0.9970458478953131
12.726999999977009,0.9970425125787743
12.727999999977007,0.997026302650031
12.728999999977004,0.9970232983123157
12.729999999977002,0.9970353851339767
12.730999999977,0.997037945797669
12.731999999976997,0.9970630182727009
12.732999999976995,0.9970327992049938
12.733999999976993,0.9970636228028649
12.73499999997699,0.9970086833574535
12.735999999976988,0.9970107456337146
12.736999999976986,0.997000403392152
12.737999999976983,0.997004680121515
12.738999999976981,0.9970074475097146
12.739999999976979,0.9969844110039693
12.740999999976976,0.9969829329630977
12.741999999976974,0.9969516588569831
12.742999999976972,0.9969232575428435
12.74399999997697,0.9969208159269497
12.744999999976967,0.9969149925448679
12.745999999976965,0.9969104250435512
12.746999999976962,0.9969024223696481
12.74799999997696,0.9968814525417191
12.748999999976958,0.9968823585621694
12.749999999976955,0.996820165185697
12.750999999976953,0.9968206920122824
12.75199999997695,0.9968238445113514
12.752999999976948,0.9968398253278223
12.753999999976946,0.9968426372125128
12.754999999976944,0.9968302877552513
12.755999999976941,0.9968275349072656
12.756999999976939,0.9968022916960524
12.757999999976937,0.9968323347625526
12.758999999976934,0.9968013041642365
12.759999999976932,0.9968560371135434
12.76099999997693,0.9968537728007426
12.761999999976927,0.9968638781394745
12.762999999976925,0.996859350670864
12.763999999976923,0.9968564351559509
12.76499999997692,0.9968793095327386
12.765999999976918,0.9968805804003582
12.766999999976916,0.9969116502537759
12.767999999976913,0.9969398195244991
12.768999999976911,0.9969420573224992
12.769999999976909,0.9969477260445819
12.770999999976906,0.996952047803145
12.771999999976904,0.9969598748454958
12.772999999976902,0.9969806578548551
12.7739999999769,0.9969795442481947
12.774999999976897,0.9970415335793508
12.775999999976895,0.997040845628026
12.776999999976892,0.9970374749886873
12.77799999997689,0.997021317345877
12.778999999976888,0.9970182903921367
12.779999999976885,0.9970305241998927
12.780999999976883,0.9970330594059527
12.78199999997688,0.9970581663182597
12.782999999976878,0.9970279041910144
12.783999999976876,0.9970587014332
12.784999999976874,0.997003821735113
12.785999999976871,0.9970058675265453
12.786999999976869,0.9969955834765218
12.787999999976867,0.9969999229838485
12.788999999976864,0.9970026689579019
12.789999999976862,0.9969795531284597
12.79099999997686,0.9969780595437704
12.791999999976857,0.9969467599301539
12.792999999976855,0.9969183729943949
12.793999999976853,0.9969159039914399
12.79499999997685,0.9969100564817244
12.795999999976848,0.9969055514091685
12.796999999976846,0.9968974446089311
12.797999999976843,0.9968763891488992
12.798999999976841,0.9968772657795648
12.799999999976839,0.9968150346232016
12.800999999976836,0.9968155530479245
12.801999999976834,0.9968186960686081
12.802999999976832,0.9968345808962757
12.80399999997683,0.9968373706705044
12.804999999976827,0.9968248316550913
12.805999999976825,0.996822059450731
12.806999999976822,0.996796748925862
12.80799999997682,0.9968267899623746
12.808999999976818,0.9967957409923196
12.809999999976815,0.9968503700934782
12.810999999976813,0.996848077507588
12.81199999997681,0.9968580807886102
12.812999999976808,0.996853446838746
12.813999999976806,0.9968505190799836
12.814999999976804,0.9968734270611243
12.815999999976802,0.9968746687022886
12.8169999999768,0.9969057190707078
12.817999999976797,0.9969338295789536
12.818999999976795,0.9969360498364596
12.819999999976792,0.9969417089745979
12.82099999997679,0.9969459246452453
12.821999999976788,0.9969538099352198
12.822999999976785,0.9969746329755317
12.823999999976783,0.9969735038760311
12.82499999997678,0.9970354858477559
12.825999999976778,0.9970347728418504
12.826999999976776,0.997031367169185
12.827999999976774,0.997015259981567
12.828999999976771,0.997012210472252
12.829999999976769,0.997024586842829
12.830999999976767,0.9970270967830269
12.831999999976764,0.9970522367308534
12.832999999976762,0.9970219325196571
12.83399999997676,0.9970527035386906
12.834999999976757,0.9969978821589495
12.835999999976755,0.9969999116439738
12.836999999976753,0.9969896841341082
12.83799999997675,0.9969940846119312
12.838999999976748,0.9969968096206748
12.839999999976746,0.9969736166504437
12.840999999976743,0.9969721079225596
12.841999999976741,0.9969407837332083
12.842999999976739,0.9969124110920218
12.843999999976736,0.9969099155652325
12.844999999976734,0.9969040447166598
12.845999999976732,0.996899600647891
12.84699999997673,0.9968913927869864
12.847999999976727,0.9968702543880885
12.848999999976725,0.9968711027329146
12.849999999976722,0.9968088356293049
12.85099999997672,0.996809346164678
12.851999999976718,0.996812480368433
12.852999999976715,0.996828272096044
12.853999999976713,0.996831040836055
12.85499999997671,0.996818317934225
12.855999999976708,0.9968155274961981
12.856999999976706,0.9967901521061102
12.857999999976704,0.9968201916104292
12.858999999976701,0.9967891256852156
12.859999999976699,0.9968436540429088
12.860999999976697,0.9968413347380214
12.861999999976694,0.9968512394480336
12.862999999976692,0.9968465027383269
12.86399999997669,0.9968435637664378
12.864999999976687,0.9968665052132484
12.865999999976685,0.9968677193582329
12.866999999976683,0.9968987515281634
12.86799999997668,0.9969268056585222
12.868999999976678,0.99692900987996
12.869999999976676,0.9969346604720286
12.870999999976673,0.9969387739943689
12.871999999976671,0.996946717032064
12.872999999976669,0.9969675800559105
12.873999999976666,0.9969664370868385
12.874999999976664,0.9970284126802051
12.875999999976662,0.9970276762581106
12.87699999997666,0.9970242378187839
12.877999999976657,0.9970081811790787
12.878999999976655,0.9970051111103899
12.879999999976652,0.9970176274879768
12.88099999997665,0.9970201142534564
12.881999999976648,0.9970452872390265
12.882999999976645,0.9970149437669819
12.883999999976643,0.9970456905522465
12.88499999997664,0.9969909278180823
12.885999999976638,0.9969929429684826
12.886999999976636,0.9969827720823979
12.887999999976634,0.9969872334456845
12.888999999976631,0.9969899392370576
12.889999999976629,0.9969666730251348
12.890999999976627,0.9969651512412876
12.891999999976624,0.9969338050578975
12.892999999976622,0.996905448245667
12.89399999997662,0.9969029286866231
12.894999999976617,0.9968970364935601
12.895999999976615,0.9968926535613726
12.896999999976613,0.9968843493016614
12.89799999997661,0.9968631322179847
12.898999999976608,0.9968639549148954
12.899999999976606,0.9968016551753778
12.900999999976603,0.9968021594480646
12.901999999976601,0.9968052869626782
12.902999999976599,0.9968209899633182
12.903999999976596,0.9968237401747193
12.904999999976594,0.9968108405194331
12.905999999976592,0.9968080343524154
12.90699999997659,0.9967825975728406
12.907999999976587,0.9968126373995804
12.908999999976585,0.9967815572418731
12.909999999976582,0.9968359893309635
12.91099999997658,0.9968336461492278
12.911999999976578,0.9968434570783954
12.912999999976575,0.9968386226051443
12.913999999976573,0.9968356743702049
12.91499999997657,0.9968586503481984
12.915999999976568,0.9968598399227834
12.916999999976566,0.9968908563687269
12.917999999976564,0.996918857685932
12.918999999976561,0.9969210485052492
12.91999999997656,0.9969266924235995
12.920999999976557,0.9969307088655264
12.921999999976554,0.9969387101959895
12.922999999976552,0.9969596141962809
12.92399999997655,0.9969584600100282
12.924999999976547,0.9970204312494182
12.925999999976545,0.9970196737990008
12.926999999976543,0.9970162058405486
12.92799999997654,0.9970002007632152
12.928999999976538,0.9969971130710489
12.929999999976536,0.9970097677651707
12.930999999976533,0.9970122343536677
12.931999999976531,0.9970374410385113
12.932999999976529,0.9970070619889347
12.933999999976526,0.9970377873999444
12.934999999976524,0.9969830844072226
12.935999999976522,0.9969850880065892
12.93699999997652,0.996974974583858
12.937999999976517,0.9969794974914832
12.938999999976515,0.9969821863849782
12.939999999976513,0.9969588515801087
12.94099999997651,0.9969573195473561
12.941999999976508,0.9969259546394882
12.942999999976506,0.9968976158473943
12.943999999976503,0.9968950754182748
12.9449999999765,0.9968891643651231
12.945999999976499,0.9968848433057821
12.946999999976496,0.9968764479588235
12.947999999976494,0.996855157061602
12.948999999976492,0.9968559573401049
12.94999999997649,0.9967936288180002
12.950999999976487,0.99679412886853
12.951999999976485,0.9967972523583376
12.952999999976482,0.9968128715660345
12.95399999997648,0.9968156062623644
12.954999999976478,0.9968025375341997
12.955999999976475,0.9967997186129341
12.956999999976473,0.9967742242686458
12.95799999997647,0.9968042667256066
12.958999999976468,0.9967731754674543
12.959999999976466,0.996827516237581
12.960999999976464,0.9968251524192172
12.961999999976461,0.9968348747760659
12.962999999976459,0.996829947932388
12.963999999976457,0.9968269926457465
12.964999999976454,0.9968500045509592
12.965999999976452,0.996851172809619
12.96699999997645,0.9968821763320903
12.967999999976447,0.9969101287258547
12.968999999976445,0.9969123090569167
12.969999999976443,0.9969179483748402
12.97099999997644,0.996921873094265
12.971999999976438,0.9969299334755061
12.972999999976436,0.9969508796582435
12.973999999976433,0.9969497171160666
12.974999999976431,0.9970116862527488
12.975999999976429,0.9970109103052134
12.976999999976426,0.9970074162534702
12.977999999976424,0.9969914638775298
12.978999999976422,0.996988361645269
12.97999999997642,0.9970011530437458
12.980999999976417,0.997003602579503
12.981999999976415,0.9970288437038607
12.982999999976412,0.9969984328527829
12.98399999997641,0.9970291398570357
12.984999999976408,0.996974497717544
12.985999999976405,0.9969764926137983
12.986999999976403,0.9969664375112868
12.9879999999764,0.996971022633838
12.988999999976398,0.9969736969760823
12.989999999976396,0.9969502982579806
12.990999999976394,0.9969487587902912
12.991999999976391,0.996917378411346
12.992999999976389,0.9968890597893497
12.993999999976387,0.9968865016308007
12.994999999976384,0.9968805741789118
12.995999999976382,0.9968763156551643
12.99699999997638,0.9968678345078404
12.997999999976377,0.9968464746206538
12.998999999976375,0.9968472556435644
12.999999999976373,0.9967849020838475
13.00099999997637,0.9967853998842351
13.001999999976368,0.9967885219148028
13.002999999976366,0.996804062195197
13.003999999976363,0.9968067842778517
13.004999999976361,0.9967935540895076
13.005999999976359,0.9967907252550401
13.006999999976356,0.9967651770717998
13.007999999976354,0.9967952243302496
13.008999999976352,0.9967641249309775
13.00999999997635,0.9968183792305463
13.010999999976347,0.9968159978472286
13.011999999976345,0.9968256366971482
13.012999999976342,0.9968206227199569
13.01399999997634,0.9968176624458406
13.014999999976338,0.9968407114697011
13.015999999976335,0.9968418614662968
13.016999999976333,0.9968728546721122
13.01799999997633,0.9969007618444597
13.018999999976328,0.9969029343778735
13.019999999976326,0.9969085709978038
13.020999999976324,0.9969124091507507
13.021999999976321,0.996920529079097
13.022999999976319,0.9969415183958327
13.023999999976317,0.9969403501062233
13.024999999976314,0.9970023191668052
13.025999999976312,0.9970015270606953
13.02699999997631,0.996998010080488
13.027999999976307,0.9969821112412419
13.028999999976305,0.9969789972767329
13.029999999976303,0.9969919234398169
13.0309999999763,0.9969943587669075
13.031999999976298,0.9970196348538222
13.032999999976296,0.996989195677047
13.033999999976293,0.9970198869677178
13.034999999976291,0.9969653064372633
13.035999999976289,0.9969672951775581
13.036999999976286,0.9969572989179689
13.037999999976284,0.9969619465949081
13.038999999976282,0.9969646085056455
13.03999999997628,0.9969411502494436
13.040999999976277,0.9969396058450152
13.041999999976275,0.9969082129163134
13.042999999976272,0.9968799162692732
13.04399999997627,0.9968773432022255
13.044999999976268,0.9968714015711402
13.045999999976265,0.9968672058936365
13.046999999976263,0.9968586439282772
13.04799999997626,0.9968372195563497
13.048999999976258,0.9968379841609705
13.049999999976256,0.9967756089483345
13.050999999976254,0.996776106221497
13.051999999976251,0.9967792290263497
13.05299999997625,0.996794694947769
13.053999999976247,0.9967974069893636
13.054999999976244,0.9967840226672218
13.055999999976242,0.9967811864279351
13.05699999997624,0.99675558788544
13.057999999976238,0.9967856417988092
13.058999999976235,0.9967545368703691
13.059999999976233,0.99680870927459
13.06099999997623,0.9968063130698749
13.061999999976228,0.9968158731787332
13.062999999976226,0.9968107770010751
13.063999999976224,0.9968078135548616
13.064999999976221,0.9968309005591761
13.065999999976219,0.9968320350259839
13.066999999976217,0.9968630202151824
13.067999999976214,0.996890885574527
13.068999999976212,0.996893052682351
13.06999999997621,0.9968986882694886
13.070999999976207,0.996902444723551
13.071999999976205,0.9969106243665061
13.072999999976203,0.9969316574538547
13.0739999999762,0.9969304857171927
13.074999999976198,0.9969924564558196
13.075999999976196,0.9969916503059203
13.076999999976193,0.9969881132661548
13.077999999976191,0.9969722684740405
13.078999999976189,0.9969691452909444
13.079999999976186,0.9969822039515756
13.080999999976184,0.996984627630079
13.081999999976182,0.9970099389907868
13.08299999997618,0.9969794746734361
13.083999999976177,0.9970101526855613
13.084999999976175,0.9969556341975295
13.085999999976172,0.9969576190617029
13.08699999997617,0.9969476818808114
13.087999999976168,0.9969523921743091
13.088999999976165,0.9969550435874521
13.089999999976163,0.996931529922424
13.09099999997616,0.99692998283338
13.091999999976158,0.99689858002239
13.092999999976156,0.9968703068965633
13.093999999976154,0.9968677215128741
13.094999999976151,0.9968617677533254
13.095999999976149,0.9968576349906342
13.096999999976147,0.9968489969887441
13.097999999976144,0.9968275124314148
13.098999999976142,0.9968282632525383
13.09999999997614,0.9967658695426475
13.100999999976137,0.9967663678650658
13.101999999976135,0.9967694934886779
13.102999999976133,0.996784889464526
13.10399999997613,0.996787593864684
13.104999999976128,0.9967740625994561
13.105999999976126,0.9967712213005739
13.106999999976123,0.9967455757607622
13.107999999976121,0.9967756380447352
13.108999999976119,0.9967445300392445
13.109999999976116,0.9967986250356463
13.110999999976114,0.9967962166239528
13.111999999976112,0.9968057026577812
13.11299999997611,0.9968005291132301
13.113999999976107,0.9967975642244347
13.114999999976105,0.9968206899665618
13.115999999976102,0.9968218115409753
13.1169999999761,0.9968527909401502
13.117999999976098,0.9968806178362023
13.118999999976095,0.9968827818167366
13.119999999976093,0.9968884179871962
13.12099999997609,0.996892097569965
13.121999999976088,0.996900337031244
13.122999999976086,0.9969214144801729
13.123999999976084,0.996920241559704
13.124999999976081,0.996982215734063
13.125999999976079,0.9969813976412412
13.126999999976077,0.9969778433986696
13.127999999976074,0.9969620531339706
13.128999999976072,0.9969589232464943
13.12999999997607,0.9969721121195717
13.130999999976067,0.9969745267295063
13.131999999976065,0.9969998736970449
13.132999999976063,0.9969693874440122
13.13399999997606,0.9970000546707559
13.134999999976058,0.996945598661274
13.135999999976056,0.996947581987437
13.136999999976053,0.9969377041672943
13.137999999976051,0.9969424772013769
13.138999999976049,0.9969451201173771
13.139999999976046,0.9969215552643026
13.140999999976044,0.9969200078422353
13.141999999976042,0.9968885979106381
13.14299999997604,0.9968603499488501
13.143999999976037,0.9968577549676859
13.144999999976035,0.996851791230818
13.145999999976032,0.9968477215761663
13.14699999997603,0.9968390124808681
13.147999999976028,0.996817472198318
13.148999999976025,0.9968182120410207
13.149999999976023,0.9967558031362842
13.15099999997602,0.9967563042227543
13.151999999976018,0.9967594349021426
13.152999999976016,0.9967747655716909
13.153999999976014,0.9967774649443949
13.154999999976011,0.9967637941722916
13.155999999976009,0.9967609503888669
13.156999999976007,0.996735261388916
13.157999999976004,0.996765334020248
13.158999999976002,0.9967342256302346
13.159999999976,0.9967882480163858
13.160999999975997,0.9967858302873612
13.161999999975995,0.9967952472143652
13.162999999975993,0.9967900014420231
13.16399999997599,0.9967870370624198
13.164999999975988,0.9968102026096163
13.165999999975986,0.9968113142481845
13.166999999975983,0.9968422904256067
13.167999999975981,0.996870082564292
13.168999999975979,0.9968722460612229
13.169999999975976,0.9968778846970833
13.170999999975974,0.9968814926124946
13.171999999975972,0.9968897923583588
13.17299999997597,0.9969109151406778
13.173999999975967,0.9969097436880563
13.174999999975965,0.9969717234848676
13.175999999975962,0.9969708958556107
13.17699999997596,0.9969673276813432
13.177999999975958,0.9969515928272816
13.178999999975956,0.9969484591798368
13.179999999975953,0.9969617764018992
13.18099999997595,0.99696418497382
13.181999999975949,0.9969895682281446
13.182999999975946,0.9969590636951787
13.183999999975944,0.9969897231178748
13.184999999975942,0.9969353304643463
13.18599999997594,0.9969373150809412
13.186999999975937,0.9969274973860992
13.187999999975935,0.9969323337819359
13.188999999975932,0.996934970590531
13.18999999997593,0.9969113592900245
13.190999999975928,0.9969098144170111
13.191999999975925,0.9968784006517408
13.192999999975923,0.99685018002599
13.19399999997592,0.996847578723103
13.194999999975918,0.9968416075812422
13.195999999975916,0.9968376017849893
13.196999999975914,0.9968288271245395
13.197999999975911,0.9968072361611228
13.198999999975909,0.9968079684260956
13.199999999975907,0.9967455482017862
13.200999999975904,0.9967460542225902
13.201999999975902,0.9967491928093647
13.2029999999759,0.9967644634531068
13.203999999975897,0.996767161045554
13.204999999975895,0.9967533588587285
13.205999999975893,0.9967505158114875
13.20699999997589,0.9967247873729423
13.207999999975888,0.9967548730009722
13.208999999975886,0.9967237675710756
13.209999999975883,0.9967777228579299
13.210999999975881,0.9967752993835189
13.211999999975879,0.9967846528760022
13.212999999975876,0.9967793407194118
13.213999999975874,0.9967763793245329
13.214999999975872,0.9967995864550299
13.21599999997587,0.9968006918300052
13.216999999975867,0.9968316680890572
13.217999999975865,0.9968594299213815
13.218999999975862,0.996861596312634
13.21999999997586,0.9968672398519393
13.220999999975858,0.9968707820609138
13.221999999975855,0.9968791433028868
13.222999999975853,0.9969003131499383
13.22399999997585,0.9968991465795557
13.224999999975848,0.9969611349849805
13.225999999975846,0.9969603008081066
13.226999999975844,0.9969567227525995
13.227999999975841,0.9969410449608189
13.228999999975839,0.9969379112875446
13.229999999975837,0.996951355777375
13.230999999975834,0.9969537621449014
13.231999999975832,0.9969791829758412
13.23299999997583,0.9969486646157648
13.233999999975827,0.9969793200462309
13.234999999975825,0.9969249924084715
13.235999999975823,0.9969269819687482
13.23699999997582,0.9969172259781774
13.237999999975818,0.9969221271823737
13.238999999975816,0.9969247609041584
13.239999999975813,0.9969011087335105
13.240999999975811,0.9968995701365491
13.241999999975809,0.9968681566586927
13.242999999975806,0.9968399663767514
13.243999999975804,0.996837362885817
13.244999999975802,0.9968313875555126
13.2459999999758,0.9968274472208722
13.246999999975797,0.9968186133956888
13.247999999975795,0.9967969776632687
13.248999999975792,0.9967977066269635
13.24999999997579,0.9967352798054897
13.250999999975788,0.9967357935896242
13.251999999975785,0.9967389438165083
13.252999999975783,0.9967541606157739
13.25399999997578,0.9967568605646351
13.254999999975778,0.9967429359574499
13.255999999975776,0.9967400977585663
13.256999999975774,0.9967143345657437
13.257999999975771,0.9967444367497031
13.258999999975769,0.9967133385063905
13.259999999975767,0.9967672331439221
13.260999999975764,0.9967648083987412
13.261999999975762,0.9967741050469007
13.26299999997576,0.9967687332617448
13.263999999975757,0.9967657780050272
13.264999999975755,0.9967890294102741
13.265999999975753,0.9967901331042744
13.26699999997575,0.9968211136733383
13.267999999975748,0.9968488505782371
13.268999999975746,0.9968510241533687
13.269999999975743,0.9968566757193932
13.270999999975741,0.9968601591048554
13.271999999975739,0.9968685839612929
13.272999999975736,0.9968898035201225
13.273999999975734,0.9968886461574691
13.274999999975732,0.9969506471003782
13.27599999997573,0.9969498100487643
13.276999999975727,0.9969462270727645
13.277999999975725,0.9969306088894058
13.278999999975722,0.996927479833584
13.27999999997572,0.9969410514086138
13.280999999975718,0.9969434603157056
13.281999999975715,0.9969689207001577
13.282999999975713,0.9969383938579238
13.28399999997571,0.9969690500279802
13.284999999975708,0.9969147899324396
13.285999999975706,0.9969167889914012
13.286999999975704,0.9969070971690569
13.287999999975701,0.9969120655182776
13.2889999999757,0.996914699846887
13.289999999975697,0.9968910132705328
13.290999999975694,0.9968894855664588
13.291999999975692,0.996858077370092
13.29299999997569,0.996829921307691
13.293999999975687,0.9968273206452968
13.294999999975685,0.9968213450015198
13.295999999975683,0.9968174725989679
13.29699999997568,0.9968085868881125
13.297999999975678,0.9967869131658282
13.298999999975676,0.9967876439739287
13.299999999975674,0.9967252161129788
13.300999999975671,0.9967257411343089
13.301999999975669,0.9967289075900788
13.302999999975667,0.996744077593748
13.303999999975664,0.9967467848855631
13.304999999975662,0.9967327477069777
13.30599999997566,0.9967299193063263
13.306999999975657,0.9967041266619304
13.307999999975655,0.9967342498043443
13.308999999975653,0.9967031637847698
13.30999999997565,0.9967570050784056
13.310999999975648,0.9967545843528681
13.311999999975646,0.9967638315694052
13.312999999975643,0.9967584077226056
13.31399999997564,0.9967554623555382
13.314999999975639,0.9967787615273099
13.315999999975636,0.9967798689138335
13.316999999975634,0.9968108588182789
13.317999999975632,0.9968385769677793
13.31899999997563,0.9968407627872842
13.319999999975627,0.9968464260780965
13.320999999975625,0.9968498582900678
13.321999999975622,0.9968583496272603
13.32299999997562,0.9968796222929467
13.323999999975618,0.9968784792000414
13.324999999975615,0.9969404973675238
13.325999999975613,0.9969396616573962
13.32699999997561,0.996936079438035
13.327999999975608,0.9969205241052935
13.328999999975606,0.9969174050115371
13.329999999975604,0.996931104176301
13.330999999975601,0.996933521055594
13.331999999975599,0.9969590234872686
13.332999999975597,0.9969284941679725
13.333999999975594,0.9969591564877457
13.334999999975592,0.99690496708451
13.33599999997559,0.9969069808442722
13.336999999975587,0.9968973562809093
13.337999999975585,0.9969023947349533
13.338999999975583,0.9969050338313364
13.33999999997558,0.9968813199198444
13.340999999975578,0.9968798083274245
13.341999999975576,0.996848410986117
13.342999999975573,0.9968202935872671
13.343999999975571,0.9968177013441708
13.344999999975569,0.9968117296848805
13.345999999975566,0.9968079282348706
13.346999999975564,0.9967989984669638
13.347999999975562,0.9967772940666436
13.34899999997556,0.9967780323936052
13.349999999975557,0.9967156095408909
13.350999999975555,0.9967161496539746
13.351999999975552,0.9967193374257975
13.35299999997555,0.9967344681826159
13.353999999975548,0.9967371882819845
13.354999999975545,0.9967230488520114
13.355999999975543,0.9967202356524647
13.35699999997554,0.9966944191840484
13.357999999975538,0.9967245681337114
13.358999999975536,0.996693499783614
13.359999999975534,0.996747295480692
13.360999999975531,0.9967448844649723
13.361999999975529,0.9967540900603227
13.362999999975527,0.9967486220992388
13.363999999975524,0.9967456906460415
13.364999999975522,0.9967690414388884
13.36599999997552,0.9967701582367707
13.366999999975517,0.9968011628476446
13.367999999975515,0.9968288687479946
13.368999999975513,0.9968310721801487
13.36999999997551,0.9968367511170806
13.370999999975508,0.99684014009583
13.371999999975506,0.9968487010510132
13.372999999975503,0.9968700304824557
13.373999999975501,0.9968689069658916
13.374999999975499,0.9969309473051373
13.375999999975496,0.9969301173183112
13.376999999975494,0.9969265417411505
13.377999999975492,0.99691105268595
13.37899999997549,0.9969079490805093
13.379999999975487,0.9969217765069682
13.380999999975485,0.9969242069489274
13.381999999975482,0.9969497540390125
13.38299999997548,0.9969192283674846
13.383999999975478,0.9969499023800195
13.384999999975475,0.9968957868956457
13.385999999975473,0.9968978206498922
13.38699999997547,0.9968882665055863
13.387999999975468,0.9968933780845126
13.388999999975466,0.996896026149011
13.389999999975464,0.9968722920018698
13.390999999975461,0.9968708017613652
13.391999999975459,0.996839420842616
13.392999999975457,0.9968113465306123
13.393999999975454,0.9968087682756283
13.394999999975452,0.9968028048721187
13.39599999997545,0.9967990773457001
13.396999999975447,0.9967901112862465
13.397999999975445,0.9967683834374543
13.398999999975443,0.9967691348681528
13.39999999997544,0.9967067229385839
13.400999999975438,0.9967072819100353
13.401999999975436,0.996710495955133
13.402999999975433,0.9967255948768615
13.403999999975431,0.9967283330879521
13.404999999975429,0.9967141015461456
13.405999999975426,0.9967113087565953
13.406999999975424,0.9966854739264498
13.407999999975422,0.9967156533258594
13.40899999997542,0.9966846078422488
13.409999999975417,0.9967383654648415
13.410999999975415,0.9967359695821844
13.411999999975412,0.9967451410891075
13.41299999997541,0.9967396366639449
13.413999999975408,0.9967367229138419
13.414999999975405,0.9967601288685125
13.415999999975403,0.9967612604579861
13.4169999999754,0.9967922848051775
13.417999999975398,0.9968199846052466
13.418999999975396,0.9968222106331565
13.419999999975394,0.9968279088391371
13.420999999975392,0.9968312621111638
13.42199999997539,0.9968398953969817
13.422999999975387,0.9968612848166618
13.423999999975385,0.9968601857203938
13.424999999975382,0.996922252728148
13.42599999997538,0.9969214324763294
13.426999999975378,0.9969178689195362
13.427999999975375,0.9969024490404744
13.428999999975373,0.9968993659099441
13.42999999997537,0.9969133217260319
13.430999999975368,0.9969157707524826
13.431999999975366,0.9969413646875468
13.432999999975364,0.9969108481778051
13.433999999975361,0.9969415388262385
13.434999999975359,0.9968874998362284
13.435999999975357,0.9968895582343226
13.436999999975354,0.9968800770077244
13.437999999975352,0.9968852640583244
13.43899999997535,0.9968879247745606
13.439999999975347,0.9968641767739986
13.440999999975345,0.9968627124027558
13.441999999975343,0.9968313527228787
13.44299999997534,0.9968033251556666
13.443999999975338,0.9968007656852998
13.444999999975336,0.9967948142185643
13.445999999975333,0.99679116279202
13.446999999975331,0.9967821673836776
13.447999999975329,0.9967604224742752
13.448999999975326,0.9967611917471273
13.449999999975324,0.9966987957659574
13.450999999975322,0.996699376707645
13.45199999997532,0.9967026210971666
13.452999999975317,0.9967176946943265
13.453999999975315,0.9967204554013273
13.454999999975312,0.9967061409338958
13.45599999997531,0.996703372809192
13.456999999975308,0.9966775243413619
13.457999999975305,0.996707737866653
13.458999999975303,0.9966767194381029
13.4599999999753,0.9967304455125071
13.460999999975298,0.9967280691562452
13.461999999975296,0.9967372130610979
13.462999999975294,0.9967316787559075
13.463999999975291,0.9967287856917777
13.464999999975289,0.9967522492770933
13.465999999975287,0.996753399937013
13.466999999975284,0.9967844479469865
13.467999999975282,0.9968121466739724
13.46899999997528,0.9968143991355753
13.469999999975277,0.9968201193655495
13.470999999975275,0.9968234432774169
13.471999999975273,0.9968321504311347
13.47299999997527,0.9968536018726176
13.473999999975268,0.9968525308222524
13.474999999975266,0.99691462778809
13.475999999975263,0.9969138203457436
13.476999999975261,0.9969102729262608
13.477999999975259,0.9968949238472984
13.478999999975256,0.9968918648866746
13.479999999975254,0.9969059479392006
13.480999999975252,0.9969084192536773
13.48199999997525,0.9969340612389802
13.482999999975247,0.9969035580476651
13.483999999975245,0.9969342689287994
13.484999999975242,0.9968803076253219
13.48599999997524,0.9968823939321853
13.486999999975238,0.9968729867311595
13.487999999975235,0.9968782501984473
13.488999999975233,0.9968809261828481
13.48999999997523,0.9968571692574801
13.490999999975228,0.9968557338203399
13.491999999975226,0.9968243987181503
13.492999999975224,0.9967964200672537
13.493999999975221,0.9967938826813155
13.494999999975219,0.9967879457014958
13.495999999975217,0.9967843710466344
13.496999999975214,0.9967753516840693
13.497999999975212,0.9967535945413568
13.49899999997521,0.9967543848358448
13.499999999975207,0.9966920082312831
13.500999999975205,0.9966926130719892
13.501999999975203,0.9966958902902476
13.5029999999752,0.9967109434647119
13.503999999975198,0.9967137294356354
13.504999999975196,0.9966993395645346
13.505999999975193,0.9966965987164375
13.506999999975191,0.9966707400778136
13.507999999975189,0.9967009897567852
13.508999999975186,0.996670000885565
13.509999999975184,0.996723700254077
13.510999999975182,0.9967213461139716
13.51199999997518,0.9967304671764871
13.512999999975177,0.9967249078347675
13.513999999975175,0.9967220371361408
13.514999999975172,0.9967455590960892
13.51599999997517,0.9967467313480095
13.516999999975168,0.996777805192952
13.517999999975165,0.9968055061013249
13.518999999975163,0.9968077870481524
13.51999999997516,0.9968135307111764
13.520999999975158,0.9968168297845853
13.521999999975156,0.9968256105504555
13.522999999975154,0.9968471242411873
13.523999999975151,0.9968460830249406
13.52499999997515,0.996908211416822
13.525999999975147,0.9969074184617899
13.526999999975144,0.9969038894270655
13.527999999975142,0.9968886109053324
13.52899999997514,0.9968855779199713
13.529999999975137,0.9968997852042086
13.530999999975135,0.9969022806030711
13.531999999975133,0.9969279704318673
13.53299999997513,0.996897482777112
13.533999999975128,0.9969282155674157
13.534999999975126,0.9968743312020818
13.535999999975123,0.9968764467359603
13.536999999975121,0.9968671127319182
13.537999999975119,0.9968724516192982
13.538999999975116,0.9968751440106721
13.539999999975114,0.9968513810866448
13.540999999975112,0.9968499756605671
13.54199999997511,0.9968186664668632
13.542999999975107,0.9967907368979573
13.543999999975105,0.9967882228795244
13.544999999975103,0.996782301419003
13.5459999999751,0.996778802206094
13.546999999975098,0.996769762221086
13.547999999975096,0.9967479956056892
13.548999999975093,0.9967488080496164
13.54999999997509,0.9966864521655118
13.550999999975089,0.9966870812929498
13.551999999975086,0.9966903917655486
13.552999999975084,0.9967054273329438
13.553999999975082,0.9967082392580661
13.55499999997508,0.996693779362986
13.555999999975077,0.996691066312299
13.556999999975075,0.9966651993746413
13.557999999975072,0.9966954851529054
13.55899999997507,0.9966645262266641
13.559999999975068,0.9967182016113895
13.560999999975065,0.9967158702551425
13.561999999975063,0.9967249710870772
13.56299999997506,0.9967193893955267
13.563999999975058,0.9967165411411546
13.564999999975056,0.9967401201096345
13.565999999975054,0.9967413143306975
13.566999999975051,0.9967724140485437
13.567999999975049,0.9968001182426475
13.568999999975047,0.9968024275754642
13.569999999975044,0.9968081944669683
13.570999999975042,0.9968114710360444
13.57199999997504,0.996820323030321
13.572999999975037,0.996841897062374
13.573999999975035,0.9968408853016272
13.574999999975033,0.9969030444415996
13.57599999997503,0.9969022660160956
13.576999999975028,0.9968987554322483
13.577999999975026,0.996883545064512
13.578999999975023,0.9968805376737169
13.579999999975021,0.9968948640642166
13.580999999975019,0.9968973831539463
13.581999999975016,0.9969231190060671
13.582999999975014,0.9968926468975862
13.583999999975012,0.9969234010892203
13.58499999997501,0.9968695907324697
13.585999999975007,0.9968717346192607
13.586999999975005,0.9968624708193629
13.587999999975002,0.9968678819681152
13.588999999975,0.9968705902590376
13.589999999974998,0.9968468220370785
13.590999999974995,0.9968454455025038
13.591999999974993,0.9968141613397916
13.59299999997499,0.9967862788244135
13.593999999974988,0.9967837872524057
13.594999999974986,0.9967778806902864
13.595999999974984,0.9967744534251919
13.596999999974981,0.9967653939110965
13.597999999974979,0.9967436183521815
13.598999999974977,0.996744451870083
13.599999999974974,0.9966821158241668
13.600999999974972,0.9966827679834847
13.60199999997497,0.9966861099500791
13.602999999974967,0.9967011285086597
13.603999999974965,0.996703964887736
13.604999999974963,0.9966894380810022
13.60599999997496,0.9966867511611921
13.606999999974958,0.996660876128261
13.607999999974956,0.9966911957871466
13.608999999974953,0.9966602650048274
13.609999999974951,0.9967139169279291
13.610999999974949,0.9967116067411753
13.611999999974946,0.99672068774338
13.612999999974944,0.9967150841780408
13.613999999974942,0.9967122568181921
13.61499999997494,0.9967358892951659
13.615999999974937,0.9967371036952344
13.616999999974935,0.9967682271756305
13.617999999974932,0.9967959335981912
13.61899999997493,0.9967982690695749
13.619999999974928,0.996804057378519
13.620999999974925,0.9968073115942564
13.621999999974923,0.996816230340381
13.62299999997492,0.9968378607100594
13.623999999974918,0.9968368759005025
13.624999999974916,0.9968990630140173
13.625999999974914,0.9968982975647624
13.626999999974911,0.9968948033766967
13.627999999974909,0.9968796566794633
13.628999999974907,0.9968766723939998
13.629999999974904,0.9968911107525811
13.630999999974902,0.9968936510424896
13.6319999999749,0.9969194295657373
13.632999999974897,0.9968889709090583
13.633999999974895,0.9969197439234825
13.634999999974893,0.9968660025988232
13.63599999997489,0.9968681719033041
13.636999999974888,0.9968589732993058
13.637999999974886,0.9968644515461454
13.638999999974883,0.9968671736969292
13.639999999974881,0.9968433988049465
13.640999999974879,0.996842048014887
13.641999999974876,0.9968107859732248
13.642999999974874,0.9967829464775424
13.643999999974872,0.9967804744175389
13.64499999997487,0.9967745806269032
13.645999999974867,0.9967712198656344
13.646999999974865,0.9967621398799793
13.647999999974862,0.9967403538865557
13.64899999997486,0.9967412054261285
13.649999999974858,0.9966788863447504
13.650999999974855,0.9966795588207723
13.651999999974853,0.9966829285841037
13.65299999997485,0.9966979287606447
13.653999999974848,0.9967007861657831
13.654999999974846,0.9966861935431391
13.655999999974844,0.9966835291789946
13.656999999974841,0.9966576447946673
13.65799999997484,0.9966879942442322
13.658999999974837,0.996657087916339
13.659999999974834,0.9967107149946853
13.660999999974832,0.9967084224935743
13.66199999997483,0.9967174821681816
13.662999999974828,0.9967118553118316
13.663999999974825,0.9967090459200546
13.664999999974823,0.9967327266170383
13.66599999997482,0.9967339575847053
13.666999999974818,0.9967651009216966
13.667999999974816,0.9967928067090158
13.668999999974814,0.9967951642916296
13.669999999974811,0.996800970882023
13.670999999974809,0.9968042010838087
13.671999999974807,0.9968131804064778
13.672999999974804,0.9968348614137542
13.673999999974802,0.996833899326908
13.6749999999748,0.996896109949021
13.675999999974797,0.9968953546368776
13.676999999974795,0.996891873086136
13.677999999974793,0.996876783929488
13.67899999997479,0.9968738185847134
13.679999999974788,0.9968883602145278
13.680999999974786,0.9968909175621147
13.681999999974783,0.9969167342138243
13.682999999974781,0.9968862852667165
13.683999999974779,0.9969170729160438
13.684999999974776,0.9968633940798923
13.685999999974774,0.9968655842820259
13.686999999974772,0.9968564443394253
13.68799999997477,0.9968619830120082
13.688999999974767,0.9968647158199896
13.689999999974765,0.9968409313077214
13.690999999974762,0.9968396015933789
13.69199999997476,0.996808357242148
13.692999999974758,0.9967805552483201
13.693999999974755,0.9967780982753395
13.694999999974753,0.9967722140186523
13.69599999997475,0.9967689129082433
13.696999999974748,0.9967598100047373
13.697999999974746,0.9967380106059331
13.698999999974744,0.9967388756878592
13.699999999974741,0.9966765692629898
13.700999999974739,0.9966772583007564
13.701999999974737,0.9966806507922067
13.702999999974734,0.9966956298047401
13.703999999974732,0.9966985034563981
13.70499999997473,0.9966838446646255
13.705999999974727,0.9966811979590221
13.706999999974725,0.9966553019465211
13.707999999974723,0.9966856758208309
13.70899999997472,0.9966547889707988
13.709999999974718,0.9967083885133362
13.710999999974716,0.9967061089550503
13.711999999974713,0.9967151445139973
13.712999999974711,0.9967094916692698
13.713999999974709,0.9967066964115251
13.714999999974706,0.9967304188840312
13.715999999974704,0.9967316616196666
13.716999999974702,0.9967628197493209
13.7179999999747,0.9967905208692198
13.718999999974697,0.9967928954027624
13.719999999974695,0.9967987163025024
13.720999999974692,0.9968019196658765
13.72199999997469,0.9968109523543607
13.722999999974688,0.9968326772696213
13.723999999974685,0.9968317326201399
13.724999999974683,0.9968939612657
13.72599999997468,0.9968932124709411
13.726999999974678,0.9968897387719091
13.727999999974676,0.9968747000675944
13.728999999974674,0.996871748509517
13.729999999974671,0.9968863838565457
13.730999999974669,0.9968889531607333
13.731999999974667,0.9969148027323553
13.732999999974664,0.9968843588029772
13.733999999974662,0.9969151559917955
13.73499999997466,0.9968615322457924
13.735999999974657,0.9968637379504119
13.736999999974655,0.9968546493246169
13.737999999974653,0.9968602409621885
13.73899999997465,0.9968629805993267
13.739999999974648,0.9968391826558456
13.740999999974646,0.9968378685513704
13.741999999974643,0.996806636665888
13.742999999974641,0.996778865905058
13.743999999974639,0.9967764188368196
13.744999999974636,0.9967705403164624
13.745999999974634,0.996767291336024
13.746999999974632,0.9967581623018905
13.74799999997463,0.9967363457866381
13.748999999974627,0.9967372192502728
13.749999999974625,0.996674920488828
13.750999999974622,0.9966756218557474
13.75199999997462,0.996679031386491
13.752999999974618,0.9966939857936598
13.753999999974615,0.9966968703161878
13.754999999974613,0.9966821443048143
13.75599999997461,0.996679509798543
13.756999999974608,0.9966535994292914
13.757999999974606,0.9966839918494188
13.758999999974604,0.9966531189787804
13.759999999974601,0.9967066877488557
13.760999999974599,0.9967044158999533
13.761999999974597,0.996713424032884
13.762999999974594,0.9967077419904341
13.763999999974592,0.9967049567058154
13.76499999997459,0.9967287141283756
13.765999999974587,0.9967299634191614
13.766999999974585,0.9967611308940285
13.767999999974583,0.9967888229205631
13.76899999997458,0.9967912088898413
13.769999999974578,0.9967970398744777
13.770999999974576,0.9968002131881705
13.771999999974573,0.9968092917768079
13.772999999974571,0.996831053621513
13.773999999974569,0.99683012084857
13.774999999974566,0.9968923617924621
13.775999999974564,0.9968916157019775
13.776999999974562,0.9968881448240275
13.77799999997456,0.996873149310886
13.778999999974557,0.9968702061807524
13.779999999974555,0.9968849256198008
13.780999999974552,0.9968875016057692
13.78199999997455,0.9969133788103745
13.782999999974548,0.996882935043159
13.783999999974546,0.9969137365521564
13.784999999974543,0.9968601604308284
13.78599999997454,0.9968623761519368
13.786999999974539,0.9968533314713219
13.787999999974536,0.9968589686086784
13.788999999974534,0.9968617112073215
13.789999999974532,0.9968378959429001
13.79099999997453,0.9968365919674611
13.791999999974527,0.9968053673106329
13.792999999974525,0.9967776215446918
13.793999999974522,0.9967751792223162
13.79499999997452,0.9967693026649971
13.795999999974518,0.9967660984039245
13.796999999974515,0.9967569400393358
13.797999999974513,0.996735102734176
13.79899999997451,0.9967359795145277
13.799999999974508,0.9966736835153831
13.800999999974506,0.9966743930812683
13.801999999974504,0.9966778141139672
13.802999999974501,0.9966927405855581
13.803999999974499,0.9966956307770787
13.804999999974497,0.9966808365687696
13.805999999974494,0.9966782090072334
13.806999999974492,0.9966522816750585
13.80799999997449,0.996682687010888
13.808999999974487,0.9966518228608012
13.809999999974485,0.9967053578371282
13.810999999974483,0.9967030887326845
13.81199999997448,0.9967120663655016
13.812999999974478,0.9967063521601847
13.813999999974476,0.9967035729263237
13.814999999974473,0.9967273588426299
13.815999999974471,0.9967286098126367
13.816999999974469,0.9967597815490616
13.817999999974466,0.9967874604070295
13.818999999974464,0.9967898526840904
13.819999999974462,0.9967956898325173
13.82099999997446,0.9967988302388936
13.821999999974457,0.9968079477381889
13.822999999974455,0.9968297400153735
13.823999999974452,0.9968288140119452
13.82499999997445,0.9968910620147654
13.825999999974448,0.9968903151658075
13.826999999974445,0.9968868425549948
13.827999999974443,0.9968718835167266
13.82899999997444,0.9968689439682266
13.829999999974438,0.9968837385113531
13.830999999974436,0.996886316441962
13.831999999974434,0.9969122164427893
13.832999999974431,0.996881768524419
13.833999999974429,0.9969125697119361
13.834999999974427,0.9968590343789184
13.835999999974424,0.9968612552346682
13.836999999974422,0.9968522477884367
13.83799999997442,0.9968579236399251
13.838999999974417,0.9968606658062366
13.839999999974415,0.9968368299361821
13.840999999974413,0.9968355312717058
13.84199999997441,0.9968043092688126
13.842999999974408,0.9967765829597587
13.843999999974406,0.9967741409156553
13.844999999974403,0.9967682630704282
13.845999999974401,0.996765096884895
13.846999999974399,0.9967559066644429
13.847999999974396,0.9967340455900452
13.848999999974394,0.9967349213677222
13.849999999974392,0.9966726239701857
13.85099999997439,0.9966733381876115
13.851999999974387,0.9966767659726686
13.852999999974385,0.9966916619255165
13.853999999974382,0.9966945533867134
13.85499999997438,0.9966796907108487
13.855999999974378,0.9966770656640059
13.856999999974375,0.9966511193501325
13.857999999974373,0.9966815328305884
13.85899999997437,0.9966506729904785
13.859999999974368,0.9967041719733586
13.860999999974366,0.996701901516813
13.861999999974364,0.9967108464111799
13.862999999974361,0.9967050979167429
13.863999999974359,0.996702321489833
13.864999999974357,0.996726130391047
13.865999999974354,0.9967273790793095
13.866999999974352,0.9967585509288359
13.86799999997435,0.9967862134620247
13.868999999974347,0.9967886078685227
13.869999999974345,0.9967944479807916
13.870999999974343,0.996797553534177
13.87199999997434,0.996806703973526
13.872999999974338,0.9968285212059989
13.873999999974336,0.9968275978567444
13.874999999974333,0.9968898486947102
13.875999999974331,0.9968890983723635
13.876999999974329,0.9968856204763
13.877999999974326,0.9968706922566506
13.878999999974324,0.9968677524705954
13.879999999974322,0.9968826142655444
13.88099999997432,0.9968851904459104
13.881999999974317,0.9969111092267942
13.882999999974315,0.9968806538832213
13.883999999974312,0.9969114511745164
13.88499999997431,0.9968579509028204
13.885999999974308,0.996860173093538
13.886999999974305,0.9968511972983894
13.887999999974303,0.996856906219315
13.8889999999743,0.9968596453793985
13.889999999974298,0.9968357866854517
13.890999999974296,0.9968344896279228
13.891999999974294,0.9968032668125638
13.892999999974291,0.9967755555616
13.89399999997429,0.9967731104550984
13.894999999974287,0.9967672289163131
13.895999999974284,0.996764095348254
13.896999999974282,0.9967548718470769
13.89799999997428,0.9967329851371801
13.898999999974277,0.9967338567480163
13.899999999974275,0.9966715549363118
13.900999999974273,0.9966722711380261
13.90199999997427,0.9966757021048565
13.902999999974268,0.9966905660943685
13.903999999974266,0.9966934556092429
13.904999999974264,0.9966785252898204
13.905999999974261,0.9966758995208771
13.906999999974259,0.9966499330701913
13.907999999974257,0.9966803511396425
13.908999999974254,0.9966494923984247
13.909999999974252,0.9967029543638799
13.91099999997425,0.9967006796687148
13.911999999974247,0.9967095907641159
13.912999999974245,0.9967038070291336
13.913999999974243,0.996701031087089
13.91499999997424,0.9967248587266951
13.915999999974238,0.9967261024013341
13.916999999974236,0.9967572714582257
13.917999999974233,0.9967849157338171
13.91899999997423,0.9967873093358182
13.919999999974229,0.9967931501504854
13.920999999974226,0.9967962201090753
13.921999999974224,0.996805398807777
13.922999999974222,0.9968272368052798
13.92399999997422,0.9968263132518635
13.924999999974217,0.9968885639768587
13.925999999974215,0.9968878084059791
13.926999999974212,0.9968843229241368
13.92799999997421,0.9968694211640484
13.928999999974208,0.9968664785863585
13.929999999974205,0.9968814011335593
13.930999999974203,0.9968839731374741
13.9319999999742,0.9969099076638624
13.932999999974198,0.9968794428770404
13.933999999974196,0.9969102339742911
13.934999999974194,0.996856764341325
13.935999999974191,0.9968589853462645
13.936999999974189,0.9968500369296003
13.937999999974187,0.996855774593531
13.938999999974184,0.996858509128243
13.939999999974182,0.9968346266371519
13.94099999997418,0.9968333287641526
13.941999999974177,0.9968021029408397
13.942999999974175,0.9967744036406143
13.943999999974173,0.9967719534090292
13.94499999997417,0.9967660667260063
13.945999999974168,0.996762961635703
13.946999999974166,0.9967537046714606
13.947999999974163,0.9967317917071804
13.948999999974161,0.9967326572656474
13.949999999974159,0.9966703492874254
13.950999999974156,0.9966710657695722
13.951999999974154,0.9966744976315435
13.952999999974152,0.9966893294590535
13.95399999997415,0.9966922150892769
13.954999999974147,0.9966772191482351
13.955999999974145,0.9966745906958504
13.956999999974142,0.9966486038797628
13.95799999997414,0.996679024268022
13.958999999974138,0.9966481646815081
13.959999999974135,0.9967015898475805
13.960999999974133,0.9966993092929916
13.96199999997413,0.9967081867621381
13.962999999974128,0.9967023680616249
13.963999999974126,0.996699591232573
13.964999999974124,0.9967234346551535
13.965999999974121,0.9967246718423923
13.966999999974119,0.996755836465238
13.967999999974117,0.9967834617935585
13.968999999974114,0.9967858529126856
13.969999999974112,0.996791693110273
13.97099999997411,0.9967947279435706
13.971999999974107,0.9968039315007636
13.972999999974105,0.9968257873445651
13.973999999974103,0.9968248619702086
13.9749999999741,0.9968871108858653
13.975999999974098,0.9968863492126901
13.976999999974096,0.9968828550676826
13.977999999974093,0.9968679766651737
13.978999999974091,0.996865029966429
13.979999999974089,0.9968800080615016
13.980999999974086,0.9968825746807415
13.981999999974084,0.9969085228539255
13.982999999974082,0.9968780478043793
13.98399999997408,0.9969088316209632
13.984999999974077,0.996855389434335
13.985999999974075,0.9968576079356802
13.986999999974072,0.9968486838504222
13.98799999997407,0.9968544471575821
13.988999999974068,0.9968571763355307
13.989999999974065,0.9968332702292242
13.990999999974063,0.996831970299837
13.99199999997406,0.9968007404399342
13.992999999974058,0.9967730511637928
13.993999999974056,0.9967705949082636
13.994999999974054,0.9967647024970218
13.995999999974051,0.9967616229350967
13.996999999974049,0.9967523334453984
13.997999999974047,0.9967303947275645
13.998999999974044,0.996731253490139
13.999999999974042,0.9966689387167846
14.00099999997404,0.9966696546288082
14.001999999974037,0.9966730862330264
14.002999999974035,0.996687886795681
14.003999999974033,0.9966907677217874
14.00499999997403,0.9966757092267489
14.005999999974028,0.9966730772371729
14.006999999974026,0.9966470706283829
14.007999999974023,0.9966774921742141
14.008999999974021,0.9966466308845895
14.009999999974019,0.9967000205329267
14.010999999974016,0.9966977335758681
14.011999999974014,0.9967065786384279
14.012999999974012,0.9967007262825381
14.01399999997401,0.996697947994856
14.014999999974007,0.9967218053286777
14.015999999974005,0.9967230356054577
14.016999999974002,0.9967541952050086
14.017999999974,0.9967818019265758
14.018999999973998,0.996784189919938
14.019999999973995,0.9967900289557164
14.020999999973993,0.9967930301255776
14.02199999997399,0.996802256183356
14.022999999973988,0.9968241279884383
14.023999999973986,0.9968232001797782
14.024999999973984,0.9968854465993574
14.025999999973982,0.996884678708734
14.02699999997398,0.9968811758000788
14.027999999973977,0.9968663186533308
14.028999999973975,0.996863367474272
14.029999999973972,0.9968783969363303
14.03099999997397,0.9968809579195097
14.031999999973968,0.9969069183746069
14.032999999973965,0.9968764331760199
14.033999999973963,0.9969072095660804
14.03499999997396,0.9968537925841103
14.035999999973958,0.9968560081898741
14.036999999973956,0.9968471063287092
14.037999999973954,0.9968528931162578
14.038999999973951,0.9968556168802184
14.039999999973949,0.9968316882129304
14.040999999973947,0.9968303858762068
14.041999999973944,0.9967991518255991
14.042999999973942,0.996771471528094
14.04399999997394,0.9967690092144789
14.044999999973937,0.9967631111323335
14.045999999973935,0.9967600550295196
14.046999999973933,0.9967507347716336
14.04799999997393,0.996728771616793
14.048999999973928,0.9967296236704192
14.049999999973926,0.9966673022852905
14.050999999973923,0.9966680173926584
14.051999999973921,0.9966714484007969
14.052999999973919,0.9966862193767548
14.053999999973916,0.9966890955749582
14.054999999973914,0.9966739783260977
14.055999999973912,0.996671342725615
14.05699999997391,0.9966453174560397
14.057999999973907,0.9966757397736334
14.058999999973905,0.9966448766779249
14.059999999973902,0.9966982328223155
14.0609999999739,0.996695939660762
14.061999999973898,0.9967047542482123
14.062999999973895,0.9966988702476962
14.063999999973893,0.9966960904720118
14.06499999997389,0.9967199605804594
14.065999999973888,0.9967211842289726
14.066999999973886,0.9967523389202387
14.067999999973884,0.9967799280582211
14.068999999973881,0.9967823129679679
14.069999999973879,0.9967881508073568
14.070999999973877,0.9967911204186514
14.071999999973874,0.9968003673054948
14.072999999973872,0.9968222538611237
14.07399999997387,0.9968213236514247
14.074999999973867,0.996883567538176
14.075999999973865,0.996882793785273
14.076999999973863,0.99687928263071
14.07799999997386,0.9968644452740639
14.078999999973858,0.9968614898632692
14.079999999973856,0.9968765671645354
14.080999999973853,0.9968791228529015
14.081999999973851,0.9969050946830109
14.082999999973849,0.9968746000181984
14.083999999973846,0.9969053694110803
14.084999999973844,0.9968519759725281
14.085999999973842,0.9968541888486563
14.08699999997384,0.9968453076737478
14.087999999973837,0.9968511163445944
14.088999999973835,0.9968538350355379
14.089999999973832,0.9968298853666777
14.09099999997383,0.9968285807916677
14.091999999973828,0.9967973429004706
14.092999999973825,0.9967696710456301
14.093999999973823,0.9967672031335375
14.09499999997382,0.996761299801308
14.095999999973818,0.996758265594832
14.096999999973816,0.9967489167758761
14.097999999973814,0.9967269309466323
14.098999999973811,0.996727776836877
14.099999999973809,0.9966654494621463
14.100999999973807,0.9966661638671483
14.101999999973804,0.9966695943840532
14.102999999973802,0.9966843378639028
14.1039999999738,0.9966872097351839
14.104999999973797,0.9966720378990129
14.105999999973795,0.9966693990234388
14.106999999973793,0.9966433565078674
14.10799999997379,0.9966737796176539
14.108999999973788,0.9966429149973538
14.109999999973786,0.9966962400181032
14.110999999973783,0.9966939412225494
14.111999999973781,0.9967027276127429
14.112999999973779,0.9966968143135684
14.113999999973776,0.9966940332874681
14.114999999973774,0.996717915401926
14.115999999973772,0.9967191330441215
14.11699999997377,0.9967502832818553
14.117999999973767,0.9967778561805927
14.118999999973765,0.9967802383707938
14.119999999973762,0.9967860752176253
14.12099999997376,0.9967890156599981
14.121999999973758,0.996798282028546
14.122999999973755,0.9968201824385796
14.123999999973753,0.9968192501500079
14.12499999997375,0.9968814917605815
14.125999999973748,0.9968807127035106
14.126999999973746,0.996877194085114
14.127999999973744,0.9968623753332206
14.128999999973741,0.9968594161948668
14.12999999997374,0.9968745381057228
14.130999999973737,0.9968770890835847
14.131999999973734,0.9969030715775571
14.132999999973732,0.9968725683516687
14.13399999997373,0.9969033314050886
14.134999999973727,0.9968499600841597
14.135999999973725,0.996852170612137
14.136999999973723,0.9968433088134409
14.13799999997372,0.9968491379951803
14.138999999973718,0.9968518520996195
14.139999999973716,0.9968278831603491
14.140999999973713,0.9968265767022768
14.141999999973711,0.9967953354946192
14.142999999973709,0.9967676717257994
14.143999999973706,0.9967651988403149
14.144999999973704,0.9967592907974231
14.145999999973702,0.9967562771039933
14.1469999999737,0.9967469020599052
14.147999999973697,0.9967248954451791
14.148999999973695,0.99672573585668
14.149999999973693,0.9966634032394085
14.15099999997369,0.9966641171449554
14.151999999973688,0.9966675474052679
14.152999999973686,0.9966822655819026
14.153999999973683,0.9966851336430798
14.15499999997368,0.9966699114495778
14.155999999973679,0.996667269740436
14.156999999973676,0.9966412114524974
14.157999999973674,0.996671635479751
14.158999999973672,0.9966407697058217
14.15999999997367,0.9966940660531447
14.160999999973667,0.9966917622740549
14.161999999973665,0.9967005228006609
14.162999999973662,0.996694582598249
14.16399999997366,0.9966918006113306
14.164999999973658,0.9967156940453294
14.165999999973655,0.9967169063616237
14.166999999973653,0.996748052660206
14.16799999997365,0.9967756107083035
14.168999999973648,0.9967779905919262
14.169999999973646,0.9967838266849699
14.170999999973644,0.9967867403648286
14.171999999973641,0.9967960249270121
14.172999999973639,0.9968179383462097
14.173999999973637,0.9968170043304674
14.174999999973634,0.9968792439560088
14.175999999973632,0.9968784601660343
14.17699999997363,0.996874934879174
14.177999999973627,0.99686013357899
14.178999999973625,0.9968571712267993
14.179999999973623,0.9968723345716307
14.18099999997362,0.9968748814256777
14.181999999973618,0.9969008738891298
14.182999999973616,0.9968703629960095
14.183999999973613,0.9969011203640733
14.184999999973611,0.9968477697428856
14.185999999973609,0.996849978293823
14.186999999973606,0.9968411345677485
14.187999999973604,0.9968469828936009
14.188999999973602,0.9968496928818359
14.1899999999736,0.9968257063619151
14.190999999973597,0.9968243983515415
14.191999999973595,0.9967931543185651
14.192999999973592,0.9967654982546417
14.19399999997359,0.9967630209849428
14.194999999973588,0.9967571087414178
14.195999999973585,0.9967541141632074
14.196999999973583,0.9967447151647447
14.19799999997358,0.9967226895907181
14.198999999973578,0.9967235251608302
14.199999999973576,0.9966611879893569
14.200999999973574,0.9966619015641036
14.201999999973571,0.9966653317555892
14.202999999973569,0.9966800267501671
14.203999999973567,0.9966828914638202
14.204999999973564,0.9966676230373348
14.205999999973562,0.9966649788785561
14.20699999997356,0.9966389062301345
14.207999999973557,0.9966693312479735
14.208999999973555,0.9966384646267196
14.209999999973553,0.99669173466889
14.21099999997355,0.9966894264891353
14.211999999973548,0.9966981633968737
14.212999999973546,0.9966921985937718
14.213999999973543,0.9966894158845573
14.214999999973541,0.9967133198999769
14.215999999973539,0.9967145274976823
14.216999999973536,0.996745670303431
14.217999999973534,0.9967732148090338
14.218999999973532,0.9967755927269272
14.21999999997353,0.9967814282517455
14.220999999973527,0.9967843174764731
14.221999999973525,0.99679361889333
14.222999999973522,0.9968155444207023
14.22399999997352,0.9968146089549531
14.224999999973518,0.9968768468205381
14.225999999973515,0.9968760588082608
14.226999999973513,0.9968725275666236
14.22799999997351,0.9968577425065658
14.228999999973508,0.9968547773754809
14.229999999973506,0.9968699789502717
14.230999999973504,0.9968725221880732
14.231999999973501,0.9968985238851981
14.232999999973499,0.9968680061314709
14.233999999973497,0.9968987583918791
14.234999999973494,0.9968454269929713
14.235999999973492,0.9968476338625235
14.23699999997349,0.9968388068513458
14.237999999973487,0.9968446729029827
14.238999999973485,0.9968473791877179
14.239999999973483,0.9968233766827768
14.24099999997348,0.9968220673780056
14.241999999973478,0.996790820932644
14.242999999973476,0.9967631721269721
14.243999999973473,0.9967606909877951
14.244999999973471,0.9967547749970631
14.245999999973469,0.9967517980899928
14.246999999973466,0.9967423773120683
14.247999999973464,0.9967203345146903
14.248999999973462,0.9967211658103535
14.24999999997346,0.9966588246949211
14.250999999973457,0.9966595380605475
14.251999999973455,0.9966629683105055
14.252999999973452,0.9966776421606294
14.25399999997345,0.9966805039280324
14.254999999973448,0.9966651932812431
14.255999999973445,0.9966625469988235
14.256999999973443,0.9966364613409152
14.25799999997344,0.9966668873760455
14.258999999973438,0.9966360201576732
14.259999999973436,0.9966892661914042
14.260999999973434,0.9966869541409739
14.261999999973431,0.9966956696015178
14.26299999997343,0.9966896824272129
14.263999999973427,0.9966868992005513
14.264999999973424,0.9967108130346298
14.265999999973422,0.9967120164771465
14.26699999997342,0.9967431562002477
14.267999999973418,0.9967706884258359
14.268999999973415,0.9967730646854045
14.269999999973413,0.9967788998049532
14.27099999997341,0.9967817668247454
14.271999999973408,0.9967910837551676
14.272999999973406,0.9968130204849517
14.273999999973404,0.9968120838251123
14.274999999973401,0.9968743201454446
14.275999999973399,0.9968735284042988
14.276999999973397,0.9968699919006471
14.277999999973394,0.9968552218762575
14.278999999973392,0.9968522543893302
14.27999999997339,0.9968674910343466
14.280999999973387,0.996870031156467
14.281999999973385,0.996896041366643
14.282999999973383,0.9968655175485152
14.28399999997338,0.9968962652820389
14.284999999973378,0.9968429516535618
14.285999999973376,0.9968451571472613
14.286999999973373,0.9968363455286662
14.287999999973371,0.9968422279288791
14.288999999973369,0.9968449309345646
14.289999999973366,0.9968209140406057
14.290999999973364,0.9968196037245591
14.291999999973362,0.9967883553029399
14.29299999997336,0.996760713347611
14.293999999973357,0.996758228884579
14.294999999973355,0.9967523096242841
14.295999999973352,0.9967493490090797
14.29699999997335,0.9967399086417794
14.297999999973348,0.9967178503808171
14.298999999973345,0.9967186780150606
14.299999999973343,0.996656333608397
14.30099999997334,0.9966570469309908
14.301999999973338,0.9966604774291068
14.302999999973336,0.996675132212576
14.303999999973334,0.9966779915009981
14.304999999973331,0.9966626426621996
14.305999999973329,0.9966599946561964
14.306999999973327,0.9966338973794135
14.307999999973324,0.9966643245467797
14.308999999973322,0.9966334570642725
14.30999999997332,0.9966866814514986
14.310999999973317,0.9966843661492654
14.311999999973315,0.9966930624040317
14.312999999973313,0.9966870551592605
14.31399999997331,0.9966842716972957
14.314999999973308,0.9967081947112578
14.315999999973306,0.9967093946685435
14.316999999973303,0.996740531835131
14.317999999973301,0.9967680531497519
14.318999999973299,0.9967704281809188
14.319999999973296,0.99677626315421
14.320999999973294,0.9967791103207215
14.321999999973292,0.9967884415821944
14.32299999997329,0.9968103887662157
14.323999999973287,0.996809451310703
14.324999999973285,0.9968716864543314
14.325999999973282,0.9968708915860361
14.32699999997328,0.9968673506600076
14.327999999973278,0.996852594644302
14.328999999973275,0.9968496253836346
14.329999999973273,0.9968648941566853
14.33099999997327,0.9968674318301353
14.331999999973268,0.9968934499786857
14.332999999973266,0.9968629210583259
14.333999999973264,0.996893665025078
14.334999999973261,0.9968403679199146
14.335999999973259,0.9968425725325026
14.336999999973257,0.9968337752006746
14.337999999973254,0.9968396727946295
14.338999999973252,0.9968423730944423
14.33999999997325,0.9968183435910629
14.340999999973247,0.9968170327564218
14.341999999973245,0.9967857830029808
14.342999999973243,0.9967581477153548
14.34399999997324,0.9967556606923529
14.344999999973238,0.996749738805066
14.345999999973236,0.9967467933563117
14.346999999973233,0.9967373357936895
14.347999999973231,0.9967152640420709
14.348999999973229,0.996716088865
14.349999999973226,0.9966537420537099
14.350999999973224,0.9966544556871616
14.351999999973222,0.9966578868779196
14.35299999997322,0.9966725249048416
14.353999999973217,0.9966753824412128
14.354999999973215,0.9966599996475747
14.355999999973212,0.9966573505866717
14.35699999997321,0.9966312432666773
14.357999999973208,0.9966616719648104
14.358999999973205,0.9966308048293698
14.359999999973203,0.9966840101924518
14.3609999999732,0.9966816925424159
14.361999999973198,0.9966903720983245
14.362999999973196,0.9966843473512227
14.363999999973194,0.9966815641609091
14.364999999973191,0.996705496037354
14.365999999973189,0.9967066934830467
14.366999999973187,0.9967378289312807
14.367999999973184,0.9967653410077297
14.368999999973182,0.9967677155597896
14.36999999997318,0.9967735508889118
14.370999999973177,0.9967763808506888
14.371999999973175,0.996785725616202
14.372999999973173,0.9968076828601259
14.37399999997317,0.9968067453461968
14.374999999973168,0.9968689800304079
14.375999999973166,0.9968681828912987
14.376999999973163,0.9968646387245315
14.377999999973161,0.9968498960637312
14.378999999973159,0.9968469259653694
14.379999999973156,0.9968622243369394
14.380999999973154,0.9968647605893065
14.381999999973152,0.9968907863922657
14.38299999997315,0.9968602536910456
14.383999999973147,0.9968909950222036
14.384999999973145,0.996837713592314
14.385999999973142,0.9968399181989251
14.38699999997314,0.9968311344555679
14.387999999973138,0.996837046501372
14.388999999973136,0.9968397449585911
14.389999999973133,0.996815704997422
14.39099999997313,0.9968143945343008
14.391999999973129,0.9967831444892369
14.392999999973126,0.9967555160988844
14.393999999973124,0.9967530276830922
14.394999999973122,0.9967471041146112
14.39599999997312,0.996744173144735
14.396999999973117,0.9967347011671568
14.397999999973115,0.9967126182930653
14.398999999973112,0.996713441572158
14.39999999997311,0.9966510936580687
14.400999999973108,0.9966518082778488
14.401999999973105,0.9966552410374332
14.402999999973103,0.9966698650250667
14.4039999999731,0.9966727219705053
14.404999999973098,0.9966573098411293
14.405999999973096,0.9966546608346774
14.406999999973094,0.9966285453607638
14.407999999973091,0.9966589764402489
14.408999999973089,0.9966281107099901
14.409999999973087,0.9966813000972414
14.410999999973084,0.9966789814539349
14.411999999973082,0.9966876472471736
14.41299999997308,0.9966816079954071
14.413999999973077,0.9966788259296642
14.414999999973075,0.9967027668316911
14.415999999973073,0.9967039632012006
14.41699999997307,0.996735098237816
14.417999999973068,0.9967626032061041
14.418999999973066,0.9967649785008376
14.419999999973063,0.9967708150449333
14.420999999973061,0.9967736308977982
14.421999999973059,0.9967829888431795
14.422999999973056,0.9968049562522894
14.423999999973054,0.9968040199002834
14.424999999973052,0.9968662553330089
14.42599999997305,0.9968654571400803
14.426999999973047,0.9968619113953358
14.427999999973045,0.9968471819462338
14.428999999973042,0.9968442124355311
14.42999999997304,0.9968595384213537
14.430999999973038,0.9968620747719462
14.431999999973035,0.9968881083327493
14.432999999973033,0.9968575736592815
14.43399999997303,0.9968883139828976
14.434999999973028,0.9968350479014262
14.435999999973026,0.9968372538786934
14.436999999973024,0.9968284835504756
14.437999999973021,0.9968344098350352
14.438999999973019,0.9968371076888087
14.439999999973017,0.9968130599063533
14.440999999973014,0.9968117512122672
14.441999999973012,0.9967805024192369
14.44299999997301,0.9967528816732486
14.443999999973007,0.9967503935385746
14.444999999973005,0.9967444696137309
14.445999999973003,0.9967415529712614
14.446999999973,0.9967320698429655
14.447999999972998,0.9967099787046372
14.448999999972996,0.9967108022170729
14.449999999972993,0.9966484550063773
14.450999999972991,0.9966491716751348
14.451999999972989,0.9966526073962866
14.452999999972986,0.9966672205529504
14.453999999972984,0.9966700785826775
14.454999999972982,0.9966546421973396
14.45599999997298,0.9966519948698429
14.456999999972977,0.9966258734993104
14.457999999972975,0.9966563083327155
14.458999999972972,0.9966254455798053
14.45999999997297,0.9966786225307872
14.460999999972968,0.9966763047613509
14.461999999972965,0.9966849602170363
14.462999999972963,0.9966789099453778
14.46399999997296,0.9966761302435194
14.464999999972958,0.9967000808663528
14.465999999972956,0.9967012781061638
14.466999999972954,0.9967324145524284
14.467999999972951,0.9967599150438903
14.468999999972949,0.9967622928161362
14.469999999972947,0.9967681318197287
14.470999999972944,0.9967709371422911
14.471999999972942,0.996780308479019
14.47299999997294,0.9968022866874972
14.473999999972937,0.9968013532276621
14.474999999972935,0.9968635911308562
14.475999999972933,0.9968627934775037
14.47699999997293,0.996859248317443
14.477999999972928,0.9968445324631923
14.478999999972926,0.996841565468023
14.479999999972923,0.9968569176392715
14.480999999972921,0.9968594561066649
14.481999999972919,0.9968854979193903
14.482999999972916,0.9968549635721234
14.483999999972914,0.9968857050114732
14.484999999972912,0.9968324544705889
14.48599999997291,0.9968346636898543
14.486999999972907,0.9968259071197368
14.487999999972905,0.9968318479457807
14.488999999972902,0.9968345467994543
14.4899999999729,0.9968104942989666
14.490999999972898,0.9968091892575857
14.491999999972895,0.9967779437399504
14.492999999972893,0.9967503318759176
14.49399999997289,0.9967478461724514
14.494999999972888,0.9967419235705022
14.495999999972886,0.9967390216046117
14.496999999972884,0.9967295310351427
14.497999999972881,0.9967074349391628
14.49899999997288,0.9967082609268186
14.499999999972877,0.9966459166839245
14.500999999972874,0.9966466368132573
14.501999999972872,0.9966500773520469
14.50299999997287,0.9966646833190921
14.503999999972867,0.9966675445626354
14.504999999972865,0.9966520893987267
14.505999999972863,0.9966494458240717
14.50699999997286,0.9966233211312957
14.507999999972858,0.996653761541055
14.508999999972856,0.9966229037779947
14.509999999972854,0.9966760722446457
14.510999999972851,0.9966737576482678
14.511999999972849,0.9966824065966094
14.512999999972847,0.9966763491901589
14.513999999972844,0.99667357341097
14.514999999972842,0.9966975348892256
14.51599999997284,0.996698735361799
14.516999999972837,0.9967298754549826
14.517999999972835,0.9967573745003782
14.518999999972833,0.9967597568937379
14.51999999997283,0.9967655999064438
14.520999999972828,0.996768398650849
14.521999999972826,0.9967777840124897
14.522999999972823,0.9967997740671176
14.52399999997282,0.9967988456205273
14.524999999972819,0.9968610881070565
14.525999999972816,0.9968602928698067
14.526999999972814,0.9968567508300065
14.527999999972812,0.9968420493499639
14.52899999997281,0.9968390871673218
14.529999999972807,0.9968544645134951
14.530999999972805,0.9968570074762243
14.531999999972802,0.9968830583190367
14.5329999999728,0.9968525269423885
14.533999999972798,0.996883271968776
14.534999999972795,0.9968300375292751
14.535999999972793,0.9968322522033098
14.53699999997279,0.9968235100938616
14.537999999972788,0.996829466120438
14.538999999972786,0.9968321678203874
14.539999999972784,0.9968081140083563
14.540999999972781,0.9968068148222077
14.541999999972779,0.9967755749134376
14.542999999972777,0.9967479734867166
14.543999999972774,0.9967454926650545
14.544999999972772,0.9967395732860567
14.54599999997277,0.9967366866659164
14.546999999972767,0.9967271926266489
14.547999999972765,0.9967050951424612
14.548999999972763,0.9967059261229287
14.54999999997276,0.9966435873786915
14.550999999972758,0.9966443125839531
14.551999999972756,0.9966477600634382
14.552999999972753,0.9966623627171721
14.553999999972751,0.9966652295564608
14.554999999972749,0.9966497612848216
14.555999999972746,0.9966471237789032
14.556999999972744,0.9966209984985407
14.557999999972742,0.9966514465449017
14.55899999997274,0.9966205960102414
14.559999999972737,0.9966737601390222
14.560999999972735,0.9966714512270473
14.561999999972732,0.9966800976810201
14.56299999997273,0.9966740372006732
14.563999999972728,0.9966712670523044
14.564999999972725,0.9966952407312042
14.565999999972723,0.9966964469833377
14.56699999997272,0.9967275931423555
14.567999999972718,0.996755093935609
14.568999999972716,0.9967574832636966
14.569999999972714,0.9967633319595001
14.570999999972711,0.9967661282080587
14.571999999972709,0.9967755284057007
14.572999999972707,0.9967975315183952
14.573999999972704,0.9967966103471098
14.574999999972702,0.9968588596679595
14.5759999999727,0.9968580688156415
14.576999999972697,0.9968545325485593
14.577999999972695,0.9968398463602648
14.578999999972693,0.9968368913956341
14.57999999997269,0.9968522930622806
14.580999999972688,0.9968548429938339
14.581999999972686,0.9968809037291768
14.582999999972683,0.9968503780454717
14.583999999972681,0.9968811292072409
14.584999999972679,0.9968279115272364
14.585999999972676,0.9968301339356207
14.586999999972674,0.9968214070738782
14.587999999972672,0.9968273790385893
14.58899999997267,0.9968300854642342
14.589999999972667,0.996806033768375
14.590999999972665,0.9968047426749915
14.591999999972662,0.9967735107331293
14.59299999997266,0.996745921329883
14.593999999972658,0.9967434478513454
14.594999999972655,0.9967375335983542
14.595999999972653,0.9967346630220306
14.59699999997265,0.9967251694508489
14.597999999972648,0.9967030741143674
14.598999999972646,0.9967039125829594
14.599999999972644,0.9966415818359907
14.600999999972641,0.9966423137109781
14.601999999972639,0.9966457702198859
14.602999999972637,0.9966603733667945
14.603999999972634,0.9966632481311523
14.604999999972632,0.9966477723070086
14.60599999997263,0.9966451431197709
14.606999999972627,0.9966190199143374
14.607999999972625,0.9966494775851643
14.608999999972623,0.9966186364319751
14.60999999997262,0.9966718002493054
14.610999999972618,0.9966694994304143
14.611999999972616,0.9966781472680639
14.612999999972613,0.9966720876318781
14.613999999972611,0.9966693247327645
14.614999999972609,0.9966933118496069
14.615999999972606,0.9966945262916811
14.616999999972604,0.9967256807957394
14.617999999972602,0.9967531863706451
14.6189999999726,0.9967555847934246
14.619999999972597,0.9967614407270384
14.620999999972595,0.996764238364615
14.621999999972592,0.9967736540630943
14.62299999997259,0.9967956712849189
14.623999999972588,0.9967947594638937
14.624999999972585,0.9968570176794778
14.625999999972583,0.9968562330254415
14.62699999997258,0.9968527049698366
14.627999999972578,0.9968380347991352
14.628999999972576,0.9968350892340608
14.629999999972574,0.9968505141945307
14.630999999972572,0.9968530733294724
14.63199999997257,0.9968791446550676
14.632999999972567,0.9968486271291833
14.633999999972565,0.9968793867165592
14.634999999972562,0.9968261862176997
14.63599999997256,0.9968284183707331
14.636999999972558,0.9968197072938455
14.637999999972555,0.996825695678388
14.638999999972553,0.9968284084891127
14.63999999997255,0.9968043620190581
14.640999999972548,0.9968030809530523
14.641999999972546,0.9967718590224652
14.642999999972544,0.9967442829219969
14.643999999972541,0.9967418189192739
14.644999999972539,0.9967359114433555
14.645999999972537,0.9967330573007398
14.646999999972534,0.9967235677599319
14.647999999972532,0.9967014777318738
14.64899999997253,0.9967023258215206
14.649999999972527,0.9966400051972327
14.650999999972525,0.9966407450597357
14.651999999972523,0.9966442123133374
14.65299999997252,0.9966588193487872
14.653999999972518,0.9966617039751586
14.654999999972516,0.9966462256932664
14.655999999972513,0.9966436066694403
14.656999999972511,0.9966174878739068
14.657999999972509,0.996647956746477
14.658999999972506,0.9966171267044633
14.659999999972504,0.9966702937745554
14.660999999972502,0.996668003016175
14.6619999999725,0.9966766556395599
14.662999999972497,0.9966706002829817
14.663999999972495,0.996667845909038
14.664999999972492,0.9966918472581556
14.66599999997249,0.9966930718273563
14.666999999972488,0.9967242364795551
14.667999999972485,0.9967517493735183
14.668999999972483,0.9967541585628115
14.66999999997248,0.9967600229195235
14.670999999972478,0.9967628252978
14.671999999972476,0.9967722566854553
14.672999999972474,0.9967942885769405
14.673999999972471,0.9967933876630803
14.674999999972469,0.9968556563119139
14.675999999972467,0.996854879266195
14.676999999972464,0.9968513613181277
14.677999999972462,0.9968367073741085
14.67899999997246,0.9968337728387832
14.679999999972457,0.9968492195732556
14.680999999972455,0.9968517895814772
14.681999999972453,0.996877871788337
14.68299999997245,0.9968473643042786
14.683999999972448,0.9968781340251923
14.684999999972446,0.996824950576344
14.685999999972443,0.9968271938948948
14.686999999972441,0.9968184985756849
14.687999999972439,0.9968245032907641
14.688999999972436,0.9968272236886897
14.689999999972434,0.9968031849195237
14.690999999972432,0.9968019151984978
14.69199999997243,0.9967707046988127
14.692999999972427,0.9967431425642506
14.693999999972425,0.9967406895309241
14.694999999972422,0.996734790000062
14.69599999997242,0.9967319520695512
14.696999999972418,0.9967224694358313
14.697999999972415,0.9967003871950469
14.698999999972413,0.9967012463720618
14.69999999997241,0.9966389373232819
14.700999999972408,0.996639685990461
14.701999999972406,0.9966431650324336
14.702999999972404,0.9966577786392802
14.703999999972401,0.9966606743765958
14.704999999972399,0.9966451979702641
14.705999999972397,0.9966425902576356
14.706999999972394,0.9966164776607104
14.707999999972392,0.9966469586125217
14.70899999997239,0.9966161407026684
14.709999999972387,0.996669313835863
14.710999999972385,0.9966670343803803
14.711999999972383,0.9966756944297169
14.71299999997238,0.9966696460217833
14.713999999972378,0.9966669008980504
14.714999999972376,0.99669091655614
14.715999999972373,0.9966921524417538
14.716999999972371,0.9967233282960395
14.717999999972369,0.9967508502768668
14.718999999972366,0.9967532711487138
14.719999999972364,0.9967591445448266
14.720999999972362,0.9967619542133652
14.72199999997236,0.9967714007449902
14.722999999972357,0.9967934471188643
14.723999999972355,0.9967925578942171
14.724999999972352,0.9968548377367024
14.72599999997235,0.9968540691161716
14.726999999972348,0.9968505623776739
14.727999999972345,0.9968359241081008
14.728999999972343,0.9968330014347996
14.72999999997234,0.9968484676939463
14.730999999972338,0.996851049438342
14.731999999972336,0.9968771422330899
14.732999999972334,0.9968466458560578
14.733999999972331,0.996877426600882
14.73499999997233,0.9968242592902861
14.735999999972327,0.9968265143760155
14.736999999972324,0.9968178339992696
14.737999999972322,0.996823854164726
14.73899999997232,0.996826582727508
14.739999999972317,0.996802553277015
14.740999999972315,0.9968012953844552
14.741999999972313,0.9967700968952528
14.74299999997231,0.9967425485636195
14.743999999972308,0.9967401071440025
14.744999999972306,0.9967342160868038
14.745999999972303,0.9967313933338593
14.746999999972301,0.9967219195923597
14.747999999972299,0.9966998467334157
14.748999999972296,0.9967007176002461
14.749999999972294,0.996638420711637
14.750999999972292,0.9966391783562912
14.75199999997229,0.996642669370464
14.752999999972287,0.9966572913297632
14.753999999972285,0.996660198555737
14.754999999972283,0.9966447274084592
14.75599999997228,0.9966421312806034
14.756999999972278,0.9966160259909751
14.757999999972276,0.9966465190288692
14.758999999972273,0.9966157133937316
14.75999999997227,0.9966688944770626
14.760999999972269,0.9966666266780561
14.761999999972266,0.9966752958677332
14.762999999972264,0.9966692561497877
14.763999999972262,0.9966665203343735
14.76499999997226,0.9966905495109869
14.765999999972257,0.9966917970045761
14.766999999972255,0.9967229842198276
14.767999999972252,0.996750516141543
14.76899999997225,0.9967529487160879
14.769999999972248,0.9967588310964814
14.770999999972245,0.9967616496648865
14.771999999972243,0.9967711099339168
14.77299999997224,0.996793169730288
14.773999999972238,0.9967922920772733
14.774999999972236,0.996854582975082
14.775999999972234,0.9968538229133526
14.776999999972231,0.9968503275753751
14.777999999972229,0.9968357035564466
14.778999999972227,0.9968327926692232
14.779999999972224,0.9968482753753671
14.780999999972222,0.9968508688078681
14.78199999997222,0.9968769712395972
14.782999999972217,0.9968464861169224
14.783999999972215,0.9968772778630848
14.784999999972213,0.9968241249105527
14.78599999997221,0.9968263914577152
14.786999999972208,0.9968177243397713
14.787999999972206,0.9968237582062298
14.788999999972203,0.9968264948280309
14.789999999972201,0.996802475378294
14.790999999972199,0.99680122889119
14.791999999972196,0.9967700420829833
14.792999999972194,0.9967425065008947
14.793999999972192,0.9967400764269897
14.79499999997219,0.9967341936876771
14.795999999972187,0.9967313842127097
14.796999999972185,0.9967219203982552
14.797999999972182,0.9966998575773148
14.79899999997218,0.9967007398246901
14.799999999972178,0.9966384547685548
14.800999999972175,0.9966392208893254
14.801999999972173,0.9966427231623068
14.80299999997217,0.9966573543142041
14.803999999972168,0.9966602725037591
14.804999999972166,0.996644809011748
14.805999999972164,0.9966422238434172
14.806999999972161,0.9966161262711849
14.807999999972159,0.9966466305130393
14.808999999972157,0.9966158364027689
14.809999999972154,0.9966690263816522
14.810999999972152,0.9966667696945627
14.81199999997215,0.9966754488021812
14.812999999972147,0.996669418580678
14.813999999972145,0.9966666914653757
14.814999999972143,0.9966907325094206
14.81599999997214,0.9966919910110342
14.816999999972138,0.9967231888604146
14.817999999972136,0.996750730673581
14.818999999972133,0.9967531740922677
14.819999999972131,0.9967590647452848
14.820999999972129,0.9967618928999572
14.821999999972126,0.9967713646693379
14.822999999972124,0.9967934359881611
14.823999999972122,0.9967925689225332
14.82499999997212,0.9968548698734196
14.825999999972117,0.9968541178493856
14.826999999972115,0.9968506332326992
14.827999999972112,0.9968360212189767
14.82899999997211,0.9968331211817616
14.829999999972108,0.9968486164896693
14.830999999972105,0.9968512207052683
14.831999999972103,0.9968773312105825
14.8329999999721,0.9968468566310611
14.833999999972098,0.9968776585050582
14.834999999972096,0.9968245173349062
14.835999999972094,0.9968267942003218
14.836999999972091,0.9968181378661773
14.837999999972089,0.9968241828965168
14.838999999972087,0.9968269268463118
14.839999999972084,0.9968029172223346
14.840999999972082,0.9968016808964508
14.84199999997208,0.996770504619236
14.842999999972077,0.9967429799368941
14.843999999972075,0.9967405601223535
14.844999999972073,0.9967346849327744
14.84599999997207,0.9967318860747667
14.846999999972068,0.9967224323711792
14.847999999972066,0.9967003794090904
14.848999999972063,0.9967012719244305
14.849999999972061,0.9966389975738004
14.850999999972059,0.9966397710807638
14.851999999972056,0.9966432831191587
14.852999999972054,0.9966579234787516
14.853999999972052,0.9966608513270462
14.85499999997205,0.9966453970183684
14.855999999972047,0.9966428214148577
14.856999999972045,0.9966167313683996
14.857999999972042,0.9966472451776366
14.85899999997204,0.9966164610872341
14.859999999972038,0.9966696601010109
14.860999999972035,0.9966674132259007
14.861999999972033,0.9966761022349275
14.86299999997203,0.9966700815260763
14.863999999972028,0.9966673619502119
14.864999999972026,0.9966914125047721
14.865999999972024,0.9966926806789697
14.866999999972021,0.9967238877086515
14.86799999997202,0.9967514386198839
14.868999999972017,0.9967538913098054
14.869999999972014,0.9967597889927028
14.870999999972012,0.9967626266634971
14.87199999997201,0.9967721070398634
14.872999999972008,0.9967941873171983
14.873999999972005,0.9967933291656249
14.874999999972003,0.9968556384834061
14.875999999972,0.9968548934578606
14.876999999971998,0.996851418196766
14.877999999971996,0.9968368153108444
14.878999999971994,0.9968339245171483
14.879999999971991,0.9968494280112762
14.880999999971989,0.9968520414426402
14.881999999971987,0.9968781579944646
14.882999999971984,0.9968476925870723
14.883999999971982,0.9968785030656057
14.88499999997198,0.9968253705132062
14.885999999971977,0.9968276559225775
14.886999999971975,0.9968190073165241
14.887999999971973,0.9968250603988347
14.88899999997197,0.9968278104798255
14.889999999971968,0.9968038098629528
14.890999999971966,0.9968025818503603
14.891999999971963,0.9967714143531886
14.892999999971961,0.996743898147288
14.893999999971959,0.9967414869116421
14.894999999971956,0.9967356180606212
14.895999999971954,0.996732826626986
14.896999999971952,0.9967233825950197
14.89799999997195,0.9967013387074187
14.898999999971947,0.996702239809115
14.899999999971945,0.9966399744737693
14.900999999971942,0.9966407538674023
14.90199999997194,0.996644273637871
14.902999999971938,0.9966589226348443
14.903999999971935,0.9966618583012068
14.904999999971933,0.9966464140770148
14.90599999997193,0.9966438461220173
14.906999999971928,0.9966177629936132
14.907999999971926,0.9966482842301588
14.908999999971924,0.9966175081529512
14.909999999971921,0.9966707157867913
14.910999999971919,0.9966684769250101
14.911999999971917,0.9966771752812108
14.912999999971914,0.9966711635692127
14.913999999971912,0.996668450016176
14.91499999997191,0.9966925072831596
14.915999999971907,0.9966937833237561
14.916999999971905,0.9967249976190095
14.917999999971903,0.9967525563578182
14.9189999999719,0.9967550163016049
14.919999999971898,0.9967609194440465
14.920999999971896,0.9967637660741973
14.921999999971893,0.9967732517830754
14.922999999971891,0.9967953380677669
14.923999999971889,0.9967944867445727
14.924999999971886,0.9968568023363412
14.925999999971884,0.9968560629611868
14.926999999971882,0.996852595283654
14.92799999997188,0.9968379983000515
14.928999999971877,0.996835114756403
14.929999999971875,0.9968506217391985
14.930999999971872,0.9968532424424378
14.93199999997187,0.9968793627656495
14.932999999971868,0.9968489047872903
14.933999999971865,0.9968797219855036
14.934999999971863,0.9968265945900721
14.93599999997186,0.9968288864292671
14.936999999971858,0.996820242208864
14.937999999971856,0.9968262999515382
14.938999999971854,0.9968290547216734
14.939999999971851,0.9968050619436549
14.940999999971849,0.9968038400889704
14.941999999971847,0.9967726793164822
14.942999999971844,0.9967451688895133
14.943999999971842,0.9967427642568716
14.94499999997184,0.996736900314369
14.945999999971837,0.9967341128830218
14.946999999971835,0.9967246777598329
14.947999999971833,0.9967026418584405
14.94899999997183,0.9967035495985507
14.949999999971828,0.9966412913289039
14.950999999971826,0.9966420749275002
14.951999999971823,0.9966456001610483
14.952999999971821,0.9966602569425842
14.953999999971819,0.9966631983560986
14.954999999971816,0.9966477647939397
14.955999999971814,0.9966452023562513
14.956999999971812,0.9966191253512006
14.95799999997181,0.9966496516795571
14.958999999971807,0.9966188814143054
14.959999999971805,0.9966720970076066
14.960999999971802,0.9966698641705525
14.9619999999718,0.9966785710906129
14.962999999971798,0.9966725676354854
14.963999999971795,0.9966698584654674
14.964999999971793,0.9966939195166274
14.96599999997179,0.9966952014570908
14.966999999971788,0.996726420953463
14.967999999971786,0.9967539860823067
14.968999999971784,0.9967564511289021
14.969999999971781,0.9967623580664887
14.970999999971779,0.9967652129232198
14.971999999971777,0.9967747006201066
14.972999999971774,0.9967967898850498
14.973999999971772,0.9967959432031362
14.97499999997177,0.9968582628815212
14.975999999971767,0.9968575277332735
14.976999999971765,0.996854065771245
14.977999999971763,0.9968394714273083
14.97899999997176,0.996836593064114
14.979999999971758,0.9968520988667542
14.980999999971756,0.9968547248320602
14.981999999971753,0.9968808466364746
14.982999999971751,0.9968503942810903
14.983999999971749,0.9968812162634014
14.984999999971746,0.9968280905760714
14.985999999971744,0.9968303867003708
14.986999999971742,0.9968217435432809
14.98799999997174,0.9968278025830767
14.988999999971737,0.9968305605850234
14.989999999971735,0.9968065744347774
14.990999999971732,0.9968053565820386
14.99199999997173,0.9967742004806429
14.992999999971728,0.9967466931657033
14.993999999971726,0.9967442931705943
14.994999999971723,0.9967384327166032
14.99599999997172,0.9967356459388713
14.996999999971719,0.996726218943725
14.997999999971716,0.9967041899397773
14.998999999971714,0.996705102407104
14.999999999971712,0.996642849295971
