time,#Gen34.IT:0
0.0,2.878146576569709e-06
0.0010000000000000002,0.0009117794502332048
0.0019999999999999987,0.003844903473233313
0.0030000000000000014,0.008019836387068466
0.0040000000000000036,0.013038094416268707
0.0049999999999999975,0.018838795912991316
0.0059999999999999915,0.025257291919202045
0.006999999999999985,0.03039010388618862
0.00799999999999998,0.037602733839250495
0.008999999999999973,0.04509390782188793
0.009999999999999967,0.05279057228557306
0.010999999999999961,0.06061067691077636
0.011999999999999955,0.06852366930801915
0.012999999999999949,0.07653257360342101
0.013999999999999943,0.08263357104774491
0.014999999999999937,0.09091628055866975
0.015999999999999945,0.09945590308932022
0.016999999999999973,0.10831851393232479
0.018000000000000002,0.11755615718633027
0.01900000000000003,0.1271662378816794
0.02000000000000006,0.13459466642229556
0.021000000000000088,0.14474963741180658
0.022000000000000117,0.1551434428345908
0.023000000000000145,0.16573026254782933
0.024000000000000174,0.1764422952741138
0.025000000000000203,0.18720507927603164
0.02600000000000023,0.19527488495291076
0.02700000000000026,0.20599979932907603
0.02800000000000029,0.21667533288242347
0.029000000000000317,0.22727901073433035
0.030000000000000346,0.23782199096745935
0.031000000000000374,0.24831050105059616
0.0320000000000004,0.256145967356054
0.03300000000000043,0.26659704466843576
0.03400000000000046,0.2770661277958295
0.03500000000000049,0.2875785310579569
0.03600000000000052,0.29816496439558465
0.037000000000000546,0.3088172302581606
0.038000000000000575,0.31954287311221846
0.039000000000000604,0.32764503160043007
0.04000000000000063,0.33847979643337955
0.04100000000000066,0.34935059060670437
0.04200000000000069,0.3602400333333261
0.04300000000000072,0.37112295351491237
0.04400000000000075,0.38198998324271005
0.045000000000000775,0.39011843191039436
0.046000000000000804,0.4009094556608407
0.04700000000000083,0.41165250225583544
0.04800000000000086,0.4223663134706492
0.04900000000000089,0.4330625028370667
0.05000000000000092,0.4437478297864017
0.05100000000000095,0.45157012792447593
0.052000000000000976,0.46124351863560475
0.053000000000001005,0.47003094399017475
0.05400000000000103,0.4779935710539768
0.05500000000000106,0.48513793515996795
0.05600000000000109,0.49149358268483745
0.05700000000000112,0.4957606139828974
0.05800000000000115,0.5008451822175091
0.059000000000001177,0.5052799386588301
0.060000000000001205,0.509128207897004
0.061000000000001234,0.5124377305627409
0.06200000000000126,0.515233821713353
0.06300000000000122,0.5175335453615594
0.06400000000000111,0.5189277575751415
0.065000000000001,0.5203112261013402
0.06600000000000089,0.521113235206569
0.06700000000000078,0.5212775220696582
0.06800000000000067,0.5212070837189906
0.06900000000000056,0.5211964246018211
0.07000000000000045,0.5211960241181753
0.07100000000000034,0.5211939990574751
0.07200000000000023,0.5211990190369804
0.07300000000000012,0.5212101589948747
0.07400000000000001,0.5212268173352925
0.0749999999999999,0.5212439170149233
0.07599999999999979,0.521256184090108
0.07699999999999968,0.5212691962296265
0.07799999999999957,0.5212769554327663
0.07899999999999946,0.5212785066949742
0.07999999999999935,0.521273579527081
0.08099999999999924,0.5212630011602498
0.08199999999999913,0.5212525029087798
0.08299999999999902,0.5212370888250655
0.08399999999999891,0.5212224131718193
0.0849999999999988,0.52121046751085
0.08599999999999869,0.5212033163735228
0.08699999999999858,0.5212023513396287
0.08799999999999847,0.5212071580600698
0.08899999999999836,0.5212138648291637
0.08999999999999825,0.5212262514149011
0.09099999999999814,0.521240394594581
0.09199999999999803,0.5212537749998021
0.09299999999999792,0.5212643101470619
0.09399999999999781,0.5212707169899903
0.0949999999999977,0.5212718981598646
0.09599999999999759,0.5212686282297383
0.09699999999999748,0.5212605172881603
0.09799999999999737,0.5212490897161011
0.09899999999999726,0.5212361298539098
0.09999999999999715,0.5212235849010907
0.10099999999999704,0.5212157751736797
0.10199999999999693,0.521209101015173
0.10299999999999682,0.521206928806214
0.1039999999999967,0.5212094914612243
0.1049999999999966,0.5212165648237428
0.10599999999999649,0.5212269741995097
0.10699999999999638,0.5212358967163185
0.10799999999999627,0.5212476469588306
0.10899999999999616,0.5212576026395043
0.10999999999999605,0.5212644337244594
0.11099999999999594,0.5212669726902036
0.11199999999999583,0.5212646399014487
0.11299999999999571,0.5212582189817042
0.1139999999999956,0.5212513348986172
0.1149999999999955,0.5212405472264631
0.11599999999999538,0.5212294793493895
0.11699999999999527,0.5212200248090825
0.11799999999999516,0.521213571932527
0.11899999999999505,0.5212108048236542
0.11999999999999494,0.521211616626664
0.12099999999999483,0.5212162535843747
0.12199999999999472,0.5212241221349488
0.12299999999999461,0.5212338276873586
0.1239999999999945,0.5212439023855223
0.1249999999999944,0.521252866584567
0.12599999999999428,0.5212579375141679
0.12699999999999417,0.5212614671495299
0.12799999999999406,0.5212613688011027
0.12899999999999395,0.5212577469079349
0.12999999999999384,0.5212510432188466
0.13099999999999373,0.5212423357407238
0.13199999999999362,0.5212353699469552
0.1329999999999935,0.5212267188778713
0.1339999999999934,0.5212199447960026
0.1349999999999933,0.5212159014263242
0.13599999999999318,0.5212152533450424
0.13699999999999307,0.5212182013691483
0.13799999999999296,0.521223975596831
0.13899999999999285,0.5212296091505417
0.13999999999999274,0.5212379324204894
0.14099999999999263,0.5212460075350527
0.14199999999999252,0.5212524835806356
0.1429999999999924,0.5212564485170195
0.1439999999999923,0.5212575346918924
0.1449999999999922,0.521256223230418
0.14599999999999208,0.5212519777409248
0.14699999999999197,0.5212456029618922
0.14799999999999186,0.5212381954802826
0.14899999999999175,0.5212308577736869
0.14999999999999164,0.5212246414157347
0.15099999999999153,0.5212213399609652
0.15199999999999142,0.5212194099125597
0.1529999999999913,0.5212201599181462
0.1539999999999912,0.5212233952506967
0.1549999999999911,0.5212286906942684
0.15599999999999098,0.5212352017185323
0.15699999999999087,0.5212402348215406
0.15799999999999076,0.5212462749790407
0.15899999999999065,0.521250769626205
0.15999999999999054,0.5212531740759379
0.16099999999999043,0.5212531071472625
0.16199999999999032,0.5212505182135098
0.1629999999999902,0.521246027270044
0.1639999999999901,0.5212418396454085
0.16499999999999,0.5212358402471516
0.16599999999998988,0.5212302039340337
0.16699999999998977,0.5212258512808247
0.16799999999998966,0.5212233791237946
0.16899999999998955,0.5212229862065882
0.16999999999998944,0.5212241779003698
0.17099999999998933,0.5212274639836839
0.17199999999998922,0.521232137165082
0.1729999999999891,0.5212374026033795
0.173999999999989,0.5212424776659543
0.1749999999999889,0.5212466490804752
0.17599999999998878,0.5212487714981935
0.17699999999998867,0.5212498380289826
0.17799999999998856,0.5212490306392822
0.17899999999998845,0.5212465361021675
0.17999999999998834,0.521242688965078
0.18099999999998823,0.5212380973171435
0.18199999999998812,0.5212346110091697
0.182999999999988,0.5212305150029662
0.1839999999999879,0.5212275617605017
0.18499999999998779,0.5212260976455954
0.18599999999998768,0.5212263436027567
0.18699999999998757,0.5212283010620626
0.18799999999998745,0.5212315152084379
0.18899999999998734,0.5212344410922898
0.18999999999998723,0.521238562746008
0.19099999999998712,0.5212423586454092
0.19199999999998701,0.5212452225220462
0.1929999999999869,0.5212467634747621
0.1939999999999868,0.5212468737635954
0.19499999999998668,0.521245952490981
0.19599999999998657,0.5212435965903748
0.19699999999998646,0.5212403444309729
0.19799999999998635,0.5212367445114029
0.19899999999998624,0.5212333339213913
0.19999999999998613,0.521230579813927
0.20099999999998602,0.5212292137201995
0.2019999999999859,0.5212285981787218
0.2029999999999858,0.5212292481410954
0.2039999999999857,0.5212310138485362
0.20499999999998558,0.5212336570925652
0.20599999999998547,0.5212367619225299
0.20699999999998536,0.5212391013208106
0.20799999999998525,0.5212418111272701
0.20899999999998514,0.5212437264342915
0.20999999999998503,0.5212446273577189
0.21099999999998492,0.5212443845579101
0.2119999999999848,0.5212430052888124
0.2129999999999847,0.5212408059577673
0.2139999999999846,0.5212388322146505
0.21499999999998448,0.5212360767561394
0.21599999999998437,0.5212335703653856
0.21699999999998426,0.5212317012931672
0.21799999999998415,0.5212307276002974
0.21899999999998404,0.5212307074689886
0.21999999999998393,0.5212313553530319
0.22099999999998382,0.5212329575707876
0.2219999999999837,0.5212351368877858
0.2229999999999836,0.5212375265869434
0.2239999999999835,0.5212397651360525
0.22499999999998338,0.5212415558085911
0.22599999999998327,0.5212424322568658
0.22699999999998316,0.5212427989468538
0.22799999999998305,0.5212423312131428
0.22899999999998294,0.5212411399873277
0.22999999999998283,0.5212393839574707
0.23099999999998272,0.5212373375407902
0.2319999999999826,0.521235794968113
0.2329999999999825,0.521234024917236
0.2339999999999824,0.5212327855022029
0.23499999999998228,0.5212322164990708
0.23599999999998217,0.5212323943706589
0.23699999999998206,0.5212333170686053
0.23799999999998195,0.5212347714454039
0.23899999999998184,0.5212360669083803
0.23999999999998173,0.5212378699959107
0.24099999999998162,0.5212394977515263
0.2419999999999815,0.5212407082651703
0.2429999999999814,0.5212413285274254
0.2439999999999813,0.5212413277939609
0.24499999999998118,0.5212408962522038
0.24599999999998107,0.5212398415287198
0.24699999999998096,0.5212384150665388
0.24799999999998085,0.5212368567360918
0.24899999999998074,0.5212354078009515
0.24999999999998063,0.5212342508026969
0.2509999999999805,0.5212336846583212
0.2519999999999804,0.5212334531940548
0.2529999999999803,0.5212337629737337
0.2539999999999802,0.5212345348348951
0.2549999999999801,0.5212356688889659
0.25599999999997997,0.5212369892057145
0.25699999999997986,0.5212379932316059
0.25799999999997975,0.5212391377326514
0.25899999999997964,0.5212399383166774
0.2599999999999795,0.5212403057763255
0.2609999999999794,0.5212401945300351
0.2619999999999793,0.52123959839234
0.2629999999999792,0.5212386581068486
0.2639999999999791,0.5212378230032798
0.264999999999979,0.5212366579529971
0.26599999999997886,0.5212356100824114
0.26699999999997875,0.5212348253728973
0.26799999999997864,0.5212344227117093
0.26899999999997853,0.5212344173902334
0.2699999999999784,0.5212346907974048
0.2709999999999783,0.5212353656010363
0.2719999999999782,0.521236281191746
0.2729999999999781,0.5212372830421799
0.273999999999978,0.5212382099783004
0.2749999999999779,0.5212389542409498
0.27599999999997776,0.5212393228246999
0.27699999999997765,0.5212394769074791
0.27799999999997754,0.5212392839620658
0.27899999999997743,0.5212387997684166
0.2799999999999773,0.5212380832833522
0.2809999999999772,0.52123724431569
0.2819999999999771,0.5212365940686022
0.282999999999977,0.5212358562144659
0.2839999999999769,0.5212353357513659
0.28499999999997677,0.5212350900619104
0.28599999999997666,0.521235146500437
0.28699999999997655,0.5212355186029705
0.28799999999997644,0.521236114397168
0.28899999999997633,0.5212366443984948
0.2899999999999762,0.5212373900894384
0.2909999999999761,0.5212380604205992
0.291999999999976,0.5212385712237875
0.2929999999999759,0.5212388379570696
0.2939999999999758,0.5212388542186357
0.29499999999997567,0.5212386888479957
0.29599999999997556,0.5212382669928646
0.29699999999997545,0.5212376874030535
0.29799999999997534,0.5212370485894768
0.29899999999997523,0.5212364594239037
0.2999999999999751,0.5212359795309679
0.300999999999975,0.5212357354096786
0.3019999999999749,0.5212356258416795
0.3029999999999748,0.5212357371406147
0.3039999999999747,0.5212360297303142
0.30499999999997457,0.5212364720308159
0.30599999999997446,0.5212369975010896
0.30699999999997435,0.521237418510053
0.30799999999997424,0.5212378945432009
0.30899999999997413,0.5212382364669024
0.309999999999974,0.5212384069089463
0.3109999999999739,0.5212383894007223
0.3119999999999738,0.5212381649403977
0.3129999999999737,0.5212377935302189
0.3139999999999736,0.5212374610466175
0.31499999999997347,0.5212369855548253
0.31599999999997336,0.5212365569949499
0.31699999999997325,0.5212362202554122
0.31799999999997314,0.5212360381053467
0.318999999999973,0.5212360117180577
0.3199999999999729,0.5212361055287716
0.3209999999999728,0.5212363625559763
0.3219999999999727,0.5212367248643639
0.3229999999999726,0.5212371300361325
0.3239999999999725,0.5212375028778655
0.32499999999997237,0.5212378143267787
0.32599999999997226,0.5212379797356786
0.32699999999997215,0.5212380623166588
0.32799999999997204,0.5212380048405099
0.3289999999999719,0.5212378360748204
0.3299999999999718,0.5212375698069655
0.3309999999999717,0.5212372447996847
0.3319999999999716,0.5212369700945461
0.3329999999999715,0.5212366604966434
0.3339999999999714,0.5212364313945042
0.33499999999997127,0.5212363075776582
0.33599999999997116,0.5212362989405273
0.33699999999997104,0.521236428144396
0.33799999999997093,0.5212366557127337
0.3389999999999708,0.5212368620093311
0.3399999999999707,0.5212371652550745
0.3409999999999706,0.5212374401631334
0.3419999999999705,0.5212376665177126
0.3429999999999704,0.5212377953800424
0.3439999999999703,0.5212378287274797
0.34499999999997016,0.5212377806905258
0.34599999999997005,0.5212376286239012
0.34699999999996994,0.521237404346616
0.34799999999996983,0.5212371473490255
0.3489999999999697,0.5212369113528306
0.3499999999999696,0.5212367062482255
0.3509999999999695,0.5212365904119599
0.3519999999999694,0.5212365245411571
0.3529999999999693,0.5212365475475995
0.3539999999999692,0.5212366376797521
0.35499999999996906,0.5212367924426836
0.35599999999996895,0.5212369906291364
0.35699999999996884,0.5212371726717955
0.35799999999996873,0.5212373770037309
0.3589999999999686,0.5212375347507833
0.3599999999999685,0.5212376290499882
0.3609999999999684,0.521237654026787
0.3619999999999683,0.5212375847726263
0.3629999999999682,0.5212374478001466
0.36399999999996807,0.5212373209518585
0.36499999999996796,0.5212371261895853
0.36599999999996785,0.5212369479754517
0.36699999999996774,0.5212367911980581
0.36799999999996763,0.5212366959677749
0.3689999999999675,0.5212366583628191
0.3699999999999674,0.5212366777168923
0.3709999999999673,0.5212367638899064
0.3719999999999672,0.5212369014299477
0.3729999999999671,0.5212370652387633
0.37399999999996697,0.5212372151902459
0.37499999999996686,0.5212373532855882
0.37599999999996675,0.5212374377107418
0.37699999999996664,0.5212374926495847
0.37799999999996653,0.5212374908403269
0.3789999999999664,0.5212374495734885
0.3799999999999663,0.5212373643295168
0.3809999999999662,0.5212372453747612
0.3819999999999661,0.5212371214806073
0.382999999999966,0.5212369832327958
0.38399999999996587,0.5212368704606476
0.38499999999996576,0.521236795014856
0.38599999999996565,0.5212367602820214
0.38699999999996554,0.5212367924160985
0.38799999999996543,0.5212368729754647
0.3889999999999653,0.5212369502561062
0.3899999999999652,0.5212370771437799
0.3909999999999651,0.5212371947528164
0.391999999999965,0.5212373076087327
0.3929999999999649,0.5212373812866955
0.39399999999996477,0.5212374209377504
0.39499999999996466,0.5212374190319232
0.39599999999996455,0.5212373734709774
0.39699999999996444,0.5212372897099877
0.3979999999999643,0.5212371839055993
0.3989999999999642,0.5212370876069895
0.3999999999999641,0.5212369915294888
0.400999999999964,0.5212369270267349
0.4019999999999639,0.5212368794406778
0.4029999999999638,0.5212368685833534
0.40399999999996367,0.5212368799574291
0.40499999999996356,0.5212369223376329
0.40599999999996345,0.521236992183209
0.40699999999996334,0.5212370797257264
0.4079999999999632,0.5212371765455293
0.4089999999999631,0.521237260829269
0.409999999999963,0.521237323913231
0.4109999999999629,0.5212373639728876
0.4119999999999628,0.5212373542777426
0.4129999999999627,0.5212373083087195
0.41399999999996256,0.5212372615832543
0.41499999999996245,0.5212371767852482
0.41599999999996234,0.5212370969152226
0.41699999999996223,0.5212370117422512
0.4179999999999621,0.5212369519775029
0.418999999999962,0.5212369116780614
0.4199999999999619,0.5212369032184546
0.4209999999999618,0.5212369240894502
0.4219999999999617,0.5212369748051388
0.4229999999999616,0.5212370447108488
0.42399999999996146,0.5212371076627087
0.42499999999996135,0.5212371773400479
0.42599999999996124,0.5212372290580687
0.42699999999996113,0.5212372714191792
0.427999999999961,0.521237289446468
0.4289999999999609,0.521237295910423
0.4299999999999608,0.5212372795293707
0.4309999999999607,0.5212372397706971
0.4319999999999606,0.5212371748186758
0.43299999999996047,0.5212371038654277
0.43399999999996036,0.5212370376515102
0.43499999999996025,0.5212369827969534
0.43599999999996014,0.5212369401296809
0.43699999999996003,0.5212369365319418
0.4379999999999599,0.5212369615320757
0.4389999999999598,0.5212369895726574
0.4399999999999597,0.5212370483750108
0.4409999999999596,0.5212371047620725
0.4419999999999595,0.5212371723607254
0.44299999999995937,0.5212372229345041
0.44399999999995926,0.5212372629461396
0.44499999999995915,0.5212372772967387
0.44599999999995904,0.5212372710982996
0.44699999999995893,0.5212372404013447
0.4479999999999588,0.5212371925075053
0.4489999999999587,0.5212371501411486
0.4499999999999586,0.5212370970295053
0.4509999999999585,0.5212370535738434
0.4519999999999584,0.5212370150155274
0.45299999999995827,0.5212369931601664
0.45399999999995816,0.5212369762956723
0.45499999999995805,0.5212369771201618
0.45599999999995794,0.5212369985868238
0.45699999999995783,0.5212370494942598
0.4579999999999577,0.5212371042423724
0.4589999999999576,0.521237158852413
0.4599999999999575,0.5212372080308914
0.4609999999999574,0.5212372515953652
0.4619999999999573,0.5212372627720769
0.46299999999995717,0.5212372502322603
0.46399999999995706,0.5212372334592926
0.46499999999995695,0.5212371905831134
0.46599999999995684,0.5212371487437002
0.4669999999999567,0.5212370923447374
0.4679999999999566,0.5212370479276838
0.4689999999999565,0.5212370086855123
0.4699999999999564,0.5212369911494533
0.4709999999999563,0.5212369888056122
0.4719999999999562,0.5212370074970811
0.47299999999995607,0.521237041945095
0.47399999999995596,0.5212370716061022
0.47499999999995585,0.5212371142335928
0.47599999999995574,0.5212371522294899
0.4769999999999556,0.5212371878735326
0.4779999999999555,0.5212372114893867
0.4789999999999554,0.5212372341423112
0.4799999999999553,0.5212372423889373
0.4809999999999552,0.5212372318748832
0.4819999999999551,0.5212371896737141
0.48299999999995497,0.5212371450734266
0.48399999999995486,0.5212370979729404
0.48499999999995475,0.5212370527906777
0.48599999999995463,0.5212370092819656
0.4869999999999545,0.5212369939609338
0.4879999999999544,0.5212369992190553
0.4889999999999543,0.5212370092603521
0.4899999999999542,0.5212370423883051
0.4909999999999541,0.521237075175316
0.491999999999954,0.5212371243104045
0.49299999999995386,0.521237164455351
0.49399999999995375,0.5212372026454521
0.49499999999995364,0.521237221707742
0.49599999999995353,0.5212372288150753
0.4969999999999534,0.5212372171715554
0.4979999999999533,0.5212371908495085
0.4989999999999532,0.5212371689793452
0.4999999999999531,0.5212369622776776
0.500999999999953,0.5212359313491199
0.5019999999999529,0.5212349661134659
0.5029999999999528,0.5212356123501302
0.5039999999999527,0.5212365087531041
0.5049999999999526,0.521237062224236
0.5059999999999525,0.5212373358551486
0.5069999999999524,0.5212374154127619
0.5079999999999523,0.5212373585511294
0.5089999999999522,0.5212372924421638
0.509999999999952,0.5212373322176852
0.5109999999999519,0.5212376148219019
0.5119999999999518,0.5212381957237762
0.5129999999999517,0.521239125084629
0.5139999999999516,0.5212400554502771
0.5149999999999515,0.5212415381690041
0.5159999999999514,0.5212432304594166
0.5169999999999513,0.5212454809194784
0.5179999999999512,0.5212484434771563
0.5189999999999511,0.5212500917329906
0.519999999999951,0.5212502729263865
0.5209999999999508,0.5212504038077738
0.5219999999999507,0.5212505368111106
0.5229999999999506,0.5212506357727201
0.5239999999999505,0.5212507326302723
0.5249999999999504,0.5212508213195933
0.5259999999999503,0.5212508949754838
0.5269999999999502,0.5212509675505735
0.5279999999999501,0.5212510236224294
0.52899999999995,0.5212510807235838
0.5299999999999498,0.5212511222560219
0.5309999999999497,0.5212511439111798
0.5319999999999496,0.5212511228154713
0.5329999999999495,0.521251110890199
0.5339999999999494,0.521251099085842
0.5349999999999493,0.5212510915544972
0.5359999999999492,0.5212510897677062
0.5369999999999491,0.5212511263187061
0.537999999999949,0.5212511911942697
0.5389999999999489,0.5212512502058536
0.5399999999999487,0.5212513563362883
0.5409999999999486,0.5212514671920512
0.5419999999999485,0.5212515989642834
0.5429999999999484,0.5212517209563362
0.5439999999999483,0.521251840708604
0.5449999999999482,0.5212519163903624
0.5459999999999481,0.5212519911616857
0.546999999999948,0.5212520384324486
0.5479999999999479,0.521252063831383
0.5489999999999478,0.5212520904479899
0.5499999999999476,0.5212520996073636
0.5509999999999475,0.521252100370565
0.5519999999999474,0.5212521237699004
0.5529999999999473,0.521252167511628
0.5539999999999472,0.5212522228905888
0.5549999999999471,0.5212523092436873
0.555999999999947,0.5212524325411133
0.5569999999999469,0.5212525727481088
0.5579999999999468,0.5212527564607807
0.5589999999999467,0.5212529498679175
0.5599999999999465,0.5212531433168057
0.5609999999999464,0.5212533293220443
0.5619999999999463,0.5212534705648376
0.5629999999999462,0.5212535728908613
0.5639999999999461,0.521253630657712
0.564999999999946,0.5212536689078593
0.5659999999999459,0.5212536902257926
0.5669999999999458,0.5212536814131775
0.5679999999999457,0.521253676661918
0.5689999999999455,0.5212536731816556
0.5699999999999454,0.5212536861134655
0.5709999999999453,0.5212537339449621
0.5719999999999452,0.5212538167038392
0.5729999999999451,0.521253929714917
0.573999999999945,0.5212540500413864
0.5749999999999449,0.5212541938017583
0.5759999999999448,0.5212543101075434
0.5769999999999447,0.5212544441795186
0.5779999999999446,0.5212545564411482
0.5789999999999444,0.5212546524876865
0.5799999999999443,0.5212547114593316
0.5809999999999442,0.5212547265717967
0.5819999999999441,0.5212546861603083
0.582999999999944,0.5212546293338987
0.5839999999999439,0.5212545577855344
0.5849999999999438,0.5212544832813969
0.5859999999999437,0.5212544154501051
0.5869999999999436,0.5212543926560561
0.5879999999999435,0.5212544111036639
0.5889999999999433,0.5212544463845016
0.5899999999999432,0.5212545351965635
0.5909999999999431,0.5212546450589672
0.591999999999943,0.5212547875835175
0.5929999999999429,0.5212549282629467
0.5939999999999428,0.5212550682247306
0.5949999999999427,0.5212551573971351
0.5959999999999426,0.5212552446114066
0.5969999999999425,0.5212552947288637
0.5979999999999424,0.5212553118161563
0.5989999999999422,0.5212553181824973
0.5999999999999421,0.5212552986691966
0.600999999999942,0.5212552741893828
0.6019999999999419,0.5212552604739007
0.6029999999999418,0.5212552675298688
0.6039999999999417,0.5212552909749927
0.6049999999999416,0.5212553517044991
0.6059999999999415,0.5212554567819065
0.6069999999999414,0.5212555868733245
0.6079999999999413,0.5212557650511892
0.6089999999999411,0.5212559591485338
0.609999999999941,0.5212561573654083
0.6109999999999409,0.5212563496487395
0.6119999999999408,0.5212564981648374
0.6129999999999407,0.5212566061165909
0.6139999999999406,0.521256665625943
0.6149999999999405,0.5212567033401052
0.6159999999999404,0.5212567192309706
0.6169999999999403,0.5212567019115696
0.6179999999999402,0.5212566849457128
0.61899999999994,0.521256667515581
0.6199999999999399,0.5212566690395513
0.6209999999999398,0.5212567010595428
0.6219999999999397,0.5212567685067483
0.6229999999999396,0.5212568677399143
0.6239999999999395,0.5212569775755916
0.6249999999999394,0.521257112797983
0.6259999999999393,0.5212572240258819
0.6269999999999392,0.5212573544650584
0.627999999999939,0.5212574656536076
0.6289999999999389,0.521257561799319
0.6299999999999388,0.5212576224765382
0.6309999999999387,0.521257640657889
0.6319999999999386,0.5212576046985746
0.6329999999999385,0.5212575521168716
0.6339999999999384,0.5212574836468441
0.6349999999999383,0.5212574103993681
0.6359999999999382,0.5212573417506129
0.6369999999999381,0.5212573140078486
0.637999999999938,0.5212573240799095
0.6389999999999378,0.5212573515328897
0.6399999999999377,0.521257427447724
0.6409999999999376,0.5212575238920255
0.6419999999999375,0.5212576521716995
0.6429999999999374,0.5212577805148069
0.6439999999999373,0.5212579103819256
0.6449999999999372,0.5212579945041134
0.6459999999999371,0.5212580790454939
0.646999999999937,0.5212581310504064
0.6479999999999368,0.5212581538890222
0.6489999999999367,0.5212581677429837
0.6499999999999366,0.5212581576601818
0.6509999999999365,0.521258140591689
0.6519999999999364,0.5212581345005876
0.6529999999999363,0.521258145852781
0.6539999999999362,0.5212581700935119
0.6549999999999361,0.5212582266929181
0.655999999999936,0.5212583224721231
0.6569999999999359,0.5212584410238393
0.6579999999999357,0.5212586026071742
0.6589999999999356,0.5212587790036994
0.6599999999999355,0.5212589603652005
0.6609999999999354,0.5212591382434905
0.6619999999999353,0.5212592780025262
0.6629999999999352,0.5212593831258945
0.6639999999999351,0.5212594440890863
0.664999999999935,0.5212594888765943
0.6659999999999349,0.5212595152324608
0.6669999999999348,0.5212595113575451
0.6679999999999346,0.521259507206987
0.6689999999999345,0.5212595005138013
0.6699999999999344,0.5212595071346098
0.6709999999999343,0.5212595406628739
0.6719999999999342,0.5212596030799667
0.6729999999999341,0.5212596911920098
0.673999999999934,0.5212597859518383
0.6749999999999339,0.521259902462165
0.6759999999999338,0.5212599985660997
0.6769999999999337,0.5212601105684974
0.6779999999999335,0.5212602068310754
0.6789999999999334,0.5212602924747404
0.6799999999999333,0.5212603489085826
0.6809999999999332,0.5212603695860472
0.6819999999999331,0.5212603410147378
0.682999999999933,0.5212603008879743
0.6839999999999329,0.5212602471191324
0.6849999999999328,0.5212601883695824
0.6859999999999327,0.5212601318708056
0.6869999999999326,0.5212601103771527
0.6879999999999324,0.5212601200384428
0.6889999999999323,0.5212601429094824
0.6899999999999322,0.5212602066615794
0.6909999999999321,0.5212602864051774
0.691999999999932,0.5212603941518564
0.6929999999999319,0.5212605019055363
0.6939999999999318,0.5212606129925845
0.6949999999999317,0.5212606859719345
0.6959999999999316,0.5212607611511676
0.6969999999999315,0.5212608108199501
0.6979999999999313,0.5212608380667167
0.6989999999999312,0.5212608610789768
0.6999999999999311,0.5212608643957894
0.700999999999931,0.5212608587923551
0.7019999999999309,0.5212608666825856
0.7029999999999308,0.5212608887084759
0.7039999999999307,0.5212609191145513
0.7049999999999306,0.5212609754507409
0.7059999999999305,0.5212610639546693
0.7069999999999304,0.5212611714491331
0.7079999999999302,0.5212613151850775
0.7089999999999301,0.5212614710581759
0.70999999999993,0.5212616317160358
0.7109999999999299,0.5212617909587567
0.7119999999999298,0.5212619176490088
0.7129999999999297,0.5212620161991738
0.7139999999999296,0.521262076509583
0.7149999999999295,0.5212621264828371
0.7159999999999294,0.5212621627701435
0.7169999999999292,0.5212621728235655
0.7179999999999291,0.5212621829990669
0.718999999999929,0.5212621891094834
0.7199999999999289,0.5212622026285892
0.7209999999999288,0.521262240171909
0.7219999999999287,0.5212622998600981
0.7229999999999286,0.5212623786700028
0.7239999999999285,0.5212624593290014
0.7249999999999284,0.5212625574721018
0.7259999999999283,0.5212626382985632
0.7269999999999281,0.5212627309090428
0.727999999999928,0.5212628106862974
0.7289999999999279,0.5212628839908029
0.7299999999999278,0.5212629340801295
0.7309999999999277,0.5212629550152533
0.7319999999999276,0.5212629318925222
0.7329999999999275,0.5212629021166998
0.7339999999999274,0.5212628613898647
0.7349999999999273,0.5212628160428574
0.7359999999999272,0.5212627711898736
0.736999999999927,0.5212627563520055
0.7379999999999269,0.5212627667364403
0.7389999999999268,0.5212627861906411
0.7399999999999267,0.5212628397623683
0.7409999999999266,0.5212629048136013
0.7419999999999265,0.5212629940492679
0.7429999999999264,0.5212630827256991
0.7439999999999263,0.5212631759465989
0.7449999999999262,0.5212632378901932
0.7459999999999261,0.5212633029731261
0.746999999999926,0.5212633486190762
0.7479999999999258,0.5212633778188475
0.7489999999999257,0.521263407210141
0.7499999999999256,0.5212634208714385
0.7509999999999255,0.5212634244709408
0.7519999999999254,0.5212634438897938
0.7529999999999253,0.5212634749533688
0.7539999999999252,0.5212635107554504
0.7549999999999251,0.5212635671572492
0.755999999999925,0.521263649808992
0.7569999999999248,0.5212637481928185
0.7579999999999247,0.521263876930004
0.7589999999999246,0.5212640152776092
0.7599999999999245,0.5212641579423481
0.7609999999999244,0.5212643006177378
0.7619999999999243,0.5212644150625371
0.7629999999999242,0.5212645065532961
0.7639999999999241,0.521264565052092
0.764999999999924,0.5212646175981551
0.7659999999999239,0.5212646604893241
0.7669999999999237,0.5212646806093532
0.7679999999999236,0.5212647014516053
0.7689999999999235,0.5212647172676452
0.7699999999999234,0.5212647360504511
0.7709999999999233,0.5212647766150267
0.7719999999999232,0.5212648340304783
0.7729999999999231,0.521264905325505
0.773999999999923,0.5212649745542759
0.7749999999999229,0.5212650577147943
0.7759999999999228,0.5212651259743936
0.7769999999999226,0.5212652023940303
0.7779999999999225,0.521265268040706
0.7789999999999224,0.5212653302807122
0.7799999999999223,0.521265373883225
0.7809999999999222,0.5212653934558285
0.7819999999999221,0.5212653734498062
0.782999999999922,0.5212653503174067
0.7839999999999219,0.5212653184898768
0.7849999999999218,0.5212652825267596
0.7859999999999217,0.5212652459144504
0.7869999999999215,0.5212652356392227
0.7879999999999214,0.5212652461511306
0.7889999999999213,0.5212652627142951
0.7899999999999212,0.5212653081149696
0.7909999999999211,0.5212653614928066
0.791999999999921,0.5212654360016167
0.7929999999999209,0.5212655093650763
0.7939999999999208,0.5212655879985778
0.7949999999999207,0.5212656406850962
0.7959999999999205,0.5212656968075449
0.7969999999999204,0.5212657379921388
0.7979999999999203,0.5212657672059712
0.7989999999999202,0.521265799949146
0.7999999999999201,0.5212658200528322
0.80099999999992,0.5212658296694465
0.8019999999999199,0.5212658566744982
0.8029999999999198,0.5212658936278455
0.8039999999999197,0.5212659327800687
0.8049999999999196,0.5212659886690632
0.8059999999999194,0.521266066448936
0.8069999999999193,0.5212661576123578
0.8079999999999192,0.52126627460261
0.8089999999999191,0.5212663992324349
0.809999999999919,0.5212665276914306
0.8109999999999189,0.5212666570495867
0.8119999999999188,0.521266761269224
0.8129999999999187,0.5212668462570911
0.8139999999999186,0.521266902381878
0.8149999999999185,0.5212669554301623
0.8159999999999183,0.5212670017809247
0.8169999999999182,0.5212670280039837
0.8179999999999181,0.5212670554775017
0.818999999999918,0.5212670773736415
0.8199999999999179,0.5212670993245071
0.8209999999999178,0.5212671412823031
0.8219999999999177,0.5212671963144019
0.8229999999999176,0.521267261457947
0.8239999999999175,0.5212673217326366
0.8249999999999174,0.5212673932841929
0.8259999999999172,0.5212674517979764
0.8269999999999171,0.5212675155721095
0.827999999999917,0.5212675699381727
0.8289999999999169,0.5212676229475474
0.8299999999999168,0.5212676605284638
0.8309999999999167,0.5212676777334216
0.8319999999999166,0.5212676590087162
0.8329999999999165,0.5212676393349533
0.8339999999999164,0.5212676126509761
0.8349999999999163,0.5212675822840268
0.8359999999999161,0.5212675505825838
0.836999999999916,0.5212675426352316
0.8379999999999159,0.5212675523759577
0.8389999999999158,0.5212675662839293
0.8399999999999157,0.5212676050578539
0.8409999999999156,0.5212676493356817
0.8419999999999155,0.5212677124842248
0.8429999999999154,0.5212677740238274
0.8439999999999153,0.5212678412292042
0.8449999999999152,0.5212678864887587
0.845999999999915,0.5212679350585424
0.8469999999999149,0.5212679718266188
0.8479999999999148,0.5212679997591371
0.8489999999999147,0.5212680335251932
0.8499999999999146,0.5212680569058981
0.8509999999999145,0.5212680698824487
0.8519999999999144,0.5212681010866711
0.8529999999999143,0.5212681411359693
0.8539999999999142,0.5212681817400672
0.854999999999914,0.5212682364336677
0.8559999999999139,0.521268309975416
0.8569999999999138,0.5212683953600014
0.8579999999999137,0.5212685032144192
0.8589999999999136,0.5212686172804553
0.8599999999999135,0.5212687347524895
0.8609999999999134,0.521268853639657
0.8619999999999133,0.5212689495470486
0.8629999999999132,0.5212690287841969
0.8639999999999131,0.5212690822994211
0.864999999999913,0.5212691344511936
0.8659999999999128,0.5212691819400299
0.8669999999999127,0.521269211227864
0.8679999999999126,0.5212692421578503
0.8689999999999125,0.5212692672246739
0.8699999999999124,0.5212692906178978
0.8709999999999123,0.5212693325552821
0.8719999999999122,0.5212693849736738
0.8729999999999121,0.521269444909314
0.873999999999912,0.521269498092487
0.8749999999999118,0.5212695606460448
0.8759999999999117,0.5212696116354272
0.8769999999999116,0.5212696656202711
0.8779999999999115,0.5212697110740719
0.8789999999999114,0.5212697564635883
0.8799999999999113,0.5212697885959257
0.8809999999999112,0.5212698028745674
0.8819999999999111,0.5212697841802855
0.882999999999911,0.5212697656893065
0.8839999999999109,0.521269741388355
0.8849999999999107,0.5212697137824692
0.8859999999999106,0.521269684458814
0.8869999999999105,0.5212696770884879
0.8879999999999104,0.5212696852929339
0.8889999999999103,0.521269696656585
0.8899999999999102,0.5212697298837627
0.8909999999999101,0.5212697669446941
0.89199999999991,0.5212698212465172
0.8929999999999099,0.5212698736160186
0.8939999999999098,0.5212699318420821
0.8949999999999096,0.5212699711368938
0.8959999999999095,0.5212700133635882
0.8969999999999094,0.5212700459288906
0.8979999999999093,0.5212700717986282
0.8989999999999092,0.5212701050197986
0.8999999999999091,0.5212701294656036
0.900999999999909,0.5212701439111962
0.9019999999999089,0.5212701768671346
0.9029999999999088,0.5212702179639425
0.9039999999999087,0.5212702586027198
0.9049999999999085,0.5212703115543775
0.9059999999999084,0.5212703812665141
0.9069999999999083,0.5212704618829237
0.9079999999999082,0.5212705624734113
0.9089999999999081,0.5212706682717899
0.909999999999908,0.5212707771333539
0.9109999999999079,0.5212708876899692
0.9119999999999078,0.5212709767858887
0.9129999999999077,0.5212710509568417
0.9139999999999076,0.5212711018051869
0.9149999999999074,0.5212711522034418
0.9159999999999073,0.5212711992957559
0.9169999999999072,0.521271229576806
0.9179999999999071,0.5212712617622849
0.918999999999907,0.5212712879589876
0.9199999999999069,0.5212713115692832
0.9209999999999068,0.5212713524633986
0.9219999999999067,0.5212714020728493
0.9229999999999066,0.5212714574375792
0.9239999999999065,0.5212715048290116
0.9249999999999063,0.5212715602319578
0.9259999999999062,0.5212716052850364
0.9269999999999061,0.5212716515514335
0.927999999999906,0.5212716898461381
0.9289999999999059,0.5212717288559668
0.9299999999999058,0.521271756065406
0.9309999999999057,0.5212717671546626
0.9319999999999056,0.5212717477085329
0.9329999999999055,0.521271728918232
0.9339999999999054,0.5212717051588046
0.9349999999999052,0.521271678396986
0.9359999999999051,0.5212716497199225
0.936999999999905,0.5212716417161943
0.9379999999999049,0.5212716478445101
0.9389999999999048,0.5212716567301369
0.9399999999999047,0.5212716851465355
0.9409999999999046,0.5212717162926467
0.9419999999999045,0.521271763503908
0.9429999999999044,0.521271808578595
0.9439999999999042,0.5212718595808917
0.9449999999999041,0.5212718939840162
0.945999999999904,0.5212719308035156
0.9469999999999039,0.5212719594266547
0.9479999999999038,0.521271982811224
0.9489999999999037,0.5212720145187377
0.9499999999999036,0.5212720386056053
0.9509999999999035,0.5212720532806635
0.9519999999999034,0.5212720863661595
0.9529999999999033,0.5212721271422858
0.9539999999999031,0.5212721668629463
0.954999999999903,0.5212722177028789
0.9559999999999029,0.5212722838628902
0.9569999999999028,0.5212723604023789
0.9579999999999027,0.5212724550159679
0.9589999999999026,0.5212725541374176
0.9599999999999025,0.5212726560514053
0.9609999999999024,0.5212727597993533
0.9619999999999023,0.5212728431889149
0.9629999999999022,0.521272912856856
0.963999999999902,0.5212729610782505
0.9649999999999019,0.5212730092473778
0.9659999999999018,0.5212730550037169
0.9669999999999017,0.5212730849619552
0.9679999999999016,0.5212731169836543
0.9689999999999015,0.521273142982437
0.9699999999999014,0.5212731660086597
0.9709999999999013,0.5212732051914014
0.9719999999999012,0.5212732518728785
0.972999999999901,0.5212733031059349
0.973999999999901,0.5212733455936092
0.9749999999999008,0.5212733951119272
0.9759999999999007,0.5212734353240012
0.9769999999999006,0.521273475315738
0.9779999999999005,0.5212735076970547
0.9789999999999004,0.5212735412430611
0.9799999999999003,0.52127356397692
0.9809999999999002,0.5212735718004095
0.9819999999999001,0.5212735511504956
0.9829999999999,0.5212735311604016
0.9839999999998998,0.5212735067909976
0.9849999999998997,0.5212734796581457
0.9859999999998996,0.5212734505211349
0.9869999999998995,0.5212734411116569
0.9879999999998994,0.5212734448291143
0.9889999999998993,0.5212734512955187
0.9899999999998992,0.5212734754106739
0.9909999999998991,0.5212735015312243
0.991999999999899,0.5212735428538737
0.9929999999998989,0.5212735819266472
0.9939999999998987,0.5212736269320156
0.9949999999998986,0.5212736572107809
0.9959999999998985,0.5212736893271805
0.9969999999998984,0.5212737142715599
0.9979999999998983,0.5212737349838904
0.9989999999998982,0.5212737646280226
0.9999999999998981,0.5212737874971392
1.0009999999999002,0.5212738016283114
1.0019999999999023,0.5212738338165954
1.0029999999999044,0.5212738735836334
1.0039999999999065,0.5212739125428595
1.0049999999999086,0.5212739627935385
1.0059999999999107,0.5212740286494425
1.0069999999999129,0.5212741048320407
1.007999999999915,0.5212742000341362
1.008999999999917,0.5212743006944222
1.0099999999999192,0.5212744051751111
1.0109999999999213,0.521274512464328
1.0119999999999234,0.521274600804751
1.0129999999999255,0.5212746765259064
1.0139999999999276,0.5212747297970177
1.0149999999999297,0.5212747855195216
1.0159999999999318,0.5212748392865524
1.016999999999934,0.5212748780191885
1.017999999999936,0.5212749191911014
1.0189999999999382,0.5212749549587494
1.0199999999999403,0.5212749854683851
1.0209999999999424,0.5212750345765723
1.0219999999999445,0.521275091036873
1.0229999999999466,0.5212751519131988
1.0239999999999487,0.5212752043021056
1.0249999999999508,0.5212752637124453
1.025999999999953,0.5212753114870259
1.026999999999955,0.5212753623814892
1.0279999999999572,0.5212754067017552
1.0289999999999593,0.5212754532390161
1.0299999999999614,0.5212754904631799
1.0309999999999635,0.5212755144787535
1.0319999999999656,0.5212755075110497
1.0329999999999677,0.5212755067377292
1.0339999999999698,0.5212755028745378
1.034999999999972,0.5212754973348777
1.035999999999974,0.5212754906617407
1.0369999999999762,0.521275503873442
1.0379999999999783,0.5212755304055819
1.0389999999999804,0.5212755542082596
1.0399999999999825,0.5212756014776926
1.0409999999999846,0.5212756513138055
1.0419999999999867,0.5212757167082082
1.0429999999999888,0.521275780882929
1.043999999999991,0.5212758521116121
1.044999999999993,0.5212759030832892
1.0459999999999952,0.5212759644139081
1.0469999999999973,0.5212760205503912
1.0479999999999994,0.5212760744215147
1.0490000000000015,0.521276138897757
1.0500000000000036,0.5212761985383932
1.0510000000000057,0.5212762414044494
1.0520000000000078,0.5212763128825767
1.05300000000001,0.5212763929371593
1.054000000000012,0.521276485017015
1.0550000000000141,0.5212765760648912
1.0560000000000163,0.5212766821420328
1.0570000000000184,0.5212767875845065
1.0580000000000205,0.5212769217535991
1.0590000000000226,0.5212770612492238
1.0600000000000247,0.5212772022279807
1.0610000000000268,0.521277349664933
1.062000000000029,0.5212774801310388
1.063000000000031,0.5212776003487298
1.0640000000000331,0.5212776887033149
1.0650000000000353,0.5212777938224074
1.0660000000000374,0.5212778911425863
1.0670000000000395,0.5212779847279307
1.0680000000000416,0.5212780826888145
1.0690000000000437,0.5212781769530483
1.0700000000000458,0.5212782398807417
1.071000000000048,0.5212783491977147
1.07200000000005,0.5212784812014897
1.0730000000000521,0.5212786038833642
1.0740000000000542,0.5212787191411811
1.0750000000000564,0.5212788420559891
1.0760000000000585,0.5212789378931117
1.0770000000000606,0.5212790565696459
1.0780000000000627,0.5212791670143262
1.0790000000000648,0.5212792683698111
1.080000000000067,0.521279373676093
1.081000000000069,0.5212794668533911
1.0820000000000711,0.5212795126824421
1.0830000000000732,0.5212795911471197
1.0840000000000753,0.5212796583195264
1.0850000000000775,0.5212797265109378
1.0860000000000796,0.5212797909507305
1.0870000000000817,0.5212798744837381
1.0880000000000838,0.52127997064508
1.089000000000086,0.5212800318039185
1.090000000000088,0.5212801475457279
1.0910000000000901,0.5212802739106074
1.0920000000000922,0.521280407196255
1.0930000000000943,0.5212805396591943
1.0940000000000965,0.5212806798242237
1.0950000000000986,0.5212807954519583
1.0960000000001007,0.5212809281501108
1.0970000000001028,0.5212810430522282
1.098000000000105,0.5212811725090112
1.099000000000107,0.5212813149492526
1.1000000000001091,0.521281455501947
1.1010000000001112,0.5212815610739793
1.1020000000001133,0.5212817160999963
1.1030000000001154,0.5212818855855197
1.1040000000001176,0.5212820704818037
1.1050000000001197,0.5212822583326782
1.1060000000001218,0.5212824649652935
1.1070000000001239,0.5212826479641968
1.108000000000126,0.5212828815135575
1.109000000000128,0.5212831333134825
1.1100000000001302,0.5212833915562923
1.1110000000001323,0.5212836614249142
1.1120000000001344,0.5212839199839135
1.1130000000001365,0.5212841739565977
1.1140000000001387,0.5212843809066805
1.1150000000001408,0.5212846296698784
1.1160000000001429,0.521284876061489
1.117000000000145,0.5212851238720202
1.118000000000147,0.5212853806700607
1.1190000000001492,0.5212856383802396
1.1200000000001513,0.5212858267827117
1.1210000000001534,0.521286105931102
1.1220000000001555,0.5212864106160704
1.1230000000001576,0.5212867095135204
1.1240000000001598,0.521287004247872
1.1250000000001619,0.521287309235503
1.126000000000164,0.5212875432143427
1.127000000000166,0.5212878484703559
1.1280000000001682,0.5212881481781946
1.1290000000001703,0.5212884413913638
1.1300000000001724,0.5212887409296711
1.1310000000001745,0.5212890308017907
1.1320000000001766,0.5212892258226948
1.1330000000001788,0.5212895048427462
1.1340000000001809,0.5212897744831445
1.135000000000183,0.521290046765937
1.136000000000185,0.521290317035173
1.1370000000001872,0.5212906071731735
1.1380000000001893,0.5212909108991982
1.1390000000001914,0.5212911289429102
1.1400000000001935,0.5212914538555079
1.1410000000001956,0.5212917903162553
1.1420000000001977,0.5212921347722442
1.1430000000001999,0.5212924797179882
1.144000000000202,0.5212928337577847
1.145000000000204,0.5212931106170031
1.1460000000002062,0.5212934598771585
1.1470000000002083,0.5212937932024904
1.1480000000002104,0.5212941426021231
1.1490000000002125,0.5212945065427106
1.1500000000002146,0.5212948702594301
1.1510000000002167,0.5212951441360316
1.1520000000002188,0.5212955244939982
1.153000000000221,0.5212959204067121
1.154000000000223,0.5212963327034558
1.1550000000002252,0.5212967493183297
1.1560000000002273,0.521297185513846
1.1570000000002294,0.5212975406116601
1.1580000000002315,0.5212980052808132
1.1590000000002336,0.5212984889184448
1.1600000000002357,0.5212989802088168
1.1610000000002378,0.5212994844841442
1.16200000000024,0.5212999790291833
1.163000000000242,0.5213004706368473
1.1640000000002442,0.5213008567279658
1.1650000000002463,0.5213013460077645
1.1660000000002484,0.5213018345023362
1.1670000000002505,0.5213023258681123
1.1680000000002526,0.5213028273999641
1.1690000000002547,0.5213033312978816
1.1700000000002568,0.5213037053122948
1.171000000000259,0.5213042319807313
1.172000000000261,0.5213047844807832
1.1730000000002632,0.5213053325046128
1.1740000000002653,0.5213058776285413
1.1750000000002674,0.521306433785823
1.1760000000002695,0.5213068566222507
1.1770000000002716,0.5213074147366129
1.1780000000002737,0.5213079685976127
1.1790000000002758,0.5213085173248961
1.180000000000278,0.5213090737067796
1.18100000000028,0.5213096219128946
1.1820000000002822,0.521310011696496
1.1830000000002843,0.5213105514808353
1.1840000000002864,0.5213110830612457
1.1850000000002885,0.5213116183207342
1.1860000000002906,0.521312152831554
1.1870000000002927,0.5213127075069384
1.1880000000002948,0.5213132763400414
1.189000000000297,0.521313694218822
1.190000000000299,0.5213142852110006
1.1910000000003012,0.5213148883173326
1.1920000000003033,0.521315500106826
1.1930000000003054,0.52131611327736
1.1940000000003075,0.5213167365167881
1.1950000000003096,0.5213172158042477
1.1960000000003117,0.5213178359949598
1.1970000000003138,0.5213184414785903
1.198000000000316,0.5213190640028732
1.199000000000318,0.5213197020501136
1.2000000000003201,0.5213203408979161
1.2010000000003223,0.5213208216118065
1.2020000000003244,0.5213214781134121
1.2030000000003265,0.5213221506253712
1.2040000000003286,0.52132283985999
1.2050000000003307,0.521323534153462
1.2060000000003328,0.5213242481673128
1.207000000000335,0.5213248110701064
1.208000000000337,0.5213255538826909
1.2090000000003391,0.5213263155926698
1.2100000000003412,0.5213270853565063
1.2110000000003434,0.5213278686377767
1.2120000000003455,0.5213286428105943
1.2130000000003476,0.5213294147377135
1.2140000000003497,0.5213300113856416
1.2150000000003518,0.5213307821068599
1.216000000000354,0.5213315526008121
1.217000000000356,0.5213323263711362
1.2180000000003581,0.5213331104560949
1.2190000000003602,0.5213338973472393
1.2200000000003624,0.5213344839086234
1.2210000000003645,0.5213352930756636
1.2220000000003666,0.5213361273206629
1.2230000000003687,0.5213369573625158
1.2240000000003708,0.5213377847082341
1.225000000000373,0.5213386227766971
1.226000000000375,0.5213392567806977
1.2270000000003771,0.5213400964709325
1.2280000000003792,0.5213409319911039
1.2290000000003813,0.5213417625064938
1.2300000000003835,0.521342600767007
1.2310000000003856,0.5213434310564103
1.2320000000003877,0.5213440325176923
1.2330000000003898,0.5213448545309484
1.234000000000392,0.5213456681861092
1.235000000000394,0.52134648526718
1.2360000000003961,0.521347301584289
1.2370000000003982,0.5213481370796269
1.2380000000004003,0.5213489860421974
1.2390000000004024,0.5213496141849466
1.2400000000004046,0.5213504840511961
1.2410000000004067,0.5213513653161879
1.2420000000004088,0.5213522546339231
1.2430000000004109,0.5213531448927637
1.244000000000413,0.5213540448409205
1.245000000000415,0.5213547312963817
1.2460000000004172,0.5213556274803287
1.2470000000004193,0.5213565087436876
1.2480000000004214,0.5213574065924637
1.2490000000004235,0.5213583195177571
1.2500000000004257,0.5213592328358433
1.2510000000004278,0.5213599189565344
1.2520000000004299,0.5213608484674285
1.253000000000432,0.5213617930384654
1.254000000000434,0.5213627532940692
1.2550000000004362,0.5213637179576057
1.2560000000004383,0.5213647011177305
1.2570000000004404,0.5213654644474095
1.2580000000004425,0.5213664743231843
1.2590000000004447,0.5213675016461647
1.2600000000004468,0.5213685360198383
1.2610000000004489,0.5213695830055242
1.262000000000451,0.5213706200592583
1.263000000000453,0.5213716541027857
1.2640000000004552,0.5213724466845672
1.2650000000004573,0.5213734780697947
1.2660000000004594,0.5213745083250548
1.2670000000004615,0.5213755407959376
1.2680000000004636,0.5213765823017964
1.2690000000004658,0.521377625607603
1.2700000000004679,0.5213784038482128
1.27100000000047,0.5213794665184628
1.272000000000472,0.5213805521670779
1.2730000000004742,0.5213816324770604
1.2740000000004763,0.5213827088857623
1.2750000000004784,0.5213837943374823
1.2760000000004805,0.5213846127231346
1.2770000000004826,0.5213856970598562
1.2780000000004847,0.5213867758892405
1.2790000000004869,0.5213878484293032
1.280000000000489,0.521388927356039
1.281000000000491,0.521389997093023
1.2820000000004932,0.5213907773554163
1.2830000000004953,0.5213918364774927
1.2840000000004974,0.5213928857134771
1.2850000000004995,0.5213939367494503
1.2860000000005016,0.5213949856038049
1.2870000000005037,0.5213960513547565
1.2880000000005059,0.5213971285713437
1.289000000000508,0.5213979271475172
1.29000000000051,0.5213990217281294
1.2910000000005122,0.5214001257003934
1.2920000000005143,0.521401235785082
1.2930000000005164,0.5214023450683772
1.2940000000005185,0.5214034623057965
1.2950000000005206,0.5214043104905014
1.2960000000005227,0.5214054209849591
1.2970000000005248,0.5214065150571894
1.298000000000527,0.5214076239045153
1.299000000000529,0.5214087460337629
1.3000000000005312,0.521409866858326
1.3010000000005333,0.5214107073524595
1.3020000000005354,0.5214118407561437
1.3030000000005375,0.5214129870314953
1.3040000000005396,0.5214141467504978
1.3050000000005417,0.5214153089711654
1.3060000000005438,0.5214164872945537
1.307000000000546,0.5214173948954206
1.308000000000548,0.521418595813398
1.3090000000005502,0.5214198116286606
1.3100000000005523,0.5214210323337133
1.3110000000005544,0.5214222635236614
1.3120000000005565,0.5214234828422288
1.3130000000005586,0.5214246972245213
1.3140000000005607,0.5214256235785407
1.3150000000005628,0.5214268318260253
1.316000000000565,0.5214280369081498
1.317000000000567,0.5214292420198715
1.3180000000005692,0.5214304538019768
1.3190000000005713,0.5214316652378489
1.3200000000005734,0.5214325682213892
1.3210000000005755,0.521433794369032
1.3220000000005776,0.5214350404642655
1.3230000000005797,0.5214362790120793
1.3240000000005818,0.5214375113905152
1.325000000000584,0.5214387501617971
1.326000000000586,0.5214396817823601
1.3270000000005882,0.521440915073474
1.3280000000005903,0.5214421405389207
1.3290000000005924,0.5214433574643046
1.3300000000005945,0.5214445783869746
1.3310000000005966,0.5214457879483961
1.3320000000005987,0.5214466717755479
1.3330000000006008,0.5214478667471045
1.334000000000603,0.5214490494681056
1.335000000000605,0.5214502314872387
1.3360000000006071,0.5214514089688023
1.3370000000006093,0.5214526003192365
1.3380000000006114,0.5214538003328897
1.3390000000006135,0.5214546896188017
1.3400000000006156,0.5214559020861509
1.3410000000006177,0.5214571211759885
1.3420000000006198,0.5214583436731494
1.343000000000622,0.5214595628724223
1.344000000000624,0.5214607874593098
1.3450000000006261,0.5214617143968054
1.3460000000006282,0.5214629280410207
1.3470000000006304,0.5214641230998522
1.3480000000006325,0.5214653303276061
1.3490000000006346,0.5214665482612338
1.3500000000006367,0.5214677625088839
1.3510000000006388,0.5214686714212439
1.352000000000641,0.5214698935862159
1.353000000000643,0.5214711258172324
1.3540000000006451,0.5214723686648219
1.3550000000006472,0.5214736114437308
1.3560000000006494,0.5214748673856181
1.3570000000006515,0.521475830891765
1.3580000000006536,0.5214771043786124
1.3590000000006557,0.5214783897873814
1.3600000000006578,0.5214796774139182
1.36100000000066,0.5214809728040233
1.362000000000662,0.5214822539634548
1.3630000000006641,0.5214835277670089
1.3640000000006662,0.5214844967848565
1.3650000000006683,0.521485760141997
1.3660000000006705,0.5214870178472283
1.3670000000006726,0.5214882729628587
1.3680000000006747,0.5214895319840471
1.3690000000006768,0.521490788036972
1.370000000000679,0.521491722843096
1.371000000000681,0.5214929884452587
1.3720000000006831,0.5214942707495428
1.3730000000006852,0.5214955428946744
1.3740000000006873,0.5214968062136358
1.3750000000006894,0.5214980730021165
1.3760000000006916,0.5214990237534799
1.3770000000006937,0.5215002803231534
1.3780000000006958,0.5215015264857525
1.379000000000698,0.5215027616053823
1.3800000000007,0.5215039980025461
1.381000000000702,0.5215052206357228
1.3820000000007042,0.5215061129519101
1.3830000000007063,0.5215073166563808
1.3840000000007084,0.5215085056573423
1.3850000000007106,0.5215096913013747
1.3860000000007127,0.5215108698219737
1.3870000000007148,0.5215120591790006
1.3880000000007169,0.5215132543139381
1.389000000000719,0.521514138377181
1.390000000000721,0.5215153409477067
1.3910000000007232,0.5215165473279012
1.3920000000007253,0.5215177543738799
1.3930000000007274,0.521518955592925
1.3940000000007295,0.5215201595161503
1.3950000000007317,0.5215210691429266
1.3960000000007338,0.5215222579904993
1.3970000000007359,0.5215234261734559
1.398000000000738,0.5215246038433186
1.39900000000074,0.5215257895820752
1.4000000000007422,0.5215269692969609
1.4010000000007443,0.5215278507490557
1.4020000000007464,0.5215290339481379
1.4030000000007485,0.5215302245168278
1.4040000000007506,0.5215314230032577
1.4050000000007528,0.5215326188948559
1.4060000000007549,0.5215338251730739
1.407000000000757,0.5215347493910686
1.408000000000759,0.52153596847834
1.4090000000007612,0.5215371968018059
1.4100000000007633,0.5215384248645025
1.4110000000007654,0.5215396580789236
1.4120000000007675,0.5215408749969347
1.4130000000007696,0.5215420823490066
1.4140000000007718,0.5215429996649477
1.4150000000007739,0.521544192657123
1.416000000000776,0.5215453777568821
1.417000000000778,0.5215465579160363
1.4180000000007802,0.5215477395033776
1.4190000000007823,0.5215489157111219
1.4200000000007844,0.5215497891518921
1.4210000000007865,0.5215509704225173
1.4220000000007886,0.5215521656067048
1.4230000000007907,0.5215533482870108
1.4240000000007929,0.5215545197630983
1.425000000000795,0.5215556921710686
1.426000000000797,0.5215565705573181
1.4270000000007992,0.5215577287802916
1.4280000000008013,0.5215588744117916
1.4290000000008034,0.5215600068951631
1.4300000000008055,0.5215611382606811
1.4310000000008076,0.5215622538723239
1.4320000000008097,0.5215630650111395
1.4330000000008118,0.5215641581121724
1.434000000000814,0.5215652345960561
1.435000000000816,0.521566305537563
1.4360000000008182,0.5215673671671183
1.4370000000008203,0.5215684372011762
1.4380000000008224,0.5215695106470702
1.4390000000008245,0.5215703021104315
1.4400000000008266,0.5215713789120211
1.4410000000008287,0.5215724572544016
1.4420000000008308,0.5215735340748053
1.443000000000833,0.5215746030858327
1.444000000000835,0.521575672590139
1.4450000000008372,0.5215764799156313
1.4460000000008393,0.5215775312674994
1.4470000000008414,0.521578560515675
1.4480000000008435,0.5215795970660252
1.4490000000008456,0.5215806395553266
1.4500000000008477,0.5215816742728573
1.4510000000008498,0.5215824458524931
1.452000000000852,0.5215834807753773
1.453000000000854,0.5215845210114226
1.4540000000008562,0.5215855671113553
1.4550000000008583,0.5215866086621975
1.4560000000008604,0.5215876584894225
1.4570000000008625,0.5215884639002966
1.4580000000008646,0.5215895229830216
1.4590000000008667,0.5215905893787561
1.4600000000008688,0.5215916537099675
1.461000000000871,0.5215927211866768
1.462000000000873,0.5215937710522753
1.4630000000008752,0.5215948098172066
1.4640000000008773,0.521595599194565
1.4650000000008794,0.5215966208890577
1.4660000000008815,0.5215976331445463
1.4670000000008836,0.5215986388217192
1.4680000000008857,0.5215996441681351
1.4690000000008878,0.5216006423793377
1.47000000000089,0.5216013812818837
1.471000000000892,0.521602381446946
1.4720000000008941,0.5216033935751101
1.4730000000008963,0.521604391537386
1.4740000000008984,0.5216053766056327
1.4750000000009005,0.5216063608335232
1.4760000000009026,0.5216070970423133
1.4770000000009047,0.5216080645214102
1.4780000000009068,0.52160901799006
1.479000000000909,0.5216099569614403
1.480000000000911,0.5216108931203028
1.4810000000009131,0.5216118122939649
1.4820000000009153,0.5216124757860893
1.4830000000009174,0.5216133702134893
1.4840000000009195,0.5216142469519435
1.4850000000009216,0.5216151167469183
1.4860000000009237,0.5216159757707324
1.4870000000009258,0.5216168416420408
1.488000000000928,0.5216177093665989
1.48900000000093,0.521618345653799
1.4900000000009321,0.5216192140812489
1.4910000000009342,0.5216200825928388
1.4920000000009364,0.5216209482135573
1.4930000000009385,0.5216218048450598
1.4940000000009406,0.5216226605086747
1.4950000000009427,0.5216233064652537
1.4960000000009448,0.5216241423547779
1.497000000000947,0.5216249555507009
1.498000000000949,0.5216257746144104
1.4990000000009511,0.5216265982399155
1.5000000000009532,0.5216274131464007
1.5010000000009553,0.521628019299447
1.5020000000009575,0.5216288326080464
1.5030000000009596,0.5216296500019584
1.5040000000009617,0.521630472028778
1.5050000000009638,0.5216312883226901
1.506000000000966,0.5216321116113005
1.507000000000968,0.5216327462818426
1.5080000000009701,0.5216335767238313
1.5090000000009722,0.5216344134356624
1.5100000000009743,0.521635247092818
1.5110000000009765,0.5216360826566049
1.5120000000009786,0.5216369001461594
1.5130000000009807,0.5216377057970608
1.5140000000009828,0.5216383193166823
1.515000000000985,0.521639106586945
1.516000000000987,0.5216398836677678
1.5170000000009891,0.5216406533412711
1.5180000000009912,0.5216414217294347
1.5190000000009933,0.5216421819895212
1.5200000000009954,0.5216427418893671
1.5210000000009976,0.5216435024605617
1.5220000000009997,0.5216442739104864
1.5230000000010018,0.5216450302946386
1.5240000000010039,0.5216457728564188
1.525000000001006,0.5216465136090751
1.526000000001008,0.5216470667137332
1.5270000000010102,0.5216477895816909
1.5280000000010123,0.5216484978099846
1.5290000000010144,0.5216491909665939
1.5300000000010165,0.5216498803584123
1.5310000000010187,0.5216505522994418
1.5320000000010208,0.5216510306000265
1.5330000000010229,0.5216516769020556
1.534000000001025,0.5216523052448929
1.535000000001027,0.5216529260085551
1.5360000000010292,0.5216535352738214
1.5370000000010313,0.5216541506419757
1.5380000000010334,0.5216547670723148
1.5390000000010355,0.5216552144579535
1.5400000000010376,0.5216558302807762
1.5410000000010398,0.5216564454878753
1.5420000000010419,0.5216570571932209
1.543000000001044,0.521657659467742
1.544000000001046,0.5216582600221235
1.5450000000010482,0.5216587141233736
1.5460000000010503,0.5216592945774045
1.5470000000010524,0.5216598524873364
1.5480000000010545,0.5216604155218133
1.5490000000010566,0.5216609824287676
1.5500000000010588,0.5216615403719245
1.5510000000010609,0.521661953708199
1.552000000001063,0.5216625095108992
1.553000000001065,0.5216630688832253
1.5540000000010672,0.5216636323595015
1.5550000000010693,0.5216641895906802
1.5560000000010714,0.5216647532322493
1.5570000000010735,0.5216651928326849
1.5580000000010756,0.5216657627361775
1.5590000000010777,0.5216663385758471
1.5600000000010799,0.5216669110390598
1.561000000001082,0.5216674848149753
1.562000000001084,0.5216680407255003
1.5630000000010862,0.5216685847009089
1.5640000000010883,0.5216690013456533
1.5650000000010904,0.5216695267475421
1.5660000000010925,0.5216700418388004
1.5670000000010946,0.5216705493287068
1.5680000000010967,0.5216710552064808
1.5690000000010988,0.521671552569931
1.570000000001101,0.5216719151512341
1.571000000001103,0.5216724122942007
1.5720000000011052,0.521672919877261
1.5730000000011073,0.5216734120853452
1.5740000000011094,0.5216738901293931
1.5750000000011115,0.5216743659966663
1.5760000000011136,0.521674720337392
1.5770000000011157,0.5216751782271621
1.5780000000011178,0.521675621427381
1.57900000000112,0.521676049546
1.580000000001122,0.5216764735002777
1.5810000000011242,0.5216768800883139
1.5820000000011263,0.5216771599783271
1.5830000000011284,0.5216775409910811
1.5840000000011305,0.5216779043263554
1.5850000000011326,0.5216782599844156
1.5860000000011347,0.5216786039401204
1.5870000000011368,0.5216789538070872
1.588000000001139,0.5216793044758408
1.589000000001141,0.5216795524349759
1.5900000000011432,0.5216799021060157
1.5910000000011453,0.5216802509759167
1.5920000000011474,0.5216805962447486
1.5930000000011495,0.5216809321351061
1.5940000000011516,0.5216812660372516
1.5950000000011537,0.5216815199404654
1.5960000000011558,0.5216818342563271
1.597000000001158,0.5216821266456725
1.59800000000116,0.5216824238773201
1.5990000000011622,0.52168272474761
1.6000000000011643,0.5216830168577488
1.6010000000011664,0.521683231020525
1.6020000000011685,0.5216835212372859
1.6030000000011706,0.5216838149576375
1.6040000000011727,0.5216841126939553
1.6050000000011748,0.5216844041012929
1.606000000001177,0.521684701768576
1.607000000001179,0.5216849418507044
1.6080000000011812,0.5216852456349133
1.6090000000011833,0.5216855554456489
1.6100000000011854,0.5216858619627702
1.6110000000011875,0.5216861695974496
1.6120000000011896,0.5216864599637325
1.6130000000011917,0.5216867386768445
1.6140000000011938,0.5216869560090975
1.615000000001196,0.5216872166091353
1.616000000001198,0.5216874671421309
1.6170000000012001,0.5216877102463726
1.6180000000012023,0.5216879517736495
1.6190000000012044,0.5216881847565373
1.6200000000012065,0.5216883491338579
1.6210000000012086,0.5216885819898653
1.6220000000012107,0.5216888252070396
1.6230000000012128,0.5216890530798668
1.624000000001215,0.5216892667830804
1.625000000001217,0.521689478277605
1.6260000000012191,0.521689634454947
1.6270000000012212,0.521689828444177
1.6280000000012234,0.52169000800856
1.6290000000012255,0.5216901727854205
1.6300000000012276,0.521690333305291
1.6310000000012297,0.5216904768347005
1.6320000000012318,0.5216905602136228
1.633000000001234,0.5216906787343353
1.634000000001236,0.5216907801377031
1.6350000000012381,0.5216908740467139
1.6360000000012402,0.5216909563294483
1.6370000000012424,0.5216910446132772
1.6380000000012445,0.5216911337148009
1.6390000000012466,0.5216911855690466
1.6400000000012487,0.5216912737584939
1.6410000000012508,0.5216913612255101
1.642000000001253,0.5216914452524477
1.643000000001255,0.5216915202012864
1.6440000000012571,0.5216915931453949
1.6450000000012592,0.5216916512834198
1.6460000000012613,0.5216917055596385
1.6470000000012635,0.5216917387428349
1.6480000000012656,0.5216917767208632
1.6490000000012677,0.5216918183341188
1.6500000000012698,0.5216918516050816
1.651000000001272,0.5216918719765159
1.652000000001274,0.5216919039721427
1.6530000000012761,0.5216919396221438
1.6540000000012782,0.521691979412742
1.6550000000012803,0.5216920130023975
1.6560000000012824,0.5216920529109369
1.6570000000012846,0.521692099770527
1.6580000000012867,0.5216921460088318
1.6590000000012888,0.5216921985586158
1.6600000000012909,0.5216922480878098
1.661000000001293,0.5216922987352659
1.662000000001295,0.5216923328793247
1.6630000000012972,0.5216923558244383
1.6640000000012993,0.5216923810942552
1.6650000000013014,0.5216923866828969
1.6660000000013035,0.5216923826129065
1.6670000000013057,0.5216923714532018
1.6680000000013078,0.5216923589179855
1.6690000000013099,0.521692337978882
1.670000000001312,0.5216923121029978
1.671000000001314,0.5216922914130528
1.6720000000013162,0.5216922811682717
1.6730000000013183,0.5216922557735048
1.6740000000013204,0.5216922163662154
1.6750000000013225,0.5216921748759425
1.6760000000013247,0.5216921415278107
1.6770000000013268,0.5216920832572274
1.6780000000013289,0.5216920109700698
1.679000000001331,0.5216919243275269
1.680000000001333,0.5216918334856444
1.6810000000013352,0.5216917261600538
1.6820000000013373,0.5216916222446882
1.6830000000013394,0.5216914907047305
1.6840000000013415,0.521691342725187
1.6850000000013436,0.5216911875647957
1.6860000000013458,0.521691020992776
1.6870000000013479,0.5216908606403454
1.68800000000135,0.5216907012558587
1.689000000001352,0.5216905669085902
1.6900000000013542,0.5216904069311421
1.6910000000013563,0.5216902464407607
1.6920000000013584,0.5216900828001447
1.6930000000013605,0.5216899105035383
1.6940000000013626,0.5216897363195624
1.6950000000013647,0.521689609151352
1.6960000000013669,0.5216894174082908
1.697000000001369,0.5216892055012199
1.698000000001371,0.5216889984701436
1.6990000000013732,0.5216887951978838
1.7000000000013753,0.521688584109932
1.7010000000013774,0.521688421616661
1.7020000000013795,0.5216882100586007
1.7030000000013816,0.5216880024234791
1.7040000000013837,0.5216877991712725
1.7050000000013859,0.5216875899711768
1.706000000001388,0.5216873872694043
1.70700000000139,0.5216872523370872
1.7080000000013922,0.5216870563874652
1.7090000000013943,0.5216868671434173
1.7100000000013964,0.5216866752657403
1.7110000000013985,0.5216864846343908
1.7120000000014006,0.521686278357823
1.7130000000014027,0.5216860614424655
1.7140000000014048,0.521685906673389
1.715000000001407,0.5216856733446216
1.716000000001409,0.5216854308720034
1.7170000000014112,0.5216851817587674
1.7180000000014133,0.5216849315846825
1.7190000000014154,0.5216846732718269
1.7200000000014175,0.5216844696319561
1.7210000000014196,0.5216842121405223
1.7220000000014217,0.5216839652935372
1.7230000000014238,0.5216837036196583
1.724000000001426,0.5216834282210496
1.725000000001428,0.5216831509893146
1.7260000000014302,0.5216829411228123
1.7270000000014323,0.5216826480331376
1.7280000000014344,0.5216823414537014
1.7290000000014365,0.5216820210673255
1.7300000000014386,0.5216816966746411
1.7310000000014407,0.5216813564197741
1.7320000000014428,0.5216810787032957
1.733000000001445,0.5216807152338991
1.734000000001447,0.521680336106863
1.7350000000014492,0.5216799502362576
1.7360000000014513,0.5216795533071048
1.7370000000014534,0.5216791629381959
1.7380000000014555,0.5216787738222016
1.7390000000014576,0.5216784674393258
1.7400000000014597,0.5216780782900552
1.7410000000014618,0.5216776889758347
1.742000000001464,0.5216772969406744
1.743000000001466,0.5216768968066667
1.7440000000014682,0.5216764950568331
1.7450000000014703,0.5216761973545115
1.7460000000014724,0.5216757793745769
1.7470000000014745,0.5216753422739644
1.7480000000014766,0.5216749102884206
1.7490000000014787,0.5216744823437309
1.7500000000014808,0.5216740472479395
1.751000000001483,0.5216737172379055
1.752000000001485,0.5216732827157645
1.7530000000014871,0.5216728525377275
1.7540000000014893,0.5216724271390085
1.7550000000014914,0.5216719962138888
1.7560000000014935,0.521671572127542
1.7570000000014956,0.5216712714126059
1.7580000000014977,0.5216708547867
1.7590000000014998,0.5216704454114712
1.760000000001502,0.5216700339521094
1.761000000001504,0.5216696240501777
1.7620000000015061,0.5216691995027862
1.7630000000015082,0.5216687650373398
1.7640000000015104,0.5216684470979858
1.7650000000015125,0.5216679974488773
1.7660000000015146,0.5216675393361777
1.7670000000015167,0.5216670752032184
1.7680000000015188,0.521666610498957
1.769000000001521,0.5216661381142182
1.770000000001523,0.5216657743096131
1.7710000000015251,0.5216653036234706
1.7720000000015272,0.5216648439579941
1.7730000000015294,0.5216643699915354
1.7740000000015315,0.5216638827945728
1.7750000000015336,0.521663394209796
1.7760000000015357,0.5216630262358005
1.7770000000015378,0.5216625230360052
1.77800000000154,0.5216620070681437
1.779000000001542,0.5216614780348493
1.7800000000015441,0.5216609454074849
1.7810000000015462,0.5216603977333037
1.7820000000015483,0.521659965441476
1.7830000000015505,0.5216593958992184
1.7840000000015526,0.521658811661541
1.7850000000015547,0.5216582213231697
1.7860000000015568,0.5216576205067699
1.787000000001559,0.5216570267908436
1.788000000001561,0.5216564348311
1.7890000000015631,0.5216559767422642
1.7900000000015652,0.5216553856985386
1.7910000000015673,0.5216547950621525
1.7920000000015694,0.5216542023612959
1.7930000000015716,0.5216536023413343
1.7940000000015737,0.521653001226599
1.7950000000015758,0.5216525543026844
1.796000000001578,0.5216519386570861
1.79700000000158,0.5216513051325687
1.798000000001582,0.5216506772173674
1.7990000000015842,0.5216500538810893
1.8000000000015863,0.5216494242870006
1.8010000000015884,0.5216489490331401
1.8020000000015906,0.5216483214467871
1.8030000000015927,0.5216476988697067
1.8040000000015948,0.5216470817127016
1.8050000000015969,0.5216464597173933
1.806000000001599,0.5216458451526849
1.807000000001601,0.5216454019730592
1.8080000000016032,0.5216447960220775
1.8090000000016053,0.5216441981015572
1.8100000000016074,0.5216435988997865
1.8110000000016095,0.521643001848609
1.8120000000016117,0.5216423913773445
1.8130000000016138,0.5216417719601909
1.8140000000016159,0.5216413155044893
1.815000000001618,0.521640682579183
1.81600000000162,0.5216400421257924
1.8170000000016222,0.5216393965339157
1.8180000000016243,0.5216387511233838
1.8190000000016264,0.5216380987800425
1.8200000000016285,0.5216376005796173
1.8210000000016306,0.5216369512606227
1.8220000000016328,0.5216363135929946
1.8230000000016349,0.5216356624470941
1.824000000001637,0.5216349988649451
1.825000000001639,0.5216343346197522
1.8260000000016412,0.5216338354778471
1.8270000000016433,0.5216331583186171
1.8280000000016454,0.5216324693915255
1.8290000000016475,0.5216317684155585
1.8300000000016496,0.521631064567222
1.8310000000016518,0.5216303467616582
1.8320000000016539,0.5216297879931179
1.833000000001656,0.5216290501511958
1.834000000001658,0.5216282988251587
1.8350000000016602,0.5216275423226221
1.8360000000016623,0.5216267762339798
1.8370000000016644,0.5216260180498334
1.8380000000016665,0.5216252624150056
1.8390000000016686,0.5216246822190148
1.8400000000016707,0.5216239289623031
1.8410000000016729,0.5216231769780522
1.842000000001675,0.5216224238812897
1.843000000001677,0.5216216645343068
1.8440000000016792,0.5216209049384476
1.8450000000016813,0.5216203396643904
1.8460000000016834,0.521619567709774
1.8470000000016855,0.5216187793695768
1.8480000000016876,0.5216179974585522
1.8490000000016897,0.5216172209894662
1.8500000000016918,0.5216164394420545
1.851000000001694,0.5216158510257141
1.852000000001696,0.521615073396961
1.8530000000016982,0.5216143017395622
1.8540000000017003,0.5216135364378502
1.8550000000017024,0.5216127673117253
1.8560000000017045,0.5216120065065619
1.8570000000017066,0.521611454193744
1.8580000000017087,0.521610703679712
1.8590000000017108,0.5216099622436234
1.860000000001713,0.5216092206240915
1.861000000001715,0.5216084820807639
1.8620000000017172,0.5216077315970966
1.8630000000017193,0.5216069734281034
1.8640000000017214,0.5216064133469112
1.8650000000017235,0.5216056438516244
1.8660000000017256,0.5216048680507586
1.8670000000017277,0.5216040882845497
1.8680000000017298,0.5216033097427503
1.869000000001732,0.5216025253408381
1.870000000001734,0.5216019288740531
1.8710000000017362,0.5216011492994415
1.8720000000017383,0.5216003822702354
1.8730000000017404,0.5215996029102792
1.8740000000017425,0.521598812234547
1.8750000000017446,0.5215980219136745
1.8760000000017467,0.5215974289652144
1.8770000000017488,0.5215966278987957
1.878000000001751,0.5215958163523089
1.879000000001753,0.5215949940556677
1.8800000000017552,0.5215941699332639
1.8810000000017573,0.5215933332205737
1.8820000000017594,0.5215926865116705
1.8830000000017615,0.5215918320798039
1.8840000000017636,0.5215909656108597
1.8850000000017657,0.5215900951654345
1.8860000000017678,0.5215892163397414
1.88700000000177,0.5215883464655305
1.888000000001772,0.5215874802110158
1.8890000000017741,0.5215868179253201
1.8900000000017763,0.5215859559964664
1.8910000000017784,0.5215850964796611
1.8920000000017805,0.5215842370772755
1.8930000000017826,0.5215833727606268
1.8940000000017847,0.5215825093519824
1.8950000000017868,0.5215818669257921
1.896000000001789,0.5215809937463112
1.897000000001791,0.5215801058865571
1.8980000000017931,0.5215792255796945
1.8990000000017953,0.5215783518786136
1.9000000000017974,0.5215774745286378
1.9010000000017995,0.5215768152052402
1.9020000000018016,0.5215759440821942
1.9030000000018037,0.5215750801460036
1.9040000000018058,0.5215742237506044
1.905000000001808,0.5215733648327419
1.90600000000181,0.5215725153748757
1.9070000000018121,0.521571897223389
1.9080000000018142,0.5215710601655332
1.9090000000018164,0.5215702334350435
1.9100000000018185,0.5215694078566402
1.9110000000018206,0.5215685865627916
1.9120000000018227,0.5215677549917013
1.9130000000018248,0.5215669172214006
1.914000000001827,0.5215662980874985
1.915000000001829,0.5215654515633247
1.9160000000018311,0.5215646001742568
1.9170000000018332,0.5215637462123667
1.9180000000018353,0.521562894734863
1.9190000000018375,0.5215620387280696
1.9200000000018396,0.5215613894934135
1.9210000000018417,0.5215605404462176
1.9220000000018438,0.5215597050099064
1.923000000001846,0.5215588586400283
1.924000000001848,0.5215580023238328
1.9250000000018501,0.5215571475855219
1.9260000000018522,0.521556507183588
1.9270000000018543,0.521555644168357
1.9280000000018565,0.5215547721546476
1.9290000000018586,0.5215538908771764
1.9300000000018607,0.521553009057089
1.9310000000018628,0.5215521161926928
1.932000000001865,0.5215514286496474
1.933000000001867,0.5215505206911045
1.9340000000018691,0.5215496022654654
1.9350000000018712,0.5215486812332278
1.9360000000018733,0.5215477532400387
1.9370000000018754,0.5215468353692035
1.9380000000018776,0.5215459223536087
1.9390000000018797,0.5215452260330671
1.9400000000018818,0.521544319574457
1.9410000000018839,0.5215434168249449
1.942000000001886,0.5215425155717454
1.943000000001888,0.5215416108873352
1.9440000000018902,0.5215407084640388
1.9450000000018923,0.521540037604187
1.9460000000018944,0.5215391281893311
1.9470000000018965,0.5215382058778686
1.9480000000018987,0.521537292425854
1.9490000000019008,0.5215363869213502
1.9500000000019029,0.5215354793164163
1.951000000001905,0.5215347982986166
1.952000000001907,0.5215338993858206
1.9530000000019092,0.5215330089915402
1.9540000000019113,0.521532127435323
1.9550000000019134,0.5215312448135934
1.9560000000019155,0.5215303728990036
1.9570000000019177,0.5215297385562255
1.9580000000019198,0.5215288813315344
1.9590000000019219,0.5215280357341668
1.960000000001924,0.5215271927168255
1.961000000001926,0.5215263553336326
1.9620000000019282,0.5215255093653366
1.9630000000019303,0.5215246587608748
1.9640000000019324,0.521524030767171
1.9650000000019345,0.5215231741071312
1.9660000000019366,0.5215223140888597
1.9670000000019388,0.521521452954307
1.9680000000019409,0.5215205956261966
1.969000000001943,0.5215197352056605
1.970000000001945,0.521519083654278
1.9710000000019472,0.5215182323729608
1.9720000000019493,0.5215173957740175
1.9730000000019514,0.5215165497316127
1.9740000000019535,0.5215156952033265
1.9750000000019556,0.5215148435182066
1.9760000000019577,0.5215142062655537
1.9770000000019599,0.5215133487807944
1.978000000001962,0.5215124838061082
1.979000000001964,0.5215116110760569
1.9800000000019662,0.5215107391592455
1.9810000000019683,0.5215098577557573
1.9820000000019704,0.5215091800118912
1.9830000000019725,0.5215082861509966
1.9840000000019746,0.5215073833421456
1.9850000000019767,0.5215064792960928
1.9860000000019788,0.5215055697527208
1.987000000001981,0.5215046714503672
1.988000000001983,0.5215037792312659
1.9890000000019852,0.5215030995938696
1.9900000000019873,0.5215022161412939
1.9910000000019894,0.5215013376778124
1.9920000000019915,0.521500462070433
1.9930000000019936,0.5214995844867788
1.9940000000019957,0.521498710538815
1.9950000000019978,0.5214980618682657
1.996000000002,0.521497183588422
1.997000000002002,0.5214962940949607
1.9980000000020042,0.5214954147739103
1.9990000000020063,0.5214945447428999
2.000000000002008,0.5214956035291214
2.001000000002006,0.5243024976070357
2.0020000000020035,0.5408976077184777
2.003000000002001,0.5740157715284019
2.004000000001999,0.6202495154086278
2.0050000000019965,0.674247796995657
2.006000000001994,0.7301466050589983
2.007000000001992,0.7704118245852717
2.0080000000019895,0.8188271236919166
2.009000000001987,0.8588769490145587
2.010000000001985,0.8891394703186086
2.0110000000019825,0.9091644928657696
2.01200000000198,0.9197594941692866
2.013000000001978,0.9225544582276383
2.0140000000019755,0.9209380642849393
2.015000000001973,0.9163642832757507
2.016000000001971,0.9119315304006815
2.0170000000019686,0.9106374682003978
2.018000000001966,0.9099031335119911
2.019000000001964,0.9063975952227179
2.0200000000019616,0.9015448465449118
2.0210000000019592,0.8919556913557626
2.022000000001957,0.8796026421066848
2.0230000000019546,0.8656720621763314
2.0240000000019522,0.8513620813612177
2.02500000000195,0.8379551982524333
2.0260000000019476,0.8292649783469997
2.0270000000019452,0.8202571820535215
2.028000000001943,0.8146492443862381
2.0290000000019406,0.812434009190042
2.0300000000019383,0.8130852222415735
2.031000000001936,0.8157998889971512
2.0320000000019336,0.8184743467915028
2.0330000000019313,0.8218929943417437
2.034000000001929,0.8240788024530936
2.0350000000019266,0.8242055927434621
2.0360000000019243,0.8218535945289653
2.037000000001922,0.8168054705137314
2.0380000000019196,0.8095211669242598
2.0390000000019173,0.8030082872083536
2.040000000001915,0.793519448034112
2.0410000000019126,0.7840626155883864
2.0420000000019103,0.7756129706228896
2.043000000001908,0.7689622044357856
2.0440000000019056,0.7645517644909161
2.0450000000019033,0.7628323679973256
2.046000000001901,0.7627149908270856
2.0470000000018986,0.7645169287585907
2.0480000000018963,0.767408161156164
2.049000000001894,0.7705695836947368
2.0500000000018916,0.7731692728118237
2.0510000000018893,0.7742862870453089
2.052000000001887,0.7742599590343097
2.0530000000018847,0.7723141150951187
2.0540000000018823,0.7685397496719428
2.05500000000188,0.7632999933794922
2.0560000000018777,0.7570943530916187
2.0570000000018753,0.7522326593532519
2.058000000001873,0.7460178731844193
2.0590000000018707,0.7407466378763164
2.0600000000018683,0.7368975853660351
2.061000000001866,0.7347165477466552
2.0620000000018637,0.7343234152620574
2.0630000000018613,0.7353965361374716
2.064000000001859,0.7368768627517427
2.0650000000018567,0.7393409986484191
2.0660000000018544,0.7417497760997631
2.067000000001852,0.7435078317611895
2.0680000000018497,0.7441758445266907
2.0690000000018474,0.7435478699488545
2.070000000001845,0.7421959718024518
2.0710000000018427,0.7392483757063268
2.0720000000018404,0.7353453423819856
2.073000000001838,0.7309634044861442
2.0740000000018357,0.7265718884535158
2.0750000000018334,0.7226485808613576
2.076000000001831,0.7202813069986481
2.0770000000018287,0.7181250811457236
2.0780000000018264,0.7172150572034403
2.079000000001824,0.7174729353189709
2.0800000000018217,0.7186446786701589
2.0810000000018194,0.7203838610839483
2.082000000001817,0.7217809921337177
2.0830000000018147,0.7234299100302469
2.0840000000018124,0.7244641343087047
2.08500000000181,0.7246370236656713
2.0860000000018077,0.7238510751152561
2.0870000000018054,0.7220967067041895
2.088000000001803,0.7195893061218385
2.0890000000018007,0.7173855168557232
2.0900000000017984,0.7142672986844758
2.091000000001796,0.71128565785465
2.0920000000017938,0.7087797939480269
2.0930000000017914,0.7069977186803015
2.094000000001789,0.7060531117177453
2.0950000000017868,0.7059017136783287
2.0960000000017844,0.7063994526097134
2.097000000001782,0.7074560206840883
2.0980000000017798,0.7087567078488295
2.0990000000017774,0.7099998346491085
2.100000000001775,0.7109013436953958
2.101000000001773,0.7111671031455175
2.1020000000017705,0.7091616949342591
2.103000000001768,0.7001626840802011
2.104000000001766,0.6833590626665441
2.1050000000017635,0.6622923187741481
2.106000000001761,0.6412622560152477
2.107000000001759,0.6273459892828988
2.1080000000017565,0.6112017624544058
2.109000000001754,0.5971456145820658
2.110000000001752,0.5850023442324042
2.1110000000017495,0.5746987307106127
2.112000000001747,0.5659781707094248
2.113000000001745,0.5582405859897014
2.1140000000017425,0.5526115666021223
2.11500000000174,0.5446822971521658
2.116000000001738,0.5355441756371098
2.1170000000017355,0.5245440497879315
2.118000000001733,0.5119595310916417
2.119000000001731,0.5027967266012793
2.1200000000017285,0.501409548497458
2.121000000001726,0.5060870956122779
2.122000000001724,0.5130603228348083
2.1230000000017215,0.5178138803799303
2.124000000001719,0.519157864913679
2.125000000001717,0.5189763237182775
2.1260000000017145,0.5185457351130709
2.127000000001712,0.5179346103762716
2.12800000000171,0.5173203372056326
2.1290000000017075,0.5166618822204978
2.130000000001705,0.5159388308126036
2.131000000001703,0.515143633649361
2.1320000000017005,0.5145168589352715
2.133000000001698,0.5136206040670938
2.134000000001696,0.512710125591587
2.1350000000016935,0.5118058548897051
2.136000000001691,0.5109314634874101
2.137000000001689,0.5101163263635285
2.1380000000016866,0.5093655661597472
2.139000000001684,0.5088558746059895
2.140000000001682,0.508225976174803
2.1410000000016796,0.5076486144764187
2.1420000000016772,0.5071032611344886
2.143000000001675,0.506566762550581
2.1440000000016726,0.5060193196340168
2.1450000000016702,0.5055828347020117
2.146000000001668,0.5049591018193784
2.1470000000016656,0.5042969615459939
2.1480000000016632,0.5035944520078562
2.149000000001661,0.5028637498707236
2.1500000000016586,0.5021370541960214
2.1510000000016563,0.5016141842262161
2.152000000001654,0.5009544820338783
2.1530000000016516,0.5003476344107185
2.1540000000016493,0.49979912472324894
2.155000000001647,0.49931041340507065
2.1560000000016446,0.4988713344107139
2.1570000000016423,0.4985506770339974
2.15800000000164,0.4981552295803664
2.1590000000016376,0.49774923354082096
2.1600000000016353,0.49732383376496053
2.161000000001633,0.4968688184223129
2.1620000000016306,0.49637459407464685
2.1630000000016283,0.4958521013334131
2.164000000001626,0.4954383018397697
2.1650000000016236,0.4948956885987148
2.1660000000016213,0.4943709754746227
2.167000000001619,0.4938849796382513
2.1680000000016166,0.49345001841413055
2.1690000000016143,0.4930704027631127
2.170000000001612,0.4928294705843944
2.1710000000016096,0.4925587542311507
2.1720000000016073,0.4923256378978731
2.173000000001605,0.4921260810809276
2.1740000000016027,0.4919471736842129
2.1750000000016003,0.4917614827791666
2.176000000001598,0.49160296082973565
2.1770000000015957,0.49136417153738354
2.1780000000015933,0.4910917479563618
2.179000000001591,0.4907896939343662
2.1800000000015887,0.4904658581624015
2.1810000000015863,0.4901412287382915
2.182000000001584,0.4899266930192288
2.1830000000015817,0.48965682651881587
2.1840000000015793,0.48945163715179124
2.185000000001577,0.4893102515272563
2.1860000000015747,0.4892318844339979
2.1870000000015724,0.48921360299507094
2.18800000000157,0.4892375421922609
2.1890000000015677,0.48928434051938585
2.1900000000015654,0.48934748286786317
2.191000000001563,0.48940663498602355
2.1920000000015607,0.4894450678024996
2.1930000000015584,0.489453784069196
2.194000000001556,0.48943105864443404
2.1950000000015537,0.4893884573528274
2.1960000000015514,0.4893117612458882
2.197000000001549,0.4892366472312074
2.1980000000015467,0.48917116454046145
2.1990000000015444,0.48913177317310413
2.200000000001542,0.48914543221727913
2.2010000000015397,0.4892021724861347
2.2020000000015374,0.48933589604383054
2.203000000001535,0.4895325548070384
2.2040000000015327,0.4897823716366991
2.2050000000015304,0.49007559941486517
2.206000000001528,0.4903908246241883
2.2070000000015257,0.4906146516684888
2.2080000000015234,0.49091835252636934
2.209000000001521,0.49118496116932286
2.2100000000015187,0.4914150142658232
2.2110000000015164,0.4916093283328916
2.212000000001514,0.4917735212543533
2.2130000000015118,0.49192729005876834
2.2140000000015094,0.49203706429097144
2.215000000001507,0.4922159850970587
2.2160000000015048,0.49243771073381093
2.2170000000015024,0.49271772854810847
2.2180000000015,0.49306069136093883
2.2190000000014978,0.4934656447289043
2.2200000000014954,0.4938120971235337
2.221000000001493,0.4943135955136903
2.222000000001491,0.49483874604778777
2.2230000000014885,0.49538231117832215
2.224000000001486,0.4959290128931953
2.225000000001484,0.49645292959768017
2.2260000000014815,0.4968196795311014
2.227000000001479,0.4972769878425093
2.228000000001477,0.49770144640918357
2.2290000000014745,0.4981034264856683
2.230000000001472,0.49849518735680726
2.23100000000147,0.49890045633052316
2.2320000000014675,0.49923946748185444
2.233000000001465,0.49972027626001025
2.234000000001463,0.5002716449097036
2.2350000000014605,0.5008914074971437
2.236000000001458,0.5015780897712802
2.237000000001456,0.5023219285092249
2.2380000000014535,0.5031059506418899
2.239000000001451,0.5037208589054571
2.240000000001449,0.5045366247959892
2.2410000000014465,0.5053444376541031
2.242000000001444,0.5061293958455338
2.243000000001442,0.5068851509254736
2.2440000000014395,0.5076113274455838
2.245000000001437,0.508134216974832
2.246000000001435,0.5088193356126762
2.2470000000014325,0.5095122480530138
2.24800000000143,0.5102207048741852
2.249000000001428,0.5109608724935447
2.2500000000014255,0.5117561198362319
2.251000000001423,0.512397566711572
2.252000000001421,0.5133089615546824
2.2530000000014185,0.5142817821744778
2.254000000001416,0.5153061469990994
2.255000000001414,0.5163733975031319
2.2560000000014115,0.5174607295060718
2.257000000001409,0.5182644232818159
2.258000000001407,0.519340360596987
2.2590000000014046,0.5203821507451631
2.260000000001402,0.5213905941687249
2.2610000000014,0.5223664012175219
2.2620000000013976,0.5233172586283066
2.2630000000013952,0.5242597344519324
2.264000000001393,0.5249628237219784
2.2650000000013906,0.5259299711267619
2.2660000000013882,0.5269360243105011
2.267000000001386,0.5279944591944976
2.2680000000013836,0.5291093824715226
2.2690000000013812,0.5302826026856671
2.270000000001379,0.5312018709158051
2.2710000000013766,0.532459915732637
2.2720000000013743,0.5337379219498
2.273000000001372,0.5350325031237344
2.2740000000013696,0.5363276905778311
2.2750000000013673,0.5375989542692718
2.276000000001365,0.5385272040358153
2.2770000000013626,0.5397342594718286
2.2780000000013603,0.5409087757946821
2.279000000001358,0.5420599560876133
2.2800000000013556,0.543198311633127
2.2810000000013533,0.5443451949184602
2.282000000001351,0.545231603997
2.2830000000013486,0.5464368184194948
2.2840000000013463,0.5476975885294786
2.285000000001344,0.5490134449013041
2.2860000000013416,0.5503849668626097
2.2870000000013393,0.5517994273925523
2.288000000001337,0.5532439308677801
2.2890000000013346,0.5543478467146106
2.2900000000013323,0.5558085212842077
2.29100000000133,0.5572548814493418
2.2920000000013276,0.5586739673065517
2.2930000000013253,0.5600608441211926
2.294000000001323,0.5614146240112815
2.2950000000013207,0.5624072856810027
2.2960000000013183,0.5637174009297534
2.297000000001316,0.5650293847502396
2.2980000000013137,0.566350219201611
2.2990000000013113,0.5676951892301062
2.300000000001309,0.5690838606306501
2.3010000000013067,0.5701603469046719
2.3020000000013043,0.5716389050719647
2.303000000001302,0.5731648315176301
2.3040000000012997,0.5747287293052139
2.3050000000012973,0.5763232564848264
2.306000000001295,0.5779261585093605
2.3070000000012927,0.5791124653779427
2.3080000000012904,0.5806906615367908
2.309000000001288,0.5822323804320627
2.3100000000012857,0.5837394609376009
2.3110000000012834,0.5852133004292913
2.312000000001281,0.5866637272360213
2.3130000000012787,0.5881045939613017
2.3140000000012764,0.5891812952936751
2.315000000001274,0.590640588851122
2.3160000000012717,0.5921310495069017
2.3170000000012694,0.5936631782893326
2.318000000001267,0.5952393341710202
2.3190000000012647,0.5968618969757726
2.3200000000012624,0.5981087882444454
2.32100000000126,0.5997895581062723
2.3220000000012577,0.6014784817301281
2.3230000000012554,0.6031741440302972
2.324000000001253,0.6048621771257768
2.3250000000012507,0.6065224720350397
2.3260000000012484,0.6077431488696662
2.327000000001246,0.6093421870392172
2.3280000000012437,0.6109119024892777
2.3290000000012414,0.6124615599214959
2.330000000001239,0.6140006572289886
2.3310000000012367,0.6155478786015439
2.3320000000012344,0.6167288116744609
2.333000000001232,0.6183234783564396
2.3340000000012298,0.6199605406477863
2.3350000000012274,0.6216390099726347
2.336000000001225,0.6233591820478338
2.3370000000012228,0.6251055960060043
2.3380000000012204,0.626868506875128
2.339000000001218,0.6282025269919637
2.3400000000012158,0.6299627816165746
2.3410000000012134,0.6317031856995846
2.342000000001211,0.633414866390974
2.343000000001209,0.6350960619102466
2.3440000000012065,0.6367470479838723
2.345000000001204,0.6379661775891179
2.346000000001202,0.6395823665885405
2.3470000000011995,0.6412006944539581
2.348000000001197,0.6428262474948389
2.349000000001195,0.6444713571711406
2.3500000000011925,0.6461499489070186
2.35100000000119,0.6474337596600729
2.352000000001188,0.6491741897447016
2.3530000000011855,0.650944446023677
2.354000000001183,0.6527351847960825
2.355000000001181,0.6545402267039334
2.3560000000011785,0.6563397477867994
2.357000000001176,0.6576690149913447
2.358000000001174,0.6594298245561904
2.3590000000011715,0.6611531152091353
2.360000000001169,0.6628422825824163
2.361000000001167,0.6644995731201137
2.3620000000011645,0.6661357449762119
2.363000000001162,0.6677612273334774
2.36400000000116,0.6689751316510164
2.3650000000011575,0.6706089069989747
2.366000000001155,0.6722615832097675
2.367000000001153,0.6739389904724661
2.3680000000011505,0.6756406347589679
2.369000000001148,0.6773677840319661
2.370000000001146,0.6786779956179574
2.3710000000011435,0.6804233071608294
2.372000000001141,0.6821582232198236
2.373000000001139,0.683883631191823
2.3740000000011365,0.6855885468614458
2.375000000001134,0.6872587495984553
2.376000000001132,0.6884856515827354
2.3770000000011295,0.6900926848733966
2.378000000001127,0.6916708353522932
2.379000000001125,0.6932289456783797
2.3800000000011226,0.6947746303352433
2.38100000000112,0.6963228684612492
2.382000000001118,0.6974957968444719
2.3830000000011156,0.6990697343621788
2.3840000000011132,0.7006662424934014
2.385000000001111,0.7022826974977256
2.3860000000011086,0.7039180668185286
2.3870000000011062,0.705556019707521
2.388000000001104,0.7071896784833016
2.3890000000011016,0.7084133792082236
2.3900000000010992,0.7100153000734845
2.391000000001097,0.7115872188703631
2.3920000000010946,0.7131248164768167
2.3930000000010923,0.7146298232477281
2.39400000000109,0.716103878141384
2.3950000000010876,0.7171911662683541
2.3960000000010853,0.7186316669924292
2.397000000001083,0.7200701702737687
2.3980000000010806,0.7215089080296442
2.3990000000010783,0.7229563370219709
2.400000000001076,0.7244208734298191
2.4010000000010736,0.7255305376878013
2.4020000000010713,0.7270196159457019
2.403000000001069,0.7285158011126527
2.4040000000010666,0.7300107557784796
2.4050000000010643,0.731499961819955
2.406000000001062,0.7329680199195194
2.4070000000010596,0.7340437556347669
2.4080000000010573,0.7354582270661841
2.409000000001055,0.7368347575500859
2.4100000000010526,0.7381788029455308
2.4110000000010503,0.7394938354015759
2.412000000001048,0.7407916292536755
2.4130000000010456,0.7420796528213205
2.4140000000010433,0.7430400619364858
2.415000000001041,0.7443300530829202
2.4160000000010387,0.7456293037660322
2.4170000000010363,0.7469393966631961
2.418000000001034,0.7482571291727086
2.4190000000010317,0.7495820194116318
2.4200000000010293,0.750577706545522
2.421000000001027,0.7518888558606622
2.4220000000010247,0.753176296410388
2.4230000000010223,0.7544428920463387
2.42400000000102,0.7556817223688977
2.4250000000010177,0.7568845777241365
2.4260000000010153,0.7577631277481068
2.427000000001013,0.7589094657387373
2.4280000000010107,0.7600315858680663
2.4290000000010084,0.7611373156627478
2.430000000001006,0.7622317802310657
2.4310000000010037,0.7633261928274659
2.4320000000010014,0.7641531402607671
2.433000000000999,0.7652576810840473
2.4340000000009967,0.7663699721408225
2.4350000000009944,0.7674857622542229
2.436000000000992,0.7686028756580519
2.4370000000009897,0.7697063357561259
2.4380000000009874,0.7707919587221258
2.439000000000985,0.7715961598802157
2.4400000000009827,0.7726349893048371
2.4410000000009804,0.7736415455903376
2.442000000000978,0.7746156178192418
2.4430000000009757,0.7755616740739248
2.4440000000009734,0.7764821981660027
2.445000000000971,0.7771585880911278
2.4460000000009687,0.7780557591658788
2.4470000000009664,0.7789522848263313
2.448000000000964,0.7798472743104312
2.4490000000009617,0.7807456275108388
2.4500000000009594,0.7816516451403717
2.451000000000957,0.782334386610648
2.4520000000009547,0.7832430106479467
2.4530000000009524,0.7841457461847375
2.45400000000095,0.7850359051997605
2.4550000000009478,0.7859108258468903
2.4560000000009454,0.7867598394759348
2.457000000000943,0.7873729229519352
2.4580000000009408,0.7881705685305413
2.4590000000009384,0.7889378270116408
2.460000000000936,0.7896809702434707
2.4610000000009338,0.7904036094773149
2.4620000000009314,0.7911174362714913
2.463000000000929,0.7918267892710513
2.464000000000927,0.7923552706848966
2.4650000000009245,0.7930682457524443
2.466000000000922,0.7937864717748846
2.46700000000092,0.7945085457156497
2.4680000000009175,0.7952298107163756
2.469000000000915,0.7959489051145163
2.470000000000913,0.7964842008277081
2.4710000000009105,0.7971770116816025
2.472000000000908,0.797844016153904
2.473000000000906,0.7984896042992763
2.4740000000009035,0.7991104076329902
2.475000000000901,0.7997028672893997
2.476000000000899,0.8001305984217612
2.4770000000008965,0.8006851928499938
2.478000000000894,0.801225856219913
2.479000000000892,0.8017587388413004
2.4800000000008895,0.8022863726082957
2.481000000000887,0.80281662117179
2.482000000000885,0.8032195162949426
2.4830000000008825,0.8037562635059917
2.48400000000088,0.8042949256886135
2.485000000000878,0.8048303771753104
2.4860000000008755,0.805360058337132
2.487000000000873,0.8058714348960303
2.488000000000871,0.806362526672171
2.4890000000008685,0.8067195767167467
2.490000000000866,0.8071668298033726
2.491000000000864,0.8075878631249243
2.4920000000008615,0.8079848735200954
2.493000000000859,0.8083632296787449
2.494000000000857,0.8087249922994558
2.4950000000008545,0.8089878968205348
2.496000000000852,0.8093394186259589
2.49700000000085,0.809693283959108
2.4980000000008475,0.8100456610365547
2.499000000000845,0.8103984731658942
2.500000000000843,0.8107531796637865
2.5010000000008406,0.8110176803388511
2.502000000000838,0.8113623489785693
2.503000000000836,0.8116942799773231
2.5040000000008336,0.8120085307642985
2.5050000000008312,0.8123040273872258
2.506000000000829,0.8125739328295551
2.5070000000008266,0.8127563201165409
2.5080000000008242,0.8129823209060895
2.509000000000822,0.8131858629542923
2.5100000000008196,0.8133728352752705
2.5110000000008172,0.8135460185430065
2.512000000000815,0.813715977760754
2.5130000000008126,0.813884140486891
2.5140000000008103,0.8140070774123929
2.515000000000808,0.8141769304551246
2.5160000000008056,0.8143472767656315
2.5170000000008033,0.8145148402779362
2.518000000000801,0.8146744293639951
2.5190000000007986,0.814824358372628
2.5200000000007963,0.8149283447019101
2.521000000000794,0.8150437073605498
2.5220000000007916,0.8151327220109913
2.5230000000007893,0.8152006428339423
2.524000000000787,0.8152466198870719
2.5250000000007846,0.8152701442675735
2.5260000000007823,0.8152760585518624
2.52700000000078,0.8152741817319319
2.5280000000007776,0.8152642774293086
2.5290000000007753,0.8152506817178548
2.530000000000773,0.8152335742738285
2.5310000000007706,0.8152181550245393
2.5320000000007683,0.815209513987529
2.533000000000766,0.81519326918092
2.5340000000007636,0.8151726877509091
2.5350000000007613,0.8151423331994357
2.536000000000759,0.8150996613534252
2.5370000000007566,0.8150349149476739
2.5380000000007543,0.8149478241393913
2.539000000000752,0.8148701429024077
2.5400000000007497,0.8147413970598244
2.5410000000007473,0.8145907684124662
2.542000000000745,0.8144219241449299
2.5430000000007427,0.8142405078433437
2.5440000000007403,0.8140479342296744
2.545000000000738,0.8138981970274166
2.5460000000007357,0.81370217107036
2.5470000000007333,0.8135089832828778
2.548000000000731,0.8133125434156602
2.5490000000007287,0.813112663806432
2.5500000000007264,0.8129091718294378
2.551000000000724,0.8127511026289297
2.5520000000007217,0.8125274853180398
2.5530000000007194,0.8122861788966356
2.554000000000717,0.8120239496342582
2.5550000000007147,0.8117410513704628
2.5560000000007124,0.8114338493068359
2.55700000000071,0.8111868242497703
2.5580000000007077,0.8108428709118426
2.5590000000007054,0.8104829780997815
2.560000000000703,0.8101124297220155
2.5610000000007007,0.8097331145050933
2.5620000000006984,0.80935451430871
2.563000000000696,0.8089758359738173
2.5640000000006937,0.8086885697353448
2.5650000000006914,0.8083097009100889
2.566000000000689,0.807927812387786
2.5670000000006867,0.8075385753413417
2.5680000000006844,0.8071367214146294
2.569000000000682,0.8067203994140038
2.5700000000006797,0.8063971435328535
2.5710000000006774,0.8059427110621802
2.572000000000675,0.8054631733848048
2.5730000000006727,0.8049641650161187
2.5740000000006704,0.804446683561681
2.575000000000668,0.8039123159045801
2.5760000000006658,0.8035040114013113
2.5770000000006634,0.8029547893476663
2.578000000000661,0.802402323629835
2.5790000000006588,0.801849405963305
2.5800000000006564,0.8012943307243634
2.581000000000654,0.8007403668057675
2.5820000000006518,0.8003265687395479
2.5830000000006494,0.7997670504244878
2.584000000000647,0.7991995224018734
2.585000000000645,0.7986184426087403
2.5860000000006425,0.7980214058694608
2.58700000000064,0.7974013702693575
2.588000000000638,0.7967592358965141
2.5890000000006355,0.79626559138241
2.590000000000633,0.7955866903155406
2.591000000000631,0.7948908328323602
2.5920000000006285,0.7941826046949927
2.593000000000626,0.7934676245246167
2.594000000000624,0.7927467073367306
2.5950000000006215,0.7922036623871681
2.596000000000619,0.7914860743848595
2.597000000000617,0.790772865986656
2.5980000000006145,0.7900562590350025
2.599000000000612,0.7893346205523052
2.60000000000061,0.7886069443263317
2.6010000000006075,0.7880541996477372
2.602000000000605,0.7873027017557358
2.603000000000603,0.7865322005287835
2.6040000000006005,0.7857408177503257
2.605000000000598,0.7849297384029873
2.606000000000596,0.7840977533939362
2.6070000000005935,0.7834611519075055
2.608000000000591,0.7826014646935929
2.609000000000589,0.7817324363286808
2.6100000000005865,0.7808586580710714
2.611000000000584,0.7799811924313315
2.612000000000582,0.7791085480870023
2.6130000000005795,0.7782383114088032
2.614000000000577,0.7775830355737839
2.615000000000575,0.7767134668409851
2.6160000000005725,0.7758397722665847
2.61700000000057,0.7749570772323577
2.618000000000568,0.7740602356959344
2.6190000000005655,0.7731473033902025
2.620000000000563,0.7724511026549832
2.621000000000561,0.7715014945625778
2.6220000000005586,0.770529915230546
2.623000000000556,0.7695420347483438
2.624000000000554,0.7685401100114297
2.6250000000005516,0.7675270391626525
2.6260000000005492,0.7667636934987483
2.627000000000547,0.7657457992326329
2.6280000000005446,0.7647293581067435
2.6290000000005422,0.763715972465624
2.63000000000054,0.7627025891752449
2.6310000000005376,0.761691169871324
2.6320000000005352,0.7609345253305413
2.633000000000533,0.7599168817767358
2.6340000000005306,0.7588905499635347
2.6350000000005283,0.7578499086872542
2.636000000000526,0.7567926239899437
2.6370000000005236,0.7557138801778402
2.6380000000005213,0.7546151512739507
2.639000000000519,0.7537804697890108
2.6400000000005166,0.7526515599610486
2.6410000000005143,0.7515106511512506
2.642000000000512,0.750362757302359
2.6430000000005096,0.7492132533830839
2.6440000000005073,0.7480624634632969
2.645000000000505,0.7471996194598819
2.6460000000005026,0.7460583183767302
2.6470000000005003,0.7449234394409234
2.648000000000498,0.7437860552167023
2.6490000000004956,0.7426435691842855
2.6500000000004933,0.7414945949789209
2.651000000000491,0.7406257854267417
2.6520000000004886,0.7394530505666435
2.6530000000004863,0.7382618961586893
2.654000000000484,0.7370513230342025
2.6550000000004816,0.7358230062107635
2.6560000000004793,0.7345773520121519
2.657000000000477,0.7336338955395054
2.6580000000004746,0.7323683895196079
2.6590000000004723,0.7310987205388679
2.66000000000047,0.7298289191395929
2.6610000000004677,0.7285594901117319
2.6620000000004653,0.7272982118596811
2.663000000000463,0.726041739398185
2.6640000000004607,0.7250977132735501
2.6650000000004583,0.7238440316957815
2.666000000000456,0.7225865679923499
2.6670000000004537,0.7213202371653022
2.6680000000004513,0.7200400183811386
2.669000000000449,0.7187437681360133
2.6700000000004467,0.7177605216559373
2.6710000000004444,0.7164307659905484
2.672000000000442,0.7150821384592471
2.6730000000004397,0.7137200444087858
2.6740000000004374,0.7123474807777979
2.675000000000435,0.7109680619623621
2.6760000000004327,0.7099327969019282
2.6770000000004304,0.7085557096010204
2.678000000000428,0.7071835230385936
2.6790000000004257,0.7058171135935832
2.6800000000004234,0.704452653540407
2.681000000000421,0.7030913383518337
2.6820000000004187,0.7020730891529845
2.6830000000004164,0.7007065740122014
2.684000000000414,0.6993319633107208
2.6850000000004117,0.6979434388358133
2.6860000000004094,0.6965385013650459
2.687000000000407,0.6951138709085855
2.6880000000004047,0.6936710139389751
2.6890000000004024,0.6925792468087449
2.6900000000004,0.6911106851355524
2.6910000000003977,0.6896331725744356
2.6920000000003954,0.6881518634230047
2.693000000000393,0.686671916991882
2.6940000000003907,0.6851934454486014
2.6950000000003884,0.6840863674716915
2.696000000000386,0.6826210025857777
2.6970000000003838,0.6811634702363233
2.6980000000003814,0.6797041896700871
2.699000000000379,0.6782399409330617
2.7000000000003768,0.6767691583345018
2.7010000000003744,0.6756591421574074
2.702000000000372,0.6741650422069019
2.7030000000003698,0.6726527862535987
2.7040000000003674,0.6711216724874643
2.705000000000365,0.6695733441122931
2.706000000000363,0.6680091031114969
2.7070000000003605,0.6668281574911982
2.708000000000358,0.6652471186510204
2.709000000000356,0.6636640339937011
2.7100000000003535,0.6620827289008266
2.711000000000351,0.6605036204448981
2.712000000000349,0.6589342419156924
2.7130000000003465,0.6573710689888449
2.714000000000344,0.6561976526885214
2.715000000000342,0.6546390954859569
2.7160000000003395,0.6530775541000887
2.717000000000337,0.6515079409079404
2.718000000000335,0.6499252985433077
2.7190000000003325,0.6483271310648206
2.72000000000033,0.6471180078367113
2.721000000000328,0.6454892443515984
2.7220000000003255,0.6438438798210618
2.723000000000323,0.642186990334514
2.724000000000321,0.6405221766563423
2.7250000000003185,0.6388536861750413
2.726000000000316,0.6376038352087042
2.727000000000314,0.635943624114676
2.7280000000003115,0.6342919288386261
2.729000000000309,0.6326495922442706
2.730000000000307,0.6310127373595412
2.7310000000003045,0.6293823839653018
2.732000000000302,0.6281649044218804
2.7330000000003,0.626535227592425
2.7340000000002975,0.6249010281613339
2.735000000000295,0.6232561761148957
2.736000000000293,0.621597830874137
2.7370000000002905,0.6199237053505312
2.738000000000288,0.6182349081408548
2.739000000000286,0.6169608500875654
2.7400000000002835,0.6152532743035491
2.741000000000281,0.6135410180349249
2.742000000000279,0.6118295258354025
2.7430000000002766,0.6101240715591653
2.744000000000274,0.608425145136807
2.745000000000272,0.6071560581909102
2.7460000000002696,0.605479097814071
2.7470000000002672,0.6038152827373547
2.748000000000265,0.6021550102856491
2.7490000000002626,0.6004948366079916
2.7500000000002602,0.5988331833394193
2.751000000000258,0.5975835102106292
2.7520000000002556,0.5959078175973166
2.7530000000002532,0.5942191092935981
2.754000000000251,0.592516628665824
2.7550000000002486,0.5908018507595825
2.7560000000002463,0.5890765262339075
2.757000000000244,0.587778434776722
2.7580000000002416,0.586045851967493
2.7590000000002393,0.5843168459016763
2.760000000000237,0.5825952995896568
2.7610000000002346,0.5808819057410654
2.7620000000002323,0.5791839834911314
2.76300000000023,0.5774982080099149
2.7640000000002276,0.5762367327155142
2.7650000000002253,0.5745658449807959
2.766000000000223,0.5728976548491863
2.7670000000002206,0.5712269898877668
2.7680000000002183,0.569548596674388
2.769000000000216,0.5678593616810668
2.7700000000002136,0.5665848849135973
2.7710000000002113,0.5648734155347639
2.772000000000209,0.5631496935117193
2.7730000000002066,0.5614181721789385
2.7740000000002043,0.559682476621447
2.775000000000202,0.5579468155198299
2.7760000000001996,0.556648857653621
2.7770000000001973,0.5549274755016037
2.778000000000195,0.5532181650007711
2.7790000000001926,0.5515217349456623
2.7800000000001903,0.5498344466479342
2.781000000000188,0.5481570698917022
2.7820000000001857,0.5469067251551383
2.7830000000001833,0.5452360258210903
2.784000000000181,0.5435641764794372
2.7850000000001787,0.5418846441909736
2.7860000000001763,0.54019405718296
2.787000000000174,0.5384903435907792
2.7880000000001717,0.5367739303225126
2.7890000000001693,0.5354801994750918
2.790000000000167,0.5337479575429297
2.7910000000001647,0.5320124676431343
2.7920000000001624,0.5302791248046078
2.79300000000016,0.52855320637514
2.7940000000001577,0.5268356593687322
2.7950000000001554,0.525553851996046
2.796000000000153,0.5238613143249543
2.7970000000001507,0.5221840622133883
2.7980000000001484,0.5205128671148106
2.799000000000146,0.5188441388794375
2.8000000000001437,0.517176179487351
2.8010000000001414,0.515923302270527
2.802000000000139,0.5142451750206405
2.8030000000001367,0.512555710274376
2.8040000000001344,0.5108537503165346
2.805000000000132,0.509140283371253
2.8060000000001297,0.5074170023913116
2.8070000000001274,0.50612065937022
2.808000000000125,0.5043908185711435
2.8090000000001227,0.5026648303142588
2.8100000000001204,0.5009468655532353
2.811000000000118,0.4992381658729929
2.8120000000001157,0.49754592974529127
2.8130000000001134,0.4958675248914338
2.814000000000111,0.49461297940615206
2.8150000000001087,0.4929530722905887
2.8160000000001064,0.4912981411396958
2.817000000000104,0.48964304710297823
2.8180000000001018,0.487982336289081
2.8190000000000994,0.48631229125024905
2.820000000000097,0.4850530154510866
2.8210000000000948,0.4833630545859869
2.8220000000000924,0.4816615155482773
2.82300000000009,0.47995233628434675
2.8240000000000878,0.4782392063631046
2.8250000000000854,0.47652640629166254
2.826000000000083,0.475245762338892
2.827000000000081,0.47354798657499036
2.8280000000000785,0.47186349976507064
2.829000000000076,0.4701936532096744
2.830000000000074,0.4685354429029587
2.8310000000000715,0.4668898168362077
2.832000000000069,0.4656653473386518
2.833000000000067,0.4640319658704284
2.8340000000000645,0.46240076549831616
2.835000000000062,0.46076490077749116
2.83600000000006,0.4591204440856016
2.8370000000000575,0.45746527220779987
2.838000000000055,0.45579901245247184
2.839000000000053,0.4545436686388358
2.8400000000000505,0.4528635602235057
2.841000000000048,0.45118103685051036
2.842000000000046,0.449501537786085
2.8430000000000435,0.44783057082577926
2.844000000000041,0.446169919153141
2.845000000000039,0.4449323198451984
2.8460000000000365,0.4433006746612789
2.847000000000034,0.44168752173456594
2.848000000000032,0.4400845038470071
2.8490000000000295,0.43848816220248704
2.850000000000027,0.4368967692873455
2.851000000000025,0.4357041168867997
2.8520000000000225,0.4341098337555533
2.85300000000002,0.43250777428750875
2.854000000000018,0.430896187968932
2.8550000000000155,0.42927544024249364
2.856000000000013,0.4276469124157389
2.857000000000011,0.42642253246511735
2.8580000000000085,0.42479012656302706
2.859000000000006,0.4231628921480558
2.860000000000004,0.4215454397231183
2.8610000000000015,0.4199398266668721
2.861999999999999,0.41835322489985277
2.862999999999997,0.4167840527046018
2.8639999999999946,0.4156144014126835
2.864999999999992,0.41407141540472164
2.86599999999999,0.4125363253508805
2.8669999999999876,0.4110082464234231
2.8679999999999852,0.4094795772003306
2.868999999999983,0.4079460884544174
2.8699999999999806,0.4067919203765955
2.8709999999999782,0.40524556544128465
2.871999999999976,0.403691140017324
2.8729999999999736,0.4021311499750568
2.8739999999999712,0.4005695118681281
2.874999999999969,0.3990102916625788
2.8759999999999666,0.3978460402967581
2.8769999999999643,0.39630529696395556
2.877999999999962,0.39478059228270485
2.8789999999999596,0.3932716223878504
2.8799999999999573,0.391780834518912
2.880999999999955,0.39030717187950426
2.8819999999999526,0.38921488664304366
2.8829999999999503,0.38776494744054074
2.883999999999948,0.3863206846711072
2.8849999999999456,0.3848764598390185
2.8859999999999433,0.3834297795658963
2.886999999999941,0.38197735750495565
2.8879999999999386,0.38051803012294205
2.8889999999999363,0.37941990863338904
2.889999999999934,0.3779525386881599
2.8909999999999316,0.3764849507883874
2.8919999999999293,0.3750221573300847
2.892999999999927,0.3735692384445342
2.8939999999999246,0.372128397419972
2.8949999999999223,0.37105919946662447
2.89599999999992,0.3696497996455887
2.8969999999999176,0.36825832221253224
2.8979999999999153,0.36688227826683045
2.898999999999913,0.3655159003432689
2.8999999999999106,0.3641573098981122
2.9009999999999083,0.3631411189590021
2.901999999999906,0.3617854004934994
2.9029999999999037,0.3604230547770726
2.9039999999999013,0.35905255543627523
2.904999999999899,0.3576732088114708
2.9059999999998967,0.356285620104249
2.9069999999998943,0.3552408812392874
2.907999999999892,0.35384692246761296
2.9089999999998897,0.35245576279351026
2.9099999999998873,0.35107124381228483
2.910999999999885,0.3496980622306056
2.9119999999998827,0.34834200072099014
2.9129999999998804,0.3470026377222837
2.913999999999878,0.34600826029063886
2.9149999999998757,0.3446955906168468
2.9159999999998734,0.343392273289655
2.916999999999871,0.34209784809197785
2.9179999999998687,0.34080523255314454
2.9189999999998664,0.33951016151495106
2.919999999999864,0.33853617069922953
2.9209999999998617,0.3372318959299486
2.9219999999998594,0.3359208724305537
2.922999999999857,0.3346048610191232
2.9239999999998547,0.3332874012143474
2.9249999999998524,0.33197203780089873
2.92599999999985,0.3309901116459293
2.9269999999998477,0.3296928092327913
2.9279999999998454,0.328410074267032
2.928999999999843,0.32714368339056404
2.9299999999998407,0.32589637470880894
2.9309999999998384,0.32466792656001275
2.931999999999836,0.3237609623291309
2.9329999999998337,0.32256131154021356
2.9339999999998314,0.3213711559421864
2.934999999999829,0.3201851858402715
2.9359999999998267,0.31900089140749105
2.9369999999998244,0.31781480237695825
2.937999999999822,0.31662509176592846
2.9389999999998198,0.3157309385384588
2.9399999999998174,0.31453731545731656
2.940999999999815,0.31334529484470347
2.9419999999998128,0.3121589393069072
2.9429999999998104,0.3109833259131734
2.943999999999808,0.30982124613158635
2.9449999999998058,0.30896180589840766
2.9459999999998034,0.3078336278461105
2.946999999999801,0.30672615278674314
2.947999999999799,0.3056379869201978
2.9489999999997965,0.30456469029559075
2.949999999999794,0.3035050682959771
2.950999999999792,0.302717516823236
2.9519999999997895,0.30167327084448126
2.952999999999787,0.3006304592332367
2.953999999999785,0.29958768041903094
2.9549999999997825,0.29854409191756154
2.95599999999978,0.297499886281013
2.956999999999778,0.29671682013444645
2.9579999999997755,0.29567709090849
2.958999999999773,0.2946451843674093
2.959999999999771,0.2936246377137672
2.9609999999997685,0.2926192233556484
2.961999999999766,0.2916339999920134
2.962999999999764,0.2906692362550042
2.9639999999997615,0.28995869590723183
2.964999999999759,0.28902854727724875
2.965999999999757,0.2881136725977742
2.9669999999997545,0.2872139763530609
2.967999999999752,0.2863234778532244
2.96899999999975,0.2854385929329024
2.9699999999997475,0.28477758675903814
2.970999999999745,0.2838977240130442
2.971999999999743,0.2830188902741899
2.9729999999997405,0.28214186663932334
2.973999999999738,0.28126939023067093
2.974999999999736,0.2804034874559869
2.9759999999997335,0.27976054232154335
2.976999999999731,0.2789162817866331
2.977999999999729,0.27808821349146495
2.9789999999997265,0.27727762205802503
2.979999999999724,0.2764865871942676
2.980999999999722,0.275715227451092
2.9819999999997195,0.27515153349302934
2.982999999999717,0.2744124036192169
2.983999999999715,0.2736867039986478
2.9849999999997125,0.27297064414929484
2.98599999999971,0.27226251547938957
2.986999999999708,0.27155941434219943
2.9879999999997056,0.270859754617962
2.9889999999997032,0.27033763699233
2.989999999999701,0.2696451387704198
2.9909999999996986,0.26895934797391136
2.9919999999996962,0.26828202496162473
2.992999999999694,0.26761699805202194
2.9939999999996916,0.2669662602561564
2.9949999999996892,0.26648958011410406
2.995999999999687,0.265870490146368
2.9969999999996846,0.26527086089053403
2.9979999999996823,0.26469001293588
2.99899999999968,0.2641250481719787
2.9999999999996776,0.26357577769638335
3.0009999999996753,0.26317318601098433
3.001999999999673,0.26264639698229253
3.0029999999996706,0.26212768463867064
3.0039999999996683,0.26161642516774514
3.004999999999666,0.26111172889879025
3.0059999999996636,0.2606133103366716
3.0069999999996613,0.26024289860664535
3.007999999999659,0.25975747468245536
3.0089999999996566,0.2592824669236041
3.0099999999996543,0.2588200170129737
3.010999999999652,0.25837176626423297
3.0119999999996496,0.2579409380625783
3.0129999999996473,0.2575278932543857
3.013999999999645,0.2572295853113124
3.0149999999996426,0.2568474309407224
3.0159999999996403,0.2564806216971541
3.016999999999638,0.25613008725327774
3.0179999999996356,0.2557923505194252
3.0189999999996333,0.25546596820928824
3.019999999999631,0.25522811508179405
3.0209999999996286,0.2549189151169782
3.0219999999996263,0.25461837462805287
3.022999999999624,0.25432646988116
3.0239999999996217,0.25404491487608877
3.0249999999996193,0.25377344511946215
3.025999999999617,0.2535770548035179
3.0269999999996147,0.25332696957115236
3.0279999999996123,0.2530912853443613
3.02899999999961,0.2528700971786789
3.0299999999996077,0.25266450403096724
3.0309999999996053,0.2524750282798091
3.031999999999603,0.2523453837088249
3.0329999999996007,0.25218488097031194
3.0339999999995984,0.2520391634204971
3.034999999999596,0.25190714473274844
3.0359999999995937,0.25178872075917097
3.0369999999995914,0.25168216606174404
3.037999999999589,0.2515868650280691
3.0389999999995867,0.25152315596429975
3.0399999999995844,0.2514475176818449
3.040999999999582,0.25138401454886633
3.0419999999995797,0.25133127348737105
3.0429999999995774,0.25129104869030133
3.043999999999575,0.2512635888618437
3.0449999999995727,0.2512517048073715
3.0459999999995704,0.2512481359424391
3.046999999999568,0.2512591784546931
3.0479999999995657,0.2512849853063653
3.0489999999995634,0.2513247572092193
3.049999999999561,0.25137998642356574
3.0509999999995587,0.2514318737559716
3.0519999999995564,0.25151426477951067
3.052999999999554,0.2516114347527766
3.0539999999995517,0.25172408455190154
3.0549999999995494,0.25185129935884415
3.055999999999547,0.25199226010293774
3.0569999999995447,0.2521048344229899
3.0579999999995424,0.2522675252511444
3.05899999999954,0.25244255361927626
3.0599999999995378,0.252629976048361
3.0609999999995354,0.2528287642234538
3.061999999999533,0.25303999196790644
3.0629999999995308,0.253263857568082
3.0639999999995284,0.2534401097506407
3.064999999999526,0.25368723769072854
3.0659999999995238,0.2539482249445005
3.0669999999995214,0.25422537143081836
3.067999999999519,0.2545183430852015
3.068999999999517,0.2548285735642412
3.0699999999995145,0.25507254264996415
3.070999999999512,0.2554125198549739
3.07199999999951,0.25576923341375224
3.0729999999995075,0.25614168895310363
3.073999999999505,0.256530298616405
3.074999999999503,0.25693199531695277
3.0759999999995005,0.2572407017882413
3.076999999999498,0.257662071400549
3.077999999999496,0.25809479261187146
3.0789999999994935,0.25853772529900326
3.079999999999491,0.2589912265858333
3.080999999999489,0.2594564892470451
3.0819999999994865,0.2598150801163711
3.082999999999484,0.26030522432423786
3.083999999999482,0.2608114320281148
3.0849999999994795,0.2613356805475459
3.085999999999477,0.26187931789759056
3.086999999999475,0.2624415151096869
3.0879999999994725,0.2630226872482413
3.08899999999947,0.2634713638246677
3.089999999999468,0.26408413824181765
3.0909999999994655,0.26471403024979734
3.091999999999463,0.2653565293464135
3.092999999999461,0.2660114485235921
3.0939999999994585,0.26667741639707065
3.094999999999456,0.2671831189893525
3.095999999999454,0.26786596765375326
3.0969999999994515,0.268559529701341
3.097999999999449,0.2692650326690114
3.098999999999447,0.26998415030809664
3.0999999999994445,0.2707201206598353
3.100999999999442,0.2712845929910753
3.10199999999944,0.2720545443557685
3.1029999999994375,0.27284723933730554
3.103999999999435,0.2736643876306641
3.104999999999433,0.2745044932108254
3.1059999999994305,0.27536596045279793
3.106999999999428,0.27602237585723177
3.107999999999426,0.2769146389300827
3.1089999999994236,0.27782161995383314
3.1099999999994212,0.278741661579776
3.110999999999419,0.27967159784809
3.1119999999994166,0.28061097818982444
3.1129999999994142,0.2815601114669719
3.113999999999412,0.28227891388376725
3.1149999999994096,0.2832482102564143
3.1159999999994072,0.284232434071282
3.116999999999405,0.2852345690836107
3.1179999999994026,0.2862568791260108
3.1189999999994003,0.28730322612805437
3.119999999999398,0.2881035440576612
3.1209999999993956,0.28919149398843924
3.1219999999993933,0.29030335263684365
3.122999999999391,0.29143701353242407
3.1239999999993886,0.2925917619161992
3.1249999999993863,0.29376202338635876
3.125999999999384,0.2946474072628973
3.1269999999993816,0.2958364214676778
3.1279999999993793,0.29703514009052806
3.128999999999377,0.2982418249536035
3.1299999999993746,0.2994565304215577
3.1309999999993723,0.3006812113870929
3.13199999999937,0.30160792171658796
3.1329999999993676,0.3028568786201174
3.1339999999993653,0.3041241644088701
3.134999999999363,0.30541404939637845
3.1359999999993606,0.3067281313048607
3.1369999999993583,0.308065450875938
3.137999999999356,0.30942706423168237
3.1389999999993536,0.3104643309100345
3.1399999999993513,0.3118646089816918
3.140999999999349,0.3132844323769866
3.1419999999993466,0.31471666373950086
3.1429999999993443,0.31615990229906765
3.143999999999342,0.31761185041612694
3.1449999999993397,0.3187045535905832
3.1459999999993373,0.32016662414999486
3.146999999999335,0.32163582585547523
3.1479999999993327,0.32311398065950275
3.1489999999993303,0.3246045430910707
3.149999999999328,0.32611125602216406
3.1509999999993257,0.3272535306543277
3.1519999999993233,0.32879368299097234
3.152999999999321,0.3303587285591939
3.1539999999993187,0.33195025864296374
3.1549999999993164,0.3335653989037172
3.155999999999314,0.3352016577028547
3.1569999999993117,0.33643768830794685
3.1579999999993094,0.3381012536369655
3.158999999999307,0.339776048053453
3.1599999999993047,0.34145975763566977
3.1609999999993024,0.34314819833880456
3.1619999999993,0.34484023001456143
3.1629999999992977,0.346536628913995
3.1639999999992954,0.3478128229692256
3.164999999999293,0.3495214722920454
3.1659999999992907,0.351242328467163
3.1669999999992884,0.35297772325958926
3.167999999999286,0.35473121995425966
3.1689999999992837,0.35650779153566825
3.1699999999992814,0.35785424017373635
3.170999999999279,0.35966829361240915
3.1719999999992767,0.36150365940215584
3.1729999999992744,0.3633574579780957
3.173999999999272,0.365228410681015
3.1749999999992697,0.3671095984676039
3.1759999999992674,0.3685241758833512
3.176999999999265,0.3704128814739522
3.1779999999992627,0.3723051335024231
3.1789999999992604,0.37419935732386467
3.179999999999258,0.376095669719248
3.1809999999992558,0.3779965131152049
3.1819999999992534,0.3794260927133983
3.182999999999251,0.38134206036888973
3.1839999999992488,0.3832720019999245
3.1849999999992464,0.38522098780034575
3.185999999999244,0.38718971235398997
3.1869999999992418,0.3891762371263684
3.1879999999992394,0.39118183350692814
3.188999999999237,0.39269834196439696
3.189999999999235,0.39473181214821773
3.1909999999992325,0.39677817989381403
3.19199999999923,0.3988293330961108
3.192999999999228,0.4008839879819445
3.1939999999992255,0.402940073183953
3.194999999999223,0.40448095430712266
3.195999999999221,0.40653437722797736
3.1969999999992185,0.40858820532241535
3.197999999999216,0.41064457220911166
3.198999999999214,0.412707773285213
3.1999999999992115,0.41478111315936483
3.200999999999209,0.4163439744599751
3.201999999999207,0.4184383716411956
3.2029999999992045,0.420551357917816
3.203999999999202,0.42268386397142094
3.2049999999992,0.4248318617177046
3.2059999999991975,0.42699240306294356
3.206999999999195,0.42861548269773003
3.207999999999193,0.4307873691819947
3.2089999999991905,0.43296109748155676
3.209999999999188,0.4351343598756489
3.210999999999186,0.4373029093900997
3.2119999999991835,0.4394653944649132
3.212999999999181,0.4416227886500499
3.213999999999179,0.4432385182998032
3.2149999999991765,0.44539132639590534
3.215999999999174,0.44754662755619284
3.216999999999172,0.4497050734765543
3.2179999999991695,0.45186989187580645
3.218999999999167,0.45404544767804816
3.219999999999165,0.45568182959729764
3.2209999999991625,0.4578695225731541
3.22199999999916,0.4600629510606968
3.222999999999158,0.4622588243941018
3.2239999999991555,0.46445546923260633
3.224999999999153,0.46664605270001125
3.225999999999151,0.4682822489903323
3.2269999999991485,0.4704528603220616
3.227999999999146,0.47261213614977315
3.228999999999144,0.4747591142954963
3.2299999999991416,0.4768943404414416
3.2309999999991392,0.4790203379370217
3.231999999999137,0.4806091034564899
3.2329999999991346,0.48272475186878916
3.2339999999991322,0.4848392130847186
3.23499999999913,0.4869568741289307
3.2359999999991276,0.48907722988197244
3.2369999999991252,0.49119725115191193
3.237999999999123,0.4933180565334955
3.2389999999991206,0.4949085399231912
3.2399999999991183,0.4970244710422325
3.240999999999116,0.499134852014272
3.2419999999991136,0.5012325178854524
3.2429999999991113,0.5033170373315341
3.243999999999109,0.5053869856367695
3.2449999999991066,0.5069284647563396
3.2459999999991043,0.5089701378819058
3.246999999999102,0.510997847987315
3.2479999999990996,0.5130137986281638
3.2489999999990973,0.5150218500803504
3.249999999999095,0.5170245228727719
3.2509999999990926,0.5185234941860553
3.2519999999990903,0.52051713783129
3.252999999999088,0.5225109588388296
3.2539999999990856,0.5245049793996505
3.2549999999990833,0.5264948286680476
3.255999999999081,0.5284776168161814
3.2569999999990786,0.529955211142166
3.2579999999990763,0.5319168056276316
3.258999999999074,0.5338634738010735
3.2599999999990716,0.5357940009222758
3.2609999999990693,0.5377061271967659
3.261999999999067,0.5395999013157097
3.2629999999990646,0.5414769090292523
3.2639999999990623,0.5428747747869522
3.26499999999906,0.5447274133126745
3.2659999999990577,0.5465707658735564
3.2669999999990553,0.5484049245160156
3.267999999999053,0.5502323645523356
3.2689999999990507,0.55205647245263
3.2699999999990483,0.5534198447725834
3.270999999999046,0.5552309624562323
3.2719999999990437,0.5570334691992708
3.2729999999990413,0.5588251680571305
3.273999999999039,0.5606049785314112
3.2749999999990367,0.5623678945736372
3.2759999999990344,0.5636773551510551
3.276999999999032,0.5654056525817348
3.2779999999990297,0.5671149449177112
3.2789999999990274,0.5688052026683719
3.279999999999025,0.5704778540093277
3.2809999999990227,0.5721352413673411
3.2819999999990204,0.5733684769977805
3.282999999999018,0.5750031194457905
3.2839999999990157,0.5766279814193149
3.2849999999990134,0.5782459854026617
3.285999999999011,0.5798559116712446
3.2869999999990087,0.581454403679398
3.2879999999990064,0.5830423237760477
3.288999999999004,0.5842255786058673
3.2899999999990017,0.5857897227116412
3.2909999999989994,0.587338415275907
3.291999999998997,0.5888670512389445
3.2929999999989947,0.5903761142269223
3.2939999999989924,0.5918648340821163
3.29499999999899,0.5929678334064493
3.2959999999989877,0.5944217046605708
3.2969999999989854,0.5958576890066338
3.297999999998983,0.5972776119078123
3.2989999999989807,0.5986841490809336
3.2999999999989784,0.6000790943299975
3.300999999998976,0.6011176142314152
3.3019999999989738,0.602490439611478
3.3029999999989714,0.6038540525381562
3.303999999998969,0.6052079920615975
3.3049999999989668,0.6065484737574222
3.3059999999989644,0.6078732717521828
3.306999999998962,0.6088532841831722
3.3079999999989598,0.6101451400938458
3.3089999999989574,0.6114170161379651
3.309999999998955,0.6126683770748655
3.310999999998953,0.6138987826194154
3.3119999999989505,0.6151094315498484
3.312999999998948,0.6163014989500252
3.313999999998946,0.6171841388995932
3.3149999999989435,0.6183476405357557
3.315999999998941,0.6194978030378163
3.316999999998939,0.6206343187180726
3.3179999999989365,0.6217582708300654
3.318999999998934,0.6228716726596444
3.319999999998932,0.6236974655896994
3.3209999999989295,0.624785661503346
3.321999999998927,0.6258583055059878
3.322999999998925,0.6269142262359758
3.3239999999989225,0.627952767531998
3.32499999999892,0.6289710170192936
3.325999999998918,0.6297209230807502
3.3269999999989155,0.6307030390152858
3.327999999998913,0.6316651675539424
3.328999999998911,0.6326078011303267
3.3299999999989085,0.6335329501841652
3.330999999998906,0.6344424059232446
3.331999999998904,0.635114498307349
3.3329999999989015,0.635998461731827
3.333999999998899,0.6368693668994786
3.334999999998897,0.6377286646472801
3.3359999999988945,0.6385749364240669
3.336999999998892,0.6394051469128895
3.33799999999889,0.6402199927782045
3.3389999999988875,0.6408204393847954
3.339999999998885,0.641604916182862
3.340999999998883,0.6423711249352152
3.3419999999988805,0.6431172247090059
3.342999999998878,0.6438441985231464
3.343999999998876,0.6445515545683526
3.3449999999988735,0.6450701134028131
3.345999999998871,0.6457466867963673
3.346999999998869,0.6464070453287063
3.3479999999988665,0.6470523180316434
3.348999999998864,0.6476837840692983
3.349999999998862,0.6483026652184396
3.3509999999988596,0.6487581189440313
3.3519999999988572,0.6493519086669722
3.352999999998855,0.6499330155162055
3.3539999999988526,0.650500887956599
3.3549999999988502,0.6510527606013693
3.355999999998848,0.6515872754787979
3.3569999999988456,0.6519752153104185
3.3579999999988432,0.6524773908257773
3.358999999998841,0.6529612289622067
3.3599999999988386,0.6534265527876301
3.3609999999988363,0.6538743268812965
3.361999999998834,0.6543065768353731
3.3629999999988316,0.6547236536386436
3.3639999999988293,0.6550268728894503
3.364999999998827,0.6554199172305295
3.3659999999988246,0.6558004933312386
3.3669999999988223,0.6561682789426899
3.36799999999882,0.6565231639390511
3.3689999999988176,0.6568661481822013
3.3699999999988153,0.6571137823230545
3.370999999998813,0.6574307626833265
3.3719999999988106,0.6577322336793429
3.3729999999988083,0.658018066896147
3.373999999998806,0.6582881065769444
3.3749999999988036,0.6585413564101383
3.3759999999988013,0.6587208175993726
3.376999999998799,0.6589478290990498
3.3779999999987966,0.65916004401123
3.3789999999987943,0.6593582075578243
3.379999999998792,0.6595446614213737
3.3809999999987896,0.6597206277557764
3.3819999999987873,0.6598462248749976
3.382999999998785,0.6600043733162613
3.3839999999987826,0.660152509293466
3.3849999999987803,0.660291064767922
3.385999999998778,0.6604188138156133
3.3869999999987757,0.6605334424530585
3.3879999999987733,0.6606356430657065
3.388999999998771,0.6607038674139168
3.3899999999987687,0.6607828622137154
3.3909999999987663,0.660848498242084
3.391999999998764,0.6609011549290166
3.3929999999987617,0.6609419162802473
3.3939999999987593,0.6609702912408203
3.394999999998757,0.6609850781251352
3.3959999999987547,0.6609968257956013
3.3969999999987524,0.6609996292386641
3.39799999999875,0.6609938073101655
3.3989999999987477,0.660979473905235
3.3999999999987454,0.6609574110530194
3.400999999998743,0.6609351524997664
3.4019999999987407,0.6608960245257783
3.4029999999987384,0.6608476148749917
3.403999999998736,0.6607895189211302
3.4049999999987337,0.6607199291072791
3.4059999999987314,0.6606382434131493
3.406999999998729,0.6605688374595653
3.4079999999987267,0.6604667041264191
3.4089999999987244,0.6603537035885434
3.409999999998722,0.6602297144486267
3.4109999999987197,0.6600963747567571
3.4119999999987174,0.6599559994905424
3.412999999998715,0.6598080142099944
3.4139999999987127,0.6596920229996469
3.4149999999987104,0.6595317241463782
3.415999999998708,0.6593642391173485
3.4169999999987057,0.6591892067357669
3.4179999999987034,0.6590056602736785
3.418999999998701,0.6588139619666165
3.4199999999986987,0.6586634855021095
3.4209999999986964,0.658453596280425
3.421999999998694,0.6582330519664972
3.4229999999986918,0.6580022551596352
3.4239999999986894,0.6577612240683566
3.424999999998687,0.6575099329894697
3.4259999999986848,0.6573157021857983
3.4269999999986824,0.6570510941998947
3.42799999999868,0.6567781200930272
3.4289999999986778,0.6564971927360438
3.4299999999986754,0.6562103476199012
3.430999999998673,0.6559180201839433
3.431999999998671,0.6556956189066026
3.4329999999986685,0.6553926457238222
3.433999999998666,0.6550826592274395
3.434999999998664,0.6547653836847024
3.4359999999986615,0.6544397212775617
3.436999999998659,0.6541038830779727
3.437999999998657,0.6537585402791818
3.4389999999986545,0.6534932454458525
3.439999999998652,0.6531310358031648
3.44099999999865,0.6527594534969925
3.4419999999986475,0.6523800725508785
3.442999999998645,0.6519937753552009
3.443999999998643,0.6515998209266194
3.4449999999986405,0.6513012166320333
3.445999999998638,0.6508991112359889
3.446999999998636,0.6504920767888992
3.4479999999986335,0.6500797676597423
3.448999999998631,0.6496614781855945
3.449999999998629,0.6492376903345614
3.4509999999986265,0.648915523754029
3.451999999998624,0.6484784951689535
3.452999999998622,0.6480337513373036
3.4539999999986195,0.6475810991921753
3.454999999998617,0.6471194593905873
3.455999999998615,0.6466487645799459
3.4569999999986125,0.6462904510613688
3.45799999999861,0.6458062648300503
3.458999999998608,0.6453154845072212
3.4599999999986055,0.6448178939965766
3.460999999998603,0.6443153774758746
3.461999999998601,0.643810248325073
3.4629999999985985,0.6433012389114605
3.463999999998596,0.6429166254775499
3.464999999998594,0.6424006766265117
3.4659999999985915,0.641879710137911
3.466999999998589,0.6413534449498769
3.467999999998587,0.6408204966346451
3.4689999999985845,0.6402809492948905
3.469999999998582,0.639871019555284
3.47099999999858,0.6393172779454321
3.4719999999985776,0.6387556054018302
3.4729999999985752,0.6381868423590958
3.473999999998573,0.6376111882562584
3.4749999999985706,0.6370292726285978
3.4759999999985682,0.6365899591169965
3.476999999998566,0.6360026113205077
3.4779999999985636,0.6354107861514837
3.4789999999985612,0.6348146710255705
3.479999999998559,0.6342161013825596
3.4809999999985566,0.6336150588609264
3.4819999999985543,0.6331631272374566
3.482999999998552,0.6325559580754389
3.4839999999985496,0.6319438341546382
3.4849999999985473,0.6313261716029517
3.485999999998545,0.6307021464630098
3.4869999999985426,0.630070497381697
3.4879999999985403,0.6294319825382704
3.488999999998538,0.6289487570965359
3.4899999999985356,0.6282990144596372
3.4909999999985333,0.6276434119419368
3.491999999998531,0.6269842577410168
3.4929999999985286,0.6263222609760747
3.4939999999985263,0.6256564946658938
3.494999999998524,0.6251566867803173
3.4959999999985216,0.6244895094398535
3.4969999999985193,0.6238207019793442
3.497999999998517,0.623149491722598
3.4989999999985146,0.6224746801629145
3.4999999999985123,0.6217966113724287
3.50099999999851,0.6212852145408121
3.5019999999985076,0.6205980329773151
3.5029999999985053,0.61990519252917
3.503999999998503,0.6192067251231047
3.5049999999985006,0.6185020951329586
3.5059999999984983,0.6177916206376385
3.506999999998496,0.617256112796999
3.5079999999984937,0.6165388179009714
3.5089999999984913,0.6158189052549901
3.509999999998489,0.6150961082860561
3.5109999999984867,0.6143724098202822
3.5119999999984843,0.6136501017462305
3.512999999998482,0.6129275295243056
3.5139999999984797,0.6123849816914038
3.5149999999984773,0.6116612502555856
3.515999999998475,0.6109354040989514
3.5169999999984727,0.6102073651575328
3.5179999999984704,0.6094756541012715
3.518999999998468,0.6087403734364545
3.5199999999984657,0.6081859965071229
3.5209999999984634,0.6074430051718633
3.521999999998461,0.6066962599658609
3.5229999999984587,0.6059469146844255
3.5239999999984564,0.6051953810426197
3.524999999998454,0.6044426689750863
3.5259999999984517,0.6038787270175385
3.5269999999984494,0.603129920728388
3.527999999998447,0.6023816735474218
3.5289999999984447,0.6016340342961887
3.5299999999984424,0.6008886733708974
3.53099999999844,0.6001453464608142
3.5319999999984377,0.5995896955696093
3.5329999999984354,0.5988479146266945
3.533999999998433,0.5981053947161944
3.5349999999984307,0.5973615339647353
3.5359999999984284,0.5966157539582939
3.536999999998426,0.5958671937141514
3.5379999999984237,0.5951167263942763
3.5389999999984214,0.5945529900158181
3.539999999998419,0.5938006627399423
3.5409999999984167,0.5930480232000626
3.5419999999984144,0.5922976111785263
3.542999999998412,0.591549993225869
3.5439999999984098,0.5908041537097801
3.5449999999984074,0.59024786409614
3.545999999998405,0.5895099220009061
3.5469999999984028,0.5887754093039551
3.5479999999984004,0.5880433144164792
3.548999999998398,0.5873123100136625
3.5499999999983958,0.5865826903288549
3.5509999999983934,0.5860357348001245
3.551999999998391,0.5853054744461313
3.552999999998389,0.5845745025963299
3.5539999999983864,0.5838430530150164
3.554999999998384,0.5831108260176183
3.555999999998382,0.5823782996996659
3.5569999999983795,0.5818299873008232
3.557999999998377,0.5811005511548973
3.558999999998375,0.5803740221690871
3.5599999999983725,0.5796500203254967
3.56099999999837,0.5789302483275226
3.561999999998368,0.578216705528058
3.5629999999983655,0.5775074729346942
3.563999999998363,0.5769778382419503
3.564999999998361,0.5762749298605248
3.5659999999983585,0.5755739818664659
3.566999999998356,0.5748748250649163
3.567999999998354,0.5741759712743704
3.5689999999983515,0.5734775763436176
3.569999999998349,0.5729535556649867
3.570999999998347,0.5722546590417975
3.5719999999983445,0.5715562328057777
3.572999999998342,0.5708593545503899
3.57399999999834,0.5701644255630032
3.5749999999983375,0.5694722578977949
3.575999999998335,0.5689561403627297
3.576999999998333,0.568274061882544
3.5779999999983305,0.5675958549078597
3.578999999998328,0.5669213067552236
3.579999999998326,0.566251747059269
3.5809999999983235,0.5655867566545335
3.581999999998321,0.5650913873425213
3.582999999998319,0.5644322040837898
3.5839999999983165,0.5637747545719551
3.584999999998314,0.5631185756313639
3.585999999998312,0.5624631552547715
3.5869999999983095,0.5618077274634344
3.587999999998307,0.5611532486201705
3.588999999998305,0.5606634388496284
3.5899999999983025,0.5600121399449047
3.5909999999983,0.5593633743556621
3.591999999998298,0.5587193239730422
3.5929999999982956,0.5580804013609209
3.5939999999982932,0.5574454873898045
3.594999999998291,0.5569735790761507
3.5959999999982886,0.5563495952563956
3.5969999999982862,0.5557306306428199
3.597999999998284,0.5551155911280501
3.5989999999982816,0.5545032272051814
3.5999999999982792,0.5538937908886647
3.600999999998277,0.5534380256649033
3.6019999999982746,0.5528308489364342
3.6029999999982723,0.5522249315986184
3.60399999999827,0.5516206170318757
3.6049999999982676,0.5510175987102803
3.6059999999982653,0.5504163437425448
3.606999999998263,0.5499676260700196
3.6079999999982606,0.5493726947531419
3.6089999999982583,0.548782318048077
3.609999999998256,0.5481960363601517
3.6109999999982536,0.5476151897906999
3.6119999999982513,0.5470414518119345
3.612999999998249,0.5464729099834069
3.6139999999982466,0.5460493625329719
3.6149999999982443,0.5454885666824526
3.615999999998242,0.5449306888516754
3.6169999999982396,0.5443754958557623
3.6179999999982373,0.5438217279904973
3.618999999998235,0.5432697561135413
3.6199999999982326,0.5428564196517364
3.6209999999982303,0.5423063358798775
3.621999999998228,0.5417581867804641
3.6229999999982256,0.5412129696439095
3.6239999999982233,0.5406711070591538
3.624999999998221,0.5401331212533202
3.6259999999982186,0.5397331687537705
3.6269999999982163,0.5392064011267926
3.627999999998214,0.5386841949650794
3.6289999999982117,0.538166182320579
3.6299999999982093,0.5376534447476055
3.630999999998207,0.5371455436705681
3.6319999999982047,0.5367680462261166
3.6329999999982023,0.5362665136344357
3.6339999999982,0.5357672678998707
3.6349999999981977,0.5352700829001935
3.6359999999981953,0.5347745018561124
3.636999999998193,0.5342797712230496
3.6379999999981907,0.5337869543684315
3.6389999999981884,0.5334190485067367
3.639999999998186,0.5329310073230741
3.6409999999981837,0.5324463759443296
3.6419999999981814,0.5319668554360425
3.642999999998179,0.53149279765275
3.6439999999981767,0.5310230605823018
3.6449999999981744,0.530674958511626
3.645999999998172,0.5302159228142865
3.6469999999981697,0.5297617854644942
3.6479999999981674,0.5293114981896542
3.648999999998165,0.5288639939249331
3.6499999999981627,0.5284195350025122
3.6509999999981604,0.5280876325193028
3.651999999998158,0.5276458480849977
3.6529999999981557,0.527205924219539
3.6539999999981534,0.5267682865908896
3.654999999998151,0.5263325562819601
3.6559999999981487,0.5258991444536628
3.6569999999981464,0.5255763815058175
3.657999999998144,0.5251497655551769
3.6589999999981417,0.5247278107438041
3.6599999999981394,0.5243100311161698
3.660999999998137,0.5238974378328674
3.6619999999981347,0.523491429815709
3.6629999999981324,0.5230902186982059
3.66399999999813,0.5227919325324347
3.6649999999981278,0.5223978133880751
3.6659999999981254,0.5220064784545851
3.666999999998123,0.5216176448661343
3.6679999999981208,0.5212303053908965
3.6689999999981184,0.5208450407615423
3.669999999998116,0.5205568754729097
3.6709999999981138,0.5201739318513574
3.6719999999981114,0.5197932124206359
3.672999999998109,0.5194156194363658
3.673999999998107,0.5190415978398573
3.6749999999981044,0.5186713751827099
3.675999999998102,0.5183970001803307
3.6769999999981,0.5180370904676903
3.6779999999980975,0.5176813804862657
3.678999999998095,0.5173294104488925
3.679999999998093,0.5169820800383593
3.6809999999980905,0.5166389940552325
3.681999999998088,0.5163846276009971
3.682999999998086,0.516047060764514
3.6839999999980835,0.5157115548620845
3.684999999998081,0.5153781074215305
3.685999999998079,0.5150462978313414
3.6869999999980765,0.5147153416087153
3.687999999998074,0.5143863822278765
3.688999999998072,0.5141414260892107
3.6899999999980695,0.5138172393989654
3.690999999998067,0.5134964298217686
3.691999999998065,0.5131802319917931
3.6929999999980625,0.5128689928198961
3.69399999999806,0.512561598467441
3.694999999998058,0.5123346976212219
3.6959999999980555,0.5120365534800099
3.696999999998053,0.5117425648510099
3.697999999998051,0.5114517803137067
3.6989999999980485,0.5111633283559409
3.699999999998046,0.5108775004853406
3.700999999998044,0.51066434607344
3.7019999999980415,0.5103806420784247
3.702999999998039,0.5100987908536556
3.703999999998037,0.5098192704390052
3.7049999999980345,0.5095416128443624
3.705999999998032,0.5092661584852135
3.70699999999803,0.5090615000296257
3.7079999999980275,0.5087921537570262
3.708999999998025,0.50852695733087
3.709999999998023,0.5082654375689986
3.7109999999980205,0.508008340635273
3.711999999998018,0.5077568583124669
3.712999999998016,0.507509372819813
3.7139999999980136,0.507325898709202
3.7149999999980112,0.5070842312703356
3.715999999998009,0.5068448668374963
3.7169999999980066,0.5066074944691598
3.7179999999980042,0.5063713255719676
3.718999999998002,0.506137107038008
3.7199999999979996,0.5059620983632614
3.7209999999979972,0.5057298919831142
3.721999999997995,0.505499734057391
3.7229999999979926,0.5052724313375826
3.7239999999979903,0.5050484515034089
3.724999999997988,0.5048277683177669
3.7259999999979856,0.5046650550000117
3.7269999999979833,0.5044531666460856
3.727999999997981,0.5042448129028078
3.7289999999979786,0.5040394895215932
3.7299999999979763,0.5038379688903301
3.730999999997974,0.5036399264187602
3.7319999999979716,0.5034937806333288
3.7329999999979693,0.5033001371272646
3.733999999997967,0.5031081483117011
3.7349999999979646,0.5029179927114886
3.7359999999979623,0.5027292732776683
3.73699999999796,0.5025411601592915
3.7379999999979576,0.5023548405720091
3.7389999999979553,0.5022167216873533
3.739999999997953,0.5020346581911832
3.7409999999979506,0.501855650205887
3.7419999999979483,0.5016805281913613
3.742999999997946,0.501509662499644
3.7439999999979436,0.501341997285323
3.7449999999979413,0.5012192727421871
3.745999999997939,0.501059259948637
3.7469999999979366,0.5009026116833818
3.7479999999979343,0.5007484883249118
3.748999999997932,0.5005961970067374
3.7499999999979297,0.500446063504473
3.7509999999979273,0.5003344210345567
3.751999999997925,0.500185760977873
3.7529999999979227,0.5000388118971347
3.7539999999979203,0.49989408050746803
3.754999999997918,0.49975101301704683
3.7559999999979157,0.49960987668202894
3.7569999999979133,0.49950552230983586
3.757999999997911,0.4993695835007254
3.7589999999979087,0.49923718655925203
3.7599999999979064,0.4991078916283454
3.760999999997904,0.49898223636992006
3.7619999999979017,0.49886125928720054
3.7629999999978994,0.4987435218389266
3.763999999997897,0.4986569118256968
3.7649999999978947,0.4985438247878792
3.7659999999978924,0.49843259838258097
3.76699999999789,0.49832291233024034
3.7679999999978877,0.4982141552698186
3.7689999999978854,0.4981071976128955
3.769999999997883,0.4980274957718414
3.7709999999978807,0.4979221926360901
3.7719999999978784,0.4978187091538357
3.772999999997876,0.49771775845208255
3.7739999999978737,0.4976198263213548
3.7749999999978714,0.49752467423629304
3.775999999997869,0.49745563380832225
3.7769999999978667,0.49736784347403423
3.7779999999978644,0.49728297533235877
3.778999999997862,0.4972005067515265
3.7799999999978597,0.4971211166330458
3.7809999999978574,0.49704455749119997
3.781999999997855,0.4969890638657225
3.7829999999978527,0.49691599611257387
3.7839999999978504,0.4968442649856147
3.784999999997848,0.4967741927144521
3.7859999999978458,0.4967054000239917
3.7869999999978434,0.4966370127975481
3.787999999997841,0.49657023396488376
3.7889999999978388,0.4965216348500867
3.7899999999978364,0.49645862889669506
3.790999999997834,0.4963983735815824
3.7919999999978318,0.4963413525728495
3.7929999999978294,0.49628796367712835
3.793999999997827,0.4962372163306527
3.794999999997825,0.49620164878162265
3.7959999999978224,0.49615719816370657
3.79699999999782,0.4961154649291872
3.797999999997818,0.49607571769043773
3.7989999999978155,0.49603742043812044
3.799999999997813,0.49600093271701884
3.800999999997811,0.49597433983046496
3.8019999999978085,0.49593886987915764
3.802999999997806,0.4959050241759363
3.803999999997804,0.49587332461605377
3.8049999999978015,0.4958431405463021
3.805999999997799,0.4958146674822375
3.806999999997797,0.4957944423972206
3.8079999999977945,0.49577039042507837
3.808999999997792,0.4957493581102072
3.80999999999779,0.49573093943880253
3.8109999999977875,0.4957154961187748
3.811999999997785,0.49570394133243545
3.812999999997783,0.49569500276071393
3.8139999999977805,0.4956896313470718
3.814999999997778,0.49568440634110594
3.815999999997776,0.49568070416260035
3.8169999999977735,0.49567820688174846
3.817999999997771,0.4956764503381678
3.818999999997769,0.49567640042156147
3.8199999999977665,0.4956767874548727
3.820999999997764,0.49567814866895704
3.821999999997762,0.4956811540221056
3.8229999999977595,0.4956864246426249
3.823999999997757,0.49569445436563386
3.824999999997755,0.49570481868827443
3.8259999999977525,0.4957145023305962
3.82699999999775,0.49573098083683903
3.827999999997748,0.4957498505411741
3.8289999999977455,0.49577057570008387
3.829999999997743,0.49579375571085815
3.830999999997741,0.49581921336561724
3.8319999999977385,0.49583984564282346
3.832999999997736,0.4958680354718727
3.833999999997734,0.4958973006421591
3.8349999999977316,0.4959280810484103
3.8359999999977292,0.49596001426754394
3.836999999997727,0.49599218851063304
3.8379999999977246,0.49602580570697763
3.8389999999977222,0.49605237715516237
3.83999999999772,0.49608932042922155
3.8409999999977176,0.4961287205672082
3.8419999999977152,0.4961707550249886
3.842999999997713,0.49621583740884345
3.8439999999977106,0.4962630308922301
3.8449999999977083,0.49630042584147577
3.845999999997706,0.49635265359517156
3.8469999999977036,0.4964069879713961
3.8479999999977013,0.49646279315185715
3.848999999997699,0.4965196655546431
3.8499999999976966,0.49657799548860987
3.8509999999976943,0.49662232522628325
3.851999999997692,0.4966812000100697
3.8529999999976896,0.4967415627721217
3.8539999999976873,0.49680394277539514
3.854999999997685,0.49686764245800624
3.8559999999976826,0.4969327872134249
3.8569999999976803,0.4969824052155809
3.857999999997678,0.49705114359099334
3.8589999999976756,0.49712234698787305
3.8599999999976733,0.4971956293330369
3.860999999997671,0.49727119436363443
3.8619999999976686,0.49734984159310536
3.8629999999976663,0.49743043960461264
3.863999999997664,0.4974918224167717
3.8649999999976616,0.4975750946591281
3.8659999999976593,0.49765945910741793
3.866999999997657,0.4977446073317594
3.8679999999976546,0.4978301960336143
3.8689999999976523,0.49791726177036344
3.86999999999765,0.49798281293357444
3.8709999999976477,0.4980708250048194
3.8719999999976453,0.49816016963052695
3.872999999997643,0.49825138096477856
3.8739999999976407,0.49834494650229866
3.8749999999976383,0.49844027836250154
3.875999999997636,0.49851320609983907
3.8769999999976337,0.4986132354109224
3.8779999999976313,0.4987149872362575
3.878999999997629,0.4988179076924911
3.8799999999976267,0.4989225248217237
3.8809999999976244,0.4990287164220413
3.881999999997622,0.49910942312523005
3.8829999999976197,0.49921728985828534
3.8839999999976174,0.4993257674704674
3.884999999997615,0.4994353822379255
3.8859999999976127,0.49954578988880416
3.8869999999976104,0.4996560480796654
3.887999999997608,0.49976734394940747
3.8889999999976057,0.4998518847780305
3.8899999999976034,0.4999656453109467
3.890999999997601,0.5000813219630973
3.8919999999975987,0.5001988349033937
3.8929999999975964,0.5003186004629044
3.893999999997594,0.5004397152813109
3.8949999999975917,0.5005319293401161
3.8959999999975894,0.5006564600128715
3.896999999997587,0.5007822520868914
3.8979999999975847,0.5009087482429018
3.8989999999975824,0.501035637771155
3.89999999999758,0.5011633376945427
3.9009999999975777,0.5012593050136965
3.9019999999975754,0.5013865395330294
3.902999999997573,0.5015147635241632
3.9039999999975707,0.5016445053989302
3.9049999999975684,0.501775019626793
3.905999999997566,0.5019063683782023
3.9069999999975638,0.502005083803608
3.9079999999975614,0.5021386467166058
3.908999999997559,0.5022738124781103
3.9099999999975568,0.502410199137593
3.9109999999975544,0.5025478846253645
3.911999999997552,0.5026875755019242
3.9129999999975498,0.5028282475321494
3.9139999999975474,0.5029340691376908
3.914999999997545,0.5030757963305509
3.915999999997543,0.5032177974644136
3.9169999999975404,0.5033597864696732
3.917999999997538,0.5035014977734313
3.918999999997536,0.5036439962137914
3.9199999999975335,0.50375066355751
3.920999999997531,0.5038928752472417
3.921999999997529,0.5040356569084616
3.9229999999975265,0.50417947569079
3.923999999997524,0.5043248009568115
3.924999999997522,0.5044709308660195
3.9259999999975195,0.5045812447611429
3.926999999997517,0.5047300707683604
3.927999999997515,0.504879569085664
3.9289999999975125,0.5050291678009201
3.92999999999751,0.5051793449507815
3.930999999997508,0.5053300128531357
3.9319999999975055,0.5054433711394759
3.932999999997503,0.5055939371857027
3.933999999997501,0.5057441824063127
3.9349999999974985,0.5058946625848243
3.935999999997496,0.5060450579398046
3.936999999997494,0.5061944093456642
3.9379999999974915,0.5063438701379254
3.938999999997489,0.5064563962978841
3.939999999997487,0.5066065782281223
3.9409999999974845,0.5067576358918817
3.941999999997482,0.5069093301351646
3.94299999999748,0.5070620791037607
3.9439999999974775,0.5072149966633646
3.944999999997475,0.5073302137636303
3.945999999997473,0.5074843134185398
3.9469999999974705,0.5076384408427902
3.947999999997468,0.5077920962546211
3.948999999997466,0.5079449946432794
3.9499999999974635,0.5080975770913359
3.950999999997461,0.5082114945539462
3.951999999997459,0.508361734518072
3.9529999999974565,0.5085118711827861
3.953999999997454,0.5086624236607438
3.954999999997452,0.5088126408686954
3.9559999999974496,0.5089625445111551
3.9569999999974472,0.5090743433564636
3.957999999997445,0.5092242625354712
3.9589999999974426,0.5093744945620504
3.9599999999974402,0.5095246569157905
3.960999999997438,0.5096747723582835
3.9619999999974356,0.5098255066334905
3.9629999999974332,0.5099759011938966
3.963999999997431,0.5100881430227876
3.9649999999974286,0.5102373030766074
3.9659999999974263,0.5103854475647612
3.966999999997424,0.5105323429661214
3.9679999999974216,0.5106777279266871
3.9689999999974193,0.5108226258498886
3.969999999997417,0.510930283241014
3.9709999999974146,0.5110727165310831
3.9719999999974123,0.5112144074178598
3.97299999999741,0.5113557977288087
3.9739999999974076,0.5114973378745798
3.9749999999974053,0.5116383080088612
3.975999999997403,0.5117438224936306
3.9769999999974006,0.5118849729234436
3.9779999999973983,0.5120254049894774
3.978999999997396,0.5121645441945557
3.9799999999973936,0.5123028625339197
3.9809999999973913,0.5124402848430384
3.981999999997389,0.5125428447526054
3.9829999999973866,0.5126777977843283
3.9839999999973843,0.5128110763046436
3.984999999997382,0.512943179670282
3.9859999999973796,0.513073827257426
3.9869999999973773,0.5132020711965714
3.987999999997375,0.5133290029768591
3.9889999999973726,0.513423670698273
3.9899999999973703,0.5135487938911881
3.990999999997368,0.5136733291752544
3.9919999999973657,0.5137970367207255
3.9929999999973633,0.5139203505934
3.993999999997361,0.5140423985239
3.9949999999973587,0.5141335250315242
3.9959999999973563,0.5142542781011136
3.996999999997354,0.5143736545681685
3.9979999999973517,0.5144911874966154
3.9989999999973493,0.5146065286300274
3.999999999997347,0.5147201436698084
4.000999999997345,0.5148039309819135
4.001999999997342,0.5149128067125748
4.00299999999734,0.5150200490292949
4.003999999997338,0.5151261610916855
4.004999999997335,0.5152304511412116
4.005999999997333,0.5153329390100659
4.006999999997331,0.5154082280311725
4.007999999997328,0.5155081292258689
4.008999999997326,0.5156068912455343
4.009999999997324,0.5157041425004756
4.010999999997321,0.5157999546196476
4.011999999997319,0.5158950358280527
4.012999999997317,0.5159884489780444
4.013999999997314,0.5160570570715843
4.014999999997312,0.516146886285184
4.01599999999731,0.5162342710436064
4.016999999997307,0.5163190773128565
4.017999999997305,0.5164009522973607
4.018999999997303,0.5164807927498468
4.0199999999973,0.5165387125861292
4.020999999997298,0.516613538676935
4.021999999997296,0.5166860926494257
4.022999999997293,0.516756841405247
4.023999999997291,0.5168262270402212
4.024999999997289,0.5168936357300606
4.025999999997286,0.5169430988201373
4.026999999997284,0.5170083920842675
4.027999999997282,0.5170716654120188
4.028999999997279,0.5171323717456145
4.029999999997277,0.5171910349448806
4.030999999997275,0.517247575189615
4.031999999997272,0.5172887682490416
4.03299999999727,0.5173407070749992
4.033999999997268,0.5173896555561688
4.034999999997265,0.5174359627206536
4.035999999997263,0.5174794040659276
4.036999999997261,0.5175190793175113
4.0379999999972584,0.517555981961308
4.038999999997256,0.5175821483983379
4.039999999997254,0.5176147418153774
4.0409999999972515,0.5176453366995658
4.041999999997249,0.517673869702496
4.042999999997247,0.5177008112449949
4.0439999999972445,0.5177253146584965
4.044999999997242,0.5177426028220754
4.04599999999724,0.5177640228729677
4.0469999999972375,0.5177830414317809
4.047999999997235,0.5177991998843865
4.048999999997233,0.5178120046969938
4.0499999999972305,0.5178219477034235
4.050999999997228,0.5178272519465094
4.051999999997226,0.5178305270445583
4.0529999999972235,0.5178307632266848
4.053999999997221,0.5178284411109343
4.054999999997219,0.5178229898788329
4.0559999999972165,0.5178144655365083
4.056999999997214,0.5178057961463169
4.057999999997212,0.5177926609274982
4.0589999999972095,0.5177773324228714
4.059999999997207,0.5177594734601387
4.060999999997205,0.5177393060710803
4.0619999999972025,0.5177176688440789
4.0629999999972,0.5176936118056509
4.063999999997198,0.5176735910414977
4.0649999999971955,0.5176445919626395
4.065999999997193,0.5176122001397481
4.066999999997191,0.5175764254790362
4.0679999999971885,0.5175367357578385
4.068999999997186,0.5174938291783301
4.069999999997184,0.5174590216674996
4.0709999999971815,0.5174092737312511
4.071999999997179,0.517356135036421
4.072999999997177,0.5173001305180321
4.0739999999971745,0.5172417091227299
4.074999999997172,0.517180465383694
4.07599999999717,0.5171329872248837
4.076999999997168,0.5170685545697647
4.077999999997165,0.5170014839630747
4.078999999997163,0.5169312897367963
4.079999999997161,0.5168585962085763
4.080999999997158,0.5167833126360267
4.081999999997156,0.5167254761242095
4.082999999997154,0.5166447754666874
4.083999999997151,0.5165604451649396
4.084999999997149,0.5164726178160882
4.085999999997147,0.5163811308355356
4.086999999997144,0.5162851578208626
4.087999999997142,0.5161855592155058
4.08899999999714,0.5161087805623792
4.089999999997137,0.5160035048304077
4.090999999997135,0.5158954947654872
4.091999999997133,0.5157849851753924
4.09299999999713,0.5156724980602736
4.093999999997128,0.5155572351893554
4.094999999997126,0.515469625753551
4.095999999997123,0.5153511120599519
4.096999999997121,0.5152301090745597
4.097999999997119,0.5151061485296626
4.098999999997116,0.514978552106255
4.099999999997114,0.514847834384099
4.100999999997112,0.5147474854958494
4.101999999997109,0.514609698113729
4.102999999997107,0.5144682520601118
4.103999999997105,0.5143235972196217
4.104999999997102,0.5141753094129534
4.1059999999971,0.5140234988055093
4.106999999997098,0.5139072608001445
4.107999999997095,0.5137503656075644
4.108999999997093,0.5135911429407348
4.109999999997091,0.5134293159066093
4.110999999997088,0.5132653100771594
4.111999999997086,0.5131001472454677
4.112999999997084,0.5129328539912014
4.113999999997081,0.51280557493095
4.114999999997079,0.5126338210218301
4.115999999997077,0.5124587480516059
4.116999999997074,0.5122805244745027
4.117999999997072,0.5120983959359332
4.11899999999707,0.511912835587737
4.119999999997067,0.5117710150980951
4.120999999997065,0.5115784886331305
4.121999999997063,0.5113824266625334
4.12299999999706,0.5111834095906989
4.123999999997058,0.5109819061412461
4.124999999997056,0.5107777507710236
4.125999999997053,0.5106233248720555
4.126999999997051,0.5104167752474899
4.127999999997049,0.5102080517027788
4.128999999997046,0.5099967518452043
4.129999999997044,0.5097836139348009
4.130999999997042,0.5095685417618625
4.131999999997039,0.5094064485418541
4.132999999997037,0.5091871251030189
4.133999999997035,0.508964642847723
4.134999999997032,0.5087389119324692
4.13599999999703,0.5085098181326889
4.136999999997028,0.5082766097848773
4.137999999997025,0.5080399982309117
4.138999999997023,0.5078606074150874
4.139999999997021,0.5076188411816113
4.140999999997018,0.5073746917532715
4.141999999997016,0.5071286971828727
4.142999999997014,0.5068814334958742
4.143999999997011,0.5066321750862942
4.144999999997009,0.5064447313663102
4.145999999997007,0.5061940175004044
4.146999999997004,0.505941877110288
4.147999999997002,0.5056878260143117
4.148999999997,0.5054310256524596
4.149999999996997,0.5051720014708357
4.150999999996995,0.5049760210742958
4.151999999996993,0.5047115437615118
4.15299999999699,0.5044439608913063
4.153999999996988,0.5041736859361756
4.154999999996986,0.5039004153800416
4.155999999996983,0.5036243033501198
4.156999999996981,0.5034154539976995
4.157999999996979,0.5031357362672945
4.1589999999969764,0.5028546554678256
4.159999999996974,0.5025720115679523
4.160999999996972,0.5022884072584871
4.1619999999969695,0.5020050332913308
4.162999999996967,0.501720910348176
4.163999999996965,0.5015069197421336
4.1649999999969625,0.5012207688007004
4.16599999999696,0.5009325327154747
4.166999999996958,0.5006425071368206
4.1679999999969555,0.5003497451145587
4.168999999996953,0.5000545337878451
4.169999999996951,0.49983121098088806
4.1709999999969485,0.49953092723033504
4.171999999996946,0.4992281261595914
4.172999999996944,0.4989234068745047
4.1739999999969415,0.4986172649418849
4.174999999996939,0.49830971400177004
4.175999999996937,0.4980786497683283
4.1769999999969345,0.4977712571362786
4.177999999996932,0.49746319755698554
4.17899999999693,0.49715414755162096
4.1799999999969275,0.4968449235934184
4.180999999996925,0.4965354365578912
4.181999999996923,0.4963037439647673
4.1829999999969205,0.4959929813259142
4.183999999996918,0.4956806137980384
4.184999999996916,0.495366396155976
4.1859999999969135,0.4950502344618914
4.186999999996911,0.494731425853414
4.187999999996909,0.4944105518379616
4.1889999999969065,0.4941688508810036
4.189999999996904,0.49384524082550335
4.190999999996902,0.49352066663255906
4.1919999999968995,0.49319584183664716
4.192999999996897,0.49287138316623014
4.193999999996895,0.4925466501169356
4.1949999999968925,0.49230381212265195
4.19599999999689,0.49198088241498716
4.196999999996888,0.49165845593866464
4.197999999996886,0.4913360402684294
4.198999999996883,0.49101272226454096
4.199999999996881,0.49068902130436814
4.200999999996879,0.49044574912437366
4.201999999996876,0.49011985985094425
4.202999999996874,0.4897924995370837
4.203999999996872,0.4894640491299611
4.204999999996869,0.48913425642894887
4.205999999996867,0.4888032859639171
4.206999999996865,0.48855445022660027
4.207999999996862,0.4882229045043437
4.20899999999686,0.48789178041937237
4.209999999996858,0.48756095167641506
4.210999999996855,0.48723109139505927
4.211999999996853,0.48690347137399564
4.212999999996851,0.48657714514027556
4.213999999996848,0.4863328740967023
4.214999999996846,0.4860081526949216
4.215999999996844,0.4856833760408484
4.216999999996841,0.4853588963030269
4.217999999996839,0.4850336770259662
4.218999999996837,0.484707920317081
4.219999999996834,0.4844629785025967
4.220999999996832,0.48413553594272013
4.22199999999683,0.4838074680672801
4.222999999996827,0.483479336941263
4.223999999996825,0.4831516632259635
4.224999999996823,0.4828245012322166
4.22599999999682,0.48258000394450873
4.226999999996818,0.48225643150729663
4.227999999996816,0.4819342458985432
4.228999999996813,0.4816131682767888
4.229999999996811,0.4812940159218607
4.230999999996809,0.4809767209817861
4.231999999996806,0.480740599792285
4.232999999996804,0.48042582799292827
4.233999999996802,0.48011158802020704
4.234999999996799,0.47979760452615516
4.235999999996797,0.47948377428406147
4.236999999996795,0.4791694012285193
4.237999999996792,0.47885499248131985
4.23899999999679,0.47861948212417277
4.239999999996788,0.47830586640146644
4.240999999996785,0.4779933063013272
4.241999999996783,0.47768246748825016
4.242999999996781,0.47737397994075165
4.243999999996778,0.477067279900471
4.244999999996776,0.4768392863839579
4.245999999996774,0.4765379305343295
4.246999999996771,0.47623918738706955
4.247999999996769,0.4759425771864566
4.248999999996767,0.4756472335678475
4.249999999996764,0.4753536565244499
4.250999999996762,0.4751343979605482
4.25199999999676,0.47484244612802123
4.252999999996757,0.4745511938225663
4.253999999996755,0.47426100455581965
4.254999999996753,0.47397158899762554
4.25599999999675,0.47368307696353884
4.256999999996748,0.4734673698371601
4.257999999996746,0.4731817882449748
4.258999999996743,0.4728985888900461
4.259999999996741,0.4726176937910592
4.260999999996739,0.472339694065802
4.261999999996736,0.47206580868449627
4.262999999996734,0.4717951706216435
4.263999999996732,0.47159399925683837
4.264999999996729,0.4713284765786618
4.265999999996727,0.47106500083799274
4.266999999996725,0.47080389654388194
4.267999999996722,0.47054418424040556
4.26899999999672,0.4702861131223603
4.269999999996718,0.47009333572658835
4.270999999996715,0.46983729068823876
4.271999999996713,0.4695827243643979
4.272999999996711,0.4693301065200278
4.273999999996708,0.46907997066866375
4.274999999996706,0.4688322423738722
4.275999999996704,0.4686484816334214
4.276999999996701,0.46840734019676267
4.277999999996699,0.46816942489352714
4.278999999996697,0.46793445059785327
4.2799999999966944,0.4677031462293954
4.280999999996692,0.467475478837075
4.28199999999669,0.46730769124022997
4.2829999999966875,0.46708578337399886
4.283999999996685,0.46686636403198184
4.284999999996683,0.4666492701443394
4.2859999999966805,0.4664343687469227
4.286999999996678,0.46622092747287314
4.287999999996676,0.46600945155995904
4.2889999999966735,0.46585245719939594
4.289999999996671,0.46564514068895924
4.290999999996669,0.4654407643794837
4.2919999999966665,0.4652397080093684
4.292999999996664,0.46504258268457527
4.293999999996662,0.46484887613582215
4.2949999999966595,0.464706543904274
4.295999999996657,0.4645206401599927
4.296999999996655,0.46433884492213845
4.2979999999966525,0.46416072104638784
4.29899999999665,0.46398556718286377
4.299999999996648,0.4638138608980311
4.3009999999966455,0.4636871243674944
4.301999999996643,0.46352005473730995
4.302999999996641,0.46335562381308504
4.3039999999966385,0.4631941964043137
4.304999999996636,0.46303536741348683
4.305999999996634,0.46287919005670275
4.3069999999966315,0.4627636629060075
4.307999999996629,0.4626130892103818
4.308999999996627,0.4624662929434348
4.3099999999966245,0.4623232083264364
4.310999999996622,0.4621842067957003
4.31199999999662,0.4620503292033433
4.3129999999966175,0.4619208293459232
4.313999999996615,0.4618263147990588
4.314999999996613,0.46170402584753867
4.3159999999966105,0.4615852051996763
4.316999999996608,0.4614700819450766
4.317999999996606,0.4613578702352824
4.318999999996604,0.46124898110259804
4.319999999996601,0.46116911108446046
4.320999999996599,0.46106498235200377
4.321999999996597,0.46096389778926733
4.322999999996594,0.46086619818292585
4.323999999996592,0.46077241131372326
4.32499999999659,0.460682197998647
4.325999999996587,0.4606171773806527
4.326999999996585,0.4605349547636904
4.327999999996583,0.46045690352237306
4.32899999999658,0.46038269068664145
4.329999999996578,0.4603128949658271
4.330999999996576,0.46024753118039996
4.331999999996573,0.4602018697852868
4.332999999996571,0.46014380395035936
4.333999999996569,0.4600893309700852
4.334999999996566,0.46003850685344166
4.335999999996564,0.4599911592622699
4.336999999996562,0.4599464874795894
4.337999999996559,0.4599050551935893
4.338999999996557,0.4598764211352996
4.339999999996555,0.45984115612276194
4.340999999996552,0.45980990551360557
4.34199999999655,0.45978260347784555
4.342999999996548,0.4597598215087211
4.343999999996545,0.4597410731862458
4.344999999996543,0.45973013274977553
4.345999999996541,0.45971966488515875
4.346999999996538,0.4597136678761766
4.347999999996536,0.4597117770429242
4.348999999996534,0.45971353196994075
4.349999999996531,0.4597193933785928
4.350999999996529,0.4597262853230375
4.351999999996527,0.45973801676264203
4.352999999996524,0.4597534557799712
4.353999999996522,0.4597729790014289
4.35499999999652,0.45979602031329203
4.355999999996517,0.4598225320065149
4.356999999996515,0.4598442651021642
4.357999999996513,0.4598772825639989
4.35899999999651,0.45991441487402995
4.359999999996508,0.4599555818432661
4.360999999996506,0.4600008701546755
4.361999999996503,0.4600510788758985
4.362999999996501,0.46010560829093033
4.363999999996499,0.46014914001786594
4.364999999996496,0.4602109157676198
4.365999999996494,0.460276473414603
4.366999999996492,0.4603459135125575
4.367999999996489,0.4604187183444147
4.368999999996487,0.46049551442511505
4.369999999996485,0.4605552375270901
4.370999999996482,0.4606377052268358
4.37199999999648,0.4607237460523669
4.372999999996478,0.4608135658961924
4.373999999996475,0.46090767085155304
4.374999999996473,0.46100540683444324
4.375999999996471,0.4610811971933932
4.376999999996468,0.46118627446132965
4.377999999996466,0.46129529713025147
4.378999999996464,0.4614078734563836
4.379999999996461,0.46152442274931665
4.380999999996459,0.461645017001414
4.381999999996457,0.46173842211423405
4.382999999996454,0.4618657880885398
4.383999999996452,0.4619967205649032
4.38499999999645,0.4621315267692087
4.385999999996447,0.46226999212978137
4.386999999996445,0.46241123315188815
4.387999999996443,0.4625558982560999
4.38899999999644,0.4626669371475949
4.389999999996438,0.4628178398150081
4.390999999996436,0.4629727128021547
4.391999999996433,0.4631310220389878
4.392999999996431,0.463293301035537
4.393999999996429,0.463459077560497
4.394999999996426,0.46358594540276316
4.395999999996424,0.4637584659465742
4.396999999996422,0.46393466506239883
4.397999999996419,0.46411426876345485
4.398999999996417,0.4642970672765943
4.399999999996415,0.46448351158079426
4.4009999999964124,0.4646255570337473
4.40199999999641,0.4648171326838619
4.402999999996408,0.46501237477487384
4.4039999999964055,0.46521166783048645
4.404999999996403,0.4654142840897622
4.405999999996401,0.46562007621946633
4.4069999999963985,0.46577579287873727
4.407999999996396,0.4659870550689634
4.408999999996394,0.46620167754550346
4.4099999999963915,0.4664195602494383
4.410999999996389,0.4666405340344431
4.411999999996387,0.4668651734573994
4.4129999999963845,0.46709302730792013
4.413999999996382,0.46726587985699986
4.41499999999638,0.4674991824594769
4.4159999999963775,0.46773552287347653
4.416999999996375,0.4679748773758777
4.417999999996373,0.46821698672205603
4.4189999999963705,0.46846267077053705
4.419999999996368,0.46864868044230723
4.420999999996366,0.46889906041724977
4.4219999999963635,0.4691524548409486
4.422999999996361,0.4694089607365138
4.423999999996359,0.46966905507321455
4.4249999999963565,0.46993181653679567
4.425999999996354,0.47013058455171425
4.426999999996352,0.4703983648942088
4.4279999999963495,0.47066889558059555
4.428999999996347,0.47094174658131405
4.429999999996345,0.4712172185925281
4.4309999999963425,0.4714954414748743
4.43199999999634,0.47170609001961666
4.432999999996338,0.47198894551220866
4.4339999999963355,0.4722743880286486
4.434999999996333,0.4725629297167014
4.435999999996331,0.4728543165346249
4.4369999999963285,0.4731475882532859
4.437999999996326,0.4734434672990336
4.438999999996324,0.4736673501957132
4.4399999999963216,0.4739678158099097
4.440999999996319,0.47427123763238466
4.441999999996317,0.4745767220626332
4.442999999996315,0.47488478371847415
4.443999999996312,0.4751949660787888
4.44499999999631,0.4754290631007221
4.445999999996308,0.4757431567800447
4.446999999996305,0.47605938558451977
4.447999999996303,0.47637756551556826
4.448999999996301,0.4766976837656605
4.449999999996298,0.4770201863672007
4.450999999996296,0.4772634592527508
4.451999999996294,0.47758892224919913
4.452999999996291,0.4779170936703079
4.453999999996289,0.4782483524031965
4.454999999996287,0.4785818496612642
4.455999999996284,0.4789173633046019
4.456999999996282,0.4791694103730927
4.45799999999628,0.4795079877581706
4.458999999996277,0.4798484484611462
4.459999999996275,0.4801906823605866
4.460999999996273,0.4805343627441198
4.46199999999627,0.48087991648887257
4.462999999996268,0.48122701608353624
4.463999999996266,0.4814882451487412
4.464999999996263,0.48183799197541693
4.465999999996261,0.48218938079649615
4.466999999996259,0.48254229840105006
4.467999999996256,0.4828966676497141
4.468999999996254,0.48325342439974583
4.469999999996252,0.4835218841067599
4.470999999996249,0.4838810832155173
4.471999999996247,0.48424199243650073
4.472999999996245,0.48460464692727606
4.473999999996242,0.4849694943457964
4.47499999999624,0.48533546055281596
4.475999999996238,0.4856105241799093
4.476999999996235,0.48597842601982694
4.477999999996233,0.4863474149881587
4.478999999996231,0.4867170574278695
4.479999999996228,0.48708760167429976
4.480999999996226,0.48745922453732
4.481999999996224,0.4877387459223806
4.482999999996221,0.48811215365745203
4.483999999996219,0.4884866767890346
4.484999999996217,0.48886293764115935
4.485999999996214,0.48924065412068796
4.486999999996212,0.4896188154665154
4.48799999999621,0.489998183527206
4.488999999996207,0.4902837306909
4.489999999996205,0.49066508875674836
4.490999999996203,0.49104787544975664
4.4919999999962,0.4914310206280994
4.492999999996198,0.49181504035064455
4.493999999996196,0.4921994969956108
4.494999999996193,0.4924881169206896
4.495999999996191,0.49287336758817774
4.496999999996189,0.4932590249913843
4.497999999996186,0.49364497609171515
4.498999999996184,0.49403131391482136
4.499999999996182,0.49441848343049755
4.500999999996179,0.4947092417703225
4.501999999996177,0.4950966642593525
4.502999999996175,0.49548537342941035
4.503999999996172,0.4958757299285792
4.50499999999617,0.49626683032682817
4.505999999996168,0.49665841578686726
4.506999999996165,0.4969514318840087
4.507999999996163,0.4973432300980394
4.508999999996161,0.49773525302211363
4.509999999996158,0.4981273914111017
4.510999999996156,0.49851928011235197
4.511999999996154,0.4989112940102824
4.512999999996151,0.49930318252432027
4.513999999996149,0.4995969226463572
4.514999999996147,0.4999886105911549
4.515999999996144,0.5003804070362995
4.516999999996142,0.500772162197905
4.51799999999614,0.5011638771954716
4.518999999996137,0.5015565094538718
4.519999999996135,0.5018508829909146
4.520999999996133,0.5022433198332117
4.5219999999961304,0.5026359317236581
4.522999999996128,0.5030287428136732
4.523999999996126,0.5034221741853149
4.5249999999961235,0.5038151302092868
4.525999999996121,0.5041093725966126
4.526999999996119,0.5045013918852572
4.5279999999961165,0.5048929027149703
4.528999999996114,0.5052834969150972
4.529999999996112,0.5056734336267862
4.5309999999961095,0.5060629161965239
4.531999999996107,0.506354805722264
4.532999999996105,0.506743418623527
4.5339999999961025,0.5071316822110482
4.5349999999961,0.5075202267183039
4.535999999996098,0.50790876256928
4.5369999999960955,0.508296268781585
4.537999999996093,0.5086835059390907
4.538999999996091,0.5089739573140276
4.5399999999960885,0.5093605497115283
4.540999999996086,0.5097470478694889
4.541999999996084,0.5101323925994595
4.5429999999960815,0.5105171099554552
4.543999999996079,0.5109007772723614
4.544999999996077,0.5111878413211323
4.5459999999960745,0.5115697598749821
4.546999999996072,0.5119506525920293
4.54799999999607,0.5123304466158707
4.5489999999960675,0.5127092448738262
4.549999999996065,0.5130874956722568
4.550999999996063,0.5133706607943422
4.5519999999960605,0.5137467540703169
4.552999999996058,0.5141227272417116
4.553999999996056,0.5144989181574254
4.5549999999960535,0.514874439855009
4.555999999996051,0.5152490357978886
4.556999999996049,0.5155284199676692
4.5579999999960465,0.5159007853840499
4.558999999996044,0.5162720059531536
4.559999999996042,0.5166419765354986
4.5609999999960396,0.5170103913716693
4.561999999996037,0.5173776533148093
4.562999999996035,0.5177435323375059
4.563999999996033,0.518016935342616
4.56499999999603,0.5183804369307969
4.565999999996028,0.5187427889226977
4.566999999996026,0.5191038600840738
4.567999999996023,0.5194636345868675
4.568999999996021,0.5198230122271313
4.569999999996019,0.5200916044629099
4.570999999996016,0.5204485426228792
4.571999999996014,0.5208043439850253
4.572999999996012,0.5211590619767731
4.573999999996009,0.5215130942933459
4.574999999996007,0.5218654310202028
4.575999999996005,0.522128449325626
4.576999999996002,0.5224778606485906
4.577999999996,0.522825612446656
4.578999999995998,0.523171335207575
4.579999999995995,0.5235153402238881
4.580999999995993,0.5238578329774786
4.581999999995991,0.5241138161928675
4.582999999995988,0.524453573814091
4.583999999995986,0.5247918799383958
4.584999999995984,0.5251292929108059
4.585999999995981,0.5254655400167819
4.586999999995979,0.5257996330041605
4.587999999995977,0.5261322976668452
4.588999999995974,0.5263810392974381
4.589999999995972,0.5267110627157559
4.59099999999597,0.5270398524972523
4.591999999995967,0.5273665018946195
4.592999999995965,0.5276915419178393
4.593999999995963,0.5280145537606229
4.59499999999596,0.5282555586347855
4.595999999995958,0.5285753177966955
4.596999999995956,0.5288931773285499
4.597999999995953,0.5292090707786997
4.598999999995951,0.5295230346144585
4.599999999995949,0.5298355241378879
4.600999999995946,0.5300687618021127
4.601999999995944,0.5303774865413637
4.602999999995942,0.5306850304001736
4.603999999995939,0.5309917121757695
4.604999999995937,0.531296718941935
4.605999999995935,0.5315998269085622
4.606999999995932,0.5318250767469528
4.60799999999593,0.5321244183792789
4.608999999995928,0.532421793185397
4.609999999995925,0.5327170958624879
4.610999999995923,0.5330101362058399
4.611999999995921,0.5333013924698162
4.612999999995918,0.5335906038641063
4.613999999995916,0.5338060506847768
4.614999999995914,0.5340916983349452
4.615999999995911,0.534375423462586
4.616999999995909,0.5346571562511631
4.617999999995907,0.5349367975736341
4.618999999995904,0.5352151409353452
4.619999999995902,0.535422427969093
4.6209999999959,0.5356969089527376
4.621999999995897,0.535969416800793
4.622999999995895,0.5362400572848206
4.623999999995893,0.5365092083276666
4.62499999999589,0.5367760092430452
4.625999999995888,0.5369745202907297
4.626999999995886,0.5372375264276059
4.627999999995883,0.5374983102491646
4.628999999995881,0.5377565384160187
4.629999999995879,0.5380125889256097
4.630999999995876,0.5382666469308115
4.631999999995874,0.5384560523644311
4.632999999995872,0.5387064936193144
4.633999999995869,0.5389548851081272
4.634999999995867,0.5392016675816051
4.635999999995865,0.5394466057298632
4.636999999995862,0.5396887779254865
4.63799999999586,0.5399288547530999
4.638999999995858,0.5401077095928826
4.639999999995855,0.5403440692825148
4.640999999995853,0.5405785921589129
4.641999999995851,0.540810599276183
4.6429999999958484,0.5410406145435909
4.643999999995846,0.5412682102948233
4.644999999995844,0.5414374988101799
4.6459999999958415,0.541661420329182
4.646999999995839,0.5418831583139314
4.647999999995837,0.5421026238293921
4.6489999999958345,0.5423197406211737
4.649999999995832,0.542534971887693
4.65099999999583,0.5426950004419021
4.6519999999958275,0.5429057801349825
4.652999999995825,0.5431147849529498
4.653999999995823,0.5433223227789528
4.6549999999958205,0.5435276891061209
4.655999999995818,0.5437307105808924
4.656999999995816,0.5438807650800215
4.6579999999958135,0.5440794781234521
4.658999999995811,0.544275976033404
4.659999999995809,0.5444701466630757
4.6609999999958065,0.5446619303273885
4.661999999995804,0.5448518953819127
4.662999999995802,0.5450397150330191
4.6639999999957995,0.5451790211755639
4.664999999995797,0.5453630327323484
4.665999999995795,0.5455448416997378
4.6669999999957925,0.5457244627500376
4.66799999999579,0.5459016802284282
4.668999999995788,0.5460771631120988
4.6699999999957855,0.5462071028978225
4.670999999995783,0.5463781710864747
4.671999999995781,0.5465469368648601
4.6729999999957785,0.546713565146203
4.673999999995776,0.5468784189139406
4.674999999995774,0.5470408070615147
4.6759999999957715,0.5471610156779364
4.676999999995769,0.5473197182013734
4.677999999995767,0.5474761649155454
4.6789999999957645,0.5476300469114429
4.679999999995762,0.5477818021379809
4.68099999999576,0.5479315791827901
4.6819999999957576,0.5480428596155102
4.682999999995755,0.5481889895075827
4.683999999995753,0.5483329307261997
4.684999999995751,0.5484749919565741
4.685999999995748,0.5486149872045135
4.686999999995746,0.5487520797958426
4.687999999995744,0.5488868777174168
4.688999999995741,0.5489866444915018
4.689999999995739,0.5491174977067472
4.690999999995737,0.5492464002184189
4.691999999995734,0.549372915734118
4.692999999995732,0.5494975502500477
4.69399999999573,0.5496198587157285
4.694999999995727,0.5497103451821137
4.695999999995725,0.5498293900576293
4.696999999995723,0.549946426239858
4.69799999999572,0.5500613233069214
4.698999999995718,0.550173874980548
4.699999999995716,0.550284549975275
4.700999999995713,0.5503661739130569
4.701999999995711,0.5504724595092163
4.702999999995709,0.5505767912388978
4.703999999995706,0.5506794744565193
4.704999999995704,0.5507799242297254
4.705999999995702,0.5508780233373352
4.706999999995699,0.5509495489897976
4.707999999995697,0.5510435795116507
4.708999999995695,0.5511355863132865
4.709999999995692,0.5512254464314236
4.71099999999569,0.5513132170227519
4.711999999995688,0.5513995481031785
4.712999999995685,0.5514840319387841
4.713999999995683,0.5515459975015728
4.714999999995681,0.5516271024410512
4.715999999995678,0.5517060962661899
4.716999999995676,0.551783082143439
4.717999999995674,0.5518577218292774
4.718999999995671,0.5519305635326311
4.719999999995669,0.5519835714783492
4.720999999995667,0.5520521155182062
4.721999999995664,0.5521184191147507
4.722999999995662,0.5521827020755344
4.72399999999566,0.552245319018901
4.724999999995657,0.5523057379384955
4.725999999995655,0.5523497204415568
4.726999999995653,0.5524072042231736
4.72799999999565,0.55246276038903
4.728999999995648,0.5525160908597755
4.729999999995646,0.5525676753170251
4.730999999995643,0.5526176176242379
4.731999999995641,0.5526543160706879
4.732999999995639,0.552701140222564
4.733999999995636,0.5527459539388501
4.734999999995634,0.5527889408997898
4.735999999995632,0.5528299672560181
4.736999999995629,0.552868284215493
4.737999999995627,0.5529044394093642
4.738999999995625,0.5529303203042191
4.739999999995622,0.552962890223391
4.74099999999562,0.5529937334629961
4.741999999995618,0.5530226300581267
4.742999999995615,0.5530500637695196
4.743999999995613,0.5530755709974102
4.744999999995611,0.5530938028027685
4.745999999995608,0.5531169376755338
4.746999999995606,0.5531385097539403
4.747999999995604,0.5531583393127856
4.748999999995601,0.5531760943450745
4.749999999995599,0.5531922445187368
4.750999999995597,0.5532031611108602
4.751999999995594,0.5532154499471559
4.752999999995592,0.5532258895053679
4.75399999999559,0.5532347889218361
4.754999999995587,0.5532416768680316
4.755999999995585,0.5532464895628091
4.756999999995583,0.5532483771228836
4.75799999999558,0.5532498260803987
4.758999999995578,0.5532496979038107
4.759999999995576,0.5532478602321134
4.760999999995573,0.553244459668152
4.761999999995571,0.5532402081342302
4.762999999995569,0.5532346203290855
4.7639999999955664,0.5532293347885714
4.764999999995564,0.5532211625012347
4.765999999995562,0.5532111890056265
4.7669999999955595,0.5531995967124945
4.767999999995557,0.5531859362511072
4.768999999995555,0.5531706509310633
4.7699999999955525,0.5531577616060093
4.77099999999555,0.5531386947015857
4.771999999995548,0.5531176833619944
4.7729999999955455,0.5530949925847153
4.773999999995543,0.5530709767857884
4.774999999995541,0.5530452364014029
4.7759999999955385,0.553024969452625
4.776999999995536,0.5529973440800381
4.777999999995534,0.5529683069203977
4.7789999999955315,0.5529375603009972
4.779999999995529,0.5529056046249616
4.780999999995527,0.5528724985347903
4.7819999999955245,0.5528472951139847
4.782999999995522,0.5528118771079125
4.78399999999552,0.5527747984429281
4.7849999999955175,0.5527361364038844
4.785999999995515,0.5526958053302419
4.786999999995513,0.5526531361568159
4.7879999999955105,0.552608623783939
4.788999999995508,0.5525742259729781
4.789999999995506,0.5525268028913928
4.7909999999955035,0.5524780598341832
4.791999999995501,0.552427946034785
4.792999999995499,0.5523769260434176
4.7939999999954965,0.5523245239110147
4.794999999995494,0.5522847395671018
4.795999999995492,0.5522310427878748
4.7969999999954895,0.5521763434435857
4.797999999995487,0.5521204141535125
4.798999999995485,0.5520628147699916
4.7999999999954825,0.5520040106469846
4.80099999999548,0.551958981994422
4.801999999995478,0.5518970679090375
4.8029999999954756,0.5518335694561038
4.803999999995473,0.5517688031856549
4.804999999995471,0.5517023954760697
4.805999999995469,0.551634328631105
4.806999999995466,0.551581941980938
4.807999999995464,0.5515114164295765
4.808999999995462,0.5514398656629517
4.809999999995459,0.5513671545435582
4.810999999995457,0.5512934886302173
4.811999999995455,0.5512196192629608
4.812999999995452,0.5511449998558418
4.81399999999545,0.5510882980741012
4.814999999995448,0.5510120272823056
4.815999999995445,0.5509343680436709
4.816999999995443,0.5508555658276755
4.817999999995441,0.5507750806916125
4.818999999995438,0.5506932717679732
4.819999999995436,0.5506307584251147
4.820999999995434,0.550545874783262
4.821999999995431,0.5504594548153664
4.822999999995429,0.5503717969886702
4.823999999995427,0.5502832642988597
4.824999999995424,0.5501935571991879
4.825999999995422,0.5501257172888384
4.82699999999542,0.5500352396716477
4.827999999995417,0.5499439327960846
4.828999999995415,0.549851493712135
4.829999999995413,0.5497584244118936
4.83099999999541,0.5496647436049452
4.831999999995408,0.5495945088869223
4.832999999995406,0.5494994158458982
4.833999999995403,0.5494030867549194
4.834999999995401,0.5493055158984061
4.835999999995399,0.5492066577753855
4.836999999995396,0.5491059087004461
4.837999999995394,0.5490037204581059
4.838999999995392,0.5489263453378185
4.839999999995389,0.5488220521259476
4.840999999995387,0.5487169233198613
4.841999999995385,0.5486110230927321
4.842999999995382,0.5485048047371458
4.84399999999538,0.5483977911869207
4.844999999995378,0.5483174653915023
4.845999999995375,0.5482102446006318
4.846999999995373,0.5481026024036073
4.847999999995371,0.5479942717539333
4.848999999995368,0.5478847290185314
4.849999999995366,0.5477744301917176
4.850999999995364,0.5476910822205174
4.851999999995361,0.5475785046170731
4.852999999995359,0.547464691764698
4.853999999995357,0.5473499688807725
4.854999999995354,0.547234039336205
4.855999999995352,0.5471169217958397
4.85699999999535,0.5470281304958686
4.857999999995347,0.546909502268569
4.858999999995345,0.5467904180335355
4.859999999995343,0.5466707494452614
4.86099999999534,0.546550731938232
4.861999999995338,0.5464311346228461
4.862999999995336,0.5463113728955536
4.863999999995333,0.5462211792340161
4.864999999995331,0.5461007147609535
4.865999999995329,0.5459793142648405
4.866999999995326,0.5458572673598672
4.867999999995324,0.5457339681000475
4.868999999995322,0.545609713387511
4.869999999995319,0.5455156620029049
4.870999999995317,0.5453891151988538
4.871999999995315,0.5452614841956029
4.872999999995312,0.545133088429107
4.87399999999531,0.545004307403367
4.874999999995308,0.5448749081137344
4.875999999995305,0.5447776866375453
4.876999999995303,0.5446485712760933
4.877999999995301,0.5445192103929417
4.878999999995298,0.5443892936818862
4.879999999995296,0.5442593084170148
4.880999999995294,0.544129242048888
4.881999999995291,0.5440320954991377
4.882999999995289,0.5439015163013454
4.883999999995287,0.5437701508839533
4.8849999999952844,0.5436379354999004
4.885999999995282,0.5435048548057967
4.88699999999528,0.5433703535831264
4.8879999999952775,0.5432348503556499
4.888999999995275,0.5431327900853149
4.889999999995273,0.5429960222213397
4.8909999999952705,0.5428589244820252
4.891999999995268,0.5427216209308399
4.892999999995266,0.5425845629467478
4.8939999999952635,0.5424472852610711
4.894999999995261,0.5423446451383402
4.895999999995259,0.5422081676496016
4.8969999999952565,0.542071822940982
4.897999999995254,0.5419353155756367
4.898999999995252,0.5417980663097155
4.8999999999952495,0.5416605173274927
4.900999999995247,0.5415570377025711
4.901999999995245,0.5414180482642288
4.9029999999952425,0.5412782171291792
4.90399999999524,0.5411378778067116
4.904999999995238,0.5409967880564197
4.9059999999952355,0.540854991942632
4.906999999995233,0.5407480434413832
4.907999999995231,0.5406056472987975
4.9089999999952285,0.5404633356780304
4.909999999995226,0.5403209965957448
4.910999999995224,0.5401788682023365
4.9119999999952215,0.5400377167300069
4.912999999995219,0.5398969448741553
4.913999999995217,0.5397913398738983
4.9149999999952145,0.5396507622356506
4.915999999995212,0.5395097051394824
4.91699999999521,0.5393684828860281
4.9179999999952075,0.5392264497898789
4.918999999995205,0.5390838624915857
4.919999999995203,0.5389763620992855
4.9209999999952005,0.5388322783902871
4.921999999995198,0.5386875693650753
4.922999999995196,0.5385425626467732
4.9239999999951936,0.5383976600364817
4.924999999995191,0.5382526620218941
4.925999999995189,0.5381440892145624
4.926999999995187,0.5380003019880106
4.927999999995184,0.5378568145805831
4.928999999995182,0.5377133086684251
4.92999999999518,0.5375702425662464
4.930999999995177,0.5374275822444005
4.931999999995175,0.5373213220454984
4.932999999995173,0.5371789878173053
4.93399999999517,0.5370363096077876
4.934999999995168,0.5368931908394979
4.935999999995166,0.5367496360031916
4.936999999995163,0.5366051213103696
4.937999999995161,0.5364600417307833
4.938999999995159,0.5363510987139499
4.939999999995156,0.5362055686784218
4.940999999995154,0.5360601988839078
4.941999999995152,0.5359151202520195
4.942999999995149,0.5357707901145804
4.943999999995147,0.5356267664442
4.944999999995145,0.5355193938956011
4.945999999995142,0.5353770355665886
4.94699999999514,0.5352353009791476
4.947999999995138,0.5350938784782006
4.948999999995135,0.5349521615107841
4.949999999995133,0.5348105748070555
4.950999999995131,0.5347043548186311
4.951999999995128,0.5345621139113771
4.952999999995126,0.5344194353412397
4.953999999995124,0.5342766598331323
4.954999999995121,0.5341335771859028
4.955999999995119,0.5339902455830552
4.956999999995117,0.5338824449653174
4.957999999995114,0.5337393263080137
4.958999999995112,0.5335967681620774
4.95999999999511,0.5334546820425139
4.960999999995107,0.5333132833769662
4.961999999995105,0.5331733153985274
4.962999999995103,0.5330341917173712
4.9639999999951,0.5329301251285824
4.964999999995098,0.5327919746811467
4.965999999995096,0.5326537670819623
4.966999999995093,0.5325158228046777
4.967999999995091,0.5323774828155757
4.968999999995089,0.5322389846752101
4.969999999995086,0.5321348315055724
4.970999999995084,0.5319955814228808
4.971999999995082,0.5318561343868642
4.972999999995079,0.531716814072066
4.973999999995077,0.5315780475395483
4.974999999995075,0.531439637485338
4.975999999995072,0.5313362896632143
4.97699999999507,0.5311998265550247
4.977999999995068,0.5310641283685584
4.978999999995065,0.5309288677584041
4.979999999995063,0.5307944614552389
4.980999999995061,0.5306608629795977
4.981999999995058,0.5305616591437112
4.982999999995056,0.5304290913819358
4.983999999995054,0.5302965715794015
4.984999999995051,0.5301639942114912
4.985999999995049,0.5300313744246989
4.986999999995047,0.5298982045419572
4.987999999995044,0.5297648653827576
4.988999999995042,0.5296649974639506
4.98999999999504,0.5295319231873994
4.990999999995037,0.5293994397180162
4.991999999995035,0.5292676369956948
4.992999999995033,0.5291369832376511
4.99399999999503,0.5290070674377645
4.994999999995028,0.5289105189426009
4.995999999995026,0.5287829171884166
4.996999999995023,0.5286563208284205
4.997999999995021,0.52853041335339
4.998999999995019,0.5284045865962217
4.999999999995016,0.5282792453140538
5.000999999995014,0.5281854478183702
5.001999999995012,0.5280601033123649
5.002999999995009,0.5279346850662228
5.003999999995007,0.5278095398931006
5.004999999995005,0.527684469844575
5.0059999999950024,0.5275595367552809
5.006999999995,0.527465756330668
5.007999999994998,0.5273416734270517
5.0089999999949955,0.5272185168501918
5.009999999994993,0.5270962250059387
5.010999999994991,0.5269749682388293
5.0119999999949885,0.5268554481931303
5.012999999994986,0.5267371085347201
5.013999999994984,0.5266488539882149
5.0149999999949815,0.5265320586422152
5.015999999994979,0.5264155385048525
5.016999999994977,0.5262996045697855
5.0179999999949745,0.5261836084531604
5.018999999994972,0.5260677870678689
5.01999999999497,0.5259808663210479
5.0209999999949675,0.5258648920916233
5.021999999994965,0.5257490646175021
5.022999999994963,0.5256336935959707
5.0239999999949605,0.5255192312902693
5.024999999994958,0.5254054559553711
5.025999999994956,0.5253207738185842
5.0269999999949535,0.5252094113788314
5.027999999994951,0.5250991443777778
5.028999999994949,0.5249896346753616
5.0299999999949465,0.5248812474444566
5.030999999994944,0.5247739308636545
5.031999999994942,0.524694593576425
5.0329999999949395,0.5245887794491881
5.033999999994937,0.5244832951216154
5.034999999994935,0.524378045806798
5.0359999999949325,0.5242730505501753
5.03699999999493,0.5241678057312377
5.037999999994928,0.5240626861177249
5.0389999999949255,0.5239841829878362
5.039999999994923,0.5238798432455907
5.040999999994921,0.5237764054506957
5.0419999999949185,0.5236738811715003
5.042999999994916,0.5235727514091794
5.043999999994914,0.5234726394171905
5.0449999999949116,0.5233985707336668
5.045999999994909,0.5233011167964848
5.046999999994907,0.5232048848213567
5.047999999994905,0.5231095629746046
5.048999999994902,0.5230145610427439
5.0499999999949,0.5229202629910789
5.050999999994898,0.5228498965191085
5.051999999994895,0.5227560042812464
5.052999999994893,0.522662292747253
5.053999999994891,0.5225691136692926
5.054999999994888,0.5224762666849201
5.055999999994886,0.5223838088425482
5.056999999994884,0.5223144959563069
5.057999999994881,0.522223251809055
5.058999999994879,0.5221331345302972
5.059999999994877,0.5220441090198646
5.060999999994874,0.5219562847299635
5.061999999994872,0.5218703077867051
5.06299999999487,0.5217856647747396
5.063999999994867,0.5217227902711047
5.064999999994865,0.5216399549028337
5.065999999994863,0.5215575719175503
5.06699999999486,0.5214759327617069
5.067999999994858,0.5213944175505411
5.068999999994856,0.5213132749567985
5.069999999994853,0.5212524901362233
5.070999999994851,0.5211715346280592
5.071999999994849,0.521090918948495
5.072999999994846,0.5210109324099741
5.073999999994844,0.5209320494906887
5.074999999994842,0.5208540062819017
5.075999999994839,0.5207961864176579
5.076999999994837,0.5207206718894192
5.077999999994835,0.5206463925848239
5.078999999994832,0.5205729981306757
5.07999999999483,0.5205007973782874
5.080999999994828,0.5204297380815572
5.081999999994825,0.5203776149463869
5.082999999994823,0.5203082008740625
5.083999999994821,0.5202392264678507
5.084999999994818,0.5201706194016076
5.085999999994816,0.5201023992978367
5.086999999994814,0.5200340591391948
5.087999999994811,0.5199659724334159
5.088999999994809,0.5199153310217841
5.089999999994807,0.5198482306083559
5.090999999994804,0.5197821610295286
5.091999999994802,0.5197170350979896
5.0929999999948,0.5196533462702351
5.093999999994797,0.5195907512215078
5.094999999994795,0.5195448055054213
5.095999999994793,0.5194848380253483
5.09699999999479,0.5194260988951481
5.097999999994788,0.519368288313796
5.098999999994786,0.5193108443249552
5.099999999994783,0.5192541317937606
5.100999999994781,0.5192119783347495
5.101999999994779,0.5191557466640179
5.102999999994776,0.5190997731591828
5.103999999994774,0.5190444129082041
5.104999999994772,0.5189894558882916
5.105999999994769,0.5189349489848476
5.106999999994767,0.5188940751884393
5.107999999994765,0.5188407888452916
5.108999999994762,0.518788620691257
5.10999999999476,0.5187375589501599
5.110999999994758,0.5186876472733465
5.111999999994755,0.5186394712294969
5.112999999994753,0.5185925662156113
5.113999999994751,0.5185579612588146
5.114999999994748,0.5185127555817322
5.115999999994746,0.5184679765868954
5.116999999994744,0.5184238946196691
5.117999999994741,0.5183799262192849
5.118999999994739,0.5183363349412723
5.119999999994737,0.5183037104553174
5.120999999994734,0.518260300285876
5.121999999994732,0.5182172209622771
5.12299999999473,0.5181747395408273
5.123999999994727,0.5181333471772684
5.124999999994725,0.5180927330596267
5.125999999994723,0.5180629051404317
5.1269999999947204,0.5180245502977419
5.127999999994718,0.5179873493811319
5.128999999994716,0.5179509406330672
5.1299999999947135,0.5179155798570068
5.130999999994711,0.5178812176718917
5.131999999994709,0.5178564987871941
5.1329999999947065,0.5178235555489559
5.133999999994704,0.5177909572896926
5.134999999994702,0.5177586549965331
5.1359999999946995,0.5177266695450745
5.136999999994697,0.5176944886224857
5.137999999994695,0.5176624838482858
5.1389999999946925,0.5176388515601775
5.13999999999469,0.517607669964707
5.140999999994688,0.517577430905889
5.1419999999946855,0.517547949974335
5.142999999994683,0.5175197315711929
5.143999999994681,0.5174924623282803
5.1449999999946785,0.5174728550177381
5.145999999994676,0.5174478086633048
5.146999999994674,0.5174237834511156
5.1479999999946715,0.517400496937053
5.148999999994669,0.5173774151278459
5.149999999994667,0.5173548886242573
5.1509999999946645,0.5173382661307427
5.151999999994662,0.5173159423577824
5.15299999999466,0.5172937470515288
5.1539999999946575,0.5172720361650054
5.154999999994655,0.5172505912532509
5.155999999994653,0.5172294471935861
5.1569999999946505,0.5172134384582474
5.157999999994648,0.5171931536573228
5.158999999994646,0.5171737676440107
5.1599999999946435,0.517155287575925
5.160999999994641,0.5171376999091513
5.161999999994639,0.5171215364457546
5.1629999999946365,0.5171063808076769
5.163999999994634,0.5170954211167792
5.164999999994632,0.5170815110083535
5.1659999999946296,0.517067802214264
5.166999999994627,0.5170545524934262
5.167999999994625,0.5170412109940817
5.168999999994623,0.5170280487773516
5.16999999999462,0.517018114037104
5.170999999994618,0.5170047815208638
5.171999999994616,0.5169915669024427
5.172999999994613,0.5169787173198076
5.173999999994611,0.516966733274083
5.174999999994609,0.5169552665714989
5.175999999994606,0.5169470942022449
5.176999999994604,0.516937290762318
5.177999999994602,0.5169283638256513
5.178999999994599,0.5169199448472701
5.179999999994597,0.5169122489181732
5.180999999994595,0.5169052321045154
5.181999999994592,0.5169007975691052
5.18299999999459,0.5168946694699886
5.183999999994588,0.5168886141830483
5.184999999994585,0.5168825959227714
5.185999999994583,0.516876641188116
5.186999999994581,0.5168702360402961
5.187999999994578,0.516863743273613
5.188999999994576,0.5168590659248583
5.189999999994574,0.5168529053062283
5.190999999994571,0.5168474060391941
5.191999999994569,0.5168423095453101
5.192999999994567,0.516838129150961
5.193999999994564,0.5168345771378502
5.194999999994562,0.5168325011652428
5.19599999999456,0.5168305009678107
5.196999999994557,0.5168291613892513
5.197999999994555,0.5168282208767541
5.198999999994553,0.516827164093087
5.19999999999455,0.5168263351067242
5.200999999994548,0.5168257799740821
5.201999999994546,0.5168246179155821
5.202999999994543,0.5168232840052932
5.203999999994541,0.51682213170286
5.204999999994539,0.516820942648529
5.205999999994536,0.5168197409429179
5.206999999994534,0.5168184421002989
5.207999999994532,0.5168174707365205
5.208999999994529,0.5168170301292954
5.209999999994527,0.5168171422218136
5.210999999994525,0.5168177567894693
5.211999999994522,0.516819369722198
5.21299999999452,0.5168216074086887
5.213999999994518,0.5168234454816657
5.214999999994515,0.5168262705794529
5.215999999994513,0.5168289436086664
5.216999999994511,0.5168317268019603
5.217999999994508,0.5168340880536675
5.218999999994506,0.5168362903092016
5.219999999994504,0.5168376641860993
5.220999999994501,0.5168391199867259
5.221999999994499,0.5168403443323474
5.222999999994497,0.5168415691942108
5.223999999994494,0.5168432964532035
5.224999999994492,0.5168451609786511
5.22599999999449,0.5168467159838467
5.226999999994487,0.5168494876335799
5.227999999994485,0.5168527522475386
5.228999999994483,0.5168561426402641
5.22999999999448,0.5168598522570965
5.230999999994478,0.516863845167163
5.231999999994476,0.516867410035284
5.232999999994473,0.5168716348952413
5.233999999994471,0.5168755767165295
5.234999999994469,0.5168791956141061
5.235999999994466,0.5168825302435449
5.236999999994464,0.5168850727866104
5.237999999994462,0.5168871652869594
5.238999999994459,0.5168886795876286
5.239999999994457,0.5168904451985112
5.240999999994455,0.5168924902450373
5.241999999994452,0.5168945189971358
5.24299999999445,0.516897051334905
5.243999999994448,0.5168998215822603
5.244999999994445,0.5169022071511641
5.245999999994443,0.5169057969287824
5.246999999994441,0.5169096513590584
5.2479999999944384,0.516913531616208
5.248999999994436,0.5169169271913958
5.249999999994434,0.5169201846454612
5.2509999999944315,0.5169224659614925
5.251999999994429,0.5169247972721143
5.252999999994427,0.5169265900791997
5.2539999999944245,0.5169281915565667
5.254999999994422,0.5169293954772789
5.25599999999442,0.5169302180891747
5.2569999999944175,0.5169301792417286
5.257999999994415,0.5169305382318226
5.258999999994413,0.5169310291473352
5.2599999999944105,0.5169316858040016
5.260999999994408,0.5169324473877482
5.261999999994406,0.5169337975759606
5.2629999999944035,0.516935397684941
5.263999999994401,0.5169365149600607
5.264999999994399,0.5169380658379772
5.2659999999943965,0.5169391086885463
5.266999999994394,0.5169399306892795
5.267999999994392,0.5169399998227117
5.2689999999943895,0.516939552578292
5.269999999994387,0.5169387236299011
5.270999999994385,0.5169369453466034
5.2719999999943825,0.5169345738844816
5.27299999999438,0.516931830544678
5.273999999994378,0.5169292114875145
5.2749999999943755,0.5169263584770918
5.275999999994373,0.5169241244296408
5.276999999994371,0.5169214955524012
5.2779999999943685,0.5169190026886998
5.278999999994366,0.5169162896396965
5.279999999994364,0.5169135484837468
5.2809999999943615,0.5169107538897769
5.281999999994359,0.516909027544744
5.282999999994357,0.5169059202657788
5.2839999999943545,0.5169022241166011
5.284999999994352,0.5168978771002226
5.28599999999435,0.5168929361482832
5.2869999999943476,0.5168869084389929
5.287999999994345,0.5168801019119799
5.288999999994343,0.5168747148620711
5.289999999994341,0.516866988459392
5.290999999994338,0.5168591935516219
5.291999999994336,0.5168510352645824
5.292999999994334,0.5168430373095962
5.293999999994331,0.5168349541214894
5.294999999994329,0.5168289857211376
5.295999999994327,0.5168211674104549
5.296999999994324,0.5168133203897167
5.297999999994322,0.5168052286488233
5.29899999999432,0.5167963741398194
5.299999999994317,0.5167871135185876
5.300999999994315,0.5167798444507674
5.301999999994313,0.5167692456162264
5.30299999999431,0.5167578135061781
5.303999999994308,0.5167458855637664
5.304999999994306,0.5167332781433898
5.305999999994303,0.5167200024801288
5.306999999994301,0.5167092082197542
5.307999999994299,0.5166949487665106
5.308999999994296,0.5166805267817348
5.309999999994294,0.5166659867284092
5.310999999994292,0.5166512798768147
5.311999999994289,0.5166368991506418
5.312999999994287,0.5166225333960985
5.313999999994285,0.5166115264903925
5.314999999994282,0.5165967274991824
5.31599999999428,0.5165811968080132
5.316999999994278,0.5165652630502229
5.317999999994275,0.5165483779850417
5.318999999994273,0.516530737482901
5.319999999994271,0.5165168846405233
5.320999999994268,0.51649755419566
5.321999999994266,0.5164773929545771
5.322999999994264,0.5164566134657139
5.323999999994261,0.5164357015089234
5.324999999994259,0.5164143239646531
5.325999999994257,0.5163980485137034
5.326999999994254,0.5163765024029642
5.327999999994252,0.5163548900443483
5.32899999999425,0.5163328742048793
5.329999999994247,0.516310660333749
5.330999999994245,0.5162882357859122
5.331999999994243,0.5162717174840646
5.33299999999424,0.5162487575413862
5.333999999994238,0.516225075714303
5.334999999994236,0.5162005761976212
5.335999999994233,0.5161753371721158
5.336999999994231,0.5161488873195208
5.337999999994229,0.5161214904248337
5.338999999994226,0.5161005390421202
5.339999999994224,0.5160719160027528
5.340999999994222,0.516043037925455
5.341999999994219,0.5160136361421302
5.342999999994217,0.5159842353868456
5.343999999994215,0.5159546102241981
5.344999999994212,0.5159324064686331
5.34599999999421,0.5159028513566168
5.346999999994208,0.5158731821210948
5.347999999994205,0.5158432039319628
5.348999999994203,0.5158123855061564
5.349999999994201,0.5157810969654785
5.350999999994198,0.5157572799718555
5.351999999994196,0.5157246033498233
5.352999999994194,0.5156909884023642
5.353999999994191,0.5156567606060859
5.354999999994189,0.5156217632254338
5.355999999994187,0.5155860038491602
5.356999999994184,0.5155583047050531
5.357999999994182,0.5155213979796703
5.35899999999418,0.5154842392637499
5.359999999994177,0.5154468840673514
5.360999999994175,0.5154093069241616
5.361999999994173,0.5153720214142953
5.36299999999417,0.5153347393057154
5.363999999994168,0.5153065446259973
5.364999999994166,0.5152688424152068
5.365999999994163,0.515230407372277
5.366999999994161,0.5151916153965129
5.367999999994159,0.5151518944408165
5.3689999999941564,0.5151113953580493
5.369999999994154,0.5150804143845712
5.370999999994152,0.5150382491220978
5.3719999999941495,0.5149952338031069
5.372999999994147,0.5149515706816091
5.373999999994145,0.5149077340824927
5.3749999999941425,0.5148634217821322
5.37599999999414,0.5148299468303645
5.376999999994138,0.5147854786793875
5.3779999999941355,0.5147409697186317
5.378999999994133,0.5146961051700079
5.379999999994131,0.514651107847149
5.3809999999941285,0.5146059785454508
5.381999999994126,0.5145725196007284
5.382999999994124,0.5145270484089299
5.3839999999941215,0.5144809562034383
5.384999999994119,0.5144341127057396
5.385999999994117,0.5143866154989514
5.3869999999941145,0.5143380162510045
5.387999999994112,0.5142885319527466
5.38899999999411,0.5142510465589779
5.3899999999941075,0.5142004345154115
5.390999999994105,0.5141496115603755
5.391999999994103,0.5140983390037132
5.3929999999941005,0.514047140292535
5.393999999994098,0.5139958116364495
5.394999999994096,0.5139574061996168
5.3959999999940935,0.5139063640318977
5.396999999994091,0.5138553596140748
5.397999999994089,0.5138042162798621
5.3989999999940865,0.5137523929492843
5.399999999994084,0.5137002707751266
5.400999999994082,0.5136609549355969
5.4019999999940795,0.51360780424118
5.402999999994077,0.5135538485355426
5.403999999994075,0.5134994009606242
5.4049999999940725,0.513444327884884
5.40599999999407,0.5133886326869667
5.406999999994068,0.5133460913244833
5.4079999999940656,0.5132894941140945
5.408999999994063,0.5132327858619624
5.409999999994061,0.5131760346151056
5.410999999994059,0.5131192340075797
5.411999999994056,0.5130629153349778
5.412999999994054,0.5130068126081895
5.413999999994052,0.512964652331383
5.414999999994049,0.5129085368695322
5.415999999994047,0.5128519177528573
5.416999999994045,0.5127952101453647
5.417999999994042,0.5127378225381239
5.41899999999404,0.5126798682170958
5.419999999994038,0.5126359601659923
5.420999999994035,0.5125767600515606
5.421999999994033,0.5125169220864996
5.422999999994031,0.5124566341046779
5.423999999994028,0.5123963616544014
5.424999999994026,0.5123358247887901
5.425999999994024,0.5122903240587661
5.426999999994021,0.5122300152033722
5.427999999994019,0.5121699069050425
5.428999999994017,0.512109704546607
5.429999999994014,0.5120496401937074
5.430999999994012,0.5119897269733229
5.43199999999401,0.5119453923161794
5.432999999994007,0.5118856847676335
5.433999999994005,0.5118256641537849
5.434999999994003,0.5117651767301009
5.435999999994,0.511704333035661
5.436999999993998,0.511642703514061
5.437999999993996,0.5115804648629455
5.438999999993993,0.511533588805801
5.439999999993991,0.511470692652379
5.440999999993989,0.5114078437275145
5.441999999993986,0.5113448148311154
5.442999999993984,0.5112821269205328
5.443999999993982,0.5112195998835829
5.444999999993979,0.5111729889030325
5.445999999993977,0.511111274961971
5.446999999993975,0.5110499286655166
5.447999999993972,0.5109887878906993
5.44899999999397,0.510927313284216
5.449999999993968,0.510865889355988
5.450999999993965,0.510819837566755
5.451999999993963,0.5107580464712892
5.452999999993961,0.5106957817099624
5.453999999993958,0.5106333457698033
5.454999999993956,0.5105706174273457
5.455999999993954,0.5105075938762599
5.456999999993951,0.5104597738333647
5.457999999993949,0.5103964036906589
5.458999999993947,0.5103332342594509
5.459999999993944,0.5102703478727041
5.460999999993942,0.5102077397048275
5.46199999999394,0.5101459425547294
5.462999999993937,0.5100847155739182
5.463999999993935,0.5100389575740042
5.464999999993933,0.5099783699049869
5.46599999999393,0.509917660262415
5.466999999993928,0.5098572633309327
5.467999999993926,0.5097965832417035
5.468999999993923,0.5097357128316625
5.469999999993921,0.5096898788937292
5.470999999993919,0.5096284458843374
5.471999999993916,0.5095667463217963
5.472999999993914,0.5095049489379678
5.473999999993912,0.5094435159028924
5.474999999993909,0.5093821700540556
5.475999999993907,0.5093362865820099
5.476999999993905,0.5092757549750261
5.477999999993902,0.5092157903757992
5.4789999999939,0.5091561111534896
5.479999999993898,0.509096941593283
5.480999999993895,0.5090383043933033
5.481999999993893,0.508995184065034
5.482999999993891,0.5089374614203538
5.483999999993888,0.5088798376966375
5.484999999993886,0.508822154808909
5.485999999993884,0.5087645272348786
5.486999999993881,0.5087065358538745
5.487999999993879,0.5086483311778809
5.488999999993877,0.5086047377053654
5.4899999999938744,0.5085465503395136
5.490999999993872,0.5084887885270638
5.49199999999387,0.5084312034331114
5.4929999999938675,0.5083743137041304
5.493999999993865,0.5083179643946447
5.494999999993863,0.5082762182037961
5.4959999999938605,0.5082213076157479
5.496999999993858,0.5081671497290429
5.497999999993856,0.5081135937799992
5.4989999999938535,0.5080601178732186
5.499999999993851,0.5080070995585878
5.500999999993849,0.5079676258969544
5.5019999999938465,0.5079149870560549
5.502999999993844,0.5078622932857677
5.503999999993842,0.5078098396682861
5.5049999999938395,0.5077575035800685
5.505999999993837,0.5077052737216476
5.506999999993835,0.5076657934095744
5.5079999999938325,0.5076138759772216
5.50899999999383,0.5075625231741
5.509999999993828,0.5075118328172045
5.5109999999938255,0.5074617775226893
5.511999999993823,0.5074128681722051
5.512999999993821,0.5073648939609118
5.5139999999938185,0.5073293291316472
5.514999999993816,0.5072826577876397
5.515999999993814,0.5072362687320177
5.5169999999938115,0.5071905911188458
5.517999999993809,0.5071450455639139
5.518999999993807,0.5070997257198178
5.5199999999938045,0.5070658278881154
5.520999999993802,0.5070206680688564
5.5219999999938,0.5069756461037079
5.5229999999937975,0.5069309084722757
5.523999999993795,0.5068869201417727
5.524999999993793,0.5068433836932016
5.5259999999937905,0.5068110768295628
5.526999999993788,0.5067689105895078
5.527999999993786,0.5067276714977677
5.5289999999937836,0.5066870816113402
5.529999999993781,0.5066473379145924
5.530999999993779,0.5066084692228472
5.531999999993777,0.5065803849186481
5.532999999993774,0.5065430581886465
5.533999999993772,0.5065062107175079
5.53499999999377,0.5064697010700296
5.535999999993767,0.5064336389447156
5.536999999993765,0.5063976061863213
5.537999999993763,0.5063617445308841
5.53899999999376,0.5063351603954552
5.539999999993758,0.5062999652533273
5.540999999993756,0.5062655633710073
5.541999999993753,0.506231649063776
5.542999999993751,0.5061987399815985
5.543999999993749,0.506166706557477
5.544999999993746,0.5061433788237035
5.545999999993744,0.5061132740795935
5.546999999993742,0.5060842263155683
5.547999999993739,0.5060560942712264
5.548999999993737,0.5060283883866358
5.549999999993735,0.506001469794214
5.550999999993732,0.5059817901710698
5.55199999999373,0.5059558470642407
5.552999999993728,0.5059302209840609
5.553999999993725,0.5059052033543826
5.554999999993723,0.5058806578013838
5.555999999993721,0.5058565629259587
5.556999999993718,0.5058383699037043
5.557999999993716,0.5058151209380988
5.558999999993714,0.5057927235843681
5.559999999993711,0.5057712912517521
5.560999999993709,0.5057507522074299
5.561999999993707,0.5057315732388307
5.562999999993704,0.5057135783421879
5.563999999993702,0.5057006748200921
5.5649999999937,0.5056844348873336
5.565999999993697,0.5056687748227348
5.566999999993695,0.5056540959355541
5.567999999993693,0.5056398550666389
5.56899999999369,0.5056261654029238
5.569999999993688,0.5056161918226912
5.570999999993686,0.5056032018810597
5.571999999993683,0.5055906589027773
5.572999999993681,0.5055786867175568
5.573999999993679,0.5055677578617509
5.574999999993676,0.505557536089718
5.575999999993674,0.5055503523598598
5.576999999993672,0.5055418213350392
5.577999999993669,0.505534451236073
5.578999999993667,0.5055279597618999
5.579999999993665,0.5055225015568443
5.580999999993662,0.5055181086170525
5.58199999999366,0.5055159725325105
5.582999999993658,0.5055134691459265
5.583999999993655,0.5055116785119416
5.584999999993653,0.5055104921549529
5.585999999993651,0.5055100090626498
5.586999999993648,0.5055098045405709
5.587999999993646,0.5055100268975025
5.588999999993644,0.5055106744112859
5.589999999993641,0.50551198355386
5.590999999993639,0.5055143261913612
5.591999999993637,0.5055173148109883
5.592999999993634,0.5055214677986483
5.593999999993632,0.5055266796245764
5.59499999999363,0.5055313531308998
5.595999999993627,0.5055386776243296
5.596999999993625,0.5055471844561085
5.597999999993623,0.5055567416755167
5.59899999999362,0.5055669016491368
5.599999999993618,0.5055780034396148
5.600999999993616,0.5055869405913489
5.601999999993613,0.5055992957870955
5.602999999993611,0.5056121861702007
5.603999999993609,0.5056259024666099
5.604999999993606,0.5056402872528013
5.605999999993604,0.505655308691248
5.606999999993602,0.5056665221675897
5.607999999993599,0.5056826300375841
5.608999999993597,0.5056997072047755
5.609999999993595,0.5057178814617976
5.6109999999935924,0.505737024543998
5.61199999999359,0.5057575455590428
5.612999999993588,0.5057793058961265
5.6139999999935855,0.5057962666056196
5.614999999993583,0.5058198885240629
5.615999999993581,0.5058441985196941
5.6169999999935785,0.5058695569592973
5.617999999993576,0.5058954694791905
5.618999999993574,0.505922079559861
5.6199999999935715,0.5059424079663741
5.620999999993569,0.5059699316088426
5.621999999993567,0.5059980305014721
5.6229999999935645,0.5060268082364787
5.623999999993562,0.5060567466261203
5.62499999999356,0.5060874622193596
5.6259999999935575,0.5061109925090335
5.626999999993555,0.5061433753419509
5.627999999993553,0.5061769583765473
5.6289999999935505,0.5062114506927026
5.629999999993548,0.5062469588184539
5.630999999993546,0.5062835163372171
5.6319999999935435,0.5063120402819319
5.632999999993541,0.5063504654016182
5.633999999993539,0.5063896327712246
5.6349999999935365,0.506429473954368
5.635999999993534,0.506470075397382
5.636999999993532,0.5065110024207191
5.6379999999935295,0.5065524188752857
5.638999999993527,0.5065840030929863
5.639999999993525,0.5066265874326971
5.6409999999935225,0.506670253148479
5.64199999999352,0.5067145238607236
5.642999999993518,0.5067599199091056
5.6439999999935155,0.506806356962976
5.644999999993513,0.5068418811909329
5.645999999993511,0.5068902534198346
5.6469999999935085,0.5069397227840937
5.647999999993506,0.5069901677508921
5.648999999993504,0.5070411844143526
5.6499999999935016,0.507093089297676
5.650999999993499,0.5071325926391854
5.651999999993497,0.507185659554278
5.652999999993495,0.5072392781274055
5.653999999993492,0.5072937396346118
5.65499999999349,0.5073488649810882
5.655999999993488,0.5074046128613172
5.656999999993485,0.5074463083255696
5.657999999993483,0.5075030322064847
5.658999999993481,0.5075606440526353
5.659999999993478,0.5076192835244085
5.660999999993476,0.5076787665471388
5.661999999993474,0.5077394431867674
5.662999999993471,0.5078012113220268
5.663999999993469,0.5078480898028588
5.664999999993467,0.5079114675822445
5.665999999993464,0.5079754365494489
5.666999999993462,0.5080403151233372
5.66799999999346,0.5081056598852214
5.668999999993457,0.5081716449830123
5.669999999993455,0.5082214480686671
5.670999999993453,0.5082882063630172
5.67199999999345,0.5083554662319713
5.672999999993448,0.5084233154479332
5.673999999993446,0.5084922431395258
5.674999999993443,0.5085618222879948
5.675999999993441,0.5086143850608563
5.676999999993439,0.5086852735440143
5.677999999993436,0.5087572051262146
5.678999999993434,0.5088298805870309
5.679999999993432,0.5089033629665248
5.680999999993429,0.5089776872720412
5.681999999993427,0.50903435976257
5.682999999993425,0.5091101912963406
5.683999999993422,0.5091866006153387
5.68499999999342,0.5092635558788504
5.685999999993418,0.5093411332744643
5.686999999993415,0.5094188894063549
5.687999999993413,0.5094970044330183
5.688999999993411,0.509556024932953
5.689999999993408,0.5096350529342316
5.690999999993406,0.5097150172192074
5.691999999993404,0.5097953646397614
5.692999999993401,0.5098766173975292
5.693999999993399,0.5099587082786566
5.694999999993397,0.5100207909609183
5.695999999993394,0.5101043368322921
5.696999999993392,0.510188718104158
5.69799999999339,0.5102738252065134
5.698999999993387,0.5103592918553026
5.699999999993385,0.5104454163550245
5.700999999993383,0.5105104329679565
5.70199999999338,0.5105973204113359
5.702999999993378,0.5106845899800071
5.703999999993376,0.5107725328466204
5.704999999993373,0.5108609538998004
5.705999999993371,0.5109498043562238
5.706999999993369,0.5110161573395322
5.707999999993366,0.5111055737131623
5.708999999993364,0.5111956294386308
5.709999999993362,0.5112864724339226
5.710999999993359,0.5113778752599596
5.711999999993357,0.5114701390655005
5.712999999993355,0.5115631934821063
5.713999999993352,0.5116333453283549
5.71499999999335,0.5117274894712395
5.715999999993348,0.5118219665954615
5.716999999993345,0.5119170632298181
5.717999999993343,0.5120123788448561
5.718999999993341,0.5121081091567533
5.719999999993338,0.5121800600118078
5.720999999993336,0.5122761431299007
5.721999999993334,0.5123724902133957
5.722999999993331,0.5124691784825718
5.723999999993329,0.5125666993296302
5.724999999993327,0.5126645958896544
5.725999999993324,0.5127381913392188
5.726999999993322,0.5128368092588765
5.72799999999332,0.5129361697985634
5.728999999993317,0.513035969434474
5.729999999993315,0.5131362404905965
5.730999999993313,0.5132370201167565
5.7319999999933104,0.5133132861356656
5.732999999993308,0.5134149940594671
5.733999999993306,0.5135169826256947
5.7349999999933035,0.513619244470797
5.735999999993301,0.5137218509204253
5.736999999993299,0.5138243551949416
5.7379999999932965,0.5139269471935671
5.738999999993294,0.5140041427673099
5.739999999993292,0.5141071510524496
5.7409999999932895,0.5142108092842722
5.741999999993287,0.5143145143068988
5.742999999993285,0.5144187884288226
5.7439999999932825,0.5145235766551889
5.74499999999328,0.5146024370052001
5.745999999993278,0.5147080314078063
5.7469999999932755,0.5148140998895013
5.747999999993273,0.5149205458502868
5.748999999993271,0.5150270285359319
5.7499999999932685,0.5151338354433476
5.750999999993266,0.5152141466046135
5.751999999993264,0.5153211434888761
5.7529999999932615,0.5154282286432113
5.753999999993259,0.5155356910813449
5.754999999993257,0.5156433297083913
5.7559999999932545,0.515751090851422
5.756999999993252,0.5158314019009984
5.75799999999325,0.5159391435289363
5.7589999999932475,0.5160471805869448
5.759999999993245,0.5161556649825062
5.760999999993243,0.5162643457020424
5.7619999999932405,0.5163734926365723
5.762999999993238,0.5164830592843848
5.763999999993236,0.5165653553339752
5.7649999999932335,0.516675370706233
5.765999999993231,0.5167853777559929
5.766999999993229,0.5168956483934378
5.7679999999932265,0.5170058096752421
5.768999999993224,0.5171160636525587
5.769999999993222,0.5171986929100593
5.7709999999932196,0.5173087334168104
5.771999999993217,0.5174187104088337
5.772999999993215,0.5175286955706132
5.773999999993213,0.5176391758288369
5.77499999999321,0.5177496839574698
5.775999999993208,0.5178324969217056
5.776999999993206,0.5179430583724236
5.777999999993203,0.5180540001550433
5.778999999993201,0.5181650202697808
5.779999999993199,0.5182761370289943
5.780999999993196,0.5183873905484675
5.781999999993194,0.5184712552545125
5.782999999993192,0.518582795406101
5.783999999993189,0.5186942705514687
5.784999999993187,0.5188056808291115
5.785999999993185,0.5189170996427788
5.786999999993182,0.5190280846823914
5.78799999999318,0.5191388243985288
5.788999999993178,0.5192219049327729
5.789999999993175,0.5193324618830768
5.790999999993173,0.5194433196892645
5.791999999993171,0.5195538589869729
5.792999999993168,0.5196645989980833
5.793999999993166,0.5197754918648371
5.794999999993164,0.519858680626698
5.795999999993161,0.5199697181153268
5.796999999993159,0.52008085802504
5.797999999993157,0.5201920165210796
5.798999999993154,0.5203028633943275
5.799999999993152,0.5204136836022869
5.80099999999315,0.5204967786513852
5.801999999993147,0.5206071951517531
5.802999999993145,0.5207173621551066
5.803999999993143,0.520827563874827
5.80499999999314,0.5209376050194424
5.805999999993138,0.5210474297646103
5.806999999993136,0.521129064848756
5.807999999993133,0.5212382563523051
5.808999999993131,0.5213473876906415
5.809999999993129,0.5214566104838665
5.810999999993126,0.5215656717805436
5.811999999993124,0.5216748302395452
5.812999999993122,0.521784053673104
5.813999999993119,0.5218658606839399
5.814999999993117,0.5219749215515036
5.815999999993115,0.522083633451968
5.816999999993112,0.5221922731875034
5.81799999999311,0.5223004770971461
5.818999999993108,0.5224084364495375
5.819999999993105,0.5224891317841225
5.820999999993103,0.5225963097351188
5.821999999993101,0.5227030887540116
5.822999999993098,0.5228095389372155
5.823999999993096,0.5229161360331246
5.824999999993094,0.5230224227670963
5.825999999993091,0.5231018467471857
5.826999999993089,0.52320758357288
5.827999999993087,0.5233133586124639
5.828999999993084,0.5234188771724932
5.829999999993082,0.5235241597952051
5.83099999999308,0.5236292499038921
5.831999999993077,0.5237082804923154
5.832999999993075,0.5238130951348937
5.833999999993073,0.5239175301821921
5.83499999999307,0.5240215757177655
5.835999999993068,0.5241253140240458
5.836999999993066,0.5242283157213357
5.837999999993063,0.5243307552975559
5.838999999993061,0.5244073937741349
5.839999999993059,0.52450908642767
5.840999999993056,0.5246107465234355
5.841999999993054,0.5247117713923559
5.842999999993052,0.5248126732588486
5.843999999993049,0.5249134069143423
5.844999999993047,0.5249887712151259
5.845999999993045,0.5250891070341615
5.846999999993042,0.5251892388553581
5.84799999999304,0.5252890940561408
5.848999999993038,0.5253883383678686
5.849999999993035,0.525487261312285
5.850999999993033,0.5255612465389943
5.851999999993031,0.525659279848267
5.8529999999930284,0.5257567561278781
5.853999999993026,0.5258539523069676
5.854999999993024,0.5259506898557886
5.8559999999930215,0.5260469132736201
5.856999999993019,0.5261181713181731
5.857999999993017,0.5262132457642044
5.8589999999930145,0.526307963732775
5.859999999993012,0.5264024730147231
5.86099999999301,0.5264965374433986
5.8619999999930075,0.5265904222503512
5.862999999993005,0.5266841001950262
5.863999999993003,0.5267540692422451
5.8649999999930005,0.5268471189092845
5.865999999992998,0.5269395467886175
5.866999999992996,0.527031651797321
5.8679999999929935,0.5271230623600784
5.868999999992991,0.5272139437535857
5.869999999992989,0.5272816624404905
5.8709999999929865,0.5273713085878216
5.871999999992984,0.5274602798079661
5.872999999992982,0.5275486470524732
5.8739999999929795,0.5276368696344478
5.874999999992977,0.5277245172690758
5.875999999992975,0.5277897972349919
5.8769999999929725,0.5278764607969667
5.87799999999297,0.52796290268771
5.878999999992968,0.5280488399715118
5.8799999999929655,0.5281343079162987
5.880999999992963,0.5282193529203343
5.881999999992961,0.5282832173293622
5.8829999999929585,0.5283676017938977
5.883999999992956,0.5284513800242426
5.884999999992954,0.5285345174343492
5.8859999999929515,0.5286171104558991
5.886999999992949,0.5286987499361633
5.887999999992947,0.5287795854183135
5.8889999999929445,0.5288398523187893
5.889999999992942,0.5289195137701544
5.89099999999294,0.5289988843116171
5.8919999999929376,0.5290774038344229
5.892999999992935,0.5291555738852665
5.893999999992933,0.5292333487582231
5.894999999992931,0.5292913648150542
5.895999999992928,0.5293684002696801
5.896999999992926,0.5294450378490128
5.897999999992924,0.5295212136125967
5.898999999992921,0.5295965776601891
5.899999999992919,0.5296714286828514
5.900999999992917,0.5297272423767665
5.901999999992914,0.5298009053542143
5.902999999992912,0.5298737863202321
5.90399999999291,0.5299461530620744
5.904999999992907,0.530017851984534
5.905999999992905,0.5300888298037194
5.906999999992903,0.5301410524697868
5.9079999999929,0.5302105442028797
5.908999999992898,0.5302794870607818
5.909999999992896,0.5303480228353906
5.910999999992893,0.5304159449481627
5.911999999992891,0.5304835377864846
5.912999999992889,0.5305507715846629
5.913999999992886,0.5306008063729276
5.914999999992884,0.5306671550278649
5.915999999992882,0.530732716652384
5.916999999992879,0.530797824118553
5.917999999992877,0.5308620848792178
5.918999999992875,0.5309256274649744
5.919999999992872,0.5309727438438171
5.92099999999287,0.5310347797254626
5.921999999992868,0.5310959653391116
5.922999999992865,0.5311563733669423
5.923999999992863,0.5312164437594359
5.924999999992861,0.5312757844691886
5.925999999992858,0.5313197481358943
5.926999999992856,0.5313778893890637
5.927999999992854,0.5314356646374365
5.928999999992851,0.5314928052820873
5.929999999992849,0.5315493683982547
5.930999999992847,0.5316054025029964
5.931999999992844,0.5316474671294347
5.932999999992842,0.5317026753637151
5.93399999999284,0.5317571664461193
5.934999999992837,0.5318108716181373
5.935999999992835,0.5318639043591098
5.936999999992833,0.5319158806272977
5.93799999999283,0.5319669174476818
5.938999999992828,0.5320047370124238
5.939999999992826,0.5320543635122068
5.940999999992823,0.5321035481724024
5.941999999992821,0.5321517888530978
5.942999999992819,0.5321995738143852
5.943999999992816,0.5322468555422468
5.944999999992814,0.5322819585087577
5.945999999992812,0.5323283867531171
5.946999999992809,0.5323743519648644
5.947999999992807,0.5324197960164152
5.948999999992805,0.5324643464292358
5.949999999992802,0.5325083126538448
5.9509999999928,0.5325409249372761
5.951999999992798,0.5325836192289644
5.952999999992795,0.5326254146000593
5.953999999992793,0.5326665686502398
5.954999999992791,0.5327069570594718
5.955999999992788,0.5327465298950815
5.956999999992786,0.5327751796601373
5.957999999992784,0.5328131375841608
5.958999999992781,0.5328504738477968
5.959999999992779,0.5328873237858428
5.960999999992777,0.5329235161814609
5.961999999992774,0.5329593606966393
5.962999999992772,0.532994820599758
5.96399999999277,0.5330210069088012
5.964999999992767,0.5330555451229505
5.965999999992765,0.5330892503070315
5.966999999992763,0.5331224943747052
5.96799999999276,0.533154856494297
5.968999999992758,0.5331864232748493
5.969999999992756,0.5332095363479414
5.970999999992753,0.533239527097034
5.971999999992751,0.5332686066572183
5.972999999992749,0.5332968489731426
5.9739999999927464,0.5333246742748621
5.974999999992744,0.5333517333499452
5.975999999992742,0.533371479867965
5.9769999999927395,0.5333973419144279
5.977999999992737,0.5334228146374087
5.978999999992735,0.5334476445044299
5.9799999999927325,0.5334719118552498
5.98099999999273,0.5334956662434439
5.981999999992728,0.5335135627538042
5.9829999999927255,0.5335365396927766
5.983999999992723,0.5335588053429454
5.984999999992721,0.5335802531391379
5.9859999999927185,0.5336010139069337
5.986999999992716,0.5336207306318167
5.987999999992714,0.5336394844650314
5.9889999999927115,0.5336530680832883
5.989999999992709,0.5336703740406846
5.990999999992707,0.5336872009823791
5.9919999999927045,0.5337031089320495
5.992999999992702,0.5337185718092001
5.9939999999927,0.533733540906619
5.9949999999926975,0.5337444447152413
5.995999999992695,0.5337586544170072
5.996999999992693,0.5337724547343987
5.9979999999926905,0.5337857907595576
5.998999999992688,0.5337982655652451
5.999999999992686,0.5338101981091871
6.0009999999926835,0.5338188212562494
6.001999999992681,0.5338295956843271
6.002999999992679,0.5338394636390804
6.0039999999926765,0.5338486722914031
6.004999999992674,0.5338571269677134
6.005999999992672,0.5338647814434587
6.0069999999926695,0.5338695462687045
6.007999999992667,0.5338756519670109
6.008999999992665,0.5338811743018635
6.0099999999926625,0.5338862433548653
6.01099999999266,0.5338907224008586
6.011999999992658,0.5338949462072659
6.0129999999926556,0.5338988700283145
6.013999999992653,0.5339014592669532
6.014999999992651,0.5339046162301909
6.015999999992649,0.5339070022823217
6.016999999992646,0.5339090268573579
6.017999999992644,0.5339102395359289
6.018999999992642,0.5339106853211537
6.019999999992639,0.5339105049794214
6.020999999992637,0.5339094881331693
6.021999999992635,0.5339076047756984
6.022999999992632,0.5339049287016768
6.02399999999263,0.5339018623452181
6.024999999992628,0.5338980977453159
6.025999999992625,0.5338947882280367
6.026999999992623,0.5338900084879127
6.027999999992621,0.5338849209775131
6.028999999992618,0.5338792864231253
6.029999999992616,0.5338732050554847
6.030999999992614,0.5338667264148207
6.031999999992611,0.5338620527769322
6.032999999992609,0.5338550176899897
6.033999999992607,0.5338473750397762
6.034999999992604,0.5338389822941233
6.035999999992602,0.5338299856256534
6.0369999999926,0.5338200541036726
6.037999999992597,0.5338092337880437
6.038999999992595,0.5338006787165824
6.039999999992593,0.5337885444894432
6.04099999999259,0.5337759938693737
6.041999999992588,0.5337626433229624
6.042999999992586,0.5337489529757249
6.043999999992583,0.5337348751405975
6.044999999992581,0.5337240884959014
6.045999999992579,0.5337095030690296
6.046999999992576,0.533694652920307
6.047999999992574,0.533679484445614
6.048999999992572,0.5336635789520331
6.049999999992569,0.5336472614390525
6.050999999992567,0.5336347900203696
6.051999999992565,0.5336175791664118
6.052999999992562,0.5335995466552286
6.05399999999256,0.5335809296874919
6.054999999992558,0.5335616602288497
6.055999999992555,0.5335416954659475
6.056999999992553,0.5335258531770078
6.057999999992551,0.5335045576821541
6.058999999992548,0.5334828030351818
6.059999999992546,0.533460716531641
6.060999999992544,0.5334381897663034
6.061999999992541,0.5334155772701338
6.062999999992539,0.5333928282528625
6.063999999992537,0.5333755208032217
6.064999999992534,0.5333522962888383
6.065999999992532,0.5333284444702817
6.06699999999253,0.5333044054074378
6.067999999992527,0.5332797030257086
6.068999999992525,0.53325434558461
6.069999999992523,0.5332349111594497
6.07099999999252,0.5332083414951085
6.071999999992518,0.5331810312348869
6.072999999992516,0.5331530521395614
6.073999999992513,0.5331247924227104
6.074999999992511,0.5330959789610907
6.075999999992509,0.5330739910006128
6.076999999992506,0.5330444634060837
6.077999999992504,0.5330147844532179
6.078999999992502,0.5329847271840781
6.079999999992499,0.532954404863197
6.080999999992497,0.5329238661318783
6.081999999992495,0.532901288043134
6.082999999992492,0.5328705247187316
6.08399999999249,0.5328393240876337
6.084999999992488,0.5328075137773474
6.085999999992485,0.5327752516772736
6.086999999992483,0.5327422297485646
6.087999999992481,0.5327084631682224
6.088999999992478,0.532682788074072
6.089999999992476,0.5326479633487189
6.090999999992474,0.5326128573745209
6.091999999992471,0.5325771300411715
6.092999999992469,0.5325412295076669
6.093999999992467,0.5325051122888946
6.0949999999924644,0.5324779250978853
6.095999999992462,0.532441643185388
6.09699999999246,0.5324052947915002
6.0979999999924575,0.5323688265152394
6.098999999992455,0.5323318039287324
6.099999999992453,0.5322945532584314
6.1009999999924505,0.5322665085294208
6.101999999992448,0.5322287172618386
6.102999999992446,0.532190252779411
6.1039999999924435,0.5321513433204907
6.104999999992441,0.5321119421638292
6.105999999992439,0.5320720091750734
6.1069999999924365,0.5320413269266986
6.107999999992434,0.5320003736540448
6.108999999992432,0.5319591370644492
6.1099999999924295,0.5319177447801194
6.110999999992427,0.5318761070847678
6.111999999992425,0.5318345894031823
6.1129999999924225,0.5317931389902315
6.11399999999242,0.5317619412678212
6.114999999992418,0.5317203759231013
6.1159999999924155,0.5316783732165695
6.116999999992413,0.5316363934453799
6.117999999992411,0.5315939425848673
6.1189999999924085,0.5315510000941254
6.119999999992406,0.5315185032615213
6.120999999992404,0.5314746760550647
6.1219999999924015,0.5314302822853273
6.122999999992399,0.5313853897815819
6.123999999992397,0.5313403769620582
6.1249999999923945,0.5312949961231012
6.125999999992392,0.5312607124304966
6.12699999999239,0.5312149687019434
6.1279999999923875,0.5311692680713213
6.128999999992385,0.5311233932299548
6.129999999992383,0.5310774617162851
6.1309999999923805,0.5310315205693962
6.131999999992378,0.5309975388747087
6.132999999992376,0.5309517462218746
6.1339999999923736,0.5309057160245693
6.134999999992371,0.5308592548377973
6.135999999992369,0.5308125278503711
6.136999999992367,0.5307652453710935
6.137999999992364,0.5307173982122296
6.138999999992362,0.5306812775552592
6.13999999999236,0.5306326888675836
6.140999999992357,0.5305839922988381
6.141999999992355,0.5305348741150834
6.142999999992353,0.530485773078727
6.14399999999235,0.5304366532981382
6.144999999992348,0.5303998508188892
6.145999999992346,0.5303509297897873
6.146999999992343,0.5303021538958981
6.147999999992341,0.5302534695912696
6.148999999992339,0.5302044345216214
6.149999999992336,0.5301553709098453
6.150999999992334,0.5301186013921058
6.151999999992332,0.5300693700918219
6.152999999992329,0.5300196429543917
6.153999999992327,0.5299696406201518
6.154999999992325,0.5299193312970408
6.155999999992322,0.5298686766046808
6.15699999999232,0.529830092795624
6.157999999992318,0.5297787556104948
6.158999999992315,0.5297273253204912
6.159999999992313,0.5296759329509997
6.160999999992311,0.5296244964099188
6.161999999992308,0.5295733815038016
6.162999999992306,0.5295225386019718
6.163999999992304,0.5294844341114905
6.164999999992301,0.5294338371401076
6.165999999992299,0.5293830013021833
6.166999999992297,0.5293323954031601
6.167999999992294,0.5292815171169227
6.168999999992292,0.5292303264073372
6.16999999999229,0.5291917735025146
6.170999999992287,0.5291400385976078
6.171999999992285,0.5290879230320492
6.172999999992283,0.5290354891595039
6.17399999999228,0.5289831100333077
6.174999999992278,0.5289305529227301
6.175999999992276,0.5288910136089614
6.176999999992273,0.5288384279288082
6.177999999992271,0.5287860799267898
6.178999999992269,0.5287337589769276
6.179999999992266,0.5286815778537253
6.180999999992264,0.52862958145007
6.181999999992262,0.528591188183254
6.182999999992259,0.5285396871699761
6.183999999992257,0.5284881406666352
6.184999999992255,0.5284363437393095
6.185999999992252,0.5283844645297401
6.18699999999225,0.5283322267723572
6.187999999992248,0.5282796044002155
6.188999999992245,0.5282400186011388
6.189999999992243,0.5281869690902506
6.190999999992241,0.5281339871283373
6.191999999992238,0.5280807676867612
6.192999999992236,0.5280277428380534
6.193999999992234,0.5279748871692482
6.194999999992231,0.5279354025366022
6.195999999992229,0.5278830644595925
6.196999999992227,0.5278310589269188
6.197999999992224,0.5277793325029478
6.198999999992222,0.5277274428612179
6.19999999999222,0.527675703477457
6.200999999992217,0.5276370466588418
6.201999999992215,0.5275854692041719
6.202999999992213,0.5275335665839972
6.20399999999221,0.5274815533184666
6.204999999992208,0.5274294063411914
6.205999999992206,0.5273770881087007
6.206999999992203,0.5273373768864542
6.207999999992201,0.5272846792272154
6.208999999992199,0.5272320576758963
6.209999999992196,0.5271796490916641
6.210999999992194,0.5271273685016545
6.211999999992192,0.527075571863851
6.212999999992189,0.5270242175968368
6.213999999992187,0.5269858454198072
6.214999999992185,0.5269350364760618
6.2159999999921824,0.5268841602938995
6.21699999999218,0.5268336832674326
6.217999999992178,0.5267831044586868
6.2189999999921755,0.5267323732633892
6.219999999992173,0.5266942762827812
6.220999999992171,0.526643294568817
6.2219999999921685,0.5265920953589566
6.222999999992166,0.5265407345690745
6.223999999992164,0.5264895835313793
6.2249999999921615,0.5264384148922597
6.225999999992159,0.5264000185075491
6.226999999992157,0.5263490811295624
6.2279999999921545,0.5262985418056145
6.228999999992152,0.5262481937887465
6.22999999999215,0.5261981373212793
6.2309999999921475,0.5261484147865707
6.231999999992145,0.5261118180625719
6.232999999992143,0.5260628547632595
6.2339999999921405,0.5260139977170387
6.234999999992138,0.5259650391520644
6.235999999992136,0.5259161466460305
6.2369999999921335,0.525867052961129
6.237999999992131,0.525817722208622
6.238999999992129,0.5257807008437325
6.2399999999921265,0.5257311979561321
6.240999999992124,0.5256819067074214
6.241999999992122,0.5256325155985601
6.2429999999921195,0.5255834523061276
6.243999999992117,0.5255347037399327
6.244999999992115,0.5254983827615433
6.2459999999921125,0.5254503739322376
6.24699999999211,0.5254028304777904
6.247999999992108,0.5253556998024178
6.2489999999921055,0.525308546286417
6.249999999992103,0.5252616712077308
6.250999999992101,0.5252267475624823
6.2519999999920985,0.5251802698425121
6.252999999992096,0.5251335992494661
6.253999999992094,0.5250869455062361
6.2549999999920916,0.5250402892997968
6.255999999992089,0.524993593143991
6.256999999992087,0.5249581814316081
6.257999999992085,0.5249113229034326
6.258999999992082,0.5248646596028539
6.25999999999208,0.5248183355771144
6.260999999992078,0.5247722547990448
6.261999999992075,0.52472675520464
6.262999999992073,0.524681807180258
6.263999999992071,0.524648315665716
6.264999999992068,0.5246041042961961
6.265999999992066,0.5245599422897361
6.266999999992064,0.524516285421981
6.267999999992061,0.5244726421811148
6.268999999992059,0.5244289584277149
6.269999999992057,0.5243962219677195
6.270999999992054,0.5243524873120837
6.271999999992052,0.5243086474944063
6.27299999999205,0.5242647516862176
6.273999999992047,0.5242211717207287
6.274999999992045,0.5241776784425302
6.275999999992043,0.5241450992116392
6.27699999999204,0.5241019819083902
6.277999999992038,0.5240593627772218
6.278999999992036,0.5240170368024881
6.279999999992033,0.523975086519255
6.280999999992031,0.5239335517277295
6.281999999992029,0.5239031360984703
6.282999999992026,0.5238625031835601
6.283999999992024,0.523822064868124
6.284999999992022,0.5237816168559808
6.285999999992019,0.52374132404805
6.286999999992017,0.5237009250882038
6.287999999992015,0.5236603796543002
6.288999999992012,0.5236300057477898
6.28999999999201,0.5235894412627126
6.290999999992008,0.5235491756321536
6.291999999992005,0.5235088806536832
6.292999999992003,0.5234689810812841
6.293999999992001,0.5234294766894578
6.294999999991998,0.5234001239273037
6.295999999991996,0.5233614532761272
6.296999999991994,0.5233233077070082
6.297999999991991,0.5232856365951699
6.298999999991989,0.5232480154561906
6.299999999991987,0.5232107318296455
6.300999999991984,0.5231830406745613
6.301999999991982,0.5231462657424116
6.30299999999198,0.5231093696933599
6.303999999991977,0.5230725583895036
6.304999999991975,0.5230358132591073
6.305999999991973,0.5229990962942463
6.30699999999197,0.5229712048601912
6.307999999991968,0.5229344245773331
6.308999999991966,0.522897890557165
6.309999999991963,0.5228617541346778
6.310999999991961,0.5228259036858152
6.311999999991959,0.5227906543798356
6.312999999991956,0.5227559909428611
6.313999999991954,0.522730239544647
6.314999999991952,0.5226963727935715
6.315999999991949,0.5226626012915386
6.316999999991947,0.5226293660647923
6.317999999991945,0.5225961902076405
6.318999999991942,0.5225630201637645
6.31999999999194,0.522538198368045
6.320999999991938,0.5225050574988728
6.321999999991935,0.5224718568265824
6.322999999991933,0.5224386390496868
6.323999999991931,0.52240577694976
6.324999999991928,0.5223730358192579
6.325999999991926,0.522348533285046
6.326999999991924,0.5223161815753664
6.327999999991921,0.5222843551132735
6.328999999991919,0.5222528495516748
6.329999999991917,0.522221727994986
6.330999999991914,0.5221910280327641
6.331999999991912,0.5221687265191282
6.33299999999191,0.5221389382786714
6.333999999991907,0.5221093609444052
6.334999999991905,0.5220797968746111
6.335999999991903,0.5220504078792944
6.3369999999919004,0.5220209370439528
6.337999999991898,0.521991342490998
6.338999999991896,0.5219691951689703
6.3399999999918935,0.5219396141356623
6.340999999991891,0.5219103502002241
6.341999999991889,0.5218810545153896
6.3429999999918865,0.521852149349582
6.343999999991884,0.5218236466263754
6.344999999991882,0.5218025305222423
6.3459999999918795,0.5217748236087353
6.346999999991877,0.52174762587441
6.347999999991875,0.5217208901306897
6.3489999999918725,0.5216942048429978
6.34999999999187,0.5216678444567829
6.350999999991868,0.5216483377052453
6.3519999999918655,0.521622471802541
6.352999999991863,0.5215964888654613
6.353999999991861,0.5215705913198809
6.3549999999918585,0.5215447605588958
6.355999999991856,0.5215189576853805
6.356999999991854,0.5214992414388478
6.3579999999918515,0.5214733517052336
6.358999999991849,0.5214476888442026
6.359999999991847,0.5214224104239283
6.3609999999918445,0.5213973888295784
6.361999999991842,0.5213729157910746
6.36299999999184,0.5213489910555781
6.3639999999918375,0.5213312728258038
6.364999999991835,0.5213080800898207
6.365999999991833,0.5212849589105846
6.3669999999918305,0.521262335988823
6.367999999991828,0.5212397508596157
6.368999999991826,0.5212171514679169
6.3699999999918235,0.5212002433450217
6.370999999991821,0.5211776374292663
6.371999999991819,0.5211549505837829
6.3729999999918165,0.5211322196721945
6.373999999991814,0.5211098171368203
6.374999999991812,0.5210875026099484
6.3759999999918096,0.5210707885543902
6.376999999991807,0.5210487593557281
6.377999999991805,0.5210272138061226
6.378999999991803,0.5210059484541611
6.3799999999918,0.5209850088097601
6.380999999991798,0.5209644311636203
6.381999999991796,0.5209496673561719
6.382999999991793,0.5209298980426957
6.383999999991791,0.5209102928620232
6.384999999991789,0.5208906608702532
6.385999999991786,0.5208711619816204
6.386999999991784,0.5208515440607767
6.387999999991782,0.5208317638243296
6.388999999991779,0.5208169493984394
6.389999999991777,0.520797106670869
6.390999999991775,0.520777535749031
6.391999999991772,0.5207578693720908
6.39299999999177,0.5207385267261296
6.393999999991768,0.5207195302288145
6.394999999991765,0.5207054896039549
6.395999999991763,0.5206871459547228
6.396999999991761,0.5206692353593376
6.397999999991758,0.5206517157128469
6.398999999991756,0.5206341879298654
6.399999999991754,0.5206169159649904
6.400999999991751,0.520604181319784
6.401999999991749,0.5205872936843471
6.402999999991747,0.520570236383248
6.403999999991744,0.5205532083393304
6.404999999991742,0.5205361920977419
6.40599999999174,0.5205191476862407
6.406999999991737,0.520505955750123
6.407999999991735,0.5204887047021347
6.408999999991733,0.5204716059638672
6.40999999999173,0.5204548214801595
6.410999999991728,0.520438210905526
6.411999999991726,0.5204220455835546
6.412999999991723,0.5204063394857533
6.413999999991721,0.5203947302503731
6.414999999991719,0.52037960378608
6.415999999991716,0.5203644745762144
6.416999999991714,0.5203497593150942
6.417999999991712,0.5203350128126281
6.418999999991709,0.5203201827833234
6.419999999991707,0.5203090569915317
6.420999999991705,0.5202941033438004
6.421999999991702,0.5202789995232213
6.4229999999917,0.520263777267231
6.423999999991698,0.520248806127031
6.424999999991695,0.5202338429054263
6.425999999991693,0.5202225817799662
6.426999999991691,0.5202077248513417
6.427999999991688,0.5201932630206101
6.428999999991686,0.520178995096965
6.429999999991684,0.5201649535883608
6.430999999991681,0.5201511748583614
6.431999999991679,0.5201414343462816
6.432999999991677,0.5201282951567472
6.433999999991674,0.5201152356847509
6.434999999991672,0.5201020694014198
6.43599999999167,0.5200889566139311
6.436999999991667,0.5200756517036093
6.437999999991665,0.5200621079110301
6.438999999991663,0.5200519169091384
6.43999999999166,0.5200381675759107
6.440999999991658,0.5200246040253466
6.441999999991656,0.5200108473181779
6.442999999991653,0.519997312155402
6.443999999991651,0.519984029358557
6.444999999991649,0.5199742000059054
6.445999999991646,0.5199613747550844
6.446999999991644,0.5199488765770042
6.447999999991642,0.5199366700000561
6.448999999991639,0.51992436642849
6.449999999991637,0.5199122231175121
6.450999999991635,0.5199032747423956
6.451999999991632,0.5198913641794685
6.45299999999163,0.5198792017178967
6.453999999991628,0.5198669823767104
6.454999999991625,0.5198546922120653
6.455999999991623,0.5198422901120728
6.456999999991621,0.5198325221243648
6.4579999999916184,0.5198197495345824
6.458999999991616,0.519807029348753
6.459999999991614,0.5197945257540666
6.4609999999916115,0.5197820911196162
6.461999999991609,0.5197699818372937
6.462999999991607,0.5197582243206107
6.4639999999916045,0.5197495094284733
6.464999999991602,0.5197381505198323
6.4659999999916,0.519726696393808
6.4669999999915975,0.5197155601991384
6.467999999991595,0.5197043089415346
6.468999999991593,0.5196928869754255
6.4699999999915905,0.5196842637668158
6.470999999991588,0.5196725764954544
6.471999999991586,0.5196606536348696
6.4729999999915835,0.519648522281274
6.473999999991581,0.5196365460946086
6.474999999991579,0.519624483338852
6.4759999999915765,0.5196153303542822
6.476999999991574,0.5196031811759632
6.477999999991572,0.5195913254275796
6.4789999999915695,0.519579566165052
6.479999999991567,0.5195679286592058
6.480999999991565,0.5195564508943888
6.4819999999915625,0.5195483632266337
6.48299999999156,0.5195373545779141
6.483999999991558,0.5195263388601149
6.4849999999915555,0.5195151307437543
6.485999999991553,0.5195038934596721
6.486999999991551,0.5194923902689227
6.4879999999915485,0.5194805677750671
6.488999999991546,0.5194716103895801
6.489999999991544,0.5194594325038815
6.4909999999915415,0.5194473478517195
6.491999999991539,0.5194349742254067
6.492999999991537,0.5194227200573432
6.4939999999915345,0.5194106226099537
6.494999999991532,0.5194016127157558
6.49599999999153,0.5193897896740772
6.4969999999915276,0.5193781950357859
6.497999999991525,0.519366801056654
6.498999999991523,0.519355227363669
6.499999999991521,0.5193437283332755
6.500999999991518,0.5193352108783658
6.501999999991516,0.5193238156710128
6.502999999991514,0.519312092274375
6.503999999991511,0.519300231308418
6.504999999991509,0.5192882247609597
6.505999999991507,0.5192760303667836
6.506999999991504,0.519266370970084
6.507999999991502,0.5192536614576783
6.5089999999915,0.5192409151515673
6.509999999991497,0.5192282966383305
6.510999999991495,0.5192156565814737
6.511999999991493,0.5192032422420025
6.51299999999149,0.5191910903555974
6.513999999991488,0.5191820248165253
6.514999999991486,0.5191701259304876
6.515999999991483,0.519158057625085
6.516999999991481,0.5191462357029
6.517999999991479,0.5191342358890222
6.518999999991476,0.5191219962292314
6.519999999991474,0.5191127209325613
6.520999999991472,0.5191001119087392
6.521999999991469,0.5190872016533996
6.522999999991467,0.5190740126955429
6.523999999991465,0.5190609003019575
6.524999999991462,0.5190476281248244
6.52599999999146,0.5190375174834789
6.526999999991458,0.5190240145414995
6.527999999991455,0.5190107262010955
6.528999999991453,0.5189974616402011
6.529999999991451,0.5189842439133567
6.530999999991448,0.5189711139359391
6.531999999991446,0.5189617394276564
6.532999999991444,0.5189489670068277
6.533999999991441,0.5189361326590519
6.534999999991439,0.5189230496527936
6.535999999991437,0.5189098859661485
6.536999999991434,0.5188964157609396
6.537999999991432,0.5188825761779164
6.53899999999143,0.5188720681584321
6.539999999991427,0.5188577767485887
6.540999999991425,0.5188435144929824
6.541999999991423,0.5188289028464224
6.54299999999142,0.5188143423452982
6.543999999991418,0.518799875331711
6.544999999991416,0.5187890445598596
6.545999999991413,0.5187747377288596
6.546999999991411,0.5187606005345466
6.547999999991409,0.5187466132894101
6.548999999991406,0.5187324023574968
6.549999999991404,0.5187182218831583
6.550999999991402,0.5187076691417957
6.551999999991399,0.5186935396079515
6.552999999991397,0.5186790440689947
6.553999999991395,0.5186643683997602
6.554999999991392,0.518649511918133
6.55599999999139,0.518634431188412
6.556999999991388,0.5186225897223713
6.557999999991385,0.5186069228630396
6.558999999991383,0.5185911716350741
6.559999999991381,0.5185754999353906
6.560999999991378,0.5185597604532602
6.561999999991376,0.5185441955007682
6.562999999991374,0.5185288503197913
6.563999999991371,0.5185173661387232
6.564999999991369,0.5185022126859935
6.565999999991367,0.5184868626293881
6.566999999991364,0.5184717380595724
6.567999999991362,0.5184564210264122
6.56899999999136,0.5184408418999342
6.569999999991357,0.5184290554072307
6.570999999991355,0.5184130877318889
6.571999999991353,0.5183968011076088
6.57299999999135,0.5183802131577777
6.573999999991348,0.5183636695431718
6.574999999991346,0.5183469412905143
6.575999999991343,0.5183342213219341
6.576999999991341,0.5183172094649878
6.577999999991339,0.5183003827766334
6.5789999999913364,0.5182835576263312
6.579999999991334,0.5182667575058221
6.580999999991332,0.5182500269406263
6.5819999999913295,0.5182379419501878
6.582999999991327,0.5182215539281292
6.583999999991325,0.5182051031264733
6.5849999999913225,0.5181884006292913
6.58599999999132,0.5181716195479046
6.586999999991318,0.518154545772294
6.5879999999913155,0.5181371057622015
6.588999999991313,0.5181238948397635
6.589999999991311,0.5181060001792724
6.5909999999913085,0.5180881232637488
6.591999999991306,0.5180698921984781
6.592999999991304,0.518051698658916
6.5939999999913015,0.5180335895655901
6.594999999991299,0.5180200210695722
6.595999999991297,0.5180020576719822
6.5969999999912945,0.5179842625468061
6.597999999991292,0.5179666235056616
6.59899999999129,0.517948773633291
6.5999999999912875,0.5179309674784598
6.600999999991285,0.5179177090601421
6.601999999991283,0.5179000019820256
6.6029999999912805,0.5178819480935343
6.603999999991278,0.5178637285033065
6.604999999991276,0.5178453495448161
6.6059999999912735,0.517826766576311
6.606999999991271,0.5178123193324564
6.607999999991269,0.5177931802996422
6.6089999999912665,0.5177739665649778
6.609999999991264,0.5177548412235252
6.610999999991262,0.5177356596207205
6.6119999999912595,0.5177166602831166
6.612999999991257,0.5176978959117802
6.613999999991255,0.517683862317109
6.6149999999912525,0.5176653306045419
6.61599999999125,0.5176466336767438
6.616999999991248,0.517628199562153
6.6179999999912456,0.517609616303979
6.618999999991243,0.5175908075804689
6.619999999991241,0.517576630334883
6.620999999991239,0.5175575151102401
6.621999999991236,0.5175381220082923
6.622999999991234,0.5175184631875113
6.623999999991232,0.5174988751584941
6.624999999991229,0.5174791355637224
6.625999999991227,0.5174641778373946
6.626999999991225,0.5174442036077568
6.627999999991222,0.5174244430373527
6.62899999999122,0.5174047195440724
6.629999999991218,0.5173850565680447
6.630999999991215,0.5173655020790476
6.631999999991213,0.5173513255273487
6.632999999991211,0.5173321978054042
6.633999999991208,0.5173130630403725
6.634999999991206,0.5172937316534673
6.635999999991204,0.5172743805916215
6.636999999991201,0.5172548066693003
6.637999999991199,0.5172349267549603
6.638999999991197,0.517219921706183
6.639999999991194,0.5171996847344141
6.640999999991192,0.5171795121671807
6.64199999999119,0.5171590368367176
6.642999999991187,0.5171386415710503
6.643999999991185,0.5171183782020802
6.644999999991183,0.517103223726187
6.64599999999118,0.517083186638213
6.646999999991178,0.5170633708227105
6.647999999991176,0.5170437702841869
6.648999999991173,0.5170240263749253
6.649999999991171,0.5170043925102396
6.650999999991169,0.5169898108426751
6.651999999991166,0.5169704138411211
6.652999999991164,0.5169507446594209
6.653999999991162,0.5169309800061304
6.654999999991159,0.5169111311415924
6.655999999991157,0.5168911521924411
6.656999999991155,0.5168757119271684
6.657999999991152,0.5168552999019689
6.65899999999115,0.5168348755463714
6.659999999991148,0.5168146019360493
6.660999999991145,0.5167943344878427
6.661999999991143,0.5167743058115881
6.662999999991141,0.5167545759537114
6.663999999991138,0.5167398656447718
6.664999999991136,0.516720493319392
6.665999999991134,0.5167010366511912
6.666999999991131,0.5166819252329333
6.667999999991129,0.5166627550233139
6.668999999991127,0.5166434462544158
6.669999999991124,0.5166289558015495
6.670999999991122,0.5166095043934406
6.67199999999112,0.5165898652435733
6.672999999991117,0.5165700445701645
6.673999999991115,0.5165503717016616
6.674999999991113,0.5165306276041557
6.67599999999111,0.5165157167756798
6.676999999991108,0.5164958639616872
6.677999999991106,0.5164762994807612
6.678999999991103,0.5164568524665949
6.679999999991101,0.5164375430026258
6.680999999991099,0.5164184215505246
6.681999999991096,0.5164046186095205
6.682999999991094,0.5163860753464229
6.683999999991092,0.5163676201711735
6.684999999991089,0.5163490663107235
6.685999999991087,0.5163305918963064
6.686999999991085,0.5163120023635446
6.687999999991082,0.5162932082861394
6.68899999999108,0.5162790817062358
6.689999999991078,0.5162601007017356
6.690999999991075,0.5162412742184225
6.691999999991073,0.5162222337737566
6.692999999991071,0.5162033543501008
6.693999999991068,0.5161846935671355
6.694999999991066,0.5161707927698966
6.695999999991064,0.5161524968112216
6.696999999991061,0.5161345077706943
6.697999999991059,0.5161168241555554
6.698999999991057,0.5160990982101337
6.6999999999910544,0.5160815790709972
6.700999999991052,0.5160686493391448
6.70199999999105,0.5160515519216041
6.7029999999910475,0.5160342918976826
6.703999999991045,0.5160170422641455
6.704999999991043,0.5159998159120301
6.7059999999910405,0.5159825657695012
6.706999999991038,0.5159692427333654
6.707999999991036,0.5159517357839772
6.7089999999910335,0.5159343092442394
6.709999999991031,0.5159171274884989
6.710999999991029,0.5159000412150818
6.7119999999910265,0.5158832725722725
6.712999999991024,0.5158668895993005
6.713999999991022,0.5158547520689681
6.7149999999910195,0.5158388888020786
6.715999999991017,0.5158230457359004
6.716999999991015,0.5158076469644093
6.7179999999910125,0.515792299915904
6.71899999999101,0.5157769260069038
6.719999999991008,0.5157654608881537
6.7209999999910055,0.5157501427846812
6.721999999991003,0.5157347499247823
6.722999999991001,0.5157192824796689
6.7239999999909985,0.5157040654372921
6.724999999990996,0.5156888783562996
6.725999999990994,0.5156774468692008
6.7269999999909915,0.5156623039290209
6.727999999990989,0.5156475430716496
6.728999999990987,0.5156329970508774
6.7299999999909845,0.5156186777448729
6.730999999990982,0.515604636680158
6.73199999999098,0.515594693919251
6.7329999999909775,0.5155813953055778
6.733999999990975,0.5155682890040474
6.734999999990973,0.5155551954311127
6.7359999999909705,0.5155422906756916
6.736999999990968,0.5155293856304127
6.737999999990966,0.5155163892232394
6.7389999999909636,0.5155066839107143
6.739999999990961,0.5154936915919565
6.740999999990959,0.5154809585617495
6.741999999990957,0.5154681070498157
6.742999999990954,0.5154555058697664
6.743999999990952,0.5154432193906391
6.74499999999095,0.5154341522398259
6.745999999990947,0.515422371620046
6.746999999990945,0.5154109840364373
6.747999999990943,0.5153999908884143
6.74899999999094,0.515389058150635
6.749999999990938,0.515378427012523
6.750999999990936,0.5153707259794553
6.751999999990933,0.5153606904848858
6.752999999990931,0.5153506052056552
6.753999999990929,0.5153406402652728
6.754999999990926,0.5153308066468193
6.755999999990924,0.5153210562039513
6.756999999990922,0.5153134236166087
6.757999999990919,0.5153035895594379
6.758999999990917,0.5152939272224858
6.759999999990915,0.515284603609826
6.760999999990912,0.5152754594282949
6.76199999999091,0.5152667010803184
6.762999999990908,0.5152584055683909
6.763999999990905,0.5152523895778829
6.764999999990903,0.5152447552311077
6.765999999990901,0.5152372361822357
6.766999999990898,0.5152302434770052
6.767999999990896,0.5152234000150001
6.768999999990894,0.5152166330764535
6.769999999990891,0.5152116878572953
6.770999999990889,0.515205151758822
6.771999999990887,0.515198643528843
6.772999999990884,0.5151921576997474
6.773999999990882,0.5151860177264086
6.77499999999088,0.5151799971353069
6.775999999990877,0.5151754919860925
6.776999999990875,0.5151696380616198
6.777999999990873,0.5151642463218837
6.77899999999087,0.5151591509372573
6.779999999990868,0.5151543509264312
6.780999999990866,0.5151498974240998
6.781999999990863,0.5151471749678714
6.782999999990861,0.5151435834825788
6.783999999990859,0.5151402648776594
6.784999999990856,0.515137050724765
6.785999999990854,0.5151341122135686
6.786999999990852,0.5151312625731318
6.787999999990849,0.515128413785397
6.788999999990847,0.5151263792948068
6.789999999990845,0.5151236891889087
6.790999999990842,0.5151213449164098
6.79199999999084,0.5151189522768318
6.792999999990838,0.5151168757297904
6.793999999990835,0.5151151869569154
6.794999999990833,0.51511410159397
6.795999999990831,0.5151130075324826
6.796999999990828,0.515112361544173
6.797999999990826,0.5151121667920516
6.798999999990824,0.5151121050898578
6.799999999990821,0.5151124067036139
6.800999999990819,0.515112944565787
6.801999999990817,0.5151139510998932
6.802999999990814,0.5151149918335144
6.803999999990812,0.5151162347802303
6.80499999999081,0.5151176862532939
6.805999999990807,0.515119297239138
6.806999999990805,0.5151202269188198
6.807999999990803,0.5151218704188445
6.8089999999908,0.5151237450150697
6.809999999990798,0.51512602115994
6.810999999990796,0.5151285256286857
6.811999999990793,0.5151314449109877
6.812999999990791,0.5151348657124406
6.813999999990789,0.5151376669564961
6.814999999990786,0.5151418195630555
6.815999999990784,0.5151461436804311
6.816999999990782,0.5151510315757163
6.817999999990779,0.5151561247379487
6.818999999990777,0.5151613596924168
6.819999999990775,0.5151654525048586
6.8209999999907724,0.5151710202466409
6.82199999999077,0.5151766788382194
6.822999999990768,0.5151824180604736
6.8239999999907655,0.515188561725296
6.824999999990763,0.5151948742710422
6.825999999990761,0.5151996427119924
6.8269999999907585,0.5152061682061738
6.827999999990756,0.5152131946496995
6.828999999990754,0.5152205559645475
6.8299999999907515,0.5152282354546981
6.830999999990749,0.5152362827934077
6.831999999990747,0.515242930902513
6.8329999999907445,0.5152518727811144
6.833999999990742,0.515261119687512
6.83499999999074,0.5152705166972297
6.8359999999907375,0.5152802284152486
6.836999999990735,0.5152900681927919
6.837999999990733,0.51529995450814
6.8389999999907305,0.5153075011759851
6.839999999990728,0.5153176195434498
6.840999999990726,0.5153281255505726
6.8419999999907235,0.5153386046689509
6.842999999990721,0.5153494183744735
6.843999999990719,0.5153606454605695
6.8449999999907165,0.5153692471490463
6.845999999990714,0.5153810687194479
6.846999999990712,0.5153933411454021
6.8479999999907095,0.5154060689240536
6.848999999990707,0.5154189503546583
6.849999999990705,0.5154322034457016
6.8509999999907025,0.5154424582381846
6.8519999999907,0.5154564278264844
6.852999999990698,0.5154704640906714
6.8539999999906955,0.5154847334178727
6.854999999990693,0.5154992362244621
6.855999999990691,0.5155139228801426
6.8569999999906885,0.5155246644695965
6.857999999990686,0.515539407445957
6.858999999990684,0.5155543889765364
6.8599999999906816,0.5155697828974521
6.860999999990679,0.515585400776072
6.861999999990677,0.5156014075721824
6.862999999990675,0.5156178997131095
6.863999999990672,0.515630497543751
6.86499999999067,0.5156476938499563
6.865999999990668,0.5156650618753252
6.866999999990665,0.5156829728769244
6.867999999990663,0.5157010881163938
6.868999999990661,0.5157193545017932
6.869999999990658,0.5157332196057018
6.870999999990656,0.5157518206808215
6.871999999990654,0.515770519092978
6.872999999990651,0.5157893010573736
6.873999999990649,0.5158084911290753
6.874999999990647,0.515827844113722
6.875999999990644,0.515842380099077
6.876999999990642,0.5158618945856885
6.87799999999064,0.5158818927205173
6.878999999990637,0.5159022074841506
6.879999999990635,0.5159228063906793
6.880999999990633,0.5159437372237511
6.88199999999063,0.5159600045216858
6.882999999990628,0.5159817598185821
6.883999999990626,0.5160037938749474
6.884999999990623,0.5160259652881063
6.885999999990621,0.5160484319962974
6.886999999990619,0.5160710067311426
6.887999999990616,0.5160936157466828
6.888999999990614,0.5161106958615884
6.889999999990612,0.516133509059443
6.890999999990609,0.516156694115684
6.891999999990607,0.5161798168857702
6.892999999990605,0.5162032363481076
6.893999999990602,0.5162270372977964
6.8949999999906,0.5162450325475478
6.895999999990598,0.5162693291865561
6.896999999990595,0.5162940218893671
6.897999999990593,0.5163191167395184
6.898999999990591,0.5163443273807107
6.899999999990588,0.5163698602881195
6.900999999990586,0.5163892902821159
6.901999999990584,0.5164154493102407
6.902999999990581,0.5164416485294572
6.903999999990579,0.5164680527865932
6.904999999990577,0.5164946572129825
6.905999999990574,0.5165214118083671
6.906999999990572,0.5165411726731082
6.90799999999057,0.5165679073590902
6.908999999990567,0.5165948316745318
6.909999999990565,0.5166221217789397
6.910999999990563,0.5166495759096833
6.91199999999056,0.516677339038429
6.912999999990558,0.516705516330707
6.913999999990556,0.5167268340418574
6.914999999990553,0.516755590947329
6.915999999990551,0.5167844628901318
6.916999999990549,0.516813801989104
6.917999999990546,0.5168432880499723
6.918999999990544,0.5168728769605344
6.919999999990542,0.5168951957772336
6.920999999990539,0.5169250228797982
6.921999999990537,0.5169548966813906
6.922999999990535,0.5169848010703029
6.923999999990532,0.517015060095816
6.92499999999053,0.5170454210971782
6.925999999990528,0.5170681656564069
6.926999999990525,0.5170985461787638
6.927999999990523,0.5171293383719078
6.928999999990521,0.5171603746681652
6.929999999990518,0.5171916096166583
6.930999999990516,0.5172230893558379
6.931999999990514,0.5172471938535986
6.932999999990511,0.5172793388566841
6.933999999990509,0.5173116842949712
6.934999999990507,0.5173440999155505
6.935999999990504,0.517376738483681
6.936999999990502,0.5174094129781333
6.9379999999905,0.5174420562810037
6.938999999990497,0.5174666177125239
6.939999999990495,0.5174993443689013
6.940999999990493,0.5175323727694456
6.9419999999904904,0.5175652544890414
6.942999999990488,0.5175983454413134
6.943999999990486,0.5176317345132658
6.9449999999904835,0.5176568538624391
6.945999999990481,0.5176905595950466
6.946999999990479,0.5177245597250391
6.9479999999904765,0.5177588626356868
6.948999999990474,0.5177931945320314
6.949999999990472,0.5178277529471599
6.9509999999904695,0.5178538877471104
6.951999999990467,0.5178889032025124
6.952999999990465,0.517923881835675
6.9539999999904625,0.5179589866419709
6.95499999999046,0.5179942097272935
6.955999999990458,0.5180295009320882
6.9569999999904555,0.5180556050037763
6.957999999990453,0.5180907195960273
6.958999999990451,0.5181259294534464
6.9599999999904485,0.5181614111713615
6.960999999990446,0.5181969542789864
6.961999999990444,0.5182326881506503
6.9629999999904415,0.5182687247079288
6.963999999990439,0.5182958655851176
6.964999999990437,0.5183322875663133
6.9659999999904345,0.5183687251205552
6.966999999990432,0.5184055166567725
6.96799999999043,0.5184423570734409
6.9689999999904275,0.5184792076754859
6.969999999990425,0.5185069082351482
6.970999999990423,0.5185438292895883
6.9719999999904205,0.5185807035305998
6.972999999990418,0.5186175135791489
6.973999999990416,0.518654580422809
6.9749999999904135,0.5186916482846214
6.975999999990411,0.5187193519537717
6.976999999990409,0.518756238153372
6.9779999999904065,0.5187934250438688
6.978999999990404,0.518830745792484
6.979999999990402,0.5188681470191816
6.9809999999903996,0.5189056739644481
6.981999999990397,0.5189342236601944
6.982999999990395,0.5189722037017743
6.983999999990393,0.5190102732370169
6.98499999999039,0.51904830895832
6.985999999990388,0.5190864610897955
6.986999999990386,0.5191245450410719
6.987999999990383,0.5191624971392474
6.988999999990381,0.519190971521028
6.989999999990379,0.5192288248072741
6.990999999990376,0.5192668723295143
6.991999999990374,0.519304660127943
6.992999999990372,0.5193425395630623
6.993999999990369,0.519380601230883
6.994999999990367,0.5194091423714046
6.995999999990365,0.5194473000421906
6.996999999990362,0.5194856258970175
6.99799999999036,0.5195241314616295
6.998999999990358,0.5195625516243005
6.999999999990355,0.5196010787498004
7.000999999990353,0.5196301114711981
7.001999999990351,0.5196688896986543
7.002999999990348,0.5197075240266092
7.003999999990346,0.5197461749940318
7.004999999990344,0.5197848349968301
7.005999999990341,0.5198234538782825
7.006999999990339,0.5198519827518117
7.007999999990337,0.5198902267684287
7.008999999990334,0.5199284481651292
7.009999999990332,0.519966821646692
7.01099999999033,0.5200051342971731
7.011999999990327,0.5200435060907975
7.012999999990325,0.5200820530031705
7.013999999990323,0.5201109941771606
7.01499999999032,0.5201497060735226
7.015999999990318,0.5201883151560074
7.016999999990316,0.5202271536764039
7.017999999990313,0.5202659266965394
7.018999999990311,0.5203045961094828
7.019999999990309,0.5203335862563229
7.020999999990306,0.5203721300221131
7.021999999990304,0.5204105144255782
7.022999999990302,0.5204487215363475
7.023999999990299,0.5204870660713844
7.024999999990297,0.5205252946310842
7.025999999990295,0.5205537905830239
7.026999999990292,0.520591621832969
7.02799999999029,0.5206296281925293
7.028999999990288,0.5206676453316851
7.029999999990285,0.5207056179704905
7.030999999990283,0.5207435914147918
7.031999999990281,0.5207723885331714
7.032999999990278,0.520810596972559
7.033999999990276,0.5208487774191326
7.034999999990274,0.5208868084437948
7.035999999990271,0.5209248408061591
7.036999999990269,0.5209626952449234
7.037999999990267,0.5210003071843005
7.038999999990264,0.5210284501394663
7.039999999990262,0.521065763998379
7.04099999999026,0.5211031519581409
7.041999999990257,0.5211401646855903
7.042999999990255,0.5211771469539687
7.043999999990253,0.5212141886608784
7.04499999999025,0.5212418840768404
7.045999999990248,0.5212788061914899
7.046999999990246,0.5213157726736618
7.047999999990243,0.5213527988373837
7.048999999990241,0.5213896240628912
7.049999999990239,0.521426439566398
7.050999999990236,0.5214541133759778
7.051999999990234,0.5214909848151366
7.052999999990232,0.521527601127821
7.053999999990229,0.5215641196606353
7.054999999990227,0.5216005366658815
7.055999999990225,0.5216368021042369
7.056999999990222,0.5216635008602145
7.05799999999022,0.5216991977398365
7.058999999990218,0.5217347566351203
7.059999999990215,0.5217703480870511
7.060999999990213,0.5218057632157476
7.061999999990211,0.5218411191891226
7.062999999990208,0.5218765330859936
7.063999999990206,0.5219030484904476
7.064999999990204,0.5219384273123149
7.0659999999902015,0.5219735924703337
7.066999999990199,0.5220088778945093
7.067999999990197,0.522043993456489
7.0689999999901945,0.5220788966627218
7.069999999990192,0.5221049949616613
7.07099999999019,0.5221395939631337
7.0719999999901875,0.5221739282846506
7.072999999990185,0.5222079797471492
7.073999999990183,0.5222420537052205
7.0749999999901805,0.5222759045424418
7.075999999990178,0.5223010486861536
7.076999999990176,0.5223343172669537
7.0779999999901735,0.52236764673911
7.078999999990171,0.5224008770566858
7.079999999990169,0.5224339567055802
7.0809999999901665,0.5224669319368599
7.081999999990164,0.5224919122787178
7.082999999990162,0.522524943251338
7.0839999999901595,0.522557847576002
7.084999999990157,0.5225905008669594
7.085999999990155,0.5226230571966755
7.0869999999901525,0.5226553455165998
7.08799999999015,0.5226872959026018
7.088999999990148,0.522711125563738
7.0899999999901455,0.5227426057182496
7.090999999990143,0.5227740526707785
7.091999999990141,0.5228050311115834
7.0929999999901385,0.5228358771445982
7.093999999990136,0.5228666779866373
7.094999999990134,0.5228896297402144
7.0959999999901315,0.5229201425086676
7.096999999990129,0.5229506024886917
7.097999999990127,0.522981029007908
7.0989999999901245,0.5230111622398035
7.099999999990122,0.5230411956058523
7.10099999999012,0.5230637263640459
7.1019999999901176,0.5230936721006223
7.102999999990115,0.5231232716204658
7.103999999990113,0.5231526783813302
7.104999999990111,0.5231818955130487
7.105999999990108,0.5232108731672165
7.106999999990106,0.5232320616996142
7.107999999990104,0.5232603225387292
7.108999999990101,0.5232883557077829
7.109999999990099,0.5233163258245883
7.110999999990097,0.523344033405124
7.111999999990094,0.5233715984311595
7.112999999990092,0.5233991364177051
7.11399999999009,0.5234196899712843
7.114999999990087,0.5234470511269277
7.115999999990085,0.5234741175390878
7.116999999990083,0.523501231200049
7.11799999999008,0.5235281020820529
7.118999999990078,0.5235546792278296
7.119999999990076,0.5235744870164771
7.120999999990073,0.5236006361607913
7.121999999990071,0.5236264444571777
7.122999999990069,0.523651893394765
7.123999999990066,0.5236772766657187
7.124999999990064,0.5237023606614782
7.125999999990062,0.5237208840700536
7.126999999990059,0.5237452658318797
7.127999999990057,0.5237696265813286
7.128999999990055,0.5237938119462341
7.129999999990052,0.5238177783487542
7.13099999999005,0.5238415735538842
7.131999999990048,0.523859630888142
7.132999999990045,0.5238833732287459
7.133999999990043,0.5239069276635507
7.134999999990041,0.5239301631831107
7.135999999990038,0.5239532390487868
7.136999999990036,0.5239759946338736
7.137999999990034,0.5239983510985192
7.138999999990031,0.5240149403202491
7.139999999990029,0.5240367149111861
7.140999999990027,0.5240583816905913
7.141999999990024,0.5240795262006064
7.142999999990022,0.5241004742261786
7.14399999999002,0.5241213090831809
7.144999999990017,0.5241367514948063
7.145999999990015,0.5241572045505195
7.146999999990013,0.5241775503117951
7.14799999999001,0.524197811852061
7.148999999990008,0.5242177275658711
7.149999999990006,0.5242374951085437
7.150999999990003,0.5242522983314993
7.151999999990001,0.5242719112388657
7.152999999989999,0.5242911240024032
7.153999999989996,0.524310085671313
7.154999999989994,0.5243288081358403
7.155999999989992,0.5243472417797281
7.156999999989989,0.5243605071432601
7.157999999989987,0.5243781475057946
7.158999999989985,0.5243955111986439
7.159999999989982,0.5244127559868916
7.16099999998998,0.5244296950818539
7.161999999989978,0.5244464549246499
7.162999999989975,0.5244631475374616
7.163999999989973,0.5244755416912236
7.164999999989971,0.5244919951691204
7.165999999989968,0.5245081158187984
7.166999999989966,0.5245242574143528
7.167999999989964,0.5245401267891668
7.168999999989961,0.5245556620699949
7.169999999989959,0.5245671713007033
7.170999999989957,0.5245822302675125
7.171999999989954,0.524596914246918
7.172999999989952,0.5246112040347338
7.17399999998995,0.5246253805769963
7.174999999989947,0.524639224607051
7.175999999989945,0.5246493020782457
7.176999999989943,0.5246624052856919
7.17799999998994,0.5246754494610434
7.178999999989938,0.5246882866508782
7.179999999989936,0.524700883226421
7.180999999989933,0.524713288612403
7.181999999989931,0.5247227988392597
7.182999999989929,0.5247351262632625
7.183999999989926,0.524747250142225
7.184999999989924,0.5247590309219707
7.185999999989922,0.524770633699358
7.1869999999899195,0.5247819093675238
7.187999999989917,0.5247927681474238
7.188999999989915,0.5248007177441495
7.1899999999899125,0.5248109595680832
7.19099999998991,0.5248210619673497
7.191999999989908,0.5248306345537271
7.1929999999899055,0.5248399919188899
7.193999999989903,0.5248492131695868
7.194999999989901,0.5248559418753395
7.1959999999898985,0.5248647707978084
7.196999999989896,0.5248734855431569
7.197999999989894,0.5248821122414953
7.1989999999898915,0.5248903863937459
7.199999999989889,0.5248985103127507
7.200999999989887,0.5249045831676254
7.2019999999898845,0.5249125672519078
7.202999999989882,0.5249201411859729
7.20399999998988,0.5249274493494657
7.2049999999898775,0.5249345128672542
7.205999999989875,0.5249412823761531
7.206999999989873,0.5249458148707574
7.2079999999898705,0.524951793929986
7.208999999989868,0.5249574923941812
7.209999999989866,0.5249630611830378
7.2109999999898635,0.5249683270690049
7.211999999989861,0.5249734241745333
7.212999999989859,0.5249784601046185
7.2139999999898565,0.5249821170323475
7.214999999989854,0.5249869325596095
7.215999999989852,0.5249914224966369
7.2169999999898495,0.5249959529817045
7.217999999989847,0.5250002263608082
7.218999999989845,0.5250041693042394
7.2199999999898425,0.5250069962607822
7.22099999998984,0.525010491672587
7.221999999989838,0.5250136220519059
7.2229999999898356,0.5250163670153398
7.223999999989833,0.5250189950030313
7.224999999989831,0.5250213013222842
7.225999999989829,0.5250227387283718
7.226999999989826,0.5250243440527134
7.227999999989824,0.5250258969612022
7.228999999989822,0.5250272559480421
7.229999999989819,0.5250283970821474
7.230999999989817,0.5250293711784131
7.231999999989815,0.525030332121395
7.232999999989812,0.525031280078019
7.23399999998981,0.525032051828733
7.234999999989808,0.5250324992354153
7.235999999989805,0.5250327926383204
7.236999999989803,0.5250327943035283
7.237999999989801,0.5250324032806645
7.238999999989798,0.5250319272537518
7.239999999989796,0.5250309581467835
7.240999999989794,0.5250298607019913
7.241999999989791,0.5250282680679332
7.242999999989789,0.5250264836792542
7.243999999989787,0.5250245829796224
7.244999999989784,0.5250229942411633
7.245999999989782,0.5250207637005087
7.24699999998978,0.525018453989407
7.247999999989777,0.5250160933541234
7.248999999989775,0.5250134147322649
7.249999999989773,0.5250106240257812
7.25099999998977,0.525008539186755
7.251999999989768,0.525005692236027
7.252999999989766,0.5250024654366372
7.253999999989763,0.5249989985176422
7.254999999989761,0.5249953209792062
7.255999999989759,0.5249913837272818
7.256999999989756,0.5249879262669044
7.257999999989754,0.5249832702328275
7.258999999989752,0.5249783689783004
7.259999999989749,0.5249733674156947
7.260999999989747,0.524968104503835
7.261999999989745,0.5249627209698305
7.262999999989742,0.5249573201110215
7.26399999998974,0.5249531798816894
7.264999999989738,0.5249476426717775
7.265999999989735,0.5249418248316063
7.266999999989733,0.5249361025840662
7.267999999989731,0.524930174304823
7.268999999989728,0.5249239564255005
7.269999999989726,0.5249191979040135
7.270999999989724,0.52491262318389
7.271999999989721,0.5249057297999377
7.272999999989719,0.5248984957380931
7.273999999989717,0.52489117830603
7.274999999989714,0.5248835857777644
7.275999999989712,0.5248776348898573
7.27699999998971,0.5248694405487911
7.277999999989707,0.5248612363119507
7.278999999989705,0.5248528865256691
7.279999999989703,0.5248443748297493
7.2809999999897,0.5248357528454017
7.281999999989698,0.5248295600393499
7.282999999989696,0.524821018744445
7.283999999989693,0.5248123601599556
7.284999999989691,0.5248034291331166
7.285999999989689,0.5247943996859953
7.286999999989686,0.5247851442275054
7.287999999989684,0.5247755520283601
7.288999999989682,0.5247682084784719
7.289999999989679,0.5247581330244646
7.290999999989677,0.5247479737243921
7.291999999989675,0.5247373836470132
7.292999999989672,0.5247266559334861
7.29399999998967,0.5247158635325503
7.294999999989668,0.5247076485151213
7.295999999989665,0.5246966377736964
7.296999999989663,0.5246856110645605
7.297999999989661,0.5246745977647472
7.298999999989658,0.5246633297151878
7.299999999989656,0.5246520142693581
7.300999999989654,0.5246435806330065
7.301999999989651,0.5246323354996688
7.302999999989649,0.5246207694517687
7.303999999989647,0.5246090178333045
7.304999999989644,0.5245971166816242
7.305999999989642,0.5245850171978981
7.30699999998964,0.5245754930423251
7.3079999999896375,0.5245627917526327
7.308999999989635,0.5245499067138212
7.309999999989633,0.5245369782273591
7.3109999999896305,0.5245238544525477
7.311999999989628,0.5245106799311342
7.312999999989626,0.5244975546044791
7.3139999999896235,0.5244876666241042
7.314999999989621,0.5244745271724812
7.315999999989619,0.5244611753233104
7.3169999999896165,0.5244479930973548
7.317999999989614,0.5244346768774125
7.318999999989612,0.5244211353376155
7.3199999999896095,0.5244109323136474
7.320999999989607,0.5243971603396633
7.321999999989605,0.5243831381810381
7.3229999999896025,0.5243688418999206
7.3239999999896,0.5243545197713326
7.324999999989598,0.5243399901948188
7.3259999999895955,0.5243288846399031
7.326999999989593,0.5243138830906415
7.327999999989591,0.5242989351197912
7.3289999999895885,0.5242839099107939
7.329999999989586,0.5242687953949919
7.330999999989584,0.5242536432567254
7.3319999999895815,0.5242426028903935
7.332999999989579,0.5242276629793514
7.333999999989577,0.5242126798529552
7.3349999999895745,0.5241974939585882
7.335999999989572,0.5241822809157445
7.33699999998957,0.5241669213412853
7.3379999999895675,0.5241512972575992
7.338999999989565,0.5241394747002366
7.339999999989563,0.5241234909615433
7.3409999999895605,0.5241074863349663
7.341999999989558,0.5240911283167535
7.342999999989556,0.5240747011872523
7.3439999999895536,0.5240582768541507
7.344999999989551,0.5240458873046878
7.345999999989549,0.5240293744691993
7.346999999989547,0.5240129194963307
7.347999999989544,0.5239965520518083
7.348999999989542,0.5239800049869594
7.34999999998954,0.5239634844949936
7.350999999989537,0.5239511967601783
7.351999999989535,0.5239348849145143
7.352999999989533,0.5239183237037488
7.35399999998953,0.5239016445241654
7.354999999989528,0.5238848876456071
7.355999999989526,0.5238680046080341
7.356999999989523,0.5238549509217717
7.357999999989521,0.5238375987713308
7.358999999989519,0.5238201337339944
7.359999999989516,0.5238026930951727
7.360999999989514,0.5237851304800347
7.361999999989512,0.523767590592479
7.362999999989509,0.5237501714688113
7.363999999989507,0.5237371122209161
7.364999999989505,0.5237198082344627
7.365999999989502,0.523702366139596
7.3669999999895,0.523685168625393
7.367999999989498,0.5236679128760358
7.368999999989495,0.5236505028730836
7.369999999989493,0.5236374484786304
7.370999999989491,0.5236199402265017
7.371999999989488,0.5236022555132401
7.372999999989486,0.5235843684055436
7.373999999989484,0.5235665204642331
7.374999999989481,0.5235485369021208
7.375999999989479,0.5235348898749823
7.376999999989477,0.5235165640069462
7.377999999989474,0.5234983590522461
7.378999999989472,0.5234801478531164
7.37999999998947,0.523461919054479
7.380999999989467,0.523443723669612
7.381999999989465,0.5234304456914396
7.382999999989463,0.5234125877369622
7.38399999998946,0.5233947585861606
7.384999999989458,0.5233767972572667
7.385999999989456,0.5233588788601198
7.386999999989453,0.5233408900586439
7.387999999989451,0.523322708638583
7.388999999989449,0.5233090135138098
7.389999999989446,0.52329059559136
7.390999999989444,0.5232722216328212
7.391999999989442,0.5232535676018301
7.392999999989439,0.5232349105660145
7.393999999989437,0.5232163227760089
7.394999999989435,0.5232023556886415
7.395999999989432,0.5231837976300295
7.39699999998943,0.5231653647004207
7.397999999989428,0.5231470862900669
7.398999999989425,0.523128698459957
7.399999999989423,0.5231104037739702
7.400999999989421,0.5230968291009988
7.401999999989418,0.5230788640161824
7.402999999989416,0.5230607174177873
7.403999999989414,0.5230425172670904
7.404999999989411,0.5230243058289051
7.405999999989409,0.5230060350394969
7.406999999989407,0.5229919911621967
7.407999999989404,0.5229733711625434
7.408999999989402,0.5229547023491458
7.4099999999894,0.5229361204254572
7.410999999989397,0.5229174808799806
7.411999999989395,0.5228989249641878
7.412999999989393,0.5228805503628556
7.41399999998939,0.522866816373516
7.414999999989388,0.522848665175567
7.415999999989386,0.522830440252286
7.416999999989383,0.5228125201718663
7.417999999989381,0.5227946058213333
7.418999999989379,0.5227765994452422
7.419999999989376,0.5227631394045251
7.420999999989374,0.5227451459652105
7.421999999989372,0.5227270395587753
7.422999999989369,0.5227087924037056
7.423999999989367,0.5226906413952942
7.424999999989365,0.5226724155123039
7.425999999989362,0.5226586267818859
7.42699999998936,0.5226401618847155
7.427999999989358,0.5226218737417974
7.4289999999893555,0.5226036377625758
7.429999999989353,0.5225854402206116
7.430999999989351,0.522567330881795
7.4319999999893485,0.522554147911989
7.432999999989346,0.5225364697112173
7.433999999989344,0.5225188760194115
7.4349999999893415,0.5225012071014647
7.435999999989339,0.5224836358676859
7.436999999989337,0.5224660531034379
7.4379999999893345,0.5224483351871692
7.438999999989332,0.5224350241790141
7.43999999998933,0.5224171677095161
7.4409999999893275,0.5223994074828059
7.441999999989325,0.5223814227884389
7.442999999989323,0.5223634849876557
7.4439999999893205,0.5223456676936991
7.444999999989318,0.5223323104831852
7.445999999989316,0.5223146064964709
7.4469999999893135,0.5222970750741361
7.447999999989311,0.5222797451106281
7.448999999989309,0.5222623576947181
7.4499999999893065,0.5222451099441616
7.450999999989304,0.5222323501620869
7.451999999989302,0.5222155143728999
7.4529999999892995,0.5221985481441819
7.453999999989297,0.5221815764959352
7.454999999989295,0.5221646419567317
7.4559999999892925,0.5221476969190535
7.45699999998929,0.5221346829558943
7.457999999989288,0.5221174743009773
7.4589999999892855,0.5221002618125276
7.459999999989283,0.5220831806062509
7.460999999989281,0.5220660852806874
7.4619999999892785,0.5220491108172325
7.462999999989276,0.5220323558513076
7.463999999989274,0.5220198636597982
7.4649999999892716,0.5220033999351967
7.465999999989269,0.5219869054779804
7.466999999989267,0.5219707512378979
7.467999999989265,0.5219546441996672
7.468999999989262,0.5219384871612569
7.46999999998926,0.521926440621805
7.470999999989258,0.5219103684264523
7.471999999989255,0.5218942255948276
7.472999999989253,0.5218779828082053
7.473999999989251,0.5218618737097172
7.474999999989248,0.5218457288229222
7.475999999989246,0.5218335254222817
7.476999999989244,0.5218172018063321
7.477999999989241,0.5218010887121963
7.478999999989239,0.5217850633093862
7.479999999989237,0.5217691074849918
7.480999999989234,0.5217532694442872
7.481999999989232,0.5217418013713429
7.48299999998923,0.5217264420085433
7.483999999989227,0.5217111979307291
7.484999999989225,0.5216959125538778
7.485999999989223,0.521680755611104
7.48699999998922,0.5216656206671351
7.487999999989218,0.5216503848157392
7.488999999989216,0.5216389568356045
7.489999999989213,0.5216236396987894
7.490999999989211,0.5216084490295412
7.491999999989209,0.5215930640323191
7.492999999989206,0.5215777514482564
7.493999999989204,0.5215625867348347
7.494999999989202,0.5215512333503128
7.495999999989199,0.5215362187582105
7.496999999989197,0.5215213973482412
7.497999999989195,0.5215067976375388
7.498999999989192,0.521492166875594
7.49999999998919,0.5214776958785718
7.500999999989188,0.5214670305594148
7.501999999989185,0.5214530056585749
7.502999999989183,0.5214388772686525
7.503999999989181,0.5214247678729865
7.504999999989178,0.5214107193030038
7.505999999989176,0.5213966844572953
7.506999999989174,0.5213858706157725
7.507999999989171,0.5213716127823247
7.508999999989169,0.5213573708025052
7.509999999989167,0.5213432796148937
7.510999999989164,0.5213291914502323
7.511999999989162,0.5213152334773016
7.51299999998916,0.5213015060944012
7.513999999989157,0.5212912936824549
7.514999999989155,0.5212778773433345
7.515999999989153,0.5212644468810286
7.51699999998915,0.5212513639626829
7.517999999989148,0.5212383431610546
7.518999999989146,0.5212252891397092
7.519999999989143,0.5212155788561553
7.520999999989141,0.521202635634222
7.521999999989139,0.5211896384888665
7.522999999989136,0.5211765569530702
7.523999999989134,0.5211636220232386
7.524999999989132,0.521150664663406
7.525999999989129,0.5211408590107378
7.526999999989127,0.5211277357199033
7.527999999989125,0.521114830659492
7.528999999989122,0.5211020223484324
7.52999999998912,0.5210892876063172
7.530999999989118,0.5210766730719487
7.531999999989115,0.5210676152494069
7.532999999989113,0.5210554786832735
7.533999999989111,0.5210434616002617
7.534999999989108,0.5210314114822381
7.535999999989106,0.521019494719891
7.536999999989104,0.5210076070707178
7.537999999989101,0.5209956274755162
7.538999999989099,0.5209866465348065
7.539999999989097,0.5209745985975532
7.540999999989094,0.5209626824522008
7.541999999989092,0.5209505759232612
7.54299999998909,0.5209385416545572
7.543999999989087,0.5209266568671289
7.544999999989085,0.5209177603491696
7.545999999989083,0.5209060161418797
7.54699999998908,0.5208944591292063
7.547999999989078,0.5208831178366647
7.548999999989076,0.5208717460342956
7.5499999999890735,0.5208605284006973
7.550999999989071,0.5208522981313257
7.551999999989069,0.5208415154796971
7.5529999999890665,0.5208306317041331
7.553999999989064,0.5208197670340893
7.554999999989062,0.5208089624618596
7.5559999999890595,0.5207981714244454
7.556999999989057,0.520789791374474
7.557999999989055,0.5207787746297958
7.5589999999890525,0.5207677688772921
7.55999999998905,0.5207569087192587
7.560999999989048,0.5207460438890026
7.5619999999890455,0.5207352935976862
7.562999999989043,0.5207247602427912
7.563999999989041,0.5207169359911178
7.5649999999890385,0.5207066902795655
7.565999999989036,0.5206964227264523
7.566999999989034,0.5206864859318653
7.5679999999890315,0.5206766025212014
7.568999999989029,0.520666679331345
7.569999999989027,0.5206593108655486
7.5709999999890245,0.5206494839385505
7.571999999989022,0.5206395966837931
7.57299999998902,0.5206296178591073
7.5739999999890175,0.5206197756565274
7.574999999989015,0.520609901476471
7.575999999989013,0.52060240032918
7.5769999999890105,0.52059233314253
7.577999999989008,0.5205824687999406
7.578999999989006,0.5205726871635448
7.5799999999890035,0.5205629605568242
7.580999999989001,0.520553334327328
7.581999999988999,0.5205464962337685
7.5829999999889965,0.520537308896902
7.583999999988994,0.520528223775335
7.584999999988992,0.5205190924026678
7.5859999999889896,0.5205100783685207
7.586999999988987,0.5205010797616523
7.587999999988985,0.5204919775075741
7.588999999988983,0.5204851456374296
7.58999999998898,0.5204759517649772
7.590999999988978,0.5204668740511785
7.591999999988976,0.5204575895843405
7.592999999988973,0.5204483568828713
7.593999999988971,0.5204392544062604
7.594999999988969,0.5204324285023657
7.595999999988966,0.5204234224879034
7.596999999988964,0.5204145778435203
7.597999999988962,0.5204059236300864
7.598999999988959,0.5203972198470006
7.599999999988957,0.5203886460254814
7.600999999988955,0.520382381790573
7.601999999988952,0.5203742004428618
7.60299999998895,0.5203659017695733
7.603999999988948,0.5203576039126715
7.604999999988945,0.5203493475393565
7.605999999988943,0.520341086638151
7.606999999988941,0.5203345940940403
7.607999999988938,0.5203260739764497
7.608999999988936,0.5203175424255225
7.609999999988934,0.5203091331343186
7.610999999988931,0.5203006942880681
7.611999999988929,0.5202923381597184
7.612999999988927,0.520284168872744
7.613999999988924,0.5202780993669013
7.614999999988922,0.520270166276109
7.61599999998892,0.5202621873819082
7.616999999988917,0.5202545078834848
7.617999999988915,0.5202468580481402
7.618999999988913,0.5202391464263338
7.61999999998891,0.5202334209380391
7.620999999988908,0.5202257659156413
7.621999999988906,0.5202180293910385
7.622999999988903,0.5202101796233094
7.623999999988901,0.5202024413151103
7.624999999988899,0.520194647104026
7.625999999988896,0.5201886891534249
7.626999999988894,0.5201806519507773
7.627999999988892,0.5201727878033306
7.628999999988889,0.5201649782206267
7.629999999988887,0.5201571924666156
7.630999999988885,0.5201494750608056
7.631999999988882,0.5201440406036963
7.63299999998888,0.5201367032033165
7.633999999988878,0.5201294394161541
7.634999999988875,0.5201221041790436
7.635999999988873,0.5201148592490495
7.636999999988871,0.5201076056934844
7.637999999988868,0.5201002258189624
7.638999999988866,0.5200946693217543
7.639999999988864,0.5200871553591344
7.640999999988861,0.5200797302515392
7.641999999988859,0.5200720722786732
7.642999999988857,0.5200644354076426
7.643999999988854,0.5200568985865704
7.644999999988852,0.5200512250753316
7.64599999998885,0.5200437254540272
7.646999999988847,0.5200363527258768
7.647999999988845,0.5200291369996997
7.648999999988843,0.5200218438391502
7.64999999998884,0.5200146490549689
7.650999999988838,0.520009397996156
7.651999999988836,0.5200025422831159
7.652999999988833,0.5199955450195191
7.653999999988831,0.5199885223433746
7.654999999988829,0.5199815154431745
7.655999999988826,0.5199744788549957
7.656999999988824,0.5199688911961511
7.657999999988822,0.5199615506783881
7.658999999988819,0.5199541697744922
7.659999999988817,0.5199468805307943
7.660999999988815,0.5199395310907714
7.661999999988812,0.519932228464903
7.66299999998881,0.5199250779054813
7.663999999988808,0.5199197510226168
7.664999999988805,0.5199127781068897
7.665999999988803,0.5199057308330916
7.666999999988801,0.5198989493425126
7.667999999988798,0.5198921706134819
7.668999999988796,0.5198853040968151
7.669999999988794,0.5198801951861756
7.6709999999887915,0.5198733411347112
7.671999999988789,0.5198663812857346
7.672999999988787,0.5198592835285298
7.6739999999887845,0.519852268217767
7.674999999988782,0.5198451703530598
7.67599999998878,0.5198397168432919
7.6769999999887775,0.5198323244276707
7.677999999988775,0.519825072673932
7.678999999988773,0.5198178451847396
7.6799999999887705,0.5198106098872308
7.680999999988768,0.5198034109854928
7.681999999988766,0.5197983393754144
7.6829999999887635,0.5197914636317355
7.683999999988761,0.5197846337487765
7.684999999988759,0.519777707212228
7.6859999999887565,0.5197708449647384
7.686999999988754,0.519763951867368
7.687999999988752,0.51975691068552
7.6889999999887495,0.5197515921913498
7.689999999988747,0.5197443761292782
7.690999999988745,0.519737221773687
7.6919999999887425,0.5197298108750127
7.69299999998874,0.519722392271282
7.693999999988738,0.5197150446819919
7.6949999999887355,0.519709493608181
7.695999999988733,0.519702130308336
7.696999999988731,0.5196948631477089
7.6979999999887285,0.5196877236327654
7.698999999988726,0.5196804821943313
7.699999999988724,0.519673312306968
7.7009999999887215,0.5196680624963947
7.701999999988719,0.5196611886493484
7.702999999988717,0.5196541529479946
7.7039999999887145,0.5196470695729878
7.704999999988712,0.5196399810205475
7.70599999998871,0.519632842356401
7.7069999999887076,0.5196271693551233
7.707999999988705,0.5196196917375783
7.708999999988703,0.5196121501153237
7.709999999988701,0.5196046742570049
7.710999999988698,0.5195971137059243
7.711999999988696,0.5195895719081757
7.712999999988694,0.5195821545700767
7.713999999988691,0.5195766109587739
7.714999999988689,0.5195693263447032
7.715999999988687,0.5195619460651432
7.716999999988684,0.5195548073252922
7.717999999988682,0.5195476528105979
7.71899999998868,0.5195403921682676
7.719999999988677,0.5195349763686287
7.720999999988675,0.5195276995425783
7.721999999988673,0.5195203010408933
7.72299999998867,0.5195127483564582
7.723999999988668,0.5195052568331248
7.724999999988666,0.5194976647567322
7.725999999988663,0.5194918291108578
7.726999999988661,0.5194839089658048
7.727999999988659,0.5194761059562081
7.728999999988656,0.5194683061698471
7.729999999988654,0.5194604776002957
7.730999999988652,0.5194526645508265
7.731999999988649,0.5194471151350609
7.732999999988647,0.519439589393215
7.733999999988645,0.519432093352839
7.734999999988642,0.5194244864202631
7.73599999998864,0.5194169294211137
7.736999999988638,0.5194093316239872
7.737999999988635,0.5194015754781371
7.738999999988633,0.5193957122669501
7.739999999988631,0.5193877607428432
7.740999999988628,0.5193798548072127
7.741999999988626,0.5193716813739705
7.742999999988624,0.5193634836910239
7.743999999988621,0.519355339787302
7.744999999988619,0.5193491809364752
7.745999999988617,0.5193409922359882
7.746999999988614,0.5193328826953446
7.747999999988612,0.5193248853042799
7.74899999998861,0.5193167749362563
7.749999999988607,0.519308723636403
7.750999999988605,0.5193028050969503
7.751999999988603,0.519295033183813
7.7529999999886,0.5192870928854174
7.753999999988598,0.519279096477484
7.754999999988596,0.5192710881427836
7.755999999988593,0.519263023448309
7.756999999988591,0.5192566573403652
7.757999999988589,0.5192482445217376
7.758999999988586,0.5192397586701254
7.759999999988584,0.5192313269693353
7.760999999988582,0.5192228011980049
7.761999999988579,0.519214282380926
7.762999999988577,0.5192058761631699
7.763999999988575,0.5191995847472306
7.764999999988572,0.519191294637638
7.76599999998857,0.5191829034353236
7.766999999988568,0.5191747465446301
7.767999999988565,0.5191665716891225
7.768999999988563,0.5191582884929218
7.769999999988561,0.5191521054670635
7.770999999988558,0.5191438064397663
7.771999999988556,0.5191353863486375
7.772999999988554,0.5191268121453451
7.773999999988551,0.5191182939761843
7.774999999988549,0.519109673721391
7.775999999988547,0.5191030666041524
7.776999999988544,0.5190941151643332
7.777999999988542,0.5190852740437524
7.77899999998854,0.5190764319895369
7.779999999988537,0.5190675576867226
7.780999999988535,0.5190586957402182
7.781999999988533,0.5190523547619068
7.78299999998853,0.519043776037828
7.783999999988528,0.5190352287104876
7.784999999988526,0.5190265740150323
7.785999999988523,0.5190179727800839
7.786999999988521,0.5190093388037723
7.787999999988519,0.5190005539668349
7.788999999988516,0.5189939225765332
7.789999999988514,0.5189849531343066
7.790999999988512,0.5189760309438429
7.7919999999885095,0.5189668485147144
7.792999999988507,0.5189576433764203
7.793999999988505,0.5189484927882533
7.7949999999885025,0.5189415805733123
7.7959999999885,0.5189323885225997
7.796999999988498,0.5189232773560524
7.7979999999884955,0.5189142813441817
7.798999999988493,0.518905179831816
7.799999999988491,0.5188961435974002
7.8009999999884885,0.5188894909565018
7.801999999988486,0.5188807501494267
7.802999999988484,0.5188718531167941
7.8039999999884815,0.518862910316121
7.804999999988479,0.5188539673867459
7.805999999988477,0.5188449803626736
7.8069999999884745,0.5188379360279195
7.807999999988472,0.5188286244196978
7.80899999998847,0.5188192493703924
7.8099999999884675,0.518809935599877
7.810999999988465,0.5188005370454607
7.811999999988463,0.5187911525426055
7.8129999999884605,0.5187818874819935
7.813999999988458,0.5187749582605653
7.814999999988456,0.5187658255951351
7.8159999999884535,0.5187566053099447
7.816999999988451,0.5187476307434514
7.817999999988449,0.5187386545778732
7.8189999999884465,0.5187295868616858
7.819999999988444,0.518722827276287
7.820999999988442,0.5187137764030681
7.8219999999884395,0.5187046238964093
7.822999999988437,0.5186953359764497
7.823999999988435,0.5186861179955327
7.8249999999884325,0.5186768149337492
7.82599999998843,0.5186697074241414
7.826999999988428,0.5186601022559352
7.8279999999884256,0.5186506193447019
7.828999999988423,0.5186411499685394
7.829999999988421,0.5186316631674506
7.830999999988419,0.5186222037908755
7.831999999988416,0.5186154213721406
7.832999999988414,0.5186062726890541
7.833999999988412,0.518597175068323
7.834999999988409,0.5185879921226235
7.835999999988407,0.5185788841577018
7.836999999988405,0.5185697690056468
7.837999999988402,0.5185605284284888
7.8389999999884,0.5185535707069127
7.839999999988398,0.5185441878999482
7.840999999988395,0.5185348725353235
7.841999999988393,0.5185253216681835
7.842999999988391,0.5185157674169066
7.843999999988388,0.5185062865751251
7.844999999988386,0.5184991396157271
7.845999999988384,0.5184896506641672
7.846999999988381,0.5184802616100412
7.847999999988379,0.5184710075738149
7.848999999988377,0.5184616728645686
7.849999999988374,0.5184524263888068
7.850999999988372,0.5184456312959854
7.85199999998837,0.5184367241605355
7.852999999988367,0.5184276903323796
7.853999999988365,0.518418638580744
7.854999999988363,0.5184096151651605
7.85599999998836,0.5184005765528393
7.856999999988358,0.5183935169151123
7.857999999988356,0.5183842058362944
7.858999999988353,0.5183748573372358
7.859999999988351,0.5183655941883571
7.860999999988349,0.5183562715063499
7.861999999988346,0.5183469852185751
7.862999999988344,0.518337840635469
7.863999999988342,0.5183310183755456
7.864999999988339,0.518322049001103
7.865999999988337,0.5183130211194577
7.866999999988335,0.5183042643874602
7.867999999988332,0.5182955369919147
7.86899999998833,0.5182867504655981
7.869999999988328,0.5182802228401581
7.870999999988325,0.518271510679113
7.871999999988323,0.5182627312284762
7.872999999988321,0.5182538498269222
7.873999999988318,0.5182450679481952
7.874999999988316,0.5182362324634312
7.875999999988314,0.5182294963194765
7.876999999988311,0.5182204111740313
7.877999999988309,0.5182114748510176
7.878999999988307,0.518202580744962
7.879999999988304,0.5181936970876057
7.880999999988302,0.5181848686880844
7.8819999999883,0.5181785730772624
7.882999999988297,0.5181701037879635
7.883999999988295,0.5181617173960545
7.884999999988293,0.5181532809593699
7.88599999998829,0.5181449532248584
7.886999999988288,0.518136655019006
7.887999999988286,0.5181282690765625
7.888999999988283,0.5181219762857043
7.889999999988281,0.5181135120759089
7.890999999988279,0.5181051487586303
7.891999999988276,0.518096585678978
7.892999999988274,0.5180880502488471
7.893999999988272,0.5180796193611614
7.894999999988269,0.5180732795405875
7.895999999988267,0.518064891754087
7.896999999988265,0.5180566331271773
7.897999999988262,0.5180485390947548
7.89899999998826,0.5180403997343831
7.899999999988258,0.5180323809246745
7.900999999988255,0.5180265273240514
7.901999999988253,0.5180189056251977
7.902999999988251,0.5180111972097531
7.903999999988248,0.5180035093210404
7.904999999988246,0.5179958875950321
7.905999999988244,0.5179882889054213
7.906999999988241,0.5179823369470093
7.907999999988239,0.5179745330504943
7.908999999988237,0.5179667266845704
7.909999999988234,0.5179590394198721
7.910999999988232,0.5179513259771815
7.91199999998823,0.5179436779790527
7.9129999999882275,0.5179362011164629
7.913999999988225,0.5179306510119963
7.914999999988223,0.5179234037639594
7.9159999999882205,0.5179161344613482
7.916999999988218,0.5179091665939294
7.917999999988216,0.5179022648428819
7.9189999999882135,0.5178953436344258
7.919999999988211,0.5178902393763903
7.920999999988209,0.5178834593175246
7.9219999999882065,0.5178766524974064
7.922999999988204,0.5178697833352478
7.923999999988202,0.5178630506121559
7.9249999999881995,0.5178563014912633
7.925999999988197,0.5178511538011961
7.926999999988195,0.5178442145178069
7.9279999999881925,0.5178374564482798
7.92899999998819,0.5178307745100886
7.929999999988188,0.5178241345336551
7.9309999999881855,0.5178175808732248
7.931999999988183,0.5178130050330377
7.932999999988181,0.5178068624990222
7.9339999999881785,0.5178008371425142
7.934999999988176,0.5177948007534479
7.935999999988174,0.5177889092671446
7.9369999999881715,0.5177830851662115
7.937999999988169,0.5177772136181729
7.938999999988167,0.5177728326912078
7.9399999999881645,0.517766951461369
7.940999999988162,0.5177612083504883
7.94199999998816,0.5177553022011482
7.9429999999881575,0.517749456655504
7.943999999988155,0.5177437493272401
7.944999999988153,0.5177394718739171
7.9459999999881505,0.5177338588952493
7.946999999988148,0.5177284042867113
7.947999999988146,0.5177231433051246
7.9489999999881435,0.5177178726491626
7.949999999988141,0.5177127538468174
7.950999999988139,0.517709094601695
7.951999999988137,0.5177044259420204
7.952999999988134,0.5176997107183178
7.953999999988132,0.5176950548170696
7.95499999998813,0.5176905019281911
7.955999999988127,0.517686009316471
7.956999999988125,0.5176824120041037
7.957999999988123,0.5176777782443179
7.95899999998812,0.5176731755454607
7.959999999988118,0.5176687250308801
7.960999999988116,0.5176642793502187
7.961999999988113,0.5176599242335421
7.962999999988111,0.5176557663218245
7.963999999988109,0.5176527245144764
7.964999999988106,0.5176488435680622
7.965999999988104,0.5176449737002256
7.966999999988102,0.5176414296297288
7.967999999988099,0.5176379836319385
7.968999999988097,0.5176345544004052
7.969999999988095,0.5176320897599856
7.970999999988092,0.517628858997004
7.97199999998809,0.5176256374129324
7.972999999988088,0.517622388616661
7.973999999988085,0.5176193098261822
7.974999999988083,0.5176162469584344
7.975999999988081,0.5176138836779426
7.976999999988078,0.5176106785976363
7.977999999988076,0.5176076822744153
7.978999999988074,0.5176047905362087
7.979999999988071,0.517601965316386
7.980999999988069,0.5175992501009266
7.981999999988067,0.5175975600773703
7.982999999988064,0.5175952929920075
7.983999999988062,0.5175931692134866
7.98499999998806,0.5175910663895851
7.985999999988057,0.5175891365320798
7.986999999988055,0.5175873024807888
7.987999999988053,0.5175854532689294
7.98899999998805,0.5175841101760016
7.989999999988048,0.5175823058599985
7.990999999988046,0.5175806699168916
7.991999999988043,0.5175788982000664
7.992999999988041,0.5175772115102113
7.993999999988039,0.517575688635047
7.994999999988036,0.5175745624935151
7.995999999988034,0.5175731673164201
7.996999999988032,0.5175719493024002
7.997999999988029,0.5175709432075142
7.998999999988027,0.5175699529616681
7.999999999988025,0.5175691346820898
8.000999999988023,0.5175687122116684
8.001999999988021,0.5175683749014948
8.002999999988019,0.5175680208851137
8.003999999988016,0.5175677548353677
8.004999999988014,0.5175676174513211
8.005999999988012,0.5175675663850938
8.00699999998801,0.5175673163324722
8.007999999988007,0.5175671673252381
8.008999999988005,0.5175670714444601
8.009999999988002,0.5175671498848656
8.010999999988,0.5175672519781873
8.011999999987998,0.5175674563277523
8.012999999987995,0.5175678709836078
8.013999999987993,0.5175682689706529
8.01499999998799,0.5175689841788732
8.015999999987988,0.51756973047412
8.016999999987986,0.5175708118702417
8.017999999987984,0.5175720090668275
8.018999999987981,0.5175732459757597
8.019999999987979,0.5175742917612353
8.020999999987977,0.5175757587333276
8.021999999987974,0.5175772566396193
8.022999999987972,0.5175787485252263
8.02399999998797,0.517580430803673
8.024999999987967,0.5175821471079008
8.025999999987965,0.5175833781007632
8.026999999987963,0.5175849732746776
8.02799999998796,0.5175867905385813
8.028999999987958,0.5175887261612533
8.029999999987956,0.5175907372756344
8.030999999987953,0.5175928662101028
8.031999999987951,0.5175948046446398
8.032999999987949,0.5175973893349269
8.033999999987946,0.5176001269669969
8.034999999987944,0.5176029016643441
8.035999999987942,0.5176058608603564
8.03699999998794,0.5176089268213735
8.037999999987937,0.5176119934551976
8.038999999987935,0.5176143475875353
8.039999999987932,0.5176174848439896
8.04099999998793,0.517620804884033
8.041999999987928,0.5176239991528916
8.042999999987925,0.5176272862865449
8.043999999987923,0.5176307463522678
8.04499999998792,0.5176333588403204
8.045999999987918,0.5176369492415488
8.046999999987916,0.5176407177693669
8.047999999987914,0.5176446985965479
8.048999999987911,0.5176487030183647
8.049999999987909,0.5176528812911992
8.050999999987907,0.5176562053038661
8.051999999987904,0.5176608618689963
8.052999999987902,0.5176655136167462
8.0539999999879,0.5176702640946426
8.054999999987897,0.5176751505247664
8.055999999987895,0.5176801309514888
8.056999999987893,0.5176836577781718
8.05799999998789,0.5176885507221126
8.058999999987888,0.5176935005342801
8.059999999987886,0.5176986285929603
8.060999999987883,0.5177037804988439
8.061999999987881,0.5177090272869507
8.062999999987879,0.5177144785708744
8.063999999987876,0.5177186516864083
8.064999999987874,0.5177243933217182
8.065999999987872,0.5177301667468659
8.06699999998787,0.5177362646024096
8.067999999987867,0.5177424762601182
8.068999999987865,0.5177487310995555
8.069999999987862,0.5177535379560184
8.07099999998786,0.5177600194946204
8.071999999987858,0.5177665338025091
8.072999999987855,0.5177730436967093
8.073999999987853,0.5177797449625976
8.07499999998785,0.517786478714319
8.075999999987848,0.5177914697346613
8.076999999987846,0.5177980688171828
8.077999999987844,0.5178048836769028
8.078999999987841,0.5178118108136321
8.07999999998784,0.5178188025697582
8.080999999987837,0.5178259000301698
8.081999999987834,0.5178315469849368
8.082999999987832,0.517839072282929
8.08399999998783,0.5178467398573727
8.084999999987827,0.5178544402030002
8.085999999987825,0.5178623161637336
8.086999999987823,0.517870289096608
8.08799999998782,0.5178782580860715
8.088999999987818,0.5178842857415604
8.089999999987816,0.5178923152152378
8.090999999987813,0.5179005214647312
8.091999999987811,0.5179085916419605
8.092999999987809,0.517916742468637
8.093999999987807,0.5179250549652834
8.094999999987804,0.5179312950613988
8.095999999987802,0.5179397055935483
8.0969999999878,0.517948274920391
8.097999999987797,0.5179570367865276
8.098999999987795,0.5179658093992332
8.099999999987793,0.5179747374839682
8.10099999998779,0.5179816096366993
8.101999999987788,0.517990977670741
8.102999999987786,0.5180003319527734
8.103999999987783,0.5180097749217931
8.10499999998778,0.5180193405257825
8.105999999987779,0.5180289872108971
8.106999999987776,0.5180360037832856
8.107999999987774,0.51804553767237
8.108999999987772,0.5180551119751872
8.10999999998777,0.5180648478979932
8.110999999987767,0.5180745879032437
8.111999999987765,0.5180843960217217
8.112999999987762,0.5180943831670642
8.11399999998776,0.5181019425941187
8.114999999987758,0.5181121753223523
8.115999999987755,0.5181224202568162
8.116999999987753,0.5181329595040122
8.11799999998775,0.5181435906164081
8.118999999987748,0.5181542478936775
8.119999999987746,0.518162341146268
8.120999999987744,0.5181731868831079
8.121999999987741,0.5181840468625066
8.122999999987739,0.5181948840279494
8.123999999987737,0.5182058930784659
8.124999999987734,0.5182169132646823
8.125999999987732,0.5182251034793843
8.12699999998773,0.518235942535954
8.127999999987727,0.5182469712546673
8.128999999987725,0.5182580864582886
8.129999999987723,0.5182692366857106
8.13099999998772,0.5182804619122495
8.131999999987718,0.5182891756652033
8.132999999987716,0.5183007687022887
8.133999999987713,0.5183124746521492
8.134999999987711,0.5183241895271068
8.135999999987709,0.5183360522255227
8.136999999987706,0.5183479835201826
8.137999999987704,0.518359887174063
8.138999999987702,0.5183688497226823
8.1399999999877,0.518380770272588
8.140999999987697,0.5183928419623116
8.141999999987695,0.5184047493515
8.142999999987692,0.5184167070125594
8.14399999998769,0.5184287961936734
8.144999999987688,0.5184378459068966
8.145999999987685,0.5184499710848612
8.146999999987683,0.5184622183961495
8.14799999998768,0.5184746214802048
8.148999999987678,0.5184870044535608
8.149999999987676,0.5184995075738886
8.150999999987674,0.5185090360271519
8.151999999987671,0.5185219122949226
8.152999999987669,0.518534747576216
8.153999999987667,0.5185476431469318
8.154999999987664,0.5185606305232306
8.155999999987662,0.5185736685635993
8.15699999998766,0.5185832085845584
8.157999999987657,0.5185960790514577
8.158999999987655,0.5186089566973714
8.159999999987653,0.5186219617969774
8.16099999998765,0.5186349351755043
8.161999999987648,0.518647935367163
8.162999999987646,0.5186610739023012
8.163999999987643,0.518670970981285
8.164999999987641,0.5186842840618646
8.165999999987639,0.5186975737361634
8.166999999987636,0.5187111137612864
8.167999999987634,0.5187247086756063
8.168999999987632,0.51873829646177
8.16999999998763,0.5187485625841826
8.170999999987627,0.5187622746831997
8.171999999987625,0.5187759668672209
8.172999999987622,0.5187896025075512
8.17399999998762,0.51880337423901
8.174999999987618,0.5188171208512211
8.175999999987615,0.5188273313148405
8.176999999987613,0.518840827712542
8.17799999998761,0.5188544727874285
8.178999999987608,0.5188681640394738
8.179999999987606,0.5188818479703117
8.180999999987604,0.5188955637531989
8.181999999987601,0.5189061102577011
8.182999999987599,0.5189201134122678
8.183999999987597,0.5189341877522763
8.184999999987594,0.518948233366147
8.185999999987592,0.5189623863463189
8.18699999998759,0.5189765677620957
8.187999999987587,0.5189906848696304
8.188999999987585,0.5190012824654373
8.189999999987583,0.5190153501813356
8.19099999998758,0.5190295294573055
8.191999999987578,0.519043505189945
8.192999999987576,0.5190574891502481
8.193999999987573,0.5190715618263887
8.194999999987571,0.5190820699080665
8.195999999987569,0.5190960996145276
8.196999999987566,0.5191102048221448
8.197999999987564,0.5191244194438669
8.198999999987562,0.5191385721269777
8.19999999998756,0.5191528002181632
8.200999999987557,0.5191635918616361
8.201999999987555,0.5191781120600194
8.202999999987552,0.5191925526941181
8.20399999998755,0.5192070137667213
8.204999999987548,0.5192215256352987
8.205999999987545,0.5192360475793802
8.206999999987543,0.5192466759000851
8.20799999998754,0.5192609595320898
8.208999999987538,0.519275207864696
8.209999999987536,0.5192895392446303
8.210999999987534,0.5193037949411299
8.211999999987531,0.5193180301371036
8.21299999998753,0.5193323559846882
8.213999999987527,0.5193431128081237
8.214999999987525,0.5193575306311988
8.215999999987522,0.5193718815115695
8.21699999998752,0.5193864338848697
8.217999999987518,0.5194009975899906
8.218999999987515,0.5194155126383794
8.219999999987513,0.5194264453373467
8.22099999998751,0.5194410096729281
8.221999999987508,0.5194555126872353
8.222999999987506,0.5194699183718235
8.223999999987504,0.5194844160424141
8.224999999987501,0.5194988458532511
8.225999999987499,0.5195095409694077
8.226999999987497,0.519523644593717
8.227999999987494,0.5195378494976763
8.228999999987492,0.5195520543713932
8.22999999998749,0.5195662058327207
8.230999999987487,0.5195803426437834
8.231999999987485,0.5195911701061126
8.232999999987483,0.5196055098957174
8.23399999998748,0.5196198759327408
8.234999999987478,0.5196341706513072
8.235999999987476,0.5196485286949012
8.236999999987473,0.5196628726258338
8.237999999987471,0.5196771115990636
8.238999999987469,0.519687772529745
8.239999999987466,0.5197018889271865
8.240999999987464,0.5197160721748809
8.241999999987462,0.5197300110104153
8.24299999998746,0.5197439135060753
8.243999999987457,0.5197578583420938
8.244999999987455,0.5197682412063112
8.245999999987452,0.5197820638334624
8.24699999998745,0.5197959149475195
8.247999999987448,0.5198098290497303
8.248999999987445,0.5198236378235946
8.249999999987443,0.5198374773986972
8.25099999998744,0.5198479479128855
8.251999999987438,0.5198620014556673
8.252999999987436,0.519875934831453
8.253999999987434,0.5198898466307337
8.254999999987431,0.5199037674511726
8.255999999987429,0.5199176569976708
8.256999999987427,0.5199277882736894
8.257999999987424,0.5199413695694116
8.258999999987422,0.5199548732964759
8.25999999998742,0.5199684148622429
8.260999999987417,0.519981838183018
8.261999999987415,0.5199951974188756
8.262999999987413,0.5200086022244567
8.26399999998741,0.5200186390921718
8.264999999987408,0.5200320587479014
8.265999999987406,0.5200453696264388
8.266999999987403,0.5200588380237194
8.267999999987401,0.5200722772291796
8.268999999987399,0.5200856275701997
8.269999999987396,0.5200956603616308
8.270999999987394,0.5201089909176417
8.271999999987392,0.5201222211367839
8.27299999998739,0.5201353156875496
8.273999999987387,0.5201484593334724
8.274999999987385,0.5201614954310778
8.275999999987382,0.5201711206086786
8.27699999998738,0.5201837644255615
8.277999999987378,0.5201964652931361
8.278999999987375,0.5202091236283084
8.279999999987373,0.5202216882361296
8.28099999998737,0.5202341978370368
8.281999999987368,0.5202437766356246
8.282999999987366,0.5202564175527865
8.283999999987364,0.5202690460092192
8.284999999987361,0.5202815651181878
8.285999999987359,0.5202941093312244
8.286999999987357,0.5203066039116603
8.287999999987354,0.5203189582710008
8.288999999987352,0.5203281809137305
8.28999999998735,0.520340349079157
8.290999999987347,0.5203525437275672
8.291999999987345,0.5203644607540954
8.292999999987343,0.5203763036148031
8.29399999998734,0.5203881482850609
8.294999999987338,0.5203969326148083
8.295999999987336,0.5204085915319605
8.296999999987333,0.5204202407545582
8.297999999987331,0.52043191553091
8.298999999987329,0.5204434492468485
8.299999999987326,0.5204549782742504
8.300999999987324,0.520463692748242
8.301999999987322,0.5204753759894829
8.30299999998732,0.5204869055785538
8.303999999987317,0.5204983785547956
8.304999999987315,0.520509826963474
8.305999999987312,0.5205212109326964
8.30699999998731,0.5205294477743022
8.307999999987308,0.5205404698607773
8.308999999987305,0.52055138113786
8.309999999987303,0.5205622932631787
8.3109999999873,0.5205730546636025
8.311999999987298,0.5205837205131435
8.312999999987296,0.5205943979406491
8.313999999987294,0.5206023673409976
8.314999999987291,0.5206130026774852
8.31599999998729,0.5206234977014635
8.316999999987287,0.5206341192196091
8.317999999987284,0.5206446823078723
8.318999999987282,0.5206551261863506
8.31999999998728,0.5206629605713778
8.320999999987277,0.5206733357817891
8.321999999987275,0.5206835823897983
8.322999999987273,0.5206936656685488
8.32399999998727,0.5207037648924213
8.324999999987268,0.5207137280826144
8.325999999987266,0.5207210321599268
8.326999999987263,0.5207305602957267
8.327999999987261,0.5207401126170167
8.328999999987259,0.5207495916999983
8.329999999987256,0.5207589501053091
8.330999999987254,0.5207682267702524
8.331999999987252,0.5207753635286118
8.33299999998725,0.5207847252512531
8.333999999987247,0.5207940493589939
8.334999999987245,0.5208032383565673
8.335999999987243,0.5208124273893541
8.33699999998724,0.5208215453554844
8.337999999987238,0.520830500579879
8.338999999987236,0.520837157276356
8.339999999987233,0.5208458851718388
8.34099999998723,0.5208546112195656
8.341999999987229,0.5208630409316837
8.342999999987226,0.5208713724274582
8.343999999987224,0.5208796783981778
8.344999999987222,0.5208857954687426
8.34599999998722,0.5208938791283524
8.346999999987217,0.5209019302905729
8.347999999987215,0.5209099849121068
8.348999999987212,0.5209178771323896
8.34999999998721,0.5209257445015067
8.350999999987208,0.5209317000718875
8.351999999987205,0.5209396903553141
8.352999999987203,0.5209475073128368
8.3539999999872,0.5209552463203762
8.354999999987198,0.5209629416390674
8.355999999987196,0.5209705538106146
8.356999999987194,0.5209759574817343
8.357999999987191,0.520983180898392
8.358999999987189,0.5209902753135845
8.359999999987187,0.52099734818214
8.360999999987184,0.5210042536182866
8.361999999987182,0.52101104918194
8.36299999998718,0.5210178387265229
8.363999999987177,0.521022881094609
8.364999999987175,0.5210296007802993
8.365999999987173,0.5210361644268385
8.36699999998717,0.5210428409639605
8.367999999987168,0.5210494460627447
8.368999999987166,0.5210559169558655
8.369999999987163,0.521060763913992
8.370999999987161,0.5210671457500817
8.371999999987159,0.5210733865720056
8.372999999987156,0.5210794520928457
8.373999999987154,0.5210855156399646
8.374999999987152,0.5210914307182702
8.37599999998715,0.5210956933452157
8.376999999987147,0.5211011609356057
8.377999999987145,0.5211066360960477
8.378999999987142,0.5211120238013623
8.37999999998714,0.5211172811655123
8.380999999987138,0.5211224474385139
8.381999999987135,0.5211264965562883
8.382999999987133,0.521131732872369
8.38399999998713,0.5211369235444832
8.384999999987128,0.5211419697635851
8.385999999987126,0.5211470077239982
8.386999999987124,0.5211519704223881
8.387999999987121,0.5211567643016273
8.388999999987119,0.5211602942346437
8.389999999987117,0.5211648486162354
8.390999999987114,0.5211693890273444
8.391999999987112,0.5211736317824275
8.39299999998711,0.5211777692955918
8.393999999987107,0.5211818707962778
8.394999999987105,0.5211848330331962
8.395999999987103,0.5211887068578698
8.3969999999871,0.5211925432464319
8.397999999987098,0.5211963786435263
8.398999999987096,0.5212000475005276
8.399999999987093,0.521203688818115
8.400999999987091,0.5212064737762756
8.401999999987089,0.5212102378070858
8.402999999987086,0.5212138254769209
8.403999999987084,0.521217330430968
8.404999999987082,0.521220789353805
8.40599999998708,0.5212241631850032
8.406999999987077,0.5212263953053958
8.407999999987075,0.5212293835482975
8.408999999987072,0.52123224163791
8.40999999998707,0.5212350727927698
8.410999999987068,0.5212377371474675
8.411999999987065,0.5212402951672745
8.412999999987063,0.5212428470741097
8.41399999998706,0.5212447116923815
8.414999999987058,0.521247196694387
8.415999999987056,0.5212495270998121
8.416999999987054,0.5212519743179848
8.417999999987051,0.5212543540548924
8.418999999987049,0.5212566013250699
8.419999999987047,0.5212582839993138
8.420999999987044,0.5212604512208
8.421999999987042,0.521262481782792
8.42299999998704,0.5212643416361116
8.423999999987037,0.5212661982375978
8.424999999987035,0.5212679106577611
8.425999999987033,0.5212690270008739
8.42699999998703,0.5212703093038418
8.427999999987028,0.5212715995123336
8.428999999987026,0.521272805013436
8.429999999987023,0.5212738874371542
8.430999999987021,0.5212748862741671
8.431999999987019,0.5212758161128868
8.432999999987016,0.5212768994473508
8.433999999987014,0.5212779455455762
8.434999999987012,0.5212788542158127
8.43599999998701,0.5212797625078351
8.436999999987007,0.5212806074459225
8.437999999987005,0.5212812934423987
8.438999999987002,0.5212817473770991
8.439999999987,0.5212822097931056
8.440999999986998,0.5212826623197531
8.441999999986995,0.521282831899173
8.442999999986993,0.5212829052839559
8.44399999998699,0.5212829484523375
8.444999999986988,0.5212828759919239
8.445999999986986,0.5212827140944053
8.446999999986984,0.5212825259048282
8.447999999986981,0.5212823480154
8.44899999998698,0.521282015254329
8.449999999986977,0.5212816677109833
8.450999999986974,0.5212814699163956
8.451999999986972,0.5212812713057142
8.45299999998697,0.5212809086222411
8.453999999986967,0.5212804737662688
8.454999999986965,0.5212800055152179
8.455999999986963,0.5212794651883401
8.45699999998696,0.5212787783232959
8.457999999986958,0.5212778816671195
8.458999999986956,0.5212768686454431
8.459999999986954,0.5212758385880277
8.460999999986951,0.5212746571903107
8.461999999986949,0.521273387514554
8.462999999986947,0.5212721262074724
8.463999999986944,0.5212711410867625
8.464999999986942,0.5212698410481246
8.46599999998694,0.5212684023469998
8.466999999986937,0.5212670980689147
8.467999999986935,0.5212657440302415
8.468999999986933,0.5212642733959214
8.46999999998693,0.5212631798815879
8.470999999986928,0.5212616616860325
8.471999999986926,0.5212600249127397
8.472999999986923,0.5212582355683594
8.47399999998692,0.521256455777484
8.474999999986919,0.5212545496055668
8.475999999986916,0.5212529663090714
8.476999999986914,0.5212506700255978
8.477999999986912,0.521248395737184
8.47899999998691,0.5212460530556944
8.479999999986907,0.5212436073876417
8.480999999986905,0.5212410982612037
8.481999999986902,0.5212394109251223
8.4829999999869,0.5212370220673183
8.483999999986898,0.5212346165011497
8.484999999986895,0.521232093127401
8.485999999986893,0.5212295892226531
8.48699999998689,0.521227045302458
8.487999999986888,0.5212243641891889
8.488999999986886,0.5212223057810005
8.489999999986884,0.5212194378959764
8.490999999986881,0.521216576709349
8.491999999986879,0.5212134584870601
8.492999999986877,0.5212102647340929
8.493999999986874,0.5212070586787177
8.494999999986872,0.5212045654637302
8.49599999998687,0.5212011958651263
8.496999999986867,0.5211978220498852
8.497999999986865,0.5211944803835334
8.498999999986863,0.5211910065325541
8.49999999998686,0.5211875408516136
8.500999999986858,0.5211850196518846
8.501999999986856,0.5211817454866445
8.502999999986853,0.5211783302049977
8.503999999986851,0.5211748639991707
8.504999999986849,0.5211713870156859
8.505999999986846,0.5211678609377451
8.506999999986844,0.5211649568357566
8.507999999986842,0.5211611203934104
8.50899999998684,0.5211571910988171
8.509999999986837,0.5211532650012997
8.510999999986835,0.5211492123277908
8.511999999986832,0.5211450978082969
8.51299999998683,0.5211410149095003
8.513999999986828,0.5211379296271954
8.514999999986825,0.5211338509538878
8.515999999986823,0.5211296584403046
8.51699999998682,0.5211256252357458
8.517999999986818,0.5211215678441484
8.518999999986816,0.5211174183725779
8.519999999986814,0.5211143327554905
8.520999999986811,0.5211101811799611
8.521999999986809,0.5211059370504522
8.522999999986807,0.5211015663132892
8.523999999986804,0.5210972265923006
8.524999999986802,0.5210927859456788
8.5259999999868,0.52108932059419
8.526999999986797,0.5210845411579426
8.527999999986795,0.521079805695479
8.528999999986793,0.5210750257224036
8.52999999998679,0.5210701692541643
8.530999999986788,0.5210652755861883
8.531999999986786,0.5210618163261213
8.532999999986783,0.5210570881744224
8.533999999986781,0.5210523694814612
8.534999999986779,0.521047559061083
8.535999999986776,0.5210427935547591
8.536999999986774,0.5210380161385004
8.537999999986772,0.5210331288914635
8.53899999998677,0.5210294328571566
8.539999999986767,0.5210244055347826
8.540999999986765,0.5210194079622134
8.541999999986762,0.521014183750314
8.54299999998676,0.5210089098178011
8.543999999986758,0.5210036472841231
8.544999999986755,0.5209996304375872
8.545999999986753,0.5209942527398502
8.54699999998675,0.520988896939964
8.547999999986748,0.5209835988536217
8.548999999986746,0.5209781956628186
8.549999999986744,0.5209728269602433
8.550999999986741,0.520968895414588
8.551999999986739,0.5209637647887236
8.552999999986737,0.5209585202124517
8.553999999986734,0.5209532502469209
8.554999999986732,0.520947995508319
8.55599999998673,0.5209427180348964
8.556999999986727,0.520938523215498
8.557999999986725,0.5209329861449334
8.558999999986723,0.5209273827667944
8.55999999998672,0.5209218065547986
8.560999999986718,0.520916130987417
8.561999999986716,0.5209104212297705
8.562999999986713,0.5209047681635016
8.563999999986711,0.5209005225378629
8.564999999986709,0.5208949191534198
8.565999999986706,0.5208892288103693
8.566999999986704,0.5208837227910967
8.567999999986702,0.5208782191415157
8.5689999999867,0.5208726498814271
8.569999999986697,0.5208685166823248
8.570999999986695,0.5208629917403041
8.571999999986692,0.5208574014173688
8.57299999998669,0.5208517115722109
8.573999999986688,0.5208460762396451
8.574999999986685,0.5208403663237116
8.575999999986683,0.520835967782387
8.57699999998668,0.5208299694551142
8.577999999986679,0.5208240381726621
8.578999999986676,0.5208180869881125
8.579999999986674,0.5208120852627243
8.580999999986672,0.5208060717939467
8.58199999998667,0.5208017871434695
8.582999999986667,0.5207959816569097
8.583999999986665,0.5207902106081309
8.584999999986662,0.5207843736449913
8.58599999998666,0.5207786059092381
8.586999999986658,0.5207728523305974
8.587999999986655,0.5207670152488897
8.588999999986653,0.5207626233856529
8.58999999998665,0.5207566911324303
8.590999999986648,0.5207508115119274
8.591999999986646,0.5207447333671027
8.592999999986644,0.5207386297740928
8.593999999986641,0.520732560362763
8.594999999986639,0.5207279551964575
8.595999999986637,0.5207218140439893
8.596999999986634,0.5207157181661425
8.597999999986632,0.5207097026197451
8.59899999998663,0.5207036067955532
8.599999999986627,0.5206975685632952
8.600999999986625,0.5206931492177426
8.601999999986623,0.520687388135179
8.60299999998662,0.5206815380037932
8.603999999986618,0.5206756858548834
8.604999999986616,0.5206698719271203
8.605999999986613,0.5206640586142338
8.606999999986611,0.5206594813120582
8.607999999986609,0.520653452730414
8.608999999986606,0.5206473810375734
8.609999999986604,0.5206413577689618
8.610999999986602,0.5206352584513855
8.6119999999866,0.5206291474877482
8.612999999986597,0.5206231138057942
8.613999999986595,0.5206185970591453
8.614999999986592,0.520612650039237
8.61599999998659,0.5206066387387067
8.616999999986588,0.5206008308194138
8.617999999986585,0.5205950467505659
8.618999999986583,0.5205892193690017
8.61999999998658,0.520584906152518
8.620999999986578,0.5205791600555826
8.621999999986576,0.5205733708698767
8.622999999986574,0.5205675044258848
8.623999999986571,0.5205617119607234
8.624999999986569,0.5205558662081897
8.625999999986567,0.52055138068152
8.626999999986564,0.5205452857977957
8.627999999986562,0.5205392761436352
8.62899999998656,0.5205332659834863
8.629999999986557,0.5205272249700231
8.630999999986555,0.5205211912044959
8.631999999986553,0.5205169002717748
8.63299999998655,0.5205111044729253
8.633999999986548,0.5205053614108534
8.634999999986546,0.5204995723624365
8.635999999986543,0.5204938703022517
8.636999999986541,0.5204882011380957
8.637999999986539,0.5204824683847562
8.638999999986536,0.5204781672664047
8.639999999986534,0.5204723730118186
8.640999999986532,0.5204666485686127
8.64199999998653,0.5204607462526574
8.642999999986527,0.5204548359616894
8.643999999986525,0.5204489763006565
8.644999999986522,0.5204445400900775
8.64599999998652,0.5204386383751607
8.646999999986518,0.5204327975187929
8.647999999986515,0.5204270517527694
8.648999999986513,0.5204212432174264
8.64999999998651,0.5204155073812882
8.650999999986508,0.5204113235947255
8.651999999986506,0.5204058885837642
8.652999999986504,0.520400382249114
8.653999999986501,0.5203948902010607
8.654999999986499,0.5203894516877192
8.655999999986497,0.5203840294683005
8.656999999986494,0.5203797587137564
8.657999999986492,0.5203741511748542
8.65899999998649,0.5203685158118155
8.659999999986487,0.5203629426677685
8.660999999986485,0.5203573084480283
8.661999999986483,0.5203516759080573
8.66299999998648,0.5203461325432174
8.663999999986478,0.5203419921165389
8.664999999986476,0.5203365567228144
8.665999999986473,0.520331071269291
8.666999999986471,0.5203257986006583
8.667999999986469,0.5203205623045999
8.668999999986466,0.5203152966861488
8.669999999986464,0.5203114122638429
8.670999999986462,0.5203062489408772
8.67199999998646,0.5203010560500934
8.672999999986457,0.520295799516696
8.673999999986455,0.520290628309838
8.674999999986452,0.5202854163072456
8.67599999998645,0.520281414827032
8.676999999986448,0.520275976011177
8.677999999986445,0.5202706319131994
8.678999999986443,0.5202652977858275
8.67999999998644,0.5202599429346899
8.680999999986438,0.5202546046722702
8.681999999986436,0.5202508371803654
8.682999999986434,0.5202457492650097
8.683999999986431,0.5202407227158361
8.68499999998643,0.5202356609522586
8.685999999986427,0.5202306944355881
8.686999999986424,0.5202257695532708
8.687999999986422,0.5202207916349529
8.68899999998642,0.5202170630554338
8.689999999986417,0.5202120409118604
8.690999999986415,0.5202070968430449
8.691999999986413,0.5202019855558255
8.69299999998641,0.5201968742353644
8.693999999986408,0.5201918206973849
8.694999999986406,0.5201879940229601
8.695999999986403,0.5201829103836492
8.696999999986401,0.520177893072735
8.697999999986399,0.5201729755654503
8.698999999986397,0.5201680030399753
8.699999999986394,0.5201631082850157
8.700999999986392,0.5201595573310266
8.70199999998639,0.5201549688118243
8.702999999986387,0.5201503171921696
8.703999999986385,0.5201456867644171
8.704999999986383,0.5201411155040699
8.70599999998638,0.5201365665537372
8.706999999986378,0.5201329570093861
8.707999999986376,0.5201282352196062
8.708999999986373,0.5201234911408391
8.70999999998637,0.5201188135209741
8.710999999986369,0.5201140798407099
8.711999999986366,0.520109350791551
8.712999999986364,0.5201047127539333
8.713999999986362,0.5201012532247213
8.71499999998636,0.5200967266759238
8.715999999986357,0.520092154391282
8.716999999986355,0.5200877939441123
8.717999999986352,0.5200834724203256
8.71899999998635,0.520079125900923
8.719999999986348,0.5200759316749475
8.720999999986345,0.5200716910613672
8.721999999986343,0.520067424590485
8.72299999998634,0.5200630984326207
8.723999999986338,0.5200588595034599
8.724999999986336,0.5200545825536302
8.725999999986334,0.5200512845709391
8.726999999986331,0.5200467855082187
8.727999999986329,0.5200423809977477
8.728999999986327,0.520037987188826
8.729999999986324,0.5200335728893913
8.730999999986322,0.5200291746450272
8.73199999998632,0.5200261072936988
8.732999999986317,0.5200219543324001
8.733999999986315,0.5200178616513081
8.734999999986313,0.5200137349886218
8.73599999998631,0.5200097022936936
8.736999999986308,0.5200057102681928
8.737999999986306,0.5200016663367917
8.738999999986303,0.5199986384463251
8.739999999986301,0.5199945510810485
8.740999999986299,0.5199905407888442
8.741999999986296,0.519986364363456
8.742999999986294,0.5199821864939472
8.743999999986292,0.5199780642094192
8.74499999998629,0.519974934674344
8.745999999986287,0.5199707777035376
8.746999999986285,0.5199666830792817
8.747999999986282,0.5199626836839311
8.74899999998628,0.5199586277534405
8.749999999986278,0.5199546455172748
8.750999999986275,0.5199517750045007
8.751999999986273,0.5199480884395375
8.75299999998627,0.5199443380487747
8.753999999986268,0.5199406068960628
8.754999999986266,0.5199369317302469
8.755999999986264,0.5199332761000357
8.756999999986261,0.5199303369417324
8.757999999986259,0.5199265054571431
8.758999999986257,0.5199226484916638
8.759999999986254,0.5199188534618676
8.760999999986252,0.5199149986796593
8.76199999998625,0.5199111428375076
8.762999999986247,0.5199073712881255
8.763999999986245,0.5199045578317042
8.764999999986243,0.519900886390154
8.76599999998624,0.5198971650556329
8.766999999986238,0.5198936463849801
8.767999999986236,0.5198901610017402
8.768999999986233,0.5198866467438873
8.769999999986231,0.5198840723131616
8.770999999986229,0.5198806535721914
8.771999999986226,0.5198772046299146
8.772999999986224,0.519873692040807
8.773999999986222,0.5198702606036151
8.77499999998622,0.5198667860476107
8.775999999986217,0.5198640869666153
8.776999999986215,0.5198603814952366
8.777999999986212,0.5198567625730017
8.77899999998621,0.5198531472764254
8.779999999986208,0.5198495041872548
8.780999999986205,0.5198458692001392
8.781999999986203,0.5198433648654226
8.7829999999862,0.5198399574469902
8.783999999986198,0.5198366020854503
8.784999999986196,0.5198332067220095
8.785999999986194,0.5198298970737153
8.786999999986191,0.5198266202844265
8.787999999986189,0.5198232858174772
8.788999999986187,0.5198207856171018
8.789999999986184,0.5198173964690053
8.790999999986182,0.5198140764177991
8.79199999998618,0.5198105846962785
8.792999999986177,0.5198070834866939
8.793999999986175,0.5198036288604386
8.794999999986173,0.5198009945977615
8.79599999998617,0.5197974896610633
8.796999999986168,0.5197940367786916
8.797999999986166,0.5197906684405615
8.798999999986163,0.5197872357538599
8.799999999986161,0.5197838668027972
8.800999999986159,0.5197814486204676
8.801999999986156,0.5197783550842981
8.802999999986154,0.5197751910313584
8.803999999986152,0.5197720383704056
8.80499999998615,0.5197689329054548
8.805999999986147,0.5197658386144237
8.806999999986145,0.5197633175087432
8.807999999986142,0.5197600348299741
8.80899999998614,0.5197567180670597
8.809999999986138,0.5197534531131847
8.810999999986135,0.5197501194955018
8.811999999986133,0.519746774335981
8.81299999998613,0.5197435018567987
8.813999999986128,0.5197410556426532
8.814999999986126,0.519737863601047
8.815999999986124,0.5197346126276782
8.816999999986121,0.519731551005959
8.81799999998612,0.5197285126680983
8.818999999986117,0.5197254369690396
8.819999999986115,0.5197231843945975
8.820999999986112,0.5197201866695333
8.82199999998611,0.5197171501432337
8.822999999986108,0.5197140418497792
8.823999999986105,0.5197110042379495
8.824999999986103,0.5197079143607214
8.8259999999861,0.5197054984456053
8.826999999986098,0.5197021626422645
8.827999999986096,0.5196989013697039
8.828999999986094,0.5196956327443397
8.829999999986091,0.5196923256436281
8.830999999986089,0.5196890154793248
8.831999999986087,0.5196867438648775
8.832999999986084,0.5196836385840271
8.833999999986082,0.5196805742503231
8.83499999998608,0.5196774607218259
8.835999999986077,0.5196744219033541
8.836999999986075,0.5196714056861483
8.837999999986073,0.5196683232919049
8.83899999998607,0.5196660058698016
8.839999999986068,0.5196628528497231
8.840999999986066,0.5196597580311783
8.841999999986063,0.5196564838060151
8.842999999986061,0.5196531896933867
8.843999999986059,0.5196499305627544
8.844999999986056,0.5196474362554264
8.845999999986054,0.5196441080468552
8.846999999986052,0.5196408198221326
8.84799999998605,0.5196376038542622
8.848999999986047,0.5196343138421022
8.849999999986045,0.5196310762579458
8.850999999986042,0.5196287483183876
8.85199999998604,0.5196257643999362
8.852999999986038,0.5196227016848943
8.853999999986035,0.5196196409859627
8.854999999986033,0.5196166175309483
8.85599999998603,0.5196135957453014
8.856999999986028,0.5196111258258643
8.857999999986026,0.5196079015777277
8.858999999986024,0.5196046337194206
8.859999999986021,0.5196014063844436
8.860999999986019,0.5195981008208634
8.861999999986017,0.519594773168496
8.862999999986014,0.5195915063143769
8.863999999986012,0.5195890570694325
8.86499999998601,0.5195858508782598
8.865999999986007,0.5195825764379453
8.866999999986005,0.5195794786571512
8.867999999986003,0.5195763944171705
8.868999999986,0.5195732642847588
8.869999999985998,0.5195709642266901
8.870999999985996,0.5195678954788878
8.871999999985993,0.5195647796906111
8.872999999985991,0.5195615844089763
8.873999999985989,0.5195584494732264
8.874999999985986,0.5195552536540731
8.875999999985984,0.5195527535313539
8.876999999985982,0.5195492987557709
8.87799999998598,0.5195459070747025
8.878999999985977,0.5195424977810186
8.879999999985975,0.5195390405982595
8.880999999985972,0.5195355706239767
8.88199999998597,0.519533169890559
8.882999999985968,0.519529885350517
8.883999999985965,0.519526632372216
8.884999999985963,0.5195233224299781
8.88599999998596,0.5195200780121542
8.886999999985958,0.5195168480843402
8.887999999985956,0.5195135452841316
8.888999999985954,0.5195110574292584
8.889999999985951,0.5195076713164145
8.890999999985949,0.519504334132913
8.891999999985947,0.5195008121565576
8.892999999985944,0.5194972620548631
8.893999999985942,0.5194937372882997
8.89499999998594,0.5194910388706548
8.895999999985937,0.5194874310231887
8.896999999985935,0.5194838538633955
8.897999999985933,0.5194803395489485
8.89899999998593,0.5194767441255301
8.899999999985928,0.5194731929160149
8.900999999985926,0.5194706237126867
8.901999999985923,0.5194673106144884
8.902999999985921,0.519463913288603
8.903999999985919,0.5194605114998396
8.904999999985916,0.5194571401943237
8.905999999985914,0.5194537642534559
8.906999999985912,0.5194510280702759
8.90799999998591,0.5194474416383726
8.908999999985907,0.5194438054587516
8.909999999985905,0.5194402017370972
8.910999999985902,0.5194365138508357
8.9119999999859,0.5194327974792806
8.912999999985898,0.519429133974941
8.913999999985895,0.5194263826206714
8.914999999985893,0.5194227672557008
8.91599999998589,0.5194190782873486
8.916999999985888,0.5194155579596835
8.917999999985886,0.5194120457711319
8.918999999985884,0.5194084832868698
8.919999999985881,0.5194058553382673
8.92099999998588,0.5194023456024784
8.921999999985877,0.5193987850204194
8.922999999985874,0.5193951416227944
8.923999999985872,0.5193915524880007
8.92499999998587,0.5193878983616617
8.925999999985867,0.5193850528959723
8.926999999985865,0.5193811354810304
8.927999999985863,0.5193772743230377
8.92899999998586,0.5193733899929414
8.929999999985858,0.5193694534322865
8.930999999985856,0.5193654995469409
8.931999999985853,0.5193627305168572
8.932999999985851,0.5193589522498185
8.933999999985849,0.5193552015323007
8.934999999985846,0.5193513912822935
8.935999999985844,0.5193476427987921
8.936999999985842,0.5193439063213535
8.93799999998584,0.5193400956601446
8.938999999985837,0.5193372253457205
8.939999999985835,0.5193333282111732
8.940999999985833,0.5193294760569984
8.94199999998583,0.5193254394541827
8.942999999985828,0.5193213721087169
8.943999999985826,0.5193173259903794
8.944999999985823,0.519314235599889
8.94599999998582,0.5193101028528517
8.946999999985819,0.5193059975591886
8.947999999985816,0.5193019517646067
8.948999999985814,0.5192978237552106
8.949999999985812,0.5192937379433252
8.95099999998581,0.5192907659149398
8.951999999985807,0.5192869139010342
8.952999999985805,0.5192829783070932
8.953999999985802,0.5192790378909703
8.9549999999858,0.5192751274109165
8.955999999985798,0.5192712121991755
8.956999999985795,0.5192680751613645
8.957999999985793,0.5192639525402365
8.95899999998579,0.519259780338722
8.959999999985788,0.5192556388160604
8.960999999985786,0.5192514136217632
8.961999999985784,0.5192471602454537
8.962999999985781,0.519242958404838
8.963999999985779,0.5192398030795344
8.964999999985777,0.5192356486048744
8.965999999985774,0.5192314218332768
8.966999999985772,0.5192273626072365
8.96799999998577,0.5192233128697856
8.968999999985767,0.5192192151754135
8.969999999985765,0.5192161866949405
8.970999999985763,0.5192121450349978
8.97199999998576,0.5192080555535228
8.972999999985758,0.5192038866886316
8.973999999985756,0.5191997728038399
8.974999999985753,0.5191955966116262
8.975999999985751,0.5191923624797732
8.976999999985749,0.5191879307969383
8.977999999985746,0.51918355545324
8.978999999985744,0.5191791583213212
8.979999999985742,0.5191747116194436
8.98099999998574,0.5191702501081825
8.981999999985737,0.5191670997330274
8.982999999985735,0.5191628165476182
8.983999999985732,0.5191585639809387
8.98499999998573,0.5191542564385098
8.985999999985728,0.5191500140038423
8.986999999985725,0.5191457881617887
8.987999999985723,0.5191414938659102
8.98899999998572,0.5191382639827135
8.989999999985718,0.5191338924577511
8.990999999985716,0.5191295691248076
8.991999999985714,0.5191250687344615
8.992999999985711,0.5191205420773116
8.993999999985709,0.5191160397185537
8.994999999985707,0.5191126108600792
8.995999999985704,0.5191080307703934
8.996999999985702,0.5191034821245564
8.9979999999857,0.5190989967667906
8.998999999985697,0.5190944353065168
8.999999999985695,0.519089921185842
9.000999999985693,0.519086630712113
9.00199999998569,0.5190823584465822
9.002999999985688,0.5190780104866739
9.003999999985686,0.5190736646196437
9.004999999985683,0.5190693552511606
9.005999999985681,0.519065048144888
9.006999999985679,0.5190616252253509
9.007999999985676,0.519057126130835
9.008999999985674,0.5190525846894503
9.009999999985672,0.5190480793738542
9.01099999998567,0.5190434979095141
9.011999999985667,0.5190388955240303
9.012999999985665,0.5190343503536126
9.013999999985662,0.5190309420001582
9.01499999998566,0.5190264556978892
9.015999999985658,0.5190219055314742
9.016999999985655,0.5190175286529284
9.017999999985653,0.519013169505924
9.01899999998565,0.5190087718675964
9.019999999985648,0.5190055237634295
9.020999999985646,0.5190011973330986
9.021999999985644,0.5189968330555692
9.022999999985641,0.5189923996816361
9.023999999985639,0.5189880291238951
9.024999999985637,0.5189836057513559
9.025999999985634,0.5189801934583106
9.026999999985632,0.5189755338752934
9.02799999998563,0.5189709376794918
9.028999999985627,0.518966327974603
9.029999999985625,0.5189616779722284
9.030999999985623,0.5189570222517755
9.03199999998562,0.5189537295983027
9.032999999985618,0.5189492661931104
9.033999999985616,0.5189448429411978
9.034999999985613,0.5189403760078576
9.035999999985611,0.5189359839780708
9.036999999985609,0.5189316192989778
9.037999999985606,0.5189271982912488
9.038999999985604,0.5189238808765768
9.039999999985602,0.5189194031173081
9.0409999999856,0.5189149834535021
9.041999999985597,0.5189104001562043
9.042999999985595,0.5189058013262633
9.043999999985592,0.5189012363651508
9.04499999998559,0.5188977681549781
9.045999999985588,0.5188931447314972
9.046999999985585,0.5188885627873634
9.047999999985583,0.5188840538143982
9.04899999998558,0.5188794810032802
9.049999999985578,0.5188749664875189
9.050999999985576,0.5188716821438666
9.051999999985574,0.5188674270137688
9.052999999985571,0.5188631101635777
9.05399999998557,0.5188588084429969
9.054999999985567,0.5188545555065451
9.055999999985564,0.5188503175182333
9.056999999985562,0.5188469576326983
9.05799999998556,0.518842552647949
9.058999999985557,0.5188381181082772
9.059999999985555,0.5188337310091451
9.060999999985553,0.5188292806548025
9.06199999998555,0.5188248216157124
9.062999999985548,0.5188204306547325
9.063999999985546,0.518817145905272
9.064999999985544,0.5188128341984681
9.065999999985541,0.51880847239441
9.066999999985539,0.5188042941847457
9.067999999985537,0.5188001467884646
9.068999999985534,0.5187959756377394
9.069999999985532,0.5187929057211998
9.07099999998553,0.5187888290047293
9.071999999985527,0.5187847292753983
9.072999999985525,0.5187805755153488
9.073999999985523,0.5187764976183595
9.07499999998552,0.5187723810580143
9.075999999985518,0.5187692088913893
9.076999999985516,0.5187648825506479
9.077999999985513,0.5187606314728894
9.07899999998551,0.5187563798413786
9.079999999985509,0.518752101314884
9.080999999985506,0.5187478301911602
9.081999999985504,0.5187448313609645
9.082999999985502,0.5187407730176933
9.0839999999855,0.5187367681754268
9.084999999985497,0.5187327351955201
9.085999999985495,0.5187287906991158
9.086999999985492,0.5187248876115128
9.08799999998549,0.5187209440525362
9.088999999985488,0.5187179948363944
9.089999999985485,0.5187140215269921
9.090999999985483,0.5187101203614931
9.09199999998548,0.5187060720768972
9.092999999985478,0.5187020224547767
9.093999999985476,0.5186980200661553
9.094999999985474,0.5186949832601595
9.095999999985471,0.5186909467051551
9.096999999985469,0.5186869646386625
9.097999999985467,0.5186830680348488
9.098999999985464,0.5186791230261102
9.099999999985462,0.5186752499243059
9.10099999998546,0.5186724545451363
9.101999999985457,0.5186688619349955
9.102999999985455,0.5186652246314901
9.103999999985453,0.5186616185764545
9.10499999998545,0.5186580761376217
9.105999999985448,0.5186545638421955
9.106999999985446,0.5186517602564643
9.107999999985443,0.5186481097298312
9.108999999985441,0.5186444447518089
9.109999999985439,0.5186408412234039
9.110999999985436,0.5186371893616778
9.111999999985434,0.518633542483179
9.112999999985432,0.5186299762902613
9.11399999998543,0.5186273192494395
9.114999999985427,0.5186238554229846
9.115999999985425,0.5186203571575853
9.116999999985422,0.5186170536517822
9.11799999998542,0.5186137953109846
9.118999999985418,0.5186105297450299
9.119999999985415,0.5186081479114611
9.120999999985413,0.518605001681803
9.12199999998541,0.518601848520997
9.122999999985408,0.5185986576014072
9.123999999985406,0.5185955572953185
9.124999999985404,0.5185924335239659
9.125999999985401,0.51859001632409
9.126999999985399,0.5185867097458396
9.127999999985397,0.5185834915097922
9.128999999985394,0.5185802866837934
9.129999999985392,0.5185770687239337
9.13099999998539,0.518573871516081
9.131999999985387,0.5185716828555488
9.132999999985385,0.5185687185333154
9.133999999985383,0.5185658210271942
9.13499999998538,0.5185629113761153
9.135999999985378,0.518560103718483
9.136999999985376,0.5185573508868435
9.137999999985373,0.5185545733292988
9.138999999985371,0.5185525087849027
9.139999999985369,0.5185497282313224
9.140999999985366,0.5185470341888585
9.141999999985364,0.5185442086849803
9.142999999985362,0.5185413956164969
9.14399999998536,0.5185386430576615
9.144999999985357,0.5185365523606933
9.145999999985355,0.5185337880161804
9.146999999985352,0.5185310901359995
9.14799999998535,0.5185284890453806
9.148999999985348,0.5185258541734661
9.149999999985345,0.5185233034775611
9.150999999985343,0.5185215066431612
9.15199999998534,0.5185192540322012
9.152999999985338,0.5185169728103931
9.153999999985336,0.5185147380368814
9.154999999985334,0.5185125802588685
9.155999999985331,0.5185104663305699
9.156999999985329,0.5185087217351032
9.157999999985327,0.5185064950552906
9.158999999985324,0.5185042673419709
9.159999999985322,0.5185021137577261
9.16099999998532,0.5184999247822528
9.161999999985317,0.5184977518620576
9.162999999985315,0.5184956699711606
9.163999999985313,0.5184941337947405
9.16499999998531,0.5184921730466937
9.165999999985308,0.5184901913510944
9.166999999985306,0.5184884124149902
9.167999999985303,0.5184866902498942
9.168999999985301,0.5184849751155294
9.169999999985299,0.5184837629339539
9.170999999985296,0.5184821866964989
9.171999999985294,0.5184806167960446
9.172999999985292,0.5184790226087975
9.17399999998529,0.5184775314233379
9.174999999985287,0.5184760290175808
9.175999999985285,0.5184748359772503
9.176999999985282,0.5184731713711459
9.17799999998528,0.5184716053551777
9.178999999985278,0.5184700636925988
9.179999999985275,0.518468519073421
9.180999999985273,0.5184670048526944
9.18199999998527,0.5184660800316426
9.182999999985269,0.5184648115936896
9.183999999985266,0.5184636193445108
9.184999999985264,0.5184624273897859
9.185999999985262,0.5184613469571997
9.18699999998526,0.5184603302699794
9.187999999985257,0.5184593005872079
9.188999999985255,0.5184585545551921
9.189999999985252,0.5184575415272819
9.19099999998525,0.5184566257038623
9.191999999985248,0.5184555894223897
9.192999999985245,0.5184545750910952
9.193999999985243,0.5184536305267144
9.19499999998524,0.5184529013745935
9.195999999985238,0.5184519589736302
9.196999999985236,0.5184510902018427
9.197999999985234,0.5184503246741952
9.198999999985231,0.5184495353544472
9.199999999985229,0.5184488374524646
9.200999999985227,0.518448433432138
9.201999999985224,0.5184480414623807
9.202999999985222,0.5184476322069598
9.20399999998522,0.5184472798614586
9.204999999985217,0.5184470127615325
9.205999999985215,0.518446798059931
9.206999999985213,0.5184464840701916
9.20799999998521,0.5184461725160966
9.208999999985208,0.5184458680588425
9.209999999985206,0.5184456453568143
9.210999999985203,0.5184453947006334
9.211999999985201,0.5184451652205038
9.212999999985199,0.5184450314185298
9.213999999985196,0.5184449601476957
9.214999999985194,0.5184449559759575
9.215999999985192,0.51844493865779
9.21699999998519,0.5184451257346131
9.217999999985187,0.5184453751169791
9.218999999985185,0.5184456400044095
9.219999999985182,0.5184459154847182
9.22099999998518,0.5184463278110356
9.221999999985178,0.5184467535630558
9.222999999985175,0.5184471623882839
9.223999999985173,0.5184476807590779
9.22499999998517,0.5184481939411768
9.225999999985168,0.5184485164616903
9.226999999985166,0.5184488764217429
9.227999999985164,0.5184493390770633
9.228999999985161,0.5184498307498046
9.229999999985159,0.5184503230533458
9.230999999985157,0.5184508487397302
9.231999999985154,0.5184514506735132
9.232999999985152,0.5184522228871971
9.23399999998515,0.5184530738345261
9.234999999985147,0.5184539308677053
9.235999999985145,0.5184549020865854
9.236999999985143,0.5184559387707642
9.23799999998514,0.5184569672923406
9.238999999985138,0.5184577679853514
9.239999999985136,0.5184588206637334
9.240999999985133,0.518459974509944
9.241999999985131,0.5184610116537307
9.242999999985129,0.5184620732780252
9.243999999985126,0.5184632070158256
9.244999999985124,0.5184640373443542
9.245999999985122,0.5184651744772809
9.24699999998512,0.5184663850870767
9.247999999985117,0.5184676981014872
9.248999999985115,0.5184689900553354
9.249999999985112,0.5184703732786147
9.25099999998511,0.5184715283693879
9.251999999985108,0.5184732119531297
9.252999999985105,0.5184748822252119
9.253999999985103,0.5184766125294356
9.2549999999851,0.5184784288457296
9.255999999985098,0.5184802986094266
9.256999999985096,0.5184815489524801
9.257999999985094,0.518483324364766
9.258999999985091,0.5184851074899764
9.259999999985089,0.5184869725308627
9.260999999985087,0.5184888094658383
9.261999999985084,0.5184906649754957
9.262999999985082,0.5184926131929108
9.26399999998508,0.5184941021709535
9.264999999985077,0.5184961749802591
9.265999999985075,0.5184982347117507
9.266999999985073,0.5185004925941034
9.26799999998507,0.5185028104984728
9.268999999985068,0.5185051445849735
9.269999999985066,0.518506969397528
9.270999999985063,0.5185094456234318
9.271999999985061,0.5185119344098886
9.272999999985059,0.5185144057817916
9.273999999985056,0.5185169854258349
9.274999999985054,0.5185195580478712
9.275999999985052,0.5185214238393205
9.27699999998505,0.518523838380701
9.277999999985047,0.5185263518715336
9.278999999985045,0.5185288911406583
9.279999999985042,0.5185314267647632
9.28099999998504,0.5185339908878468
9.281999999985038,0.5185361133397062
9.282999999985035,0.5185389108399827
9.283999999985033,0.5185417816847823
9.28499999998503,0.5185446563783416
9.285999999985028,0.5185476399500107
9.286999999985026,0.5185506826639815
9.287999999985024,0.5185537140386692
9.288999999985021,0.5185560146032178
9.28999999998502,0.5185590635646102
9.290999999985017,0.518562209601557
9.291999999985014,0.5185652347288089
9.292999999985012,0.5185682789735797
9.29399999998501,0.5185713896650613
9.294999999985007,0.5185736983184248
9.295999999985005,0.5185767999708044
9.296999999985003,0.5185799670400743
9.297999999985,0.5185832278643797
9.298999999984998,0.5185864623503122
9.299999999984996,0.5185897801255778
9.300999999984993,0.5185923793050314
9.301999999984991,0.5185959782613633
9.302999999984989,0.5185995598087395
9.303999999984987,0.5186031964431156
9.304999999984984,0.5186069119317716
9.305999999984982,0.5186106739910105
9.30699999998498,0.5186133394985086
9.307999999984977,0.518616995927151
9.308999999984975,0.5186206528776345
9.309999999984973,0.5186243839439056
9.31099999998497,0.5186280790414572
9.311999999984968,0.5186317826402395
9.312999999984966,0.5186355684145656
9.313999999984963,0.5186384292045362
9.31499999998496,0.5186423212778704
9.315999999984959,0.5186461925474096
9.316999999984956,0.5186502483726524
9.317999999984954,0.5186543543696945
9.318999999984952,0.5186584693914199
9.31999999998495,0.5186616224257896
9.320999999984947,0.5186658611453709
9.321999999984945,0.5186701038460166
9.322999999984942,0.5186743210499877
9.32399999998494,0.5186786374461735
9.324999999984938,0.5186829374709778
9.325999999984935,0.5186860927379429
9.326999999984933,0.5186902173378847
9.32799999998493,0.518694429590054
9.328999999984928,0.518698656870782
9.329999999984926,0.5187028691153917
9.330999999984924,0.5187070979227332
9.331999999984921,0.5187104564300385
9.332999999984919,0.5187148934003436
9.333999999984917,0.5187193913026653
9.334999999984914,0.5187238834279657
9.335999999984912,0.518728472059154
9.33699999998491,0.5187331066485136
9.337999999984907,0.5187377196057082
9.338999999984905,0.5187411992811295
9.339999999984903,0.5187458107880523
9.3409999999849,0.5187505079177236
9.341999999984898,0.5187550732644245
9.342999999984896,0.5187596455640183
9.343999999984893,0.5187642715489171
9.344999999984891,0.5187677081014547
9.345999999984889,0.5187723014873883
9.346999999984886,0.5187769457441872
9.347999999984884,0.5187816687626444
9.348999999984882,0.5187863534098013
9.34999999998488,0.5187911070668311
9.350999999984877,0.5187947723835904
9.351999999984875,0.5187997776712949
9.352999999984872,0.5188047546551465
9.35399999998487,0.5188097749798286
9.354999999984868,0.5188148605985096
9.355999999984865,0.5188199795195602
9.356999999984863,0.5188236549877635
9.35799999998486,0.5188286462577203
9.358999999984858,0.5188336247036084
9.359999999984856,0.5188386629903802
9.360999999984854,0.5188436515411915
9.361999999984851,0.5188486331893186
9.362999999984849,0.5188536808773696
9.363999999984847,0.5188574779425553
9.364999999984844,0.5188626039719938
9.365999999984842,0.5188676955394483
9.36699999998484,0.5188729530821838
9.367999999984837,0.5188782454920078
9.368999999984835,0.5188835338090652
9.369999999984833,0.518887555927343
9.37099999998483,0.5188929402714636
9.371999999984828,0.518898314418819
9.372999999984826,0.518903649495446
9.373999999984823,0.5189090687920661
9.374999999984821,0.5189144570374394
9.375999999984819,0.5189184192087201
9.376999999984816,0.5189236066362342
9.377999999984814,0.5189288650216666
9.378999999984812,0.5189341224073726
9.37999999998481,0.5189393487524713
9.380999999984807,0.5189445752237387
9.381999999984805,0.5189486674021503
9.382999999984802,0.5189540695559448
9.3839999999848,0.5189595158203201
9.384999999984798,0.5189649417056509
9.385999999984795,0.5189704472649064
9.386999999984793,0.5189759815615967
9.38799999998479,0.5189814794048008
9.388999999984788,0.5189856125390266
9.389999999984786,0.5189910820051892
9.390999999984784,0.518996620733268
9.391999999984781,0.5190020130361989
9.392999999984779,0.5190073960568863
9.393999999984777,0.5190128155284237
9.394999999984774,0.5190168364228783
9.395999999984772,0.5190221938489177
9.39699999998477,0.5190275841014874
9.397999999984767,0.5190330347702553
9.398999999984765,0.5190384311335408
9.399999999984763,0.5190438789584731
9.40099999998476,0.5190480522603724
9.401999999984758,0.5190537174862557
9.402999999984756,0.5190593395679355
9.403999999984753,0.5190649892893169
9.404999999984751,0.5190706873502966
9.405999999984749,0.5190764020704637
9.406999999984746,0.5190805153254728
9.407999999984744,0.5190860751672428
9.408999999984742,0.5190916057738556
9.40999999998474,0.5190971784687297
9.410999999984737,0.519102684945623
9.411999999984735,0.5191081671899155
9.412999999984732,0.5191136970108611
9.41399999998473,0.519117843883745
9.414999999984728,0.5191234202686258
9.415999999984725,0.5191289458244698
9.416999999984723,0.5191346173075582
9.41799999998472,0.5191403062474751
9.418999999984718,0.5191459752340084
9.419999999984716,0.5191502708288747
9.420999999984714,0.519156004922153
9.421999999984711,0.5191617124066253
9.42299999998471,0.5191673650818132
9.423999999984707,0.5191730843496885
9.424999999984705,0.5191787559345662
9.425999999984702,0.5191829204615083
9.4269999999847,0.5191883640354643
9.427999999984698,0.5191938598476764
9.428999999984695,0.5191993367689659
9.429999999984693,0.5192047655677121
9.43099999998469,0.519210177111701
9.431999999984688,0.5192143939070194
9.432999999984686,0.5192199477903919
9.433999999984684,0.5192255281243263
9.434999999984681,0.5192310719833928
9.435999999984679,0.5192366777810352
9.436999999984677,0.5192422947280612
9.437999999984674,0.5192478594106738
9.438999999984672,0.519252031677741
9.43999999998467,0.5192575394019211
9.440999999984667,0.5192630986152045
9.441999999984665,0.5192684966737973
9.442999999984663,0.5192738687379089
9.44399999998466,0.5192792591171304
9.444999999984658,0.5192832476565484
9.445999999984656,0.5192885471288543
9.446999999984653,0.5192938616013416
9.447999999984651,0.5192992184731904
9.448999999984649,0.519304504851033
9.449999999984646,0.5193098255560298
9.450999999984644,0.5193138914543775
9.451999999984642,0.519319397229823
9.45299999998464,0.5193248446978481
9.453999999984637,0.5193303037677568
9.454999999984635,0.5193357944815364
9.455999999984632,0.5193412854906737
9.45699999998463,0.5193452229997698
9.457999999984628,0.519350533190422
9.458999999984625,0.5193557983360444
9.459999999984623,0.5193610880074574
9.46099999998462,0.5193662959545038
9.461999999984618,0.5193714641502031
9.462999999984616,0.5193766628243951
9.463999999984614,0.51938055037477
9.464999999984611,0.5193857665145553
9.465999999984609,0.5193909164435165
9.466999999984607,0.5193961945015838
9.467999999984604,0.5194014741715733
9.468999999984602,0.5194067189541306
9.4699999999846,0.5194106856519742
9.470999999984597,0.5194159677915106
9.471999999984595,0.5194212083671055
9.472999999984593,0.5194263798715893
9.47399999998459,0.5194316013516427
9.474999999984588,0.5194367602147598
9.475999999984586,0.5194405315528864
9.476999999984583,0.5194454397897305
9.477999999984581,0.5194503831873486
9.478999999984579,0.5194552916091547
9.479999999984576,0.5194601373669613
9.480999999984574,0.519464951149171
9.481999999984572,0.5194687081516964
9.48299999998457,0.5194736363687712
9.483999999984567,0.5194785761082198
9.484999999984565,0.5194834653942214
9.485999999984562,0.5194884015350646
9.48699999998456,0.5194933344100544
9.487999999984558,0.5194982017611339
9.488999999984555,0.5195018416116892
9.489999999984553,0.5195066279899202
9.49099999998455,0.5195114502672836
9.491999999984548,0.5195161000634398
9.492999999984546,0.5195207101728929
9.493999999984544,0.5195253231251133
9.494999999984541,0.5195287205533681
9.495999999984539,0.5195332203209277
9.496999999984537,0.5195377209451024
9.497999999984534,0.5195422496820133
9.498999999984532,0.5195466949565792
9.49999999998453,0.5195511612054179
9.500999999984527,0.5195545769443316
9.501999999984525,0.5195592035898171
9.502999999984523,0.5195637598759456
9.50399999998452,0.5195683148213124
9.504999999984518,0.5195728883118309
9.505999999984516,0.5195774493464821
9.506999999984513,0.5195806845769374
9.507999999984511,0.5195850458993675
9.508999999984509,0.5195893502521779
9.509999999984506,0.5195936651323494
9.510999999984504,0.5195978869886614
9.511999999984502,0.5196020584937617
9.5129999999845,0.5196062478993742
9.513999999984497,0.5196093704793724
9.514999999984495,0.5196135564103188
9.515999999984492,0.5196176649421113
9.51699999998449,0.5196218890262566
9.517999999984488,0.5196261034946283
9.518999999984485,0.5196302722410838
9.519999999984483,0.5196334244017083
9.52099999998448,0.5196376111479819
9.521999999984478,0.5196417459030233
9.522999999984476,0.519645801822546
9.523999999984474,0.519649895256253
9.524999999984471,0.5196539158241625
9.52599999998447,0.5196568281706573
9.526999999984467,0.5196605849698464
9.527999999984464,0.5196643645190422
9.528999999984462,0.5196680978009652
9.52999999998446,0.5196717592052329
9.530999999984457,0.5196753793194333
9.531999999984455,0.5196782338889175
9.532999999984453,0.5196819505995691
9.53399999998445,0.5196856693136068
9.534999999984448,0.5196893285412992
9.535999999984446,0.5196930248565876
9.536999999984443,0.51969670919852
9.537999999984441,0.5197003199663632
9.538999999984439,0.51970301134687
9.539999999984436,0.519706526347562
9.540999999984434,0.5197100666285661
9.541999999984432,0.5197134289428346
9.54299999998443,0.5197167434300064
9.543999999984427,0.5197200506185744
9.544999999984425,0.5197224647006748
9.545999999984423,0.5197256470660018
9.54699999998442,0.5197288221916315
9.547999999984418,0.5197320171658614
9.548999999984416,0.519735121377955
9.549999999984413,0.519738239227878
9.55099999998441,0.5197406384687736
9.551999999984409,0.5197439032560391
9.552999999984406,0.5197470911476091
9.553999999984404,0.5197502702551838
9.554999999984402,0.519753460620955
9.5559999999844,0.5197566315970821
9.556999999984397,0.5197588238173647
9.557999999984395,0.519761786873902
9.558999999984392,0.5197646870314867
9.55999999998439,0.5197675895431249
9.560999999984388,0.5197703939374523
9.561999999984385,0.5197731440456453
9.562999999984383,0.5197759058660615
9.56399999998438,0.5197779539471664
9.564999999984378,0.5197807026789276
9.565999999984376,0.5197833689777032
9.566999999984374,0.5197861450133333
9.567999999984371,0.5197889065433307
9.568999999984369,0.5197916175426428
9.569999999984367,0.5197936731517633
9.570999999984364,0.5197963940027771
9.571999999984362,0.5197990586981336
9.57299999998436,0.5198016409875468
9.573999999984357,0.5198042543702843
9.574999999984355,0.5198067909561317
9.575999999984353,0.5198085893568963
9.57699999998435,0.5198108608072121
9.577999999984348,0.5198131489434407
9.578999999984346,0.519815385930718
9.579999999984343,0.5198175484812326
9.580999999984341,0.5198196671045126
9.581999999984339,0.5198213931464574
9.582999999984336,0.5198236025255346
9.583999999984334,0.519825810988129
9.584999999984332,0.5198279572848978
9.58599999998433,0.5198301374032211
9.586999999984327,0.5198323035289959
9.587999999984325,0.5198343944268511
9.588999999984322,0.5198359440983148
9.58999999998432,0.5198379357122553
9.590999999984318,0.519839948316032
9.591999999984315,0.5198417841714694
9.592999999984313,0.519843570626341
9.59399999998431,0.5198453461549657
9.594999999984308,0.519846611953117
9.595999999984306,0.5198482629172079
9.596999999984304,0.5198499053581176
9.597999999984301,0.5198515661100384
9.598999999984299,0.519853135369863
9.599999999984297,0.5198547175879867
9.600999999984294,0.519855964324718
9.601999999984292,0.5198576918908699
9.60299999998429,0.5198593424085157
9.603999999984287,0.5198609830685068
9.604999999984285,0.5198626341499248
9.605999999984283,0.5198642653522176
9.60699999998428,0.5198653066597668
9.607999999984278,0.5198667332183645
9.608999999984276,0.5198680974562939
9.609999999984273,0.5198694623847473
9.610999999984271,0.5198707306836979
9.611999999984269,0.5198719474889659
9.612999999984266,0.5198731764364573
9.613999999984264,0.5198740754374988
9.614999999984262,0.5198752932763193
9.61599999998426,0.5198764301403642
9.616999999984257,0.5198776775346342
9.617999999984255,0.5198789119510115
9.618999999984252,0.5198800973681673
9.61999999998425,0.5198810097601662
9.620999999984248,0.5198822080151408
9.621999999984245,0.5198833523019954
9.622999999984243,0.519884416877256
9.62399999998424,0.519885512438111
9.624999999984238,0.5198865335835086
9.625999999984236,0.5198871985983615
9.626999999984234,0.5198879643797037
9.627999999984231,0.5198887471704268
9.628999999984229,0.5198894803096873
9.629999999984227,0.5198901427737107
9.630999999984224,0.5198907649616019
9.631999999984222,0.5198913704057202
9.63299999998422,0.5198920885012247
9.633999999984217,0.5198928089017706
9.634999999984215,0.5198934705813534
9.635999999984213,0.5198941688650913
9.63699999998421,0.5198948571506767
9.637999999984208,0.5198954745104604
9.638999999984206,0.5198959212059345
9.639999999984203,0.5198964462377677
9.640999999984201,0.5198969940240307
9.641999999984199,0.5198973722016675
9.642999999984196,0.5198977053591379
9.643999999984194,0.5198980300218459
9.644999999984192,0.5198982120066046
9.64599999998419,0.5198984226626009
9.646999999984187,0.5198986294484145
9.647999999984185,0.5198988588220855
9.648999999984182,0.5198990018215924
9.64999999998418,0.5198991627930353
9.650999999984178,0.5198993464859125
9.651999999984175,0.5198996609457823
9.652999999984173,0.5198999038549645
9.65399999998417,0.5199001414740048
9.654999999984168,0.5199003941849689
9.655999999984166,0.5199006320188932
9.656999999984164,0.5199006356305397
9.657999999984161,0.5199006816088549
9.65899999998416,0.5199006712942728
9.659999999984157,0.5199006656100957
9.660999999984154,0.5199005701789957
9.661999999984152,0.5199004312933424
9.66299999998415,0.5199003102851324
9.663999999984147,0.519900200925747
9.664999999984145,0.5199000799602576
9.665999999984143,0.5198998847603243
9.66699999998414,0.5198998058464284
9.667999999984138,0.5198997204800248
9.668999999984136,0.5198995927734305
9.669999999984134,0.5198995244727437
9.670999999984131,0.5198994210625869
9.671999999984129,0.5198992708104585
9.672999999984127,0.5198990483968837
9.673999999984124,0.5198988619324437
9.674999999984122,0.5198986082688705
9.67599999998412,0.5198983234223359
9.676999999984117,0.5198978321691405
9.677999999984115,0.5198973631935221
9.678999999984113,0.5198968509391053
9.67999999998411,0.5198962763427142
9.680999999984108,0.5198956696199869
9.681999999984106,0.5198953577571449
9.682999999984103,0.519894859680432
9.6839999999841,0.5198943714449838
9.684999999984099,0.5198938324177265
9.685999999984096,0.5198933370154126
9.686999999984094,0.5198928396277408
9.687999999984092,0.5198922797824055
9.68899999998409,0.5198918485842413
9.689999999984087,0.5198912106695492
9.690999999984085,0.5198906016655221
9.691999999984082,0.5198898340459424
9.69299999998408,0.5198890298179374
9.693999999984078,0.5198882237774837
9.694999999984075,0.5198875645184562
9.695999999984073,0.5198866615550944
9.69699999998407,0.5198857631759269
9.697999999984068,0.5198848953376183
9.698999999984066,0.5198839500941536
9.699999999984064,0.5198830313648464
9.700999999984061,0.519882410342448
9.701999999984059,0.5198816588504228
9.702999999984057,0.5198808449764071
9.703999999984054,0.5198800340476051
9.704999999984052,0.5198792462670594
9.70599999998405,0.5198784519764291
9.706999999984047,0.5198776905883684
9.707999999984045,0.5198767227844311
9.708999999984043,0.5198757079652355
9.70999999998404,0.5198747052187269
9.710999999984038,0.5198736227123126
9.711999999984036,0.5198725075368892
9.712999999984033,0.519871418910271
9.713999999984031,0.5198705899130638
9.714999999984029,0.519869517419652
9.715999999984026,0.5198683804229102
9.716999999984024,0.5198673678525063
9.717999999984022,0.5198663579455756
9.71899999998402,0.5198653152141242
9.719999999984017,0.5198645663335644
9.720999999984015,0.5198635635207817
9.721999999984012,0.5198625235310722
9.72299999998401,0.5198614214096724
9.723999999984008,0.5198603629938651
9.724999999984005,0.5198592470081637
9.725999999984003,0.5198583230430115
9.726999999984,0.5198569906528459
9.727999999983998,0.5198556883477796
9.728999999983996,0.5198543515691104
9.729999999983994,0.5198529627741727
9.730999999983991,0.519851551904418
9.731999999983989,0.5198506420632136
9.732999999983987,0.5198493554571123
9.733999999983984,0.5198480879498314
9.734999999983982,0.5198467795788222
9.73599999998398,0.519845523523703
9.736999999983977,0.5198442748394155
9.737999999983975,0.5198429737891611
9.738999999983973,0.5198419928589773
9.73999999998397,0.5198406308206933
9.740999999983968,0.5198393057609721
9.741999999983966,0.5198378342334281
9.742999999983963,0.5198363359317787
9.743999999983961,0.5198348441915147
9.744999999983959,0.5198336780855106
9.745999999983956,0.5198321082551992
9.746999999983954,0.5198305525384604
9.747999999983952,0.5198290362923601
9.74899999998395,0.5198274528295227
9.749999999983947,0.5198259052569523
9.750999999983945,0.519824818030024
9.751999999983942,0.5198234521906591
9.75299999998394,0.519822034220509
9.753999999983938,0.5198206285180563
9.754999999983935,0.519819254770801
9.755999999983933,0.5198178836106072
9.75699999998393,0.5198166985845016
9.757999999983928,0.5198151730748914
9.758999999983926,0.5198136104149446
9.759999999983924,0.5198120681392541
9.760999999983921,0.5198104564954351
9.761999999983919,0.5198088229268456
9.762999999983917,0.519807224796436
9.763999999983914,0.5198060199143478
9.764999999983912,0.5198044541594249
9.76599999998391,0.5198028339458642
9.766999999983907,0.5198013459180069
9.767999999983905,0.5197998695793555
9.768999999983903,0.5197983701516546
9.7699999999839,0.5197972842022694
9.770999999983898,0.5197958397892858
9.771999999983896,0.5197943677336049
9.772999999983893,0.5197928434205097
9.773999999983891,0.5197913707424013
9.774999999983889,0.5197898498863484
9.775999999983886,0.5197886295079027
9.776999999983884,0.5197869121025551
9.777999999983882,0.5197852324754271
9.77899999998388,0.5197835269511871
9.779999999983877,0.5197817790565029
9.780999999983875,0.5197800183750361
9.781999999983872,0.5197788502825381
9.78299999998387,0.519777227672562
9.783999999983868,0.5197756325170199
9.784999999983865,0.5197740058180524
9.785999999983863,0.5197724392031751
9.78699999998386,0.5197708880528426
9.787999999983859,0.5197692936852037
9.788999999983856,0.5197680983920882
9.789999999983854,0.519766458433086
9.790999999983852,0.5197648628592062
9.79199999998385,0.5197631315392853
9.792999999983847,0.5197613821419225
9.793999999983845,0.5197596467935183
9.794999999983842,0.5197583043676889
9.79599999998384,0.519756507038176
9.796999999983838,0.5197547318589876
9.797999999983835,0.5197530035366261
9.798999999983833,0.5197512168751353
9.79999999998383,0.5197494738263342
9.800999999983828,0.5197482441728006
9.801999999983826,0.5197466938009768
9.802999999983824,0.5197451001630361
9.803999999983821,0.5197435267413248
9.804999999983819,0.5197419924107409
9.805999999983817,0.5197404680788881
9.806999999983814,0.5197391755563463
9.807999999983812,0.5197375126383578
9.80899999998381,0.5197358206234081
9.809999999983807,0.5197341557381926
9.810999999983805,0.5197324298997147
9.811999999983803,0.5197306904943697
9.8129999999838,0.5197289932905629
9.813999999983798,0.519727718951769
9.814999999983796,0.5197260664421984
9.815999999983793,0.5197243674913684
9.816999999983791,0.5197228058669443
9.817999999983789,0.5197212626220306
9.818999999983786,0.5197197039547663
9.819999999983784,0.5197185773515312
9.820999999983782,0.5197170844305626
9.82199999998378,0.5197155710416227
9.822999999983777,0.5197140129210321
9.823999999983775,0.5197125122860459
9.824999999983772,0.5197109704493823
9.82599999998377,0.5197097397975305
9.826999999983768,0.519708016258546
9.827999999983765,0.5197063358778675
9.828999999983763,0.5197046357691781
9.82999999998376,0.5197029001754279
9.830999999983758,0.5197011582660904
9.831999999983756,0.5197000060971361
9.832999999983754,0.5196984107652844
9.833999999983751,0.519696848356491
9.834999999983749,0.5196952610686395
9.835999999983747,0.5196937387556206
9.836999999983744,0.5196922368550839
9.837999999983742,0.5196906980109294
9.83899999998374,0.5196895481360587
9.839999999983737,0.5196879740335327
9.840999999983735,0.5196864490671741
9.841999999983733,0.519684795828996
9.84299999998373,0.5196831302067236
9.843999999983728,0.519681483299518
9.844999999983726,0.5196802113928026
9.845999999983723,0.5196785128152541
9.846999999983721,0.5196768411551494
9.847999999983719,0.5196752204709166
9.848999999983716,0.5196735472195988
9.849999999983714,0.519671921977368
9.850999999983712,0.5196707825713167
9.85199999998371,0.5196693546844061
9.852999999983707,0.5196678892815801
9.853999999983705,0.5196664489489713
9.854999999983702,0.5196650515614852
9.8559999999837,0.5196636682975271
9.856999999983698,0.519662486424412
9.857999999983695,0.5196609742461183
9.858999999983693,0.5196594376613535
9.85999999998369,0.5196579317513953
9.860999999983688,0.5196563698330917
9.861999999983686,0.5196547989589326
9.862999999983684,0.5196532735065498
9.863999999983681,0.5196521304847299
9.864999999983679,0.51965065571271
9.865999999983677,0.5196491390464718
9.866999999983674,0.5196477610252122
9.867999999983672,0.5196464044535136
9.86899999998367,0.5196450366682052
9.869999999983667,0.5196440545454856
9.870999999983665,0.5196427567735163
9.871999999983663,0.5196414420853751
9.87299999998366,0.5196400866068276
9.873999999983658,0.5196387910440058
9.874999999983656,0.5196374576400266
9.875999999983653,0.5196363862846657
9.876999999983651,0.5196348792155173
9.877999999983649,0.5196334171422897
9.878999999983646,0.5196319379116842
9.879999999983644,0.5196304262951922
9.880999999983642,0.519628911029792
9.88199999998364,0.5196279279763947
9.882999999983637,0.5196265609490839
9.883999999983635,0.5196252285157222
9.884999999983632,0.5196238741889004
9.88599999998363,0.51962258596488
9.886999999983628,0.5196213191956257
9.887999999983625,0.519620018012135
9.888999999983623,0.5196190477034222
9.88999999998362,0.5196177150270318
9.890999999983618,0.5196164326206424
9.891999999983616,0.5196150254866826
9.892999999983614,0.5196136078889827
9.893999999983611,0.5196122099863271
9.89499999998361,0.519611126430381
9.895999999983607,0.5196096803188368
9.896999999983604,0.5196082620004536
9.897999999983602,0.519606894933576
9.8989999999836,0.5196054772873868
9.899999999983597,0.5196041082006287
9.900999999983595,0.5196031602503564
9.901999999983593,0.519601986317075
9.90299999998359,0.5196007768844537
9.903999999983588,0.5195995936681329
9.904999999983586,0.5195984534961063
9.905999999983583,0.5195973278230432
9.906999999983581,0.5195963413617666
9.907999999983579,0.519595089717495
9.908999999983577,0.5195938145964634
9.909999999983574,0.5195925699969285
9.910999999983572,0.5195912705436486
9.91199999998357,0.5195899628566168
9.912999999983567,0.5195887000369703
9.913999999983565,0.5195877539847755
9.914999999983563,0.5195865411858942
9.91599999998356,0.5195852872981306
9.916999999983558,0.5195841695723411
9.917999999983556,0.5195830726458897
9.918999999983553,0.5195819650302326
9.91999999998355,0.5195811769073709
9.920999999983549,0.5195801370945449
9.921999999983546,0.5195790802181058
9.922999999983544,0.5195779828446175
9.923999999983542,0.5195769442162298
9.92499999998354,0.5195758674722748
9.925999999983537,0.5195749891690499
9.926999999983535,0.5195737403106445
9.927999999983532,0.5195725346950579
9.92899999998353,0.5195713108901923
9.929999999983528,0.5195700541862457
9.930999999983525,0.5195687929073659
9.931999999983523,0.5195679971260724
9.93299999998352,0.5195668794800191
9.933999999983518,0.5195657945799754
9.934999999983516,0.5195646872507499
9.935999999983514,0.5195636436852716
9.936999999983511,0.5195626191449959
9.937999999983509,0.5195615592786732
9.938999999983507,0.519560768997607
9.939999999983504,0.5195596753935632
9.940999999983502,0.5195586297870576
9.9419999999835,0.5195574595714466
9.942999999983497,0.5195562774431911
9.943999999983495,0.5195551126173951
9.944999999983493,0.519554203260126
9.94599999998349,0.5195529878491971
9.946999999983488,0.5195517977791329
9.947999999983486,0.5195506559830881
9.948999999983483,0.5195494623024243
9.949999999983481,0.5195483145233947
9.950999999983479,0.5195475298302092
9.951999999983476,0.5195465695253701
9.952999999983474,0.519545572536745
9.953999999983472,0.5195445997388061
9.95499999998347,0.5195436669935933
9.955999999983467,0.519542746045914
9.956999999983465,0.5195419133586698
9.957999999983462,0.5195408640074352
9.95899999998346,0.5195397890795828
9.959999999983458,0.5195387414661521
9.960999999983455,0.519537637166984
9.961999999983453,0.5195365224391991
9.96299999998345,0.5195354491294898
9.963999999983448,0.5195346432741015
9.964999999983446,0.5195336143064505
9.965999999983444,0.5195325421560846
9.966999999983441,0.5195316009813762
9.967999999983439,0.5195306772146105
9.968999999983437,0.519529740469495
9.969999999983434,0.5195290776343445
9.970999999983432,0.5195282018487984
9.97199999998343,0.5195273061538226
9.972999999983427,0.519526367604571
9.973999999983425,0.5195254839329214
9.974999999983423,0.5195245592721498
9.97599999998342,0.5195237939273316
9.976999999983418,0.5195226943353644
9.977999999983416,0.5195216336578619
9.978999999983413,0.5195205512093435
9.979999999983411,0.5195194329277874
9.980999999983409,0.5195183067722021
9.981999999983406,0.5195176077451444
9.982999999983404,0.5195166166585712
9.983999999983402,0.5195156542133513
9.9849999999834,0.5195146664504932
9.985999999983397,0.519513737913769
9.986999999983395,0.5195128238794829
9.987999999983392,0.5195118714332373
9.98899999998339,0.5195111592991029
9.989999999983388,0.5195101671048172
9.990999999983385,0.5195092184306493
9.991999999983383,0.519508143262643
9.99299999998338,0.5195070527029753
9.993999999983378,0.5195059749599489
9.994999999983376,0.5195051290702624
9.995999999983374,0.5195039950985388
9.996999999983371,0.5195028821525368
9.997999999983369,0.5195018127185792
9.998999999983367,0.5195006882040641
9.999999999983364,0.5194996052224907
10.000999999983362,0.5194988653714357
10.00199999998336,0.5194979595254101
10.002999999983357,0.5194970140294831
10.003999999983355,0.5194960889471962
10.004999999983353,0.5194951993352069
10.00599999998335,0.519494317246466
10.006999999983348,0.5194935130670578
10.007999999983346,0.5194924975278784
10.008999999983343,0.5194914528226751
10.009999999983341,0.5194904306614792
10.010999999983339,0.5194893485832397
10.011999999983336,0.5194882526628998
10.012999999983334,0.5194871934472349
10.013999999983332,0.5194863953777027
10.01499999998333,0.5194853727202308
10.015999999983327,0.5194843034967886
10.016999999983325,0.5194833591191576
10.017999999983322,0.5194824276940705
10.01899999998332,0.5194814798051727
10.019999999983318,0.5194808051484816
10.020999999983315,0.519479909745692
10.021999999983313,0.5194789905813288
10.02299999998331,0.5194780252292526
10.023999999983308,0.5194771098192037
10.024999999983306,0.5194761496433153
10.025999999983304,0.5194753560502706
10.026999999983301,0.5194742168992756
10.0279999999833,0.5194731114487057
10.028999999983297,0.5194719798058998
10.029999999983295,0.5194708087500151
10.030999999983292,0.5194696259343955
10.03199999998329,0.5194688797152779
10.032999999983288,0.5194678226651737
10.033999999983285,0.5194667896917325
10.034999999983283,0.5194657279157178
10.03599999998328,0.5194647204223326
10.036999999983278,0.5194637226612019
10.037999999983276,0.5194626830119373
10.038999999983274,0.519461902778827
10.039999999983271,0.5194608167468647
10.040999999983269,0.5194597693128717
10.041999999983267,0.5194585933493145
10.042999999983264,0.5194573982930394
10.043999999983262,0.5194562112674279
10.04499999998326,0.5194552815630917
10.045999999983257,0.5194540326537473
10.046999999983255,0.5194528004609158
10.047999999983253,0.5194516070842353
10.04899999998325,0.5194503553747989
10.049999999983248,0.5194491409739481
10.050999999983246,0.5194482990004932
10.051999999983243,0.5194472520449972
10.052999999983241,0.5194461625176597
10.053999999983239,0.5194450896994695
10.054999999983236,0.519444048014527
10.055999999983234,0.5194430098406105
10.056999999983232,0.519442088336215
10.05799999998323,0.5194409123095881
10.058999999983227,0.5194397038770865
10.059999999983225,0.5194385134922316
10.060999999983222,0.5194372604096421
10.06199999998322,0.5194359907303078
10.062999999983218,0.5194347536303332
10.063999999983215,0.5194338197481461
10.064999999983213,0.5194326125782569
10.06599999998321,0.5194313560234695
10.066999999983208,0.5194302191055322
10.067999999983206,0.5194290914600191
10.068999999983204,0.5194279445100566
10.069999999983201,0.5194271177048585
10.070999999983199,0.519426016345584
10.071999999983197,0.519424888209461
10.072999999983194,0.5194237113932315
10.073999999983192,0.519422580343386
10.07499999998319,0.5194214016642595
10.075999999983187,0.5194204432637924
10.076999999983185,0.51941908351786
10.077999999983183,0.5194177531971875
10.07899999998318,0.5194163932482803
10.079999999983178,0.5194149914632079
10.080999999983176,0.5194135752432132
10.081999999983173,0.5194126503256326
10.082999999983171,0.5194113529664207
10.083999999983169,0.5194100764350699
10.084999999983166,0.5194087688157212
10.085999999983164,0.5194075118931516
10.086999999983162,0.5194062614340771
10.08799999998316,0.5194049669702786
10.088999999983157,0.5194039938209677
10.089999999983155,0.5194026487831004
10.090999999983152,0.5194013387465597
10.09199999998315,0.5193998997111904
10.092999999983148,0.5193984393817582
10.093999999983145,0.5193969837488295
10.094999999983143,0.519395851840435
10.09599999998314,0.5193943316129839
10.096999999983138,0.5193928255050501
10.097999999983136,0.5193913552571926
10.098999999983134,0.5193898250765473
10.099999999983131,0.5193883297802748
10.100999999983129,0.5193872748386722
10.101999999983127,0.5193859407615731
10.102999999983124,0.5193845629139516
10.103999999983122,0.519383199818309
10.10499999998312,0.5193818653853172
10.105999999983117,0.5193805323278052
10.106999999983115,0.5193793907714086
10.107999999983113,0.5193779188885383
10.10899999998311,0.5193764132970912
10.109999999983108,0.5193749231609883
10.110999999983106,0.5193733695590422
10.111999999983103,0.5193717987699935
10.112999999983101,0.5193702585492418
10.113999999983099,0.5193690963342124
10.114999999983096,0.5193675832198309
10.115999999983094,0.5193660200148512
10.116999999983092,0.5193645735872459
10.11799999998309,0.5193631349905184
10.118999999983087,0.5193616764146968
10.119999999983085,0.5193606145767704
10.120999999983082,0.5193591987543112
10.12199999998308,0.5193577554310012
10.122999999983078,0.5193562632041034
10.123999999983075,0.5193548148144883
10.124999999983073,0.5193533182512517
10.12599999998307,0.5193521220716963
10.126999999983068,0.5193504466055747
10.127999999983066,0.519348798653153
10.128999999983064,0.5193471200278705
10.129999999983061,0.5193453996126072
10.13099999998306,0.5193436645898244
10.131999999983057,0.5193424987123272
10.132999999983054,0.5193408802098934
10.133999999983052,0.5193392818503841
10.13499999998305,0.5193376526345728
10.135999999983047,0.5193360731180745
10.136999999983045,0.5193344994551007
10.137999999983043,0.5193328822458628
10.13899999998304,0.5193316669482396
10.139999999983038,0.5193299995335292
10.140999999983036,0.5193283661178655
10.141999999983033,0.5193266058990829
10.142999999983031,0.5193248248303447
10.143999999983029,0.5193230477842389
10.144999999983026,0.519321675857583
10.145999999983024,0.5193198362782192
10.146999999983022,0.519318010998617
10.14799999998302,0.5193162213915465
10.148999999983017,0.5193143730039727
10.149999999983015,0.5193125598718453
10.150999999983013,0.5193112661212498
10.15199999998301,0.5193096129965147
10.152999999983008,0.5193079176847498
10.153999999983006,0.5193062379680876
10.154999999983003,0.5193045872634034
10.155999999983,0.519302938618945
10.156999999982999,0.5193015633369142
10.157999999982996,0.5192997798644599
10.158999999982994,0.5192979642127991
10.159999999982992,0.5192961642934637
10.16099999998299,0.5192943029959206
10.161999999982987,0.5192924268112775
10.162999999982985,0.5192905820809269
10.163999999982982,0.5192891924281937
10.16499999998298,0.5192873771006422
10.165999999982978,0.5192855139081645
10.166999999982975,0.5192837675950244
10.167999999982973,0.5192820306009125
10.16899999998297,0.5192802759022993
10.169999999982968,0.5192789925968053
10.170999999982966,0.5192772829573701
10.171999999982964,0.5192755480551527
10.172999999982961,0.5192737669457971
10.173999999982959,0.5192720307273304
10.174999999982957,0.5192702487250639
10.175999999982954,0.5192688410040398
10.176999999982952,0.5192668873391806
10.17799999998295,0.5192649622779695
10.178999999982947,0.519263008498157
10.179999999982945,0.5192610159187027
10.180999999982943,0.5192590115089573
10.18199999998294,0.5192576436482444
10.182999999982938,0.5192557586148047
10.183999999982936,0.5192538959970374
10.184999999982933,0.5192520057600016
10.185999999982931,0.5192501671890756
10.186999999982929,0.5192483367897017
10.187999999982926,0.5192464662400181
10.188999999982924,0.5192450628253139
10.189999999982922,0.519243147609676
10.19099999998292,0.5192412684142224
10.191999999982917,0.5192392674768276
10.192999999982915,0.5192372490521946
10.193999999982912,0.5192352369836375
10.19499999998291,0.5192336917101765
10.195999999982908,0.519231624183858
10.196999999982905,0.5192295740702613
10.197999999982903,0.5192275623362491
10.1989999999829,0.5192254959362961
10.199999999982898,0.5192234680452529
10.200999999982896,0.5192220146547258
10.201999999982894,0.5192201504887946
10.202999999982891,0.519218248669143
10.203999999982889,0.5192163662492053
10.204999999982887,0.5192145160585818
10.205999999982884,0.5192126714707099
10.206999999982882,0.5192111539090947
10.20799999998288,0.5192091833824114
10.208999999982877,0.5192071850204035
10.209999999982875,0.5192052055942848
10.210999999982873,0.5192031696549262
10.21199999998287,0.5192011238019889
10.212999999982868,0.5191991130423071
10.213999999982866,0.5191976016609838
10.214999999982863,0.5191956273999285
10.215999999982861,0.5191936103222343
10.216999999982859,0.5191917128532737
10.217999999982856,0.5191898288834084
10.218999999982854,0.5191879322909119
10.219999999982852,0.5191865449102396
10.22099999998285,0.5191847002788812
10.221999999982847,0.5191828353196755
10.222999999982845,0.5191809294966153
10.223999999982842,0.519179072411281
10.22499999998284,0.5191771745541733
10.225999999982838,0.5191756841125144
10.226999999982835,0.519173626092567
10.227999999982833,0.519171600474658
10.22899999998283,0.5191695507657297
10.229999999982828,0.5191674677370456
10.230999999982826,0.5191653781237543
10.231999999982824,0.519163947849722
10.232999999982821,0.5191619846642257
10.233999999982819,0.5191600485954359
10.234999999982817,0.5191580907087114
10.235999999982814,0.5191561888749662
10.236999999982812,0.5191542998081633
10.23799999998281,0.5191523763714331
10.238999999982807,0.5191509368070485
10.239999999982805,0.5191489784173098
10.240999999982803,0.5191470605967842
10.2419999999828,0.5191450282515674
10.242999999982798,0.5191429840652195
10.243999999982796,0.5191409510018926
10.244999999982793,0.5191393942765342
10.245999999982791,0.5191373165129715
10.246999999982789,0.519135261454294
10.247999999982786,0.5191332496087474
10.248999999982784,0.5191311894754709
10.249999999982782,0.5191291731851947
10.25099999998278,0.5191277312074087
10.251999999982777,0.5191258856753205
10.252999999982775,0.5191240092405123
10.253999999982772,0.5191221582337175
10.25499999998277,0.5191203447116267
10.255999999982768,0.5191185423541411
10.256999999982765,0.5191170621653577
10.257999999982763,0.5191151460512436
10.25899999998276,0.5191132083768457
10.259999999982758,0.5191112949409344
10.260999999982756,0.519109331699312
10.261999999982754,0.5191073651397027
10.262999999982751,0.5191054390787773
10.26399999998275,0.5191039952119564
10.264999999982747,0.5191021157554747
10.265999999982744,0.5191002003891341
10.266999999982742,0.5190984088487668
10.26799999998274,0.5190966366221367
10.268999999982737,0.5190948586738373
10.269999999982735,0.5190935635991594
10.270999999982733,0.5190918471595606
10.27199999998273,0.5190901169382114
10.272999999982728,0.5190883527631064
10.273999999982726,0.5190866429417339
10.274999999982724,0.5190848988724265
10.275999999982721,0.5190835287976111
10.276999999982719,0.519081638178773
10.277999999982717,0.5190797853665757
10.278999999982714,0.5190779146369806
10.279999999982712,0.5190760173433498
10.28099999998271,0.5190741199470655
10.281999999982707,0.5190728358322482
10.282999999982705,0.5190710738346314
10.283999999982703,0.5190693448200998
10.2849999999827,0.5190676011448425
10.285999999982698,0.5190659190576185
10.286999999982696,0.5190642552639869
10.287999999982693,0.5190625639905151
10.28899999998269,0.5190613028530836
10.289999999982689,0.5190595882544906
10.290999999982686,0.5190579200571612
10.291999999982684,0.5190561453298703
10.292999999982682,0.5190543653647262
10.29399999998268,0.5190526024266147
10.294999999982677,0.5190512530356639
10.295999999982675,0.5190494573761532
10.296999999982672,0.519047690481818
10.29799999998267,0.519045972352935
10.298999999982668,0.5190442132035583
10.299999999982665,0.519042503884099
10.300999999982663,0.5190412951634471
10.30199999998266,0.5190397643288582
10.302999999982658,0.5190382101676403
10.303999999982656,0.5190366882899063
10.304999999982654,0.5190352097499232
10.305999999982651,0.5190337485111838
10.306999999982649,0.5190325298613915
10.307999999982647,0.5190309677336745
10.308999999982644,0.5190293907854624
10.309999999982642,0.5190278440303715
10.31099999998264,0.5190262545260331
10.311999999982637,0.5190246683676375
10.312999999982635,0.519023128362487
10.313999999982633,0.519021978214456
10.31499999998263,0.5190204952336842
10.315999999982628,0.5190189835910785
10.316999999982626,0.5190175998883597
10.317999999982623,0.5190162413998446
10.318999999982621,0.5190148843818969
10.319999999982619,0.5190139082656196
10.320999999982616,0.5190126221968775
10.321999999982614,0.519011328931856
10.322999999982612,0.5190100086353407
10.32399999998261,0.5190087485341177
10.324999999982607,0.519007460652707
10.325999999982605,0.5190064375552996
10.326999999982602,0.5190050160336213
10.3279999999826,0.5190036377551422
10.328999999982598,0.5190022476939676
10.329999999982595,0.5190008374968025
10.330999999982593,0.5189994333060083
10.33199999998259,0.5189985205105966
10.332999999982588,0.5189972597446688
10.333999999982586,0.5189960373770106
10.334999999982584,0.5189948072485131
10.335999999982581,0.518993643772506
10.336999999982579,0.5189925034090036
10.337999999982577,0.5189913419497681
10.338999999982574,0.5189904821898111
10.339999999982572,0.5189893081025851
10.34099999998257,0.5189881859082415
10.341999999982567,0.5189869643195024
10.342999999982565,0.518985743430931
10.343999999982563,0.5189845449765187
10.34499999998256,0.5189836230594727
10.345999999982558,0.518982402225017
10.346999999982556,0.5189812153328947
10.347999999982553,0.5189800818453527
10.348999999982551,0.5189789138472225
10.349999999982549,0.5189778006841076
10.350999999982546,0.5189770413561297
10.351999999982544,0.5189761122370794
10.352999999982542,0.5189751665456386
10.35399999998254,0.5189742591717837
10.354999999982537,0.5189733999552126
10.355999999982535,0.5189725631213262
10.356999999982532,0.5189718174206975
10.35799999998253,0.5189708903945911
10.358999999982528,0.5189699541297679
10.359999999982525,0.5189690530183978
10.360999999982523,0.5189681149447081
10.36199999998252,0.5189671853447101
10.362999999982518,0.5189663061928803
10.363999999982516,0.5189656549711483
10.364999999982514,0.5189648407538678
10.365999999982511,0.5189640038297153
10.366999999982509,0.5189632972709319
10.367999999982507,0.5189626203164401
10.368999999982504,0.5189619506849861
10.369999999982502,0.5189614922680099
10.3709999999825,0.5189609001516036
10.371999999982497,0.5189603058545572
10.372999999982495,0.5189596898748471
10.373999999982493,0.5189591385338427
10.37499999998249,0.5189585642461478
10.375999999982488,0.5189580799766691
10.376999999982486,0.5189573815696886
10.377999999982483,0.5189567302754133
10.378999999982481,0.5189560717013745
10.379999999982479,0.5189553975535913
10.380999999982476,0.5189547336179305
10.381999999982474,0.5189543759054962
10.382999999982472,0.5189538598340232
10.38399999998247,0.5189533856099862
10.384999999982467,0.5189529087023923
10.385999999982465,0.5189525015298919
10.386999999982462,0.5189521201097429
10.38799999998246,0.518951721968162
10.388999999982458,0.5189514374120877
10.389999999982455,0.5189510337731075
10.390999999982453,0.518950685629844
10.39199999998245,0.5189502429332332
10.392999999982449,0.51894980474507
10.393999999982446,0.5189493923859545
10.394999999982444,0.5189490625997233
10.395999999982442,0.5189486341069371
10.39699999998244,0.5189482424191453
10.397999999982437,0.5189479064594208
10.398999999982435,0.5189475402795852
10.399999999982432,0.5189472315691717
10.40099999998243,0.5189470762239858
10.401999999982428,0.5189469526409285
10.402999999982425,0.5189468169697452
10.403999999982423,0.5189467233813988
10.40499999998242,0.5189466803634023
10.405999999982418,0.5189466623875075
10.406999999982416,0.5189465336267087
10.407999999982414,0.5189464316662726
10.408999999982411,0.5189463235582353
10.409999999982409,0.5189462531757519
10.410999999982407,0.5189461490497635
10.411999999982404,0.5189460557749241
10.412999999982402,0.5189460146241025
10.4139999999824,0.518945993449348
10.414999999982397,0.5189460204532323
10.415999999982395,0.5189460281052657
10.416999999982393,0.5189461657123751
10.41799999998239,0.5189463345930047
10.418999999982388,0.5189465140162588
10.419999999982386,0.5189466926920113
10.420999999982383,0.5189469512886316
10.421999999982381,0.5189472099389077
10.422999999982379,0.5189474494940288
10.423999999982376,0.5189477554673404
10.424999999982374,0.5189480405313643
10.425999999982372,0.518948202495337
10.42699999998237,0.5189483677486715
10.427999999982367,0.5189485812239955
10.428999999982365,0.5189487891183797
10.429999999982362,0.5189489830763635
10.43099999998236,0.5189491885081222
10.431999999982358,0.5189494806457847
10.432999999982355,0.5189498330811069
10.433999999982353,0.5189502278378331
10.43499999998235,0.5189506220643316
10.435999999982348,0.5189510861245621
10.436999999982346,0.518951575485586
10.437999999982344,0.5189520494968237
10.438999999982341,0.5189524197882799
10.439999999982339,0.518952890139539
10.440999999982337,0.5189534166372927
10.441999999982334,0.5189538502754458
10.442999999982332,0.5189542891821004
10.44399999998233,0.5189547543042979
10.444999999982327,0.5189550831115923
10.445999999982325,0.5189555328450262
10.446999999982323,0.5189560190971668
10.44799999998232,0.5189565602807866
10.448999999982318,0.5189570724203676
10.449999999982316,0.5189576415130737
10.450999999982313,0.5189581430740579
10.451999999982311,0.5189588927481624
10.452999999982309,0.5189596316755636
10.453999999982306,0.5189604133116238
10.454999999982304,0.5189612447664808
10.455999999982302,0.5189621007520878
10.4569999999823,0.5189626280812312
10.457999999982297,0.518963400623033
10.458999999982295,0.5189641669208381
10.459999999982292,0.5189649703475543
10.46099999998229,0.518965740038892
10.461999999982288,0.5189665196985114
10.462999999982285,0.5189673499531929
10.463999999982283,0.5189679817352357
10.46499999998228,0.5189688776974889
10.465999999982278,0.5189697544175281
10.466999999982276,0.5189707574291376
10.467999999982274,0.5189717901456127
10.468999999982271,0.5189728333644247
10.469999999982269,0.5189736580483354
10.470999999982267,0.5189747764079224
10.471999999982264,0.5189758937669052
10.472999999982262,0.5189769913672154
10.47399999998226,0.5189781539135678
10.474999999982257,0.5189792943399736
10.475999999982255,0.5189800974073296
10.476999999982253,0.5189811166146094
10.47799999998225,0.5189821819058609
10.478999999982248,0.51898324005336
10.479999999982246,0.5189842826613241
10.480999999982243,0.5189853347681838
10.481999999982241,0.5189862576587634
10.482999999982239,0.5189874502477266
10.483999999982236,0.5189886824018337
10.484999999982234,0.5189899128889475
10.485999999982232,0.5189912100770055
10.48699999998223,0.518992528891916
10.487999999982227,0.5189938304868578
10.488999999982225,0.5189948200332539
10.489999999982222,0.5189961141165397
10.49099999998222,0.518997461727021
10.491999999982218,0.5189987149606463
10.492999999982215,0.5189999710250132
10.493999999982213,0.5190012504482515
10.49499999998221,0.5190021883852576
10.495999999982208,0.5190034476442701
10.496999999982206,0.5190047399481281
10.497999999982204,0.5190060832510234
10.498999999982201,0.519007395456477
10.4999999999822,0.5190087609595976
10.500999999982197,0.5190098563624039
10.501999999982194,0.519011392537988
10.502999999982192,0.519012916072586
10.50399999998219,0.5190144797123563
10.504999999982187,0.5190160892867428
10.505999999982185,0.5190177197519791
10.506999999982183,0.519018826592467
10.50799999998218,0.5190203687187221
10.508999999982178,0.5190219014153726
10.509999999982176,0.5190234674885433
10.510999999982173,0.5190249967820583
10.511999999982171,0.5190265322052551
10.512999999982169,0.5190281137069295
10.513999999982166,0.5190293063147713
10.514999999982164,0.5190309458472354
10.515999999982162,0.5190325631597109
10.51699999998216,0.5190343002432999
10.517999999982157,0.519036062510164
10.518999999982155,0.5190378321538562
10.519999999982153,0.5190391979256528
10.52099999998215,0.5190410336105433
10.521999999982148,0.5190428642537744
10.522999999982146,0.5190446715327373
10.523999999982143,0.5190465392490206
10.52499999998214,0.5190483807353047
10.525999999982139,0.5190497073415618
10.526999999982136,0.5190514213842643
10.527999999982134,0.5190531764430979
10.528999999982132,0.5190549198815483
10.52999999998213,0.5190566434192094
10.530999999982127,0.5190583717482222
10.531999999982125,0.5190597959814439
10.532999999982122,0.5190616536456815
10.53399999998212,0.5190635454244706
10.534999999982118,0.5190654315422755
10.535999999982115,0.5190673785379681
10.536999999982113,0.5190693409192949
10.53799999998211,0.519071281514735
10.538999999982108,0.5190727470551965
10.539999999982106,0.5190746715820527
10.540999999982104,0.5190766442245479
10.541999999982101,0.5190785184747594
10.542999999982099,0.5190803905480148
10.543999999982097,0.5190822804361491
10.544999999982094,0.51908367304972
10.545999999982092,0.5190855337995237
10.54699999998209,0.5190874216689566
10.547999999982087,0.5190893542151525
10.548999999982085,0.51909125104274
10.549999999982083,0.5190931951416511
10.55099999998208,0.5190947195635852
10.551999999982078,0.5190968206261881
10.552999999982076,0.5190989045945318
10.553999999982073,0.5191010235145128
10.554999999982071,0.5191031821330678
10.555999999982069,0.5191053556632581
10.556999999982066,0.5191068671622896
10.557999999982064,0.5191089435462517
10.558999999982062,0.5191110050611834
10.55999999998206,0.5191130938133374
10.560999999982057,0.5191151405750195
10.561999999982055,0.5191171876815404
10.562999999982052,0.5191192742938551
10.56399999998205,0.5191208417233778
10.564999999982048,0.5191229751420776
10.565999999982045,0.5191250811612035
10.566999999982043,0.5191272986497146
10.56799999998204,0.5191295348266225
10.568999999982038,0.5191317730646136
10.569999999982036,0.5191334853517459
10.570999999982034,0.5191357772762009
10.571999999982031,0.5191380581291561
10.572999999982029,0.5191403100636667
10.573999999982027,0.5191426158161222
10.574999999982024,0.5191448893545346
10.575999999982022,0.5191465366335997
10.57699999998202,0.5191486737068699
10.577999999982017,0.5191508448032914
10.578999999982015,0.5191529979170647
10.579999999982013,0.5191551251333978
10.58099999998201,0.5191572508378376
10.581999999982008,0.519158966583884
10.582999999982006,0.5191612079590586
10.583999999982003,0.5191634764588225
10.584999999982001,0.519165733530234
10.585999999981999,0.5191680441222006
10.586999999981996,0.519170362531402
10.587999999981994,0.5191726530492352
10.588999999981992,0.5191743767075219
10.58999999998199,0.5191766399441892
10.590999999981987,0.5191789442065357
10.591999999981985,0.5191811448370445
10.592999999981982,0.5191833369231004
10.59399999998198,0.5191855397604767
10.594999999981978,0.5191871631948557
10.595999999981975,0.5191893259881141
10.596999999981973,0.5191915088131582
10.59799999998197,0.5191937288863602
10.598999999981968,0.5191959072852634
10.599999999981966,0.519198125852853
10.600999999981964,0.5191998506195026
10.601999999981961,0.5192022110473202
10.602999999981959,0.5192045486048875
10.603999999981957,0.5192069146480137
10.604999999981954,0.5192093130971867
10.605999999981952,0.5192117194395031
10.60699999998195,0.5192134025647199
10.607999999981947,0.519215701410946
10.608999999981945,0.5192179790202213
10.609999999981943,0.5192202766328564
10.61099999998194,0.5192225262319975
10.611999999981938,0.5192247698712545
10.612999999981936,0.5192270457634496
10.613999999981933,0.5192287506511094
10.614999999981931,0.5192310610185942
10.615999999981929,0.5192333379576772
10.616999999981926,0.5192357177343407
10.617999999981924,0.5192381091236553
10.618999999981922,0.5192404964198352
10.61999999998192,0.5192423153112988
10.620999999981917,0.5192447431675618
10.621999999981915,0.5192471533405422
10.622999999981912,0.5192495284845801
10.62399999998191,0.519251950081955
10.624999999981908,0.5192543330162404
10.625999999981905,0.5192560588153031
10.626999999981903,0.5192582960389944
10.6279999999819,0.5192605597703898
10.628999999981898,0.5192627986851968
10.629999999981896,0.519265005518335
10.630999999981894,0.5192672043921518
10.631999999981891,0.5192689688082972
10.63299999998189,0.5192712697665528
10.633999999981887,0.5192735907713146
10.634999999981884,0.5192758942337907
10.635999999981882,0.5192782437726954
10.63699999998188,0.5192805937165896
10.637999999981878,0.5192829095668993
10.638999999981875,0.5192846477896744
10.639999999981873,0.5192869250333203
10.64099999998187,0.5192892359688642
10.641999999981868,0.5192914382949497
10.642999999981866,0.5192936258063656
10.643999999981864,0.5192958169386678
10.644999999981861,0.519297427961968
10.645999999981859,0.5192995688062694
10.646999999981857,0.5193017229202112
10.647999999981854,0.5193039072175878
10.648999999981852,0.5193060440141342
10.64999999998185,0.5193082142680955
10.650999999981847,0.519309897682331
10.651999999981845,0.519312195898527
10.652999999981843,0.5193144655995907
10.65399999998184,0.5193167574607913
10.654999999981838,0.5193190748354458
10.655999999981836,0.5193213935018018
10.656999999981833,0.5193230085154136
10.657999999981831,0.5193252103678401
10.658999999981829,0.5193273851425436
10.659999999981826,0.5193295730541028
10.660999999981824,0.5193317075744379
10.661999999981822,0.5193338307739154
10.66299999998182,0.5193359797444757
10.663999999981817,0.5193375854161432
10.664999999981815,0.5193397579709872
10.665999999981812,0.5193418916734724
10.66699999998181,0.5193441206950775
10.667999999981808,0.5193463551062814
10.668999999981805,0.5193485798749605
10.669999999981803,0.519350272362259
10.6709999999818,0.5193525262893235
10.671999999981798,0.5193547567795006
10.672999999981796,0.5193569469935413
10.673999999981794,0.5193591769880974
10.674999999981791,0.519361362823608
10.675999999981789,0.519362938033192
10.676999999981787,0.5193649711424687
10.677999999981784,0.5193670241480112
10.678999999981782,0.5193690464550573
10.67999999998178,0.5193710317013188
10.680999999981777,0.5193730037822158
10.681999999981775,0.5193745930882719
10.682999999981773,0.5193766561541149
10.68399999998177,0.5193787334685374
10.684999999981768,0.5193807881730618
10.685999999981766,0.5193828827838068
10.686999999981763,0.519384971886593
10.687999999981761,0.5193870219493806
10.688999999981759,0.5193885571925649
10.689999999981756,0.5193905595823951
10.690999999981754,0.5193925894640713
10.691999999981752,0.5193945073361559
10.69299999998175,0.5193964055465718
10.693999999981747,0.5193983015386074
10.694999999981745,0.5193996886814984
10.695999999981742,0.5194015270589514
10.69699999998174,0.5194033735752025
10.697999999981738,0.5194052448541289
10.698999999981735,0.5194070642506138
10.699999999981733,0.5194089120499378
10.70099999998173,0.5194103497046195
10.701999999981728,0.5194123149121844
10.702999999981726,0.5194142473867632
10.703999999981724,0.5194161971302513
10.704999999981721,0.5194181671399503
10.705999999981719,0.5194201334978488
10.706999999981717,0.5194214833049903
10.707999999981714,0.5194233266908108
10.708999999981712,0.5194251389013688
10.70999999998171,0.5194269590069045
10.710999999981707,0.5194287221811233
10.711999999981705,0.5194304707529617
10.712999999981703,0.5194322405467914
10.7139999999817,0.5194335590682732
10.714999999981698,0.5194353450101842
10.715999999981696,0.5194370884691828
10.716999999981693,0.519438921921384
10.717999999981691,0.5194407565100105
10.718999999981689,0.5194425776825465
10.719999999981686,0.5194439643513366
10.720999999981684,0.5194458068960274
10.721999999981682,0.5194476222229669
10.72299999998168,0.519449393983372
10.723999999981677,0.5194512006907037
10.724999999981675,0.5194529597716044
10.725999999981672,0.519454213579645
10.72699999998167,0.519455816883732
10.727999999981668,0.5194574354721706
10.728999999981665,0.5194590195128159
10.729999999981663,0.519460563715725
10.73099999998166,0.5194620917703675
10.731999999981658,0.5194633447774362
10.732999999981656,0.5194649568441051
10.733999999981654,0.5194665795948861
10.734999999981651,0.5194681767317051
10.735999999981649,0.5194698098225619
10.736999999981647,0.5194714338734179
10.737999999981644,0.519473016128336
10.738999999981642,0.519474198309019
10.73999999998164,0.5194757277117791
10.740999999981637,0.5194772805242504
10.741999999981635,0.5194787203369374
10.742999999981633,0.5194801379408565
10.74399999998163,0.5194815497132111
10.744999999981628,0.5194825727917164
10.745999999981626,0.5194839239251218
10.746999999981623,0.5194852805118809
10.747999999981621,0.5194866588727355
10.748999999981619,0.5194879832688343
10.749999999981616,0.5194893334358921
10.750999999981614,0.519490395608267
10.751999999981612,0.5194918571580346
10.75299999998161,0.5194932840144791
10.753999999981607,0.5194947255098431
10.754999999981605,0.5194961844129884
10.755999999981602,0.5194976371147128
10.7569999999816,0.5194986024470143
10.757999999981598,0.5194999303681627
10.758999999981596,0.5195012254545649
10.759999999981593,0.5195025255770244
10.76099999998159,0.5195037677191464
10.761999999981589,0.519504994609336
10.762999999981586,0.51950624071337
10.763999999981584,0.5195071653720172
10.764999999981582,0.5195084246700477
10.76599999998158,0.5195096402990835
10.766999999981577,0.5195109432654486
10.767999999981575,0.5195122456356478
10.768999999981572,0.5195135332239852
10.76999999998157,0.5195145182879525
10.770999999981568,0.5195158239453944
10.771999999981565,0.5195171011174948
10.772999999981563,0.5195183339135737
10.77399999998156,0.5195195992608208
10.774999999981558,0.5195208160382363
10.775999999981556,0.5195216634828941
10.776999999981554,0.5195227260439885
10.777999999981551,0.5195238017985794
10.778999999981549,0.5195248416879834
10.779999999981547,0.5195258415525512
10.780999999981544,0.5195268248778485
10.781999999981542,0.5195276678966415
10.78299999998154,0.5195287329170718
10.783999999981537,0.5195298076283927
10.784999999981535,0.5195308562077724
10.785999999981533,0.5195319393367683
10.78699999998153,0.5195330125160614
10.787999999981528,0.5195340436557553
10.788999999981526,0.5195348119578871
10.789999999981523,0.5195357894986733
10.790999999981521,0.5195367888669195
10.791999999981519,0.519537676839609
10.792999999981516,0.5195385426054722
10.793999999981514,0.5195394014702932
10.794999999981512,0.5195400106826286
10.79599999998151,0.519540810432276
10.796999999981507,0.5195416155587633
10.797999999981505,0.519542442046935
10.798999999981502,0.5195432150098624
10.7999999999815,0.5195440136553613
10.800999999981498,0.5195446616195419
10.801999999981495,0.5195455701710029
10.802999999981493,0.5195464445279078
10.80399999998149,0.5195473333530397
10.804999999981488,0.5195482392187577
10.805999999981486,0.5195491388214869
10.806999999981484,0.5195496917578126
10.807999999981481,0.5195504691620855
10.808999999981479,0.5195512145583205
10.809999999981477,0.5195519646316459
10.810999999981474,0.519552658167488
10.811999999981472,0.5195533383173444
10.81299999998147,0.5195540381672069
10.813999999981467,0.5195545536918897
10.814999999981465,0.5195552681376598
10.815999999981463,0.5195559401744151
10.81699999998146,0.5195566993739131
10.817999999981458,0.5195574586647641
10.818999999981456,0.5195582042023408
10.819999999981453,0.5195587829018776
10.820999999981451,0.5195595474121188
10.821999999981449,0.519560284568487
10.822999999981446,0.5195609788978804
10.823999999981444,0.519561705773572
10.824999999981442,0.5195623855063577
10.82599999998144,0.5195628320727421
10.826999999981437,0.5195633632560267
10.827999999981435,0.5195639079350872
10.828999999981432,0.5195644178122311
10.82999999998143,0.5195648898056431
10.830999999981428,0.5195653471816317
10.831999999981425,0.5195657958088142
10.832999999981423,0.5195663366092365
10.83399999998142,0.5195668883747847
10.834999999981418,0.5195674157564935
10.835999999981416,0.5195679785229883
10.836999999981414,0.5195685326540102
10.837999999981411,0.5195690467017542
10.838999999981409,0.5195694281164085
10.839999999981407,0.5195698916822096
10.840999999981404,0.5195703777366538
10.841999999981402,0.5195707561458557
10.8429999999814,0.5195711145187142
10.843999999981397,0.5195714671460244
10.844999999981395,0.5195716988856539
10.845999999981393,0.5195719976226439
10.84699999998139,0.5195723038031186
10.847999999981388,0.5195726330345072
10.848999999981386,0.5195729112990142
10.849999999981383,0.5195732172088671
10.850999999981381,0.5195734963784046
10.851999999981379,0.5195739142285836
10.852999999981376,0.5195743004272206
10.853999999981374,0.519574702965364
10.854999999981372,0.5195751241673748
10.85599999998137,0.5195755410253462
10.856999999981367,0.5195757355292404
10.857999999981365,0.5195760361556807
10.858999999981362,0.5195763075400811
10.85999999998136,0.51957658525317
10.860999999981358,0.5195768097753515
10.861999999981355,0.5195770246006333
10.862999999981353,0.5195772614804942
10.86399999998135,0.5195774315793267
10.864999999981348,0.5195776876778841
10.865999999981346,0.519577904490338
10.866999999981344,0.5195782100291855
10.867999999981341,0.519578518105469
10.86899999998134,0.5195788152617953
10.869999999981337,0.5195790589645447
10.870999999981334,0.5195793789665023
10.871999999981332,0.5195796744711367
10.87299999998133,0.5195799303837119
10.873999999981327,0.5195802206144701
10.874999999981325,0.5195804668009796
10.875999999981323,0.5195805911485065
10.87699999998132,0.5195806971427152
10.877999999981318,0.51958081864913
10.878999999981316,0.5195809081000856
10.879999999981314,0.5195809633560615
10.880999999981311,0.5195810074371524
10.881999999981309,0.5195811470432511
10.882999999981307,0.519581278841333
10.883999999981304,0.5195814243421276
10.884999999981302,0.5195815487327312
10.8859999999813,0.5195817107796444
10.886999999981297,0.5195818668559544
10.887999999981295,0.5195819862030733
10.888999999981293,0.5195820734757102
10.88999999998129,0.5195821478973103
10.890999999981288,0.519582246949202
10.891999999981286,0.5195822433478572
10.892999999981283,0.5195822231994206
10.89399999998128,0.5195821998775452
10.894999999981279,0.5195821526393999
10.895999999981276,0.5195820827361036
10.896999999981274,0.519582023572225
10.897999999981272,0.5195819903395862
10.89899999998127,0.5195819099556837
10.899999999981267,0.5195818603126114
10.900999999981265,0.5195818742670115
10.901999999981262,0.5195819403827728
10.90299999998126,0.5195819785734753
10.903999999981258,0.5195820361555229
10.904999999981255,0.5195821151013209
10.905999999981253,0.5195821926850747
10.90699999998125,0.5195821368677765
10.907999999981248,0.5195821058821837
10.908999999981246,0.5195820494184505
10.909999999981244,0.5195820020382064
10.910999999981241,0.5195819057500607
10.911999999981239,0.5195818042419509
10.912999999981237,0.5195817280242322
10.913999999981234,0.5195816656954607
10.914999999981232,0.5195816147871899
10.91599999998123,0.5195815286204969
10.916999999981227,0.5195815334291554
10.917999999981225,0.519581543983802
10.918999999981223,0.5195815473024231
10.91999999998122,0.5195815723543631
10.920999999981218,0.5195816035778806
10.921999999981216,0.5195816138829225
10.922999999981213,0.5195815885233802
10.923999999981211,0.5195816000672606
10.924999999981209,0.5195815713291884
10.925999999981206,0.5195814927722509
10.926999999981204,0.51958133301497
10.927999999981202,0.5195811915021546
10.9289999999812,0.5195810213555928
10.929999999981197,0.5195808212032614
10.930999999981195,0.5195806137886679
10.931999999981192,0.519580565855429
10.93299999998119,0.5195804511243466
10.933999999981188,0.5195803532498481
10.934999999981185,0.5195802380485928
10.935999999981183,0.519580163170765
10.93699999998118,0.5195800852619517
10.937999999981178,0.519579974341187
10.938999999981176,0.5195798910650957
10.939999999981174,0.5195797413908231
10.940999999981171,0.5195796189503034
10.941999999981169,0.5195793990079627
10.942999999981167,0.5195791662743138
10.943999999981164,0.5195789333177593
10.944999999981162,0.5195787319008716
10.94599999998116,0.5195784598606834
10.946999999981157,0.519578202003336
10.947999999981155,0.519577973080254
10.948999999981153,0.519577701028549
10.94999999998115,0.519577462881042
10.950999999981148,0.5195773368916946
10.951999999981146,0.5195772182016992
10.952999999981143,0.519577075460002
10.953999999981141,0.5195769553069932
10.954999999981139,0.5195768592465219
10.955999999981136,0.5195767648216274
10.956999999981134,0.5195765839238972
10.957999999981132,0.5195763884198387
10.95899999998113,0.5195761711474677
10.959999999981127,0.519575965770258
10.960999999981125,0.5195757156463611
10.961999999981122,0.5195754644888013
10.96299999998112,0.5195752416811589
10.963999999981118,0.5195750716974376
10.964999999981115,0.5195748799015286
10.965999999981113,0.5195746567335928
10.96699999998111,0.5195745264140588
10.967999999981108,0.5195744047727471
10.968999999981106,0.5195742793977703
10.969999999981104,0.5195742094112664
10.970999999981101,0.5195741163748508
10.971999999981099,0.5195740056839612
10.972999999981097,0.5195738629257132
10.973999999981094,0.5195737594448477
10.974999999981092,0.5195736190837917
10.97599999998109,0.5195734597729169
10.976999999981087,0.5195731965772342
10.977999999981085,0.5195729540490899
10.978999999981083,0.5195726859597314
10.97999999998108,0.5195723915379453
10.980999999981078,0.519572093225092
10.981999999981076,0.5195719776719813
10.982999999981073,0.5195717759152804
10.983999999981071,0.5195715935912982
10.984999999981069,0.5195713972364219
10.985999999981066,0.5195712432842404
10.986999999981064,0.5195710885359519
10.987999999981062,0.5195709038825789
10.98899999998106,0.5195707670783268
10.989999999981057,0.519570548752058
10.990999999981055,0.5195703597439609
10.991999999981052,0.5195700775825988
10.99299999998105,0.5195697856915804
10.993999999981048,0.5195694959333069
10.994999999981045,0.5195692544016928
10.995999999981043,0.5195689315903909
10.99699999998104,0.5195686256001495
10.997999999981038,0.5195683507362694
10.998999999981036,0.5195680360278494
10.999999999981034,0.5195677575348185
11.000999999981032,0.5195676021132734
11.00199999998103,0.5195674450850303
11.002999999981027,0.5195672671031148
11.003999999981025,0.5195671141339515
11.004999999981022,0.5195669871210082
11.00599999998102,0.5195668638666561
11.006999999981018,0.5195666645077259
11.007999999981015,0.5195664459513936
11.008999999981013,0.5195662084055228
11.00999999998101,0.5195659847265683
11.010999999981008,0.5195657194755359
11.011999999981006,0.519565456247164
11.012999999981004,0.5195652234055328
11.013999999981001,0.5195650475105104
11.014999999980999,0.5195648495266146
11.015999999980997,0.5195646230644753
11.016999999980994,0.5195644901532995
11.017999999980992,0.5195643677699228
11.01899999998099,0.5195642441428358
11.019999999980987,0.5195641761910417
11.020999999980985,0.5195640873450621
11.021999999980983,0.5195639829975325
11.02299999998098,0.5195638490683273
11.023999999980978,0.519563755769778
11.024999999980976,0.5195636278615006
11.025999999980973,0.5195634800413786
11.026999999980971,0.5195632352200185
11.027999999980969,0.5195630123999321
11.028999999980966,0.5195627659711451
11.029999999980964,0.5195624956429454
11.030999999980962,0.5195622235399416
11.03199999998096,0.5195621272550288
11.032999999980957,0.5195619532862974
11.033999999980955,0.5195618000616049
11.034999999980952,0.5195616348961106
11.03599999998095,0.5195615129503036
11.036999999980948,0.5195613911006546
11.037999999980945,0.5195612411794117
11.038999999980943,0.5195611313663474
11.03999999998094,0.5195609506077552
11.040999999980938,0.5195608000450805
11.041999999980936,0.519560559270552
11.042999999980934,0.5195603105067046
11.043999999980931,0.5195600649774532
11.044999999980929,0.5195598581636118
11.045999999980927,0.5195595831329959
11.046999999980924,0.5195593261677925
11.047999999980922,0.5195591011407431
11.04899999998092,0.5195588382116885
11.049999999980917,0.5195586124073248
11.050999999980915,0.5195584963861237
11.051999999980913,0.5195583914971301
11.05299999998091,0.5195582674018626
11.053999999980908,0.519558169399402
11.054999999980906,0.5195580978311174
11.055999999980903,0.5195580307551572
11.056999999980901,0.5195578756563964
11.057999999980899,0.5195577164980648
11.058999999980896,0.5195575397082729
11.059999999980894,0.5195573773916511
11.060999999980892,0.5195571752260016
11.06199999998089,0.5195569766019882
11.062999999980887,0.519556808942842
11.063999999980885,0.5195566825811677
11.064999999980882,0.5195565510336602
11.06599999998088,0.5195563924571373
11.066999999980878,0.5195563266146145
11.067999999980875,0.519556271680868
11.068999999980873,0.5195562165514679
11.06999999998087,0.519556199714843
11.070999999980868,0.5195561792115369
11.071999999980866,0.5195561438788877
11.072999999980864,0.519556079980545
11.073999999980861,0.5195560566446564
11.074999999980859,0.5195559994979974
11.075999999980857,0.5195559058967965
11.076999999980854,0.5195557350276809
11.077999999980852,0.5195555860502163
11.07899999998085,0.5195554139569787
11.079999999980847,0.5195552188839879
11.080999999980845,0.5195550226381471
11.081999999980843,0.5195549818262941
11.08299999998084,0.5195548826194061
11.083999999980838,0.5195548039720602
11.084999999980836,0.5195547139917545
11.085999999980833,0.5195546665669019
11.086999999980831,0.5195546186235476
11.087999999980829,0.5195545429601123
11.088999999980826,0.5195544888049393
11.089999999980824,0.5195543825433182
11.090999999980822,0.5195543059079915
11.09199999998082,0.5195541404698323
11.092999999980817,0.5195539672987417
11.093999999980815,0.5195537970086282
11.094999999980812,0.5195536471674514
11.09599999998081,0.5195534482786042
11.096999999980808,0.5195532671978713
11.097999999980805,0.5195531173934771
11.098999999980803,0.5195529301527462
11.0999999999808,0.5195527794713859
11.100999999980798,0.5195527187160632
11.101999999980796,0.5195526858373144
11.102999999980794,0.5195526340395462
11.103999999980791,0.5195526079657441
11.10499999998079,0.5195526073713657
11.105999999980787,0.51955261057309
11.106999999980784,0.5195525093319757
11.107999999980782,0.5195524211163354
11.10899999998078,0.5195523151941536
11.109999999980777,0.5195522229339181
11.110999999980775,0.5195520911123491
11.111999999980773,0.5195519628992674
11.11299999998077,0.5195518648170203
11.113999999980768,0.5195517903430594
11.114999999980766,0.5195517271482911
11.115999999980763,0.5195516369564503
11.116999999980761,0.5195516373030958
11.117999999980759,0.5195516475644611
11.118999999980756,0.5195516572830104
11.119999999980754,0.5195516879359934
11.120999999980752,0.5195517297629183
11.12199999998075,0.5195517560640108
11.122999999980747,0.5195517534630073
11.123999999980745,0.5195517900092512
11.124999999980743,0.5195517922087086
11.12599999998074,0.5195517433846232
11.126999999980738,0.5195516326973072
11.127999999980736,0.5195515424718801
11.128999999980733,0.5195514283023092
11.12999999998073,0.5195512907626848
11.130999999980729,0.5195511513537594
11.131999999980726,0.5195511509447138
11.132999999980724,0.5195511052618426
11.133999999980722,0.5195510786975298
11.13499999998072,0.5195510401211191
11.135999999980717,0.5195510422030551
11.136999999980715,0.5195510419480744
11.137999999980712,0.5195510130979372
11.13899999998071,0.5195509932009095
11.139999999980708,0.5195509318585677
11.140999999980705,0.5195508983519708
11.141999999980703,0.5195507762553532
11.1429999999807,0.5195506454952935
11.143999999980698,0.5195505160703522
11.144999999980696,0.5195503966565985
11.145999999980694,0.5195502375132645
11.146999999980691,0.519550094770307
11.147999999980689,0.5195499815259255
11.148999999980687,0.5195498301553382
11.149999999980684,0.5195497136783388
11.150999999980682,0.5195496768117749
11.15199999998068,0.5195496732232412
11.152999999980677,0.5195496498825858
11.153999999980675,0.5195496507915448
11.154999999980673,0.5195496751835231
11.15599999998067,0.5195497016413427
11.156999999980668,0.5195496183477868
11.157999999980666,0.5195495522597933
11.158999999980663,0.5195494673756941
11.159999999980661,0.5195493943126752
11.160999999980659,0.5195492809833011
11.161999999980656,0.519549170378792
11.162999999980654,0.5195490881247216
11.163999999980652,0.5195490245920373
11.16499999998065,0.5195489743672359
11.165999999980647,0.5195488962107954
11.166999999980645,0.5195489055593998
11.167999999980642,0.5195489229521426
11.16899999998064,0.5195489385228962
11.169999999980638,0.5195489718832031
11.170999999980635,0.5195490156075004
11.171999999980633,0.5195490422552695
11.17299999998063,0.5195490388248104
11.173999999980628,0.5195490722618785
11.174999999980626,0.5195490700084678
11.175999999980624,0.5195490176033273
11.176999999980621,0.5195489019715239
11.177999999980619,0.519548804570437
11.178999999980617,0.519548681605672
11.179999999980614,0.5195485341455177
11.180999999980612,0.5195483834043476
11.18199999998061,0.5195483719089572
11.182999999980607,0.519548310442406
11.183999999980605,0.5195482659933464
11.184999999980603,0.519548208133445
11.1859999999806,0.5195481884026667
11.186999999980598,0.5195481639522156
11.187999999980596,0.5195481094079856
11.188999999980593,0.519548068968125
11.189999999980591,0.5195479789736537
11.190999999980589,0.519547914389144
11.191999999980586,0.519547760888574
11.192999999980584,0.5195475972356283
11.193999999980582,0.5195474327893385
11.19499999998058,0.5195472865647248
11.195999999980577,0.5195470904268141
11.196999999980575,0.5195469087979088
11.197999999980572,0.5195467544382509
11.19899999998057,0.5195465607516724
11.199999999980568,0.5195463998656511
11.200999999980565,0.5195463276965238
11.201999999980563,0.5195462742250012
11.20299999998056,0.5195461997002849
11.203999999980558,0.5195461474994735
11.204999999980556,0.5195461164217314
11.205999999980554,0.5195460853256993
11.206999999980551,0.5195459592160026
11.207999999980549,0.5195458338851078
11.208999999980547,0.5195456883452108
11.209999999980544,0.5195455524334296
11.210999999980542,0.5195453752613873
11.21199999998054,0.5195451997163565
11.212999999980537,0.5195450505090157
11.213999999980535,0.5195449356708418
11.214999999980533,0.5195448152679267
11.21599999998053,0.519544665741033
11.216999999980528,0.5195446005977821
11.217999999980526,0.5195445414772749
11.218999999980523,0.5195444790356646
11.219999999980521,0.519544452157761
11.220999999980519,0.5195444137692042
11.221999999980516,0.5195443566344197
11.222999999980514,0.5195442681328577
11.223999999980512,0.5195442140724064
11.22499999998051,0.5195441229033025
11.225999999980507,0.5195440035521276
11.226999999980505,0.519543798512946
11.227999999980502,0.5195436094037821
11.2289999999805,0.5195433930570099
11.229999999980498,0.5195431511042466
11.230999999980495,0.5195429044954206
11.231999999980493,0.5195428186635912
11.23299999998049,0.5195426570791598
11.233999999980488,0.5195425105038848
11.234999999980486,0.5195423491462229
11.235999999980484,0.5195422235083177
11.236999999980481,0.5195420909677902
11.23799999998048,0.5195419269606681
11.238999999980477,0.5195418032289687
11.239999999980474,0.5195416010682536
11.240999999980472,0.5195414220042859
11.24199999998047,0.519541153922168
11.242999999980468,0.5195408743923496
11.243999999980465,0.5195405921109011
11.244999999980463,0.5195403571426603
11.24599999998046,0.519540041672635
11.246999999980458,0.5195397391016856
11.247999999980456,0.5195394618744914
11.248999999980454,0.5195391443663596
11.249999999980451,0.5195388578937421
11.250999999980449,0.5195386898031661
11.251999999980447,0.5195385060370467
11.252999999980444,0.5195383002025223
11.253999999980442,0.5195381150682108
11.25499999998044,0.5195379490813733
11.255999999980437,0.519537781384922
11.256999999980435,0.5195375535071157
11.257999999980433,0.519537290638737
11.25899999998043,0.5195370065684529
11.259999999980428,0.519536730331056
11.260999999980426,0.5195364122925308
11.261999999980423,0.5195360953091471
11.262999999980421,0.5195358031557656
11.263999999980419,0.5195355803494299
11.264999999980416,0.5195353147026178
11.265999999980414,0.5195350192254156
11.266999999980412,0.5195348056498893
11.26799999998041,0.5195345966521442
11.268999999980407,0.5195343833524103
11.269999999980405,0.5195342420280685
11.270999999980402,0.5195340497934886
11.2719999999804,0.5195338377519656
11.272999999980398,0.5195335936593575
11.273999999980395,0.5195333821639714
11.274999999980393,0.5195331327796704
11.27599999998039,0.5195328949501941
11.276999999980388,0.5195325324253007
11.277999999980386,0.5195321841786205
11.278999999980384,0.5195318076819825
11.279999999980381,0.51953140517919
11.280999999980379,0.5195309973738133
11.281999999980377,0.5195307887914513
11.282999999980374,0.519530463157053
11.283999999980372,0.5195301512976424
11.28499999998037,0.5195298240105136
11.285999999980367,0.5195295308297717
11.286999999980365,0.519529229423004
11.287999999980363,0.5195288959722119
11.28899999998036,0.5195286444902003
11.289999999980358,0.5195282716077274
11.290999999980356,0.5195279203043708
11.291999999980353,0.5195274807451362
11.292999999980351,0.5195270292862735
11.293999999980349,0.5195265739563679
11.294999999980346,0.5195262094238572
11.295999999980344,0.5195257209804833
11.296999999980342,0.5195252447436075
11.29799999998034,0.5195247928512349
11.298999999980337,0.5195243006153025
11.299999999980335,0.5195238385921036
11.300999999980332,0.5195235377602953
11.30199999998033,0.5195231755236539
11.302999999980328,0.5195227911209972
11.303999999980325,0.519522426726137
11.304999999980323,0.5195220804849789
11.30599999998032,0.5195217318290533
11.306999999980318,0.5195213695959919
11.307999999980316,0.5195209265910173
11.308999999980314,0.5195204623885877
11.309999999980311,0.5195200052224178
11.310999999980309,0.5195195067305419
11.311999999980307,0.519519009778107
11.312999999980304,0.5195185371995396
11.313999999980302,0.5195181790153255
11.3149999999803,0.5195177325176717
11.315999999980297,0.5195172565315698
11.316999999980295,0.5195168611013035
11.317999999980293,0.5195164698995983
11.31899999998029,0.5195160744835751
11.319999999980288,0.5195157960178886
11.320999999980286,0.5195154206562198
11.321999999980283,0.5195150255472238
11.322999999980281,0.5195145988070513
11.323999999980279,0.5195142039322427
11.324999999980276,0.519513771513332
11.325999999980274,0.5195133973317448
11.326999999980272,0.5195128544921468
11.32799999998027,0.5195123254262489
11.328999999980267,0.5195117682495052
11.329999999980265,0.5195111858213238
11.330999999980262,0.5195105986087556
11.33199999998026,0.5195102544297906
11.332999999980258,0.5195097486475658
11.333999999980255,0.5195092565986276
11.334999999980253,0.5195087496559382
11.33599999998025,0.5195082764125055
11.336999999980248,0.5195077948506637
11.337999999980246,0.519507281864432
11.338999999980244,0.5195068958647184
11.339999999980241,0.5195063442877126
11.340999999980239,0.5195058139927266
11.341999999980237,0.5195051974090443
11.342999999980234,0.5195045696833378
11.343999999980232,0.5195039382025992
11.34499999998023,0.5195034425774436
11.345999999980227,0.5195027801901178
11.346999999980225,0.5195021305651683
11.347999999980223,0.5195015055296547
11.34899999998022,0.5195008413322394
11.349999999980218,0.519500207771886
11.350999999980216,0.5194997780386614
11.351999999980213,0.5194992435748554
11.352999999980211,0.5194986880999152
11.353999999980209,0.519498153202736
11.354999999980206,0.5194976367307483
11.355999999980204,0.5194971184026902
11.356999999980202,0.5194966310786043
11.3579999999802,0.5194960214143417
11.358999999980197,0.5194953918086307
11.359999999980195,0.5194947697279256
11.360999999980192,0.5194941080454405
11.36199999998019,0.5194934496222299
11.362999999980188,0.5194928163771756
11.363999999980186,0.5194923384777455
11.364999999980183,0.5194917331044391
11.36599999998018,0.5194910998623656
11.366999999980179,0.5194905471024207
11.367999999980176,0.519489999491052
11.368999999980174,0.5194894490360409
11.369999999980172,0.5194890545731472
11.37099999998017,0.519488525382179
11.371999999980167,0.5194879777829693
11.372999999980165,0.5194874002276281
11.373999999980162,0.5194868551055264
11.37499999998016,0.5194862740426931
11.375999999980158,0.5194857901020538
11.376999999980155,0.5194851034490159
11.377999999980153,0.519484431358696
11.37899999998015,0.5194837325826062
11.379999999980148,0.5194830105433497
11.380999999980146,0.5194822854712897
11.381999999980144,0.5194818376409279
11.382999999980141,0.5194811954273385
11.383999999980139,0.5194805681465255
11.384999999980137,0.5194799277748625
11.385999999980134,0.5194793219417164
11.386999999980132,0.5194787089200947
11.38799999998013,0.5194780663226704
11.388999999980127,0.5194775840788923
11.389999999980125,0.5194769058918823
11.390999999980123,0.5194762499675407
11.39199999998012,0.5194755108845195
11.392999999980118,0.5194747626178823
11.393999999980116,0.51947401197119
11.394999999980113,0.5194734287470555
11.395999999980111,0.5194726514222905
11.396999999980109,0.5194718886106351
11.397999999980106,0.5194711518148524
11.398999999980104,0.5194703782571124
11.399999999980102,0.5194696369310959
11.4009999999801,0.5194691268788348
11.401999999980097,0.5194684859527817
11.402999999980095,0.5194678263790323
11.403999999980092,0.5194671891673356
11.40499999998009,0.5194665718204733
11.405999999980088,0.5194659543371516
11.406999999980085,0.5194653954702826
11.407999999980083,0.5194646916095458
11.40899999998008,0.5194639701880803
11.409999999980078,0.5194632579703504
11.410999999980076,0.5194625089732827
11.411999999980074,0.51946176598478
11.412999999980071,0.5194610500662384
11.413999999980069,0.5194605116792798
11.414999999980067,0.5194598273124681
11.415999999980064,0.5194591178200474
11.416999999980062,0.5194584897614107
11.41799999998006,0.5194578688343039
11.418999999980057,0.5194572475493135
11.419999999980055,0.5194568009199916
11.420999999980053,0.5194562039097186
11.42199999998005,0.519455590886647
11.422999999980048,0.5194549506116038
11.423999999980046,0.5194543444440646
11.424999999980043,0.5194537049546614
11.425999999980041,0.5194531795318749
11.426999999980039,0.5194524408592318
11.427999999980036,0.519451718598926
11.428999999980034,0.5194509721195039
11.429999999980032,0.5194502053050895
11.43099999998003,0.5194494381403728
11.431999999980027,0.5194489590034524
11.432999999980025,0.5194482777029047
11.433999999980022,0.5194476134567907
11.43499999998002,0.5194469389072142
11.435999999980018,0.5194463006558346
11.436999999980015,0.5194456571978668
11.437999999980013,0.5194449869098201
11.43899999998001,0.5194444854781839
11.439999999980008,0.5194437841656362
11.440999999980006,0.5194431070617126
11.441999999980004,0.519442350695317
11.442999999980001,0.5194415879386568
11.443999999979999,0.5194408250942603
11.444999999979997,0.5194402349793578
11.445999999979994,0.5194394509862007
11.446999999979992,0.519438684044256
11.44799999997999,0.5194379453159281
11.448999999979987,0.519437173061062
11.449999999979985,0.5194364353815414
11.450999999979983,0.5194359290263718
11.45199999997998,0.519435294223405
11.452999999979978,0.5194346439486265
11.453999999979976,0.5194340186350043
11.454999999979973,0.5194334153583196
11.455999999979971,0.5194328143856979
11.456999999979969,0.5194322710429161
11.457999999979966,0.5194315897748057
11.458999999979964,0.5194308939938815
11.459999999979962,0.5194302098487356
11.46099999997996,0.5194294923700699
11.461999999979957,0.5194287841609035
11.462999999979955,0.5194281055097563
11.463999999979952,0.5194275969992936
11.46499999997995,0.5194269545880071
11.465999999979948,0.5194262904372585
11.466999999979945,0.5194257091521834
11.467999999979943,0.5194251375305995
11.46899999997994,0.5194245686624223
11.469999999979938,0.5194241626190504
11.470999999979936,0.5194236218974592
11.471999999979934,0.5194230680859977
11.472999999979931,0.5194224902299875
11.47399999997993,0.5194219487551023
11.474999999979927,0.5194213770549316
11.475999999979924,0.5194209050556887
11.476999999979922,0.5194202411426218
11.47799999997992,0.5194195960184568
11.478999999979917,0.5194189296417873
11.479999999979915,0.519418246228215
11.480999999979913,0.5194175655024458
11.48199999997991,0.5194171515591471
11.482999999979908,0.5194165602319429
11.483999999979906,0.5194159884185493
11.484999999979904,0.5194154095071429
11.485999999979901,0.5194148689858004
11.486999999979899,0.5194143254762768
11.487999999979897,0.5194137581892114
11.488999999979894,0.5194133358139639
11.489999999979892,0.5194127425856928
11.49099999997989,0.5194121758943607
11.491999999979887,0.5194115339754591
11.492999999979885,0.5194108886860852
11.493999999979883,0.5194102459190421
11.49499999997988,0.5194097481836991
11.495999999979878,0.5194090899896082
11.496999999979876,0.5194084515366767
11.497999999979873,0.5194078436349444
11.49899999997987,0.5194072056560064
11.499999999979869,0.5194066047079849
11.500999999979866,0.519406201893445
11.501999999979864,0.5194057063166682
11.502999999979862,0.5194051986291701
11.50399999997986,0.5194047186876025
11.504999999979857,0.5194042630452883
11.505999999979855,0.5194038122245311
11.506999999979852,0.5194033845090099
11.50799999997985,0.5194028594443971
11.508999999979848,0.5194023229317426
11.509999999979845,0.5194018005938418
11.510999999979843,0.5194012483338691
11.51199999997984,0.5194007084412247
11.512999999979838,0.519400200527994
11.513999999979836,0.519399821963597
11.514999999979834,0.5193993548140777
11.515999999979831,0.5193988692903337
11.516999999979829,0.5193984678620024
11.517999999979827,0.5193980785083812
11.518999999979824,0.5193976949784916
11.519999999979822,0.5193974290830575
11.52099999997982,0.5193970772491314
11.521999999979817,0.5193967150965889
11.522999999979815,0.5193963319389733
11.523999999979813,0.5193959873636033
11.52499999997981,0.5193956154623154
11.525999999979808,0.5193952956920397
11.526999999979806,0.5193948379158033
11.527999999979803,0.5193944011533574
11.528999999979801,0.519393945923913
11.529999999979799,0.51939347664499
11.530999999979796,0.5193930127664169
11.531999999979794,0.5193927614737001
11.532999999979792,0.519392389853676
11.53399999997979,0.519392039863367
11.534999999979787,0.5193916857134576
11.535999999979785,0.5193913716964468
11.536999999979782,0.5193910564625268
11.53799999997978,0.5193907201311561
11.538999999979778,0.5193904725500874
11.539999999979775,0.5193901146840467
11.540999999979773,0.5193897853791654
11.54199999997977,0.519389384341756
11.542999999979768,0.5193889825030416
11.543999999979766,0.5193885854280645
11.544999999979764,0.5193882739036899
11.545999999979761,0.5193878661360258
11.546999999979759,0.5193874802685603
11.547999999979757,0.519387126756238
11.548999999979754,0.5193867461457562
11.549999999979752,0.5193864044613438
11.55099999997975,0.5193861966793181
11.551999999979747,0.5193859617152065
11.552999999979745,0.5193857175050502
11.553999999979743,0.5193855033295975
11.55499999997974,0.5193853151377927
11.555999999979738,0.5193851336951575
11.556999999979736,0.5193849104771973
11.557999999979733,0.5193846596522319
11.558999999979731,0.5193843998002694
11.559999999979729,0.519384156093988
11.560999999979726,0.519383885186691
11.561999999979724,0.519383628938789
11.562999999979722,0.5193834063756089
11.56399999997972,0.5193832432474117
11.564999999979717,0.5193830646703809
11.565999999979715,0.5193828704006072
11.566999999979712,0.5193827606236928
11.56799999997971,0.5193826645720027
11.568999999979708,0.5193825767143659
11.569999999979705,0.5193825331756663
11.570999999979703,0.5193824791406435
11.5719999999797,0.5193824167647404
11.572999999979698,0.5193823356240541
11.573999999979696,0.5193822945427475
11.574999999979694,0.5193822282116818
11.575999999979691,0.5193821393987262
11.576999999979689,0.5193819918496788
11.577999999979687,0.5193818667504299
11.578999999979684,0.5193817251548863
11.579999999979682,0.5193815715821286
11.58099999997968,0.5193814251962016
11.581999999979677,0.5193814113291908
11.582999999979675,0.5193813583587653
11.583999999979673,0.5193813281982029
11.58499999997967,0.5193812959319749
11.585999999979668,0.5193813046033992
11.586999999979666,0.51938131281592
11.587999999979663,0.5193813016547955
11.588999999979661,0.5193812989062846
11.589999999979659,0.5193812689200878
11.590999999979656,0.5193812686110386
11.591999999979654,0.5193811989790549
11.592999999979652,0.5193811301019566
11.59399999997965,0.5193810672734376
11.594999999979647,0.5193810076467962
11.595999999979645,0.5193809369400698
11.596999999979642,0.5193808892154632
11.59799999997964,0.5193808745817817
11.598999999979638,0.5193808347952611
11.599999999979635,0.5193808347419119
11.600999999979633,0.5193808830309884
11.60199999997963,0.5193809890402176
11.602999999979628,0.5193810876174964
11.603999999979626,0.5193812174697414
11.604999999979624,0.5193813738961153
11.605999999979622,0.5193815378972032
11.60699999997962,0.5193815753908506
11.607999999979617,0.5193816728236953
11.608999999979615,0.5193817625116541
11.609999999979612,0.5193818692236238
11.61099999997961,0.5193819502849721
11.611999999979608,0.519382047051888
11.612999999979605,0.5193821780285514
11.613999999979603,0.5193822806952881
11.6149999999796,0.5193824567772346
11.615999999979598,0.5193826186766817
11.616999999979596,0.519382864221771
11.617999999979594,0.5193831239395059
11.618999999979591,0.5193833930425972
11.619999999979589,0.5193836170145149
11.620999999979587,0.5193839199150415
11.621999999979584,0.5193842152220277
11.622999999979582,0.5193844927788802
11.62399999997958,0.5193848106870144
11.624999999979577,0.5193851041844699
11.625999999979575,0.519385286175228
11.626999999979573,0.519385500802586
11.62799999997957,0.5193857380965525
11.628999999979568,0.5193859596280764
11.629999999979566,0.5193861699675913
11.630999999979563,0.5193863879896577
11.631999999979561,0.5193866458498317
11.632999999979559,0.5193869561520571
11.633999999979556,0.5193872891572289
11.634999999979554,0.5193876208347923
11.635999999979552,0.5193879929706066
11.63699999997955,0.5193883640883612
11.637999999979547,0.5193887162607964
11.638999999979545,0.5193889861107011
11.639999999979542,0.5193893198857332
11.64099999997954,0.5193896831779157
11.641999999979538,0.5193899781976308
11.642999999979535,0.5193902742108399
11.643999999979533,0.5193905762608376
11.64499999997953,0.5193907906103509
11.645999999979528,0.5193910852275525
11.646999999979526,0.5193914025598817
11.647999999979524,0.5193917523897015
11.648999999979521,0.5193920776772211
11.649999999979519,0.5193924421662094
11.650999999979517,0.5193927628324926
11.651999999979514,0.5193932303754583
11.652999999979512,0.519393690961605
11.65399999997951,0.5193941827288493
11.654999999979507,0.5193947003311349
11.655999999979505,0.5193952250012283
11.656999999979503,0.5193955337109639
11.6579999999795,0.5193959922369042
11.658999999979498,0.5193964429538249
11.659999999979496,0.5193969102361845
11.660999999979493,0.5193973520614223
11.661999999979491,0.5193978092626681
11.662999999979489,0.5193982998530111
11.663999999979486,0.5193986719696627
11.664999999979484,0.5193992064097676
11.665999999979482,0.5193997268129142
11.66699999997948,0.5194003286743676
11.667999999979477,0.5194009438146169
11.668999999979475,0.5194015681693099
11.669999999979472,0.5194020574932312
11.67099999997947,0.51940271328478
11.671999999979468,0.5194033608724646
11.672999999979465,0.5194039903793516
11.673999999979463,0.5194046591838378
11.67499999997946,0.5194053030763913
11.675999999979458,0.5194057479107864
11.676999999979456,0.5194063129119633
11.677999999979454,0.5194068994559824
11.678999999979451,0.5194074696238575
11.679999999979449,0.5194080280453292
11.680999999979447,0.5194085933100886
11.681999999979444,0.5194091091853436
11.682999999979442,0.519409763287616
11.68399999997944,0.5194104386690821
11.684999999979437,0.5194111121501978
11.685999999979435,0.5194118243016859
11.686999999979433,0.5194125335850145
11.68799999997943,0.5194132230381263
11.688999999979428,0.5194137450694218
11.689999999979426,0.5194144142530379
11.690999999979423,0.519415111470106
11.691999999979421,0.5194157401641781
11.692999999979419,0.5194163687935035
11.693999999979416,0.519417002135122
11.694999999979414,0.5194174644268775
11.695999999979412,0.5194180885423699
11.69699999997941,0.51941873381795
11.697999999979407,0.5194194097361813
11.698999999979405,0.519420060414345
11.699999999979402,0.5194207485019157
11.7009999999794,0.519421310037476
11.701999999979398,0.5194220960596915
11.702999999979395,0.5194228742998785
11.703999999979393,0.5194236823348237
11.70499999997939,0.5194245142286578
11.705999999979388,0.5194253514487566
11.706999999979386,0.5194258945104399
11.707999999979384,0.5194266638584205
11.708999999979381,0.5194274241079462
11.70999999997938,0.5194281992126101
11.710999999979377,0.5194289478393233
11.711999999979374,0.5194297103377147
11.712999999979372,0.5194305042214094
11.71399999997937,0.5194311027492713
11.714999999979367,0.5194319371575027
11.715999999979365,0.5194327564455177
11.716999999979363,0.5194336538966077
11.71799999997936,0.5194345625786511
11.718999999979358,0.5194354790867973
11.719999999979356,0.5194361857117157
11.720999999979353,0.5194371293448086
11.721999999979351,0.51943806300631
11.722999999979349,0.5194389771142848
11.723999999979346,0.5194399282870831
11.724999999979344,0.5194408529256032
11.725999999979342,0.5194415076539789
11.72699999997934,0.5194423515095683
11.727999999979337,0.5194432146470391
11.728999999979335,0.5194440596607378
11.729999999979333,0.519444891299518
11.73099999997933,0.5194457278799551
11.731999999979328,0.519446444235617
11.732999999979326,0.519447364440429
11.733999999979323,0.5194483034677825
11.73499999997932,0.5194492389157955
11.735999999979319,0.519450210225811
11.736999999979316,0.5194511758609688
11.737999999979314,0.5194521197602736
11.738999999979312,0.5194528311569478
11.73999999997931,0.5194537511409287
11.740999999979307,0.5194546966189106
11.741999999979305,0.5194555723822769
11.742999999979302,0.5194564460508305
11.7439999999793,0.5194573220899602
11.744999999979298,0.5194579652817314
11.745999999979295,0.5194588287123738
11.746999999979293,0.5194597108220165
11.74799999997929,0.519460620821536
11.748999999979288,0.5194615039053425
11.749999999979286,0.5194624217176321
11.750999999979284,0.5194631531817191
11.751999999979281,0.5194641624343398
11.752999999979279,0.5194651621178793
11.753999999979277,0.5194661892582759
11.754999999979274,0.5194672374247526
11.755999999979272,0.5194682883257222
11.75699999997927,0.5194689911258198
11.757999999979267,0.5194699710040772
11.758999999979265,0.519470939671051
11.759999999979263,0.5194719206067767
11.76099999997926,0.5194728732481286
11.761999999979258,0.519473837547157
11.762999999979256,0.5194748304773524
11.763999999979253,0.5194755767164457
11.764999999979251,0.5194766055511519
11.765999999979249,0.5194776173668442
11.766999999979246,0.5194787034275223
11.767999999979244,0.5194797979657898
11.768999999979242,0.5194808981426354
11.76999999997924,0.5194817402919737
11.770999999979237,0.5194828621558913
11.771999999979235,0.5194839715828843
11.772999999979232,0.5194850592992513
11.77399999997923,0.5194861811017236
11.774999999979228,0.519487274095782
11.775999999979225,0.5194880540404443
11.776999999979223,0.5194890633937841
11.77799999997922,0.5194900890898188
11.778999999979218,0.5194910942467801
11.779999999979216,0.5194920838260135
11.780999999979214,0.5194930758869195
11.781999999979211,0.5194939056353967
11.782999999979209,0.5194949752617533
11.783999999979207,0.5194960607303398
11.784999999979204,0.5194971403187061
11.785999999979202,0.5194982524508844
11.7869999999792,0.5194993556869755
11.787999999979197,0.519500434772821
11.788999999979195,0.5195012457363608
11.789999999979193,0.519502296394794
11.79099999997919,0.5195033694500735
11.791999999979188,0.5195043712133086
11.792999999979186,0.5195053684107329
11.793999999979183,0.5195063651347479
11.794999999979181,0.5195070974903012
11.795999999979179,0.5195080776125092
11.796999999979176,0.519509073562212
11.797999999979174,0.5195100943025769
11.798999999979172,0.5195110860075436
11.79999999997917,0.5195121094260746
11.800999999979167,0.5195129175700792
11.801999999979165,0.5195140255796716
11.802999999979162,0.5195151218069559
11.80399999997916,0.5195162427384503
11.804999999979158,0.5195173815628772
11.805999999979155,0.5195185202378817
11.806999999979153,0.5195192882838863
11.80799999997915,0.5195203523733452
11.808999999979148,0.5195214028813118
11.809999999979146,0.5195224627501907
11.810999999979144,0.5195234922868686
11.811999999979141,0.5195245311558429
11.812999999979139,0.5195255957307257
11.813999999979137,0.5195263939985539
11.814999999979134,0.5195274895869666
11.815999999979132,0.5195285660125397
11.81699999997913,0.5195297127444733
11.817999999979127,0.5195308650771888
11.818999999979125,0.5195320206320396
11.819999999979123,0.5195329020659822
11.82099999997912,0.5195340737785322
11.821999999979118,0.5195352304799961
11.822999999979116,0.5195363632117788
11.823999999979113,0.5195375268799006
11.824999999979111,0.5195386594007537
11.825999999979109,0.5195394679479766
11.826999999979106,0.5195405140644317
11.827999999979104,0.5195415734902418
11.828999999979102,0.5195426098808321
11.8299999999791,0.519543628512037
11.830999999979097,0.5195446472023806
11.831999999979095,0.519545493900648
11.832999999979092,0.5195465843107839
11.83399999997909,0.5195476876529739
11.834999999979088,0.5195487827802793
11.835999999979085,0.5195499072155968
11.836999999979083,0.5195510197212537
11.83799999997908,0.5195521057435811
11.838999999979078,0.5195529201248319
11.839999999979076,0.5195539733800901
11.840999999979074,0.5195550459663374
11.841999999979071,0.5195560458979095
11.84299999997907,0.5195570389433852
11.843999999979067,0.5195580287611534
11.844999999979064,0.519558754753597
11.845999999979062,0.5195597244084038
11.84699999997906,0.5195607072677468
11.847999999979058,0.5195617120626703
11.848999999979055,0.5195626858496686
11.849999999979053,0.5195636885899729
11.85099999997905,0.5195644789269865
11.851999999979048,0.5195655600874872
11.852999999979046,0.5195666274126841
11.853999999979044,0.5195677168606949
11.854999999979041,0.5195688213505414
11.855999999979039,0.519569923096503
11.856999999979037,0.5195706631799443
11.857999999979034,0.5195716873875574
11.858999999979032,0.5195726959648145
11.85999999997903,0.5195737112573672
11.860999999979027,0.5195746945354431
11.861999999979025,0.5195756852838602
11.862999999979023,0.5195766992141415
11.86399999997902,0.5195774580445464
11.864999999979018,0.5195784988289278
11.865999999979016,0.5195795186370709
11.866999999979013,0.5195806053552874
11.867999999979011,0.5195816952364224
11.868999999979009,0.5195827862645039
11.869999999979006,0.5195836173986834
11.870999999979004,0.5195847199367625
11.871999999979002,0.5195858053436727
11.872999999979,0.5195868649740265
11.873999999978997,0.5195879527838253
11.874999999978995,0.5195890075939879
11.875999999978992,0.5195897571794268
11.87699999997899,0.5195907238596962
11.877999999978988,0.5195917012773622
11.878999999978985,0.5195926536362565
11.879999999978983,0.5195935866124188
11.88099999997898,0.519594517796487
11.881999999978978,0.5195952963707139
11.882999999978976,0.519596294564644
11.883999999978974,0.5195973033761188
11.884999999978971,0.5195983021429557
11.885999999978969,0.5195993275858376
11.886999999978967,0.5196003387625083
11.887999999978964,0.5196013217206353
11.888999999978962,0.5196020574042985
11.88999999997896,0.5196030043316252
11.890999999978957,0.5196039680827101
11.891999999978955,0.519604858525779
11.892999999978953,0.5196057404149008
11.89399999997895,0.5196066169284341
11.894999999978948,0.519607257243635
11.895999999978946,0.5196081113113434
11.896999999978943,0.5196089766804227
11.897999999978941,0.519609861855143
11.898999999978939,0.5196107146946909
11.899999999978936,0.5196115944565858
11.900999999978934,0.519612290788724
11.901999999978932,0.5196132442695143
11.90299999997893,0.5196141825105036
11.903999999978927,0.5196151409506141
11.904999999978925,0.5196161123260825
11.905999999978922,0.5196170791122746
11.90699999997892,0.5196177182996763
11.907999999978918,0.5196186059857171
11.908999999978915,0.5196194767614026
11.909999999978913,0.5196203523350975
11.91099999997891,0.5196211950046915
11.911999999978908,0.5196220441576372
11.912999999978906,0.5196229147944437
11.913999999978904,0.519623565237651
11.914999999978901,0.5196244600362777
11.915999999978899,0.519625332813594
11.916999999978897,0.5196262700348802
11.917999999978894,0.5196272088256543
11.918999999978892,0.5196281474586515
11.91999999997889,0.5196288629885659
11.920999999978887,0.5196298100421352
11.921999999978885,0.5196307386985869
11.922999999978883,0.5196316406150312
11.92399999997888,0.5196325687612525
11.924999999978878,0.5196334629240617
11.925999999978876,0.5196340919433134
11.926999999978873,0.5196348978933271
11.927999999978871,0.5196357128621871
11.928999999978869,0.5196365016073667
11.929999999978866,0.5196372702558699
11.930999999978864,0.5196380361776379
11.931999999978862,0.5196386890218583
11.93299999997886,0.5196395189489068
11.933999999978857,0.5196403581078828
11.934999999978855,0.5196411862576986
11.935999999978852,0.5196420393832045
11.93699999997885,0.5196428769015089
11.937999999978848,0.5196436853854906
11.938999999978845,0.5196442894188672
11.939999999978843,0.5196450602405419
11.94099999997884,0.5196458462777771
11.941999999978838,0.5196465593380886
11.942999999978836,0.5196472631244329
11.943999999978834,0.5196479603138439
11.944999999978831,0.5196484660917068
11.945999999978829,0.519649140287622
11.946999999978827,0.5196498248728987
11.947999999978824,0.5196505281209967
11.948999999978822,0.5196511986418977
11.94999999997882,0.5196518950366289
11.950999999978817,0.5196524527480036
11.951999999978815,0.5196532200041587
11.952999999978813,0.5196539715424054
11.95399999997881,0.5196547422890071
11.954999999978808,0.5196555248478459
11.955999999978806,0.5196563019556107
11.956999999978803,0.5196567999004482
11.957999999978801,0.5196574981047046
11.958999999978799,0.5196581791045243
11.959999999978796,0.5196588639569004
11.960999999978794,0.5196595160095651
11.961999999978792,0.5196601745943206
11.96299999997879,0.5196608539761127
11.963999999978787,0.519661360725728
11.964999999978785,0.5196620633544479
11.965999999978782,0.519662743889327
11.96699999997878,0.5196634874645927
11.967999999978778,0.5196642320225462
11.968999999978776,0.5196649760830576
11.969999999978773,0.5196655450589998
11.97099999997877,0.5196662962479021
11.971999999978769,0.5196670287805997
11.972999999978766,0.5196677345993355
11.973999999978764,0.5196684656810217
11.974999999978762,0.5196691627976294
11.97599999997876,0.5196696446152317
11.976999999978757,0.5196702552242204
11.977999999978755,0.5196708741330871
11.978999999978752,0.5196714666502302
11.97999999997875,0.5196720393610614
11.980999999978748,0.5196726094153818
11.981999999978745,0.519673114288381
11.982999999978743,0.5196737471563941
11.98399999997874,0.5196743888755095
11.984999999978738,0.5196750195952334
11.985999999978736,0.519675674592551
11.986999999978734,0.5196763136702507
11.987999999978731,0.5196769238821188
11.988999999978729,0.5196773790710792
11.989999999978727,0.519677951724594
11.990999999978724,0.5196785389709375
11.991999999978722,0.5196790545636949
11.99299999997872,0.519679561145192
11.993999999978717,0.5196800608973499
11.994999999978715,0.5196804192022162
11.995999999978713,0.5196808971387341
11.99699999997871,0.5196813855483604
11.997999999978708,0.5196818924634712
11.998999999978706,0.5196823672240101
11.999999999978703,0.5196828677819192
12.000999999978701,0.5196832781694348
12.001999999978699,0.5196838484786117
12.002999999978696,0.5196844035367127
12.003999999978694,0.5196849777611365
12.004999999978692,0.5196855636348833
12.00599999997869,0.5196861441519203
12.006999999978687,0.5196864962877282
12.007999999978685,0.5196869997582252
12.008999999978682,0.5196874866706775
12.00999999997868,0.5196879774437501
12.010999999978678,0.5196884364535403
12.011999999978675,0.5196889029736822
12.012999999978673,0.51968939053757
12.01399999997867,0.5196897537892515
12.014999999978668,0.519690265311045
12.015999999978666,0.5196907555814144
12.016999999978664,0.5196913084194597
12.017999999978661,0.5196918625621325
12.018999999978659,0.5196924167673249
12.019999999978657,0.5196928433257287
12.020999999978654,0.5196934049486868
12.021999999978652,0.5196939485547538
12.02299999997865,0.5196944663508978
12.023999999978647,0.519695009342646
12.024999999978645,0.5196955192657584
12.025999999978643,0.5196958618318283
12.02699999997864,0.5196962884354259
12.027999999978638,0.5196967235076762
12.028999999978636,0.5196971328974178
12.029999999978633,0.5196975236157219
12.030999999978631,0.5196979125871624
12.031999999978629,0.5196982811272542
12.032999999978626,0.5196987331980178
12.033999999978624,0.5196991945690435
12.034999999978622,0.5196996457806092
12.03599999997862,0.5197001213954687
12.036999999978617,0.5197005815924378
12.037999999978615,0.5197010138939938
12.038999999978612,0.5197013360486092
12.03999999997861,0.5197017323010977
12.040999999978608,0.519702143345749
12.041999999978605,0.5197024848175341
12.042999999978603,0.5197028183153429
12.0439999999786,0.5197031455555756
12.044999999978598,0.5197033755678945
12.045999999978596,0.5197036834687794
12.046999999978594,0.51970400268585
12.047999999978591,0.5197043409983272
12.048999999978589,0.5197046484817244
12.049999999978587,0.5197049824135286
12.050999999978584,0.5197052678572063
12.051999999978582,0.5197056716817481
12.05299999997858,0.5197060614484418
12.053999999978577,0.5197064710675268
12.054999999978575,0.5197068928809234
12.055999999978573,0.5197073101325919
12.05699999997857,0.5197075418554418
12.057999999978568,0.5197078850864283
12.058999999978566,0.5197082130767473
12.059999999978563,0.5197085456409516
12.060999999978561,0.519708848127706
12.061999999978559,0.5197091597132727
12.062999999978556,0.5197094932288999
12.063999999978554,0.5197097417358524
12.064999999978552,0.5197101010186848
12.06599999997855,0.5197104405299646
12.066999999978547,0.5197108427316535
12.067999999978545,0.5197112471624019
12.068999999978542,0.5197116528337825
12.06999999997854,0.5197119683472853
12.070999999978538,0.5197123827386886
12.071999999978535,0.5197127803360664
12.072999999978533,0.5197131535917113
12.07399999997853,0.5197135525814045
12.074999999978528,0.5197139199538586
12.075999999978526,0.5197141570829386
12.076999999978524,0.5197144451748044
12.077999999978521,0.519714742477561
12.07899999997852,0.5197150153644354
12.079999999978517,0.5197152712118519
12.080999999978514,0.5197155267107557
12.081999999978512,0.5197157949063369
12.08299999997851,0.5197161146194647
12.083999999978507,0.5197164445572264
12.084999999978505,0.5197167656720679
12.085999999978503,0.5197171117838986
12.0869999999785,0.519717443412247
12.087999999978498,0.5197177485607446
12.088999999978496,0.5197179760539804
12.089999999978494,0.5197182474347722
12.090999999978491,0.519718534284496
12.091999999978489,0.5197187540071249
12.092999999978487,0.5197189671952186
12.093999999978484,0.51971917514334
12.094999999978482,0.5197193170024511
12.09599999997848,0.5197195086939124
12.096999999978477,0.5197197129122323
12.097999999978475,0.5197199371740968
12.098999999978473,0.5197201323123037
12.09999999997847,0.5197203548860786
12.100999999978468,0.5197205570422431
12.101999999978466,0.5197208501753479
12.102999999978463,0.5197211307964136
12.10399999997846,0.5197214323093418
12.104999999978459,0.5197217468772936
12.105999999978456,0.5197220579854859
12.106999999978454,0.5197222122519329
12.107999999978452,0.5197224528172921
12.10899999997845,0.519722679729896
12.109999999978447,0.5197229122452515
12.110999999978445,0.5197231166110897
12.111999999978442,0.5197233318460571
12.11299999997844,0.519723570125205
12.113999999978438,0.5197237481502305
12.114999999978435,0.5197240143760562
12.115999999978433,0.5197242625455533
12.11699999997843,0.519724573691932
12.117999999978428,0.5197248881808717
12.118999999978426,0.5197252053054634
12.119999999978424,0.5197254548664578
12.120999999978421,0.5197257822887353
12.121999999978419,0.519726094305738
12.122999999978417,0.5197263836000524
12.123999999978414,0.5197266993676087
12.124999999978412,0.5197269851068227
12.12599999997841,0.5197271625382207
12.126999999978407,0.5197273731247921
12.127999999978405,0.5197275938245579
12.128999999978403,0.5197277915168587
12.1299999999784,0.5197279738734892
12.130999999978398,0.5197281573430551
12.131999999978396,0.519728371261546
12.132999999978393,0.5197286201296838
12.133999999978391,0.5197288801984614
12.134999999978389,0.5197291328618723
12.135999999978386,0.5197294111622007
12.136999999978384,0.5197296759141171
12.137999999978382,0.5197299156272137
12.13899999997838,0.5197300947742057
12.139999999978377,0.519730303034005
12.140999999978375,0.5197305275007887
12.141999999978372,0.51973068721992
12.14299999997837,0.519730841823877
12.143999999978368,0.519730992231665
12.144999999978365,0.5197310921930668
12.145999999978363,0.5197312292838738
12.14699999997836,0.5197313800511296
12.147999999978358,0.519731551745629
12.148999999978356,0.5197316959825764
12.149999999978354,0.51973186855781
12.150999999978351,0.5197320333739016
12.151999999978349,0.5197322769558905
12.152999999978347,0.5197325095101175
12.153999999978344,0.5197327639354856
12.154999999978342,0.5197330321779224
12.15599999997834,0.5197332979557272
12.156999999978337,0.5197334202144782
12.157999999978335,0.519733618648152
12.158999999978333,0.5197338048749034
12.15999999997833,0.5197339976355249
12.160999999978328,0.5197341640044666
12.161999999978326,0.5197343427803276
12.162999999978323,0.519734545532771
12.163999999978321,0.5197346977397912
12.164999999978319,0.5197349302715409
12.165999999978316,0.5197351462899762
12.166999999978314,0.5197354253302952
12.167999999978312,0.5197357086150388
12.16899999997831,0.5197359957452324
12.169999999978307,0.519736223108245
12.170999999978305,0.5197365216943374
12.171999999978302,0.5197368060302662
12.1729999999783,0.5197370690201454
12.173999999978298,0.519737359026006
12.174999999978295,0.5197376203381078
12.175999999978293,0.5197377807728149
12.17699999997829,0.519737970470717
12.177999999978288,0.5197381709514027
12.178999999978286,0.519738349583397
12.179999999978284,0.5197385142721785
12.180999999978281,0.5197386812178
12.181999999978279,0.5197388822308928
12.182999999978277,0.5197391151684533
12.183999999978274,0.5197393599609019
12.184999999978272,0.519739598468033
12.18599999997827,0.5197398629290223
12.186999999978267,0.5197401144137982
12.187999999978265,0.5197403419615104
12.188999999978263,0.5197405124976647
12.18999999997826,0.51974071030172
12.190999999978258,0.5197409247427968
12.191999999978256,0.5197410763965585
12.192999999978253,0.5197412239792948
12.193999999978251,0.519741368072916
12.194999999978249,0.5197414642708599
12.195999999978246,0.5197415972408173
12.196999999978244,0.5197417446272632
12.197999999978242,0.519741913419237
12.19899999997824,0.5197420560313994
12.199999999978237,0.5197422274649022
12.200999999978235,0.5197423912975557
12.201999999978232,0.5197426334020095
12.20299999997823,0.519742865562083
12.203999999978228,0.5197431201747675
12.204999999978225,0.5197433889439755
12.205999999978223,0.5197436558151255
12.20699999997822,0.5197437805287694
12.207999999978218,0.5197439824255358
12.208999999978216,0.5197441731054063
12.209999999978214,0.5197443708284326
12.210999999978212,0.5197445434404515
12.21199999997821,0.5197447294721697
12.212999999978207,0.519744939932381
12.213999999978205,0.5197450984286397
12.214999999978202,0.5197453396373934
12.2159999999782,0.5197455654003046
12.216999999978198,0.5197458537143499
12.217999999978195,0.5197461466806348
12.218999999978193,0.5197464442221531
12.21999999997819,0.5197466793551497
12.220999999978188,0.5197469886198034
12.221999999978186,0.5197472842794872
12.222999999978184,0.5197475594573672
12.223999999978181,0.5197478617142953
12.224999999978179,0.5197481360936672
12.225999999978177,0.5197483072853817
12.226999999978174,0.5197485125755891
12.227999999978172,0.519748728816639
12.22899999997817,0.5197489238534675
12.229999999978167,0.5197491057850855
12.230999999978165,0.519749290561185
12.231999999978163,0.5197495040463617
12.23299999997816,0.5197497544212314
12.233999999978158,0.5197500167550542
12.234999999978156,0.5197502733830811
12.235999999978153,0.5197505557359712
12.236999999978151,0.5197508251168425
12.237999999978149,0.5197510711058236
12.238999999978146,0.5197512556214836
12.239999999978144,0.5197514725963142
12.240999999978142,0.5197517061029284
12.24199999997814,0.519751878175372
12.242999999978137,0.5197520466461663
12.243999999978135,0.5197522117840776
12.244999999978132,0.5197523243355873
12.24599999997813,0.519752479485571
12.246999999978128,0.5197526491994574
12.247999999978125,0.5197528402154802
12.248999999978123,0.5197530057494472
12.24999999997812,0.5197531999996674
12.250999999978118,0.5197533804322968
12.251999999978116,0.5197536439827051
12.252999999978114,0.5197538980913724
12.253999999978111,0.5197541746589095
12.254999999978109,0.5197544651447286
12.255999999978107,0.5197547537185224
12.256999999978104,0.5197548959199577
12.257999999978102,0.5197551208211142
12.2589999999781,0.5197553348993558
12.259999999978097,0.5197555559523377
12.260999999978095,0.519755752567919
12.261999999978093,0.519755962986068
12.26299999997809,0.5197561976852741
12.263999999978088,0.5197563744693156
12.264999999978086,0.5197566398256449
12.265999999978083,0.5197568902009982
12.266999999978081,0.5197572020577906
12.267999999978079,0.5197575183809521
12.268999999978076,0.519757839411513
12.269999999978074,0.5197580917341822
12.270999999978072,0.5197584237207491
12.27199999997807,0.5197587421472557
12.272999999978067,0.519759040358072
12.273999999978065,0.5197593651282146
12.274999999978062,0.5197596622410676
12.27599999997806,0.519759851035034
12.276999999978058,0.519760080488957
12.277999999978055,0.5197603204762896
12.278999999978053,0.5197605393111498
12.27999999997805,0.5197607452729298
12.280999999978048,0.5197609540641362
12.281999999978046,0.5197611842751777
12.282999999978044,0.5197614572347268
12.283999999978041,0.5197617416712528
12.284999999978039,0.5197620203868294
12.285999999978037,0.5197623240218711
12.286999999978034,0.5197626141138874
12.287999999978032,0.5197628807774543
12.28899999997803,0.5197630805627784
12.289999999978027,0.5197633179250927
12.290999999978025,0.519763571142023
12.291999999978023,0.5197637636815682
12.29299999997802,0.5197639525089373
12.293999999978018,0.5197641375876623
12.294999999978016,0.5197642652777529
12.295999999978013,0.5197644404824289
12.296999999978011,0.5197646298213937
12.297999999978009,0.5197648397974666
12.298999999978006,0.5197650244123939
12.299999999978004,0.5197652370781439
12.300999999978002,0.5197654304548858
12.301999999978,0.5197657101123644
12.302999999977997,0.5197659802640628
12.303999999977995,0.519766272322214
12.304999999977992,0.5197665775224977
12.30599999997799,0.5197668802590872
12.306999999977988,0.5197670339313849
12.307999999977985,0.5197672733352757
12.308999999977983,0.5197675017688134
12.30999999997798,0.5197677365700366
12.310999999977978,0.5197679470657236
12.311999999977976,0.5197681712091805
12.312999999977974,0.519768418962721
12.313999999977971,0.5197686052945282
12.31499999997797,0.5197688826977502
12.315999999977967,0.519769145049764
12.316999999977964,0.5197694673259983
12.317999999977962,0.5197697933818631
12.31899999997796,0.519770123755263
12.319999999977957,0.5197703823434514
12.320999999977955,0.519770722063373
12.321999999977953,0.5197710477704913
12.32299999997795,0.5197713530343772
12.323999999977948,0.5197716838437976
12.324999999977946,0.5197719867325646
12.325999999977943,0.5197721800927798
12.326999999977941,0.5197724159071945
12.327999999977939,0.5197726613587194
12.328999999977936,0.5197728852286982
12.329999999977934,0.519773095987692
12.330999999977932,0.5197733090984229
12.33199999997793,0.5197735410022343
12.332999999977927,0.519773816087863
12.333999999977925,0.519774101730661
12.334999999977923,0.5197743811751435
12.33599999997792,0.519774684309544
12.336999999977918,0.5197749729280875
12.337999999977916,0.5197752376558058
12.338999999977913,0.5197754354690938
12.33999999997791,0.5197756698724786
12.340999999977909,0.5197759190280444
12.341999999977906,0.5197761078539611
12.342999999977904,0.5197762924495064
12.343999999977902,0.5197764724684437
12.3449999999779,0.5197765962878698
12.345999999977897,0.5197767658639522
12.346999999977895,0.5197769487587467
12.347999999977892,0.5197771512561118
12.34899999997789,0.5197773281156697
12.349999999977888,0.5197775319982569
12.350999999977885,0.5197777177045734
12.351999999977883,0.5197779857181596
12.35299999997788,0.5197782437820746
12.353999999977878,0.5197785228300507
12.354999999977876,0.5197788139117645
12.355999999977874,0.5197791016482151
12.356999999977871,0.5197792447198507
12.357999999977869,0.5197794688912092
12.358999999977867,0.519779681619598
12.359999999977864,0.5197798997755252
12.360999999977862,0.5197800934402163
12.36199999997786,0.519780300304995
12.362999999977857,0.5197805298165477
12.363999999977855,0.5197807020249705
12.364999999977853,0.5197809596772832
12.36599999997785,0.5197812018990315
12.366999999977848,0.5197815022567965
12.367999999977846,0.5197818054484717
12.368999999977843,0.5197821122766835
12.369999999977841,0.5197823523179663
12.370999999977839,0.519782666483873
12.371999999977836,0.5197829659362335
12.372999999977834,0.5197832444726065
12.373999999977832,0.5197835472856844
12.37499999997783,0.5197838216846785
12.375999999977827,0.5197839937688337
12.376999999977825,0.5197842013113629
12.377999999977822,0.5197844173663974
12.37899999997782,0.5197846111840991
12.379999999977818,0.5197847914510133
12.380999999977815,0.5197849733998731
12.381999999977813,0.5197851803207683
12.38299999997781,0.5197854217807684
12.383999999977808,0.5197856727147361
12.384999999977806,0.5197859167769382
12.385999999977804,0.5197861831516085
12.386999999977801,0.51978643392466
12.387999999977799,0.5197866601961394
12.388999999977797,0.5197868285465479
12.389999999977794,0.5197870232258668
12.390999999977792,0.5197872314029228
12.39199999997779,0.5197873794841509
12.392999999977787,0.5197875226947234
12.393999999977785,0.5197876603688177
12.394999999977783,0.5197877522912319
12.39599999997778,0.5197878787909328
12.396999999977778,0.5197880177051563
12.397999999977776,0.5197881751130357
12.398999999977773,0.5197883064991488
12.399999999977771,0.519788463815958
12.400999999977769,0.5197886134989526
12.401999999977766,0.5197888320730566
12.402999999977764,0.5197890401666884
12.403999999977762,0.5197892682457136
12.40499999997776,0.5197895072173337
12.405999999977757,0.5197897419323428
12.406999999977755,0.5197898458961993
12.407999999977752,0.5197900167796198
12.40899999997775,0.5197901757252525
12.409999999977748,0.519790339125371
12.410999999977745,0.5197904778371297
12.411999999977743,0.5197906293231139
12.41299999997774,0.5197908025082872
12.413999999977738,0.5197909320361721
12.414999999977736,0.5197911318962628
12.415999999977734,0.5197913159452106
12.416999999977731,0.5197915564275352
12.417999999977729,0.519791798849333
12.418999999977727,0.5197920442442713
12.419999999977724,0.5197922373827266
12.420999999977722,0.5197924882547293
12.42199999997772,0.5197927237784027
12.422999999977717,0.5197929379783918
12.423999999977715,0.5197931752409684
12.424999999977713,0.5197933836772721
12.42599999997771,0.5197935064435738
12.426999999977708,0.5197936484278073
12.427999999977706,0.5197937978835926
12.428999999977703,0.5197939245325223
12.429999999977701,0.5197940373025095
12.430999999977699,0.5197941512062219
12.431999999977696,0.5197943056248596
12.432999999977694,0.5197944768588934
12.433999999977692,0.5197946566329941
12.43499999997769,0.5197948289799715
12.435999999977687,0.5197950224260887
12.436999999977685,0.519795199384662
12.437999999977682,0.5197953513931558
12.43899999997768,0.5197954635322962
12.439999999977678,0.51979558298164
12.440999999977675,0.5197957148347833
12.441999999977673,0.5197957870220545
12.44299999997767,0.5197958538849661
12.443999999977668,0.5197959144314742
12.444999999977666,0.5197959485097567
12.445999999977664,0.5197959975256846
12.446999999977661,0.5197960582739664
12.44799999997766,0.5197961366386216
12.448999999977657,0.5197961888006859
12.449999999977654,0.5197962660417708
12.450999999977652,0.5197963547510782
12.45199999997765,0.5197964908896033
12.452999999977648,0.5197966162379595
12.453999999977645,0.519796760804323
12.454999999977643,0.5197969153902364
12.45599999997764,0.5197970650782727
12.456999999977638,0.5197971061292914
12.457999999977636,0.5197971922069405
12.458999999977634,0.5197972661264432
12.459999999977631,0.5197973437967371
12.460999999977629,0.5197973968645684
12.461999999977627,0.5197974625917219
12.462999999977624,0.5197975493772958
12.463999999977622,0.5197976138709346
12.46499999997762,0.5197977264179637
12.465999999977617,0.5197978230682894
12.466999999977615,0.5197979748162251
12.467999999977613,0.5197981279454867
12.46899999997761,0.5197982836952677
12.469999999977608,0.5197984090151003
12.470999999977606,0.5197985690170812
12.471999999977603,0.5197987133857749
12.472999999977601,0.5197988363670509
12.473999999977599,0.5197989815385615
12.474999999977596,0.5197990978285512
12.475999999977594,0.5197991518778784
12.476999999977592,0.5197992027697126
12.47799999997759,0.5197992604556572
12.478999999977587,0.5197992951297042
12.479999999977585,0.5197993159742328
12.480999999977582,0.5197993377897877
12.48199999997758,0.5197994219749458
12.482999999977578,0.5197994996736945
12.483999999977575,0.519799585386687
12.484999999977573,0.5197996635046541
12.48599999997757,0.5197997619285047
12.486999999977568,0.5197998434236621
12.487999999977566,0.5197998999349613
12.488999999977564,0.5197999402140049
12.489999999977561,0.5197999639397406
12.490999999977559,0.5197999993955468
12.491999999977557,0.5197999760462116
12.492999999977554,0.5197999473469465
12.493999999977552,0.519799911983211
12.49499999997755,0.5197998744203556
12.495999999977547,0.5197998279454047
12.496999999977545,0.5197997929764945
12.497999999977543,0.5197997752066122
12.49899999997754,0.5197997314969663
12.499999999977538,0.5197997124798824
12.500999999977536,0.5197997284003752
12.501999999977533,0.5197997667980384
12.502999999977531,0.5197997945510766
12.503999999977529,0.519799841218614
12.504999999977526,0.5197998975164309
12.505999999977524,0.5197999487586028
12.506999999977522,0.5197999171500503
12.50799999997752,0.5197999058468684
12.508999999977517,0.5197998826450674
12.509999999977515,0.5197998629771803
12.510999999977512,0.5197998192745483
12.51199999997751,0.5197997886090876
12.512999999977508,0.5197997788595664
12.513999999977505,0.5197997710482392
12.514999999977503,0.5197997870289572
12.5159999999775,0.5197997875229206
12.516999999977498,0.5197998423127304
12.517999999977496,0.5197998984414344
12.518999999977494,0.5197999573435099
12.519999999977491,0.5198000097940307
12.520999999977489,0.519800072650049
12.521999999977487,0.5198001201116361
12.522999999977484,0.5198001466352953
12.523999999977482,0.5198001950019587
12.52499999997748,0.5198002149516349
12.525999999977477,0.5198001974736675
12.526999999977475,0.5198001539731901
12.527999999977473,0.5198001171221218
12.52899999997747,0.5198000575842192
12.529999999977468,0.5197999847884291
12.530999999977466,0.519799913327749
12.531999999977463,0.5197999267546342
12.532999999977461,0.5197999106880786
12.533999999977459,0.5197999026515994
12.534999999977456,0.5197998873896498
12.535999999977454,0.5197998921899445
12.536999999977452,0.5197998801754815
12.53799999997745,0.5197998436831965
12.538999999977447,0.5197998143354802
12.539999999977445,0.5197997457851468
12.540999999977442,0.5197996888466007
12.54199999997744,0.5197995744901617
12.542999999977438,0.5197994552949999
12.543999999977435,0.5197993296420429
12.544999999977433,0.5197992250010521
12.54599999997743,0.5197990895864429
12.546999999977428,0.5197989660014071
12.547999999977426,0.5197988597471759
12.548999999977424,0.5197987283651587
12.549999999977421,0.5197986218382881
12.550999999977419,0.5197985718970686
12.551999999977417,0.5197985222831372
12.552999999977414,0.5197984627225231
12.553999999977412,0.5197984223317779
12.55499999997741,0.5197983917387776
12.555999999977407,0.5197983564859324
12.556999999977405,0.5197982615143207
12.557999999977403,0.5197981657215031
12.5589999999774,0.5197980588292553
12.559999999977398,0.5197979558153967
12.560999999977396,0.5197978298672237
12.561999999977393,0.5197977178544875
12.562999999977391,0.5197976271553955
12.563999999977389,0.5197975590895758
12.564999999977386,0.5197974950365845
12.565999999977384,0.5197974164545255
12.566999999977382,0.5197973919111049
12.56799999997738,0.5197973692074926
12.568999999977377,0.5197973499810308
12.569999999977375,0.5197973439586271
12.570999999977372,0.5197973293345014
12.57199999997737,0.5197973000981126
12.572999999977368,0.5197972509028366
12.573999999977366,0.5197972237605359
12.574999999977363,0.5197971691941343
12.57599999997736,0.5197970968857172
12.576999999977359,0.5197969816775031
12.577999999977356,0.5197968735220548
12.578999999977354,0.5197967435457841
12.579999999977352,0.5197966013930683
12.58099999997735,0.5197964614502151
12.581999999977347,0.5197964230386449
12.582999999977345,0.5197963389030539
12.583999999977342,0.5197962633309893
12.58499999997734,0.5197961814338191
12.585999999977338,0.5197961198766531
12.586999999977335,0.5197960421237413
12.587999999977333,0.5197959409064642
12.58899999997733,0.5197958634855614
12.589999999977328,0.5197957318275954
12.590999999977326,0.5197956121961808
12.591999999977324,0.5197954369961761
12.592999999977321,0.5197952579559044
12.593999999977319,0.5197950731835842
12.594999999977317,0.5197949251412366
12.595999999977314,0.5197947327626334
12.596999999977312,0.5197945530203046
12.59799999997731,0.519794391220215
12.598999999977307,0.5197942055996355
12.599999999977305,0.5197940454709865
12.600999999977303,0.519793955404881
12.6019999999773,0.5197938524934574
12.602999999977298,0.5197937408239978
12.603999999977296,0.5197936490747807
12.604999999977293,0.519793567762798
12.605999999977291,0.5197934826529331
12.606999999977289,0.5197933520432986
12.607999999977286,0.5197932091591361
12.608999999977284,0.5197930564174044
12.609999999977282,0.5197929083759929
12.61099999997728,0.5197927389278659
12.611999999977277,0.5197925847057255
12.612999999977275,0.5197924526214703
12.613999999977272,0.5197923542622338
12.61499999997727,0.51979225047888
12.615999999977268,0.5197921335668674
12.616999999977265,0.5197920708378493
12.617999999977263,0.519792010866729
12.61899999997726,0.5197919555165827
12.619999999977258,0.5197919227876001
12.620999999977256,0.5197918733886525
12.621999999977254,0.5197918105682333
12.622999999977251,0.5197917291620564
12.623999999977249,0.5197916704533657
12.624999999977247,0.519791585699431
12.625999999977244,0.5197914920317444
12.626999999977242,0.5197913500127008
12.62799999997724,0.5197912158605159
12.628999999977237,0.5197910611531329
12.629999999977235,0.5197908957004761
12.630999999977233,0.519790733679993
12.63199999997723,0.5197906784242444
12.632999999977228,0.5197905732162613
12.633999999977226,0.5197904774536358
12.634999999977223,0.5197903766412562
12.635999999977221,0.5197902967956028
12.636999999977219,0.5197902016876688
12.637999999977216,0.519790084461014
12.638999999977214,0.5197899957338192
12.639999999977212,0.5197898502598777
12.64099999997721,0.5197897175919243
12.641999999977207,0.5197895314658592
12.642999999977205,0.5197893427969816
12.643999999977202,0.5197891494620065
12.6449999999772,0.5197889960994133
12.645999999977198,0.5197887977606234
12.646999999977195,0.5197886131449017
12.647999999977193,0.5197884473593052
12.64899999997719,0.519788259363182
12.649999999977188,0.5197880977628561
12.650999999977186,0.5197880068314861
12.651999999977184,0.519787903163768
12.652999999977181,0.5197877922193221
12.653999999977179,0.5197877022407883
12.654999999977177,0.5197876235974201
12.655999999977174,0.5197875422689293
12.656999999977172,0.5197874163347618
12.65799999997717,0.5197872803607809
12.658999999977167,0.5197871359922115
12.659999999977165,0.5197869974094327
12.660999999977163,0.5197868391473038
12.66199999997716,0.5197866975511083
12.662999999977158,0.5197865791111228
12.663999999977156,0.519786491864611
12.664999999977153,0.5197864037049947
12.665999999977151,0.5197863040318075
12.666999999977149,0.5197862588357606
12.667999999977146,0.5197862174928476
12.668999999977144,0.519786182123244
12.669999999977142,0.5197861648634953
12.67099999997714,0.5197861370586763
12.671999999977137,0.519786097185101
12.672999999977135,0.5197860402480716
12.673999999977132,0.5197860068488525
12.67499999997713,0.5197859489200038
12.675999999977128,0.5197858767079369
12.676999999977125,0.5197857649982509
12.677999999977123,0.5197856621328666
12.67899999997712,0.5197855401276388
12.679999999977118,0.5197854088991646
12.680999999977116,0.5197852824123144
12.681999999977114,0.519785253526747
12.682999999977111,0.5197851849789638
12.68399999997711,0.5197851268434586
12.684999999977107,0.5197850650509825
12.685999999977104,0.5197850249361318
12.686999999977102,0.5197849705325054
12.6879999999771,0.519784895422494
12.688999999977097,0.5197848390376684
12.689999999977095,0.519784737980131
12.690999999977093,0.5197846506088325
12.69199999997709,0.5197845118733518
12.692999999977088,0.5197843719204677
12.693999999977086,0.5197842284388133
12.694999999977084,0.5197841135478765
12.695999999977081,0.519783967624819
12.696999999977079,0.5197838365120567
12.697999999977077,0.5197837251165097
12.698999999977074,0.5197835931483409
12.699999999977072,0.5197834884681874
12.70099999997707,0.5197834404418122
12.701999999977067,0.5197833943203171
12.702999999977065,0.5197833424197217
12.703999999977063,0.519783312548918
12.70499999997706,0.5197832948892805
12.705999999977058,0.5197832756272547
12.706999999977056,0.519783197976911
12.707999999977053,0.5197831270620472
12.70899999997705,0.5197830491546827
12.709999999977049,0.5197829781001058
12.710999999977046,0.519782889009653
12.711999999977044,0.5197828178866802
12.712999999977042,0.5197827708478652
12.71399999997704,0.5197827379761164
12.714999999977037,0.5197827230201991
12.715999999977035,0.5197826980948219
12.716999999977032,0.5197827278016559
12.71799999997703,0.5197827623485493
12.718999999977028,0.5197828041435668
12.719999999977025,0.5197828451497919
12.720999999977023,0.5197828958863224
12.72199999997702,0.5197829357800912
12.722999999977018,0.519782959997025
12.723999999977016,0.5197830085008828
12.724999999977014,0.5197830338419769
12.725999999977011,0.5197830252876589
12.726999999977009,0.5197829999402818
12.727999999977007,0.5197829842903842
12.728999999977004,0.5197829507777488
12.729999999977002,0.5197829093699333
12.730999999977,0.5197828738157521
12.731999999976997,0.5197829126707525
12.732999999976995,0.5197829358038802
12.733999999976993,0.5197829701175746
12.73499999997699,0.5197830019972774
12.735999999976988,0.5197830560663833
12.736999999976986,0.5197830965783494
12.737999999976983,0.5197831175811027
12.738999999976981,0.519783133901238
12.739999999976979,0.519783130867631
12.740999999976976,0.519783142215354
12.741999999976974,0.5197831039987862
12.742999999976972,0.5197830656395397
12.74399999997697,0.5197830246759059
12.744999999976967,0.5197829875543576
12.745999999976965,0.5197829461907431
12.746999999976962,0.5197829204459923
12.74799999997696,0.5197829150297933
12.748999999976958,0.5197828904256593
12.749999999976955,0.5197828937163425
12.750999999976953,0.5197829266826238
12.75199999997695,0.5197829885997318
12.752999999976948,0.5197830459727848
12.753999999976946,0.5197831261791188
12.754999999976944,0.5197832191801208
12.755999999976941,0.5197833113618369
12.756999999976939,0.5197833187561952
12.757999999976937,0.519783361676358
12.758999999976934,0.5197833986795999
12.759999999976932,0.5197834433108038
12.76099999997693,0.5197834712029458
12.761999999976927,0.5197835179711949
12.762999999976925,0.5197835894018084
12.763999999976923,0.5197836459760314
12.76499999997692,0.519783750661878
12.765999999976918,0.5197838465853298
12.766999999976916,0.5197839969088067
12.767999999976913,0.5197841526969017
12.768999999976911,0.5197843166669217
12.769999999976909,0.5197844494434322
12.770999999976906,0.5197846230619994
12.771999999976904,0.5197847866839234
12.772999999976902,0.5197849356315503
12.7739999999769,0.5197851092656042
12.774999999976897,0.5197852607096373
12.775999999976895,0.5197853476517934
12.776999999976892,0.5197854507032937
12.77799999997689,0.519785563930083
12.778999999976888,0.5197856601836675
12.779999999976885,0.5197857494412546
12.780999999976883,0.5197858452339804
12.78199999997688,0.5197859818256102
12.782999999976878,0.5197861362794061
12.783999999976876,0.5197863022543158
12.784999999976874,0.5197864666075034
12.785999999976871,0.5197866532357082
12.786999999976869,0.5197868265813514
12.787999999976867,0.5197869811758784
12.788999999976864,0.5197870980241827
12.789999999976862,0.5197872297149898
12.79099999997686,0.5197873760641466
12.791999999976857,0.5197874741504881
12.792999999976855,0.519787572705071
12.793999999976853,0.5197876691413603
12.79499999997685,0.5197877356193888
12.795999999976848,0.5197878328272272
12.796999999976846,0.5197879459781357
12.797999999976843,0.5197880795921073
12.798999999976841,0.5197881949352079
12.799999999976839,0.5197883382967832
12.800999999976836,0.5197884760084419
12.801999999976834,0.5197886771896932
12.802999999976832,0.5197888745901663
12.80399999997683,0.5197890951590198
12.804999999976827,0.5197893286225805
12.805999999976825,0.5197895615614195
12.806999999976822,0.519789675613208
12.80799999997682,0.519789860769084
12.808999999976818,0.5197900405762287
12.809999999976815,0.5197902283002377
12.810999999976813,0.5197904000608705
12.81199999997681,0.519790591057224
12.812999999976808,0.5197908067764243
12.813999999976806,0.5197909718165202
12.814999999976804,0.5197912210437557
12.815999999976802,0.5197914621999113
12.8169999999768,0.5197917569919914
12.817999999976797,0.5197920573525809
12.818999999976795,0.5197923663137577
12.819999999976792,0.519792607624726
12.82099999997679,0.5197929260168145
12.821999999976788,0.5197932347246841
12.822999999976785,0.5197935292273776
12.823999999976783,0.5197938483017486
12.82499999997678,0.5197941456211034
12.825999999976778,0.5197943425196568
12.826999999976776,0.519794592737714
12.827999999976774,0.5197948530817985
12.828999999976771,0.5197950968062666
12.829999999976769,0.5197953338784989
12.830999999976767,0.5197955776132017
12.831999999976764,0.519795824019852
12.832999999976762,0.5197961254200997
12.83399999997676,0.5197964381363386
12.834999999976757,0.519796749497436
12.835999999976755,0.5197970826780395
12.836999999976753,0.5197974022977349
12.83799999997675,0.5197977033742838
12.838999999976748,0.5197979300551111
12.839999999976746,0.5197982083925649
12.840999999976743,0.5197985011245342
12.841999999976741,0.5197987463151321
12.842999999976739,0.5197989920253365
12.843999999976736,0.5197992355535465
12.844999999976734,0.519799412520204
12.845999999976732,0.51979965698888
12.84699999997673,0.51979991715765
12.847999999976727,0.5198001973681978
12.848999999976725,0.519800459661229
12.849999999976722,0.5198007495387452
12.85099999997672,0.5198009964688313
12.851999999976718,0.5198013423956854
12.852999999976715,0.5198016847437285
12.853999999976713,0.5198020500389913
12.85499999997671,0.5198024277792298
12.855999999976708,0.5198028047370321
12.856999999976706,0.5198030275095652
12.857999999976704,0.5198033571656046
12.858999999976701,0.5198036814798436
12.859999999976699,0.519804013443656
12.860999999976697,0.5198043296529911
12.861999999976694,0.5198046648867092
12.862999999976692,0.5198050243480519
12.86399999997669,0.5198052970714052
12.864999999976687,0.5198056893147169
12.865999999976685,0.5198060736122441
12.866999999976683,0.5198065102407221
12.86799999997668,0.5198069519940428
12.868999999976678,0.5198074022063748
12.869999999976676,0.51980774889295
12.870999999976673,0.5198082073732404
12.871999999976671,0.5198086559278263
12.872999999976669,0.5198090901958146
12.873999999976666,0.5198095483725087
12.874999999976664,0.5198099846811437
12.875999999976662,0.5198102860079501
12.87699999997666,0.5198106755340258
12.877999999976657,0.519811074590814
12.878999999976655,0.5198114568306313
12.879999999976652,0.5198118322153041
12.88099999997665,0.5198122138474326
12.881999999976648,0.5198125622068841
12.882999999976645,0.5198129995860851
12.883999999976643,0.5198134475480229
12.88499999997664,0.5198138938751719
12.885999999976638,0.5198143610456976
12.886999999976636,0.5198148138659265
12.887999999976634,0.5198152478249747
12.888999999976631,0.5198155737879873
12.889999999976629,0.5198159842531835
12.890999999976627,0.5198164083206221
12.891999999976624,0.5198167850440651
12.892999999976622,0.5198171618188496
12.89399999997662,0.5198175358225174
12.894999999976617,0.5198178104769254
12.895999999976615,0.5198181846938111
12.896999999976613,0.5198185738553541
12.89799999997661,0.5198189821383501
12.898999999976608,0.519819372333506
12.899999999976606,0.5198197891825969
12.900999999976603,0.5198201303626824
12.901999999976601,0.519820600676277
12.902999999976599,0.5198210670977179
12.903999999976596,0.5198215557366566
12.904999999976594,0.5198220558894151
12.905999999976592,0.5198225545204918
12.90699999997659,0.5198228689486016
12.907999999976587,0.5198233199132684
12.908999999976585,0.5198237650617529
12.909999999976582,0.5198242171015308
12.91099999997658,0.5198246531167439
12.911999999976578,0.5198251074850413
12.912999999976575,0.5198255851246488
12.913999999976573,0.5198259460458557
12.91499999997657,0.5198264549357509
12.915999999976568,0.5198269555226566
12.916999999976566,0.5198275067165248
12.917999999976564,0.5198280621480132
12.918999999976561,0.5198286254244903
12.91999999997656,0.5198290560718644
12.920999999976557,0.5198296257139818
12.921999999976554,0.5198301847459148
12.922999999976552,0.5198307289712609
12.92399999997655,0.5198312959916603
12.924999999976547,0.519831840601027
12.925999999976545,0.5198322230646756
12.926999999976543,0.5198327204896814
12.92799999997654,0.5198332264147734
12.928999999976538,0.5198337148889073
12.929999999976536,0.5198341958925836
12.930999999976533,0.5198346823230535
12.931999999976531,0.51983510759908
12.932999999976529,0.5198356471975625
12.933999999976526,0.519836196258217
12.934999999976524,0.5198367429841835
12.935999999976522,0.5198373091997059
12.93699999997652,0.5198378599258655
12.937999999976517,0.5198383910921619
12.938999999976515,0.519838789324265
12.939999999976513,0.5198392955831483
12.94099999997651,0.519839814259788
12.941999999976508,0.5198402854375372
12.942999999976506,0.5198407558363899
12.943999999976503,0.5198412224954244
12.9449999999765,0.5198415662500789
12.945999999976499,0.5198420318042958
12.946999999976496,0.5198425112057615
12.947999999976494,0.5198430084795973
12.948999999976492,0.5198434871293515
12.94999999997649,0.5198439911792387
12.950999999976487,0.519844396592796
12.951999999976485,0.5198449510439723
12.952999999976482,0.5198455009358537
12.95399999997648,0.5198460719696786
12.954999999976478,0.5198466532823663
12.955999999976475,0.5198472320318634
12.956999999976473,0.5198476067844072
12.95799999997647,0.5198481369927503
12.958999999976468,0.5198486606148451
12.959999999976466,0.5198491900544189
12.960999999976464,0.5198497029115744
12.961999999976461,0.5198502331990313
12.962999999976459,0.5198507855358899
12.963999999976457,0.5198512018599998
12.964999999976454,0.5198517834581057
12.965999999976452,0.5198523561014028
12.96699999997645,0.5198529774230067
12.967999999976447,0.5198536018521333
12.968999999976445,0.5198542332298862
12.969999999976443,0.5198547139807977
12.97099999997644,0.5198553494495155
12.971999999976438,0.5198559733865942
12.972999999976436,0.5198565817634244
12.973999999976433,0.5198572115669924
12.974999999976431,0.5198578181954876
12.975999999976429,0.5198582469540635
12.976999999976426,0.5198588056714886
12.977999999976424,0.519859371627327
12.978999999976422,0.519859919268183
12.97999999997642,0.5198604586292324
12.980999999976417,0.5198610024103627
12.981999999976415,0.5198614689662993
12.982999999976412,0.5198620630752401
12.98399999997641,0.5198626653594711
12.984999999976408,0.5198632644014436
12.985999999976405,0.5198638814231202
12.986999999976403,0.519864481699638
12.9879999999764,0.519865061559269
12.988999999976398,0.519865495564901
12.989999999976396,0.5198660488382726
12.990999999976394,0.5198666131702632
12.991999999976391,0.5198671297337496
12.992999999976389,0.5198676445545307
12.993999999976387,0.5198681545098905
12.994999999976384,0.5198685302802204
12.995999999976382,0.5198690376375168
12.99699999997638,0.519869557638892
12.997999999976377,0.5198700941686808
12.998999999976375,0.5198706114003435
12.999999999976373,0.5198711526899849
13.00099999997637,0.5198715848356655
13.001999999976368,0.5198721734123066
13.002999999976366,0.5198727566374388
13.003999999976363,0.5198733598123174
13.004999999976361,0.5198739719624842
13.005999999976359,0.5198745804413896
13.006999999976356,0.519874977727254
13.007999999976354,0.5198755367042824
13.008999999976352,0.5198760882672165
13.00999999997635,0.5198766444924996
13.010999999976347,0.5198771835298
13.011999999976345,0.5198777390709248
13.012999999976342,0.5198783154148121
13.01399999997634,0.5198787490996917
13.014999999976338,0.5198793526831779
13.015999999976335,0.5198799466035249
13.016999999976333,0.5198805873162089
13.01799999997633,0.519881230004164
13.018999999976328,0.5198818786997956
13.019999999976326,0.519882371492337
13.020999999976324,0.5198830220575061
13.021999999976321,0.5198836601757565
13.022999999976319,0.5198842819867402
13.023999999976317,0.5198849238399947
13.024999999976314,0.5198855417743536
13.025999999976312,0.5198859788225192
13.02699999997631,0.5198865482256793
13.027999999976307,0.519887123614725
13.028999999976305,0.5198876798355134
13.029999999976303,0.5198882270154551
13.0309999999763,0.5198887776648268
13.031999999976298,0.519889247750296
13.032999999976296,0.5198898460538806
13.033999999976293,0.519890451320087
13.034999999976291,0.5198910524686967
13.035999999976289,0.5198916701707287
13.036999999976286,0.5198922699967379
13.037999999976284,0.5198928486289494
13.038999999976282,0.5198932810161525
13.03999999997628,0.5198938315369763
13.040999999976277,0.5198943918213182
13.041999999976275,0.5198949041926149
13.042999999976272,0.5198954139611373
13.04399999997627,0.5198959178201145
13.044999999976268,0.5198962886526642
13.045999999976265,0.5198967886600593
13.046999999976263,0.5198973002411306
13.04799999997626,0.5198978271465894
13.048999999976258,0.5198983341785801
13.049999999976256,0.5198988640717129
13.050999999976254,0.5198992865940197
13.051999999976251,0.5198998610148153
13.05299999997625,0.5199004294007585
13.053999999976247,0.5199010166611248
13.054999999976244,0.51990161175456
13.055999999976242,0.5199022022314315
13.05699999997624,0.5199025864004312
13.057999999976238,0.5199031267294976
13.058999999976235,0.5199036589860584
13.059999999976233,0.5199041948987614
13.06099999997623,0.5199047131959468
13.061999999976228,0.5199052472898408
13.062999999976226,0.5199058011382971
13.063999999976224,0.5199062174317817
13.064999999976221,0.5199067968557965
13.065999999976219,0.5199073660771617
13.066999999976217,0.5199079804642861
13.067999999976214,0.5199085959102347
13.068999999976212,0.5199092166008854
13.06999999997621,0.5199096876091609
13.070999999976207,0.5199103083753674
13.071999999976205,0.5199109160025942
13.072999999976203,0.5199115067955349
13.0739999999762,0.5199121164484474
13.074999999976198,0.5199127016702023
13.075999999976196,0.5199131141592181
13.076999999976193,0.5199136506943616
13.077999999976191,0.5199141921855934
13.078999999976189,0.5199147138785232
13.079999999976186,0.5199152260223515
13.080999999976184,0.5199157409439757
13.081999999976182,0.5199161828470774
13.08299999997618,0.5199167432640253
13.083999999976177,0.5199173097040611
13.084999999976175,0.5199178713888644
13.085999999976172,0.5199184484810744
13.08699999997617,0.5199190068811822
13.087999999976168,0.5199195435848172
13.088999999976165,0.5199199440068542
13.089999999976163,0.5199204515661802
13.09099999997616,0.5199209678566719
13.091999999976158,0.5199214363972889
13.092999999976156,0.5199219017655279
13.093999999976154,0.5199223604551828
13.094999999976151,0.5199226972533971
13.095999999976149,0.5199231513896141
13.096999999976147,0.5199236163435511
13.097999999976144,0.5199240957353258
13.098999999976142,0.519924554962513
13.09999999997614,0.5199250361740183
13.100999999976137,0.5199254213402724
13.101999999976135,0.5199259449611601
13.102999999976133,0.51992646215332
13.10399999997613,0.5199269974409271
13.104999999976128,0.5199275397489005
13.105999999976126,0.5199280768243769
13.106999999976123,0.5199284215703665
13.107999999976121,0.5199289084471409
13.108999999976119,0.5199293869235955
13.109999999976116,0.5199298683682897
13.110999999976114,0.5199303321047012
13.111999999976112,0.5199308112954173
13.11299999997611,0.5199313095426338
13.113999999976107,0.519931683842552
13.114999999976105,0.5199322066209179
13.115999999976102,0.5199327189836579
13.1169999999761,0.5199332752800417
13.117999999976098,0.5199338320777444
13.118999999976095,0.5199343936885702
13.119999999976093,0.5199348198600483
13.12099999997609,0.5199353804143495
13.121999999976088,0.5199359275001749
13.122999999976086,0.5199364575805084
13.123999999976084,0.5199370056862525
13.124999999976081,0.5199375292116989
13.125999999976079,0.5199378956482141
13.126999999976077,0.5199383709990476
13.127999999976074,0.5199388506351285
13.128999999976072,0.5199393101999602
13.12999999997607,0.5199397600795195
13.130999999976067,0.5199402124212459
13.131999999976065,0.5199406062958202
13.132999999976063,0.5199411026779565
13.13399999997606,0.519941604528445
13.134999999976058,0.5199421013467871
13.135999999976056,0.5199426128155357
13.136999999976053,0.5199431051864541
13.137999999976051,0.5199435757380281
13.138999999976049,0.5199439262788145
13.139999999976046,0.5199443673264458
13.140999999976044,0.5199448164484992
13.141999999976042,0.5199452183769702
13.14299999997604,0.5199456169482941
13.143999999976037,0.5199460084517783
13.144999999976035,0.5199462949635282
13.145999999976032,0.5199466819043795
13.14699999997603,0.5199470793063267
13.147999999976028,0.5199474906584566
13.148999999976025,0.5199478819321759
13.149999999976023,0.5199482947111277
13.15099999997602,0.5199486279826819
13.151999999976018,0.519949081799926
13.152999999976016,0.519949529171254
13.153999999976014,0.5199499942410907
13.154999999976011,0.519950465918257
13.155999999976009,0.5199509321445391
13.156999999976007,0.5199512246486191
13.157999999976004,0.5199516413215319
13.158999999976002,0.5199520496580343
13.159999999976,0.5199524606651491
13.160999999975997,0.5199528542612087
13.161999999975995,0.5199532633727618
13.162999999975993,0.5199536912420909
13.16399999997599,0.5199540127278811
13.164999999975988,0.5199544647842727
13.165999999975986,0.5199549065957836
13.166999999975983,0.5199553915308074
13.167999999975981,0.5199558768082693
13.168999999975979,0.5199563668512037
13.169999999975976,0.5199567390907894
13.170999999975974,0.5199572276564958
13.171999999975972,0.5199577028210376
13.17299999997597,0.5199581611964593
13.173999999975967,0.5199586371538537
13.174999999975965,0.5199590887715148
13.175999999975962,0.5199594017501186
13.17699999997596,0.5199598063843509
13.177999999975958,0.519960215024219
13.178999999975956,0.519960603706377
13.179999999975953,0.5199609829517886
13.18099999997595,0.5199613647299036
13.181999999975949,0.5199617048651378
13.182999999975946,0.5199621299312887
13.183999999975944,0.5199625603008065
13.184999999975942,0.5199629857398232
13.18599999997594,0.5199634254634047
13.186999999975937,0.5199638460803192
13.187999999975935,0.5199642451340385
13.188999999975932,0.5199645420375858
13.18999999997593,0.5199649118947962
13.190999999975928,0.5199652895524326
13.191999999975925,0.5199656209423232
13.192999999975923,0.5199659491626316
13.19399999997592,0.5199662703039205
13.194999999975918,0.5199665043886456
13.195999999975916,0.5199668216024743
13.196999999975914,0.5199671492965582
13.197999999975911,0.5199674908264754
13.198999999975909,0.519967812727946
13.199999999975907,0.5199681560242392
13.200999999975904,0.5199684368610645
13.201999999975902,0.5199688204891394
13.2029999999759,0.5199691980120877
13.203999999975897,0.5199695931984474
13.204999999975895,0.5199699949431064
13.205999999975893,0.5199703913785174
13.20699999997589,0.519970632654815
13.207999999975888,0.5199709807931832
13.208999999975886,0.5199713210065979
13.209999999975883,0.5199716639495382
13.210999999975881,0.5199719901187433
13.211999999975879,0.5199723322016827
13.212999999975876,0.5199726930877284
13.213999999975874,0.5199729645323703
13.214999999975872,0.5199733498591831
13.21599999997587,0.5199737254481008
13.216999999975867,0.5199741436963008
13.217999999975865,0.5199745624634521
13.218999999975862,0.5199749862811279
13.21999999997586,0.5199753088168448
13.220999999975858,0.5199757313188162
13.221999999975855,0.5199761408150412
13.222999999975853,0.5199765340565097
13.22399999997585,0.519976944768414
13.224999999975848,0.5199773316965505
13.225999999975846,0.5199775968274278
13.226999999975844,0.5199779384801084
13.227999999975841,0.5199782841809075
13.228999999975839,0.5199786103522936
13.229999999975837,0.5199789276339305
13.230999999975834,0.519979247816803
13.231999999975832,0.5199795411377239
13.23299999997583,0.519979904386732
13.233999999975827,0.5199802730719524
13.234999999975825,0.5199806372260434
13.235999999975823,0.5199810155961329
13.23699999997582,0.5199813751398339
13.237999999975818,0.5199817136597367
13.238999999975816,0.5199819653406212
13.239999999975813,0.5199822754661441
13.240999999975811,0.5199825934115565
13.241999999975809,0.5199828662694113
13.242999999975806,0.5199831364126044
13.243999999975804,0.5199833997472243
13.244999999975802,0.5199835909849428
13.2459999999758,0.5199838514662906
13.246999999975797,0.5199841227082539
13.247999999975795,0.5199844079302092
13.248999999975792,0.5199846742321452
13.24999999997579,0.5199849620700068
13.250999999975788,0.5199852011546979
13.251999999975785,0.5199855290518491
13.252999999975783,0.5199858514341248
13.25399999997578,0.5199861916969504
13.254999999975778,0.5199865387118802
13.255999999975776,0.5199868807967984
13.256999999975774,0.5199870825485507
13.257999999975771,0.5199873779736396
13.258999999975769,0.51998766610581
13.259999999975767,0.5199879572634688
13.260999999975764,0.519988232493751
13.261999999975762,0.5199885242292835
13.26299999997576,0.5199888350228141
13.263999999975757,0.5199890692332759
13.264999999975755,0.5199894050791478
13.265999999975753,0.5199897319017005
13.26699999997575,0.5199901011160004
13.267999999975748,0.5199904712222627
13.268999999975746,0.5199908468662252
13.269999999975743,0.5199911333605745
13.270999999975741,0.5199915081770133
13.271999999975739,0.5199918705682854
13.272999999975736,0.5199922174150075
13.273999999975734,0.5199925818170341
13.274999999975732,0.5199929231614168
13.27599999997573,0.5199931548697936
13.276999999975727,0.5199934528873061
13.277999999975725,0.5199937551757952
13.278999999975722,0.519994038534555
13.27999999997572,0.5199943136968735
13.280999999975718,0.5199945922738233
13.281999999975715,0.5199948538573926
13.282999999975713,0.519995175528993
13.28399999997571,0.5199955029128794
13.284999999975708,0.5199958263149319
13.285999999975706,0.5199961640063784
13.286999999975704,0.5199964832766287
13.287999999975701,0.5199967821900029
13.2889999999757,0.5199970044327296
13.289999999975697,0.5199972759727071
13.290999999975694,0.5199975554934969
13.291999999975692,0.5199977911942086
13.29299999997569,0.5199980247423495
13.293999999975687,0.5199982518781572
13.294999999975685,0.5199984165275948
13.295999999975683,0.519998642031068
13.29699999997568,0.5199988786706825
13.297999999975678,0.5199991295283611
13.298999999975676,0.5199993622732385
13.299999999975674,0.5199996167814004
13.300999999975671,0.5199998307632956
13.301999999975669,0.5200001251894107
13.302999999975667,0.5200004147802404
13.303999999975664,0.5200007225604507
13.304999999975662,0.5200010373636135
13.30599999997566,0.5200013476874322
13.306999999975657,0.520001526862097
13.307999999975655,0.5200017922449072
13.308999999975653,0.5200020510198085
13.30999999997565,0.520002313188595
13.310999999975648,0.5200025603162652
13.311999999975646,0.5200028245588297
13.312999999975643,0.5200031081538636
13.31399999997564,0.5200033223270194
13.314999999975639,0.5200036316441342
13.315999999975636,0.5200039326928799
13.316999999975634,0.5200042758869658
13.317999999975632,0.5200046203725307
13.31899999997563,0.5200049709182093
13.319999999975627,0.5200052386876352
13.320999999975625,0.5200055889192355
13.321999999975622,0.5200059273198551
13.32299999997562,0.5200062508925527
13.323999999975618,0.5200065921341492
13.324999999975615,0.5200069110441061
13.325999999975613,0.5200071266745719
13.32699999997561,0.5200074041416745
13.327999999975608,0.5200076861139358
13.328999999975606,0.5200079497581329
13.329999999975604,0.5200082058746115
13.330999999975601,0.520008465893233
13.331999999975599,0.5200087129943105
13.332999999975597,0.5200090160837367
13.333999999975594,0.5200093251350153
13.334999999975592,0.520009630735368
13.33599999997559,0.5200099506714366
13.336999999975587,0.5200102525451173
13.337999999975585,0.5200105346884312
13.338999999975583,0.5200107445977611
13.33999999997558,0.5200110003123877
13.340999999975578,0.5200112641426646
13.341999999975576,0.5200114853383753
13.342999999975573,0.520011704883776
13.343999999975571,0.520011918371484
13.344999999975569,0.520012073288247
13.345999999975566,0.5200122862188283
13.346999999975564,0.5200125105883189
13.347999999975562,0.5200127493424855
13.34899999997556,0.5200129707242565
13.349999999975557,0.5200132140186425
13.350999999975555,0.5200134194299423
13.351999999975552,0.5200137023447605
13.35299999997555,0.5200139810298764
13.353999999975548,0.5200142781418557
13.354999999975545,0.520014582463229
13.355999999975543,0.5200148826664237
13.35699999997554,0.5200150553953738
13.357999999975538,0.5200153121766136
13.358999999975536,0.520015562928746
13.359999999975534,0.520015817354737
13.360999999975531,0.5200160575077294
13.361999999975529,0.5200163152467522
13.362999999975527,0.5200165925159609
13.363999999975524,0.5200168022284302
13.364999999975522,0.5200171056745309
13.36599999997552,0.5200174014908634
13.366999999975517,0.5200177390748932
13.367999999975515,0.5200180782241673
13.368999999975513,0.52001842383686
13.36999999997551,0.52001868791669
13.370999999975508,0.5200190334922601
13.371999999975506,0.5200193676935635
13.372999999975503,0.5200196876416764
13.373999999975501,0.5200200252497573
13.374999999975499,0.5200203411051307
13.375999999975496,0.5200205550808153
13.376999999975494,0.5200208310632304
13.377999999975492,0.5200211116483756
13.37899999997549,0.5200213743620766
13.379999999975487,0.5200216300504465
13.380999999975485,0.5200218899619897
13.381999999975482,0.5200221363013319
13.38299999997548,0.5200224389655602
13.383999999975478,0.520022747677124
13.384999999975475,0.5200230533092733
13.385999999975473,0.5200233731606424
13.38699999997547,0.5200236751303705
13.387999999975468,0.5200239578223266
13.388999999975466,0.5200241682751354
13.389999999975464,0.5200244251742436
13.390999999975461,0.5200246901617838
13.391999999975459,0.5200249134926525
13.392999999975457,0.5200251354876633
13.393999999975454,0.520025351605707
13.394999999975452,0.520025508860881
13.39599999997545,0.5200257251374473
13.396999999975447,0.5200259529586883
13.397999999975445,0.520026195138385
13.398999999975443,0.520026420493437
13.39999999997544,0.5200266677135196
13.400999999975438,0.5200268757792555
13.401999999975436,0.5200271619700316
13.402999999975433,0.5200274443411096
13.403999999975431,0.5200277451844871
13.404999999975429,0.5200280532255828
13.405999999975426,0.5200283573076606
13.406999999975424,0.5200285339269959
13.407999999975422,0.5200287957174096
13.40899999997542,0.520029051842972
13.409999999975417,0.520029311720418
13.410999999975415,0.5200295578697481
13.411999999975412,0.5200298218401269
13.41299999997541,0.5200301053000641
13.413999999975408,0.5200303197929873
13.414999999975405,0.5200306294947902
13.415999999975403,0.5200309319847096
13.4169999999754,0.5200312756431205
13.417999999975398,0.5200316209199696
13.418999999975396,0.5200319728437479
13.419999999975394,0.5200322415205185
13.420999999975392,0.5200325932927351
13.42199999997539,0.5200329339185893
13.422999999975387,0.5200332606353617
13.423999999975385,0.5200336047857855
13.424999999975382,0.5200339275295675
13.42599999997538,0.5200341471443833
13.426999999975378,0.5200344311393449
13.427999999975375,0.5200347196097075
13.428999999975373,0.5200349904337291
13.42999999997537,0.5200352544917389
13.430999999975368,0.5200355228524987
13.431999999975366,0.5200357746922282
13.432999999975364,0.5200360850720973
13.433999999975361,0.5200364013498088
13.434999999975359,0.520036714682748
13.435999999975357,0.5200370418871
13.436999999975354,0.5200373511523965
13.437999999975352,0.5200376413528441
13.43899999997535,0.5200378574118879
13.439999999975347,0.5200381220341741
13.440999999975345,0.520038394485741
13.441999999975343,0.5200386259989226
13.44299999997534,0.5200388562453092
13.443999999975338,0.520039080557419
13.444999999975336,0.5200392441547244
13.445999999975333,0.5200394688971163
13.446999999975331,0.5200397050422693
13.447999999975329,0.520039955278497
13.448999999975326,0.5200401889901193
13.449999999975324,0.5200404442771065
13.450999999975322,0.5200406579487611
13.45199999997532,0.520040951144283
13.452999999975317,0.5200412406845324
13.453999999975315,0.5200415485016499
13.454999999975312,0.5200418632675564
13.45599999997531,0.520042173993956
13.456999999975308,0.5200423564031914
13.457999999975305,0.520042625525979
13.458999999975303,0.5200428891011947
13.4599999999753,0.5200431562651876
13.460999999975298,0.5200434099945176
13.461999999975296,0.520043681526281
13.462999999975294,0.5200439722645743
13.463999999975291,0.5200441921903894
13.464999999975289,0.5200445088079279
13.465999999975287,0.5200448183829086
13.466999999975284,0.5200451682961532
13.467999999975282,0.52004551964391
13.46899999997528,0.5200458775784828
13.469999999975277,0.5200461504753054
13.470999999975275,0.5200465077370371
13.471999999975273,0.5200468538396296
13.47299999997527,0.5200471861365353
13.473999999975268,0.5200475354061913
13.474999999975266,0.5200478633758348
13.475999999975263,0.5200480872209103
13.476999999975261,0.5200483771314287
13.477999999975259,0.5200486711556058
13.478999999975256,0.5200489475196782
13.479999999975254,0.5200492171375305
13.480999999975252,0.5200494909016196
13.48199999997525,0.5200497458196084
13.482999999975247,0.5200500604754991
13.483999999975245,0.5200503806540807
13.484999999975242,0.5200506977877739
13.48599999997524,0.5200510282254059
13.486999999975238,0.5200513404497694
13.487999999975235,0.5200516335966753
13.488999999975233,0.5200518516914349
13.48999999997523,0.5200521190820607
13.490999999975228,0.5200523938207706
13.491999999975226,0.5200526281089892
13.492999999975224,0.5200528609765285
13.493999999975221,0.5200530876303872
13.494999999975219,0.5200532530333175
13.495999999975217,0.5200534800019886
13.496999999975214,0.5200537180141379
13.497999999975212,0.5200539696403881
13.49899999997521,0.5200542048193291
13.499999999975207,0.5200544610764309
13.500999999975205,0.5200546749044478
13.501999999975203,0.5200549676752365
13.5029999999752,0.5200552567391049
13.503999999975198,0.5200555636741743
13.504999999975196,0.5200558771115816
13.505999999975193,0.5200561862304186
13.506999999975191,0.5200563681065403
13.507999999975189,0.520056635952335
13.508999999975186,0.5200568981666701
13.509999999975184,0.5200571636052795
13.510999999975182,0.5200574157010264
13.51199999997518,0.5200576853871303
13.512999999975177,0.520057973807688
13.513999999975175,0.5200581918407111
13.514999999975172,0.5200585054481783
13.51599999997517,0.5200588119839415
13.516999999975168,0.5200591578634242
13.517999999975165,0.5200595048159186
13.518999999975163,0.5200598581048315
13.51999999997516,0.5200601271220041
13.520999999975158,0.5200604789259908
13.521999999975156,0.520060819381509
13.522999999975154,0.5200611459586855
13.523999999975151,0.5200614888720102
13.52499999997515,0.5200618104202003
13.525999999975147,0.5200620296473791
13.526999999975144,0.5200623135300952
13.527999999975142,0.520062600995661
13.52899999997514,0.520062870615727
13.529999999975137,0.5200631333457666
13.530999999975135,0.5200633999067877
13.531999999975133,0.5200636483727389
13.53299999997513,0.5200639544506094
13.533999999975128,0.5200642655305275
13.534999999975126,0.5200645733053838
13.535999999975123,0.5200648936788391
13.536999999975121,0.5200651954377368
13.537999999975119,0.5200654779644698
13.538999999975116,0.5200656878256025
13.539999999975114,0.5200659441744713
13.540999999975112,0.5200662072486374
13.54199999997511,0.520066430225047
13.542999999975107,0.5200666514934295
13.543999999975105,0.5200668661316826
13.544999999975103,0.5200670224892481
13.5459999999751,0.5200672371094087
13.546999999975098,0.5200674622924636
13.547999999975096,0.5200677004990016
13.548999999975093,0.5200679222044597
13.54999999997509,0.5200681643813634
13.550999999975089,0.5200683670186422
13.551999999975086,0.5200686441668546
13.552999999975084,0.5200689174349858
13.553999999975082,0.520069208053741
13.55499999997508,0.5200695046318892
13.555999999975077,0.5200697965156894
13.556999999975075,0.5200699660800536
13.557999999975072,0.5200702168516554
13.55899999997507,0.5200704618115793
13.559999999975068,0.5200707095311898
13.560999999975065,0.5200709439055372
13.561999999975063,0.5200711955791346
13.56299999997506,0.5200714654355318
13.563999999975058,0.5200716693348016
13.564999999975056,0.5200719635511131
13.565999999975054,0.520072250576061
13.566999999975051,0.5200725759035899
13.567999999975049,0.5200729018779071
13.568999999975047,0.5200732338576899
13.569999999975044,0.5200734864674882
13.570999999975042,0.5200738160636271
13.57199999997504,0.520074134061504
13.572999999975037,0.5200744380476713
13.573999999975035,0.5200747576702891
13.574999999975033,0.5200750558078981
13.57599999997503,0.5200752576420957
13.576999999975028,0.520075518427896
13.577999999975026,0.5200757822127814
13.578999999975023,0.5200760279123853
13.579999999975021,0.5200762665358571
13.580999999975019,0.520076508638277
13.581999999975016,0.5200767377206529
13.582999999975014,0.5200770179366607
13.583999999975012,0.520077302611495
13.58499999997501,0.5200775836819949
13.585999999975007,0.5200778766313782
13.586999999975005,0.5200781505650874
13.587999999975002,0.5200784050937349
13.588999999975,0.5200785936756495
13.589999999974998,0.5200788215803122
13.590999999974995,0.5200790555690578
13.591999999974993,0.5200792498067457
13.59299999997499,0.5200794420417533
13.593999999974988,0.5200796272182066
13.594999999974986,0.520079761448076
13.595999999974984,0.520079946282249
13.596999999974981,0.5200801412071097
13.597999999974979,0.5200803485795304
13.598999999974977,0.5200805393937611
13.599999999974974,0.520080750092284
13.600999999974972,0.5200809285163389
13.60199999997497,0.5200811727261168
13.602999999974967,0.5200814128895106
13.603999999974965,0.5200816698966028
13.604999999974963,0.520081932352858
13.60599999997496,0.5200821897715947
13.606999999974958,0.5200823341308443
13.607999999974956,0.5200825506583283
13.608999999974953,0.5200827612274315
13.609999999974951,0.5200829741214144
13.610999999974949,0.5200831737040122
13.611999999974946,0.5200833903478738
13.612999999974944,0.5200836246737919
13.613999999974942,0.5200838017455122
13.61499999997494,0.5200840596996567
13.615999999974937,0.5200843103836075
13.616999999974935,0.5200845984138597
13.617999999974932,0.5200848867303
13.61899999997493,0.520085180771951
13.619999999974928,0.5200854045582949
13.620999999974925,0.5200856954588368
13.621999999974923,0.5200859745823047
13.62299999997492,0.5200862396297314
13.623999999974918,0.5200865196816215
13.624999999974916,0.5200867782035167
13.625999999974914,0.5200869505424844
13.626999999974911,0.5200871721728781
13.627999999974909,0.5200873962961752
13.628999999974907,0.520087602170686
13.629999999974904,0.520087800869754
13.630999999974902,0.520088002787811
13.6319999999749,0.5200882007851397
13.632999999974897,0.5200884396102481
13.633999999974895,0.5200886824562502
13.634999999974893,0.5200889214895053
13.63599999997489,0.5200891717948245
13.636999999974888,0.5200894028093429
13.637999999974886,0.5200896143541625
13.638999999974883,0.5200897704900156
13.639999999974881,0.5200899551617906
13.640999999974879,0.5200901453861265
13.641999999974876,0.5200902963239266
13.642999999974874,0.5200904450816123
13.643999999974872,0.5200905864673359
13.64499999997487,0.5200906879056821
13.645999999974867,0.520090828847979
13.646999999974865,0.520090979541348
13.647999999974862,0.5200911422431422
13.64899999997486,0.5200912884516016
13.649999999974858,0.5200914540981606
13.650999999974855,0.5200915982327732
13.651999999974853,0.5200917962186359
13.65299999997485,0.5200919901223824
13.653999999974848,0.5200922004998623
13.654999999974846,0.5200924159677808
13.655999999974844,0.5200926262058143
13.656999999974841,0.5200927359249317
13.65799999997484,0.5200929057563971
13.658999999974837,0.520093069632586
13.659999999974834,0.520093235548361
13.660999999974832,0.5200933883378055
13.66199999997483,0.520093558114617
13.662999999974828,0.5200937452366647
13.663999999974825,0.5200938868327427
13.664999999974823,0.5200940971438462
13.66599999997482,0.5200943002628865
13.666999999974818,0.5200945399635227
13.667999999974816,0.5200947797650424
13.668999999974814,0.5200950251765737
13.669999999974811,0.5200952122454299
13.670999999974809,0.5200954540846876
13.671999999974807,0.5200956841474973
13.672999999974804,0.5200959002453147
13.673999999974802,0.520096130894104
13.6749999999748,0.520096340147344
13.675999999974797,0.5200964758686489
13.676999999974795,0.5200966490090781
13.677999999974793,0.5200968243208144
13.67899999997479,0.5200969814027097
13.679999999974788,0.5200971313963172
13.680999999974786,0.5200972845397314
13.681999999974783,0.5200974451583243
13.682999999974781,0.520097634365065
13.683999999974779,0.5200978273561434
13.684999999974776,0.5200980165185838
13.685999999974774,0.5200982165537255
13.686999999974772,0.5200983972373577
13.68799999997477,0.5200985585877616
13.688999999974767,0.5200986770049129
13.689999999974765,0.5200988115912666
13.690999999974762,0.5200989514047994
13.69199999997476,0.5200990525976399
13.692999999974758,0.5200991516376317
13.693999999974755,0.520099243200005
13.694999999974753,0.5200993074583413
13.69599999997475,0.5200993988412033
13.696999999974748,0.5200994998517627
13.697999999974746,0.5200996126497943
13.698999999974744,0.5200997092288513
13.699999999974741,0.5200998250204014
13.700999999974739,0.5200999314155555
13.701999999974737,0.5201000787865845
13.702999999974734,0.5201002222546555
13.703999999974732,0.520100382046898
13.70499999997473,0.5201005467974495
13.705999999974727,0.5201007063505385
13.706999999974725,0.5201007789408989
13.707999999974723,0.5201008989565874
13.70899999997472,0.520101013240262
13.709999999974718,0.5201011295039368
13.710999999974716,0.520101233044985
13.711999999974713,0.5201013537228418
13.712999999974711,0.5201014916373354
13.713999999974709,0.5201015964059041
13.714999999974706,0.5201017574728977
13.715999999974704,0.5201019116517431
13.716999999974702,0.5201021018917478
13.7179999999747,0.52010229228148
13.718999999974697,0.5201024883970571
13.719999999974695,0.5201026384078229
13.720999999974692,0.520102830937829
13.72199999997469,0.5201030119272317
13.722999999974688,0.5201031792919831
13.723999999974685,0.5201033609930904
13.724999999974683,0.5201035216635143
13.72599999997468,0.5201036214275797
13.726999999974678,0.520103747152911
13.727999999974676,0.520103874966878
13.728999999974674,0.5201039848052599
13.729999999974671,0.5201040878724071
13.730999999974669,0.5201041942529624
13.731999999974667,0.5201043191654351
13.732999999974664,0.5201044611911435
13.733999999974662,0.5201046070046157
13.73499999997466,0.5201047492121051
13.735999999974657,0.5201049021369831
13.736999999974655,0.5201050358916112
13.737999999974653,0.5201051506850927
13.73899999997465,0.5201052342712458
13.739999999974648,0.5201053228252872
13.740999999974646,0.5201054165262259
13.741999999974643,0.5201054724948968
13.742999999974641,0.5201055265700814
13.743999999974639,0.5201055733035949
13.744999999974636,0.5201056042756113
13.745999999974634,0.5201056514913537
13.746999999974632,0.5201057084489545
13.74799999997463,0.5201057772107672
13.748999999974627,0.5201058302642994
13.749999999974625,0.5201059025425053
13.750999999974622,0.520105976113079
13.75199999997462,0.5201060796336228
13.752999999974618,0.520106179668203
13.753999999974615,0.5201062961196289
13.754999999974613,0.5201064176358658
13.75599999997461,0.5201065342226022
13.756999999974608,0.5201065756065558
13.757999999974606,0.5201066539168369
13.758999999974604,0.520106726945064
13.759999999974601,0.5201068021324495
13.760999999974599,0.5201068652226083
13.761999999974597,0.5201069458153643
13.762999999974594,0.520107043763896
13.763999999974592,0.5201071187879165
13.76499999997459,0.5201072402506621
13.765999999974587,0.5201073553592258
13.766999999974585,0.520107506238796
13.767999999974583,0.5201076575446723
13.76899999997458,0.5201078149244281
13.769999999974578,0.520107935946209
13.770999999974576,0.5201080901210008
13.771999999974573,0.5201082332158202
13.772999999974571,0.5201083632440707
13.773999999974569,0.5201085076280183
13.774999999974566,0.5201086315618044
13.775999999974564,0.520108704384554
13.776999999974562,0.5201087948837244
13.77799999997456,0.5201088876163145
13.778999999974557,0.5201089628497345
13.779999999974555,0.5201090318361475
13.780999999974552,0.5201091045081868
13.78199999997455,0.5201092036397906
13.782999999974548,0.5201093119101683
13.783999999974546,0.5201094241842575
13.784999999974543,0.5201095332933505
13.78599999997454,0.5201096531791446
13.786999999974539,0.5201097542791174
13.787999999974536,0.5201098369943894
13.788999999974534,0.5201098967485729
13.789999999974532,0.5201099541065837
13.79099999997453,0.5201100167491031
13.791999999974527,0.5201100427258175
13.792999999974525,0.520110067262441
13.793999999974522,0.5201100848026741
13.79499999997452,0.5201100943317286
13.795999999974518,0.5201101133322735
13.796999999974515,0.5201101423816924
13.797999999974513,0.5201101834442339
13.79899999997451,0.5201102095064923
13.799999999974508,0.5201102549957205
13.800999999974506,0.5201103084077685
13.801999999974504,0.5201103851229801
13.802999999974501,0.5201104589645861
13.803999999974499,0.5201105495144345
13.804999999974497,0.5201106454221359
13.805999999974494,0.5201107368506512
13.806999999974492,0.520110760470838
13.80799999997449,0.5201108151715137
13.808999999974487,0.520110865210016
13.809999999974485,0.5201109177741273
13.810999999974483,0.5201109590282429
13.81199999997448,0.520111018298202
13.812999999974478,0.5201110952080046
13.813999999974476,0.5201111547937685
13.814999999974473,0.5201112558642712
13.815999999974471,0.5201113512854711
13.816999999974469,0.520111482343267
13.817999999974466,0.5201116142640373
13.818999999974464,0.5201117527772634
13.819999999974462,0.5201118598118315
13.82099999997446,0.520111995765621
13.821999999974457,0.5201121212533805
13.822999999974455,0.5201122343788775
13.823999999974452,0.5201123620467958
13.82499999997445,0.5201124699865776
13.825999999974448,0.52011253150362
13.826999999974445,0.5201126077157808
13.827999999974443,0.520112686461742
13.82899999997444,0.5201127483338569
13.829999999974438,0.5201128046100657
13.830999999974436,0.5201128650713526
13.831999999974434,0.5201129546160866
13.832999999974431,0.5201130508479482
13.833999999974429,0.5201131514282418
13.834999999974427,0.5201132494242268
13.835999999974424,0.5201133583857155
13.836999999974422,0.5201134490566384
13.83799999997442,0.5201135220374451
13.838999999974417,0.5201135748008558
13.839999999974415,0.5201136235102931
13.840999999974413,0.5201136777760066
13.84199999997441,0.5201136965245213
13.842999999974408,0.5201137143894987
13.843999999974406,0.5201137257253569
13.844999999974403,0.520113731105673
13.845999999974401,0.5201137450267715
13.846999999974399,0.5201137694003996
13.847999999974396,0.520113806092269
13.848999999974394,0.5201138285971448
13.849999999974392,0.5201138708240305
13.85099999997439,0.5201139217784103
13.851999999974387,0.5201139953527977
13.852999999974385,0.5201140667671752
13.853999999974382,0.5201141552850553
13.85499999997438,0.5201142495404066
13.855999999974378,0.5201143398486406
13.856999999974375,0.5201143637466282
13.857999999974373,0.5201144189798667
13.85899999997437,0.520114470238161
13.859999999974368,0.5201145244759199
13.860999999974366,0.5201145682483309
13.861999999974364,0.5201146305873525
13.862999999974361,0.5201147109092076
13.863999999974359,0.5201147734355004
13.864999999974357,0.5201148786611197
13.865999999974354,0.5201149790088179
13.866999999974352,0.5201151149015113
13.86799999997435,0.5201152521453729
13.868999999974347,0.5201153965650916
13.869999999974345,0.520115508217979
13.870999999974343,0.5201156507930117
13.87199999997434,0.5201157835580626
13.872999999974338,0.5201159047011867
13.873999999974336,0.5201160406325332
13.874999999974333,0.5201161575876758
13.875999999974331,0.5201162265596007
13.876999999974329,0.5201163134873407
13.877999999974326,0.5201164032939439
13.878999999974324,0.5201164768892799
13.879999999974322,0.5201165455523714
13.88099999997432,0.5201166189124483
13.881999999974317,0.5201167176931399
13.882999999974315,0.5201168270089062
13.883999999974312,0.5201169410309239
13.88499999997431,0.5201170530750059
13.885999999974308,0.5201171762866862
13.886999999974305,0.5201172816945298
13.887999999974303,0.5201173701087295
13.8889999999743,0.5201174347634022
13.889999999974298,0.520117499990568
13.890999999974296,0.520117571063933
13.891999999974294,0.5201176077311152
13.892999999974291,0.5201176440569103
13.89399999997429,0.5201176743255593
13.894999999974287,0.5201176943837612
13.895999999974284,0.5201177283002875
13.896999999974282,0.5201177730493539
13.89799999997428,0.5201178303989085
13.898999999974277,0.5201178743613505
13.899999999974275,0.5201179383141527
13.900999999974273,0.520118005528852
13.90199999997427,0.5201181008760386
13.902999999974268,0.5201181947590242
13.903999999974266,0.5201183061253695
13.904999999974264,0.5201184235757278
13.905999999974261,0.5201185375731298
13.906999999974259,0.5201185802896681
13.907999999974257,0.5201186607579346
13.908999999974254,0.5201187378863439
13.909999999974252,0.5201188184153018
13.91099999997425,0.5201188892613157
13.911999999974247,0.5201189791419504
13.912999999974245,0.5201190872877112
13.913999999974243,0.5201191710242503
13.91499999997424,0.5201193047029249
13.915999999974238,0.5201194342210648
13.916999999974236,0.520119599115306
13.917999999974233,0.5201197657810577
13.91899999997423,0.520119940150551
13.919999999974229,0.5201200744015118
13.920999999974226,0.5201202475018455
13.921999999974224,0.5201204113701541
13.922999999974222,0.5201205642744929
13.92399999997422,0.5201207321518727
13.924999999974217,0.520120881716617
13.925999999974215,0.5201209757658511
13.926999999974212,0.5201210967921611
13.92799999997421,0.520121220967613
13.928999999974208,0.5201213295122484
13.929999999974205,0.5201214336838891
13.930999999974203,0.5201215429601461
13.9319999999742,0.520121668155995
13.932999999974198,0.5201218133820281
13.933999999974196,0.5201219635691412
13.934999999974194,0.5201221122921419
13.935999999974191,0.5201222722824255
13.936999999974189,0.5201224148329766
13.937999999974187,0.520122540973518
13.938999999974184,0.5201226341683912
13.939999999974182,0.5201227380036322
13.94099999997418,0.520122847876312
13.941999999974177,0.5201229243049802
13.942999999974175,0.5201230008075264
13.943999999974173,0.5201230716140562
13.94499999997417,0.5201231224554795
13.945999999974168,0.5201231977178079
13.946999999974166,0.520123284057001
13.947999999974163,0.5201233831457858
13.948999999974161,0.5201234695204681
13.949999999974159,0.5201235760176499
13.950999999974156,0.5201236750131112
13.951999999974154,0.5201238126913397
13.952999999974152,0.520123949471355
13.95399999997415,0.520124103987405
13.954999999974147,0.5201242647934176
13.955999999974145,0.5201244224958164
13.956999999974142,0.5201244989120194
13.95799999997414,0.5201246243412714
13.958999999974138,0.5201247469088904
13.959999999974135,0.520124873156772
13.960999999974133,0.5201249903386674
13.96199999997413,0.5201251268415993
13.962999999974128,0.520125281729613
13.963999999974126,0.5201254007575241
13.964999999974124,0.5201255815164165
13.965999999974121,0.5201257586733434
13.966999999974119,0.5201259708643357
13.967999999974117,0.5201261850804139
13.968999999974114,0.5201264073692509
13.969999999974112,0.5201265775803222
13.97099999997411,0.5201267988695204
13.971999999974107,0.5201270113287664
13.972999999974105,0.5201272133039084
13.973999999974103,0.5201274302754778
13.9749999999741,0.520127629415477
13.975999999974098,0.5201277611344228
13.976999999974096,0.520127932861232
13.977999999974093,0.5201281078357078
13.978999999974091,0.5201282675815863
13.979999999974089,0.520128423319953
13.980999999974086,0.5201285843777497
13.981999999974084,0.5201287477539838
13.982999999974082,0.5201289444154187
13.98399999997408,0.520129146103092
13.984999999974077,0.5201293466559208
13.985999999974075,0.520129558387772
13.986999999974072,0.5201297528416353
13.98799999997407,0.5201299312724428
13.988999999974068,0.5201300638027904
13.989999999974065,0.5201302204619951
13.990999999974063,0.5201303831634311
13.99199999997406,0.5201305131597671
13.992999999974058,0.5201306434396108
13.993999999974056,0.5201307681893662
13.994999999974054,0.5201308597221954
13.995999999974051,0.5201309893539805
13.996999999974049,0.5201311300958145
13.997999999974047,0.5201312835295611
13.998999999974044,0.520131424715779
13.999999999974042,0.5201315859483601
14.00099999997404,0.5201317257306911
14.001999999974037,0.5201319175584037
14.002999999974035,0.5201321088472121
14.003999999974033,0.5201323179213398
14.00499999997403,0.5201325332822744
14.005999999974028,0.5201327456766216
14.006999999974026,0.520132863868496
14.007999999974023,0.5201330448467506
14.008999999974021,0.520133223220858
14.009999999974019,0.5201334053436043
14.010999999974016,0.5201335787907064
14.011999999974014,0.5201337716106414
14.012999999974012,0.520133982714679
14.01399999997401,0.5201341439914537
14.014999999974007,0.5201343809126556
14.015999999974005,0.5201346145683452
14.016999999974002,0.5201348826945851
14.017999999974,0.5201351528784173
14.018999999973998,0.520135431284128
14.019999999973995,0.5201356434570172
14.020999999973993,0.5201359207418166
14.02199999997399,0.5201361893711934
14.022999999973988,0.5201364477684478
14.023999999973986,0.5201367209676491
14.024999999973984,0.5201369765865493
14.025999999973982,0.5201371509948175
14.02699999997398,0.5201373798980541
14.027999999973977,0.5201376119246248
14.028999999973975,0.5201378288968534
14.029999999973972,0.5201380419928688
14.03099999997397,0.5201382603910413
14.031999999973968,0.5201384659691758
14.032999999973965,0.5201387192252421
14.033999999973963,0.520138977346216
14.03499999997396,0.5201392344331252
14.035999999973958,0.520139502387529
14.036999999973956,0.5201397529964302
14.037999999973954,0.5201399877392177
14.038999999973951,0.520140162470089
14.039999999973949,0.5201403755709793
14.040999999973947,0.520140594494261
14.041999999973944,0.5201407812075649
14.042999999973942,0.5201409681815359
14.04399999997394,0.5201411495625045
14.044999999973937,0.5201412836452088
14.045999999973935,0.5201414699201069
14.046999999973933,0.5201416671053771
14.04799999997393,0.5201418766977322
14.048999999973928,0.5201420742752295
14.049999999973926,0.5201422915962446
14.050999999973923,0.5201424730354004
14.051999999973921,0.5201427199784042
14.052999999973919,0.5201429665107834
14.053999999973916,0.5201432306508523
14.054999999973914,0.5201435008510269
14.055999999973912,0.5201437679960601
14.05699999997391,0.5201439278479281
14.057999999973907,0.5201441640233548
14.058999999973905,0.5201443976222017
14.059999999973902,0.5201446348107402
14.0609999999739,0.520144863481372
14.061999999973898,0.5201451113458175
14.062999999973895,0.5201453771692564
14.063999999973893,0.5201455794211822
14.06499999997389,0.5201458706137014
14.065999999973888,0.5201461586467407
14.066999999973886,0.5201464803740729
14.067999999973884,0.5201468039718149
14.068999999973881,0.5201471357147872
14.069999999973879,0.5201473876242977
14.070999999973877,0.5201477177481991
14.071999999973874,0.5201480391684555
14.072999999973872,0.520148350386669
14.07399999997387,0.5201486759935465
14.074999999973867,0.5201489840503155
14.075999999973865,0.5201491979698475
14.076999999973863,0.5201494796165688
14.07799999997386,0.5201497640442239
14.078999999973858,0.5201500333701404
14.079999999973856,0.5201502987328305
14.080999999973853,0.5201505691653261
14.081999999973851,0.5201508128420425
14.082999999973849,0.5201511170272473
14.083999999973846,0.5201514257088412
14.084999999973844,0.520151733240849
14.085999999973842,0.5201520511262608
14.08699999997384,0.5201523513989514
14.087999999973837,0.5201526357548956
14.088999999973835,0.5201528475245442
14.089999999973832,0.5201531100064213
14.09099999997383,0.5201533778840434
14.091999999973828,0.5201536138384605
14.092999999973825,0.5201538498269219
14.093999999973823,0.5201540799529327
14.09499999997382,0.5201542505381799
14.095999999973818,0.5201544852200257
14.096999999973816,0.5201547304138873
14.097999999973814,0.5201549875375935
14.098999999973811,0.5201552326733754
14.099999999973809,0.5201554970596195
14.100999999973807,0.5201557132715039
14.101999999973804,0.5201560060001846
14.102999999973802,0.5201562982463541
14.1039999999738,0.5201566077273069
14.104999999973797,0.5201569228579385
14.105999999973795,0.5201572346601285
14.106999999973793,0.520157428481221
14.10799999997379,0.5201577094324179
14.108999999973788,0.5201579876490562
14.109999999973786,0.5201582691075612
14.110999999973783,0.520158542020507
14.111999999973781,0.520158833773701
14.112999999973779,0.5201591429861753
14.113999999973776,0.5201593775961098
14.114999999973774,0.520159711424801
14.115999999973772,0.5201600420147596
14.11699999997377,0.5201604053700566
14.117999999973767,0.5201607702419964
14.118999999973765,0.5201611430037546
14.119999999973762,0.5201614253098481
14.12099999997376,0.5201617956801688
14.121999999973758,0.5201621571321847
14.122999999973755,0.5201625082469445
14.123999999973753,0.5201628731693042
14.12499999997375,0.5201632204095765
14.125999999973748,0.5201634637952505
14.126999999973746,0.5201637846597296
14.127999999973744,0.5201641078003556
14.128999999973741,0.5201644156271599
14.12999999997374,0.5201647192499067
14.130999999973737,0.5201650275603583
14.131999999973734,0.5201652986477979
14.132999999973732,0.5201656393694665
14.13399999997373,0.5201659840786047
14.134999999973727,0.5201663273676637
14.135999999973725,0.5201666803612024
14.136999999973723,0.5201670153499867
14.13799999997372,0.5201673342326719
14.138999999973718,0.5201675716334961
14.139999999973716,0.5201678681710895
14.140999999973713,0.5201681695363846
14.141999999973711,0.5201684391358197
14.142999999973709,0.520168708412178
14.143999999973706,0.5201689714188376
14.144999999973704,0.5201691665283964
14.145999999973702,0.5201694335416889
14.1469999999737,0.5201697105477139
14.147999999973697,0.5201699988913094
14.148999999973695,0.5201702751410002
14.149999999973693,0.5201705700363957
14.15099999997369,0.5201708085417227
14.151999999973688,0.5201711303431994
14.152999999973686,0.520171451464482
14.153999999973683,0.5201717893272225
14.15499999997368,0.5201721323257655
14.155999999973679,0.5201724716187247
14.156999999973676,0.5201726864754154
14.157999999973674,0.52017299485808
14.158999999973672,0.5201733002457885
14.15999999997367,0.5201736084179865
14.160999999973667,0.520173907916553
14.161999999973665,0.5201742258184561
14.162999999973662,0.5201745605914808
14.16399999997366,0.5201748141253673
14.164999999973658,0.5201751726099424
14.165999999973655,0.5201755276746541
14.166999999973653,0.5201759145158218
14.16799999997365,0.5201763024411098
14.168999999973648,0.5201766979062948
14.169999999973646,0.520176996831741
14.170999999973644,0.5201773890184024
14.171999999973641,0.5201777719957088
14.172999999973639,0.5201781444247111
14.173999999973637,0.52017852999878
14.174999999973634,0.5201788976873487
14.175999999973632,0.5201791564454882
14.17699999997363,0.5201794976905553
14.177999999973627,0.5201798406334438
14.178999999973625,0.5201801679753479
14.179999999973623,0.520180490812117
14.18099999997362,0.5201808178986231
14.181999999973618,0.5201811020670865
14.182999999973616,0.5201814601564314
14.183999999973613,0.5201818216780856
14.184999999973611,0.5201821814456492
14.185999999973609,0.5201825502282764
14.186999999973606,0.5201829005875312
14.187999999973604,0.5201832346071844
14.188999999973602,0.5201834830665395
14.1899999999736,0.5201837941983345
14.190999999973597,0.5201841095413855
14.191999999973595,0.5201843932461572
14.192999999973592,0.5201846762365677
14.19399999997359,0.520184952506659
14.194999999973588,0.5201851574132407
14.195999999973585,0.5201854371030776
14.196999999973583,0.5201857262441225
14.19799999997358,0.520186026112958
14.198999999973578,0.5201863137448517
14.199999999973576,0.5201866194037493
14.200999999973574,0.5201868653962842
14.201999999973571,0.520187196544096
14.202999999973569,0.5201875267841476
14.203999999973567,0.5201878732479331
14.204999999973564,0.520188224327795
14.205999999973562,0.520188571318796
14.20699999997356,0.5201887923752098
14.207999999973557,0.520189108393465
14.208999999973555,0.5201894211521223
14.209999999973553,0.520189736225472
14.21099999997355,0.5201900424953378
14.211999999973548,0.5201903667491691
14.212999999973546,0.5201907072960398
14.213999999973543,0.520190964916584
14.214999999973541,0.5201913282919146
14.215999999973539,0.5201916880621825
14.216999999973536,0.5201920786599992
14.217999999973534,0.5201924699285853
14.218999999973532,0.5201928683900807
14.21999999997353,0.5201931691787568
14.220999999973527,0.5201935635320172
14.221999999973525,0.5201939484071397
14.222999999973522,0.5201943225444878
14.22399999997352,0.52019470918009
14.224999999973518,0.5201950777527965
14.225999999973515,0.5201953372323409
14.226999999973513,0.5201956793644235
14.22799999997351,0.5201960226396085
14.228999999973508,0.5201963500487836
14.229999999973506,0.5201966726885214
14.230999999973504,0.5201969991809328
14.231999999973501,0.520197281963198
14.232999999973499,0.5201976381530458
14.233999999973497,0.5201979972696026
14.234999999973494,0.5201983543307823
14.235999999973492,0.5201987197723736
14.23699999997349,0.5201990664406431
14.237999999973487,0.5201993965863201
14.238999999973485,0.5201996418787886
14.239999999973483,0.5201999486881053
14.24099999997348,0.520200259138834
14.241999999973478,0.5202005381431066
14.242999999973476,0.5202008161010514
14.243999999973473,0.5202010869390535
14.244999999973471,0.5202012876677067
14.245999999973469,0.5202015614630028
14.246999999973466,0.520201844239073
14.247999999973464,0.5202021372073609
14.248999999973462,0.5202024178516335
14.24999999997346,0.5202027159813388
14.250999999973457,0.5202029558034401
14.251999999973455,0.5202032781804915
14.252999999973452,0.5202035994839614
14.25399999997345,0.5202039365603668
14.254999999973448,0.5202042778163307
14.255999999973445,0.5202046146827187
14.256999999973443,0.5202048286366344
14.25799999997344,0.5202051346187538
14.258999999973438,0.520205437159904
14.259999999973436,0.520205741622699
14.260999999973434,0.5202060372370308
14.261999999973431,0.520206350518269
14.26299999997343,0.520206679609853
14.263999999973427,0.5202069284550623
14.264999999973424,0.5202072796624597
14.265999999973422,0.5202076271620675
14.26699999997342,0.520208004661858
14.267999999973418,0.5202083825209523
14.268999999973415,0.5202087673140214
14.269999999973413,0.5202090575443823
14.27099999997341,0.5202094375975441
14.271999999973408,0.5202098080079312
14.272999999973406,0.5202101675930041
14.273999999973404,0.52021053912798
14.274999999973401,0.5202108925279552
14.275999999973399,0.5202111407587152
14.276999999973397,0.5202114679241526
14.277999999973394,0.5202117957819669
14.278999999973392,0.5202121076107632
14.27999999997339,0.5202124145186439
14.280999999973387,0.5202127249983786
14.281999999973385,0.5202129949354712
14.282999999973383,0.5202133340381971
14.28399999997338,0.5202136756849868
14.284999999973378,0.5202140150843276
14.285999999973376,0.5202143623564311
14.286999999973373,0.520214690642695
14.287999999973371,0.520215002344922
14.288999999973369,0.5202152336240344
14.289999999973366,0.5202155217591037
14.290999999973364,0.5202158130853534
14.291999999973362,0.5202160732867129
14.29299999997336,0.5202163322366932
14.293999999973357,0.5202165837888032
14.294999999973355,0.5202167700376761
14.295999999973352,0.5202170243205859
14.29699999997335,0.5202172872501156
14.297999999973348,0.5202175599740216
14.298999999973345,0.5202178204099557
14.299999999973343,0.5202180979290961
14.30099999997334,0.5202183218700193
14.301999999973338,0.5202186226701263
14.302999999973336,0.5202189223573381
14.303999999973334,0.5202192374977465
14.304999999973331,0.5202195565234049
14.305999999973329,0.5202198709996054
14.306999999973327,0.5202200687484256
14.307999999973324,0.5202203526765428
14.308999999973322,0.5202206331215227
14.30999999997332,0.5202209152313628
14.310999999973317,0.5202211885867377
14.311999999973315,0.5202214794433325
14.312999999973313,0.5202217857749464
14.31399999997331,0.5202220174614506
14.314999999973308,0.520222345456078
14.315999999973306,0.5202226697772914
14.316999999973303,0.5202230234374075
14.317999999973301,0.5202233772954227
14.318999999973299,0.5202237379690907
14.319999999973296,0.5202240099084873
14.320999999973294,0.5202243654855461
14.321999999973292,0.5202247114054518
14.32299999997329,0.5202250465592032
14.323999999973287,0.520225393261799
14.324999999973285,0.5202257219054903
14.325999999973282,0.5202259517974805
14.32699999997328,0.5202262546793932
14.327999999973278,0.5202265579519432
14.328999999973275,0.5202268451785355
14.329999999973273,0.5202271274835675
14.33099999997327,0.5202274132329285
14.331999999973268,0.5202276639077035
14.332999999973266,0.5202279774945485
14.333999999973264,0.5202282934004689
14.334999999973261,0.520228607015487
14.335999999973259,0.5202289281558913
14.336999999973257,0.5202292302629113
14.337999999973254,0.520229515877835
14.338999999973252,0.520229727513358
14.33999999997325,0.5202299896019635
14.340999999973247,0.5202302545858181
14.341999999973245,0.5202304889194619
14.342999999973243,0.5202307219507937
14.34399999997324,0.5202309474594777
14.344999999973238,0.5202311142628815
14.345999999973236,0.5202313425497482
14.346999999973233,0.5202315793087439
14.347999999973231,0.5202318256241023
14.348999999973229,0.5202320598375159
14.349999999973226,0.5202323108917625
14.350999999973224,0.5202325146712705
14.351999999973222,0.5202327883384447
14.35299999997322,0.5202330610040763
14.353999999973217,0.520233348957622
14.354999999973215,0.5202336406612863
14.355999999973212,0.5202339278125778
14.35699999997321,0.520234105753853
14.357999999973208,0.5202343629617926
14.358999999973205,0.5202346167970243
14.359999999973203,0.520234872194356
14.3609999999732,0.5202351190813687
14.361999999973198,0.5202353834598841
14.362999999973196,0.5202356631343181
14.363999999973194,0.5202358748410599
14.364999999973191,0.5202361759988341
14.365999999973189,0.5202364736667209
14.366999999973187,0.520236800178261
14.367999999973184,0.5202371268812385
14.368999999973182,0.5202374604320592
14.36999999997318,0.5202377119330075
14.370999999973177,0.5202380403055243
14.371999999973175,0.520238359159037
14.372999999973173,0.5202386674536736
14.37399999997317,0.5202389870493083
14.374999999973168,0.5202392888097113
14.375999999973166,0.5202394988615867
14.376999999973163,0.5202397755850133
14.377999999973161,0.5202400525480891
14.378999999973159,0.5202403135950578
14.379999999973156,0.5202405698649009
14.380999999973154,0.5202408295981308
14.381999999973152,0.5202410601539548
14.38299999997315,0.5202413472084746
14.383999999973147,0.5202416365058085
14.384999999973145,0.5202419236134197
14.385999999973142,0.5202422180490774
14.38699999997314,0.5202424935522784
14.387999999973138,0.5202427527972359
14.388999999973136,0.5202429446730452
14.389999999973133,0.520243180681973
14.39099999997313,0.5202434194359641
14.391999999973129,0.5202436281472448
14.392999999973126,0.5202438356435025
14.393999999973124,0.5202440356337242
14.394999999973122,0.5202441834733084
14.39599999997312,0.5202443865252782
14.396999999973117,0.5202445980144997
14.397999999973115,0.5202448189611925
14.398999999973112,0.5202450281258527
14.39999999997311,0.5202452540267082
14.400999999973108,0.5202454387213037
14.401999999973105,0.52024568681413
14.402999999973103,0.5202459341490167
14.4039999999731,0.5202461967418817
14.404999999973098,0.5202464630838627
14.405999999973096,0.5202467250017536
14.406999999973094,0.5202468847775371
14.407999999973091,0.5202471175728414
14.408999999973089,0.5202473472303406
14.409999999973087,0.5202475784769794
14.410999999973084,0.5202478015775021
14.411999999973082,0.520248042279452
14.41299999997308,0.5202482982224307
14.413999999973077,0.5202484922249729
14.414999999973075,0.5202487696865219
14.415999999973073,0.5202490439617403
14.41699999997307,0.520249346711406
14.417999999973068,0.5202496497658659
14.418999999973066,0.5202499598201017
14.419999999973063,0.5202501936810393
14.420999999973061,0.5202504986815027
14.421999999973059,0.5202507944160936
14.422999999973056,0.5202510799094938
14.423999999973054,0.5202513765752558
14.424999999973052,0.5202516557376289
14.42599999997305,0.5202518492285428
14.426999999973047,0.520252104250177
14.427999999973045,0.5202523594738423
14.428999999973042,0.5202525990197998
14.42999999997304,0.5202528340347593
14.430999999973038,0.5202530726346606
14.431999999973035,0.5202532868048639
14.432999999973033,0.5202535523952531
14.43399999997303,0.5202538202553519
14.434999999973028,0.5202540861298747
14.435999999973026,0.5202543592386633
14.436999999973024,0.5202546136127786
14.437999999973021,0.5202548520572297
14.438999999973019,0.5202550284155327
14.439999999973017,0.520255244079256
14.440999999973014,0.5202554624386376
14.441999999973012,0.5202556514416028
14.44299999997301,0.5202558394047805
14.443999999973007,0.5202560199726161
14.444999999973005,0.5202561534721794
14.445999999973003,0.5202563375261444
14.446999999973,0.5202565300684756
14.447999999972998,0.520256732054958
14.448999999972996,0.5202569226629296
14.449999999972993,0.5202571299857647
14.450999999972991,0.520257300581879
14.451999999972989,0.5202575298182962
14.452999999972986,0.5202577586210457
14.453999999972984,0.5202580027351211
14.454999999972982,0.520258250675384
14.45599999997298,0.5202584943945737
14.456999999972977,0.520258641311463
14.457999999972975,0.5202588568406348
14.458999999972972,0.5202590695335573
14.45999999997297,0.520259283917122
14.460999999972968,0.520259490579789
14.461999999972965,0.5202597150101164
14.462999999972963,0.5202599546906791
14.46399999997296,0.5202601366325199
14.464999999972958,0.5202603979749582
14.465999999972956,0.520260656496441
14.466999999972954,0.5202609431839923
14.467999999972951,0.5202612303478634
14.468999999972949,0.5202615247241934
14.469999999972947,0.5202617468452797
14.470999999972944,0.5202620363863559
14.471999999972942,0.520262316966451
14.47299999997294,0.5202625876707492
14.473999999972937,0.5202628694773155
14.474999999972935,0.5202631341568799
14.475999999972933,0.5202633171950903
14.47699999997293,0.5202635586833705
14.477999999972928,0.5202638003869862
14.478999999972926,0.520264026696939
14.479999999972923,0.5202642487582079
14.480999999972921,0.5202644745626747
14.481999999972919,0.5202646786244391
14.482999999972916,0.5202649311547217
14.483999999972914,0.5202651860184737
14.484999999972912,0.5202654391394835
14.48599999997291,0.5202656994379593
14.486999999972907,0.5202659412270118
14.487999999972905,0.5202661674431177
14.488999999972902,0.5202663347341324
14.4899999999729,0.5202665386721468
14.490999999972898,0.5202667452916149
14.491999999972895,0.5202669232499422
14.492999999972893,0.5202671003640357
14.49399999997289,0.5202672702210807
14.494999999972888,0.5202673959201656
14.495999999972886,0.5202675697070183
14.496999999972884,0.5202677520499942
14.497999999972881,0.5202679438407241
14.49899999997288,0.5202681246727325
14.499999999972877,0.5202683222127651
14.500999999972874,0.5202684853156431
14.501999999972872,0.5202687045090112
14.50299999997287,0.5202689236062136
14.503999999972867,0.5202691580837838
14.504999999972865,0.5202693964738441
14.505999999972863,0.5202696308517194
14.50699999997286,0.5202697715360824
14.507999999972858,0.5202699786456655
14.508999999972856,0.520270183218303
14.509999999972854,0.5202703895892196
14.510999999972851,0.5202705886563707
14.511999999972849,0.5202708056431541
14.512999999972847,0.5202710378843137
14.513999999972844,0.5202712143785269
14.514999999972842,0.5202714684112726
14.51599999997284,0.520271719981689
14.516999999972837,0.520271999400229
14.517999999972835,0.5202722794559285
14.518999999972833,0.5202725669291779
14.51999999997283,0.5202727838819546
14.520999999972828,0.5202730667113606
14.521999999972826,0.5202733408672179
14.522999999972823,0.5202736054921822
14.52399999997282,0.5202738811396721
14.524999999972819,0.5202741400128862
14.525999999972816,0.5202743190827427
14.526999999972814,0.5202745556472558
14.527999999972812,0.5202747924233211
14.52899999997281,0.5202750140674365
14.529999999972807,0.5202752317137296
14.530999999972805,0.5202754532306765
14.531999999972802,0.520275653544039
14.5329999999728,0.520275901469399
14.533999999972798,0.5202761517618764
14.534999999972795,0.5202764005260236
14.535999999972793,0.5202766563811966
14.53699999997279,0.5202768939130052
14.537999999972788,0.52027711619076
14.538999999972786,0.5202772806091112
14.539999999972784,0.520277481043147
14.540999999972781,0.5202776841134343
14.541999999972779,0.5202778591617911
14.542999999972777,0.5202780335169672
14.543999999972774,0.5202782007153838
14.544999999972772,0.5202783246167636
14.54599999997277,0.5202784960958767
14.546999999972767,0.5202786761508476
14.547999999972765,0.5202788656104825
14.548999999972763,0.5202790444831061
14.54999999997276,0.5202792400083389
14.550999999972758,0.5202794014119192
14.551999999972756,0.5202796182396615
14.552999999972753,0.5202798352587326
14.553999999972751,0.5202800676798619
14.554999999972749,0.5202803040474333
14.555999999972746,0.5202805365563581
14.556999999972744,0.5202806765574086
14.557999999972742,0.5202808826031416
14.55899999997274,0.5202810863489249
14.559999999972737,0.5202812919454319
14.560999999972735,0.5202814905879467
14.561999999972732,0.5202817072299664
14.56299999997273,0.5202819390670045
14.563999999972728,0.5202821153467846
14.564999999972725,0.5202823689897057
14.565999999972723,0.5202826204631169
14.56699999997272,0.5202828994012197
14.567999999972718,0.5202831790701077
14.568999999972716,0.5202834662960888
14.569999999972714,0.5202836830267537
14.570999999972711,0.520283965677181
14.571999999972709,0.5202842398684024
14.572999999972707,0.5202845047987017
14.573999999972704,0.5202847806059594
14.574999999972702,0.5202850399144122
14.5759999999727,0.5202852196402351
14.576999999972697,0.520285457366779
14.577999999972695,0.5202856952296597
14.578999999972693,0.5202859181461422
14.57999999997269,0.5202861372332311
14.580999999972688,0.5202863602371551
14.581999999972686,0.520286561082096
14.582999999972683,0.5202868100383744
14.583999999972681,0.5202870613161189
14.584999999972679,0.5202873112004344
14.585999999972676,0.5202875680113506
14.586999999972674,0.5202878065998308
14.587999999972672,0.5202880301681129
14.58899999997267,0.5202881955807928
14.589999999972667,0.5202883975896021
14.590999999972665,0.5202886021099908
14.591999999972662,0.5202887791487211
14.59299999997266,0.5202889555564099
14.593999999972658,0.520289124822986
14.594999999972655,0.5202892504081907
14.595999999972653,0.5202894241409001
14.59699999997265,0.5202896063785978
14.597999999972648,0.5202897978896732
14.598999999972646,0.5202899790936268
14.599999999972644,0.520290176805793
14.600999999972641,0.5202903396043586
14.601999999972639,0.5202905581129643
14.602999999972637,0.5202907770085694
14.603999999972634,0.5202910112391737
14.604999999972632,0.5202912493598343
14.60599999997263,0.5202914836826558
14.606999999972627,0.5202916256876401
14.607999999972625,0.5202918341744949
14.608999999972623,0.5202920405006995
14.60999999997262,0.5202922486369876
14.610999999972618,0.5202924500677786
14.611999999972616,0.5202926694755217
14.612999999972613,0.5202929039229356
14.613999999972611,0.5202930821838726
14.614999999972609,0.5202933382804923
14.615999999972606,0.5202935924006759
14.616999999972604,0.5202938735092207
14.617999999972602,0.5202941553453169
14.6189999999726,0.520294444780177
14.619999999972597,0.5202946630678016
14.620999999972595,0.5202949478255988
14.621999999972592,0.5202952242376214
14.62299999997259,0.5202954915569917
14.623999999972588,0.5202957695123558
14.624999999972585,0.5202960311417182
14.625999999972583,0.5202962128663903
14.62699999997258,0.5202964534489275
14.627999999972578,0.5202966939944698
14.628999999972576,0.5202969196771002
14.629999999972574,0.5202971415947175
14.630999999972572,0.52029736737315
14.63199999997257,0.5202975696559405
14.632999999972567,0.520297820759847
14.633999999972565,0.520298074040984
14.634999999972562,0.5202983259619286
14.63599999997256,0.5202985845488325
14.636999999972558,0.5202988249147258
14.637999999972555,0.5202990503922929
14.638999999972553,0.5202992171969117
14.63999999997255,0.5202994212208732
14.640999999972548,0.5202996275335741
14.641999999972546,0.520299806795222
14.642999999972544,0.5202999853856695
14.643999999972541,0.5203001567497629
14.644999999972539,0.5203002839712751
14.645999999972537,0.5203004598050548
14.646999999972534,0.520300643971822
14.647999999972532,0.5203008371827545
14.64899999997253,0.5203010202620457
14.649999999972527,0.5203012196077152
14.650999999972525,0.5203013833256659
14.651999999972523,0.5203016027997983
14.65299999997252,0.5203018227543397
14.653999999972518,0.5203020578781604
14.654999999972516,0.5203022967395253
14.655999999972513,0.5203025317660166
14.656999999972511,0.5203026748699596
14.657999999972509,0.5203028845064133
14.658999999972506,0.520303092020917
14.659999999972504,0.5203033012060132
14.660999999972502,0.5203035038316336
14.6619999999725,0.5203037243124831
14.662999999972497,0.5203039595819885
14.663999999972495,0.5203041384173722
14.664999999972492,0.5203043950107694
14.66599999997249,0.5203046497197552
14.666999999972488,0.5203049308541349
14.667999999972485,0.5203052126192643
14.668999999972483,0.520305501927322
14.66999999997248,0.5203057199617024
14.670999999972478,0.5203060043329119
14.671999999972476,0.5203062803763607
14.672999999972474,0.520306547399864
14.673999999972471,0.5203068247262397
14.674999999972469,0.5203070858043471
14.675999999972467,0.5203072673096899
14.676999999972464,0.5203075077070052
14.677999999972462,0.5203077478021333
14.67899999997246,0.5203079730228861
14.679999999972457,0.5203081944503856
14.680999999972455,0.5203084195925693
14.681999999972453,0.5203086207092257
14.68299999997245,0.5203088704052824
14.683999999972448,0.5203091220493432
14.684999999972446,0.52030937227557
14.685999999972443,0.5203096288254594
14.686999999972441,0.5203098670748185
14.687999999972439,0.5203100904814151
14.688999999972436,0.5203102556362715
14.689999999972434,0.5203104575457722
14.690999999972432,0.5203106614370885
14.69199999997243,0.5203108386201029
14.692999999972427,0.5203110150084247
14.693999999972425,0.5203111840006523
14.694999999972422,0.5203113094521109
14.69599999997242,0.5203114827755251
14.696999999972418,0.5203116641807385
14.697999999972415,0.5203118543252202
14.698999999972413,0.5203120344288842
14.69999999997241,0.5203122304830351
14.700999999972408,0.520312391383262
14.701999999972406,0.5203126067844249
14.702999999972404,0.5203128226787276
14.703999999972401,0.5203130534999714
14.704999999972399,0.5203132878356506
14.705999999972397,0.5203135182276659
14.706999999972394,0.5203136583770603
14.707999999972392,0.5203138636944823
14.70899999997239,0.5203140668559572
14.709999999972387,0.5203142714752788
14.710999999972385,0.5203144696080412
14.711999999972383,0.5203146854084341
14.71299999997238,0.5203149156813404
14.713999999972378,0.5203150906816746
14.714999999972376,0.5203153418396953
14.715999999972373,0.5203155911336333
14.716999999972371,0.5203158662388424
14.717999999972369,0.5203161418172294
14.718999999972366,0.5203164248158189
14.719999999972364,0.5203166379250342
14.720999999972362,0.5203169156306393
14.72199999997236,0.5203171849658471
14.722999999972357,0.520317445293119
14.723999999972355,0.5203177155307758
14.724999999972352,0.5203179695388277
14.72599999997235,0.5203181458971103
14.726999999972348,0.5203183794917218
14.727999999972345,0.5203186124621731
14.728999999972343,0.5203188304876091
14.72999999997234,0.5203190446377702
14.730999999972338,0.5203192623056828
14.731999999972336,0.5203194571115946
14.732999999972334,0.5203196984896771
14.733999999972331,0.520319941541766
14.73499999997233,0.5203201830659169
14.735999999972327,0.5203204305306145
14.736999999972324,0.5203206595780574
14.737999999972322,0.5203208737834986
14.73899999997232,0.5203210319117847
14.739999999972317,0.5203212245012521
14.740999999972315,0.5203214187220901
14.741999999972313,0.5203215865353039
14.74299999997231,0.5203217533906289
14.743999999972308,0.5203219126377763
14.744999999972306,0.5203220307655354
14.745999999972303,0.5203221941441744
14.746999999972301,0.5203223653201399
14.747999999972299,0.5203225449004417
14.748999999972296,0.5203227144904535
14.749999999972294,0.5203228996873652
14.750999999972292,0.5203230520837173
14.75199999997229,0.5203232558183759
14.752999999972287,0.5203234600235909
14.753999999972285,0.520323678882419
14.754999999972283,0.5203239010093911
14.75599999997228,0.520324119059883
14.756999999972278,0.5203242504589602
14.757999999972276,0.5203244437067316
14.758999999972273,0.5203246347405919
14.75999999997227,0.5203248269939693
14.760999999972269,0.5203250128101538
14.761999999972266,0.520325216092265
14.762999999972264,0.5203254335156758
14.763999999972262,0.5203255987790422
14.76499999997226,0.5203258366241201
14.765999999972257,0.5203260726034773
14.766999999972255,0.5203263337813401
14.767999999972252,0.5203265952650532
14.76899999997225,0.5203268640296309
14.769999999972248,0.5203270662698346
14.770999999972245,0.5203273293802909
14.771999999972243,0.5203275840693343
14.77299999997224,0.5203278297536044
14.773999999972238,0.5203280849475811
14.774999999972236,0.5203283239238902
14.775999999972234,0.5203284891603241
14.776999999972231,0.5203287079867693
14.777999999972229,0.5203289258624667
14.778999999972227,0.5203291287158485
14.779999999972224,0.5203293276116137
14.780999999972222,0.5203295298309795
14.78199999997222,0.520329712365816
14.782999999972217,0.5203299374749323
14.783999999972215,0.5203301639930299
14.784999999972213,0.5203303888741361
14.78599999997221,0.5203306193257022
14.786999999972208,0.5203308312608623
14.787999999972206,0.520331028363933
14.788999999972203,0.520331173546472
14.789999999972201,0.5203313489344278
14.790999999972199,0.5203315256137955
14.791999999972196,0.5203316761993595
14.792999999972194,0.5203318256785421
14.793999999972192,0.5203319673495461
14.79499999997219,0.5203320722928446
14.795999999972187,0.5203322179307107
14.796999999972185,0.5203323711035163
14.797999999972182,0.5203325323703681
14.79899999997218,0.520332683712152
14.799999999972178,0.5203328503443396
14.800999999972175,0.5203329884802549
14.801999999972173,0.5203331729091867
14.80299999997217,0.5203333578057793
14.803999999972168,0.520333557106662
14.804999999972166,0.5203337594607657
14.805999999972164,0.5203339576360745
14.806999999972161,0.520334074654931
14.807999999972159,0.5203342483519136
14.808999999972157,0.5203344198075218
14.809999999972154,0.5203345922736827
14.810999999972152,0.5203347583829611
14.81199999997215,0.5203349417967706
14.812999999972147,0.5203351390598049
14.813999999972145,0.5203352891270767
14.814999999972143,0.5203355064189595
14.81599999997214,0.5203357218764877
14.816999999972138,0.5203359619747145
14.817999999972136,0.5203362022554605
14.818999999972133,0.5203364497158091
14.819999999972131,0.5203366358188495
14.820999999972129,0.520336877351949
14.821999999972126,0.5203371104581744
14.822999999972124,0.5203373346071042
14.823999999972122,0.5203375679109573
14.82499999997212,0.520337785055272
14.825999999972117,0.5203379341004221
14.826999999972115,0.5203381314457132
14.827999999972112,0.5203383275626189
14.82899999997211,0.5203385086267902
14.829999999972108,0.5203386857028558
14.830999999972105,0.520338865963131
14.831999999972103,0.5203390313966456
14.8329999999721,0.520339233839343
14.833999999972098,0.5203394374862591
14.834999999972096,0.5203396394408912
14.835999999972094,0.5203398466598181
14.836999999972091,0.5203400353303724
14.837999999972089,0.5203402092383448
14.838999999972087,0.5203403369461804
14.839999999972084,0.5203404891478209
14.840999999972082,0.5203406423628658
14.84199999997208,0.5203407698595393
14.842999999972077,0.520340896165255
14.843999999972075,0.5203410145255947
14.844999999972073,0.5203411020274789
14.84599999997207,0.5203412243087735
14.846999999972068,0.5203413539333883
14.847999999972066,0.5203414914141357
14.848999999972063,0.5203416190993435
14.849999999972061,0.5203417618328521
14.850999999972059,0.5203418817618318
14.851999999972056,0.5203420416979281
14.852999999972054,0.5203422021671176
14.853999999972052,0.5203423768636517
14.85499999997205,0.5203425544757078
14.855999999972047,0.5203427278826978
14.856999999972045,0.5203428268987816
14.857999999972042,0.5203429762819959
14.85899999997204,0.5203431234714412
14.859999999972038,0.5203432715382964
14.860999999972035,0.5203434134033773
14.861999999972033,0.5203435724934489
14.86299999997203,0.5203437452226878
14.863999999972028,0.5203438768667994
14.864999999972026,0.520344069377289
14.865999999972024,0.5203442601623025
14.866999999972021,0.520344475124525
14.86799999997202,0.5203446902310629
14.868999999972017,0.5203449124975619
14.869999999972014,0.5203450796062365
14.870999999972012,0.5203452958286584
14.87199999997201,0.5203455037046358
14.872999999972008,0.5203457027545705
14.873999999972005,0.5203459106922246
14.874999999972003,0.5203461026132392
14.875999999972,0.5203462329781979
14.876999999971998,0.5203464055999749
14.877999999971996,0.520346576804567
14.878999999971994,0.5203467330123785
14.879999999971991,0.5203468852897162
14.880999999971989,0.5203470407024171
14.881999999971987,0.5203471869399782
14.882999999971984,0.5203473639999782
14.883999999971982,0.5203475421542241
14.88499999997198,0.5203477186518952
14.885999999971977,0.520347900205344
14.886999999971975,0.5203480632762773
14.887999999971973,0.5203482117466707
14.88899999997197,0.5203483203609387
14.889999999971968,0.5203484472985072
14.890999999971966,0.5203485750680766
14.891999999971963,0.520348677584717
14.892999999971961,0.5203487789202039
14.893999999971959,0.5203488722689176
14.894999999971956,0.5203489411155214
14.895999999971954,0.52034903850609
14.896999999971952,0.5203491431477621
14.89799999997195,0.5203492555077543
14.898999999971947,0.5203493582966807
14.899999999971945,0.5203494759930599
14.900999999971942,0.5203495769309587
14.90199999997194,0.5203497114222123
14.902999999971938,0.5203498466093791
14.903999999971935,0.5203499959479142
14.904999999971933,0.5203501481662008
14.90599999997193,0.5203502962534112
14.906999999971928,0.5203503769113221
14.907999999971926,0.52035050159773
14.908999999971924,0.5203506242356802
14.909999999971921,0.5203507477190598
14.910999999971919,0.5203508652519807
14.911999999971917,0.5203510000297734
14.912999999971914,0.5203511483387228
14.913999999971912,0.5203512617116814
14.91499999997191,0.5203514297334225
14.915999999971907,0.520351596238234
14.916999999971905,0.5203517865657499
14.917999999971903,0.5203519771021147
14.9189999999719,0.5203521748812069
14.919999999971898,0.5203523235946429
14.920999999971896,0.5203525153945904
14.921999999971893,0.5203526990304723
14.922999999971891,0.5203528740706815
14.923999999971889,0.5203530578371988
14.924999999971886,0.5203532258288281
14.925999999971884,0.5203533385457662
14.926999999971882,0.5203534879032319
14.92799999997188,0.5203536357592423
14.928999999971877,0.520353768775906
14.929999999971875,0.5203538980188015
14.930999999971872,0.5203540304491058
14.93199999997187,0.5203541589623186
14.932999999971868,0.5203543126901745
14.933999999971865,0.5203544675059318
14.934999999971863,0.5203546208039243
14.93599999997186,0.5203547790547215
14.936999999971858,0.5203549189905194
14.937999999971856,0.5203550445873425
14.938999999971854,0.5203551360992525
14.939999999971851,0.5203552405123864
14.940999999971849,0.5203553456816424
14.941999999971847,0.5203554261546531
14.942999999971844,0.5203555055547044
14.943999999971842,0.5203555770292381
14.94499999997184,0.5203556296355137
14.945999999971837,0.5203557054402456
14.946999999971835,0.5203557885047436
14.947999999971833,0.5203558792506716
14.94899999997183,0.520355960748967
14.949999999971828,0.520356057114944
14.950999999971826,0.5203561419092202
14.951999999971823,0.5203562548398863
14.952999999971821,0.5203563687289267
14.953999999971819,0.5203564967960487
14.954999999971816,0.5203566278065926
14.955999999971814,0.5203567548572864
14.956999999971812,0.5203568204200427
14.95799999997181,0.5203569248510976
14.958999999971807,0.5203570274720213
14.959999999971805,0.5203571310056603
14.960999999971802,0.5203572289303317
14.9619999999718,0.520357344208859
14.962999999971798,0.5203574730051442
14.963999999971795,0.520357571850128
14.964999999971793,0.520357720455417
14.96599999997179,0.5203578678466215
14.966999999971788,0.520358038801821
14.967999999971786,0.5203582101232325
14.968999999971784,0.5203583888657751
14.969999999971781,0.5203585233324883
14.970999999971779,0.5203586963197194
14.971999999971777,0.5203588614154685
14.972999999971774,0.5203590182329428
14.973999999971772,0.5203591837117608
14.97499999997177,0.5203593337429404
14.975999999971767,0.5203594333394659
14.976999999971765,0.520359565535069
14.977999999971763,0.5203596962376338
14.97899999997176,0.5203598123472949
14.979999999971758,0.5203599249225956
14.980999999971756,0.5203600408212867
14.981999999971753,0.52036015650419
14.982999999971751,0.5203602935013192
14.983999999971749,0.5203604316653128
14.984999999971746,0.5203605685380684
14.985999999971744,0.5203607103469952
14.986999999971742,0.5203608340870048
14.98799999997174,0.5203609438292015
14.988999999971737,0.5203610235583841
14.989999999971735,0.5203611126053668
14.990999999971732,0.5203612024198362
14.99199999997173,0.5203612681607345
14.992999999971728,0.5203613330127355
14.993999999971726,0.5203613900829875
14.994999999971723,0.5203614320959935
14.99599999997172,0.5203614939069975
14.996999999971719,0.5203615630622034
14.997999999971716,0.5203616399375346
14.998999999971714,0.5203617079649164
14.999999999971712,0.5203617908950695
