time,Gen37.RA:0
0.0,0.0
0.0010000000000000002,0.0
0.0019999999999999987,0.0
0.0030000000000000014,0.0
0.0040000000000000036,0.0
0.0049999999999999975,0.0
0.0059999999999999915,0.0
0.006999999999999985,0.0
0.00799999999999998,0.0
0.008999999999999973,0.0
0.009999999999999967,0.0
0.010999999999999961,0.0
0.011999999999999955,0.0
0.012999999999999949,0.0
0.013999999999999943,0.0
0.014999999999999937,0.0
0.015999999999999945,0.0
0.016999999999999973,0.0
0.018000000000000002,0.0
0.01900000000000003,0.0
0.02000000000000006,0.0
0.021000000000000088,0.0
0.022000000000000117,0.0
0.023000000000000145,0.0
0.024000000000000174,0.0
0.025000000000000203,0.0
0.02600000000000023,0.0
0.02700000000000026,0.0
0.02800000000000029,0.0
0.029000000000000317,0.0
0.030000000000000346,0.0
0.031000000000000374,0.0
0.0320000000000004,0.0
0.03300000000000043,0.0
0.03400000000000046,0.0
0.03500000000000049,0.0
0.03600000000000052,0.0
0.037000000000000546,0.0
0.038000000000000575,0.0
0.039000000000000604,0.0
0.04000000000000063,0.0
0.04100000000000066,0.0
0.04200000000000069,0.0
0.04300000000000072,0.0
0.04400000000000075,0.0
0.045000000000000775,0.0
0.046000000000000804,0.0
0.04700000000000083,0.0
0.04800000000000086,0.0
0.04900000000000089,0.0
0.05000000000000092,0.0
0.05100000000000095,0.0
0.052000000000000976,0.0
0.053000000000001005,0.0
0.05400000000000103,0.0
0.05500000000000106,0.0
0.05600000000000109,0.0
0.05700000000000112,0.0
0.05800000000000115,0.0
0.059000000000001177,0.0
0.060000000000001205,0.0
0.061000000000001234,0.0
0.06200000000000126,0.0
0.06300000000000122,0.0
0.06400000000000111,0.0
0.065000000000001,0.0
0.06600000000000089,0.0
0.06700000000000078,0.0
0.06800000000000067,0.0
0.06900000000000056,0.0
0.07000000000000045,0.0
0.07100000000000034,0.0
0.07200000000000023,0.0
0.07300000000000012,0.0
0.07400000000000001,0.0
0.0749999999999999,0.0
0.07599999999999979,0.0
0.07699999999999968,0.0
0.07799999999999957,0.0
0.07899999999999946,0.0
0.07999999999999935,0.0
0.08099999999999924,0.0
0.08199999999999913,0.0
0.08299999999999902,0.0
0.08399999999999891,0.0
0.0849999999999988,0.0
0.08599999999999869,0.0
0.08699999999999858,0.0
0.08799999999999847,0.0
0.08899999999999836,0.0
0.08999999999999825,0.0
0.09099999999999814,0.0
0.09199999999999803,0.0
0.09299999999999792,0.0
0.09399999999999781,0.0
0.0949999999999977,0.0
0.09599999999999759,0.0
0.09699999999999748,0.0
0.09799999999999737,0.0
0.09899999999999726,0.0
0.09999999999999715,0.0
0.10099999999999704,0.0
0.10199999999999693,0.0
0.10299999999999682,0.0
0.1039999999999967,0.0
0.1049999999999966,0.0
0.10599999999999649,0.0
0.10699999999999638,0.0
0.10799999999999627,0.0
0.10899999999999616,0.0
0.10999999999999605,0.0
0.11099999999999594,0.0
0.11199999999999583,0.0
0.11299999999999571,0.0
0.1139999999999956,0.0
0.1149999999999955,0.0
0.11599999999999538,0.0
0.11699999999999527,0.0
0.11799999999999516,0.0
0.11899999999999505,0.0
0.11999999999999494,0.0
0.12099999999999483,0.0
0.12199999999999472,0.0
0.12299999999999461,0.0
0.1239999999999945,0.0
0.1249999999999944,0.0
0.12599999999999428,0.0
0.12699999999999417,0.0
0.12799999999999406,0.0
0.12899999999999395,0.0
0.12999999999999384,0.0
0.13099999999999373,0.0
0.13199999999999362,0.0
0.1329999999999935,0.0
0.1339999999999934,0.0
0.1349999999999933,0.0
0.13599999999999318,0.0
0.13699999999999307,0.0
0.13799999999999296,0.0
0.13899999999999285,0.0
0.13999999999999274,0.0
0.14099999999999263,0.0
0.14199999999999252,0.0
0.1429999999999924,0.0
0.1439999999999923,0.0
0.1449999999999922,0.0
0.14599999999999208,0.0
0.14699999999999197,0.0
0.14799999999999186,0.0
0.14899999999999175,0.0
0.14999999999999164,0.0
0.15099999999999153,0.0
0.15199999999999142,0.0
0.1529999999999913,0.0
0.1539999999999912,0.0
0.1549999999999911,0.0
0.15599999999999098,0.0
0.15699999999999087,0.0
0.15799999999999076,0.0
0.15899999999999065,0.0
0.15999999999999054,0.0
0.16099999999999043,0.0
0.16199999999999032,0.0
0.1629999999999902,0.0
0.1639999999999901,0.0
0.16499999999999,0.0
0.16599999999998988,0.0
0.16699999999998977,0.0
0.16799999999998966,0.0
0.16899999999998955,0.0
0.16999999999998944,0.0
0.17099999999998933,0.0
0.17199999999998922,0.0
0.1729999999999891,0.0
0.173999999999989,0.0
0.1749999999999889,0.0
0.17599999999998878,0.0
0.17699999999998867,0.0
0.17799999999998856,0.0
0.17899999999998845,0.0
0.17999999999998834,0.0
0.18099999999998823,0.0
0.18199999999998812,0.0
0.182999999999988,0.0
0.1839999999999879,0.0
0.18499999999998779,0.0
0.18599999999998768,0.0
0.18699999999998757,0.0
0.18799999999998745,0.0
0.18899999999998734,0.0
0.18999999999998723,0.0
0.19099999999998712,0.0
0.19199999999998701,0.0
0.1929999999999869,0.0
0.1939999999999868,0.0
0.19499999999998668,0.0
0.19599999999998657,0.0
0.19699999999998646,0.0
0.19799999999998635,0.0
0.19899999999998624,0.0
0.19999999999998613,0.0
0.20099999999998602,0.0
0.2019999999999859,0.0
0.2029999999999858,0.0
0.2039999999999857,0.0
0.20499999999998558,0.0
0.20599999999998547,0.0
0.20699999999998536,0.0
0.20799999999998525,0.0
0.20899999999998514,0.0
0.20999999999998503,0.0
0.21099999999998492,0.0
0.2119999999999848,0.0
0.2129999999999847,0.0
0.2139999999999846,0.0
0.21499999999998448,0.0
0.21599999999998437,0.0
0.21699999999998426,0.0
0.21799999999998415,0.0
0.21899999999998404,0.0
0.21999999999998393,0.0
0.22099999999998382,0.0
0.2219999999999837,0.0
0.2229999999999836,0.0
0.2239999999999835,0.0
0.22499999999998338,0.0
0.22599999999998327,0.0
0.22699999999998316,0.0
0.22799999999998305,0.0
0.22899999999998294,0.0
0.22999999999998283,0.0
0.23099999999998272,0.0
0.2319999999999826,0.0
0.2329999999999825,0.0
0.2339999999999824,0.0
0.23499999999998228,0.0
0.23599999999998217,0.0
0.23699999999998206,0.0
0.23799999999998195,0.0
0.23899999999998184,0.0
0.23999999999998173,0.0
0.24099999999998162,0.0
0.2419999999999815,0.0
0.2429999999999814,0.0
0.2439999999999813,0.0
0.24499999999998118,0.0
0.24599999999998107,0.0
0.24699999999998096,0.0
0.24799999999998085,0.0
0.24899999999998074,0.0
0.24999999999998063,0.0
0.2509999999999805,0.0
0.2519999999999804,0.0
0.2529999999999803,0.0
0.2539999999999802,0.0
0.2549999999999801,0.0
0.25599999999997997,0.0
0.25699999999997986,0.0
0.25799999999997975,0.0
0.25899999999997964,0.0
0.2599999999999795,0.0
0.2609999999999794,0.0
0.2619999999999793,0.0
0.2629999999999792,0.0
0.2639999999999791,0.0
0.264999999999979,0.0
0.26599999999997886,0.0
0.26699999999997875,0.0
0.26799999999997864,0.0
0.26899999999997853,0.0
0.2699999999999784,0.0
0.2709999999999783,0.0
0.2719999999999782,0.0
0.2729999999999781,0.0
0.273999999999978,0.0
0.2749999999999779,0.0
0.27599999999997776,0.0
0.27699999999997765,0.0
0.27799999999997754,0.0
0.27899999999997743,0.0
0.2799999999999773,0.0
0.2809999999999772,0.0
0.2819999999999771,0.0
0.282999999999977,0.0
0.2839999999999769,0.0
0.28499999999997677,0.0
0.28599999999997666,0.0
0.28699999999997655,0.0
0.28799999999997644,0.0
0.28899999999997633,0.0
0.2899999999999762,0.0
0.2909999999999761,0.0
0.291999999999976,0.0
0.2929999999999759,0.0
0.2939999999999758,0.0
0.29499999999997567,0.0
0.29599999999997556,0.0
0.29699999999997545,0.0
0.29799999999997534,0.0
0.29899999999997523,0.0
0.2999999999999751,0.0
0.300999999999975,0.0
0.3019999999999749,0.0
0.3029999999999748,0.0
0.3039999999999747,0.0
0.30499999999997457,0.0
0.30599999999997446,0.0
0.30699999999997435,0.0
0.30799999999997424,0.0
0.30899999999997413,0.0
0.309999999999974,0.0
0.3109999999999739,0.0
0.3119999999999738,0.0
0.3129999999999737,0.0
0.3139999999999736,0.0
0.31499999999997347,0.0
0.31599999999997336,0.0
0.31699999999997325,0.0
0.31799999999997314,0.0
0.318999999999973,0.0
0.3199999999999729,0.0
0.3209999999999728,0.0
0.3219999999999727,0.0
0.3229999999999726,0.0
0.3239999999999725,0.0
0.32499999999997237,0.0
0.32599999999997226,0.0
0.32699999999997215,0.0
0.32799999999997204,0.0
0.3289999999999719,0.0
0.3299999999999718,0.0
0.3309999999999717,0.0
0.3319999999999716,0.0
0.3329999999999715,0.0
0.3339999999999714,0.0
0.33499999999997127,0.0
0.33599999999997116,0.0
0.33699999999997104,0.0
0.33799999999997093,0.0
0.3389999999999708,0.0
0.3399999999999707,0.0
0.3409999999999706,0.0
0.3419999999999705,0.0
0.3429999999999704,0.0
0.3439999999999703,0.0
0.34499999999997016,0.0
0.34599999999997005,0.0
0.34699999999996994,0.0
0.34799999999996983,0.0
0.3489999999999697,0.0
0.3499999999999696,0.0
0.3509999999999695,0.0
0.3519999999999694,0.0
0.3529999999999693,0.0
0.3539999999999692,0.0
0.35499999999996906,0.0
0.35599999999996895,0.0
0.35699999999996884,0.0
0.35799999999996873,0.0
0.3589999999999686,0.0
0.3599999999999685,0.0
0.3609999999999684,0.0
0.3619999999999683,0.0
0.3629999999999682,0.0
0.36399999999996807,0.0
0.36499999999996796,0.0
0.36599999999996785,0.0
0.36699999999996774,0.0
0.36799999999996763,0.0
0.3689999999999675,0.0
0.3699999999999674,0.0
0.3709999999999673,0.0
0.3719999999999672,0.0
0.3729999999999671,0.0
0.37399999999996697,0.0
0.37499999999996686,0.0
0.37599999999996675,0.0
0.37699999999996664,0.0
0.37799999999996653,0.0
0.3789999999999664,0.0
0.3799999999999663,0.0
0.3809999999999662,0.0
0.3819999999999661,0.0
0.382999999999966,0.0
0.38399999999996587,0.0
0.38499999999996576,0.0
0.38599999999996565,0.0
0.38699999999996554,0.0
0.38799999999996543,0.0
0.3889999999999653,0.0
0.3899999999999652,0.0
0.3909999999999651,0.0
0.391999999999965,0.0
0.3929999999999649,0.0
0.39399999999996477,0.0
0.39499999999996466,0.0
0.39599999999996455,0.0
0.39699999999996444,0.0
0.3979999999999643,0.0
0.3989999999999642,0.0
0.3999999999999641,0.0
0.400999999999964,0.0
0.4019999999999639,0.0
0.4029999999999638,0.0
0.40399999999996367,0.0
0.40499999999996356,0.0
0.40599999999996345,0.0
0.40699999999996334,0.0
0.4079999999999632,0.0
0.4089999999999631,0.0
0.409999999999963,0.0
0.4109999999999629,0.0
0.4119999999999628,0.0
0.4129999999999627,0.0
0.41399999999996256,0.0
0.41499999999996245,0.0
0.41599999999996234,0.0
0.41699999999996223,0.0
0.4179999999999621,0.0
0.418999999999962,0.0
0.4199999999999619,0.0
0.4209999999999618,0.0
0.4219999999999617,0.0
0.4229999999999616,0.0
0.42399999999996146,0.0
0.42499999999996135,0.0
0.42599999999996124,0.0
0.42699999999996113,0.0
0.427999999999961,0.0
0.4289999999999609,0.0
0.4299999999999608,0.0
0.4309999999999607,0.0
0.4319999999999606,0.0
0.43299999999996047,0.0
0.43399999999996036,0.0
0.43499999999996025,0.0
0.43599999999996014,0.0
0.43699999999996003,0.0
0.4379999999999599,0.0
0.4389999999999598,0.0
0.4399999999999597,0.0
0.4409999999999596,0.0
0.4419999999999595,0.0
0.44299999999995937,0.0
0.44399999999995926,0.0
0.44499999999995915,0.0
0.44599999999995904,0.0
0.44699999999995893,0.0
0.4479999999999588,0.0
0.4489999999999587,0.0
0.4499999999999586,0.0
0.4509999999999585,0.0
0.4519999999999584,0.0
0.45299999999995827,0.0
0.45399999999995816,0.0
0.45499999999995805,0.0
0.45599999999995794,0.0
0.45699999999995783,0.0
0.4579999999999577,0.0
0.4589999999999576,0.0
0.4599999999999575,0.0
0.4609999999999574,0.0
0.4619999999999573,0.0
0.46299999999995717,0.0
0.46399999999995706,0.0
0.46499999999995695,0.0
0.46599999999995684,0.0
0.4669999999999567,0.0
0.4679999999999566,0.0
0.4689999999999565,0.0
0.4699999999999564,0.0
0.4709999999999563,0.0
0.4719999999999562,0.0
0.47299999999995607,0.0
0.47399999999995596,0.0
0.47499999999995585,0.0
0.47599999999995574,0.0
0.4769999999999556,0.0
0.4779999999999555,0.0
0.4789999999999554,0.0
0.4799999999999553,0.0
0.4809999999999552,0.0
0.4819999999999551,0.0
0.48299999999995497,0.0
0.48399999999995486,0.0
0.48499999999995475,0.0
0.48599999999995463,0.0
0.4869999999999545,0.0
0.4879999999999544,0.0
0.4889999999999543,0.0
0.4899999999999542,0.0
0.4909999999999541,0.0
0.491999999999954,0.0
0.49299999999995386,0.0
0.49399999999995375,0.0
0.49499999999995364,0.0
0.49599999999995353,0.0
0.4969999999999534,0.0
0.4979999999999533,0.0
0.4989999999999532,0.0
0.4999999999999531,0.0
0.500999999999953,63.51804163301575
0.5019999999999529,63.518041633016
0.5029999999999528,63.51804163301562
0.5039999999999527,63.5180416330151
0.5049999999999526,63.5180416330146
0.5059999999999525,63.51804163301459
0.5069999999999524,63.51804163301459
0.5079999999999523,63.51804163301525
0.5089999999999522,63.51804163301626
0.509999999999952,63.51804163301728
0.5109999999999519,63.51804163301758
0.5119999999999518,63.51804163301758
0.5129999999999517,63.51804163301758
0.5139999999999516,63.518041633017184
0.5149999999999515,63.518041633016516
0.5159999999999514,63.518041633015756
0.5169999999999513,63.518041633015656
0.5179999999999512,63.51804163301582
0.5189999999999511,63.51804163301593
0.519999999999951,63.51804163301542
0.5209999999999508,63.51804163301492
0.5219999999999507,63.51804163301459
0.5229999999999506,63.51804163301459
0.5239999999999505,63.51804163301459
0.5249999999999504,63.51804163301556
0.5259999999999503,63.51804163301657
0.5269999999999502,63.51804163301754
0.5279999999999501,63.51804163301754
0.52899999999995,63.51804163301754
0.5299999999999498,63.51804163301754
0.5309999999999497,63.51804163301692
0.5319999999999496,63.51804163301622
0.5329999999999495,63.5180416330155
0.5339999999999494,63.518041633015656
0.5349999999999493,63.518041633015855
0.5359999999999492,63.51804163301572
0.5369999999999491,63.518041633015216
0.537999999999949,63.5180416330147
0.5389999999999489,63.51804163301453
0.5399999999999487,63.51804163301453
0.5409999999999486,63.51804163301484
0.5419999999999485,63.518041633015855
0.5429999999999484,63.51804163301688
0.5439999999999483,63.51804163301754
0.5449999999999482,63.51804163301754
0.5459999999999481,63.51804163301754
0.546999999999948,63.51804163301738
0.5479999999999479,63.51804163301672
0.5489999999999478,63.518041633015955
0.5499999999999476,63.51804163301556
0.5509999999999475,63.51804163301573
0.5519999999999474,63.51804163301598
0.5529999999999473,63.51804163301559
0.5539999999999472,63.51804163301507
0.5549999999999471,63.51804163301457
0.555999999999947,63.51804163301456
0.5569999999999469,63.51804163301456
0.5579999999999468,63.51804163301522
0.5589999999999467,63.51804163301623
0.5599999999999465,63.518041633017255
0.5609999999999464,63.51804163301758
0.5619999999999463,63.51804163301758
0.5629999999999462,63.51804163301758
0.5639999999999461,63.518041633017184
0.564999999999946,63.518041633016516
0.5659999999999459,63.518041633015756
0.5669999999999458,63.518041633015656
0.5679999999999457,63.51804163301582
0.5689999999999455,63.51804163301593
0.5699999999999454,63.51804163301542
0.5709999999999453,63.51804163301492
0.5719999999999452,63.51804163301459
0.5729999999999451,63.51804163301459
0.573999999999945,63.51804163301459
0.5749999999999449,63.51804163301556
0.5759999999999448,63.51804163301657
0.5769999999999447,63.51804163301754
0.5779999999999446,63.51804163301754
0.5789999999999444,63.51804163301754
0.5799999999999443,63.51804163301754
0.5809999999999442,63.51804163301692
0.5819999999999441,63.51804163301622
0.582999999999944,63.5180416330155
0.5839999999999439,63.518041633015656
0.5849999999999438,63.518041633015855
0.5859999999999437,63.51804163301572
0.5869999999999436,63.518041633015216
0.5879999999999435,63.5180416330147
0.5889999999999433,63.51804163301453
0.5899999999999432,63.51804163301453
0.5909999999999431,63.51804163301484
0.591999999999943,63.518041633015855
0.5929999999999429,63.51804163301688
0.5939999999999428,63.51804163301754
0.5949999999999427,63.51804163301754
0.5959999999999426,63.51804163301754
0.5969999999999425,63.51804163301738
0.5979999999999424,63.51804163301672
0.5989999999999422,63.51804163301601
0.5999999999999421,63.5180416330156
0.600999999999942,63.51804163301573
0.6019999999999419,63.51804163301598
0.6029999999999418,63.51804163301559
0.6039999999999417,63.51804163301507
0.6049999999999416,63.51804163301457
0.6059999999999415,63.51804163301456
0.6069999999999414,63.51804163301456
0.6079999999999413,63.51804163301522
0.6089999999999411,63.51804163301623
0.609999999999941,63.518041633017255
0.6109999999999409,63.51804163301758
0.6119999999999408,63.51804163301758
0.6129999999999407,63.51804163301758
0.6139999999999406,63.518041633017184
0.6149999999999405,63.518041633016516
0.6159999999999404,63.518041633015756
0.6169999999999403,63.518041633015656
0.6179999999999402,63.51804163301582
0.61899999999994,63.51804163301593
0.6199999999999399,63.51804163301542
0.6209999999999398,63.51804163301492
0.6219999999999397,63.51804163301459
0.6229999999999396,63.51804163301459
0.6239999999999395,63.51804163301459
0.6249999999999394,63.51804163301556
0.6259999999999393,63.51804163301657
0.6269999999999392,63.51804163301754
0.627999999999939,63.51804163301754
0.6289999999999389,63.51804163301754
0.6299999999999388,63.51804163301754
0.6309999999999387,63.51804163301692
0.6319999999999386,63.51804163301622
0.6329999999999385,63.5180416330155
0.6339999999999384,63.518041633015656
0.6349999999999383,63.518041633015855
0.6359999999999382,63.51804163301572
0.6369999999999381,63.518041633015216
0.637999999999938,63.5180416330147
0.6389999999999378,63.51804163301453
0.6399999999999377,63.51804163301453
0.6409999999999376,63.51804163301484
0.6419999999999375,63.518041633015855
0.6429999999999374,63.51804163301688
0.6439999999999373,63.51804163301754
0.6449999999999372,63.51804163301754
0.6459999999999371,63.51804163301754
0.646999999999937,63.51804163301738
0.6479999999999368,63.51804163301672
0.6489999999999367,63.518041633015955
0.6499999999999366,63.51804163301556
0.6509999999999365,63.51804163301573
0.6519999999999364,63.51804163301598
0.6529999999999363,63.51804163301559
0.6539999999999362,63.51804163301507
0.6549999999999361,63.51804163301457
0.655999999999936,63.51804163301456
0.6569999999999359,63.51804163301456
0.6579999999999357,63.51804163301522
0.6589999999999356,63.51804163301623
0.6599999999999355,63.518041633017255
0.6609999999999354,63.51804163301758
0.6619999999999353,63.51804163301758
0.6629999999999352,63.51804163301758
0.6639999999999351,63.518041633017184
0.664999999999935,63.518041633016516
0.6659999999999349,63.518041633015756
0.6669999999999348,63.518041633015656
0.6679999999999346,63.51804163301582
0.6689999999999345,63.51804163301593
0.6699999999999344,63.51804163301542
0.6709999999999343,63.51804163301492
0.6719999999999342,63.51804163301459
0.6729999999999341,63.51804163301459
0.673999999999934,63.51804163301459
0.6749999999999339,63.51804163301556
0.6759999999999338,63.51804163301657
0.6769999999999337,63.51804163301754
0.6779999999999335,63.51804163301754
0.6789999999999334,63.51804163301754
0.6799999999999333,63.51804163301754
0.6809999999999332,63.51804163301692
0.6819999999999331,63.51804163301622
0.682999999999933,63.5180416330155
0.6839999999999329,63.518041633015656
0.6849999999999328,63.518041633015855
0.6859999999999327,63.51804163301572
0.6869999999999326,63.518041633015216
0.6879999999999324,63.5180416330147
0.6889999999999323,63.51804163301453
0.6899999999999322,63.51804163301453
0.6909999999999321,63.51804163301484
0.691999999999932,63.518041633015855
0.6929999999999319,63.51804163301688
0.6939999999999318,63.51804163301754
0.6949999999999317,63.51804163301754
0.6959999999999316,63.51804163301754
0.6969999999999315,63.51804163301738
0.6979999999999313,63.51804163301672
0.6989999999999312,63.51804163301601
0.6999999999999311,63.5180416330156
0.700999999999931,63.51804163301573
0.7019999999999309,63.51804163301598
0.7029999999999308,63.51804163301559
0.7039999999999307,63.51804163301507
0.7049999999999306,63.51804163301457
0.7059999999999305,63.51804163301456
0.7069999999999304,63.51804163301456
0.7079999999999302,63.51804163301522
0.7089999999999301,63.51804163301623
0.70999999999993,63.518041633017255
0.7109999999999299,63.51804163301758
0.7119999999999298,63.51804163301758
0.7129999999999297,63.51804163301758
0.7139999999999296,63.518041633017184
0.7149999999999295,63.518041633016516
0.7159999999999294,63.518041633015756
0.7169999999999292,63.518041633015656
0.7179999999999291,63.51804163301582
0.718999999999929,63.51804163301593
0.7199999999999289,63.51804163301542
0.7209999999999288,63.51804163301492
0.7219999999999287,63.51804163301459
0.7229999999999286,63.51804163301459
0.7239999999999285,63.51804163301459
0.7249999999999284,63.51804163301556
0.7259999999999283,63.51804163301657
0.7269999999999281,63.51804163301754
0.727999999999928,63.51804163301754
0.7289999999999279,63.51804163301754
0.7299999999999278,63.51804163301754
0.7309999999999277,63.51804163301692
0.7319999999999276,63.51804163301622
0.7329999999999275,63.5180416330155
0.7339999999999274,63.518041633015656
0.7349999999999273,63.518041633015855
0.7359999999999272,63.51804163301572
0.736999999999927,63.518041633015216
0.7379999999999269,63.5180416330147
0.7389999999999268,63.51804163301453
0.7399999999999267,63.51804163301453
0.7409999999999266,63.51804163301484
0.7419999999999265,63.518041633015855
0.7429999999999264,63.51804163301688
0.7439999999999263,63.51804163301754
0.7449999999999262,63.51804163301754
0.7459999999999261,63.51804163301754
0.746999999999926,63.51804163301738
0.7479999999999258,63.51804163301672
0.7489999999999257,63.518041633015955
0.7499999999999256,63.51804163301556
0.7509999999999255,63.51804163301573
0.7519999999999254,63.51804163301598
0.7529999999999253,63.51804163301559
0.7539999999999252,63.51804163301507
0.7549999999999251,63.51804163301457
0.755999999999925,63.51804163301456
0.7569999999999248,63.51804163301456
0.7579999999999247,63.51804163301522
0.7589999999999246,63.51804163301623
0.7599999999999245,63.518041633017255
0.7609999999999244,63.51804163301758
0.7619999999999243,63.51804163301758
0.7629999999999242,63.51804163301758
0.7639999999999241,63.518041633017184
0.764999999999924,63.518041633016516
0.7659999999999239,63.518041633015756
0.7669999999999237,63.518041633015656
0.7679999999999236,63.51804163301582
0.7689999999999235,63.51804163301593
0.7699999999999234,63.51804163301542
0.7709999999999233,63.51804163301492
0.7719999999999232,63.51804163301459
0.7729999999999231,63.51804163301459
0.773999999999923,63.51804163301459
0.7749999999999229,63.51804163301556
0.7759999999999228,63.51804163301657
0.7769999999999226,63.51804163301754
0.7779999999999225,63.51804163301754
0.7789999999999224,63.51804163301754
0.7799999999999223,63.51804163301754
0.7809999999999222,63.51804163301692
0.7819999999999221,63.51804163301622
0.782999999999922,63.5180416330155
0.7839999999999219,63.518041633015656
0.7849999999999218,63.518041633015855
0.7859999999999217,63.51804163301572
0.7869999999999215,63.518041633015216
0.7879999999999214,63.5180416330147
0.7889999999999213,63.51804163301453
0.7899999999999212,63.51804163301453
0.7909999999999211,63.51804163301484
0.791999999999921,63.518041633015855
0.7929999999999209,63.51804163301688
0.7939999999999208,63.51804163301754
0.7949999999999207,63.51804163301754
0.7959999999999205,63.51804163301754
0.7969999999999204,63.51804163301738
0.7979999999999203,63.51804163301672
0.7989999999999202,63.51804163301601
0.7999999999999201,63.5180416330156
0.80099999999992,63.51804163301573
0.8019999999999199,63.51804163301598
0.8029999999999198,63.51804163301559
0.8039999999999197,63.51804163301507
0.8049999999999196,63.51804163301457
0.8059999999999194,63.51804163301456
0.8069999999999193,63.51804163301456
0.8079999999999192,63.51804163301522
0.8089999999999191,63.51804163301623
0.809999999999919,63.518041633017255
0.8109999999999189,63.51804163301758
0.8119999999999188,63.51804163301758
0.8129999999999187,63.51804163301758
0.8139999999999186,63.518041633017184
0.8149999999999185,63.518041633016516
0.8159999999999183,63.518041633015756
0.8169999999999182,63.518041633015656
0.8179999999999181,63.51804163301582
0.818999999999918,63.51804163301593
0.8199999999999179,63.51804163301542
0.8209999999999178,63.51804163301492
0.8219999999999177,63.51804163301459
0.8229999999999176,63.51804163301459
0.8239999999999175,63.51804163301459
0.8249999999999174,63.51804163301556
0.8259999999999172,63.51804163301657
0.8269999999999171,63.51804163301754
0.827999999999917,63.51804163301754
0.8289999999999169,63.51804163301754
0.8299999999999168,63.51804163301754
0.8309999999999167,63.51804163301692
0.8319999999999166,63.51804163301622
0.8329999999999165,63.5180416330155
0.8339999999999164,63.518041633015656
0.8349999999999163,63.518041633015855
0.8359999999999161,63.51804163301572
0.836999999999916,63.518041633015216
0.8379999999999159,63.5180416330147
0.8389999999999158,63.51804163301453
0.8399999999999157,63.51804163301453
0.8409999999999156,63.51804163301484
0.8419999999999155,63.518041633015855
0.8429999999999154,63.51804163301688
0.8439999999999153,63.51804163301754
0.8449999999999152,63.51804163301754
0.845999999999915,63.51804163301754
0.8469999999999149,63.51804163301738
0.8479999999999148,63.51804163301672
0.8489999999999147,63.518041633015955
0.8499999999999146,63.51804163301556
0.8509999999999145,63.51804163301573
0.8519999999999144,63.51804163301598
0.8529999999999143,63.51804163301559
0.8539999999999142,63.51804163301507
0.854999999999914,63.51804163301457
0.8559999999999139,63.51804163301456
0.8569999999999138,63.51804163301456
0.8579999999999137,63.51804163301522
0.8589999999999136,63.51804163301623
0.8599999999999135,63.518041633017255
0.8609999999999134,63.51804163301758
0.8619999999999133,63.51804163301758
0.8629999999999132,63.51804163301758
0.8639999999999131,63.518041633017184
0.864999999999913,63.518041633016516
0.8659999999999128,63.518041633015756
0.8669999999999127,63.518041633015656
0.8679999999999126,63.51804163301582
0.8689999999999125,63.51804163301593
0.8699999999999124,63.51804163301542
0.8709999999999123,63.51804163301492
0.8719999999999122,63.51804163301459
0.8729999999999121,63.51804163301459
0.873999999999912,63.51804163301459
0.8749999999999118,63.51804163301556
0.8759999999999117,63.51804163301657
0.8769999999999116,63.51804163301754
0.8779999999999115,63.51804163301754
0.8789999999999114,63.51804163301754
0.8799999999999113,63.51804163301754
0.8809999999999112,63.51804163301692
0.8819999999999111,63.51804163301622
0.882999999999911,63.5180416330155
0.8839999999999109,63.518041633015656
0.8849999999999107,63.518041633015855
0.8859999999999106,63.51804163301572
0.8869999999999105,63.518041633015216
0.8879999999999104,63.5180416330147
0.8889999999999103,63.51804163301453
0.8899999999999102,63.51804163301453
0.8909999999999101,63.51804163301484
0.89199999999991,63.518041633015855
0.8929999999999099,63.51804163301688
0.8939999999999098,63.51804163301754
0.8949999999999096,63.51804163301754
0.8959999999999095,63.51804163301754
0.8969999999999094,63.51804163301738
0.8979999999999093,63.51804163301672
0.8989999999999092,63.51804163301601
0.8999999999999091,63.5180416330156
0.900999999999909,63.51804163301573
0.9019999999999089,63.51804163301598
0.9029999999999088,63.51804163301559
0.9039999999999087,63.51804163301507
0.9049999999999085,63.51804163301457
0.9059999999999084,63.51804163301456
0.9069999999999083,63.51804163301456
0.9079999999999082,63.51804163301522
0.9089999999999081,63.51804163301623
0.909999999999908,63.518041633017255
0.9109999999999079,63.51804163301758
0.9119999999999078,63.51804163301758
0.9129999999999077,63.51804163301758
0.9139999999999076,63.518041633017184
0.9149999999999074,63.518041633016516
0.9159999999999073,63.518041633015756
0.9169999999999072,63.518041633015656
0.9179999999999071,63.51804163301582
0.918999999999907,63.51804163301593
0.9199999999999069,63.51804163301542
0.9209999999999068,63.51804163301492
0.9219999999999067,63.51804163301459
0.9229999999999066,63.51804163301459
0.9239999999999065,63.51804163301459
0.9249999999999063,63.51804163301556
0.9259999999999062,63.51804163301657
0.9269999999999061,63.51804163301754
0.927999999999906,63.51804163301754
0.9289999999999059,63.51804163301754
0.9299999999999058,63.51804163301754
0.9309999999999057,63.51804163301692
0.9319999999999056,63.51804163301622
0.9329999999999055,63.5180416330155
0.9339999999999054,63.518041633015656
0.9349999999999052,63.518041633015855
0.9359999999999051,63.51804163301572
0.936999999999905,63.518041633015216
0.9379999999999049,63.5180416330147
0.9389999999999048,63.51804163301453
0.9399999999999047,63.51804163301453
0.9409999999999046,63.51804163301484
0.9419999999999045,63.518041633015855
0.9429999999999044,63.51804163301688
0.9439999999999042,63.51804163301754
0.9449999999999041,63.51804163301754
0.945999999999904,63.51804163301754
0.9469999999999039,63.51804163301738
0.9479999999999038,63.51804163301672
0.9489999999999037,63.518041633015955
0.9499999999999036,63.51804163301556
0.9509999999999035,63.51804163301573
0.9519999999999034,63.51804163301598
0.9529999999999033,63.51804163301559
0.9539999999999031,63.51804163301507
0.954999999999903,63.51804163301457
0.9559999999999029,63.51804163301456
0.9569999999999028,63.51804163301456
0.9579999999999027,63.51804163301522
0.9589999999999026,63.51804163301623
0.9599999999999025,63.518041633017255
0.9609999999999024,63.51804163301758
0.9619999999999023,63.51804163301758
0.9629999999999022,63.51804163301758
0.963999999999902,63.518041633017184
0.9649999999999019,63.518041633016516
0.9659999999999018,63.518041633015756
0.9669999999999017,63.518041633015656
0.9679999999999016,63.51804163301582
0.9689999999999015,63.51804163301593
0.9699999999999014,63.51804163301542
0.9709999999999013,63.51804163301492
0.9719999999999012,63.51804163301459
0.972999999999901,63.51804163301459
0.973999999999901,63.51804163301459
0.9749999999999008,63.51804163301556
0.9759999999999007,63.51804163301657
0.9769999999999006,63.51804163301754
0.9779999999999005,63.51804163301754
0.9789999999999004,63.51804163301754
0.9799999999999003,63.51804163301754
0.9809999999999002,63.51804163301692
0.9819999999999001,63.51804163301622
0.9829999999999,63.5180416330155
0.9839999999998998,63.518041633015656
0.9849999999998997,63.518041633015855
0.9859999999998996,63.51804163301572
0.9869999999998995,63.518041633015216
0.9879999999998994,63.5180416330147
0.9889999999998993,63.51804163301453
0.9899999999998992,63.51804163301453
0.9909999999998991,63.51804163301484
0.991999999999899,63.518041633015855
0.9929999999998989,63.51804163301688
0.9939999999998987,63.51804163301754
0.9949999999998986,63.51804163301754
0.9959999999998985,63.51804163301754
0.9969999999998984,63.51804163301738
0.9979999999998983,63.51804163301672
0.9989999999998982,63.51804163301601
0.9999999999998981,63.5180416330156
1.0009999999999002,63.518042148892874
1.0019999999999023,63.518043734081274
1.0029999999999044,63.518046489586645
1.0039999999999065,63.51805056328474
1.0049999999999086,63.518056128879195
1.0059999999999107,63.51806336126007
1.0069999999999129,63.518072411706015
1.007999999999915,63.518083386428465
1.008999999999917,63.51809633145494
1.0099999999999192,63.51811122597538
1.0109999999999213,63.51812798507322
1.0119999999999234,63.51814647145343
1.0129999999999255,63.51816651452036
1.0139999999999276,63.518187934116796
1.0149999999999297,63.51821056559821
1.0159999999999318,63.51823428271453
1.016999999999934,63.51825901509405
1.017999999999936,63.51828475787725
1.0189999999999382,63.51831157216121
1.0199999999999403,63.51833957620167
1.0209999999999424,63.518368928622934
1.0219999999999445,63.51839980599965
1.0229999999999466,63.51843237796506
1.0239999999999487,63.51846678333766
1.0249999999999508,63.5185031106184
1.025999999999953,63.518541385587035
1.026999999999955,63.5185815677354
1.0279999999999572,63.51862355602945
1.0289999999999593,63.51866720317649
1.0299999999999614,63.518712336391246
1.0309999999999635,63.51875878172857
1.0319999999999656,63.51880638856051
1.0329999999999677,63.51885505076277
1.0339999999999698,63.51890472163594
1.034999999999972,63.518955420471606
1.035999999999974,63.51900722985005
1.0369999999999762,63.519060284053865
1.0379999999999783,63.51911475022811
1.0389999999999804,63.519170804936685
1.0399999999999825,63.51922860940752
1.0409999999999846,63.5192882869423
1.0419999999999867,63.519349905661535
1.0429999999999888,63.51941346899865
1.043999999999991,63.51947891526791
1.044999999999993,63.51954612635647
1.0459999999999952,63.519614944304614
1.0469999999999973,63.51968519344309
1.0479999999999994,63.51975670497129
1.0490000000000015,63.51982934052665
1.0500000000000036,63.51990301144248
1.0510000000000057,63.51997769098985
1.0520000000000078,63.520053417894935
1.05300000000001,63.520130290643884
1.054000000000012,63.52020845338495
1.0550000000000141,63.52028807541916
1.0560000000000163,63.520369327165085
1.0570000000000184,63.520452355982336
1.0580000000000205,63.52053726525053
1.0590000000000226,63.52062409963652
1.0600000000000247,63.52071283861292
1.0610000000000268,63.52080339912879
1.062000000000029,63.52089564705033
1.063000000000031,63.520989415762756
1.0640000000000331,63.521084529318884
1.0650000000000353,63.521180826881064
1.0660000000000374,63.52127818502522
1.0670000000000395,63.521376534775925
1.0680000000000416,63.521475870992326
1.0690000000000437,63.52157625278964
1.0700000000000458,63.5216777949532
1.071000000000048,63.52178065155979
1.07200000000005,63.52188499411742
1.0730000000000521,63.52199098729732
1.0740000000000542,63.52209876566848
1.0750000000000564,63.52220841469613
1.0760000000000585,63.52231995866778
1.0770000000000606,63.5224333572343
1.0780000000000627,63.5225485110461
1.0790000000000648,63.52266527568325
1.080000000000067,63.52278348191744
1.081000000000069,63.52290295945187
1.0820000000000711,63.52302356080002
1.0830000000000732,63.52314518194642
1.0840000000000753,63.523267776895295
1.0850000000000775,63.52339136406423
1.0860000000000796,63.52351602363753
1.0870000000000817,63.52364188625584
1.0880000000000838,63.52376911463579
1.089000000000086,63.52389788070107
1.090000000000088,63.524028341437855
1.0910000000000901,63.524160616862396
1.0920000000000922,63.524294773190014
1.0930000000000943,63.52443081356263
1.0940000000000965,63.52456867762768
1.0950000000000986,63.524708250013695
1.0960000000001007,63.5248493764999
1.0970000000001028,63.52499188560213
1.098000000000105,63.52513561253183
1.099000000000107,63.525280422170574
1.1000000000001091,63.52542622782776
1.1010000000001112,63.52557300316068
1.1020000000001133,63.52572078558164
1.1030000000001154,63.52586967068396
1.1040000000001176,63.52601979847457
1.1050000000001197,63.526171333355606
1.1060000000001218,63.526324440673726
1.1070000000001239,63.52647926313494
1.108000000000126,63.52663590039986
1.109000000000128,63.52679439471977
1.1100000000001302,63.526954724624915
1.1110000000001323,63.527116807542036
1.1120000000001344,63.527280510967515
1.1130000000001365,63.527445670619514
1.1140000000001387,63.52761211302718
1.1150000000001408,63.52777967937316
1.1160000000001429,63.527948247255
1.117000000000145,63.52811774730602
1.118000000000147,63.528288172349235
1.1190000000001492,63.52845957780909
1.1200000000001513,63.5286320733337
1.1210000000001534,63.52880580681781
1.1220000000001555,63.52898094307953
1.1230000000001576,63.529157640192295
1.1240000000001598,63.529336026797125
1.1250000000001619,63.52951618357629
1.126000000000164,63.5296981314857
1.127000000000166,63.52988182839381
1.1280000000001682,63.53006717459058
1.1290000000001703,63.530254026386594
1.1300000000001724,63.53044221588561
1.1310000000001745,63.53063157414639
1.1320000000001766,63.53082195447803
1.1330000000001788,63.531013252590164
1.1340000000001809,63.531205420778754
1.135000000000183,63.53139847415655
1.136000000000185,63.53159248806164
1.1370000000001872,63.53178758701644
1.1380000000001893,63.5319839267905
1.1390000000001914,63.53218167208831
1.1400000000001935,63.53238097299553
1.1410000000001956,63.53258194348768
1.1420000000001977,63.53278464501637
1.1430000000001999,63.532989077473125
1.144000000000202,63.53319517878534
1.145000000000204,63.533402833194174
1.1460000000002062,63.533611887036464
1.1470000000002083,63.53382216980703
1.1480000000002104,63.534033517534425
1.1490000000002125,63.53424579519097
1.1500000000002146,63.5344589149901
1.1510000000002167,63.53467284800527
1.1520000000002188,63.53488762748889
1.153000000000221,63.53510334342466
1.154000000000223,63.535320129089996
1.1550000000002252,63.53553814152156
1.1560000000002273,63.53575753863399
1.1570000000002294,63.53597845621257
1.1580000000002315,63.536200988010286
1.1590000000002336,63.53642517174184
1.1600000000002357,63.536650982933686
1.1610000000002378,63.536878337488645
1.16200000000024,63.537107102592884
1.163000000000242,63.53733711443498
1.1640000000002442,63.53756820024637
1.1650000000002463,63.53780020156673
1.1660000000002484,63.53803299547023
1.1670000000002505,63.53826651078022
1.1680000000002526,63.53850073699204
1.1690000000002547,63.53873572466775
1.1700000000002568,63.53897157725674
1.171000000000259,63.53920843550089
1.172000000000261,63.539446456628134
1.1730000000002632,63.53968579126027
1.1740000000002653,63.539926561279614
1.1750000000002674,63.54016884175863
1.1760000000002695,63.54041264948727
1.1770000000002716,63.54065793970037
1.1780000000002737,63.54090461146161
1.1790000000002758,63.54115252093847
1.180000000000278,63.54140150070035
1.18100000000028,63.54165138231896
1.1820000000002822,63.54190201909575
1.1830000000002843,63.542153305722046
1.1840000000002864,63.54240519211153
1.1850000000002885,63.54265768947349
1.1860000000002906,63.54291086777652
1.1870000000002927,63.54316484496969
1.1880000000002948,63.54341976947607
1.189000000000297,63.543675798420004
1.190000000000299,63.54393307464497
1.1910000000003012,63.544191705747785
1.1920000000003033,63.544451748068994
1.1930000000003054,63.544713197881265
1.1940000000003075,63.54497599100361
1.1950000000003096,63.545240010886936
1.1960000000003117,63.54550510401617
1.1970000000003138,63.54577110046829
1.198000000000316,63.5460378367185
1.199000000000318,63.54630517750827
1.2000000000003201,63.546573033692944
1.2010000000003223,63.54684137357486
1.2020000000003244,63.54711022613383
1.2030000000003265,63.54737967570679
1.2040000000003286,63.54764984887039
1.2050000000003307,63.547920895376905
1.2060000000003328,63.54819296582761
1.207000000000335,63.548466189224456
1.208000000000337,63.548740653553985
1.2090000000003391,63.549016392127584
1.2100000000003412,63.549293377588576
1.2110000000003434,63.549571524421175
1.2120000000003455,63.54985069960176
1.2130000000003476,63.550130739893625
1.2140000000003497,63.55041147335583
1.2150000000003518,63.55069274204672
1.216000000000354,63.550974422736374
1.217000000000356,63.55125644272148
1.2180000000003581,63.55153878852962
1.2190000000003602,63.551821506298445
1.2200000000003624,63.552104693788706
1.2210000000003645,63.55238848516339
1.2220000000003666,63.55267303068312
1.2230000000003687,63.552958474173664
1.2240000000003708,63.55324493143055
1.225000000000373,63.55353247259116
1.226000000000375,63.553821110945464
1.2270000000003771,63.55411079974969
1.2280000000003792,63.554401437486504
1.2290000000003813,63.55469288082357
1.2300000000003835,63.55498496344993
1.2310000000003856,63.555277518130204
1.2320000000003877,63.55557039888258
1.2330000000003898,63.55586350015802
1.234000000000392,63.556156770337125
1.235000000000394,63.55645021764703
1.2360000000003961,63.55674390768298
1.2370000000003982,63.5570379528841
1.2380000000004003,63.55733249544639
1.2390000000004024,63.55762768607518
1.2400000000004046,63.557923661559066
1.2410000000004067,63.55822052431289
1.2420000000004088,63.558518326758666
1.2430000000004109,63.55881706273366
1.244000000000413,63.559116667119135
1.245000000000415,63.55941702373429
1.2460000000004172,63.55971798037392
1.2470000000004193,63.56001936886701
1.2480000000004214,63.56032102733815
1.2490000000004235,63.56062282154051
1.2500000000004257,63.56092466227143
1.2510000000004278,63.561226516426565
1.2520000000004299,63.56152841014723
1.253000000000432,63.56183042362387
1.254000000000434,63.562132678291626
1.2550000000004362,63.56243531822462
1.2560000000004383,63.56273848834771
1.2570000000004404,63.563042312532154
1.2580000000004425,63.56334687465215
1.2590000000004447,63.56365220525911
1.2600000000004468,63.563958275739814
1.2610000000004489,63.56426500077107
1.262000000000451,63.56457224871859
1.263000000000453,63.564879858516946
1.2640000000004552,63.565187660663284
1.2650000000004573,63.565495499371345
1.2660000000004594,63.56580325278309
1.2670000000004615,63.56611084839866
1.2680000000004636,63.56641827156777
1.2690000000004658,63.566725565854256
1.2700000000004679,63.567032825238165
1.27100000000047,63.56734017925997
1.272000000000472,63.56764777320373
1.2730000000004742,63.56795574610928
1.2740000000004763,63.56826420969949
1.2750000000004784,63.568573231181766
1.2760000000004805,63.568882822332846
1.2770000000004826,63.569192936393954
1.2780000000004847,63.56950347320757
1.2790000000004869,63.56981429186936
1.280000000000489,63.57012522911029
1.281000000000491,63.570436120819664
1.2820000000004932,63.570746823687955
1.2830000000004953,63.571057233921195
1.2840000000004974,63.57136730040509
1.2850000000004995,63.571677030478625
1.2860000000005016,63.57198648750823
1.2870000000005037,63.57229578061364
1.2880000000005059,63.572605047991075
1.289000000000508,63.57291443617548
1.29000000000051,63.57322407815558
1.2910000000005122,63.573534073411494
1.2920000000005143,63.573844472675155
1.2930000000005164,63.57415526954751
1.2940000000005185,63.57446640014148
1.2950000000005206,63.5747777507882
1.2960000000005227,63.575089172713184
1.2970000000005248,63.57540050161637
1.298000000000527,63.575711579391296
1.299000000000529,63.576022274945835
1.3000000000005312,63.576332501193654
1.3010000000005333,63.57664222583864
1.3020000000005354,63.57695147444265
1.3030000000005375,63.577260325350004
1.3040000000005396,63.577568897190034
1.3050000000005417,63.57787733071651
1.3060000000005438,63.57818576754531
1.307000000000546,63.57849432877726
1.308000000000548,63.57880309651511
1.3090000000005502,63.5791121008609
1.3100000000005523,63.579421314219964
1.3110000000005544,63.57973065369763
1.3120000000005565,63.58003999125248
1.3130000000005586,63.58034917017225
1.3140000000005607,63.580658025561455
1.3150000000005628,63.580966405961846
1.316000000000565,63.58127419307617
1.317000000000567,63.581581316824625
1.3180000000005692,63.581887763627435
1.3190000000005713,63.58219357675925
1.3200000000005734,63.582498848735426
1.3210000000005755,63.582803706811795
1.3220000000005776,63.58310829364511
1.3230000000005797,63.583412745833655
1.3240000000005818,63.58371717335423
1.325000000000584,63.58402164277925
1.326000000000586,63.58432616662699
1.3270000000005882,63.584630700333975
1.3280000000005903,63.58493514727033
1.3290000000005924,63.58523937108991
1.3300000000005945,63.585543213667705
1.3310000000005966,63.58584651610792
1.3320000000005987,63.586149139862094
1.3330000000006008,63.58645098499114
1.334000000000603,63.5867520030105
1.335000000000605,63.58705220251941
1.3360000000006071,63.58735164683143
1.3370000000006093,63.58765044394474
1.3380000000006114,63.587948730264046
1.3390000000006135,63.58824665036132
1.3400000000006156,63.588544335616106
1.3410000000006177,63.588841884735466
1.3420000000006198,63.589139348880934
1.343000000000622,63.589436723489854
1.344000000000624,63.58973394792713
1.3450000000006261,63.59003091300812
1.3460000000006282,63.59032747532307
1.3470000000006304,63.590623476342984
1.3480000000006325,63.590918763618795
1.3490000000006346,63.59121321109764
1.3500000000006367,63.59150673570292
1.3510000000006388,63.5917993078574
1.352000000000641,63.59209095447442
1.353000000000643,63.592381754002815
1.3540000000006451,63.59267182422708
1.3550000000006472,63.592961304544225
1.3560000000006494,63.59325033521063
1.3570000000006515,63.59353903648232
1.3580000000006536,63.59382749057482
1.3590000000006557,63.59411572897642
1.3600000000006578,63.5944037268904
1.36100000000066,63.594691405576256
1.362000000000662,63.594978642259186
1.3630000000006641,63.59526528621174
1.3640000000006662,63.59555117874703
1.3650000000006683,63.59583617432033
1.3660000000006705,63.5961201597766
1.3670000000006726,63.59640306904442
1.3680000000006747,63.59668489121699
1.3690000000006768,63.59696567089673
1.370000000000679,63.59724550076338
1.371000000000681,63.59752450742189
1.3720000000006831,63.597802832526625
1.3730000000006852,63.598080611838625
1.3740000000006873,63.59835795515734
1.3750000000006894,63.59863492994209
1.3760000000006916,63.59891155091864
1.3770000000006937,63.599187777126076
1.3780000000006958,63.599463516811085
1.379000000000698,63.599738639480435
1.3800000000007,63.60001299341003
1.381000000000702,63.60028642614423
1.3820000000007042,63.60055880510625
1.3830000000007063,63.60083003541916
1.3840000000007084,63.60110007244115
1.3850000000007106,63.60136892725658
1.3860000000007127,63.601636664362154
1.3870000000007148,63.601903391876704
1.3880000000007169,63.60216924565324
1.389000000000719,63.602434369525085
1.390000000000721,63.6026988944596
1.3910000000007232,63.60296291954403
1.3920000000007253,63.60322649747201
1.3930000000007274,63.60348962655848
1.3940000000007295,63.60375225040165
1.3950000000007317,63.60401426522382
1.3960000000007338,63.60427553385091
1.3970000000007359,63.604535904358215
1.398000000000738,63.60479523076096
1.39900000000074,63.6050533928379
1.4000000000007422,63.605310312314735
1.4010000000007443,63.60556596313191
1.4020000000007464,63.60582037436351
1.4030000000007485,63.6060736253803
1.4040000000007506,63.60632583394317
1.4050000000007528,63.60657713890442
1.4060000000007549,63.606827679954385
1.407000000000757,63.60707757726104
1.408000000000759,63.607326913864625
1.4090000000007612,63.60757572329635
1.4100000000007633,63.60782398415268
1.4110000000007654,63.608071622381416
1.4120000000007675,63.60831852095356
1.4130000000007696,63.60856453555577
1.4140000000007718,63.60880951410655
1.4150000000007739,63.60905331734924
1.416000000000776,63.60929583763709
1.417000000000778,63.60953701327439
1.4180000000007802,63.60977683640412
1.4190000000007823,63.610015353343734
1.4200000000007844,63.61025265733246
1.4210000000007865,63.61048887471873
1.4220000000007886,63.610724146538054
1.4230000000007907,63.610958608073595
1.4240000000007929,63.611192369269105
1.425000000000795,63.61142549874375
1.426000000000797,63.61165801364787
1.4270000000007992,63.61188987677844
1.4280000000008013,63.61212100135739
1.4290000000008034,63.61235126279164
1.4300000000008055,63.61258051576174
1.4310000000008076,63.612808614228236
1.4320000000008097,63.61303543154639
1.4330000000008118,63.61326087785974
1.434000000000814,63.61348491233286
1.435000000000816,63.613707548511734
1.4360000000008182,63.61392885206444
1.4370000000008203,63.61414893122635
1.4380000000008224,63.61436792129291
1.4390000000008245,63.61458596533989
1.4400000000008266,63.61480319387638
1.4410000000008287,63.615019706286525
1.4420000000008308,63.61523555666083
1.443000000000833,63.615450746003994
1.444000000000835,63.61566522190103
1.4450000000008372,63.615878885681376
1.4460000000008393,63.6160916060607
1.4470000000008414,63.616303237341
1.4480000000008435,63.6165136395986
1.4490000000008456,63.616722698037485
1.4500000000008477,63.61693033878097
1.4510000000008498,63.61713653889493
1.452000000000852,63.61734132923784
1.453000000000854,63.617544789740606
1.4540000000008562,63.61774703778631
1.4550000000008583,63.617948211327366
1.4560000000008604,63.61814844911752
1.4570000000008625,63.6183478708406
1.4580000000008646,63.618546559926365
1.4590000000008667,63.6187445514642
1.4600000000008688,63.618941826908234
1.461000000000871,63.61913831630607
1.462000000000873,63.61933390773788
1.4630000000008752,63.619528462633035
1.4640000000008773,63.619721834815664
1.4650000000008794,63.6199138906062
1.4660000000008815,63.62010452715604
1.4670000000008836,63.620293686447305
1.4680000000008857,63.62048136299208
1.4690000000008878,63.620667604163025
1.47000000000089,63.62085250311548
1.471000000000892,63.62103618530802
1.4720000000008941,63.62121879052266
1.4730000000008963,63.621400452915566
1.4740000000008984,63.62158128189923
1.4750000000009005,63.6217613465393
1.4760000000009026,63.62194066565218
1.4770000000009047,63.62211920498703
1.4780000000009068,63.62229688188759
1.479000000000909,63.622473576769565
1.480000000000911,63.62264914979667
1.4810000000009131,63.62282346040875
1.4820000000009153,63.62299638695499
1.4830000000009174,63.62316784367026
1.4840000000009195,63.623337792615246
1.4850000000009216,63.62350624891198
1.4860000000009237,63.62367327853882
1.4870000000009258,63.623838989006224
1.488000000000928,63.624003514222544
1.48900000000093,63.62416699567526
1.4900000000009321,63.62432956257155
1.4910000000009342,63.62449131372232
1.4920000000009364,63.62465230371108
1.4930000000009385,63.62481253528522
1.4940000000009406,63.624971959027874
1.4950000000009427,63.625130480347565
1.4960000000009448,63.62528797279268
1.497000000000947,63.62544429581155
1.498000000000949,63.625599314460615
1.4990000000009511,63.62575291829149
1.5000000000009532,63.6259050367679
1.5010000000009553,63.62605564905087
1.5020000000009575,63.62620478678266
1.5030000000009596,63.626352529482276
1.5040000000009617,63.62649899320596
1.5050000000009638,63.626644314069466
1.506000000000966,63.626788628954166
1.507000000000968,63.626932056110604
1.5080000000009701,63.627074678384545
1.5090000000009722,63.62721653141898
1.5100000000009743,63.62735759848288
1.5110000000009765,63.627497812644656
1.5120000000009786,63.62763706598517
1.5130000000009807,63.627775224542575
1.5140000000009828,63.62791214690702
1.515000000000985,63.62804770383863
1.516000000000987,63.628181796167254
1.5170000000009891,63.62831436845926
1.5180000000009912,63.62844541653691
1.5190000000009933,63.62857498780357
1.5200000000009954,63.628703174339094
1.5210000000009976,63.628830099744526
1.5220000000009997,63.62895590159415
1.5230000000010018,63.62908071196414
1.5240000000010039,63.62920463877105
1.525000000001006,63.629327750540135
1.526000000001008,63.62945006673657
1.5270000000010102,63.62957155501322
1.5280000000010123,63.62969213575632
1.5290000000010144,63.62981169328769
1.5300000000010165,63.62993009214
1.5310000000010187,63.63004719611776
1.5320000000010208,63.63016288746212
1.5330000000010229,63.6302770834223
1.534000000001025,63.630389747915174
1.535000000001027,63.630500896636164
1.5360000000010292,63.6306105949109
1.5370000000010313,63.630718948596815
1.5380000000010334,63.63082608931175
1.5390000000010355,63.63093215606599
1.5400000000010376,63.631037275875876
1.5410000000010398,63.63114154607991
1.5420000000010419,63.63124502083388
1.543000000001044,63.63134770368098
1.544000000001046,63.63144954722788
1.5450000000010482,63.63155045996402
1.5460000000010503,63.63165031925418
1.5470000000010524,63.6317489886769
1.5480000000010545,63.631846337257855
1.5490000000010566,63.631942257909046
1.5500000000010588,63.63203668248029
1.5510000000010609,63.63212959131288
1.552000000001063,63.63222101596256
1.553000000001065,63.63231103470803
1.5540000000010672,63.63239976148487
1.5550000000010693,63.63248732980418
1.5560000000010714,63.63257387391985
1.5570000000010735,63.63265950989377
1.5580000000010756,63.6327443192225
1.5590000000010777,63.63282833731584
1.5600000000010799,63.63291154844736
1.561000000001082,63.63299388787399
1.562000000001084,63.63307525082311
1.5630000000010862,63.633155507084076
1.5640000000010883,63.6332345191554
1.5650000000010904,63.63331216139705
1.5660000000010925,63.63338833750628
1.5670000000010946,63.6334629938621
1.5680000000010967,63.6335361268697
1.5690000000010988,63.6336077832825
1.570000000001101,63.63367805346636
1.571000000001103,63.6337470585615
1.5720000000011052,63.6338149333553
1.5730000000011073,63.63388180727537
1.5740000000011094,63.633947786172584
1.5750000000011115,63.63401293744953
1.5760000000011136,63.634077280619046
1.5770000000011157,63.634140784613926
1.5780000000011178,63.63420337222155
1.57900000000112,63.634264931013114
1.580000000001122,63.63432532923198
1.5810000000011242,63.63438443439969
1.5820000000011263,63.63444213202367
1.5830000000011284,63.63449834177832
1.5840000000011305,63.63455302888862
1.5850000000011326,63.63460620912371
1.5860000000011347,63.63465794670448
1.5870000000011368,63.63470834542413
1.588000000001139,63.634757534232584
1.589000000001141,63.63480564930518
1.5900000000011432,63.63485281511946
1.5910000000011453,63.63489912718774
1.5920000000011474,63.634944638871424
1.5930000000011495,63.634989354123284
1.5940000000011516,63.635033227167064
1.5950000000011537,63.635076169149514
1.5960000000011558,63.63511806082243
1.597000000001158,63.6351587694635
1.59800000000116,63.63519816765452
1.5990000000011622,63.635236151282605
1.6000000000011643,63.63527265423648
1.6010000000011664,63.63530765773722
1.6020000000011685,63.63534119300055
1.6030000000011706,63.63537333685792
1.6040000000011727,63.635404200957105
1.6050000000011748,63.635433916066305
1.606000000001177,63.63546261368997
1.607000000001179,63.635490407584356
1.6080000000011812,63.63551737777013
1.6090000000011833,63.63554355928372
1.6100000000011854,63.63556893724241
1.6110000000011875,63.635593448910114
1.6120000000011896,63.635616992467334
1.6130000000011917,63.635639441253765
1.6140000000011938,63.63566066148204
1.615000000001196,63.63568053093954
1.616000000001198,63.63569895604827
1.6170000000012001,63.635715884897856
1.6180000000012023,63.635731314421406
1.6190000000012044,63.63574529071469
1.6200000000012065,63.63575790246523
1.6210000000012086,63.63576926842361
1.6220000000012107,63.63577952068516
1.6230000000012128,63.63578878613523
1.624000000001215,63.635797168664034
1.625000000001217,63.63580473464491
1.6260000000012191,63.63581150371375
1.6270000000012212,63.635817446137104
1.6280000000012234,63.635822487136075
1.6290000000012255,63.635826517554506
1.6300000000012276,63.63582940936516
1.6310000000012297,63.63583103383504
1.6320000000012318,63.63583127978972
1.633000000001234,63.63583006941274
1.634000000001236,63.63582736936326
1.6350000000012381,63.635823195655796
1.6360000000012402,63.635817611622215
1.6370000000012424,63.63581071924737
1.6380000000012445,63.635802645097314
1.6390000000012466,63.63579352281682
1.6400000000012487,63.63578347465161
1.6410000000012508,63.63577259458933
1.642000000001253,63.63576093548209
1.643000000001255,63.635748501955206
1.6440000000012571,63.63573525008805
1.6450000000012592,63.63572109390622
1.6460000000012613,63.63570591775567
1.6470000000012635,63.63568959282276
1.6480000000012656,63.63567199546504
1.6490000000012677,63.63565302478873
1.6500000000012698,63.635632616999004
1.651000000001272,63.6356107545148
1.652000000001274,63.635587468573725
1.6530000000012761,63.63556283496178
1.6540000000012782,63.63553696347486
1.6550000000012803,63.635509982596986
1.6560000000012824,63.635482021553
1.6570000000012846,63.63545319226122
1.6580000000012867,63.63542357372187
1.6590000000012888,63.63539320103145
1.6600000000012909,63.63536206055844
1.661000000001293,63.63533009195642
1.662000000001295,63.63529719672267
1.6630000000012972,63.63526325209838
1.6640000000012993,63.63522812836589
1.6650000000013014,63.635191707103466
1.6660000000013035,63.63515389784938
1.6670000000013057,63.635114650828065
1.6680000000013078,63.63507396396297
1.6690000000013099,63.635031883194166
1.670000000001312,63.63498849606816
1.671000000001314,63.634943919510356
1.6720000000013162,63.634898283504405
1.6730000000013183,63.634851712977415
1.6740000000013204,63.634804310433054
1.6750000000013225,63.634756141771355
1.6760000000013247,63.634707227279
1.6770000000013268,63.634657539056114
1.6780000000013289,63.634607005230954
1.679000000001331,63.6345555203717
1.680000000001333,63.63450296062451
1.6810000000013352,63.63444920144465
1.6820000000013373,63.63439413543319
1.6830000000013394,63.63433768776425
1.6840000000013415,63.634279827045866
1.6850000000013436,63.634220570087535
1.6860000000013458,63.63415997991637
1.6870000000013479,63.63409815732226
1.68800000000135,63.63403522712174
1.689000000001352,63.63397132106981
1.6900000000013542,63.63390655981789
1.6910000000013563,63.63384103644968
1.6920000000013584,63.633774803903414
1.6930000000013605,63.63370786804056
1.6940000000013626,63.63364018732999
1.6950000000013647,63.6335716791781
1.6960000000013669,63.633502232009874
1.697000000001369,63.63343172139256
1.698000000001371,63.63336002793475
1.6990000000013732,63.6332870544512
1.7000000000013753,63.63321273997614
1.7010000000013774,63.633137068669946
1.7020000000013795,63.63306007236734
1.7030000000013816,63.63298182641377
1.7040000000013837,63.63290243938046
1.7050000000013859,63.632822038107214
1.706000000001388,63.63274075017976
1.70700000000139,63.63265868630654
1.7080000000013922,63.63257592507234
1.7090000000013943,63.632492502206446
1.7100000000013964,63.63240840586849
1.7110000000013985,63.632323578605856
1.7120000000014006,63.63223792570683
1.7130000000014027,63.6321513287696
1.7140000000014048,63.63206366258857
1.715000000001407,63.63197481298263
1.716000000001409,63.63188469306656
1.7170000000014112,63.63179325568492
1.7180000000014133,63.63170050026356
1.7190000000014154,63.63160647312706
1.7200000000014175,63.63151126124548
1.7210000000014196,63.631414980299425
1.7220000000014217,63.63131775874646
1.7230000000014238,63.6312197201334
1.724000000001426,63.631120966137004
1.725000000001428,63.631021562712846
1.7260000000014302,63.63092153129328
1.7270000000014323,63.63082084626682
1.7280000000014344,63.630719439088175
1.7290000000014365,63.63061720843975
1.7300000000014386,63.630514035008964
1.7310000000014407,63.63040979880203
1.7320000000014428,63.63030439656025
1.733000000001445,63.63019775682861
1.734000000001447,63.630089850562875
1.7350000000014492,63.629980695793954
1.7360000000014513,63.62987035569456
1.7370000000014534,63.62975893032845
1.7380000000014555,63.629646543240725
1.7390000000014576,63.62953332477307
1.7400000000014597,63.62941939444507
1.7410000000014618,63.629304844872735
1.742000000001464,63.629189729482164
1.743000000001466,63.62907405573381
1.7440000000014682,63.62895778480709
1.7450000000014703,63.62884083777505
1.7460000000014724,63.62872310739616
1.7470000000014745,63.628604473855965
1.7480000000014766,63.628484822245824
1.7490000000014787,63.62836405932341
1.7500000000014808,63.62824212720207
1.751000000001483,63.628119012054356
1.752000000001485,63.62799474660518
1.7530000000014871,63.627869406073195
1.7540000000014893,63.62774309813222
1.7550000000014914,63.627615948308545
1.7560000000014935,63.62748808287096
1.7570000000014956,63.62735961161983
1.7580000000014977,63.627230612995966
1.7590000000014998,63.62710112359406
1.760000000001502,63.62697113355426
1.761000000001504,63.62684058846667
1.7620000000015061,63.626709397522575
1.7630000000015082,63.626577446761665
1.7640000000015104,63.626444615560125
1.7650000000015125,63.62631079404077
1.7660000000015146,63.6261758989664
1.7670000000015167,63.62603988588623
1.7680000000015188,63.6259027558351
1.769000000001521,63.625764555648395
1.770000000001523,63.62562537186312
1.7710000000015251,63.62548531906651
1.7720000000015272,63.62534452434021
1.7730000000015294,63.62520310998681
1.7740000000015315,63.625061176966675
1.7750000000015336,63.62491879136655
1.7760000000015357,63.62477597579808
1.7770000000015378,63.624632706929376
1.77800000000154,63.62448891949092
1.779000000001542,63.62434451619505
1.7800000000015441,63.624199382160285
1.7810000000015462,63.62405340182022
1.7820000000015483,63.62390647593234
1.7830000000015505,63.62375853629537
1.7840000000015526,63.62360955611492
1.7850000000015547,63.623459554562864
1.7860000000015568,63.62330859489621
1.787000000001559,63.6231567764048
1.788000000001561,63.62300422131926
1.7890000000015631,63.6228510585182
1.7900000000015652,63.622697406321095
1.7910000000015673,63.622543356779374
1.7920000000015694,63.6223889636706
1.7930000000015716,63.62223423587598
1.7940000000015737,63.622079137064055
1.7950000000015758,63.62192359171325
1.796000000001578,63.62176749662336
1.79700000000158,63.62161073628494
1.798000000001582,63.62145319994807
1.7990000000015842,63.62129479799266
1.8000000000015863,63.62113547530285
1.8010000000015884,63.620975219770706
1.8020000000015906,63.62081406473956
1.8030000000015927,63.620652085046345
1.8040000000015948,63.62048938722312
1.8050000000015969,63.620326095239804
1.806000000001599,63.6201623337944
1.807000000001601,63.619998211504246
1.8080000000016032,63.619833806357796
1.8090000000016053,63.61966915546882
1.8100000000016074,63.6195042505679
1.8110000000016095,63.61933903985649
1.8120000000016117,63.61917343596151
1.8130000000016138,63.619007328868925
1.8140000000016159,63.61884060202435
1.815000000001618,63.618673149337965
1.81600000000162,63.61850489071047
1.8170000000016222,63.618335783900754
1.8180000000016243,63.61816583107541
1.8190000000016264,63.61799507912515
1.8200000000016285,63.617823613713206
1.8210000000016306,63.617651547902476
1.8220000000016328,63.61747900696484
1.8230000000016349,63.61730611151269
1.824000000001637,63.61713296131802
1.825000000001639,63.61695962209428
1.8260000000016412,63.616786117087614
1.8270000000016433,63.616612424659515
1.8280000000016454,63.61643848219242
1.8290000000016475,63.61626419577041
1.8300000000016496,63.61608945426386
1.8310000000016518,63.615914145844194
1.8320000000016539,63.615738174594185
1.833000000001656,63.61556147488764
1.834000000001658,63.615384021518864
1.8350000000016602,63.61520583416095
1.8360000000016623,63.615026975535926
1.8370000000016644,63.61484754355568
1.8380000000016665,63.61466765853959
1.8390000000016686,63.614487447301734
1.8400000000016707,63.61430702634471
1.8410000000016729,63.614126486512575
1.842000000001675,63.61394588125795
1.843000000001677,63.613765220167295
1.8440000000016792,63.613584468643275
1.8450000000016813,63.61340355378119
1.8460000000016834,63.613222375605375
1.8470000000016855,63.613040822078396
1.8480000000016876,63.61285878577142
1.8490000000016897,63.61267617985503
1.8500000000016918,63.61249295116695
1.851000000001694,63.61230908852523
1.852000000001696,63.612124625119904
1.8530000000016982,63.61193963465633
1.8540000000017003,63.61175422178958
1.8550000000017024,63.611568508203035
1.8560000000017045,63.61138261628904
1.8570000000017066,63.611196652728935
1.8580000000017087,63.611010694279734
1.8590000000017108,63.610824777761046
1.860000000001713,63.610638895645
1.861000000001715,63.610452997859504
1.8620000000017172,63.610266999551484
1.8630000000017193,63.61008079371777
1.8640000000017214,63.60989426692731
1.8650000000017235,63.60970731593279
1.8660000000017256,63.60951986283953
1.8670000000017277,63.60933186670406
1.8680000000017298,63.60914332993795
1.869000000001732,63.6089542986246
1.870000000001734,63.60876485671356
1.8710000000017362,63.6085751149174
1.8720000000017383,63.60838519587671
1.8730000000017404,63.608195217684056
1.8740000000017425,63.60800527807766
1.8750000000017446,63.60781544152407
1.8760000000017467,63.60762573099919
1.8770000000017488,63.60743612561838
1.878000000001751,63.607246564445525
1.879000000001753,63.60705695594149
1.8800000000017552,63.606867191720696
1.8810000000017573,63.60667716267787
1.8820000000017594,63.6064867752164
1.8830000000017615,63.6062959652987
1.8840000000017636,63.60610470834453
1.8850000000017657,63.605913023594454
1.8860000000017678,63.60572097232871
1.88700000000177,63.60552865019645
1.888000000001772,63.60533617473416
1.8890000000017741,63.60514366982438
1.8900000000017763,63.60495124927643
1.8910000000017784,63.6047590018322
1.8920000000017805,63.60456697970013
1.8930000000017826,63.604375192221234
1.8940000000017847,63.60418360555195
1.8950000000017868,63.60399214839707
1.896000000001789,63.60380072298102
1.897000000001791,63.60360921970474
1.8980000000017931,63.603417533429415
1.8990000000017953,63.603225579100965
1.9000000000017974,63.60303330451829
1.9010000000017995,63.602840698460675
1.9020000000018016,63.6026477930329
1.9030000000018037,63.602454659903934
1.9040000000018058,63.60226140097006
1.905000000001808,63.60206813475868
1.90600000000181,63.601874980489306
1.9070000000018121,63.601682042030696
1.9080000000018142,63.60148939401459
1.9090000000018164,63.60129707204725
1.9100000000018185,63.601105068394986
1.9110000000018206,63.6009133337389
1.9120000000018227,63.600721784753105
1.9130000000018248,63.60053031643692
1.914000000001827,63.60033881747464
1.915000000001829,63.60014718646316
1.9160000000018311,63.59995534673421
1.9170000000018332,63.599763257691684
1.9180000000018353,63.59957092107405
1.9190000000018375,63.599378381272835
1.9200000000018396,63.59918571966836
1.9210000000018417,63.598993043788354
1.9220000000018438,63.598800472820415
1.923000000001846,63.59860812151605
1.924000000001848,63.59841608474848
1.9250000000018501,63.5982244248881
1.9260000000018522,63.59803316376821
1.9270000000018543,63.59784228035998
1.9280000000018565,63.597651714488975
1.9290000000018586,63.59746137605787
1.9300000000018607,63.59727115848133
1.9310000000018628,63.597080954441125
1.932000000001865,63.59689067173969
1.933000000001867,63.59670024703164
1.9340000000018691,63.59650965549859
1.9350000000018712,63.59631891511966
1.9360000000018733,63.596128084938556
1.9370000000018754,63.59593725757626
1.9380000000018776,63.59574654704155
1.9390000000018797,63.595556073549915
1.9400000000018818,63.59536594748271
1.9410000000018839,63.59517625473477
1.942000000001886,63.59498704550497
1.943000000001888,63.59479832810389
1.9440000000018902,63.59461006863339
1.9450000000018923,63.59442219658168
1.9460000000018944,63.594234615535406
1.9470000000018965,63.59404721749606
1.9480000000018987,63.59385989878972
1.9490000000019008,63.59367257533067
1.9500000000019029,63.59348519510314
1.951000000001905,63.593297746107034
1.952000000001907,63.59311025865775
1.9530000000019092,63.592922801718764
1.9540000000019113,63.592735473785666
1.9550000000019134,63.59254838960829
1.9560000000019155,63.59236166461849
1.9570000000019177,63.59217539925716
1.9580000000019198,63.591989665402494
1.9590000000019219,63.59180449680182
1.960000000001924,63.591619884848306
1.961000000001926,63.591435780290226
1.9620000000019282,63.59125210062718
1.9630000000019303,63.59106874215691
1.9640000000019324,63.59088559497723
1.9650000000019345,63.59070255884381
1.9660000000019366,63.5905195576548
1.9670000000019388,63.59033655053396
1.9680000000019409,63.59015353795787
1.969000000001943,63.58997056207417
1.970000000001945,63.58978770117569
1.9710000000019472,63.58960505911381
1.9720000000019493,63.589422751147566
1.9730000000019514,63.5892408882183
1.9740000000019535,63.589059561860765
1.9750000000019556,63.58887883186256
1.9760000000019577,63.58869871840851
1.9770000000019599,63.588519199803194
1.978000000001962,63.58834021609178
1.979000000001964,63.588161678067074
1.9800000000019662,63.58798348039205
1.9810000000019683,63.58780551699185
1.9820000000019704,63.58762769654531
1.9830000000019725,63.58744995590368
1.9840000000019746,63.587272269552166
1.9850000000019767,63.58709465378818
1.9860000000019788,63.58691716503561
1.987000000001981,63.586739892536194
1.988000000001983,63.5865629464434
1.9890000000019852,63.58638644299251
1.9900000000019873,63.58621048882565
1.9910000000019894,63.58603516667199
1.9920000000019915,63.58586052439009
1.9930000000019936,63.58568656890791
1.9940000000019957,63.58551326590517
1.9950000000019978,63.58534054526927
1.996000000002,63.58516831155924
1.997000000002002,63.584996457990535
1.9980000000020042,63.58482488197733
1.9990000000020063,63.58465350005227
2.000000000002008,63.584482260065286
2.001000000002006,63.58430634895524
2.0020000000020035,63.583754810642496
2.003000000002001,63.58201491563978
2.004000000001999,63.57876174857642
2.0050000000019965,63.574226640969854
2.006000000001994,63.5691248313409
2.007000000001992,63.564510174850604
2.0080000000019895,63.561562343471365
2.009000000001987,63.56136700232315
2.010000000001985,63.56477356756338
2.0110000000019825,63.57232219118481
2.01200000000198,63.584215520716405
2.013000000001978,63.60033915363841
2.0140000000019755,63.62030118729946
2.015000000001973,63.64348900089787
2.016000000001971,63.66913900267435
2.0170000000019686,63.69642744158932
2.018000000001966,63.72457668055279
2.019000000001964,63.75296708319248
2.0200000000019616,63.781230767419586
2.0210000000019592,63.80930578384156
2.022000000001957,63.83743519282215
2.0230000000019546,63.866111345294954
2.0240000000019522,63.89597961788674
2.02500000000195,63.92772557961299
2.0260000000019476,63.96196976997325
2.0270000000019452,63.9991876781281
2.028000000001943,64.0396623148647
2.0290000000019406,64.08346810361357
2.0300000000019383,64.13048016708842
2.031000000001936,64.18040286146778
2.0320000000019336,64.23281339148494
2.0330000000019313,64.28721775575815
2.034000000001929,64.34311550218555
2.0350000000019266,64.40006684687206
2.0360000000019243,64.45775261112028
2.037000000001922,64.51601630165106
2.0380000000019196,64.57487993340615
2.0390000000019173,64.63453048549493
2.040000000001915,64.69528047115868
2.0410000000019126,64.75751159139254
2.0420000000019103,64.8216130967804
2.043000000001908,64.88792579019596
2.0440000000019056,64.9566994550451
2.0450000000019033,65.02806744921756
2.046000000001901,65.10203877076701
2.0470000000018986,65.17850580859002
2.0480000000018963,65.25726512461318
2.049000000001894,65.3380482894156
2.0500000000018916,65.42055934279682
2.0510000000018893,65.50451464425407
2.052000000001887,65.58968003736118
2.0530000000018847,65.67590000195803
2.0540000000018823,65.76311432602618
2.05500000000188,65.85135986369153
2.0560000000018777,65.94075770002766
2.0570000000018753,66.03148873438266
2.058000000001873,66.12376256268453
2.0590000000018707,66.2177851645784
2.0600000000018683,66.3137303217449
2.061000000001866,66.41171831307479
2.0620000000018637,66.51180378418343
2.0630000000018613,66.61397319939604
2.064000000001859,66.71815114516771
2.0650000000018567,66.82421394258365
2.0660000000018544,66.93200842992276
2.067000000001852,67.04137332418463
2.0680000000018497,67.15216030299642
2.0690000000018474,67.26425198761108
2.070000000001845,67.37757446224286
2.0710000000018427,67.4921028384325
2.0720000000018404,67.60785952445909
2.073000000001838,67.7249060426573
2.0740000000018357,67.84333018880723
2.0750000000018334,67.9632308639721
2.076000000001831,68.08470297490419
2.0770000000018287,68.20782446655392
2.0780000000018264,68.33264696399712
2.079000000001824,68.45919081650092
2.0800000000018217,68.58744467246623
2.0810000000018194,68.71736914048165
2.082000000001817,68.84890364154974
2.0830000000018147,68.9819752510776
2.0840000000018124,69.11650818555351
2.08500000000181,69.25243262361846
2.0860000000018077,69.38969176336569
2.0870000000018054,69.52824637525522
2.088000000001803,69.66807654968827
2.0890000000018007,69.8091807784891
2.0900000000017984,69.95157287229237
2.091000000001796,70.09527744633978
2.0920000000017938,70.24032478607701
2.0930000000017914,70.3867458451091
2.094000000001789,70.53456796778647
2.0950000000017868,70.68381171424323
2.0960000000017844,70.8344889416108
2.097000000001782,70.98660209792801
2.0980000000017798,71.14014453945232
2.0990000000017774,71.29510160029726
2.100000000001775,71.45145212440215
2.101000000001773,71.60917105883351
2.1020000000017705,71.76825773990119
2.103000000001768,71.92898261225972
2.104000000001766,72.09166669486793
2.1050000000017635,72.25611179087997
2.106000000001761,72.42165691858723
2.107000000001759,72.58754107824899
2.1080000000017565,72.75313106279172
2.109000000001754,72.91813886934061
2.110000000001752,73.08245363274023
2.1110000000017495,73.2460266581119
2.112000000001747,73.40884709609108
2.113000000001745,73.57095252718157
2.1140000000017425,73.73242171619341
2.11500000000174,73.89336094179379
2.116000000001738,74.05388933033558
2.1170000000017355,74.2141198156778
2.118000000001733,74.37414317517366
2.119000000001731,74.53401523836483
2.1200000000017285,74.69374961565434
2.121000000001726,74.85331624888853
2.122000000001724,75.01264570749841
2.1230000000017215,75.17163857654167
2.124000000001719,75.33017882330678
2.125000000001717,75.4881494534375
2.1260000000017145,75.645448501421
2.127000000001712,75.8020030737065
2.12800000000171,75.95777928983794
2.1290000000017075,76.11278652883823
2.130000000001705,76.2670751776777
2.131000000001703,76.42072828013232
2.1320000000017005,76.57384845359526
2.133000000001698,76.7265422728505
2.134000000001696,76.87890457284998
2.1350000000016935,77.03100497369941
2.136000000001691,77.1828783810714
2.137000000001689,77.3345205212429
2.1380000000016866,77.4858888448246
2.139000000001684,77.6369085140661
2.140000000001682,77.78748264155969
2.1410000000016796,77.93750549476532
2.1420000000016772,78.08687697900818
2.143000000001675,78.23551644769701
2.1440000000016726,78.38337384053841
2.1450000000016702,78.53043642579459
2.146000000001668,78.67673004119484
2.1470000000016656,78.82231460898669
2.1480000000016632,78.96727466345494
2.149000000001661,79.11170645375309
2.1500000000016586,79.2557036861069
2.1510000000016563,79.39934406486904
2.152000000001654,79.54267851406625
2.1530000000016516,79.68572443055949
2.1540000000016493,79.82846368342989
2.155000000001647,79.97084544719016
2.1560000000016446,80.112793395015
2.1570000000016423,80.25421629068828
2.15800000000164,80.39502061337645
2.1590000000016376,80.53512354489563
2.1600000000016353,80.67446450441977
2.161000000001633,80.81301352829608
2.1620000000016306,80.95077519437962
2.1630000000016283,81.08778745749564
2.164000000001626,81.22411558471933
2.1650000000016236,81.35984218282384
2.1660000000016213,81.49505492052066
2.167000000001619,81.62983384296608
2.1680000000016166,81.7642401321836
2.1690000000016143,81.89830782880021
2.170000000001612,82.03203951561109
2.1710000000016096,82.1654063898927
2.1720000000016073,82.29835259349488
2.173000000001605,82.4308031697712
2.1740000000016027,82.56267458920576
2.1750000000016003,82.69388645019542
2.176000000001598,82.82437275787906
2.1770000000015957,82.95409117195585
2.1780000000015933,83.08302884459668
2.179000000001591,83.21120394743271
2.1800000000015887,83.33866265119848
2.1810000000015863,83.46547205133436
2.182000000001584,83.5917101765023
2.1830000000015817,83.71745464333567
2.1840000000015793,83.84277165853202
2.185000000001577,83.96770692251428
2.1860000000015747,84.09227962405636
2.1870000000015724,84.21648022798865
2.18800000000157,84.34027223636504
2.1890000000015677,84.46359760672532
2.1900000000015654,84.58638507222652
2.191000000001563,84.70856024796694
2.1920000000015607,84.83005616098302
2.1930000000015584,84.95082276179086
2.194000000001556,85.07083400307225
2.1950000000015537,85.1900914188579
2.1960000000015514,85.30862368323862
2.197000000001549,85.42648223158541
2.1980000000015467,85.5437336490615
2.1990000000015444,85.6604500240615
2.200000000001542,85.77669873788159
2.2010000000015397,85.89253317926756
2.2020000000015374,86.00798566032176
2.203000000001535,86.12306343460266
2.2040000000015327,86.23774826053211
2.2050000000015304,86.351999481511
2.206000000001528,86.46576015530597
2.2070000000015257,86.57896538878889
2.2080000000015234,86.69155174673654
2.209000000001521,86.80346643830833
2.2100000000015187,86.91467498029402
2.2110000000015164,87.02516622001738
2.212000000001514,87.13495397054889
2.2130000000015118,87.24407502055456
2.2140000000015094,87.3525838443585
2.215000000001507,87.46054484745494
2.2160000000015048,87.56802334195557
2.2170000000015024,87.67507659537672
2.2180000000015,87.78174622575317
2.2190000000014978,87.888052962726
2.2200000000014954,87.99399441989138
2.221000000001493,88.09954610057157
2.222000000001491,88.20466544174728
2.2230000000014885,88.30929831525182
2.224000000001486,88.41338709094846
2.225000000001484,88.51687915432058
2.2260000000014815,88.61973468849675
2.227000000001479,88.72193260808025
2.228000000001477,88.82347377772336
2.2290000000014745,88.92438104272378
2.230000000001472,89.02469608294831
2.23100000000147,89.12447359015677
2.2320000000014675,89.22377367118226
2.233000000001465,89.32265362337155
2.234000000001463,89.4211602801859
2.2350000000014605,89.5193239919432
2.236000000001458,89.61715503126133
2.237000000001456,89.71464285190513
2.2380000000014535,89.81175823961942
2.239000000001451,89.90845801864874
2.240000000001449,90.00469165201493
2.2410000000014465,90.10040882557394
2.242000000001444,90.19556696398807
2.243000000001442,90.29013761798164
2.2440000000014395,90.38411080371431
2.245000000001437,90.47749666164117
2.246000000001435,90.57032419887081
2.2470000000014325,90.66263732219097
2.24800000000143,90.75448877980696
2.249000000001428,90.84593293427247
2.2500000000014255,90.93701843679628
2.251000000001423,91.02778184929427
2.252000000001421,91.11824308474492
2.2530000000014185,91.20840325107218
2.254000000001416,91.29824514000316
2.255000000001414,91.38773624727664
2.2560000000014115,91.4768338822618
2.257000000001409,91.5654916541064
2.258000000001407,91.65366643541938
2.2590000000014046,91.74132482889168
2.260000000001402,91.82844821711942
2.2610000000014,91.91503566663329
2.2620000000013976,92.00110426603086
2.2630000000013952,92.08668686119518
2.264000000001393,92.1718275441702
2.2650000000013906,92.25657558662652
2.2660000000013882,92.34097872641345
2.267000000001386,92.42507678440597
2.2680000000013836,92.5088965079867
2.2690000000013812,92.5924483329177
2.270000000001379,92.67572546877857
2.2710000000013766,92.75870538966517
2.2720000000013743,92.84135349195599
2.273000000001372,92.92362839804899
2.2740000000013696,93.00548816721674
2.2750000000013673,93.08689654742102
2.276000000001365,93.16782838631151
2.2770000000013626,93.24827342737674
2.2780000000013603,93.32823794308507
2.279000000001358,93.40774397331751
2.2800000000013556,93.48682629587901
2.2810000000013533,93.56552759566688
2.282000000001351,93.64389256124633
2.2830000000013486,93.72196177968222
2.2840000000013463,93.79976630470019
2.285000000001344,93.87732364949939
2.2860000000013416,93.95463573274185
2.2870000000013393,94.0316890244942
2.288000000001337,94.10845683822656
2.2890000000013346,94.18490342985311
2.2900000000013323,94.26098932667315
2.29100000000133,94.33667714243657
2.2920000000013276,94.41193706253785
2.2930000000013253,94.48675122054935
2.294000000001323,94.5611163376369
2.2950000000013207,94.63504424493499
2.2960000000013183,94.70856022149889
2.297000000001316,94.78169940683205
2.2980000000013137,94.85450183191277
2.2990000000013113,94.9270068082011
2.300000000001309,94.99924749092976
2.3010000000013067,95.07124638539595
2.3020000000013043,95.14301240930686
2.303000000001302,95.21453989155428
2.3040000000012997,95.28580961508351
2.3050000000012973,95.35679173470405
2.306000000001295,95.42745015131042
2.3070000000012927,95.49774772905955
2.3080000000012904,95.56765162477384
2.309000000001288,95.63713797713973
2.3100000000012857,95.7061952863718
2.3110000000012834,95.77482599802016
2.312000000001281,95.84304606531946
2.3130000000012787,95.91088256396962
2.3140000000012764,95.97836972271385
2.315000000001274,96.0455439638023
2.3160000000012717,96.11243868235579
2.3170000000012694,96.17907951477771
2.318000000001267,96.24548075713874
2.3190000000012647,96.31164341579388
2.3200000000012624,96.3775551358794
2.32100000000126,96.44319199314077
2.3220000000012577,96.50852188324338
2.3230000000012554,96.57350902880356
2.324000000001253,96.63811897219576
2.3250000000012507,96.7023233517091
2.3260000000012484,96.76610378299819
2.327000000001246,96.82945428946397
2.3280000000012437,96.89238193195403
2.3290000000012414,96.9549055518045
2.330000000001239,97.01705282081889
2.3310000000012367,97.07885604128758
2.3320000000012344,97.14034731761868
2.333000000001232,97.20155380140727
2.3340000000012298,97.26249368561491
2.3350000000012274,97.3231735012128
2.336000000001225,97.38358707518648
2.3370000000012228,97.44371627311247
2.3380000000012204,97.50353340478107
2.339000000001218,97.56300494692722
2.3400000000012158,97.62209605901211
2.3410000000012134,97.68077525758639
2.342000000001211,97.73901858857015
2.343000000001209,97.79681270267278
2.3440000000012065,97.85415639374516
2.345000000001204,97.91106037697271
2.346000000001202,97.96754534513573
2.3470000000011995,98.02363859686263
2.348000000001197,98.07936973784928
2.349000000001195,98.13476608561002
2.3500000000011925,98.18984843858343
2.35100000000119,98.24462780475285
2.352000000001188,98.29910353684853
2.3530000000011855,98.3532631168667
2.354000000001183,98.40708360244129
2.355000000001181,98.460534520844
2.3560000000011785,98.5135817998153
2.357000000001176,98.56619218262256
2.358000000001174,98.61833750509618
2.3590000000011715,98.66999822726119
2.360000000001169,98.72116571360077
2.361000000001167,98.77184293369439
2.3620000000011645,98.82204348478409
2.363000000001162,98.87178908491346
2.36400000000116,98.92110590995168
2.3650000000011575,98.97002031375357
2.366000000001155,99.01855455264213
2.367000000001153,99.06672312362129
2.3680000000011505,99.11453022660983
2.369000000001148,99.16196869367015
2.370000000001146,99.20902051930517
2.3710000000011435,99.25565890438571
2.372000000001141,99.30185151991975
2.373000000001139,99.34756453041153
2.3740000000011365,99.39276681059269
2.375000000001134,99.43743375902346
2.376000000001132,99.48155016464624
2.3770000000011295,99.52511171434887
2.378000000001127,99.56812492476972
2.379000000001125,99.61060551192864
2.3800000000011226,99.65257544194111
2.38100000000112,99.69405909816118
2.382000000001118,99.73507912432754
2.3830000000011156,99.77565254170078
2.3840000000011132,99.81578768837234
2.385000000001111,99.85548240432824
2.3860000000011086,99.89472370397971
2.3870000000011062,99.93348896868635
2.388000000001104,99.97174848303771
2.3890000000011016,100.00946895507182
2.3900000000010992,100.04661752496494
2.391000000001097,100.0831656968011
2.3920000000010946,100.11909263513472
2.3930000000010923,100.15438735447027
2.39400000000109,100.18904948642319
2.3950000000010876,100.22308851522357
2.3960000000010853,100.25652159661307
2.397000000001083,100.2893702824348
2.3980000000010806,100.32165663074272
2.3990000000010783,100.35339926493349
2.400000000001076,100.38460994438515
2.4010000000010736,100.41529112724665
2.4020000000010713,100.44543485884597
2.403000000001069,100.47502313000773
2.4040000000010666,100.50402964511848
2.4050000000010643,100.53242274627965
2.406000000001062,100.5601690811519
2.4070000000010596,100.5872374981374
2.4080000000010573,100.61360261803102
2.409000000001055,100.63924757325637
2.4100000000010526,100.6641655215434
2.4110000000010503,100.68835971616902
2.412000000001048,100.71184212477964
2.4130000000010456,100.73463080120365
2.4140000000010433,100.75674639601773
2.415000000001041,100.7782083134612
2.4160000000010387,100.79903106716915
2.4170000000010363,100.81922135093205
2.418000000001034,100.8387762317368
2.4190000000010317,100.85768270957986
2.4200000000010293,100.87591869582157
2.421000000001027,100.8934552657353
2.4220000000010247,100.91025986594771
2.4230000000010223,100.92630002537446
2.42400000000102,100.94154704645297
2.4250000000010177,100.95597915312715
2.4260000000010153,100.96958364576145
2.427000000001013,100.98235775319776
2.4280000000010107,100.99430805985145
2.4290000000010084,101.00544859339684
2.430000000001006,101.01579785398256
2.4310000000010037,101.02537521833784
2.4320000000010014,101.03419723840435
2.433000000000999,101.04227436278833
2.4340000000009967,101.04960854180989
2.4350000000009944,101.05619204622556
2.436000000000992,101.06200765644836
2.4370000000009897,101.06703018787732
2.4380000000009874,101.07122913378875
2.439000000000985,101.07457205328
2.4400000000009827,101.0770282276315
2.4410000000009804,101.07857206862353
2.442000000000978,101.0791857941642
2.4430000000009757,101.07886098814068
2.4440000000009734,101.07759882032666
2.445000000000971,101.07540889606915
2.4460000000009687,101.07230690510349
2.4470000000009664,101.06831141301089
2.448000000000964,101.06344026061082
2.4490000000009617,101.05770708812311
2.4500000000009594,101.05111847662835
2.451000000000957,101.0436721055113
2.4520000000009547,101.03535617729719
2.4530000000009524,101.02615018256098
2.45400000000095,101.01602689181223
2.4550000000009478,101.00495529227136
2.4560000000009454,100.99290405663531
2.457000000000943,100.97984505547471
2.4580000000009408,100.96575641615438
2.4590000000009384,100.9506246924374
2.460000000000936,100.9344458338805
2.4610000000009338,100.91722481624302
2.4620000000009314,100.8989739882998
2.463000000000929,100.8797103769536
2.464000000000927,100.85945234236493
2.4650000000009245,100.83821606526733
2.466000000000922,100.81601236731386
2.46700000000092,100.79284431176696
2.4680000000009175,100.76870591649056
2.469000000000915,100.74358215237618
2.470000000000913,100.7174502207182
2.4710000000009105,100.69028192644654
2.472000000000908,100.66204681302197
2.473000000000906,100.63271561859058
2.4740000000009035,100.60226356625516
2.475000000000901,100.57067302198293
2.476000000000899,100.53793514098366
2.4770000000008965,100.50405026684716
2.478000000000894,100.46902702735439
2.479000000000892,100.4328802598705
2.4800000000008895,100.39562806845457
2.481000000000887,100.35728843825156
2.482000000000885,100.31787589224538
2.4830000000008825,100.27739866384907
2.48400000000088,100.23585678018172
2.485000000000878,100.19324131883107
2.4860000000008755,100.14953493526936
2.487000000000873,100.10471358173187
2.488000000000871,100.05874917416132
2.4890000000008685,100.0116128327221
2.490000000000866,99.96327824059223
2.491000000000864,99.91372464702738
2.4920000000008615,99.86293908836878
2.493000000000859,99.81091751010217
2.494000000000857,99.75766462992183
2.4950000000008545,99.70319256347346
2.496000000000852,99.64751841349675
2.49700000000085,99.59066117188993
2.4980000000008475,99.53263838027932
2.499000000000845,99.47346302457862
2.500000000000843,99.4131411003254
2.5010000000008406,99.35167018619399
2.502000000000838,99.28903921900452
2.503000000000836,99.22522949550431
2.5040000000008336,99.16021675671675
2.5050000000008312,99.0939740614982
2.506000000000829,99.02647504630373
2.5070000000008266,98.95769711290555
2.5080000000008242,98.88762409368883
2.509000000000822,98.81624801589463
2.5100000000008196,98.74356971339705
2.5110000000008172,98.66959819978096
2.512000000000815,98.59434889531887
2.5130000000008126,98.51784096561306
2.5140000000008103,98.44009415592733
2.515000000000808,98.36112557399218
2.5160000000008056,98.28094687645309
2.5170000000008033,98.19956225192948
2.518000000000801,98.11696747786571
2.5190000000007986,98.03315017654076
2.5200000000007963,97.94809122922904
2.521000000000794,97.86176714806376
2.5220000000007916,97.77415307271924
2.5230000000007893,97.68522597180005
2.524000000000787,97.59496759859799
2.5250000000007846,97.50336678328267
2.5260000000007823,97.41042073594868
2.52700000000078,97.31613517546207
2.5280000000007776,97.22052326773907
2.5290000000007753,97.12360352870213
2.530000000000773,97.02539699545873
2.5310000000007706,96.92592407189186
2.5320000000007683,96.82520149722816
2.533000000000766,96.72323986371575
2.5340000000007636,96.62004202761956
2.5350000000007613,96.51560262977829
2.536000000000759,96.40990878661391
2.5370000000007566,96.30294185077747
2.5380000000007543,96.19467999348036
2.539000000000752,96.08510124672847
2.5400000000007497,95.97418657791275
2.5410000000007473,95.86192256387206
2.542000000000745,95.74830328683218
2.5430000000007427,95.63333118307258
2.5440000000007403,95.51701672446066
2.545000000000738,95.39937698076093
2.5460000000007357,95.28043327145242
2.5470000000007333,95.16020824516555
2.548000000000731,95.03872280367322
2.5490000000007287,94.91599330502724
2.5500000000007264,94.79202943621537
2.551000000000724,94.66683304790575
2.5520000000007217,94.54039810756957
2.5530000000007194,94.41271177195286
2.554000000000717,94.28375642599566
2.5550000000007147,94.15351240204838
2.5560000000007124,94.02196099885975
2.55700000000071,93.88908737690517
2.5580000000007077,93.75488292214459
2.5590000000007054,93.61934674378415
2.560000000000703,93.48248609397996
2.5610000000007007,93.34431565158638
2.5620000000006984,93.2048557751894
2.563000000000696,93.0641299780636
2.5640000000006937,92.92216198713444
2.5650000000006914,92.77897280374921
2.566000000000689,92.6345781792477
2.5670000000006867,92.48898685556529
2.5680000000006844,92.34219981106172
2.569000000000682,92.1942106107772
2.5700000000006797,92.04500680770113
2.5710000000006774,91.89457219727568
2.572000000000675,91.74288960983243
2.5730000000006727,91.58994385048022
2.5740000000006704,91.43572437397027
2.575000000000668,91.28022731758523
2.5760000000006658,91.12345660466752
2.5770000000006634,90.96542396328321
2.578000000000661,90.80614785980397
2.5790000000006588,90.64565150271186
2.5800000000006564,90.48396020410021
2.581000000000654,90.32109847551322
2.5820000000006518,90.1570872685963
2.5830000000006494,89.99194174611641
2.584000000000647,89.825669890692
2.585000000000645,89.65827213950853
2.5860000000006425,89.48974209046992
2.58700000000064,89.32006817776868
2.588000000000638,89.14923608179986
2.5890000000006355,88.97723153690417
2.590000000000633,88.80404314431793
2.591000000000631,88.62966479545047
2.5920000000006285,88.45409736391768
2.593000000000626,88.27734942745386
2.594000000000624,88.0994369188783
2.5950000000006215,87.92038175861066
2.596000000000619,87.7402096667219
2.597000000000617,87.55894746825967
2.5980000000006145,87.37662027473064
2.599000000000612,87.19324893805558
2.60000000000061,87.00884813076891
2.6010000000006075,86.82342531546243
2.602000000000605,86.63698074131132
2.603000000000603,86.4495084633825
2.6040000000006005,86.260998240029
2.605000000000598,86.07143804309199
2.606000000000596,85.88081683062656
2.6070000000005935,85.68912719426345
2.608000000000591,85.496367509348
2.609000000000589,85.30254328479474
2.6100000000005865,85.10766752252174
2.611000000000584,84.91176003754094
2.612000000000582,84.71484583841159
2.6130000000005795,84.51695280142458
2.614000000000577,84.31810897060758
2.615000000000575,84.11833986539018
2.6160000000005725,83.91766617258135
2.61700000000057,83.71610214158144
2.618000000000568,83.51365490117037
2.6190000000005655,83.31032478750726
2.620000000000563,83.10610663366573
2.621000000000561,82.90099183922717
2.6220000000005586,82.69497093116162
2.623000000000556,82.48803625868362
2.624000000000554,82.28018444486135
2.6250000000005516,82.07141825043752
2.6260000000005492,81.86174758726449
2.627000000000547,81.65118953917575
2.6280000000005446,81.43976738974924
2.6290000000005422,81.22750879816773
2.63000000000054,81.0144433849105
2.6310000000005376,80.80060007054922
2.6320000000005352,80.58600454228907
2.633000000000533,80.37067720092173
2.6340000000005306,80.15463187033892
2.6350000000005283,79.93787544380692
2.636000000000526,79.7204085112068
2.6370000000005236,79.50222687673195
2.6380000000005213,79.28332375452514
2.639000000000519,79.06369233622986
2.6400000000005166,78.84332837211038
2.6410000000005143,78.62223240418186
2.642000000000512,78.40041133735582
2.6430000000005096,78.17787912742966
2.6440000000005073,77.95465649011801
2.645000000000505,77.73076967503104
2.6460000000005026,77.50624848159642
2.6470000000005003,77.28112380047816
2.648000000000498,77.05542502862363
2.6490000000004956,76.82917772021582
2.6500000000004933,76.60240179895945
2.651000000000491,76.37511057601539
2.6520000000004886,76.1473107047021
2.6530000000004863,75.91900307377779
2.654000000000484,75.69018451268143
2.6550000000004816,75.46085007066182
2.6560000000004793,75.23099555225858
2.657000000000477,75.0006199549753
2.6580000000004746,74.769727467339
2.6590000000004723,74.53832874624158
2.66000000000047,74.30644129395176
2.6610000000004677,74.07408888331724
2.6620000000004653,73.84130011541745
2.663000000000463,73.60810631679098
2.6640000000004607,73.3745390756062
2.6650000000004583,73.14062776421599
2.666000000000456,72.90639739380627
2.6670000000004537,72.6718670969778
2.6680000000004513,72.43704944445673
2.669000000000449,72.20195068586864
2.6700000000004467,71.96657187738893
2.6710000000004444,71.73091073766565
2.672000000000442,71.49496397335322
2.6730000000004397,71.25872975019864
2.6740000000004374,71.02220996426685
2.675000000000435,70.78541199458145
2.6760000000004327,70.54834969054315
2.6770000000004304,70.31104345487866
2.678000000000428,70.07351941172043
2.6790000000004257,69.83580778121595
2.6800000000004234,69.59794069327761
2.681000000000421,69.35994975020414
2.6820000000004187,69.12186368021082
2.6830000000004164,68.88370640758654
2.684000000000414,68.645495804084
2.6850000000004117,68.40724328986869
2.6860000000004094,68.16895433461946
2.687000000000407,67.930629785879
2.6880000000004047,67.69226783853382
2.6890000000004024,67.4538663709674
2.6900000000004,67.21542532196388
2.6910000000003977,66.97694877553836
2.6920000000003954,66.73844646061127
2.693000000000393,66.4999344542845
2.6940000000003907,66.26143499029631
2.6950000000003884,66.02297540168868
2.696000000000386,65.78458634979391
2.6970000000003838,65.54629959193414
2.6980000000003814,65.308145603225
2.699000000000379,65.07015138522314
2.7000000000003768,64.83233876470233
2.7010000000003744,64.59472341507424
2.702000000000372,64.35731473165328
2.7030000000003698,64.12011657415206
2.7040000000003674,63.88312877100309
2.705000000000365,63.64634917564107
2.706000000000363,63.40977598844838
2.7070000000003605,63.17341002024282
2.708000000000358,62.937256580029704
2.709000000000356,62.701326721376645
2.7100000000003535,62.46563767184967
2.711000000000351,62.230212385930564
2.712000000000349,61.995078286708626
2.7130000000003465,61.760265376674546
2.714000000000344,61.52580398612231
2.715000000000342,61.29172247639284
2.7160000000003395,61.058045218423544
2.717000000000337,60.8247911256293
2.718000000000335,60.591972941086624
2.7190000000003325,60.35959737389883
2.72000000000033,60.12766606280481
2.721000000000328,59.89617723176731
2.7220000000003255,59.66512780710473
2.723000000000323,59.434515701350385
2.724000000000321,59.204341944638855
2.7250000000003185,58.97461236436853
2.726000000000316,58.745338576450344
2.727000000000314,58.51653814851735
2.7280000000003115,58.28823391323198
2.729000000000309,58.060452530865604
2.730000000000307,57.83322250652499
2.7310000000003045,57.60657194311363
2.732000000000302,57.38052634584457
2.7330000000003,57.15510678391583
2.7340000000002975,56.93032866256442
2.735000000000295,56.706201272481096
2.736000000000293,56.48272817578857
2.7370000000002905,56.25990837289197
2.738000000000288,56.03773808739476
2.739000000000286,55.81621292086561
2.7400000000002835,55.595330077118795
2.741000000000281,55.375090344594014
2.742000000000279,55.15549955793633
2.7430000000002766,54.93656933248739
2.744000000000274,54.71831696825241
2.745000000000272,54.500764538215286
2.7460000000002696,54.28393729195548
2.7470000000002672,54.06786160208512
2.748000000000265,53.85256274397674
2.7490000000002626,53.63806282015813
2.7500000000002602,53.42437911774141
2.751000000000258,53.21152312477949
2.7520000000002556,52.999500339036864
2.7530000000002532,52.78831089317872
2.754000000000251,52.577950908286184
2.7550000000002486,52.368414387424906
2.7560000000002463,52.15969538589187
2.757000000000244,51.951790155160666
2.7580000000002416,51.744698959701424
2.7590000000002393,51.53842731050302
2.760000000000237,51.33298644089314
2.7610000000002346,51.128392957781195
2.7620000000002323,50.92466771902718
2.76300000000023,50.72183409768789
2.7640000000002276,50.51991588011079
2.7650000000002253,50.3189350946148
2.766000000000223,50.118910074670616
2.7670000000002206,49.919854025264925
2.7680000000002183,49.72177428941015
2.769000000000216,49.52467241418071
2.7700000000002136,49.328545005396876
2.7710000000002113,49.13338525169185
2.772000000000209,48.93918490624238
2.7730000000002066,48.745936450260416
2.7740000000002043,48.55363513562041
2.775000000000202,48.36228061933577
2.7760000000001996,48.17187795891797
2.7770000000001973,47.982437827676165
2.778000000000195,47.79397592002518
2.7790000000001926,47.60651163241853
2.7800000000001903,47.42006620836161
2.781000000000188,47.23466061084366
2.7820000000001857,47.05031342203234
2.7830000000001833,46.86703906380123
2.784000000000181,46.68484658568917
2.7850000000001787,46.50373918670877
2.7860000000001763,46.32371453549429
2.787000000000174,46.14476584329651
2.7880000000001717,45.96688354064639
2.7890000000001693,45.79005732467524
2.790000000000167,45.61427829152697
2.7910000000001647,45.43954085481452
2.7920000000001624,45.26584417956932
2.79300000000016,45.0931929285529
2.7940000000001577,44.92159721509647
2.7950000000001554,44.75107176980868
2.796000000000153,44.58163444063863
2.7970000000001507,44.41330424019333
2.7980000000001484,44.24609921704417
2.799000000000146,44.08003445052072
2.8000000000001437,43.91512044886958
2.8010000000001414,43.75136217255343
2.802000000000139,43.58875881670989
2.8030000000001367,43.427304381636255
2.8040000000001344,43.26698895157036
2.805000000000132,43.10780050416557
2.8060000000001297,42.949726998851936
2.8070000000001274,42.79275845210272
2.808000000000125,42.636888707770574
2.8090000000001227,42.48211665214757
2.8100000000001204,42.328446701245056
2.811000000000118,42.17588849116135
2.8120000000001157,42.02445581623886
2.8130000000001134,41.87416496696044
2.814000000000111,41.72503270422646
2.8150000000001087,41.577074156647605
2.8160000000001064,41.430300936225564
2.817000000000104,41.28471973510832
2.8180000000001018,41.14033159755717
2.8190000000000994,40.99713196694178
2.820000000000097,40.855111500387565
2.8210000000000948,40.71425753776124
2.8220000000000924,40.57455602087181
2.82300000000009,40.435993595279726
2.8240000000000878,40.29855960006987
2.8250000000000854,40.16224766499475
2.826000000000083,40.027056688563235
2.827000000000081,39.89299105794381
2.8280000000000785,39.76006007959825
2.829000000000076,39.62827670238507
2.830000000000074,39.497655715598185
2.8310000000000715,39.36821167813181
2.832000000000069,39.23995687132777
2.833000000000067,39.112899562653915
2.8340000000000645,38.98704282198869
2.835000000000062,38.862384054165496
2.83600000000006,38.73891531171588
2.8370000000000575,38.61662434389017
2.838000000000055,38.49549623619514
2.839000000000053,38.3755154122863
2.8400000000000505,38.25666771839966
2.841000000000048,38.13894229728885
2.842000000000046,38.022332986683566
2.8430000000000435,37.90683904354493
2.844000000000041,37.7924650909536
2.845000000000039,37.67922029551179
2.8460000000000365,37.56711689313817
2.847000000000034,37.456168273656886
2.848000000000032,37.3463868960977
2.8490000000000295,37.23778232874314
2.850000000000027,37.130359688419816
2.851000000000025,37.02411869609756
2.8520000000000225,36.919053479240546
2.85300000000002,36.81515314763506
2.854000000000018,36.71240306242769
2.8550000000000155,36.61078662191446
2.856000000000013,36.51028731503975
2.857000000000011,36.41089075478673
2.8580000000000085,36.312586404787595
2.859000000000006,36.21536875436874
2.860000000000004,36.11923777473318
2.8610000000000015,36.024198591285504
2.861999999999999,35.930260419245975
2.862999999999997,35.83743491491934
2.8639999999999946,35.745734177620385
2.864999999999992,35.65516868546154
2.86599999999999,35.56574545565214
2.8669999999999876,35.47746668656635
2.8679999999999852,35.39032907020972
2.868999999999983,35.30432386989014
2.8699999999999806,35.21943775174523
2.8709999999999782,35.13565425436005
2.871999999999976,35.05295569179697
2.8729999999999736,34.97132522398971
2.8739999999999712,34.890748803511286
2.874999999999969,34.81121672351563
2.8759999999999666,34.73272454690707
2.8769999999999643,34.65527328426194
2.877999999999962,34.578868795277586
2.8789999999999596,34.503520499672995
2.8799999999999573,34.42923958188855
2.880999999999955,34.356036945136786
2.8819999999999526,34.28392120430045
2.8829999999999503,34.21289699979114
2.883999999999948,34.1429638677658
2.8849999999999456,34.074115823395815
2.8859999999999433,34.006341714403455
2.886999999999941,33.93962629525735
2.8879999999999386,33.873951872389746
2.8889999999999363,33.80930029082352
2.889999999999934,33.74565498374633
2.8909999999999316,33.683002796170086
2.8919999999999293,33.62133532430244
2.892999999999927,33.56064958006289
2.8939999999999246,33.5009478858038
2.8949999999999223,33.442237014452516
2.89599999999992,33.384526698495854
2.8969999999999176,33.3278277208892
2.8979999999999153,33.272149859180786
2.898999999999913,33.21749997320432
2.8999999999999106,33.16388050461589
2.9009999999999083,33.111288597372244
2.901999999999906,33.059715960870506
2.9029999999999037,33.009149494075174
2.9039999999999013,32.95957258337436
2.904999999999899,32.910966893112956
2.9059999999998967,32.863314398323986
2.9069999999998943,32.816599373970185
2.907999999999892,32.77081005960633
2.9089999999998897,32.725939763031455
2.9099999999998873,32.68198724562609
2.910999999999885,32.63895633449395
2.9119999999998827,32.59685481726735
2.9129999999998804,32.55569277793158
2.913999999999878,32.515480611069385
2.9149999999998757,32.47622699623438
2.9159999999998734,32.437937117943214
2.916999999999871,32.40061138038466
2.9179999999998687,32.364244795836036
2.9189999999998664,32.32882713117421
2.919999999999864,32.29434379101555
2.9209999999998617,32.26077731409896
2.9219999999998594,32.228109273992686
2.922999999999857,32.19632231753426
2.9239999999998547,32.16540205375226
2.9249999999998524,32.13533852573732
2.92599999999985,32.10612705606358
2.9269999999998477,32.07776834519648
2.9279999999998454,32.0502678091251
2.928999999999843,32.023634251425705
2.9299999999998407,31.9978780598257
2.9309999999998384,31.973009184137332
2.931999999999836,31.94903518184783
2.9329999999998337,31.92595960624377
2.9339999999998314,31.903780962236247
2.934999999999829,31.88249237470897
2.9359999999998267,31.862082014642883
2.9369999999998244,31.842534222948867
2.937999999999822,31.823831174903347
2.9389999999998198,31.8059548522146
2.9399999999998174,31.788889045383428
2.940999999999815,31.77262110352865
2.9419999999998128,31.75714318337789
2.9429999999998104,31.742452819548497
2.943999999999808,31.728552734883912
2.9449999999998058,31.715449918453817
2.9459999999998034,31.703154103683403
2.946999999999801,31.691675864175508
2.947999999999799,31.681024597906156
2.9489999999997965,31.671206684588974
2.949999999999794,31.662224074752885
2.950999999999792,31.654073507193477
2.9519999999997895,31.64674646295052
2.952999999999787,31.64022986125933
2.953999999999785,31.6345073997544
2.9549999999997825,31.62956135130131
2.95599999999978,31.625374565363796
2.956999999999778,31.621932391955962
2.9579999999997755,31.619224255847893
2.958999999999773,31.61724465723731
2.959999999999771,31.61599345627609
2.9609999999997685,31.615475401152
2.961999999999766,31.615698967790735
2.962999999999764,31.616674677554883
2.9639999999997615,31.618413132986852
2.964999999999759,31.62092305026811
2.965999999999757,31.624209565702103
2.9669999999997545,31.628273053253967
2.967999999999752,31.633108617437408
2.96899999999975,31.638706331107283
2.9699999999997475,31.645052183969838
2.970999999999745,31.652129608710343
2.971999999999743,31.659921370766302
2.9729999999997405,31.66841155605003
2.973999999999738,31.677587375974962
2.974999999999736,31.687440533772666
2.9759999999997335,31.69796795762974
2.976999999999731,31.709171796192877
2.977999999999729,31.721058677584427
2.9789999999997265,31.733638338518542
2.979999999999724,31.746921819769977
2.980999999999722,31.7609194849792
2.9819999999997195,31.775639143206803
2.982999999999717,31.791084539169
2.983999999999715,31.807254421884128
2.9849999999997125,31.824142320632326
2.98599999999971,31.84173705822418
2.986999999999708,31.860023928970374
2.9879999999997056,31.878986375998622
2.9889999999997032,31.89860793237748
2.989999999999701,31.918874152603802
2.9909999999996986,31.939774261241368
2.9919999999996962,31.96130228450688
2.992999999999694,31.98345750361788
2.9939999999996916,32.00624416550044
2.9949999999996892,32.02967049282823
2.995999999999687,32.05374713555618
2.9969999999996846,32.07848528521456
2.9979999999996823,32.103894719928135
2.99899999999968,32.12998205616831
2.9999999999996776,32.1567494523465
3.0009999999996753,32.18419394464675
3.001999999999673,32.21230750648518
3.0029999999996706,32.241077822004144
3.0039999999996683,32.270489664613265
3.004999999999666,32.300526687040495
3.0059999999996636,32.331173371174245
3.0069999999996613,32.36241686252669
3.007999999999659,32.39424842934717
3.0089999999996566,32.426664338875696
3.0099999999996543,32.45966602594838
3.010999999999652,32.493259530363346
3.0119999999996496,32.52745428415355
3.0129999999996473,32.56226142260098
3.013999999999645,32.597691859872384
3.0149999999996426,32.63375440208019
3.0159999999996403,32.67045416349015
3.016999999999638,32.70779150730956
3.0179999999996356,32.74576165794639
3.0189999999996333,32.78435503744988
3.019999999999631,32.823558277933294
3.0209999999996286,32.863355767595195
3.0219999999996263,32.90373151315223
3.022999999999624,32.944671056414705
3.0239999999996217,32.98616317409375
3.0249999999996193,33.02820111962083
3.025999999999617,33.070783230268695
3.0269999999996147,33.11391281325819
3.0279999999996123,33.15759732777994
3.02899999999961,33.20184698056861
3.0299999999996077,33.24667293598736
3.0309999999996053,33.29208539533688
3.031999999999603,33.33809181705587
3.0329999999996007,33.38469552781185
3.0339999999995984,33.431894918010634
3.034999999999596,33.47968333279026
3.0359999999995937,33.52804967235569
3.0369999999995914,33.57697961673554
3.037999999999589,33.62645730283247
3.0389999999995867,33.676467217982946
3.0399999999995844,33.72699604301186
3.040999999999582,33.77803418389092
3.0419999999995797,33.82957677441406
3.0429999999995774,33.881624007203
3.043999999999575,33.934180746276056
3.0449999999995727,33.987255477280435
3.0459999999995704,34.04085874606498
3.046999999999568,34.09500130855235
3.0479999999995657,34.14969225459042
3.0489999999995634,34.20493737042459
3.049999999999561,34.26073796916602
3.0509999999995587,34.317090351808886
3.0519999999995564,34.373985972677495
3.052999999999554,34.43141228489509
3.0539999999995517,34.48935414674938
3.0549999999995494,34.54779559136659
3.055999999999547,34.60672171065629
3.0569999999995447,34.666120387512684
3.0579999999995424,34.725983630758954
3.05899999999954,34.786308323067594
3.0599999999995378,34.84709627553704
3.0609999999995354,34.90835358175306
3.061999999999533,34.970089364417504
3.0629999999995308,35.03231409407676
3.0639999999995284,35.09503771950475
3.064999999999526,35.15826787453986
3.0659999999995238,35.22200841366121
3.0669999999995214,35.286258480884
3.067999999999519,35.35101224093439
3.068999999999517,35.416259308879695
3.0699999999995145,35.481985817030726
3.070999999999512,35.54817596908467
3.07199999999951,35.61481386312081
3.0729999999995075,35.68188532663698
3.073999999999505,35.74937950422354
3.074999999999503,35.81728997261902
3.0759999999995005,35.88561522459799
3.076999999999498,35.95435845311806
3.077999999999496,36.02352666728388
3.0789999999994935,36.09312926716247
3.079999999999491,36.163176281164446
3.080999999999489,36.2336765165667
3.0819999999994865,36.30463588446533
3.082999999999484,36.3760561342173
3.083999999999482,36.447934173678156
3.0849999999994795,36.520262068936525
3.085999999999477,36.59302772230985
3.086999999999475,36.66621613288567
3.0879999999994725,36.73981106254123
3.08899999999947,36.813796873192686
3.089999999999468,36.88816027614685
3.0909999999994655,36.96289174612474
3.091999999999463,37.03798639923621
3.092999999999461,37.11344420985326
3.0939999999994585,37.189269536059655
3.094999999999456,37.26547002243815
3.095999999999454,37.3420550374779
3.0969999999994515,37.41903386845163
3.097999999999449,37.496413929763406
3.098999999999447,37.5741992372524
3.0999999999994445,37.65238936198534
3.100999999999442,37.730979008848024
3.10199999999944,37.80995827751978
3.1029999999994375,37.88931356825596
3.103999999999435,37.969029005055056
3.104999999999433,38.04908817635019
3.1059999999994305,38.129475948292104
3.106999999999428,38.21018009463327
3.107999999999426,38.29119251230303
3.1089999999994236,38.372509850029374
3.1099999999994212,38.45413346086014
3.110999999999419,38.536068686065434
3.1119999999994166,38.61832357346182
3.1129999999994142,38.70090721352869
3.113999999999412,38.78382793009772
3.1149999999994096,38.867091581578464
3.1159999999994072,38.95070021148698
3.116999999999405,39.034651236651136
3.1179999999994026,39.11893728543751
3.1189999999994003,39.20354670737954
3.119999999999398,39.288464682056826
3.1209999999993956,39.373674771482534
3.1219999999993933,39.45916069793988
3.122999999999391,39.544908096888754
3.1239999999993886,39.63090599721455
3.1249999999993863,39.717147818958445
3.125999999999384,39.803631746871815
3.1269999999993816,39.890360427097484
3.1279999999993793,39.97734003106735
3.128999999999377,40.06457882095054
3.1299999999993746,40.15208542144866
3.1309999999993723,40.23986704330022
3.13199999999937,40.327927909175585
3.1329999999993676,40.41626810263411
3.1339999999993653,40.50488300036723
3.134999999999363,40.59376336587301
3.1359999999993606,40.6828960903755
3.1369999999993583,40.77226547665211
3.137999999999356,40.86185488557012
3.1389999999993536,40.95164851391418
3.1399999999993513,41.04163305288286
3.140999999999349,41.131798992644626
3.1419999999993466,41.2221413879194
3.1429999999993443,41.3126599760181
3.143999999999342,41.40335863118631
3.1449999999993397,41.49424423394631
3.1459999999993373,41.585325117321396
3.146999999999335,41.676609311260684
3.1479999999993327,41.768102833893366
3.1489999999993303,41.85980827010107
3.149999999999328,41.95172383613633
3.1509999999993257,42.04384306006265
3.1519999999993233,42.13615512147204
3.152999999999321,42.22864580204719
3.1539999999993187,42.32129891341905
3.1549999999993164,42.4140980018987
3.155999999999314,42.50702809029071
3.1569999999993117,42.60007721099354
3.1579999999993094,42.693237513348286
3.158999999999307,42.78650578818062
3.1599999999993047,42.87988333537433
3.1609999999993024,42.97337519415562
3.1619999999993,43.06698884668093
3.1629999999992977,43.160732580143765
3.1639999999992954,43.2546137401447
3.164999999999293,43.34863712205629
3.1659999999992907,43.44280372617665
3.1669999999992884,43.537110050222594
3.167999999999286,43.63154801690205
3.1689999999992837,43.72610554554771
3.1699999999992814,43.820767687093856
3.170999999999279,43.91551816309867
3.1719999999992767,44.01034109269603
3.1729999999992744,44.105222664342904
3.173999999999272,44.20015251624798
3.1749999999992697,44.295124629964064
3.1759999999992674,44.39013761050459
3.176999999999265,44.48519431376745
3.1779999999992627,44.58030087524105
3.1789999999992604,44.67546527920077
3.179999999999258,44.77069567235119
3.1809999999992558,44.865998660970114
3.1819999999992534,44.96137783147157
3.182999999999251,45.05683270147901
3.1839999999992488,45.152358247184715
3.1849999999992464,45.247945071815884
3.185999999999244,45.34358019061638
3.1869999999992418,45.43924832190669
3.1879999999992394,45.53493350305677
3.188999999999237,45.630620804307085
3.189999999999235,45.72629789893004
3.1909999999992325,45.821956267793496
3.19199999999923,45.91759186769879
3.192999999999228,46.013205168968256
3.1939999999992255,46.10880055772972
3.194999999999223,46.204385188968956
3.195999999999221,46.29996745434892
3.1969999999992185,46.39555528270103
3.197999999999216,46.49115451348693
3.198999999999214,46.5867675717705
3.1999999999992115,46.68239262963076
3.200999999999209,46.778023370103675
3.201999999999207,46.87364938539111
3.2029999999992045,46.96925715273641
3.203999999999202,47.06483145089181
3.2049999999992,47.160357018369695
3.2059999999991975,47.2558202202829
3.206999999999195,47.35121048867681
3.207999999999193,47.44652133264486
3.2089999999991905,47.54175077524246
3.209999999999188,47.63690115588245
3.210999999999186,47.73197832732357
3.2119999999991835,47.826990362161425
3.212999999999181,47.921945953300586
3.213999999999179,48.01685273551761
3.2149999999991765,48.111715764908304
3.215999999999174,48.20653636924669
3.216999999999172,48.30131152919679
3.2179999999991695,48.39603387557093
3.218999999999167,48.49069230180828
3.219999999999165,48.58527310521992
3.2209999999991625,48.679761496777495
3.22199999999916,48.774143267383266
3.222999999999158,48.86840637611364
3.2239999999991555,48.96254223626813
3.224999999999153,49.056546517307076
3.225999999999151,49.15041934929009
3.2269999999991485,49.24416490148756
3.227999999999146,49.33779039609284
3.228999999999144,49.4313046981936
3.2299999999991416,49.52471668267537
3.2309999999991392,49.618033609152455
3.231999999999137,49.7112597334569
3.2329999999991346,49.80439534964503
3.2339999999991322,49.89743639530808
3.23499999999913,49.99037467394938
3.2359999999991276,50.083198662198086
3.2369999999991252,50.17589478824222
3.237999999999123,50.268449002035354
3.2389999999991206,50.36084841663736
3.2399999999991183,50.45308278947137
3.240999999999116,50.545145634282015
3.2419999999991136,50.637034806513746
3.2429999999991113,50.728752479566836
3.243999999999109,50.82030451620043
3.2449999999991066,50.911699325483376
3.2459999999991043,51.00294636850678
3.246999999999102,51.09405452502452
3.2479999999990996,51.18503055155346
3.2489999999990973,51.27587784716041
3.249999999999095,51.36659569880932
3.2509999999990926,51.45717911038606
3.2519999999990903,51.54761923790154
3.252999999999088,51.63790436900192
3.2539999999990856,51.72802130913109
3.2549999999990833,51.81795697975172
3.255999999999081,51.90770000388893
3.2569999999990786,51.9972420554815
3.2579999999990763,52.086578781885244
3.258999999999074,52.1757101691584
3.2599999999990716,52.26464029897675
3.2609999999990693,52.35337653271993
3.261999999999067,52.44192823968043
3.2629999999990646,52.53030525056267
3.2639999999990623,52.61851625532019
3.26499999999906,52.70656737085862
3.2659999999990577,52.79446107890201
3.2669999999990553,52.88219568143949
3.267999999999053,52.96976534838867
3.2689999999990507,53.057160749486926
3.2699999999990483,53.14437018116389
3.270999999999046,53.23138103015913
3.2719999999990437,53.318181368352505
3.2729999999990413,53.40476145440494
3.273999999999039,53.491114930398254
3.2749999999990367,53.57723954440916
3.2759999999990344,53.663137297073895
3.276999999999032,53.74881399219246
3.2779999999990297,53.83427825626124
3.2789999999990274,53.919540167102085
3.279999999999025,54.004609686494916
3.2809999999990227,54.08949511827069
3.2819999999990204,54.1742018083492
3.282999999999018,54.25873126798705
3.2839999999990157,54.3430808414711
3.2849999999990134,54.42724396319807
3.285999999999011,54.51121096701243
3.2869999999990087,54.594970333857404
3.2879999999990064,54.67851020261207
3.288999999999004,54.76181993185895
3.2899999999990017,54.84489149268804
3.2909999999989994,54.92772049599481
3.291999999998997,55.01030670917599
3.2929999999989947,55.09265398959342
3.2939999999989924,55.17476964520361
3.29499999999899,55.25666331420224
3.2959999999989877,55.338345523460006
3.2969999999989854,55.41982613015304
3.297999999998983,55.50111286622048
3.2989999999989807,55.58221018946027
3.2999999999989784,55.6631186009891
3.300999999998976,55.74383452298964
3.3019999999989738,55.824350752397145
3.3029999999989714,55.904657426060645
3.303999999998969,55.984743361740016
3.3049999999989668,56.06459758670525
3.3059999999989644,56.14421083907371
3.306999999998962,56.223576830359534
3.3079999999989598,56.30269309102564
3.3089999999989574,56.38156127973497
3.309999999998955,56.460186913185304
3.310999999998953,56.538578555905055
3.3119999999989505,56.616746585996026
3.312999999998948,56.69470171243468
3.313999999998946,56.77245345366657
3.3149999999989435,56.850008791386514
3.315999999998941,56.92737118751485
3.316999999998939,57.004540100606924
3.3179999999989365,57.08151106777164
3.318999999998934,57.158276339343644
3.319999999998932,57.23482597669918
3.3209999999989295,57.31114925908848
3.321999999998927,57.387236201973266
3.322999999998925,57.46307897332708
3.3239999999989225,57.53867300825952
3.32499999999892,57.61401766467762
3.325999999998918,57.68911632757239
3.3269999999989155,57.76397594794788
3.327999999998913,57.838606082926376
3.328999999998911,57.91301757406629
3.3299999999989085,57.98722105154589
3.330999999998906,58.06122547529048
3.331999999998904,58.135036917644314
3.3329999999989015,58.208657757146156
3.333999999998899,58.2820863947355
3.334999999998897,58.35531753058488
3.3359999999988945,58.428342961715096
3.336999999998892,58.50115278814888
3.33799999999889,58.57373685833722
3.3389999999988875,58.64608625085758
3.339999999998885,58.71819458385366
3.340999999998883,58.79005896755209
3.3419999999988805,58.861680465434155
3.342999999998878,58.93306399934758
3.343999999998876,59.004217712918184
3.3449999999988735,59.075151884570346
3.345999999998871,59.14587754497761
3.346999999998869,59.2164049947622
3.3479999999988665,59.28674243115306
3.348999999998864,59.35689487573661
3.349999999998862,59.42686355225142
3.3509999999988596,59.49664579996029
3.3519999999988572,59.56623553335315
3.352999999998855,59.63562418296783
3.3539999999988526,59.70480198517227
3.3549999999988502,59.773759439926415
3.355999999998848,59.84248873168269
3.3569999999988456,59.91098491332377
3.3579999999988432,59.97924668611735
3.358999999998841,60.04727666570047
3.3599999999988386,60.11508109710767
3.3609999999988363,60.182669060190875
3.361999999998834,60.2500512790242
3.3629999999988316,60.31723870449122
3.3639999999988293,60.38424107037067
3.364999999998827,60.45106562576573
3.3659999999988246,60.5177162208064
3.3669999999988223,60.58419287228741
3.36799999999882,60.65049186853834
3.3689999999988176,60.716606397684224
3.3699999999988153,60.782527610704086
3.370999999998813,60.84824597011316
3.3719999999988106,60.913752694991864
3.3729999999988083,60.979041099197154
3.373999999998806,61.04410763418596
3.3749999999988036,61.1089524893236
3.3759999999988013,61.17357966515506
3.376999999998799,61.2379965100166
3.3779999999987966,61.30221278661916
3.3789999999987943,61.36623940170285
3.379999999998792,61.43008697891316
3.3809999999987896,61.493764476168614
3.3819999999987873,61.557278041335465
3.382999999998785,61.6206302655732
3.3839999999987826,61.68381993746876
3.3849999999987803,61.7468423310056
3.385999999998778,61.809689986132085
3.3869999999987757,61.87235387219222
3.3879999999987733,61.934824771038876
3.388999999998771,61.99709468564761
3.3899999999987687,62.059158076048064
3.3909999999987663,62.12101274831692
3.391999999998764,62.182660271207254
3.3929999999987617,62.24410586193484
3.3939999999987593,62.30535775810517
3.394999999998757,62.36642616569051
3.3959999999987547,62.42732193272621
3.3969999999987524,62.488055136432436
3.39799999999875,62.54863378259537
3.3989999999987477,62.609062799138975
3.3999999999987454,62.66934346372171
3.400999999998743,62.729473344091176
3.4019999999987407,62.78944675836351
3.4029999999987384,62.84925569009629
3.403999999998736,62.90889102972078
3.4049999999987337,62.96834396821104
3.4059999999987314,63.02760734720627
3.406999999998729,63.08667677548714
3.4079999999987267,63.14555135430309
3.4089999999987244,63.20423390925637
3.409999999998722,63.26273069646747
3.4109999999987197,63.32105062546565
3.4119999999987174,63.37920410970808
3.412999999998715,63.43720170793193
3.4139999999987127,63.49505274822559
3.4149999999987104,63.55276412806759
3.415999999998708,63.61033945784498
3.4169999999987057,63.66777866657169
3.4179999999987034,63.72507812369847
3.418999999998701,63.78223125900174
3.4199999999986987,63.839229593271995
3.4209999999986964,63.89606403526483
3.421999999998694,63.95272626295028
3.4229999999986918,64.00920999489215
3.4239999999986894,64.06551197260356
3.424999999998687,64.12163251525237
3.4259999999986848,64.17757556855842
3.4269999999986824,64.23334824178639
3.42799999999868,64.28895989966111
3.4289999999986778,64.34442093753911
3.4299999999986754,64.39974141361748
3.430999999998673,64.45492973113885
3.431999999998671,64.50999155540576
3.4329999999986685,64.5649291166343
3.433999999998666,64.61974099495531
3.434999999998664,64.67442241650048
3.4359999999986615,64.72896601835954
3.436999999998659,64.78336297499884
3.437999999998657,64.8376043281861
3.4389999999986545,64.89168233376004
3.439999999998652,64.9455916357349
3.44099999999865,64.9993301021882
3.4419999999986475,65.05289920489405
3.442999999998645,65.1063038893587
3.443999999998643,65.1595519542553
3.4449999999986405,65.21265302891999
3.445999999998638,65.26561729420716
3.446999999998636,65.3184541276345
3.4479999999986335,65.37117086343693
3.448999999998631,65.42377184102845
3.449999999998629,65.47625787415193
3.4509999999986265,65.52862621384584
3.451999999998624,65.5808710094387
3.452999999998622,65.63298420249134
3.4539999999986195,65.6849567283173
3.454999999998617,65.73677985659683
3.455999999998615,65.78844648274564
3.4569999999986125,65.83995218816592
3.45799999999861,65.89129591975457
3.458999999998608,65.94248019272483
3.4599999999986055,65.99351078844212
3.460999999998603,66.04439599070315
3.461999999998601,66.09514546927886
3.4629999999985985,66.14576896909044
3.463999999998596,66.19627499007316
3.464999999998594,66.24666964314608
3.4659999999985915,66.29695584205838
3.466999999998589,66.3471329432757
3.467999999998587,66.39719688321172
3.4689999999985845,66.44714079284756
3.469999999998582,66.49695600331373
3.47099999999858,66.54663330148321
3.4719999999985776,66.59616425941388
3.4729999999985752,66.6455424507334
3.473999999998573,66.69476438250076
3.4749999999985706,66.74383001097414
3.4759999999985682,66.79274276850607
3.476999999998566,66.84150909819797
3.4779999999985636,66.89013756284406
3.4789999999985612,66.93863765487914
3.479999999998559,66.98701847585274
3.4809999999985566,67.03528747156186
3.4819999999985543,67.08344940020204
3.482999999998552,67.13150567740749
3.4839999999985496,67.17945418886622
3.4849999999985473,67.22728959578714
3.485999999998545,67.27500408988077
3.4869999999985426,67.32258849193012
3.4879999999985403,67.37003353996822
3.488999999998538,67.41733118624151
3.4899999999985356,67.46447572043695
3.4909999999985333,67.51146456072493
3.491999999998531,67.55829860083875
3.4929999999985286,67.60498206432015
3.4939999999985263,67.6515218870205
3.494999999998524,67.69792671591716
3.4959999999985216,67.74420566639111
3.4969999999985193,67.79036701370092
3.497999999998517,67.83641700319383
3.4989999999985146,67.88235894574625
3.4999999999985123,67.9281927236056
3.50099999999851,67.97391477527947
3.5019999999985076,68.01951856069735
3.5029999999985053,68.06499544144509
3.503999999998503,68.11033585260495
3.5049999999985006,68.15553060194787
3.5059999999984983,68.20057211391277
3.506999999998496,68.24545544315721
3.5079999999984937,68.29017891456922
3.5089999999984913,68.33474429931483
3.509999999998489,68.37915650228607
3.5109999999984867,68.42342280570848
3.5119999999984843,68.46755177655639
3.512999999998482,68.51155199266726
3.5139999999984797,68.55543076738253
3.5149999999984773,68.5991930518879
3.515999999998475,68.64284066867194
3.5169999999984727,68.68637198260882
3.5179999999984704,68.72978205483442
3.518999999998468,68.77306325727204
3.5199999999984657,68.81620626153077
3.5209999999984634,68.85920126360415
3.521999999998461,68.90203927256425
3.5229999999984587,68.9447132820366
3.5239999999984564,68.98721915929765
3.524999999998454,69.02955612638583
3.5259999999984517,69.07172676527996
3.5269999999984494,69.11373654675106
3.527999999998447,69.15559295011366
3.5289999999984447,69.19730429896227
3.5299999999984424,69.23887847770372
3.53099999999844,69.2803217097873
3.5319999999984377,69.32163756901133
3.5329999999984354,69.36282636187305
3.533999999998433,69.40388496659764
3.5349999999984307,69.44480715061731
3.5359999999984284,69.48558432161815
3.536999999998426,69.52620660686023
3.5379999999984237,69.56666410951374
3.5389999999984214,69.60694816564178
3.539999999998419,69.6470524249133
3.5409999999984167,69.68697360255324
3.5419999999984144,69.72671179625394
3.542999999998412,69.76627032336638
3.5439999999984098,69.80565510181243
3.5449999999984074,69.84487366288516
3.545999999998405,69.88393393601737
3.5469999999984028,69.92284297729124
3.5479999999984004,69.96160582061792
3.548999999998398,70.00022461246819
3.5499999999983958,70.03869815069298
3.5509999999983934,70.07702189117937
3.551999999998391,70.1151884207796
3.552999999998389,70.15318833000664
3.5539999999983864,70.19101136321623
3.554999999998384,70.2286476850167
3.555999999998382,70.26608908497128
3.5569999999983795,70.3033299508824
3.557999999998377,70.34036787322597
3.558999999998375,70.37720379531486
3.5599999999983725,70.41384168816529
3.56099999999837,70.45028779654523
3.561999999998368,70.4865495634019
3.5629999999983655,70.52263438508973
3.563999999998363,70.55854837306751
3.564999999998361,70.59429529605157
3.5659999999983585,70.62987585052818
3.566999999998356,70.66528736106387
3.567999999998354,70.70052395160937
3.5689999999983515,70.73557716332553
3.569999999998349,70.77043693224276
3.570999999998347,70.80509278978441
3.5719999999983445,70.83953511774097
3.572999999998342,70.87375628122643
3.57399999999834,70.9077514798994
3.5749999999983375,70.94151919720217
3.575999999998335,70.97506118418582
3.576999999998333,71.00838198051646
3.5779999999983305,71.04148804094885
3.578999999998328,71.07438659131472
3.579999999998326,71.10708437591582
3.5809999999983235,71.1395864728355
3.581999999998321,71.171895343356
3.582999999998319,71.2040102481695
3.5839999999983165,71.23592711137198
3.584999999998314,71.26763885061195
3.585999999998312,71.29913612680717
3.5869999999983095,71.33040840835895
3.587999999998307,71.36144520074043
3.588999999998305,71.39223726885888
3.5899999999983025,71.42277768018289
3.5909999999983,71.45306252148072
3.591999999998298,71.48309118792113
3.5929999999982956,71.51286620381772
3.5939999999982932,71.54239260077347
3.594999999998291,71.5716769417322
3.5959999999982886,71.60072612935713
3.5969999999982862,71.6295461671072
3.597999999998284,71.6581410473174
3.5989999999982816,71.68651192199398
3.5999999999982792,71.71465667185073
3.600999999998277,71.74256993317447
3.6019999999982746,71.77024357818844
3.6029999999982723,71.7976675814127
3.60399999999827,71.8248311506535
3.6049999999982676,71.85172396407737
3.6059999999982653,71.87833733959808
3.606999999998263,71.90466517190517
3.6079999999982606,71.9307045049017
3.6089999999982583,71.9564556587282
3.609999999998256,71.98192189367512
3.6109999999982536,72.00710865899603
3.6119999999982513,72.03202253339238
3.612999999998249,72.05667000723155
3.6139999999982466,72.08105627829397
3.6149999999982443,72.10518423019542
3.615999999998242,72.12905373628982
3.6169999999982396,72.15266138583424
3.6179999999982373,72.17600067003639
3.618999999998235,72.19906260148163
3.6199999999982326,72.22183668005646
3.6209999999982303,72.24431207006855
3.621999999998228,72.26647882347551
3.6229999999982256,72.28832897729733
3.6239999999982233,72.30985737060104
3.624999999998221,72.33106206577418
3.6259999999982186,72.35194431470335
3.6269999999982163,72.37250807500814
3.627999999998214,72.39275914528395
3.6289999999982117,72.41270404210553
3.6299999999982093,72.4323487776135
3.630999999998207,72.45169770986496
3.6319999999982047,72.4707526271389
3.6329999999982023,72.48951219396176
3.6339999999982,72.50797183566857
3.6349999999981977,72.52612407700178
3.6359999999981953,72.54395928699861
3.636999999998193,72.561466725792
3.6379999999981907,72.57863574667803
3.6389999999981884,72.5954569847932
3.639999999998186,72.61192336523949
3.6409999999981837,72.62803078858907
3.6419999999981814,72.64377839707987
3.642999999998179,72.65916838413325
3.6439999999981767,72.67420537459547
3.6449999999981744,72.68889546389053
3.645999999998172,72.70324505229284
3.6469999999981697,72.7172596389242
3.6479999999981674,72.73094274504156
3.648999999998165,72.74429511729406
3.6499999999981627,72.757314321873
3.6509999999981604,72.76999478560327
3.651999999998158,72.78232827764361
3.6529999999981557,72.79430476411666
3.6539999999981534,72.80591351596306
3.654999999998151,72.81714431478599
3.6559999999981487,72.82798858740843
3.6569999999981464,72.83844030953045
3.657999999998144,72.84849655114091
3.6589999999981417,72.85815758684436
3.6599999999981394,72.86742655588289
3.660999999998137,72.87630872045165
3.6619999999981347,72.88481042769267
3.6629999999981324,72.89293792228231
3.66399999999813,72.90069617699787
3.6649999999981278,72.90808790537751
3.6659999999981254,72.91511289437067
3.666999999998123,72.92176774965785
3.6679999999981208,72.92804608853527
3.6689999999981184,72.93393915288043
3.669999999998116,72.9394367562249
3.6709999999981138,72.94452843231095
3.6719999999981114,72.94920462414763
3.672999999998109,72.95345774658666
3.673999999998107,72.95728297290917
3.6749999999981044,72.96067863462827
3.675999999998102,72.96364617832862
3.6769999999981,72.96618968611583
3.6779999999980975,72.96831502804126
3.678999999998095,72.9700287667502
3.679999999998093,72.97133696914426
3.6809999999980905,72.9722440922753
3.681999999998088,72.97275209951852
3.682999999998086,72.97285993019533
3.6839999999980835,72.97256339606643
3.684999999998081,72.97185551846695
3.685999999998079,72.97072725850931
3.6869999999980765,72.96916853804618
3.687999999998074,72.96716940842468
3.688999999998072,72.96472120317979
3.6899999999980695,72.96181751274386
3.690999999998067,72.95845484403594
3.691999999998065,72.95463287210283
3.6929999999980625,72.95035424866909
3.69399999999806,72.94562399519776
3.694999999998058,72.9404485668193
3.6959999999980555,72.9348347197198
3.696999999998053,72.92878834176784
3.697999999998051,72.9223134106019
3.6989999999980485,72.91541122480541
3.699999999998046,72.90808001504139
3.700999999998044,72.90031498871132
3.7019999999980415,72.89210880124013
3.702999999998039,72.88345238773272
3.703999999998037,72.87433603854102
3.7049999999980345,72.86475056811673
3.705999999998032,72.85468841322826
3.70699999999803,72.84414450624833
3.7079999999980275,72.83311680068088
3.708999999998025,72.82160637510204
3.709999999998023,72.80961710132217
3.7109999999980205,72.79715492426354
3.711999999998018,72.78422685581376
3.712999999998016,72.77083982493566
3.7139999999980136,72.756999545936
3.7149999999980112,72.74270956350937
3.715999999998009,72.72797060772838
3.7169999999980066,72.71278034837977
3.7179999999980042,72.69713358216981
3.718999999998002,72.68102282603601
3.7199999999979996,72.66443923332224
3.7209999999979972,72.64737370456135
3.721999999997995,72.62981803729247
3.7229999999979926,72.61176595363405
3.7239999999979903,72.59321386125326
3.724999999997988,72.57416124077965
3.7259999999979856,72.55461060541849
3.7269999999979833,72.53456703903868
3.727999999997981,72.51403737859535
3.7289999999979786,72.49302915679678
3.7299999999979763,72.47154945425986
3.730999999997974,72.44960382246484
3.7319999999979716,72.4271954281372
3.7329999999979693,72.404324538087
3.733999999997967,72.38098841563716
3.7349999999979646,72.3571816423138
3.7359999999979623,72.33289681931214
3.73699999999796,72.30812555044389
3.7379999999979576,72.28285956899059
3.7389999999979553,72.25709185062159
3.739999999997953,72.23081755625391
3.7409999999979506,72.20403467242733
3.7419999999979483,72.17674425929734
3.742999999997946,72.14895027175406
3.7439999999979436,72.12065897955733
3.7449999999979413,72.09187806894953
3.745999999997939,72.06261555288756
3.7469999999979366,72.03287864342074
3.7479999999979343,72.00267274435255
3.748999999997932,71.97200070473812
3.7499999999979297,71.94086243678015
3.7509999999979273,71.90925495058366
3.751999999997925,71.8771728001521
3.7529999999979227,71.84460887784562
3.7539999999979203,71.81155544605407
3.754999999997918,71.77800526169992
3.7559999999979157,71.74395263602476
3.7569999999979133,71.70939428098919
3.757999999997911,71.6743298234554
3.7589999999979087,71.63876191511271
3.7599999999979064,71.6026959232145
3.760999999997904,71.56613924642457
3.7619999999979017,71.52910035286627
3.7629999999978994,71.49158767623739
3.763999999997897,71.45360852520889
3.7649999999978947,71.41516815871243
3.7659999999978924,71.37626915584269
3.76699999999789,71.33691116750347
3.7679999999978877,71.29709108355324
3.7689999999978854,71.25680359139048
3.769999999997883,71.21604204755056
3.7709999999978807,71.17479954032176
3.7719999999978784,71.1330699946657
3.772999999997876,71.0908491646316
3.7739999999978737,71.04813537406335
3.7749999999978714,71.00492990169482
3.775999999997869,70.96123695685841
3.7769999999978667,70.91706324986558
3.7779999999978644,70.87241721831275
3.778999999997862,70.82730801889312
3.7799999999978597,70.78174442684794
3.7809999999978574,70.7357337974907
3.781999999997855,70.68928123480703
3.7829999999978527,70.64238908256941
3.7839999999978504,70.59505680805609
3.784999999997848,70.5472812936912
3.7859999999978458,70.49905749523575
3.7869999999978434,70.45037937426056
3.787999999997841,70.40124097443544
3.7889999999978388,70.35163749100028
3.7899999999978364,70.30156618357259
3.790999999997834,70.25102700427836
3.7919999999978318,70.20002285319883
3.7929999999978294,70.148559425691
3.793999999997827,70.09664467376794
3.794999999997825,70.04428795810452
3.7959999999978224,69.99149901053813
3.79699999999782,69.93828685304422
3.797999999997818,69.88465882456234
3.7989999999978155,69.83061985124421
3.799999999997813,69.77617206116338
3.800999999997811,69.72131479625028
3.8019999999978085,69.66604501890912
3.802999999997806,69.610358055976
3.803999999997804,69.55424857582584
3.8049999999978015,69.49771166194154
3.805999999997799,69.4407438326728
3.806999999997797,69.38334386429362
3.8079999999977945,69.3255133019867
3.808999999997792,69.26725658727803
3.80999999999779,69.20858078457307
3.8109999999977875,69.14949494600165
3.811999999997785,69.0900092046356
3.812999999997783,69.03013372400943
3.8139999999977805,68.96987765145778
3.814999999997778,68.90924822152972
3.815999999997776,68.84825013409424
3.8169999999977735,68.78688529297796
3.817999999997771,68.72515294058599
3.818999999997769,68.66305016890509
3.8199999999977665,68.60057273506035
3.820999999997764,68.53771606728408
3.821999999997762,68.47447632058778
3.8229999999977595,68.41085133436363
3.823999999997757,68.34684135774596
3.824999999997755,68.28244944112478
3.8259999999977525,68.21768143920588
3.82699999999775,68.15254562581923
3.827999999997748,68.08705197539334
3.8289999999977455,68.02121121276559
3.829999999997743,67.95503376514125
3.830999999997741,67.88852876309467
3.8319999999977385,67.82170322993008
3.832999999997736,67.75456157180811
3.833999999997734,67.68710543875463
3.8349999999977316,67.61933397495275
3.8359999999977292,67.55124442265966
3.836999999997727,67.48283299503713
3.8379999999977246,67.41409589580428
3.8389999999977222,67.34503034308901
3.83999999999772,67.2756354541481
3.8409999999977176,67.20591286701907
3.8419999999977152,67.1358670120921
3.842999999997713,67.06550499592356
3.8439999999977106,66.99483611429297
3.8449999999977083,66.92387106368933
3.845999999997706,66.85262096259024
3.8469999999977036,66.78109632010484
3.8479999999977013,66.70930609626598
3.848999999997699,66.63725698474336
3.8499999999976966,66.56495301719359
3.8509999999976943,66.49239554338438
3.851999999997692,66.41958358893415
3.8529999999976896,66.34651454011544
3.8539999999976873,66.27318505979265
3.854999999997685,66.19959210640313
3.8559999999976826,66.12573391344198
3.8569999999976803,66.05161079230967
3.857999999997678,65.97722564608166
3.8589999999976756,65.9025841223834
3.8599999999976733,65.82769438442772
3.860999999997671,65.75256653308448
3.8619999999976686,65.67721176187986
3.8629999999976663,65.60164136405051
3.863999999997664,65.52586573097267
3.8649999999976616,65.44989348182987
3.8659999999976593,65.37373084540117
3.866999999997657,65.29738137925851
3.8679999999976546,65.22084606450787
3.8689999999976523,65.14412376201211
3.86999999999765,65.06721196590465
3.8709999999976477,64.99010774893887
3.8719999999976453,64.91280876749175
3.872999999997643,64.83531418562397
3.8739999999976407,64.75762538881379
3.8749999999976383,64.67974638744775
3.875999999997636,64.60168385378796
3.8769999999976337,64.52344678779629
3.8779999999976313,64.44504585946927
3.878999999997629,64.36649252068437
3.8799999999976267,64.28779801156269
3.8809999999976244,64.20897240054443
3.881999999997622,64.13002379199742
3.8829999999976197,64.05095781120691
3.8839999999976174,63.9717774375919
3.884999999997615,63.892483208429624
3.8859999999976127,63.81307376393541
3.8869999999976104,63.733546657205736
3.887999999997608,63.65389931575647
3.8889999999976057,63.574130020207164
3.8899999999976034,63.49423876318049
3.890999999997601,63.4142278681514
3.8919999999975987,63.33410228165142
3.8929999999975964,63.25386949821884
3.893999999997594,63.173539129240226
3.8949999999975917,63.09312217692858
3.8959999999975894,63.01263011592974
3.896999999997587,62.93207391160929
3.8979999999975847,62.851463112331125
3.8989999999975824,62.77080514205682
3.89999999999758,62.690104891144934
3.9009999999975777,62.60936466143169
3.9019999999975754,62.5285844723608
3.902999999997573,62.447762684838295
3.9039999999975707,62.366896855420514
3.9049999999975684,62.28598470140685
3.905999999997566,62.20502504188755
3.9069999999975638,62.12401858303268
3.9079999999975614,62.042968437671796
3.908999999997559,61.96188030651523
3.9099999999975568,61.88076229603486
3.9109999999975544,61.79962439919606
3.911999999997552,61.718477712615375
3.9129999999975498,61.63733350047371
3.9139999999975474,61.55620223653076
3.914999999997545,61.4750927580407
3.915999999997543,61.39401164914422
3.9169999999975404,61.31296293889891
3.917999999997538,61.23194815511723
3.918999999997536,61.1509667257255
3.9199999999975335,61.07001667114808
3.920999999997531,60.98909549083542
3.921999999997529,60.90820112000944
3.9229999999975265,60.82733282281725
3.923999999997524,60.746491896862004
3.924999999997522,60.6656820904816
3.9259999999975195,60.58490967450679
3.926999999997517,60.50418315891952
3.927999999997515,60.42351269482362
3.9289999999975125,60.342909246294155
3.92999999999751,60.26238364866303
3.930999999997508,60.18194568521079
3.9319999999975055,60.10160331105514
3.932999999997503,60.021362131944876
3.933999999997501,59.941225209799136
3.9349999999974985,59.86119322124928
3.935999999997496,59.78126494641176
3.936999999997494,59.70143801931331
3.9379999999974915,59.621709835042616
3.938999999997489,59.54207848681732
3.939999999997487,59.46254360187206
3.9409999999974845,59.38310695912592
3.941999999997482,59.3037728021628
3.94299999999748,59.224547803926335
3.9439999999974775,59.14544068860243
3.944999999997475,59.066461564403646
3.945999999997473,58.987621061453304
3.9469999999974705,58.90892939595286
3.947999999997468,58.83039549161507
3.948999999997466,58.75202628076291
3.9499999999974635,58.67382628195521
3.950999999997461,58.595797512219725
3.951999999997459,58.51793974537346
3.9529999999974565,58.44025107985969
3.953999999997454,58.36272873658078
3.954999999997452,58.2853699752074
3.9559999999974496,58.20817300083694
3.9569999999974472,58.131137734111505
3.957999999997445,58.054266336931704
3.9589999999974426,57.97756342019819
3.9599999999974402,57.90103590478247
3.960999999997438,57.82469255578543
3.9619999999974356,57.74854325606982
3.9629999999974332,57.67259812148871
3.963999999997431,57.596866582034544
3.9649999999974286,57.52135655737053
3.9659999999974263,57.446073841488904
3.966999999997424,57.371021781675424
3.9679999999974216,57.29620129579122
3.9689999999974193,57.2216112248094
3.969999999997417,57.14724897101367
3.9709999999974146,57.07311133258111
3.9719999999974123,56.99919541790052
3.97299999999741,56.925499511745556
3.9739999999974076,56.85202377202759
3.9749999999974053,56.77877065952558
3.975999999997403,56.7057450405064
3.9769999999974006,56.6329539482155
3.9779999999973983,56.56040603728404
3.978999999997396,56.48811080821256
3.9799999999973936,56.416077711149114
3.9809999999973913,56.34431525466643
3.981999999997389,56.27283024402565
3.9829999999973866,56.20162725483849
3.9839999999973843,56.130708414900965
3.984999999997382,56.06007352393632
3.9859999999973796,55.98972049401637
3.9869999999973773,55.919646048899565
3.987999999997375,55.84984658452235
3.9889999999973726,55.780319070357436
3.9899999999973703,55.71106186551208
3.990999999997368,55.64207533524719
3.9919999999973657,55.57336218154297
3.9929999999973633,55.50492744154165
3.993999999997361,55.436778154512844
3.9949999999973587,55.36892274465867
3.9959999999973563,55.301370206931054
3.996999999997354,55.23412921039709
3.9979999999973517,55.1672072447984
3.9989999999973493,55.10060992939629
3.999999999997347,55.03434058011506
4.000999999997345,54.96840009474035
4.001999999997342,54.902787171588805
4.00299999999734,54.83749883071913
4.003999999997338,54.772531164726566
4.004999999997335,54.70788021417415
4.005999999997333,54.64354284523675
4.006999999997331,54.57951750667831
4.007999999997328,54.51580476007116
4.008999999997326,54.45240750897132
4.009999999997324,54.38933089514091
4.010999999997321,54.32658187684218
4.011999999997319,54.264168548964676
4.012999999997317,54.202099300895455
4.013999999997314,54.14038193048821
4.014999999997312,54.07902283817622
4.01599999999731,54.018026413602364
4.016999999997307,53.957394699901435
4.017999999997305,53.897127381893064
4.018999999997303,53.83722209933304
4.0199999999973,53.77767504118737
4.020999999997298,53.71848173781705
4.021999999997296,53.65963794033286
4.022999999997293,53.60114046408853
4.023999999997291,53.542987878150036
4.024999999997289,53.48518094407555
4.025999999997286,53.4277227425503
4.026999999997284,53.37061847039568
4.027999999997282,53.31387493693695
4.028999999997279,53.2574998309821
4.029999999997277,53.20150086172568
4.030999999997275,53.145884894216366
4.031999999997272,53.09065720033259
4.03299999999727,53.03582092963343
4.033999999997268,52.98137687346673
4.034999999997265,52.92732355472605
4.035999999997263,52.87365763032076
4.036999999997261,52.82037454995212
4.0379999999972584,52.76746937909086
4.038999999997256,52.71493767108231
4.039999999997254,52.662776266280936
4.0409999999972515,52.610983906196594
4.041999999997249,52.559561576513154
4.042999999997247,52.508512530973356
4.0439999999972445,52.45784199311383
4.044999999997242,52.407556578232935
4.04599999999724,52.3576635172779
4.0469999999972375,52.30816979193035
4.047999999997235,52.25908130224374
4.048999999997233,52.21040218317977
4.0499999999972305,52.162134365198824
4.050999999997228,52.114277439771634
4.051999999997226,52.066828848120984
4.0529999999972235,52.019784366519495
4.053999999997221,51.973138820218885
4.054999999997219,51.926886926187045
4.0559999999972165,51.88102414674078
4.056999999997214,51.83554743448428
4.057999999997212,51.790455764060354
4.0589999999972095,51.74575037611746
4.059999999997207,51.701434699421924
4.060999999997205,51.65751396242804
4.0619999999972025,51.61399454937143
4.0629999999972,51.57088319177651
4.063999999997198,51.52818610912247
4.0649999999971955,51.48590821913476
4.065999999997193,51.4440525280105
4.066999999997191,51.40261978540618
4.0679999999971885,51.36160845191198
4.068999999997186,51.32101498315189
4.069999999997184,51.28083439058975
4.0709999999971815,51.24106100058529
4.071999999997179,51.20168930554302
4.072999999997177,51.16271478798509
4.0739999999971745,51.12413460202835
4.074999999997172,51.085948016629246
4.07599999999717,51.04815655842036
4.076999999997168,51.01076383431038
4.077999999997165,50.97377505918068
4.078999999997163,50.937196355529466
4.079999999997161,50.90103392384201
4.080999999997158,50.86529320031052
4.081999999997156,50.829978119897454
4.082999999997154,50.795090587597755
4.083999999997151,50.76063023139494
4.084999999997149,50.72659447098399
4.085999999997147,50.69297889232675
4.086999999997144,50.65977787553155
4.087999999997142,50.626985388229336
4.08899999999714,50.59459583343391
4.089999999997137,50.562604833098945
4.090999999997135,50.53100983744733
4.091999999997133,50.49981047452479
4.09299999999713,50.46900859097046
4.093999999997128,50.438607978556455
4.094999999997126,50.40861382536026
4.095999999997123,50.37903196917136
4.096999999997121,50.3498680583321
4.097999999997119,50.32112673788014
4.098999999997116,50.292810974900604
4.099999999997114,50.264921617170195
4.100999999997112,50.237457246365004
4.101999999997109,50.210414345943356
4.102999999997107,50.1837877599644
4.103999999997105,50.15757137858511
4.104999999997102,50.13175895431967
4.1059999999971,50.10634493476699
4.106999999997098,50.08132519504847
4.107999999997095,50.05669756713701
4.108999999997093,50.03246209173876
4.109999999997091,50.00862095748045
4.110999999997088,49.98517813626963
4.111999999997086,49.96213876653775
4.112999999997084,49.939508371475384
4.113999999997081,49.9172920223261
4.114999999997079,49.89549356415749
4.115999999997077,49.87411501238571
4.116999999997074,49.85315620413318
4.117999999997072,49.83261475274491
4.11899999999707,49.81248631145545
4.119999999997067,49.79276510912544
4.120999999997065,49.773444683038605
4.121999999997063,49.7545187061832
4.12299999999706,49.735981793102574
4.123999999997058,49.71783017125911
4.124999999997056,49.700062123609385
4.125999999997053,49.68267814025971
4.126999999997051,49.66568075807046
4.127999999997049,49.64907411113237
4.128999999997046,49.632863255766125
4.129999999997044,49.61705336530334
4.130999999997042,49.601648907929686
4.131999999997039,49.58665292287177
4.132999999997037,49.572066496063755
4.133999999997035,49.55788850827199
4.134999999997032,49.54411569048054
4.13599999999703,49.53074297847348
4.136999999997028,49.5177641168501
4.137999999997025,49.50517242790106
4.138999999997023,49.49296163766737
4.139999999997021,49.48112664335624
4.140999999997018,49.469664114372975
4.141999999997016,49.45857284252316
4.142999999997014,49.447853792237225
4.143999999997011,49.43750984400983
4.144999999997009,49.427545267530775
4.145999999997007,49.41796499903622
4.146999999997004,49.40877382476866
4.147999999997002,49.39997558531777
4.148999999997,49.39157251229602
4.149999999996997,49.38356478993928
4.150999999996995,49.37595040255619
4.151999999996993,49.368725288763585
4.15299999999699,49.36188378065104
4.153999999996988,49.35541926629498
4.154999999996986,49.349324982827916
4.155999999996983,49.343594828920125
4.156999999996981,49.338224082676184
4.157999999996979,49.33320992409166
4.1589999999969764,49.32855168866014
4.159999999996974,49.324250816605606
4.160999999996972,49.32031050517999
4.1619999999969695,49.316735113354916
4.162999999996967,49.31352940303129
4.163999999996965,49.310697723654684
4.1649999999969625,49.30824325473977
4.16599999999696,49.306167412308454
4.166999999996958,49.30446950200692
4.1679999999969555,49.303146667011205
4.168999999996953,49.30219413763341
4.169999999996951,49.301605747461466
4.1709999999969485,49.30137464368012
4.171999999996946,49.30149409204921
4.172999999996944,49.30195826366426
4.1739999999969415,49.30276289304385
4.174999999996939,49.30390571506939
4.175999999996937,49.30538661940223
4.1769999999969345,49.30720750084801
4.177999999996932,49.309371827076596
4.17899999999693,49.3118839849327
4.1799999999969275,49.314748497635115
4.180999999996925,49.31796922304581
4.181999999996923,49.321548645487745
4.1829999999969205,49.32548736012265
4.183999999996918,49.32978382168833
4.184999999996916,49.334434392326145
4.1859999999969135,49.33943368145835
4.186999999996911,49.34477512994307
4.187999999996909,49.35045175662524
4.1889999999969065,49.35645696264741
4.189999999996904,49.36278528066337
4.190999999996902,49.36943296372708
4.1919999999968995,49.37639833108296
4.192999999996897,49.38368182232557
4.193999999996895,49.391285752563554
4.1949999999968925,49.39921380342768
4.19599999999689,49.40747032195371
4.196999999996888,49.41605952623809
4.197999999996886,49.42498472956582
4.198999999996883,49.43424769174432
4.199999999996881,49.4438481882235
4.200999999996879,49.453783856898504
4.201999999996876,49.46405034361256
4.202999999996874,49.47464172567824
4.203999999996872,49.48555115395311
4.204999999996869,49.49677162345595
4.205999999996867,49.508296764451
4.206999999996865,49.520121542948075
4.207999999996862,49.53224277218665
4.20899999999686,49.544659363220305
4.209999999996858,49.55737227951054
4.210999999996855,49.5703842022323
4.211999999996853,49.58369895380114
4.212999999996851,49.597320761117935
4.213999999996848,49.61125346236096
4.214999999996846,49.625499768747375
4.215999999996844,49.64006068462124
4.216999999996841,49.6549351667442
4.217999999996839,49.67012007004801
4.218999999996837,49.685610387035986
4.219999999996834,49.70139974703982
4.220999999996832,49.71748110527458
4.22199999999683,49.73384752507302
4.222999999996827,49.750492943558285
4.223999999996825,49.7674128132287
4.224999999996823,49.78460452929121
4.22599999999682,49.8020675827321
4.226999999996818,49.819803417801396
4.227999999996816,49.83781501433638
4.228999999996813,49.856106254129145
4.229999999996811,49.87468116082952
4.230999999996809,49.89354312041081
4.231999999996806,49.91269419159231
4.232999999996804,49.93213460265205
4.233999999996802,49.95186250470872
4.234999999996799,49.9718740155621
4.235999999996797,49.99216354757765
4.236999999996795,50.012724373468316
4.237999999996792,50.03354935060466
4.23899999999679,50.054631702274875
4.239999999996788,50.07596574624223
4.240999999996785,50.097547468262874
4.241999999996783,50.11937485996271
4.242999999996781,50.141447973683924
4.243999999996778,50.16376868686203
4.244999999996776,50.18634020950392
4.245999999996774,50.209166404495654
4.246999999996771,50.23225101664835
4.247999999996769,50.255596918919316
4.248999999996767,50.27920548146691
4.249999999996764,50.30307615166149
4.250999999996762,50.32720630343079
4.25199999999676,50.351591376590626
4.252999999996757,50.37622528630814
4.253999999996755,50.40110104515619
4.254999999996753,50.426211510498284
4.25599999999675,50.45155015235635
4.256999999996748,50.47711173395275
4.257999999996746,50.50289280931835
4.258999999996743,50.52889196805517
4.259999999996741,50.55510979302707
4.260999999996739,50.58154853726731
4.261999999996736,50.60821156600559
4.262999999996734,50.63510264272672
4.263999999996732,50.662225159893815
4.264999999996729,50.6895814224219
4.265999999996727,50.71717208422772
4.266999999996725,50.7449958164459
4.267999999996722,50.77304925331939
4.26899999999672,50.801327222918864
4.269999999996718,50.829823230081715
4.270999999996715,50.85853012375569
4.271999999996713,50.887440855145066
4.272999999996711,50.91654922027718
4.273999999996708,50.945850482719464
4.274999999996706,50.97534178897105
4.275999999996704,51.00502231822858
4.276999999996701,51.034893145718804
4.277999999996699,51.06495683922312
4.278999999996697,51.09521684601791
4.2799999999966944,51.12567675684676
4.280999999996692,51.156339550570834
4.28199999999669,51.18720692551293
4.2829999999966875,51.21827881101018
4.283999999996685,51.24955312719474
4.284999999996683,51.28102582618322
4.2859999999966805,51.31269120851364
4.286999999996678,51.34454247026001
4.287999999996676,51.37657240404119
4.2889999999966735,51.40877415559706
4.289999999996671,51.44114192975269
4.290999999996669,51.473671546629
4.2919999999966665,51.50636076998146
4.292999999996664,51.539209361665485
4.293999999996662,51.57221885488106
4.2949999999966595,51.60539207854409
4.295999999996657,51.63873250014835
4.296999999996655,51.67224347985846
4.2979999999966525,51.705927540753905
4.29899999999665,51.73978575752149
4.299999999996648,51.77381734897063
4.3009999999966455,51.80801953100369
4.301999999996643,51.8423876501798
4.302999999996641,51.876915578810745
4.3039999999966385,51.91159631603655
4.304999999996636,51.94642271054803
4.305999999996634,51.98138820356366
4.3069999999966315,52.01648748777592
4.307999999996629,52.05171698972565
4.308999999996627,52.08707510789885
4.3099999999966245,52.122562173295
4.310999999996622,52.15818013839173
4.31199999999662,52.193932038725706
4.3129999999966175,52.22982130325184
4.313999999996615,52.2658510106969
4.314999999996613,52.302023196386465
4.3159999999966105,52.338338306599894
4.316999999996608,52.37479487654705
4.317999999996606,52.41138947661016
4.318999999996604,52.44811693394556
4.319999999996601,52.48497079809883
4.320999999996599,52.5219439852324
4.321999999996597,52.55902951059596
4.322999999996594,52.59622120647924
4.323999999996592,52.63351432486596
4.32499999999659,52.67090594018725
4.325999999996587,52.70839509570602
4.326999999996585,52.74598267324037
4.327999999996583,52.78367100498367
4.32899999999658,52.821463282493234
4.329999999996578,52.85936284635547
4.330999999996576,52.897372456553015
4.331999999996573,52.93549364592786
4.332999999996571,52.973726247147965
4.333999999996569,53.01206815903531
4.334999999996566,53.05051538451246
4.335999999996564,53.08906233445078
4.336999999996562,53.127702354598945
4.337999999996559,53.16642840163126
4.338999999996557,53.20523377348958
4.339999999996555,53.24411279155657
4.340999999996552,53.28306133889803
4.34199999999655,53.32207717904349
4.342999999996548,53.3611600106949
4.343999999996545,53.40031125102036
4.344999999996543,53.43953357847823
4.345999999996541,53.4788302999327
4.346999999996538,53.51820463137395
4.347999999996536,53.55765899340082
4.348999999996534,53.597194420206485
4.349999999996531,53.63681016458552
4.350999999996529,53.67650355383582
4.351999999996527,53.716270116273755
4.352999999996524,53.75610396027342
4.353999999996522,53.795998352516946
4.35499999999652,53.83594641431769
4.355999999996517,53.87594183834716
4.356999999996515,53.91597952519207
4.357999999996513,53.95605605040714
4.35899999999651,53.996169896557234
4.359999999996508,54.03632141790314
4.360999999996506,54.07651254309235
4.361999999996503,54.11674625814781
4.362999999996501,54.1570259428855
4.363999999996499,54.19735465428662
4.364999999996496,54.23773445748323
4.365999999996494,54.2781658979985
4.366999999996492,54.318647688817535
4.367999999996489,54.359176655638045
4.368999999996487,54.399747947526166
4.369999999996485,54.440355483144785
4.370999999996482,54.48099256986115
4.37199999999648,54.52165260888856
4.372999999996478,54.56232978755723
4.373999999996475,54.603019661585016
4.374999999996473,54.64371954565778
4.375999999996471,54.684428657612514
4.376999999996468,54.72514799628199
4.377999999996466,54.765879970614215
4.378999999996464,54.80662783269977
4.379999999996461,54.847394994804304
4.380999999996459,54.88818432654591
4.381999999996457,54.92899753082098
4.382999999996454,54.9698346857053
4.383999999996452,55.010694016079036
4.38499999999645,55.05157192647063
4.385999999996447,55.092463290099055
4.386999999996445,55.13336195335018
4.387999999996443,55.17426138486636
4.38899999999644,55.21515537821317
4.389999999996438,55.25603870956697
4.390999999996436,55.29690765815109
4.391999999996433,55.337760316438434
4.392999999996431,55.37859664675665
4.393999999996429,55.41941827671157
4.394999999996426,55.460228062656945
4.395999999996424,55.501029483046494
4.396999999996422,55.54182594725109
4.397999999996419,55.582620117013704
4.398999999996417,55.62341333560033
4.399999999996415,55.664205244310295
4.4009999999964124,55.70499363958471
4.40199999999641,55.74577459023833
4.402999999996408,55.78654279800878
4.4039999999964055,55.82729215068101
4.404999999996403,55.8680163901675
4.405999999996401,55.90870980184566
4.4069999999963985,55.949367828463956
4.407999999996396,55.98998752249476
4.408999999996394,56.03056777355456
4.4099999999963915,56.071109279207626
4.410999999996389,56.111614263674696
4.411999999996387,56.152085984463426
4.4129999999963845,56.19252809668709
4.413999999996382,56.23294396463656
4.41499999999638,56.273336017256334
4.4159999999963775,56.313705237697285
4.416999999996375,56.35405085806171
4.417999999996373,56.394370301595195
4.4189999999963705,56.434659379950155
4.419999999996368,56.47491271754518
4.420999999996366,56.51512434337752
4.4219999999963635,56.55528836726594
4.422999999996361,56.59539964569233
4.423999999996359,56.63545434385809
4.4249999999963565,56.67545031514184
4.425999999996354,56.71538724485674
4.426999999996352,56.75526653843892
4.4279999999963495,56.795090970219306
4.428999999996347,56.83486414262078
4.429999999996345,56.87458983214753
4.4309999999963425,56.91427131419839
4.43199999999634,56.95391076137828
4.432999999996338,56.99350879936443
4.4339999999963355,57.03306428208891
4.434999999996333,57.07257431720861
4.435999999996331,57.11203453785336
4.4369999999963285,57.151439582289235
4.437999999996326,57.19078371413933
4.438999999996324,57.23006149617866
4.4399999999963216,57.26926842322176
4.440999999996319,57.30840142534134
4.441999999996317,57.34745917089354
4.442999999996315,57.38644212702051
4.443999999996312,57.42535236950237
4.44499999999631,57.46419316913554
4.445999999996308,57.502968413212955
4.446999999996305,57.54168194369011
4.447999999996303,57.580336905035495
4.448999999996301,57.61893519308452
4.449999999996298,57.657477081763275
4.450999999996296,57.695961079468866
4.451999999996294,57.73438403470583
4.452999999996291,57.7727414757799
4.453999999996289,57.811028136706994
4.454999999996287,57.849238595528284
4.455999999996284,57.887367935512785
4.456999999996282,57.9254123365296
4.45799999999628,57.96336951366723
4.458999999996277,58.00123894167544
4.459999999996275,58.039021833981536
4.460999999996273,58.07672087963485
4.46199999999627,58.114339775605266
4.462999999996268,58.151882620546935
4.463999999996266,58.18935325540562
4.464999999996263,58.22675464340319
4.465999999996261,58.264088376098044
4.466999999996259,58.30135437430129
4.467999999996256,58.338550825216615
4.468999999996254,58.37567436411931
4.469999999996252,58.41272047476315
4.470999999996249,58.449684052213435
4.471999999996247,58.486560049145716
4.472999999996245,58.52334411498968
4.473999999996242,58.560033138302956
4.47499999999624,58.59662561635764
4.475999999996238,58.63312180024243
4.476999999996235,58.66952359542155
4.477999999996233,58.70583423214869
4.478999999996231,58.742057752492215
4.479999999996228,58.77819838638377
4.480999999996226,58.81425990445098
4.481999999996224,58.850245038344774
4.482999999996221,58.88615504950316
4.483999999996219,58.921989506290664
4.484999999996217,58.957746300197606
4.485999999996214,58.99342189837333
4.486999999996212,59.02901179680918
4.48799999999621,59.06451111051846
4.488999999996207,59.09991521794027
4.489999999996205,59.135220369225976
4.490999999996203,59.17042417312256
4.4919999999962,59.20552589424406
4.492999999996198,59.240526519223515
4.493999999996196,59.2754285828019
4.494999999996193,59.3102357787327
4.495999999996191,59.344952410579445
4.496999999996189,59.37958275982375
4.497999999996186,59.41413046004766
4.498999999996184,59.44859796478395
4.499999999996182,59.48298618322668
4.500999999996179,59.51729433432115
4.501999999996177,59.55152003914977
4.502999999996175,59.58565963825946
4.503999999996172,59.619708689220424
4.50499999999617,59.65366257456961
4.505999999996168,59.68751713489352
4.506999999996165,59.72126923829032
4.507999999996163,59.754917206384135
4.508999999996161,59.78846103725049
4.509999999996158,59.82190239422279
4.510999999996156,59.85524436252844
4.511999999996154,59.88849100837998
4.512999999996151,59.92164680282544
4.513999999996149,59.954715991466124
4.514999999996147,59.98770199846665
4.515999999996144,60.02060694817064
4.516999999996142,60.05343137092006
4.51799999999614,60.08617413376264
4.518999999996137,60.11883260526446
4.519999999996135,60.15140303097939
4.520999999996133,60.183881066762105
4.5219999999961304,60.216262395107755
4.522999999996128,60.248543338106636
4.523999999996126,60.28072138109181
4.5249999999961235,60.31279553360349
4.525999999996121,60.344766477191826
4.526999999996119,60.37663647960563
4.5279999999961165,60.40840908782311
4.528999999996114,60.44008864345919
4.529999999996112,60.471679688933484
4.5309999999961095,60.50318634790284
4.531999999996107,60.534611766776564
4.532999999996105,60.56595769528845
4.5339999999961025,60.59722426441897
4.5349999999961,60.62840999225318
4.535999999996098,60.65951201650687
4.5369999999960955,60.690526520843115
4.537999999996093,60.721449295090075
4.538999999996091,60.75227635079954
4.5399999999960885,60.78300450585771
4.540999999996086,60.81363185619821
4.541999999996084,60.84415806855086
4.5429999999960815,60.87458445334246
4.543999999996079,60.904913807845276
4.544999999996077,60.935150052008716
4.5459999999960745,60.965297708514484
4.546999999996072,60.995361300329115
4.54799999999607,61.02534475036102
4.5489999999960675,61.0552508672426
4.549999999996065,61.08508098892969
4.550999999996063,61.11483483355091
4.5519999999960605,61.144510577899084
4.552999999996058,61.17410515217118
4.553999999996056,61.20361470941414
4.5549999999960535,61.2330352037844
4.555999999996051,61.26236299653855
4.556999999996049,61.29159540481054
4.5579999999960465,61.32073111625993
4.558999999996044,61.34977041154704
4.559999999996042,61.3787151636483
4.5609999999960396,61.40756861446594
4.561999999996037,61.43633496049948
4.562999999996035,61.465018806119716
4.563999999996033,61.493624561391584
4.56499999999603,61.52215586892163
4.565999999996028,61.550615139852866
4.566999999996026,61.57900326361293
4.567999999996023,61.60731953158307
4.568999999996021,61.635561784914884
4.569999999996019,61.663726765443315
4.570999999996016,61.69181062034028
4.571999999996014,61.71980948971264
4.572999999996012,61.747720094774486
4.573999999996009,61.775540244155096
4.574999999996007,61.80326918740647
4.575999999996005,61.83090776627042
4.576999999996002,61.85845834273986
4.577999999996,61.885924514392464
4.578999999995998,61.91331065734963
4.579999999995995,61.94062136135346
4.580999999995993,61.967860836382044
4.581999999995991,61.995032373960576
4.582999999995988,62.02213793838901
4.583999999995986,62.049177944724136
4.584999999995984,62.07615125412696
4.585999999995981,62.10305538681494
4.586999999995979,62.129886922496965
4.587999999995977,62.15664203204966
4.588999999995974,62.18331706587762
4.589999999995972,62.20990911649305
4.59099999999597,62.23641647646615
4.591999999995967,62.26283892759943
4.592999999995965,62.28917782093431
4.593999999995963,62.315435936653635
4.59499999999596,62.34161714392733
4.595999999995958,62.36772590882571
4.596999999995956,62.393766719642656
4.597999999995953,62.41974351033274
4.598999999995951,62.445659162766866
4.599999999995949,62.47151515722545
4.600999999995946,62.497311419640994
4.601999999995944,62.523046386526815
4.602999999995942,62.54871727813009
4.603999999995939,62.57432054131472
4.604999999995937,62.59985240001238
4.605999999995935,62.62530943607114
4.606999999995932,62.650689119086955
4.60799999999593,62.67599021095982
4.608999999995928,62.701212988538515
4.609999999995925,62.72635925331955
4.610999999995923,62.75143212715718
4.611999999995921,62.77643566303585
4.612999999995918,62.80137432588207
4.613999999995916,62.82625241648773
4.614999999995914,62.85107351936062
4.615999999995911,62.87584005171465
4.616999999995909,62.900552976429104
4.617999999995907,62.92521171874294
4.618999999995904,62.949814297929585
4.619999999995902,62.97435765519834
4.6209999999959,62.99883813170487
4.621999999995897,63.023252029624025
4.622999999995895,63.04759617764091
4.623999999995893,63.071868421602524
4.62499999999589,63.09606797158881
4.625999999995888,63.12019555684284
4.626999999995886,63.14425336706111
4.627999999995883,63.16824478861412
4.628999999995881,63.19217397308954
4.629999999995879,63.21604529902542
4.630999999995876,63.23986280251041
4.631999999995874,63.263629656466286
4.632999999995872,63.28734777135206
4.633999999995869,63.31101757284947
4.634999999995867,63.334637987239056
4.635999999995865,63.35820663613815
4.636999999995862,63.38172021306702
4.63799999999586,63.40517498895533
4.638999999995858,63.42856737571827
4.639999999995855,63.4518944689087
4.640999999995853,63.475154493396545
4.641999999995851,63.49834708963324
4.6429999999958484,63.521473400499225
4.643999999995846,63.544535946804
4.644999999995844,63.567538309252384
4.6459999999958415,63.59048466186605
4.646999999995839,63.61337922260027
4.647999999995837,63.63622569832116
4.6489999999958345,63.65902680185422
4.649999999995832,63.68178390849892
4.65099999999583,63.7044968997305
4.6519999999958275,63.72716421557557
4.652999999995825,63.74978310799343
4.653999999995823,63.77235005956826
4.6549999999958205,63.79486130875053
4.655999999995818,63.81731340802367
4.656999999995816,63.83970373675327
4.6579999999958135,63.86203089684694
4.658999999995811,63.88429493581433
4.659999999995809,63.90649736610913
4.6609999999958065,63.92864097832096
4.661999999995804,63.95072947477539
4.662999999995802,63.97276697528553
4.6639999999957995,63.99475746461995
4.664999999995797,64.01670425921647
4.665999999995795,64.03860956774658
4.6669999999957925,64.06047420678917
4.66799999999579,64.08229751105728
4.668999999995788,64.10407745037382
4.6699999999957855,64.12581093673955
4.670999999995783,64.14749427831323
4.671999999995781,64.16912371663707
4.6729999999957785,64.19069597180861
4.673999999995776,64.21220871918983
4.674999999995774,64.23366093086011
4.6759999999957715,64.25505303401344
4.676999999995769,64.27638686429663
4.677999999995767,64.2976654209185
4.6789999999957645,64.31889245824513
4.679999999995762,64.3400719714862
4.68099999999576,64.36120764879536
4.6819999999957576,64.38230236660145
4.682999999995755,64.40335779870972
4.683999999995753,64.42437419360839
4.684999999995751,64.44535035079609
4.685999999995748,64.46628379911061
4.686999999995746,64.48717115185374
4.687999999995744,64.50800858884669
4.688999999995741,64.52879239783432
4.689999999995739,64.5495194993592
4.690999999995737,64.57018788153954
4.691999999995734,64.59079688383152
4.692999999995732,64.61134729009719
4.69399999999573,64.63184121814685
4.694999999995727,64.65228182155924
4.695999999995725,64.67267284595846
4.696999999995723,64.69301810226123
4.69799999999572,64.71332093089735
4.698999999995718,64.73358373204651
4.699999999995716,64.75380762748442
4.700999999995713,64.77399230106586
4.701999999995711,64.79413603982987
4.702999999995709,64.81423596967595
4.703999999995706,64.83428845241698
4.704999999995704,64.85428958849482
4.705999999995702,64.87423575488936
4.706999999995699,64.89412410282607
4.707999999995697,64.91395294551965
4.708999999995695,64.93372198164188
4.709999999995692,64.95343232331905
4.71099999999569,64.97308632497304
4.711999999995688,64.99268723734168
4.712999999995685,65.01223873553384
4.713999999995683,65.03174438754553
4.714999999995681,65.05120713783212
4.715999999995678,65.07062887821434
4.716999999995676,65.09001016597615
4.717999999995674,65.10935012830483
4.718999999995671,65.12864656612703
4.719999999995669,65.14789624255006
4.720999999995667,65.16709531535766
4.721999999995664,65.18623985290925
4.722999999995662,65.20532636113718
4.72399999999566,65.22435224777847
4.724999999995657,65.24331615878454
4.725999999995655,65.26221813981691
4.726999999995653,65.28105960034921
4.72799999999565,65.29984308567829
4.728999999995648,65.31857188915626
4.729999999995646,65.33724955933636
4.730999999995643,65.35587937134571
4.731999999995641,65.37446383662271
4.732999999995639,65.39300431957498
4.733999999995636,65.41150081458255
4.734999999995634,65.4299519142461
4.735999999995632,65.44835497303086
4.736999999995629,65.46670644317729
4.737999999995627,65.4850023357177
4.738999999995625,65.50323874197056
4.739999999995622,65.52141234242481
4.74099999999562,65.53952083168785
4.741999999995618,65.55756319995186
4.742999999995615,65.57553983160443
4.743999999995613,65.59345240735377
4.744999999995611,65.61130362388265
4.745999999995608,65.62909677067947
4.746999999995606,65.64683522367154
4.747999999995604,65.66452192680872
4.748999999995601,65.6821589342315
4.749999999995599,65.6997470769818
4.750999999995597,65.71728580064735
4.751999999995594,65.73477319635724
4.752999999995592,65.7522062205233
4.75399999999559,65.7695810723789
4.754999999995587,65.78689367634634
4.755999999995585,65.80414020161484
4.756999999995583,65.82131754610717
4.75799999999558,65.83842371699964
4.758999999995578,65.85545805449122
4.759999999995576,65.87242126756924
4.760999999995573,65.88931527698031
4.761999999995571,65.90614288773422
4.762999999995569,65.92290733738591
4.7639999999955664,65.93961178368117
4.764999999995564,65.95625880348942
4.765999999995562,65.97284997317252
4.7669999999955595,65.9893855889625
4.767999999995557,66.00586456620978
4.768999999995555,66.0222845313202
4.7699999999955525,66.03864209327047
4.77099999999555,66.05493325653819
4.771999999995548,66.0711539175388
4.7729999999955455,66.0873003749962
4.773999999995543,66.1033697827188
4.774999999995541,66.11936048133194
4.7759999999955385,66.13527216252476
4.776999999995536,66.15110584294058
4.777999999995534,66.16686365162023
4.7789999999955315,66.18254846112477
4.779999999995529,66.19816341436942
4.780999999995527,66.21371141372155
4.7819999999955245,66.22919464402517
4.782999999995522,66.24461419627526
4.78399999999552,66.25996984441441
4.7849999999955175,66.27526000621066
4.785999999995515,66.29048189342215
4.786999999995513,66.30563183002198
4.7879999999955105,66.32070569380629
4.788999999995508,66.33569941948059
4.789999999995506,66.35060949272277
4.7909999999955035,66.36543336598142
4.791999999995501,66.38016973774872
4.792999999995499,66.39481865624421
4.7939999999954965,66.40938143315692
4.794999999995494,66.42386037981676
4.795999999995492,66.43825840311106
4.7969999999954895,66.45257851808657
4.797999999995487,66.4668233457227
4.798999999995485,66.48099466626117
4.7999999999954825,66.49509309050734
4.80099999999548,66.50911789487736
4.801999999995478,66.5230670429971
4.8029999999954756,66.53693739057861
4.803999999995473,66.55072504471575
4.804999999995471,66.56442582719055
4.805999999995469,66.57803577684959
4.806999999995466,66.59155162064766
4.807999999995464,66.60497114734204
4.808999999995462,66.61829343150197
4.809999999995459,66.63151887654563
4.810999999995457,66.64464907098956
4.811999999995455,66.65768647835993
4.812999999995452,66.67063400455974
4.81399999999545,66.68349450359244
4.814999999995448,66.6962702910343
4.815999999995445,66.70896273338319
4.816999999995443,66.72157197061401
4.817999999995441,66.7340968105243
4.818999999995438,66.7465348093853
4.819999999995436,66.75888252738143
4.820999999995434,66.7711359229299
4.821999999995431,66.78329083058425
4.822999999995429,66.79534345555234
4.823999999995427,66.8072908155366
4.824999999995424,66.81913106798949
4.825999999995422,66.83086367698971
4.82699999999542,66.84248939649147
4.827999999995417,66.85401007254535
4.828999999995415,66.86542829253419
4.829999999995413,66.87674693089937
4.83099999999541,66.88796865526082
4.831999999995408,66.89909546220719
4.832999999995406,66.91012830770478
4.833999999995403,66.9210668836685
4.834999999995401,66.93190957169867
4.835999999995399,66.94265358020189
4.836999999995396,66.9532952454955
4.837999999995394,66.96383045462379
4.838999999995392,66.97425513061692
4.839999999995389,66.98456571219883
4.840999999995387,66.99475956073094
4.841999999995385,67.00483523739335
4.842999999995382,67.01479261183968
4.84399999999538,67.02463278728476
4.844999999995378,67.0343578527964
4.845999999995375,67.0439704978383
4.846999999995373,67.05347354338033
4.847999999995371,67.06286945546415
4.848999999995368,67.07215990939433
4.849999999995366,67.08134546546097
4.850999999995364,67.0904254013554
4.851999999995361,67.09939772446344
4.852999999995359,67.10825936206534
4.853999999995357,67.11700650264544
4.854999999995354,67.12563504041731
4.855999999995352,67.13414106076898
4.85699999999535,67.14252129860698
4.857999999995347,67.15077350538797
4.858999999995345,67.15889667345115
4.859999999995343,67.16689108633628
4.86099999999534,67.1747581882504
4.861999999995338,67.18250029127857
4.862999999995336,67.19012016169224
4.863999999995333,67.19762054358911
4.864999999995331,67.20500368674205
4.865999999995329,67.21227094476691
4.866999999995326,67.21942249971117
4.867999999995324,67.22645725136219
4.868999999995322,67.23337288650238
4.869999999995319,67.24016611818446
4.870999999995317,67.24683306138296
4.871999999995315,67.25336969234255
4.872999999995312,67.25977232726521
4.87399999999531,67.26603805327515
4.874999999995308,67.27216505131281
4.875999999995305,67.27815276578237
4.876999999995303,67.2840018973402
4.877999999995301,67.28971422008378
4.878999999995298,67.29529224907472
4.879999999995296,67.30073880510135
4.880999999995294,67.30605653789611
4.881999999995291,67.3112474746865
4.882999999995289,67.31631265723279
4.883999999995287,67.32125191796683
4.8849999999952844,67.32606382629884
4.885999999995282,67.3307458123407
4.88699999999528,67.33529445052295
4.8879999999952775,67.3397058632744
4.888999999995275,67.34397618818176
4.889999999995273,67.34810204318788
4.8909999999952705,67.35208092466802
4.891999999995268,67.35591148264946
4.892999999995266,67.35959363471704
4.8939999999952635,67.36312850282563
4.894999999995261,67.36651818215533
4.895999999995259,67.3697653747222
4.8969999999952565,67.37287293936717
4.897999999995254,67.37584342135766
4.898999999995252,67.37867862751222
4.8999999999952495,67.38137930621461
4.900999999995247,67.38394497687396
4.901999999995245,67.38637393242209
4.9029999999952425,67.38866341424146
4.90399999999524,67.39080993485436
4.904999999995238,67.39280970309092
4.9059999999952355,67.39465909214977
4.906999999995233,67.39635508499276
4.907999999995231,67.39789563469168
4.9089999999952285,67.39927988930843
4.909999999995226,67.4005082499315
4.910999999995224,67.40158225396254
4.9119999999952215,67.4025043002981
4.912999999995219,67.40327725523574
4.913999999995217,67.40390399456807
4.9149999999952145,67.40438694614285
4.915999999995212,67.40472769692359
4.91699999999521,67.40492671939677
4.9179999999952075,67.40498325536268
4.918999999995205,67.40489537309377
4.919999999995203,67.40466018962171
4.9209999999952005,67.4042742268748
4.921999999995198,67.40373385171982
4.922999999995196,67.40303573826345
4.9239999999951936,67.40217728766801
4.924999999995191,67.40115694671914
4.925999999995189,67.39997438060108
4.926999999995187,67.39863047584163
4.927999999995184,67.39712717326827
4.928999999995182,67.39546715468872
4.92999999999518,67.3936534274958
4.930999999995177,67.39168886561565
4.931999999995175,67.3895757711715
4.932999999995173,67.38731551816602
4.93399999999517,67.38490832785395
4.934999999995168,67.3823532069607
4.935999999995166,67.37964805712018
4.936999999995163,67.37678993998892
4.937999999995161,67.37377546079095
4.938999999995159,67.37060121653089
4.939999999995156,67.36726424609809
4.940999999995154,67.36376241923568
4.941999999995152,67.36009470994469
4.942999999995149,67.35626131613562
4.943999999995147,67.35226360895983
4.944999999995145,67.34810391919109
4.945999999995142,67.34378519090471
4.94699999999514,67.33931055124296
4.947999999995138,67.3346828567059
4.948999999995135,67.32990427952242
4.949999999995133,67.32497599187383
4.950999999995131,67.31989799192202
4.951999999995128,67.31466909569637
4.952999999995126,67.30928709570314
4.953999999995124,67.30374906385534
4.954999999995121,67.29805175620183
4.955999999995119,67.29219206273326
4.956999999995117,67.28616743927452
4.957999999995114,67.27997626099885
4.958999999995112,67.27361804812224
4.95999999999511,67.2670935323033
4.960999999995107,67.26040455467391
4.961999999995105,67.25355381007385
4.962999999995103,67.2465444736242
4.9639999999951,67.23937976219041
4.964999999995098,67.23206249226965
4.965999999995096,67.22459469617428
4.966999999995093,67.21697735005851
4.967999999995091,67.20921025158245
4.968999999995089,67.20129206403666
4.969999999995086,67.19322052049384
4.970999999995084,67.18499275923494
4.971999999995082,67.17660574339874
4.972999999995079,67.16805670606284
4.973999999995077,67.15934355845071
4.974999999995075,67.15046520413321
4.975999999995072,67.14142171532592
4.97699999999507,67.13221434675191
4.977999999995068,67.12284538538172
4.978999999995065,67.11331785739728
4.979999999995063,67.1036351337184
4.980999999995061,67.09380048954901
4.981999999995058,67.08381667969009
4.982999999995056,67.07368558898905
4.983999999995054,67.06340800663078
4.984999999995051,67.05298355556155
4.985999999995049,67.04241078662676
4.986999999995047,67.03168742400698
4.987999999995044,67.02081072744528
4.988999999995042,67.0097779204862
4.98999999999504,66.99858662474769
4.990999999995037,66.98723523943902
4.991999999995035,66.97572321303143
4.992999999995033,66.96405116915419
4.99399999999503,66.9522208692731
4.994999999995028,66.94023501765187
4.995999999995026,66.92809693620985
4.996999999995023,66.91581015508139
4.997999999995021,66.90337797637345
4.998999999995019,66.89080307220847
4.999999999995016,66.8780871731706
5.000999999995014,66.86523089050054
5.001999999995012,66.8522336966086
5.002999999995009,66.83909406634385
5.003999999995007,66.82580975902951
5.004999999995005,66.81237820165221
5.0059999999950024,66.7987969195032
5.006999999995,66.78506395396266
5.007999999994998,66.77117820896325
5.0089999999949955,66.75713967768442
5.009999999994993,66.74294951787834
5.010999999994991,66.72860996549467
5.0119999999949885,66.71412409898278
5.012999999994986,66.6994954875683
5.013999999994984,66.6847277729889
5.0149999999949815,66.66982424336594
5.015999999994979,66.65478745881845
5.016999999994977,66.63961898103305
5.0179999999949745,66.62431924435256
5.018999999994972,66.60888758610801
5.01999999999497,66.59332243167547
5.0209999999949675,66.57762160816227
5.021999999994965,66.56178274270451
5.022999999994963,66.54580368957593
5.0239999999949605,66.52968292632133
5.024999999994958,66.51341986349672
5.025999999994956,66.49701502473826
5.0269999999949535,66.48047007212196
5.027999999994951,66.46378767348928
5.028999999994949,66.44697123061576
5.0299999999949465,66.43002450655958
5.030999999994944,66.41295120456674
5.031999999994942,66.39575455754941
5.0329999999949395,66.37843698550824
5.033999999994937,66.36099986861116
5.034999999994935,66.34344346737947
5.0359999999949325,66.32576700084003
5.03699999999493,66.30796887144842
5.037999999994928,66.29004700513757
5.0389999999949255,66.27199925880582
5.039999999994923,66.2538238381771
5.040999999994921,66.23551966754685
5.0419999999949185,66.21708665970515
5.042999999994916,66.19852584835266
5.043999999994914,66.17983936465849
5.0449999999949116,66.1610302614908
5.045999999994909,66.14210221022309
5.046999999994907,66.12305911281798
5.047999999994905,66.1039046836484
5.048999999994902,66.08464205959794
5.0499999999949,66.06527349286115
5.050999999994898,66.04580016916783
5.051999999994895,66.0262221765493
5.052999999994893,66.00653862871677
5.053999999994891,65.9867479255517
5.054999999994888,65.96684811410438
5.055999999994886,65.94683729949745
5.056999999994884,65.92671404819548
5.057999999994881,65.90647772721165
5.058999999994879,65.88612873183055
5.059999999994877,65.86566857009865
5.060999999994874,65.84509979246202
5.061999999994872,65.82442577666569
5.06299999999487,65.80365039830693
5.063999999994867,65.78277763338245
5.064999999994865,65.7618111485748
5.065999999994863,65.74075393657795
5.06699999999486,65.7196080473106
5.067999999994858,65.69837445234408
5.068999999994856,65.67705306119895
5.069999999994853,65.65564288694767
5.070999999994851,65.63414233773958
5.071999999994849,65.6125495933257
5.072999999994846,65.59086301383199
5.073999999994844,65.56908152355905
5.074999999994842,65.54720491612669
5.075999999994839,65.52523403833095
5.076999999994837,65.50317082713597
5.077999999994835,65.48101819484272
5.078999999994832,65.4587797787792
5.07999999999483,65.43645959082403
5.080999999994828,65.41406161601034
5.081999999994825,65.39158941646059
5.082999999994823,65.36904579599192
5.083999999994821,65.34643257210533
5.084999999994818,65.32375048696076
5.085999999994816,65.30099926948371
5.086999999994814,65.27817783965199
5.087999999994811,65.25528462619721
5.088999999994809,65.23231795315732
5.089999999994807,65.20927644114556
5.090999999994804,65.18615936717337
5.091999999994802,65.1629669327115
5.0929999999948,65.13970040256117
5.093999999994797,65.11636209527434
5.094999999994795,65.09295522669571
5.095999999994793,65.06948362879727
5.09699999999479,65.04595138341169
5.097999999994788,65.02236242227403
5.098999999994786,64.99872014936254
5.099999999994783,64.97502713824895
5.100999999994781,64.95128494655131
5.101999999994779,64.92749407314632
5.102999999994776,64.90365406382479
5.103999999994774,64.87976375037647
5.104999999994772,64.85582158948515
5.105999999994769,64.83182605392727
5.106999999994767,64.80777602129389
5.107999999994765,64.7836711058438
5.108999999994762,64.75951188709453
5.10999999999476,64.73530000327959
5.110999999994758,64.71103809677797
5.111999999994755,64.68672961940275
5.112999999994753,64.66237852506497
5.113999999994751,64.63798889304127
5.114999999994748,64.61356453468704
5.115999999994746,64.58910863859481
5.116999999994744,64.56462350368624
5.117999999994741,64.54011039731263
5.118999999994739,64.5155695579183
5.119999999994737,64.49100034161475
5.120999999994734,64.46640149194815
5.121999999994732,64.44177149498339
5.12299999999473,64.41710896994806
5.123999999994727,64.39241304076093
5.124999999994725,64.3676836364722
5.125999999994723,64.34292167864538
5.1269999999947204,64.31812912959616
5.127999999994718,64.29330889493723
5.128999999994716,64.26846459432757
5.1299999999947135,64.24360023276435
5.130999999994711,64.21871981861348
5.131999999994709,64.1938269819081
5.1329999999947065,64.16892464625917
5.133999999994704,64.14401480008422
5.134999999994702,64.1190983988864
5.1359999999946995,64.09417541195828
5.136999999994697,64.06924500672417
5.137999999994695,64.04430584475008
5.1389999999946925,64.01935644789482
5.13999999999469,63.994395583320994
5.140999999994688,63.96942261348172
5.1419999999946855,63.944437762137746
5.142999999994683,63.919442259262816
5.143999999994681,63.89443834470758
5.1449999999946785,63.86942913033196
5.145999999994676,63.84441834015039
5.146999999994674,63.81940996509955
5.1479999999946715,63.79440788089301
5.148999999994669,63.76941548246883
5.149999999994667,63.74443538606503
5.1509999999946645,63.71946924038227
5.151999999994662,63.69451767297116
5.15299999999466,63.669580379064186
5.1539999999946575,63.64465634019908
5.154999999994655,63.61974414188629
5.155999999994653,63.59484234578586
5.1569999999946505,63.56994986427333
5.157999999994648,63.54506628498345
5.158999999994646,63.520192099957875
5.1599999999946435,63.49532880743548
5.160999999994641,63.47047887220725
5.161999999994639,63.445645550318254
5.1629999999946365,63.420832602893434
5.163999999994634,63.39604393935409
5.164999999994632,63.37128324006831
5.1659999999946296,63.34655361123212
5.166999999994627,63.321857320129105
5.167999999994625,63.297195647573616
5.168999999994623,63.27256887790654
5.16999999999462,63.24797642768781
5.170999999994618,63.22341709487914
5.171999999994616,63.19888939352393
5.172999999994613,63.174391927032914
5.173999999994611,63.14992374781539
5.174999999994609,63.12548465295801
5.175999999994606,63.10107537463072
5.176999999994604,63.07669763870117
5.177999999994602,63.05235408353805
5.178999999994599,63.02804805060495
5.179999999994597,63.0037832763946
5.180999999994595,62.97956352900779
5.181999999994592,62.95539224032108
5.18299999999459,62.93127218517128
5.183999999994588,62.90720525228
5.184999999994585,62.88319233871964
5.185999999994583,62.85923338242199
5.186999999994581,62.83532752794712
5.187999999994578,62.81147340214924
5.188999999994576,62.787669461068425
5.189999999994574,62.76391435945825
5.190999999994571,62.740207291233816
5.191999999994569,62.716548253218825
5.192999999994567,62.69293819536059
5.193999999994564,62.66937903652331
5.194999999994562,62.64587354384771
5.19599999999456,62.62242509280484
5.196999999994557,62.59903734174784
5.197999999994555,62.57571386666767
5.198999999994553,62.552457807311214
5.19999999999455,62.52927157409345
5.200999999994548,62.50615665662131
5.201999999994546,62.483113560371855
5.202999999994543,62.460141880128745
5.203999999994541,62.4372404996993
5.204999999994539,62.41440788981702
5.205999999994536,62.39164246246539
5.206999999994534,62.36894293199868
5.207999999994532,62.346308632527496
5.208999999994529,62.32373974718556
5.209999999994527,62.30123741728651
5.210999999994525,62.27880371625106
5.211999999994522,62.256441492155055
5.21299999999452,62.23415410117921
5.213999999994518,62.2119450694688
5.214999999994515,62.189817730851715
5.215999999994513,62.167774891126385
5.216999999994511,62.145818565786584
5.217999999994508,62.12394982767982
5.218999999994506,62.1021687856751
5.219999999994504,62.08047469709069
5.220999999994501,62.05886619797136
5.221999999994499,62.03734161887442
5.222999999994497,62.015899341912764
5.223999999994494,61.994538149072994
5.224999999994492,61.97325751307928
5.22599999999449,61.95205779014777
5.226999999994487,61.930940287771314
5.227999999994485,61.90990719820853
5.228999999994483,61.88896140721095
5.22999999999448,61.86810620498798
5.230999999994478,61.84734494005273
5.231999999994476,61.82668066449581
5.232999999994473,61.80611582030661
5.233999999994471,61.78565201050598
5.234999999994469,61.765289886901535
5.235999999994466,61.74502916993529
5.236999999994464,61.72486879763797
5.237999999994462,61.704807182691475
5.238999999994459,61.684842541534636
5.239999999994457,61.66497324941248
5.240999999994455,61.645198171668866
5.241999999994452,61.6255169249386
5.24299999999445,61.60593003174817
5.243999999994448,61.586438947004176
5.244999999994445,61.5670459528476
5.245999999994443,61.547753936812825
5.246999999994441,61.528566084557916
5.2479999999944384,61.509485530337486
5.248999999994436,61.49051501419583
5.249999999994434,61.47165659379602
5.2509999999944315,61.45291145105385
5.251999999994429,61.434279820417
5.252999999994427,61.41576104860186
5.2539999999944245,61.397353777241754
5.254999999994422,61.379056222752695
5.25599999999442,61.360866514173196
5.2569999999944175,61.342783041661846
5.257999999994415,61.3248047668719
5.258999999994413,61.306931451795506
5.2599999999944105,61.28916377412694
5.260999999994408,61.27150331313616
5.261999999994406,61.25395240822424
5.2629999999944035,61.236513910180285
5.263999999994401,61.21919086015685
5.264999999994399,61.201986141433416
5.2659999999943965,61.184902152735255
5.266999999994394,61.16794054874595
5.267999999994392,61.151102083960346
5.2689999999943895,61.13438658151552
5.269999999994387,61.11779303115548
5.270999999994385,61.10131980245383
5.2719999999943825,61.08496494334743
5.27299999999438,61.06872652213804
5.273999999994378,61.05260296508307
5.2749999999943755,61.0365933423286
5.275999999994373,61.02069756221739
5.276999999994371,61.0049164468676
5.2779999999943685,60.98925167859708
5.278999999994366,60.97370562489375
5.279999999994364,60.95828106665794
5.2809999999943615,60.942980867938665
5.281999999994359,60.92780763350601
5.282999999994357,60.91276340218744
5.2839999999943545,60.89784941878131
5.284999999994352,60.88306601628771
5.28599999999435,60.86841262472759
5.2869999999943476,60.85388790512574
5.287999999994345,60.83948998976538
5.288999999994343,60.82521679499837
5.289999999994341,60.81106636278974
5.290999999994338,60.79703718317445
5.291999999994336,60.78312845250865
5.292999999994334,60.76934023142227
5.293999999994331,60.75567348046337
5.294999999994329,60.742129968620816
5.295999999994327,60.72871206773031
5.296999999994324,60.71542246175825
5.297999999994322,60.702263811826825
5.29899999999432,60.68923842393105
5.299999999994317,60.67634796583113
5.300999999994315,60.66359327260715
5.301999999994313,60.65097426790105
5.30299999999431,60.63849001166722
5.303999999994308,60.626138867574774
5.304999999994306,60.6139187665068
5.305999999994303,60.60182752920058
5.306999999994301,60.58986320282839
5.307999999994299,60.578024364398864
5.308999999994296,60.566310348531
5.309999999994294,60.55472136778964
5.310999999994292,60.54325850885893
5.311999999994289,60.53192360526736
5.312999999994287,60.52071900469874
5.313999999994285,60.50964726365027
5.314999999994282,60.49871081232834
5.31599999999428,60.48791163672998
5.316999999994278,60.4772510223549
5.317999999994275,60.46672939527272
5.318999999994273,60.456346282605836
5.319999999994271,60.44610039776513
5.320999999994268,60.43598983835635
5.321999999994266,60.42601236894812
5.322999999994264,60.41616574906488
5.323999999994261,60.40644806046815
5.324999999994259,60.39685798791929
5.325999999994257,60.3873950141601
5.326999999994254,60.37805950190035
5.327999999994252,60.36885265147863
5.32899999999425,60.35977634030977
5.329999999994247,60.35083286680781
5.330999999994245,60.34202463482398
5.331999999994243,60.333353822888796
5.33299999999424,60.324822084579516
5.333999999994238,60.31643032187038
5.334999999994236,60.308178563030445
5.335999999994233,60.300065961970084
5.336999999994231,60.29209091894823
5.337999999994229,60.284251305608436
5.338999999994226,60.27654476275621
5.339999999994224,60.26896902914636
5.340999999994222,60.261522255237054
5.341999999994219,60.25420325799685
5.342999999994217,60.247011681137245
5.343999999994215,60.23994803844005
5.344999999994212,60.23301363426184
5.34599999999421,60.22621037254783
5.346999999994208,60.2195404812947
5.347999999994205,60.21300619120497
5.348999999994203,60.20660941360006
5.349999999994201,60.20035146266176
5.350999999994198,60.19423286077258
5.351999999994196,60.188253254030634
5.352999999994194,60.182411449578595
5.353999999994191,60.17670556935636
5.354999999994189,60.17113329862983
5.355999999994187,60.16569219442867
5.356999999994184,60.16038001067119
5.357999999994182,60.15519499444394
5.35899999999418,60.15013611198311
5.359999999994177,60.14520317277013
5.360999999994175,60.140396834496826
5.361999999994173,60.13571848836305
5.36299999999417,60.1311700409729
5.363999999994168,60.12675362355791
5.364999999994166,60.122471269376724
5.365999999994163,60.11832460451487
5.366999999994161,60.114314595324274
5.367999999994159,60.110441387735605
5.3689999999941564,60.106704260761056
5.369999999994154,60.10310170051875
5.370999999994152,60.09963158426453
5.3719999999941495,60.09629144856159
5.372999999994147,60.09307880398185
5.373999999994145,60.0899914522551
5.3749999999941425,60.08702776146464
5.37599999999414,60.08418686079605
5.376999999994138,60.08146872765013
5.3779999999941355,60.07887415505556
5.378999999994133,60.076404604129806
5.379999999994131,60.07406196244392
5.3809999999941285,60.07184824231115
5.381999999994126,60.069765261365944
5.382999999994124,60.06781435017941
5.3839999999941215,60.06599612777817
5.384999999994119,60.06431037634529
5.385999999994117,60.0627560324679
5.3869999999941145,60.0613312959829
5.387999999994112,60.06003384104533
5.38899999999411,60.058861099781794
5.3899999999941075,60.05781057876365
5.390999999994105,60.05688016396814
5.391999999994103,60.056068371539574
5.3929999999941005,60.055374509274245
5.393999999994098,60.05479872632032
5.394999999994096,60.0543419442718
5.3959999999940935,60.054005679503696
5.396999999994091,60.053791781818184
5.397999999994089,60.05370212616422
5.3989999999940865,60.053738300681985
5.399999999994084,60.05390133474031
5.400999999994082,60.05419150494444
5.4019999999940795,60.05460824611232
5.402999999994077,60.055150179504466
5.403999999994075,60.05581525419272
5.4049999999940725,60.056600981649545
5.40599999999407,60.057504730630875
5.406999999994068,60.05852404102086
5.4079999999940656,60.05965691267486
5.408999999994063,60.0609020288382
5.409999999994061,60.06225888291292
5.410999999994059,60.06372779093722
5.411999999994056,60.065309788191406
5.412999999994054,60.06700642460731
5.413999999994052,60.06881948781378
5.414999999994049,60.07075069274913
5.415999999994047,60.072801381356456
5.416999999994045,60.07497227438058
5.417999999994042,60.07726330990042
5.41899999999404,60.07967359104007
5.419999999994038,60.08220145000503
5.420999999994035,60.08484461932539
5.421999999994033,60.08760048622025
5.422999999994031,60.090466394401595
5.423999999994028,60.09343995102871
5.424999999994026,60.09651929583258
5.425999999994024,60.099703294759145
5.426999999994021,60.10299163109514
5.427999999994019,60.10638478144743
5.428999999994017,60.109883880113166
5.429999999994014,60.113490491037375
5.430999999994012,60.11720631947264
5.43199999999401,60.12103290384116
5.432999999994007,60.124971330982554
5.433999999994005,60.129022014598775
5.434999999994003,60.133184567779296
5.435999999994,60.13745778728496
5.436999999993998,60.14183975161659
5.437999999993996,60.14632801900303
5.438999999993993,60.150919897489345
5.439999999993991,60.155612749249116
5.440999999993989,60.16040428649113
5.441999999993986,60.165292817524204
5.442999999993984,60.17027740856965
5.443999999993982,60.17535793875147
5.444999999993979,60.18053504071311
5.445999999993977,60.185809935359245
5.446999999993975,60.19118418406305
5.447999999993972,60.196659393207945
5.44899999999397,60.202236912523134
5.449999999993968,60.20791756945545
5.450999999993965,60.213701476682026
5.451999999993963,60.219587939561414
5.452999999993961,60.22557547630771
5.453999999993958,60.23166194789895
5.454999999993956,60.237844779401534
5.455999999993954,60.2441212416341
5.456999999993951,60.250488753676585
5.457999999993949,60.2569451638508
5.458999999993947,60.2634889698377
5.459999999993944,60.27011944717358
5.460999999993942,60.27683666823856
5.46199999999394,60.283641409246286
5.462999999993937,60.290534958446706
5.463999999993935,60.29751885259742
5.464999999993933,60.30459457874657
5.46599999999393,60.311763283158236
5.466999999993928,60.31902552811202
5.467999999993926,60.326381130526045
5.468999999993923,60.333829104838905
5.469999999993921,60.34136771797757
5.470999999993919,60.34899464855974
5.471999999993916,60.35670722792425
5.472999999993914,60.36450272916687
5.473999999993912,60.372378663671896
5.474999999993909,60.38033304361678
5.475999999993907,60.38836457372566
5.476999999993905,60.39647274549566
5.477999999993902,60.404657820836455
5.4789999999939,60.41292070758594
5.479999999993898,60.42126274453664
5.480999999993895,60.42968542625942
5.481999999993893,60.43819010639034
5.482999999993891,60.44677772096954
5.483999999993888,60.45544857052151
5.484999999993886,60.46420219126201
5.485999999993884,60.473037333298265
5.486999999993881,60.48195204870291
5.487999999993879,60.49094387698673
5.488999999993877,60.50001010190079
5.4899999999938744,60.509148043544485
5.490999999993872,60.518355344847784
5.49199999999387,60.527630212319885
5.4929999999938675,60.53697157738885
5.493999999993865,60.54637915583444
5.494999999993863,60.55585339713964
5.4959999999938605,60.56539533103392
5.496999999993858,60.57500633292244
5.497999999993856,60.58468784121255
5.4989999999938535,60.59444106621859
5.499999999993851,60.604266731414576
5.500999999993849,60.614164883182724
5.5019999999938465,60.62413479555111
5.502999999993844,60.634174983088165
5.503999999993842,60.64428331998167
5.5049999999938395,60.65445724849576
5.505999999993837,60.66469404752258
5.506999999993835,60.67499112356595
5.5079999999938325,60.685346283394
5.50899999999383,60.695757950190895
5.509999999993828,60.706225293006234
5.5109999999938255,60.71674825148575
5.511999999993823,60.72732745258472
5.512999999993821,60.737964031117784
5.5139999999938185,60.748659379468776
5.514999999993816,60.759414861654
5.515999999993814,60.77023153185452
5.5169999999938115,60.78110989681255
5.517999999993809,60.792049755263925
5.518999999993807,60.80305013673366
5.5199999999938045,60.81410934809605
5.520999999993802,60.82522512121982
5.5219999999938,60.83639484090423
5.5229999999937975,60.84761582111196
5.523999999993795,60.85888559077401
5.524999999993793,60.870202149148334
5.5259999999937905,60.88156415500579
5.526999999993788,60.892971023230714
5.527999999993786,60.90442291544379
5.5289999999937836,60.91592062613532
5.529999999993781,60.92746538044895
5.530999999993779,60.9390585721244
5.531999999993777,60.950701478421905
5.532999999993774,60.962394991997954
5.533999999993772,60.97413940723048
5.53499999999377,60.98593429078999
5.535999999993767,60.997778454415524
5.536999999993765,61.00967003353396
5.537999999993763,61.02160666056707
5.53899999999376,61.03358570855145
5.539999999993758,61.04560457089065
5.540999999993756,61.05766093803425
5.541999999993753,61.06975303234261
5.542999999993751,61.081879768296254
5.543999999993749,61.09404081570524
5.544999999993746,61.10623655721549
5.545999999993744,61.118467946247975
5.546999999993742,61.130736285457196
5.547999999993739,61.143042956904615
5.548999999993737,61.1553891418276
5.549999999993735,61.16777556925315
5.550999999993732,61.180202328583526
5.55199999999373,61.19266877225151
5.552999999993728,61.20517352190422
5.553999999993725,61.217714577081956
5.554999999993723,61.23028951103537
5.555999999993721,61.2428957261601
5.556999999993718,61.255530733218734
5.557999999993716,61.268192415228775
5.558999999993714,61.28087923907883
5.559999999993711,61.2935903853042
5.560999999993709,61.30632577796212
5.561999999993707,61.31908601058438
5.562999999993704,61.33187217877015
5.563999999993702,61.34468564304656
5.5649999999937,61.357527755355186
5.565999999993697,61.3703995875358
5.566999999993695,61.383301699816066
5.567999999993693,61.39623398162726
5.56899999999369,61.40919558688498
5.569999999993688,61.42218497262449
5.570999999993686,61.43520003541818
5.571999999993683,61.44823832634684
5.572999999993681,61.461297314336846
5.573999999993679,61.474374660944534
5.574999999993676,61.48746846810646
5.575999999993674,61.50057746419489
5.576999999993672,61.51370110240867
5.577999999993669,61.52683955785261
5.578999999993667,61.539993623885096
5.579999999993665,61.55316452244753
5.580999999993662,61.566353655114185
5.58199999999366,61.57956232985556
5.582999999993658,61.59279150182441
5.583999999993655,61.60604156441868
5.584999999993653,61.61931221975774
5.585999999993651,61.63260244654399
5.586999999993648,61.64591056963454
5.587999999993646,61.65923442142884
5.588999999993644,61.67257157235936
5.589999999993641,61.685919598136564
5.590999999993639,61.69927634629042
5.591999999993637,61.71264016468687
5.592999999993634,61.72601006006157
5.593999999993632,61.73938576447002
5.59499999999363,61.75276770048231
5.595999999993627,61.7661568501895
5.596999999993625,61.779554546547324
5.597999999993623,61.79296221644584
5.59899999999362,61.806381111575675
5.599999999993618,61.81981206479227
5.600999999993616,61.833255306017186
5.601999999993613,61.846710363314166
5.602999999993611,61.86017606281965
5.603999999993609,61.873650627365706
5.604999999993606,61.88713185984087
5.605999999993604,61.90061738550502
5.606999999993602,61.91410491926067
5.607999999993599,61.927592520428824
5.608999999993597,61.941078799365194
5.609999999993595,61.95456304704759
5.6109999999935924,61.96804526959867
5.61199999999359,61.9815261230703
5.612999999993588,61.99500675780584
5.6139999999935855,62.008488594357566
5.614999999993583,62.021973062481315
5.615999999993581,62.03546133983047
5.6169999999935785,62.04895412692565
5.617999999993576,62.06245148981751
5.618999999993574,62.07595279232257
5.6199999999935715,62.089456727147436
5.620999999993569,62.102961441376756
5.621999999993567,62.1164647386202
5.6229999999935645,62.129964329419295
5.623999999993562,62.14345809480199
5.62499999999356,62.156944326072434
5.6259999999935575,62.17042190728581
5.626999999993555,62.18389041494128
5.627999999993553,62.19735012105886
5.6289999999935505,62.210801899373216
5.629999999993548,62.22424704797541
5.630999999993546,62.23768705340872
5.6319999999935435,62.2511233293797
5.632999999993541,62.2645569667215
5.633999999993539,62.27798852957812
5.6349999999935365,62.291417926232775
5.635999999993534,62.30484437250019
5.636999999993532,62.318266452636415
5.6379999999935295,62.33168226907587
5.638999999993527,62.34508965991042
5.639999999993525,62.35848645357556
5.6409999999935225,62.37187072504093
5.64199999999352,62.3852410176288
5.642999999993518,62.398596499439996
5.6439999999935155,62.41193703257375
5.644999999993513,62.42526314558412
5.645999999993511,62.43857591320768
5.6469999999935085,62.45187676038617
5.647999999993506,62.46516721818524
5.648999999993504,62.47844866588264
5.6499999999935016,62.491722095349516
5.650999999993499,62.50498793064787
5.651999999993497,62.51824592796361
5.652999999993495,62.531495169716756
5.653999999993492,62.544734153499974
5.65499999999349,62.557960963239104
5.655999999993488,62.57117349850046
5.656999999993485,62.58436972975761
5.657999999993483,62.59754794384234
5.658999999993481,62.61070694522107
5.659999999993478,62.62384618497074
5.660999999993476,62.63696579949807
5.661999999993474,62.65006655373556
5.662999999993471,62.66314969694231
5.663999999993469,62.67621675148138
5.664999999993467,62.68926926428565
5.665999999993464,62.7023085558855
5.666999999993462,62.715335502129456
5.66799999999346,62.728350379071905
5.668999999993457,62.74135279259976
5.669999999993455,62.75434170247817
5.670999999993453,62.76731553728088
5.67199999999345,62.78027238397363
5.672999999993448,62.793210225506954
5.673999999993446,62.80612719309276
5.674999999993443,62.819021797825734
5.675999999993441,62.83189310924669
5.676999999993439,62.84474085591701
5.677999999993436,62.85756543404157
5.678999999993434,62.87036782309418
5.679999999993432,62.88314942043729
5.680999999993429,62.89591181826664
5.681999999993427,62.90865655423095
5.682999999993425,62.92138487069797
5.683999999993422,62.9340975163339
5.68499999999342,62.94679461766672
5.685999999993418,62.95947563845741
5.686999999993415,62.97213943239037
5.687999999993413,62.98478438154775
5.688999999993411,62.99740860115184
5.689999999993408,63.010010181819936
5.690999999993406,63.02258743536377
5.691999999993404,63.035139109713555
5.692999999993401,63.0476645428974
5.693999999993399,63.060163734607734
5.694999999993397,63.072637325459304
5.695999999993394,63.08508648700891
5.696999999993392,63.09751273811494
5.69799999999339,63.10991771349917
5.698999999993387,63.12230291701155
5.699999999993385,63.13466949415854
5.700999999993383,63.147018055677904
5.70199999999338,63.159348576730146
5.702999999993378,63.17166038565387
5.703999999993376,63.18395224368875
5.704999999993373,63.1962225043493
5.705999999993371,63.20846933001818
5.706999999993369,63.22069093535097
5.707999999993366,63.23288582337382
5.708999999993364,63.24505298121772
5.709999999993362,63.257192008136855
5.710999999993359,63.269303157982534
5.711999999993357,63.28138729033085
5.712999999993355,63.29344573727257
5.713999999993352,63.3054801046881
5.71499999999335,63.31749203596634
5.715999999993348,63.32948297131974
5.716999999993345,63.34145393639126
5.717999999993343,63.35340538966715
5.718999999993341,63.365337149921004
5.719999999993338,63.37724841367766
5.720999999993336,63.38913786008939
5.721999999993334,63.40100382839653
5.722999999993331,63.41284454302503
5.723999999993329,63.42465835474034
5.724999999993327,63.43644396407394
5.725999999993324,63.448200595760056
5.726999999993322,63.459928099825234
5.72799999999332,63.47162696528915
5.728999999993317,63.48329824470619
5.729999999993315,63.494943400290005
5.730999999993313,63.50656409332058
5.7319999999933104,63.51816194644531
5.732999999993308,63.52973831220263
5.733999999993306,63.541294080147125
5.7349999999933035,63.55282954947701
5.735999999993301,63.564344384844006
5.736999999993299,63.57583766136318
5.7379999999932965,63.58730799236525
5.738999999993294,63.598753721873244
5.739999999993292,63.61017315476695
5.7409999999932895,63.62156479235687
5.741999999993287,63.63292754036856
5.742999999993285,63.644260860245296
5.7439999999932825,63.65556484266262
5.74499999999328,63.66684019307614
5.745999999993278,63.67808813148844
5.7469999999932755,63.68931022063361
5.747999999993273,63.700508146780464
5.748999999993271,63.711683483939986
5.7499999999932685,63.72283747450655
5.750999999993266,63.73397085698673
5.751999999993264,63.74508376481396
5.7529999999932615,63.756175710256045
5.753999999993259,63.76724565550374
5.754999999993257,63.7782921608373
5.7559999999932545,63.789313589007286
5.756999999993252,63.80030833713119
5.75799999999325,63.81127506359331
5.7589999999932475,63.82221287817989
5.759999999993245,63.83312146886846
5.760999999993243,63.84400114761694
5.7619999999932405,63.85485280886673
5.762999999993238,63.86567780673516
5.763999999993236,63.876477768248975
5.7649999999932335,63.88725436889817
5.765999999993231,63.8980091020101
5.766999999993229,63.90874307422982
5.7679999999932265,63.919456855671235
5.768999999993224,63.93015040558843
5.769999999993222,63.94082308381526
5.7709999999932196,63.95147374621407
5.771999999993217,63.962100910630156
5.772999999993215,63.97270297001314
5.773999999993213,63.98327842280541
5.77499999999321,63.99382608831113
5.775999999993208,64.0043452769142
5.776999999993206,64.01483589136846
5.777999999993203,64.02529844507981
5.778999999993201,64.03573399496935
5.779999999993199,64.04614399846851
5.780999999993196,64.05653011483
5.781999999993194,64.0668939786892
5.782999999993192,64.077236977631
5.783999999993189,64.087560064883
5.784999999993187,64.09786363326492
5.785999999993185,64.10814746790192
5.786999999993182,64.1184107841621
5.78799999999318,64.12865234535573
5.788999999993178,64.13887064359162
5.789999999993175,64.14906411837892
5.790999999993173,64.15923138231612
5.791999999993171,64.16937142224678
5.792999999993168,64.17948374774433
5.793999999993166,64.18956846620138
5.794999999993164,64.19962627412404
5.795999999993161,64.20965836599554
5.796999999993159,64.21966627362417
5.797999999993157,64.22965165861785
5.798999999993154,64.23961608711966
5.799999999993152,64.24956081837806
5.80099999999315,64.25948663669753
5.801999999993147,64.26939375018948
5.802999999993145,64.27928177035199
5.803999999993143,64.28914977518218
5.80499999999314,64.29899644684149
5.805999999993138,64.30882026448252
5.806999999993136,64.31861972515935
5.807999999993133,64.32839356184438
5.808999999993131,64.3381409280238
5.809999999993129,64.34786152306505
5.810999999993126,64.35755564088284
5.811999999993124,64.367224135222
5.812999999993122,64.37686830655825
5.813999999993119,64.38648972661053
5.814999999993117,64.39609002515913
5.815999999993115,64.4056706690884
5.816999999993112,64.41523276460056
5.81799999999311,64.42477691022664
5.818999999993108,64.43430312110073
5.819999999993105,64.44381083495078
5.820999999993103,64.45329899881989
5.821999999993101,64.46276622424399
5.822999999993098,64.472210989058
5.823999999993096,64.481631857515
5.824999999993094,64.49102768786989
5.825999999993091,64.5003977983794
5.826999999993089,64.50974206852986
5.827999999993087,64.51906096141228
5.828999999993084,64.52835546424622
5.829999999993082,64.53762695553061
5.83099999999308,64.54687701757126
5.831999999993077,64.556107220744
5.832999999993075,64.56531890975937
5.833999999993073,64.57451302183584
5.83499999999307,64.58368996215906
5.835999999993068,64.59284955393407
5.836999999993066,64.60199106987777
5.837999999993063,64.61111334059788
5.838999999993061,64.62021492456672
5.839999999993059,64.62929431580562
5.840999999993056,64.63835016014406
5.841999999993054,64.64738144975924
5.842999999993052,64.65638766877741
5.843999999993049,64.66536886960736
5.844999999993047,64.67432566942831
5.845999999993045,64.6832591674566
5.846999999993042,64.69217079472365
5.84799999999304,64.7010621175374
5.848999999993038,64.70993462223119
5.849999999993035,64.71878951136715
5.850999999993033,64.72762753988768
5.851999999993031,64.73644891405698
5.8529999999930284,64.74525326720924
5.853999999993026,64.75403971555362
5.854999999993024,64.76280698608915
5.8559999999930215,64.77155359860802
5.856999999993019,64.78027807622708
5.857999999993017,64.78897915492472
5.8589999999930145,64.7976559627362
5.859999999993012,64.80630814355848
5.86099999999301,64.81493590830024
5.8619999999930075,64.82354000633413
5.862999999993005,64.83212162139102
5.863999999993003,64.84068220661304
5.8649999999930005,64.84922328198374
5.865999999992998,64.8577462225727
5.866999999992996,64.86625206725417
5.8679999999929935,64.87474137463047
5.868999999992991,64.88321414622996
5.869999999992989,64.8916698275975
5.8709999999929865,64.9001073869866
5.871999999992984,64.90852546051353
5.872999999992982,64.9169225433516
5.8739999999929795,64.9252972001358
5.874999999992977,64.9336482650948
5.875999999992975,64.94197500389521
5.8769999999929725,64.95027721459277
5.87799999999297,64.95855525363808
5.878999999992968,64.96680998342364
5.8799999999929655,64.97504264885892
5.880999999992963,64.98325470039138
5.881999999992961,64.99144758837328
5.8829999999929585,64.99962255761608
5.883999999992956,65.00778047089493
5.884999999992954,65.01592168604304
5.8859999999929515,65.02404600372867
5.886999999992949,65.03215269309031
5.887999999992947,65.04024059150878
5.8889999999929445,65.04830826443587
5.889999999992942,65.05635420281641
5.89099999999294,65.06437703040922
5.8919999999929376,65.07237569196278
5.892999999992935,65.08034959591295
5.893999999992933,65.08829869167758
5.894999999992931,65.09622347082487
5.895999999992928,65.10412489207764
5.896999999992926,65.11200424080077
5.897999999992924,65.11986294276748
5.898999999992921,65.12770235837868
5.899999999992919,65.13552358617231
5.900999999992917,65.14332730310652
5.901999999992914,65.1511136638911
5.902999999992912,65.15888227334179
5.90399999999291,65.16663223549536
5.904999999992907,65.17436227248135
5.905999999992905,65.18207089640521
5.906999999992903,65.18975661009647
5.9079999999929,65.19741810857465
5.908999999992898,65.20505445301505
5.909999999992896,65.21266519288862
5.910999999992893,65.22025041924717
5.911999999992891,65.22781074180057
5.912999999992889,65.23534719313082
5.913999999992886,65.24286107358918
5.914999999992884,65.25035375871431
5.915999999992882,65.2578264962097
5.916999999992879,65.26528022092438
5.917999999992877,65.27271541370075
5.918999999992875,65.28013202376128
5.919999999992872,65.28752946537831
5.92099999999287,65.29490668916543
5.921999999992868,65.30226231789231
5.922999999992865,65.30959482771712
5.923999999992863,65.31690274940122
5.924999999992861,65.32418486130904
5.925999999992858,65.33144034717944
5.926999999992856,65.33866889662477
5.927999999992854,65.34587073437085
5.928999999992851,65.35304657425606
5.929999999992849,65.36019750457184
5.930999999992847,65.36732482093059
5.931999999992844,65.37442983017377
5.932999999992842,65.38151365283714
5.93399999999284,65.3885770518283
5.934999999992837,65.39562031124493
5.935999999992835,65.40264318219721
5.936999999992833,65.409644903093
5.93799999999283,65.41662429142286
5.938999999992828,65.42357989408896
5.939999999992826,65.43051017514782
5.940999999992823,65.43741371463234
5.941999999992821,65.44428939059465
5.942999999992819,65.45113651889707
5.943999999992816,65.45795493123094
5.944999999992814,65.46474498052922
5.945999999992812,65.47150747313879
5.946999999992809,65.47824353738743
5.947999999992807,65.48495444706838
5.948999999992805,65.49164142464964
5.949999999992802,65.49830545179803
5.9509999999928,65.50494711372102
5.951999999992798,65.51156649904624
5.952999999992795,65.51816316914463
5.953999999992793,65.52473620107027
5.954999999992791,65.53128429798588
5.955999999992788,65.53780595151423
5.956999999992786,65.54429963320874
5.957999999992784,65.5507639882974
5.958999999992781,65.55719800455894
5.959999999992779,65.56360113272206
5.960999999992777,65.56997334159504
5.961999999992774,65.57631510031429
5.962999999992772,65.58262729032045
5.96399999999277,65.58891105952159
5.964999999992767,65.59516763918029
5.965999999992765,65.60139814923527
5.966999999992763,65.6076034193403
5.96799999999276,65.61378385064222
5.968999999992758,65.61993933757088
5.969999999992756,65.62606926047707
5.970999999992753,65.63217255003048
5.971999999992751,65.6382478142508
5.972999999992749,65.64429351030005
5.9739999999927464,65.65030813692401
5.974999999992744,65.65629042057836
5.975999999992742,65.66223946918527
5.9769999999927395,65.66815487203905
5.977999999992737,65.67403673195246
5.978999999992735,65.67988562525345
5.9799999999927325,65.68570249536441
5.98099999999273,65.6914884949994
5.981999999992728,65.69724479917647
5.9829999999927255,65.70297241529319
5.983999999992723,65.70867201685954
5.984999999992721,65.71434382411552
5.9859999999927185,65.71998754815475
5.986999999992716,65.72560240625765
5.987999999992714,65.73118720617452
5.9889999999927115,65.73674048745224
5.989999999992709,65.74226069994477
5.990999999992707,65.74774639446395
5.9919999999927045,65.75319639885768
5.992999999992702,65.75860995487956
5.9939999999927,65.76398679673405
5.9949999999926975,65.76932716039313
5.995999999992695,65.77463172249139
5.996999999992693,65.77990147749172
5.9979999999926905,65.78513757044145
5.998999999992688,65.79034110881994
5.999999999992686,65.79551297986492
6.0009999999926835,65.80065369893221
6.001999999992681,65.8057633100537
6.002999999992679,65.81084135251271
6.0039999999926765,65.81588689800078
6.004999999992674,65.82089865304197
6.005999999992672,65.82587511224712
6.0069999999926695,65.83081474086987
6.007999999992667,65.83571616106693
6.008999999992665,65.84057831577154
6.0099999999926625,65.84540058727406
6.01099999999266,65.85018285396441
6.011999999992658,65.85492547740108
6.0129999999926556,65.85962922163668
6.013999999992653,65.8642951162233
6.014999999992651,65.868924282196
6.015999999992649,65.87351774547166
6.016999999992646,65.87807626381618
6.017999999992644,65.88260019157872
6.018999999992642,65.88708940105668
6.019999999992639,65.89154327139696
6.020999999992637,65.89596074647184
6.021999999992635,65.90034045352085
6.022999999992632,65.90468086586546
6.02399999999263,65.90898048685752
6.024999999992628,65.9132380292865
6.025999999992625,65.91745256513563
6.026999999992623,65.92162362476384
6.027999999992621,65.9257512317061
6.028999999992618,65.92983586832732
6.029999999992616,65.93387837726812
6.030999999992614,65.93787981260704
6.031999999992611,65.94184126168646
6.032999999992609,65.94576366261145
6.033999999992607,65.949647642981
6.034999999992604,65.95349340238494
6.035999999992602,65.95730065502727
6.0369999999926,65.96106864040168
6.037999999992597,65.96479620040782
6.038999999992595,65.96848191201657
6.039999999992593,65.97212425683504
6.04099999999259,65.97572180378175
6.041999999992588,65.97927337928184
6.042999999992586,65.98277820116633
6.043999999992583,65.98623595758076
6.044999999992581,65.98964681993904
6.045999999992579,65.99301138822695
6.046999999992576,65.99633057643972
6.047999999992574,65.99960545431303
6.048999999992572,66.00283706759444
6.049999999992569,66.00602626205844
6.050999999992567,66.00917353588987
6.051999999992565,66.01227894104015
6.052999999992562,66.01534204726893
6.05399999999256,66.01836197379528
6.054999999992558,66.02133748401667
6.055999999992555,66.02426712994163
6.056999999992553,66.02714942604578
6.057999999992551,66.02998302816783
6.058999999992548,66.03276689239729
6.059999999992546,66.03550039173496
6.060999999992544,66.03818337425977
6.061999999992541,66.04081615476231
6.062999999992539,66.04339944112823
6.063999999992537,66.045934205913
6.064999999992534,66.0484215211945
6.065999999992532,66.05086237990318
6.06699999999253,66.05325752866983
6.067999999992527,66.05560733557257
6.068999999992525,66.05791171122537
6.069999999992523,66.06017009415818
6.07099999999252,66.06238150242241
6.071999999992518,66.06454464409687
6.072999999992516,66.06665807113396
6.073999999992513,66.0687203549599
6.074999999992511,66.07073025921679
6.075999999992509,66.07268688547258
6.076999999992506,66.07458977154894
6.077999999992504,66.07643892877023
6.078999999992502,66.07823481303049
6.079999999992499,66.07997823385263
6.080999999992497,66.08167021429504
6.081999999992495,66.08331182142797
6.082999999992492,66.08490399117282
6.08399999999249,66.08644737204128
6.084999999992488,66.0879422096045
6.085999999992485,66.08938828778447
6.086999999992483,66.09078493507776
6.087999999992481,66.09213109473042
6.088999999992478,66.0934254489411
6.089999999992476,66.09466657963158
6.090999999992474,66.09585314322727
6.091999999992471,66.09698403496279
6.092999999992469,66.098058519723
6.093999999992467,66.09907631115394
6.0949999999924644,66.10003758804663
6.095999999992462,66.10094294582544
6.09699999999246,66.10179329004156
6.0979999999924575,66.10258968691106
6.098999999992455,66.10333319190437
6.099999999992453,66.10402468042476
6.1009999999924505,66.10466470426859
6.101999999992448,66.10525339390365
6.102999999992446,66.10579042015038
6.1039999999924435,66.10627502052294
6.104999999992441,66.10670608643306
6.105999999992439,66.10708229895461
6.1069999999924365,66.1074022940723
6.107999999992434,66.10766483424037
6.108999999992432,66.10786896222469
6.1099999999924295,66.10801411572176
6.110999999992427,66.10810018677431
6.111999999992425,66.10812751776164
6.1129999999924225,66.10809683464147
6.11399999999242,66.10800912691695
6.114999999992418,66.10786549123915
6.1159999999924155,66.10766696061397
6.116999999992413,66.10741434315341
6.117999999992411,66.10710809292348
6.1189999999924085,66.10674823090162
6.119999999992406,66.10633432700976
6.120999999992404,66.10586554563125
6.1219999999924015,66.10534074813191
6.122999999992399,66.10475863795179
6.123999999992397,66.10411792789917
6.1249999999923945,66.10341750620184
6.125999999992392,66.10265657807989
6.12699999999239,66.10183476306253
6.1279999999923875,66.10095213450256
6.128999999992385,66.10000919585934
6.129999999992383,66.09900679719087
6.1309999999923805,66.09794600366861
6.131999999992378,66.09682793462554
6.132999999992376,66.09565359572858
6.1339999999923736,66.09442372778537
6.134999999992371,66.09313869330573
6.135999999992369,66.09179841661803
6.136999999992367,66.09040238581497
6.137999999992364,66.0889497161482
6.138999999992362,66.08743926589514
6.13999999999236,66.08586978840435
6.140999999992357,66.08424009898398
6.141999999992355,66.08254923325124
6.142999999992353,66.08079657478898
6.14399999999235,66.07898193428466
6.144999999992348,66.0771055691598
6.145999999992346,66.07516814104554
6.146999999992343,66.07317061718376
6.147999999992341,66.07111412966347
6.148999999992339,66.06899981229046
6.149999999992336,66.06682863795743
6.150999999992334,66.06460127927645
6.151999999992332,66.06231801191991
6.152999999992329,66.05997867411085
6.153999999992327,66.0575826878234
6.154999999992325,66.05512913861625
6.155999999992322,66.05261690282863
6.15699999999232,66.05004480425919
6.157999999992318,66.04741177835079
6.158999999992315,66.04471702089188
6.159999999992313,66.04196010044143
6.160999999992311,66.03914101880252
6.161999999992308,66.03626021117746
6.162999999992306,66.0333184860905
6.163999999992304,66.03031691361092
6.164999999992301,66.02725667762849
6.165999999992299,66.02413891293078
6.166999999992297,66.02096454992046
6.167999999992294,66.01773418868552
6.168999999992292,66.01444801998565
6.16999999999229,66.011105804118
6.170999999992287,66.0077069105103
6.171999999992285,66.00425041239306
6.172999999992283,66.00073522321179
6.17399999999228,65.99716025562394
6.174999999992278,65.9935245807988
6.175999999992276,65.98982756572344
6.176999999992273,65.98606896934008
6.177999999992271,65.9822489841225
6.178999999992269,65.97836821737975
6.179999999992266,65.97442761501027
6.180999999992264,65.97042833850774
6.181999999992262,65.96637161252653
6.182999999992259,65.9622585644111
6.183999999992257,65.95809007815855
6.184999999992255,65.95386668321855
6.185999999992252,65.94958849361409
6.18699999999225,65.94525520579819
6.187999999992248,65.94086615543364
6.188999999992245,65.93642042504868
6.189999999992243,65.93191698741833
6.190999999992241,65.92735486454616
6.191999999992238,65.92273327997356
6.192999999992236,65.91805178310165
6.193999999992234,65.91331032816869
6.194999999992231,65.908509296909
6.195999999992229,65.903649461822
6.196999999992227,65.89873189530968
6.197999999992224,65.89375783751235
6.198999999992222,65.88872854142255
6.19999999999222,65.88364511699596
6.200999999992217,65.87850839606871
6.201999999992215,65.87331883693112
6.202999999992213,65.86807648182449
6.20399999999221,65.86278097320121
6.204999999992208,65.85743162635887
6.205999999992206,65.85202754818634
6.206999999992203,65.84656778532036
6.207999999992201,65.84105148092962
6.208999999992199,65.83547801816546
6.209999999992196,65.82984713022388
6.210999999992194,65.82415896167066
6.211999999992192,65.81841407253594
6.212999999992189,65.81261338471008
6.213999999992187,65.80675807826412
6.214999999992185,65.80084945230256
6.2159999999921824,65.79488876989868
6.21699999999218,65.78887710884361
6.217999999992178,65.78281523907965
6.2189999999921755,65.77670354390821
6.219999999992173,65.77054199590594
6.220999999992171,65.76433019080855
6.2219999999921685,65.75806743451145
6.222999999992166,65.75175287092019
6.223999999992164,65.74538563269289
6.2249999999921615,65.73896499374051
6.225999999992159,65.73249050214532
6.226999999992157,65.72596207492425
6.2279999999921545,65.71938004144535
6.228999999992152,65.71274512950733
6.22999999999215,65.70605839614839
6.2309999999921475,65.69932111297913
6.231999999992145,65.69253462218299
6.232999999992143,65.68570018339997
6.2339999999921405,65.67881883293764
6.234999999992138,65.6718912749729
6.235999999992136,65.66491781989583
6.2369999999921335,65.65789837831612
6.237999999992131,65.65083251146065
6.238999999992129,65.64371953080612
6.2399999999921265,65.63655863291424
6.240999999992124,65.62934905054436
6.241999999992122,65.62209019885881
6.2429999999921195,65.61478179627103
6.243999999992117,65.60742394304815
6.244999999992115,65.6000171467526
6.2459999999921125,65.59256229104919
6.24699999999211,65.58506055235843
6.247999999992108,65.57751327612716
6.2489999999921055,65.56992183011201
6.249999999992103,65.56228745524525
6.250999999992101,65.55461113495099
6.2519999999920985,65.54689350114307
6.252999999992096,65.53913478997325
6.253999999992094,65.53133485341593
6.2549999999920916,65.52349322495488
6.255999999992089,65.51560923007892
6.256999999992087,65.50768212603953
6.257999999992085,65.49971125125957
6.258999999992082,65.49169616346228
6.25999999999208,65.4836367472055
6.260999999992078,65.47553327582317
6.261999999992075,65.46738641918881
6.262999999992073,65.45919719631442
6.263999999992071,65.45096687953263
6.264999999992068,65.44269686376448
6.265999999992066,65.43438851924184
6.266999999992064,65.42604304832446
6.267999999992061,65.4176613664322
6.268999999992059,65.40924402369592
6.269999999992057,65.40079117819869
6.270999999992054,65.39230262444342
6.271999999992052,65.38377787295326
6.27299999999205,65.37521626977535
6.273999999992047,65.36661713908747
6.274999999992045,65.35797992892357
6.275999999992043,65.34930433960893
6.27699999999204,65.3405904169661
6.277999999992038,65.33183859730583
6.278999999992036,65.32304969799357
6.279999999992033,65.31422485501689
6.280999999992031,65.30536541640085
6.281999999992029,65.29647280647886
6.282999999992026,65.28754838007367
6.283999999992024,65.27859328701014
6.284999999992022,65.26960836588411
6.285999999992019,65.26059408188017
6.286999999992017,65.25155051723779
6.287999999992015,65.24247741558803
6.288999999992012,65.23337427385349
6.28999999999201,65.22424046876299
6.290999999992008,65.2150754002147
6.291999999992005,65.20587863139014
6.292999999992003,65.1966500060084
6.293999999992001,65.18738972634713
6.294999999991998,65.17809838117088
6.295999999991996,65.16877691975735
6.296999999991994,65.15942657575529
6.297999999991991,65.1500487516348
6.298999999991989,65.14064487997594
6.299999999991987,65.13121628104628
6.300999999991984,65.12176403659407
6.301999999991982,65.11228889746603
6.30299999999198,65.10279123789508
6.303999999991977,65.09327106275084
6.304999999991975,65.0837280666282
6.305999999991973,65.07416173640335
6.30699999999197,65.06457148282414
6.307999999991968,65.05495678265844
6.308999999991966,65.0453173114935
6.309999999991963,65.03565304860139
6.310999999991961,65.02596433925261
6.311999999991959,65.01625190582736
6.312999999991956,65.00651680626791
6.313999999991954,64.99676034579163
6.314999999991952,64.98698395431299
6.315999999991949,64.97718904679556
6.316999999991947,64.96737688610997
6.317999999991945,64.9575484675727
6.318999999991942,64.94770444127062
6.31999999999194,64.93784508295163
6.320999999991938,64.92797031745076
6.321999999991935,64.9180797912673
6.322999999991933,64.9081729840427
6.323999999991931,64.89824934327119
6.324999999991928,64.88830842334711
6.325999999991926,64.87835000948937
6.326999999991924,64.86837420921705
6.327999999991921,64.85838149863599
6.328999999991919,64.8483727171355
6.329999999991917,64.83834901134058
6.330999999991914,64.82831173626508
6.331999999991912,64.81826232758644
6.33299999999191,64.80820216297931
6.333999999991907,64.7981324319262
6.334999999991905,64.788054032195
6.335999999991903,64.77796750739991
6.3369999999919004,64.76787303428699
6.337999999991898,64.75777046141776
6.338999999991896,64.74765939373337
6.3399999999918935,64.737539311084
6.340999999991891,64.72740970406761
6.341999999991889,64.71727020813752
6.3429999999918865,64.70712071720409
6.343999999991884,64.6969614608606
6.344999999991882,64.6867930344878
6.3459999999918795,64.6766163781076
6.346999999991877,64.66643270704701
6.347999999991875,64.65624340421286
6.3489999999918725,64.64604988912454
6.34999999999187,64.63585348207607
6.350999999991868,64.62565528243151
6.3519999999918655,64.6154560780416
6.352999999991863,64.60525629837927
6.353999999991861,64.59505601785379
6.3549999999918585,64.58485500873638
6.355999999991856,64.57465283618978
6.356999999991854,64.56444898202433
6.3579999999918515,64.55424297980191
6.358999999991849,64.544034542362
6.359999999991847,64.53382366392032
6.3609999999918445,64.52361068250656
6.361999999991842,64.51339629406783
6.36299999999184,64.50318151635669
6.3639999999918375,64.4929676077573
6.364999999991835,64.48275595250081
6.365999999991833,64.47254792839774
6.3669999999918305,64.46234477563398
6.367999999991828,64.45214748497837
6.368999999991826,64.44195672099889
6.3699999999918235,64.43177279095168
6.370999999991821,64.4215956635982
6.371999999991819,64.41142503521455
6.3729999999918165,64.40126043346697
6.373999999991814,64.39110134454832
6.374999999991812,64.38094734574372
6.3759999999918096,64.37079822486284
6.376999999991807,64.36065406984652
6.377999999991805,64.35051531605792
6.378999999991803,64.3403827447187
6.3799999999918,64.33025743279889
6.380999999991798,64.32014066147737
6.381999999991796,64.31003379606645
6.382999999991793,64.29993815426624
6.383999999991791,64.28985488120402
6.384999999991789,64.27978484872114
6.385999999991786,64.26972859293953
6.386999999991784,64.25968629875513
6.387999999991782,64.2496578333272
6.388999999991779,64.23964282378087
6.389999999991777,64.22964076816841
6.390999999991775,64.2196511640941
6.391999999991772,64.20967363697231
6.39299999999177,64.199708049958
6.393999999991768,64.18975458019264
6.394999999991765,64.17981375075001
6.395999999991763,64.16988641389193
6.396999999991761,64.15997368807234
6.397999999991758,64.15007685760138
6.398999999991756,64.14019724907973
6.399999999991754,64.13033610194236
6.400999999991751,64.12049445122675
6.401999999991749,64.11067303893407
6.402999999991747,64.10087226631657
6.403999999991744,64.09109219367961
6.404999999991742,64.08133258762578
6.40599999999174,64.07159300903703
6.406999999991737,64.061872929404
6.407999999991735,64.05217185916608
6.408999999991733,64.04248947007763
6.40999999999173,64.0328256944794
6.410999999991728,64.02318078762386
6.411999999991726,64.01355534439679
6.412999999991723,64.00395026818425
6.413999999991721,63.99436669633512
6.414999999991719,63.984805892738635
6.415999999991716,63.97526912261953
6.416999999991714,63.96575752710498
6.417999999991712,63.95627201511534
6.418999999991709,63.946813187665754
6.419999999991707,63.93738130509959
6.420999999991705,63.927976301747805
6.421999999991702,63.91859784586902
6.4229999999917,63.90924543639562
6.423999999991698,63.899918522881464
6.424999999991695,63.89061663182649
6.425999999991693,63.88133948168714
6.426999999991691,63.87208707049578
6.427999999991688,63.86285972387723
6.428999999991686,63.85365809680994
6.429999999991684,63.844483128978
6.430999999991681,63.835335960057556
6.431999999991679,63.826217816877865
6.432999999991677,63.81712988830823
6.433999999991674,63.808073205405606
6.434999999991672,63.799048543574834
6.43599999999167,63.790056360380106
6.436999999991667,63.781096777629145
6.437999999991665,63.772169610144516
6.438999999991663,63.763274437106226
6.43999999999166,63.75441070590133
6.440999999991658,63.745577853887305
6.441999999991656,63.73677543099676
6.442999999991653,63.728003206010456
6.443999999991651,63.71926124165637
6.444999999991649,63.71054992806638
6.445999999991646,63.70186996999472
6.446999999991644,63.69322232967159
6.447999999991642,63.68460813338163
6.448999999991639,63.67602855491588
6.449999999991637,63.66748469225061
6.450999999991635,63.65897745471673
6.451999999991632,63.65050747642078
6.45299999999163,63.64207506796949
6.453999999991628,63.63368021317475
6.454999999991625,63.62532261110507
6.455999999991623,63.617001757515716
6.456999999991621,63.60871705418075
6.4579999999916184,63.600467930779
6.458999999991616,63.59225396224388
6.459999999991614,63.58407496516307
6.4609999999916115,63.575931059771456
6.461999999991609,63.5678226889229
6.462999999991607,63.55975059147274
6.4639999999916045,63.55171573388338
6.464999999991602,63.54371920971218
6.4659999999916,63.535762121116946
6.4669999999915975,63.52784545899951
6.467999999991595,63.51996999856263
6.468999999991593,63.5121362248633
6.4699999999915905,63.50434429871515
6.470999999991588,63.496594067632266
6.471999999991586,63.48888512019081
6.4729999999915835,63.48121687612287
6.473999999991581,63.473588699469325
6.474999999991579,63.46600001891965
6.4759999999915765,63.4584504384877
6.476999999991574,63.45093982304118
6.477999999991572,63.44346834677317
6.4789999999915695,63.43603649788955
6.479999999991567,63.42864503894636
6.480999999991565,63.421294928477856
6.4819999999915625,63.413987214972046
6.48299999999156,63.406722918086686
6.483999999991558,63.3995029137636
6.4849999999915555,63.39232783930172
6.485999999991553,63.38519803162972
6.486999999991551,63.3781135073421
6.4879999999915485,63.3710739872075
6.488999999991546,63.364078961634725
6.489999999991544,63.35712778786094
6.4909999999915415,63.35021980520126
6.491999999991539,63.34335445219683
6.492999999991537,63.33653136925825
6.4939999999915345,63.32975047245532
6.494999999991532,63.32301198817799
6.49599999999153,63.31631644388912
6.4969999999915276,63.3096646163501
6.497999999991525,63.303057444653184
6.498999999991523,63.29649592030733
6.499999999991521,63.28998096980099
6.500999999991518,63.28351334609252
6.501999999991516,63.27709354418538
6.502999999991514,63.27072175255178
6.503999999991511,63.26439784712712
6.504999999991509,63.25812142863023
6.505999999991507,63.25189189790616
6.506999999991504,63.24570855867419
6.507999999991502,63.239570733249394
6.5089999999915,63.233477875014586
6.509999999991497,63.22742966191198
6.510999999991495,63.22142605789294
6.511999999991493,63.215467333794436
6.51299999999149,63.20955404479697
6.513999999991488,63.203686967705096
6.514999999991486,63.19786700691613
6.515999999991483,63.19209508230202
6.516999999991481,63.18637201473764
6.517999999991479,63.180698425302786
6.518999999991476,63.17507466223621
6.519999999991474,63.169500765808
6.520999999991472,63.16397647595048
6.521999999991469,63.15850128149697
6.522999999991467,63.153074504061465
6.523999999991465,63.14769540476012
6.524999999991462,63.14236329880115
6.52599999999146,63.13707766189369
6.526999999991458,63.131838213597796
6.527999999991455,63.12664496599359
6.528999999991453,63.12149823092278
6.529999999991451,63.11639858486767
6.530999999991448,63.11134679647723
6.531999999991446,63.106343726964234
6.532999999991444,63.10139021737452
6.533999999991441,63.096486978538465
6.534999999991439,63.09163449909523
6.535999999991437,63.086832984423886
6.536999999991434,63.08208233496127
6.537999999991432,63.077382166859685
6.53899999999143,63.072731872016014
6.539999999991427,63.068130708998744
6.540999999991425,63.06357791209091
6.541999999991423,63.05907280315503
6.54299999999142,63.05461489065533
6.543999999991418,63.050203941988144
6.544999999991416,63.04584001905644
6.545999999991413,63.04152347216778
6.546999999991411,63.03725489319688
6.547999999991409,63.03303503465961
6.548999999991406,63.028864706087504
6.549999999991404,63.02474466226072
6.550999999991402,63.020675498950624
6.551999999991399,63.016657570745394
6.552999999991397,63.012690942411226
6.553999999991395,63.00877538052674
6.554999999991392,63.00491038648284
6.55599999999139,63.001095266150834
6.556999999991388,62.997329226400474
6.557999999991385,62.993611484907674
6.558999999991383,62.98994137785865
6.559999999991381,62.986318450478194
6.560999999991378,62.982742517742494
6.561999999991376,62.979213686839685
6.562999999991374,62.9757323383087
6.563999999991371,62.97229906858086
6.564999999991369,62.96891460205171
6.565999999991367,62.965579685053974
6.566999999991364,62.96229497661588
6.567999999991362,62.95906095130237
6.56899999999136,62.95587782771543
6.569999999991357,62.95274553260883
6.570999999991355,62.94966370556839
6.571999999991353,62.94663174352645
6.57299999999135,62.94364887880476
6.573999999991348,62.94071427970974
6.574999999991346,62.93782715955816
6.575999999991343,62.934986878868806
6.576999999991341,62.93219302642425
6.577999999991339,62.92944546790282
6.5789999999913364,62.92674435533432
6.579999999991334,62.92409009613375
6.580999999991332,62.92148328613684
6.5819999999913295,62.918924616089704
6.582999999991327,62.91641476474389
6.583999999991325,62.91395429355113
6.5849999999913225,62.91154355769147
6.58599999999132,62.90918264585239
6.586999999991318,62.906871357124714
6.5879999999913155,62.90460921817419
6.588999999991313,62.902395538209454
6.589999999991311,62.90022949398612
6.5909999999913085,62.8981102328913
6.591999999991306,62.89603697965349
6.592999999991304,62.89400913172535
6.5939999999913015,62.89202633001072
6.594999999991299,62.890088495076895
6.595999999991297,62.88819582385309
6.5969999999912945,62.886348747358966
6.597999999991292,62.88454785546295
6.59899999999129,62.88279379927124
6.5999999999912875,62.88108718486092
6.600999999991285,62.879428473242356
6.601999999991283,62.877817900538005
6.6029999999912805,62.876255429505655
6.603999999991278,62.87474073912589
6.604999999991276,62.873273253636974
6.6059999999912735,62.8718522068773
6.606999999991271,62.87047673286316
6.607999999991269,62.86914596987533
6.6089999999912665,62.86785916346048
6.609999999991264,62.86661575393098
6.610999999991262,62.86541543614673
6.6119999999912595,62.86425818327084
6.612999999991257,62.86314423124253
6.613999999991255,62.86207402622778
6.6149999999912525,62.86104814248318
6.61599999999125,62.860067182196616
6.616999999991248,62.85913167136514
6.6179999999912456,62.85824196629784
6.618999999991243,62.85739818381057
6.619999999991241,62.85660016483408
6.620999999991239,62.85584747646371
6.621999999991236,62.85513945208875
6.622999999991234,62.8544752639125
6.623999999991232,62.853854017660936
6.624999999991229,62.85327485618227
6.625999999991227,62.85273705742785
6.626999999991225,62.85224011311473
6.627999999991222,62.85178377709364
6.62899999999122,62.851368076717144
6.629999999991218,62.85099328568998
6.630999999991215,62.850659862291266
6.631999999991213,62.850368361691444
6.632999999991211,62.85011933470162
6.633999999991208,62.8499132271595
6.634999999991206,62.84975029403276
6.635999999991204,62.8496305402309
6.636999999991201,62.84955369635001
6.637999999991199,62.8495192326739
6.638999999991197,62.849526409400916
6.639999999991194,62.8495743559955
6.640999999991192,62.8496621685092
6.64199999999119,62.84978901121104
6.642999999991187,62.84995420829492
6.643999999991185,62.850157312841695
6.644999999991183,62.850398143425714
6.64599999999118,62.85067678330531
6.646999999991178,62.85099354239494
6.647999999991176,62.85134888741897
6.648999999991173,62.85174335009648
6.649999999991171,62.85217742625529
6.650999999991169,62.8526514800141
6.651999999991166,62.85316566643049
6.652999999991164,62.853719883398675
6.653999999991162,62.85431375947156
6.654999999991159,62.85494667923799
6.655999999991157,62.85561784262868
6.656999999991155,62.85632634978678
6.657999999991152,62.85707129957348
6.65899999999115,62.85785188789375
6.659999999991148,62.85866749208235
6.660999999991145,62.859517729567145
6.661999999991143,62.86040248265072
6.662999999991141,62.861321886016604
6.663999999991138,62.86227627878854
6.664999999991136,62.86326612793265
6.665999999991134,62.86429193379238
6.666999999991131,62.86535413102044
6.667999999991129,62.866452998788986
6.668999999991127,62.86758859282954
6.669999999991124,62.868760708770296
6.670999999991122,62.869968881838176
6.67199999999112,62.871212422895596
6.672999999991117,62.87249048569798
6.673999999991115,62.873802155902546
6.674999999991113,62.87514654933433
6.67599999999111,62.87652290573978
6.676999999991108,62.8779306649193
6.677999999991106,62.879369514620855
6.678999999991103,62.88083940354139
6.679999999991101,62.882340517703156
6.680999999991099,62.88387322358539
6.681999999991096,62.88543798605358
6.682999999991094,62.8870352726366
6.683999999991092,62.88866545758347
6.684999999991089,62.890328739129224
6.685999999991087,62.89202508151964
6.686999999991085,62.89375418985439
6.687999999991082,62.89551552120071
6.68899999999108,62.89730833034831
6.689999999991078,62.899131743737655
6.690999999991075,62.90098485115956
6.691999999991073,62.90286680235557
6.692999999991071,62.90477689498714
6.693999999991068,62.90671464167496
6.694999999991066,62.908679806762194
6.695999999991064,62.910672407722444
6.696999999991061,62.912692681091116
6.697999999991059,62.91474101776887
6.698999999991057,62.916817876824595
6.6999999999910544,62.91892368990877
6.700999999991052,62.92105876967574
6.70199999999105,62.923223235022235
6.7029999999910475,62.925416963565915
6.703999999991045,62.92763957795807
6.704999999991043,62.929890467876255
6.7059999999910405,62.93216884454529
6.706999999991038,62.93447382009079
6.707999999991036,62.93680450056749
6.7089999999910335,62.939160079616194
6.709999999991031,62.941539919637236
6.710999999991029,62.94394360914441
6.7119999999910265,62.94637098833049
6.712999999991024,62.94882213932578
6.713999999991022,62.9512973426025
6.7149999999910195,62.953797005698256
6.715999999991017,62.956321574305214
6.716999999991015,62.95887143821257
6.7179999999910125,62.96144684528329
6.71899999999101,62.964047835491684
6.719999999991008,62.96667420421116
6.7209999999910055,62.969325499829665
6.721999999991003,62.97200105595603
6.722999999991001,62.97470005363892
6.7239999999909985,62.97742160483525
6.724999999990996,62.980164845406335
6.725999999990994,62.9829290246115
6.7269999999909915,62.98571357858221
6.727999999990989,62.988518177527915
6.728999999990987,62.99134274012099
6.7299999999909845,62.994187413122035
6.730999999990982,62.9970525191773
6.73199999999098,62.99993848017211
6.7329999999909775,63.00284572693285
6.733999999990975,63.00577460794743
6.734999999990973,63.008725309885854
6.7359999999909705,63.011697801015
6.736999999990968,63.014691805374255
6.737999999990966,63.017706811260354
6.7389999999909636,63.0207421127608
6.739999999990961,63.023796878456906
6.740999999990959,63.02687023762724
6.741999999990957,63.029961371847776
6.742999999990954,63.033069599156704
6.743999999990952,63.03619443901142
6.74499999999095,63.03933564898515
6.745999999990947,63.042493228129025
6.746999999990945,63.04566738660242
6.747999999990943,63.048858485899856
6.74899999999094,63.052066958113464
6.749999999990938,63.05529321557437
6.750999999990936,63.058537563544164
6.751999999990933,63.061800128164016
6.752999999990931,63.06508080970995
6.753999999990929,63.068379267640644
6.754999999990926,63.071694939461175
6.755999999990924,63.07502709069021
6.756999999990922,63.078374888872446
6.757999999990919,63.081737491224374
6.758999999990917,63.085114133616486
6.759999999990915,63.08850420843807
6.760999999990912,63.09190732046503
6.76199999999091,63.09532331296556
6.762999999990908,63.09875226045358
6.763999999990905,63.10219442918325
6.764999999990903,63.10565021099204
6.765999999990901,63.109120039811565
6.766999999990898,63.11260430258333
6.767999999990896,63.116103257059045
6.768999999990894,63.11961696798136
6.769999999990891,63.12314527053512
6.770999999990889,63.12668776612557
6.771999999990887,63.13024385100319
6.772999999990884,63.13381277366072
6.773999999990882,63.13739371291185
6.77499999999088,63.140985865680946
6.775999999990877,63.14458853220493
6.776999999990875,63.14820118672556
6.777999999990873,63.15182352380896
6.77899999999087,63.15545547386485
6.779999999990868,63.15909718576257
6.780999999990866,63.16274897905408
6.781999999990863,63.16641127256984
6.782999999990861,63.17008449943886
6.783999999990859,63.173769020466366
6.784999999990856,63.177465047992854
6.785999999990854,63.18117259086656
6.786999999990852,63.18489142817776
6.787999999990849,63.18862111536651
6.788999999990847,63.19236102177688
6.789999999990845,63.19611039433489
6.790999999990842,63.19986843838191
6.79199999999084,63.20363440431252
6.792999999990838,63.20740766787561
6.793999999990835,63.21118779290248
6.794999999990833,63.214974567724035
6.795999999990831,63.21876801023131
6.796999999990828,63.222568340947795
6.797999999990826,63.22637592795607
6.798999999990824,63.23019121145636
6.799999999990821,63.23401461855888
6.800999999990819,63.23784648026143
6.801999999990817,63.24168696221944
6.802999999990814,63.24553601896378
6.803999999990812,63.24939337792076
6.80499999999081,63.25325855540005
6.805999999990807,63.257130902242864
6.806999999990805,63.2610096726749
6.807999999990803,63.26489410667412
6.8089999999908,63.26878351429272
6.809999999990798,63.272677350128646
6.810999999990796,63.27657526753986
6.811999999990793,63.28047714506526
6.812999999990791,63.284383081413786
6.813999999990789,63.28829335979979
6.814999999990786,63.292208386689865
6.815999999990784,63.29612861359957
6.816999999990782,63.300054452925025
6.817999999990779,63.303986199611465
6.818999999990777,63.30792396960899
6.819999999990775,63.311867663690805
6.8209999999907724,63.315816961637935
6.82199999999077,63.31977134753762
6.822999999990768,63.32373016258237
6.8239999999907655,63.32769267792474
6.824999999990763,63.33165817734686
6.825999999990761,63.335626038156676
6.8269999999907585,63.33959579899475
6.827999999990756,63.34356720508447
6.828999999990754,63.347540224646416
6.8299999999907515,63.351515034246376
6.830999999990749,63.35549197519963
6.831999999990747,63.3594714872111
6.8329999999907445,63.363454028594866
6.833999999990742,63.36743999427713
6.83499999999074,63.37142964306133
6.8359999999907375,63.375423044309855
6.836999999990735,63.379420051456464
6.837999999990733,63.38342030598797
6.8389999999907305,63.38742327127087
6.839999999990728,63.39142829142067
6.840999999990726,63.39543466691492
6.8419999999907235,63.399441736333756
6.842999999990721,63.40344895276103
6.843999999990719,63.40745594416238
6.8449999999907165,63.411462549321385
6.845999999990714,63.415468824354804
6.846999999990712,63.4194750189666
6.8479999999907095,63.42348152583614
6.848999999990707,63.42748881029141
6.849999999990705,63.43149733015207
6.8509999999907025,63.43550745698626
6.8519999999907,63.43951940978956
6.852999999990698,63.44353321033775
6.8539999999906955,63.447548666408515
6.854999999990693,63.45156538515176
6.855999999990691,63.455582814668354
6.8569999999906885,63.459600307908936
6.857999999990686,63.46361719989847
6.858999999990684,63.46763288744073
6.8599999999906816,63.47164690014376
6.860999999990679,63.475658952838465
6.861999999990677,63.47966897210187
6.862999999990675,63.48367709322784
6.863999999990672,63.48768362814667
6.86499999999067,63.4916890088478
6.865999999990668,63.4956937142927
6.866999999990665,63.49969819108453
6.867999999990663,63.50370277901925
6.868999999990661,63.507707651925635
6.869999999990658,63.51171278203871
6.870999999990656,63.51571793283471
6.871999999990654,63.51972268126241
6.872999999990651,63.523726466191704
6.873999999990649,63.52772865623821
6.874999999990647,63.53172862743164
6.875999999990644,63.53572583983079
6.876999999990642,63.53971990237084
6.87799999999064,63.54371061688521
6.878999999990637,63.54769799519408
6.879999999990635,63.55168224692081
6.880999999990633,63.55566373982591
6.88199999999063,63.55964293826971
6.882999999990628,63.563620328483495
6.883999999990626,63.56759634113532
6.884999999990623,63.57157128203783
6.885999999990621,63.575545280670035
6.886999999990619,63.5795182636695
6.887999999990616,63.58348995694201
6.888999999990614,63.5874599160245
6.889999999990612,63.59142758038519
6.890999999990609,63.59539234400181
6.891999999990607,63.5993536323034
6.892999999990605,63.60331097467983
6.893999999990602,63.60726406241809
6.8949999999906,63.6112127839811
6.895999999990598,63.61515723274289
6.896999999990595,63.61909768616389
6.897999999990593,63.62303455938827
6.898999999990591,63.62696833982363
6.899999999990588,63.630899511901454
6.900999999990586,63.634828482571
6.901999999990584,63.638755517945675
6.902999999990581,63.64268069993815
6.903999999990579,63.64660390890321
6.904999999990577,63.65052483464996
6.905999999990574,63.65444301421527
6.906999999990572,63.658357891044204
6.90799999999057,63.662268887240735
6.908999999990567,63.66617547874037
6.909999999990565,63.67007726287553
6.910999999990563,63.67397400889043
6.91199999999056,63.67786568437352
6.912999999990558,63.68175245397203
6.913999999990556,63.68563465062536
6.914999999990553,63.6895127234215
6.915999999990551,63.69338716942885
6.916999999990549,63.69725845908816
6.917999999990546,63.70112696562383
6.918999999990544,63.70499290834681
6.919999999990542,63.708856317748136
6.920999999990539,63.71271702721551
6.921999999990537,63.71657469246468
6.922999999990535,63.72042883590039
6.923999999990532,63.72427890963861
6.92499999999053,63.728124368326746
6.925999999990528,63.731964741548346
6.926999999990525,63.73579969567627
6.927999999990523,63.739629076543224
6.928999999990521,63.743452926992575
6.929999999990518,63.747271476922066
6.930999999990516,63.7510851072768
6.931999999990514,63.754894293099284
6.932999999990511,63.758699533665244
6.933999999990509,63.762501279517345
6.934999999990507,63.766299866613316
6.935999999990504,63.77009546678403
6.936999999990502,63.773888061389194
6.9379999999905,63.777677441796556
6.938999999990497,63.78146323655157
6.939999999990495,63.7852449613682
6.940999999990493,63.78902208488998
6.9419999999904904,63.792794100973104
6.942999999990488,63.79656059735467
6.943999999990486,63.80032131109211
6.9449999999904835,63.80407616304641
6.945999999990481,63.80782526661748
6.946999999990479,63.81156890958484
6.9479999999904765,63.815307511653636
6.948999999990474,63.819041563708026
6.949999999990472,63.822771557322326
6.9509999999904695,63.82649791441204
6.951999999990467,63.83022092686656
6.952999999990465,63.8339407145823
6.9539999999904625,63.837657207723424
6.95499999999046,63.841370155627665
6.955999999990458,63.84507916104803
6.9569999999904555,63.84878373486741
6.957999999990453,63.852483363581364
6.958999999990451,63.85617758006287
6.9599999999904485,63.859866027696754
6.960999999990446,63.86354850891835
6.961999999990444,63.86722501140164
6.9629999999904415,63.87089570828327
6.963999999990439,63.874560932457115
6.964999999990437,63.87822112860078
6.9659999999904345,63.88187678970841
6.966999999990432,63.885528387051444
6.96799999999043,63.889176303391594
6.9689999999904275,63.892820778784426
6.969999999990425,63.896461876527546
6.970999999990423,63.90009947396853
6.9719999999904205,63.90373327939481
6.972999999990418,63.90736287257772
6.973999999990416,63.91098776323934
6.9749999999904135,63.91460745921665
6.975999999990411,63.91822153475832
6.976999999990409,63.921829689398386
6.9779999999904065,63.925431789177516
6.978999999990404,63.929027884493166
6.979999999990402,63.93261820212711
6.9809999999903996,63.936203112637656
6.981999999990397,63.93978307774469
6.982999999990395,63.94335858512398
6.983999999990393,63.94693007977304
6.98499999999039,63.95049790155975
6.985999999990388,63.95406223767574
6.986999999990386,63.957623096605694
6.987999999990383,63.96118030719736
6.988999999990381,63.96473354290051
6.989999999990379,63.96828236771753
6.990999999990376,63.97182629738149
6.991999999990374,63.97536486715613
6.992999999990372,63.9788976967474
6.993999999990369,63.982424543239254
6.994999999990367,63.9859453346652
6.995999999990365,63.98946017956668
6.996999999990362,63.99296935125165
6.99799999999036,63.99647324902574
6.998999999990358,63.99997234188167
6.999999999990355,64.00346710256315
7.000999999990353,64.0069579412601
7.001999999990351,64.01044514820673
7.002999999990348,64.01392885319201
7.003999999990346,64.01740900760228
7.004999999990344,64.020885391453
7.005999999990341,64.02435764435953
7.006999999990339,64.02782531605081
7.007999999990337,64.03128792930514
7.008999999990334,64.03474504646317
7.009999999990332,64.03819633019774
7.01099999999033,64.04164159004412
7.011999999990327,64.0450808082179
7.012999999990325,64.0485141411516
7.013999999990323,64.05194189660209
7.01499999999032,64.0553644895908
7.015999999990318,64.05878238340306
7.016999999990316,64.06219602394303
7.017999999990313,64.0656057766521
7.018999999990311,64.06901187481418
7.019999999990309,64.07241438645492
7.020999999990306,64.0758132044195
7.021999999990304,64.07920806095788
7.022999999990302,64.08259856471435
7.023999999990299,64.08598425489159
7.024999999990297,64.08936466496527
7.025999999990295,64.09273938701116
7.026999999990292,64.09610812763741
7.02799999999029,64.09947074771215
7.028999999990288,64.10282728036523
7.029999999990285,64.1061779247962
7.030999999990283,64.1095230168169
7.031999999990281,64.11286298031885
7.032999999990278,64.1161982665056
7.033999999990276,64.11952928943421
7.034999999990274,64.12285636689009
7.035999999990271,64.12617967485743
7.036999999990269,64.1294992219141
7.037999999990267,64.13281484708406
7.038999999990264,64.13612624138398
7.039999999990262,64.13943298999233
7.04099999999026,64.14273462908533
7.041999999990257,64.1460307093422
7.042999999990255,64.14932085721581
7.043999999990253,64.15260482538177
7.04499999999025,64.15588252533566
7.045999999990248,64.1591540376112
7.046999999990246,64.16241959824534
7.047999999990243,64.1656795634507
7.048999999990241,64.16893435749083
7.049999999990239,64.17218441109938
7.050999999990236,64.17543009907882
7.051999999990234,64.1786716858135
7.052999999990232,64.18190928629637
7.053999999990229,64.1851428480838
7.054999999990227,64.18837215664962
7.055999999990225,64.1915968633276
7.056999999990222,64.1948165318739
7.05799999999022,64.19803069708097
7.058999999990218,64.20123892720807
7.059999999990215,64.20444088147798
7.060999999990213,64.20763635460003
7.061999999990211,64.21082530212628
7.062999999990208,64.21400784313703
7.063999999990206,64.21718423993741
7.064999999990204,64.22035485767265
7.0659999999902015,64.22352010956136
7.066999999990199,64.226680395459
7.067999999990197,64.22983604236444
7.0689999999901945,64.23298725519774
7.069999999990192,64.23613408470939
7.07099999999019,64.23927641696962
7.0719999999901875,64.24241398585346
7.072999999990185,64.24554640671475
7.073999999990183,64.24867322648535
7.0749999999901805,64.25179398315
7.075999999990178,64.25490826624942
7.076999999990176,64.25801576994292
7.0779999999901735,64.2611163312189
7.078999999990171,64.26420994794304
7.079999999990169,64.26729677426916
7.0809999999901665,64.2703770941141
7.081999999990164,64.27345127646939
7.082999999990162,64.27651971885847
7.0839999999901595,64.27958278688517
7.084999999990157,64.28264075834166
7.085999999990155,64.28569377968545
7.0869999999901525,64.28874184093904
7.08799999999015,64.29178477247466
7.088999999990148,64.29482226407876
7.0899999999901455,64.29785390357081
7.090999999990143,64.30087922952158
7.091999999990141,64.30389779065626
7.0929999999901385,64.3069092036053
7.093999999990136,64.30991320091717
7.094999999990134,64.31290966263406
7.0959999999901315,64.31589862705361
7.096999999990129,64.31888027921654
7.097999999990127,64.32185491880101
7.0989999999901245,64.3248229119613
7.099999999990122,64.32778463389982
7.10099999999012,64.33074041022603
7.1019999999901176,64.33369046531095
7.102999999990115,64.33663488484224
7.103999999990113,64.33957359778438
7.104999999990111,64.34250638021557
7.105999999990108,64.3454328804494
7.106999999990106,64.34835266186884
7.107999999990104,64.35126525743031
7.108999999990101,64.35417022817902
7.109999999990099,64.35706721757208
7.110999999990097,64.35995599401974
7.111999999990094,64.36283647571952
7.112999999990092,64.36570873435639
7.11399999999009,64.36857297720626
7.114999999990087,64.37142951020789
7.115999999990085,64.37427868722106
7.116999999990083,64.37712085261607
7.11799999999008,64.37995628524693
7.118999999990078,64.38278515165045
7.119999999990076,64.38560747499676
7.120999999990073,64.38842312409648
7.121999999990071,64.39123182395171
7.122999999990069,64.39403318631818
7.123999999990066,64.39682675595402
7.124999999990064,64.39961206604562
7.125999999990062,64.40238869503297
7.126999999990059,64.40515631687917
7.127999999990057,64.40791473776646
7.128999999990055,64.41066391411535
7.129999999990052,64.41340394945578
7.13099999999005,64.41613507064656
7.131999999990048,64.41885758682643
7.132999999990045,64.42157183689874
7.133999999990043,64.42427813292592
7.134999999990041,64.42697670737098
7.135999999990038,64.42966767155268
7.136999999990036,64.43235099109724
7.137999999990034,64.43502648177413
7.138999999990031,64.43769382624646
7.139999999990029,64.44035260933741
7.140999999990027,64.44300236683317
7.141999999990024,64.44564264095197
7.142999999990022,64.44827303470008
7.14399999999002,64.45089325750143
7.144999999990017,64.45350315573599
7.145999999990015,64.45610272395075
7.146999999990013,64.4586920952259
7.14799999999001,64.46127151210175
7.148999999990008,64.46384128218777
7.149999999990006,64.46640172470633
7.150999999990003,64.4689531154733
7.151999999990001,64.47149563801565
7.152999999989999,64.47402934764803
7.153999999989996,64.47655415350113
7.154999999989994,64.47906982096687
7.155999999989992,64.48157599416949
7.156999999989989,64.48407223526085
7.157999999989987,64.486558074997
7.158999999989985,64.48903306748961
7.159999999989982,64.49149684145749
7.16099999998998,64.49394914081493
7.161999999989978,64.49638984894762
7.162999999989975,64.49881899332689
7.163999999989973,64.50123672986561
7.164999999989971,64.5036433092674
7.165999999989968,64.50603903012662
7.166999999989966,64.50842418538157
7.167999999989964,64.51079900963798
7.168999999989961,64.51316363473333
7.169999999989959,64.51551805974005
7.170999999989957,64.5178621395675
7.171999999989954,64.5201955937109
7.172999999989952,64.5225180338672
7.17399999998995,64.52482900651393
7.174999999989947,64.5271280444514
7.175999999989945,64.52941472007909
7.176999999989943,64.53168869295128
7.17799999998994,64.53394974496562
7.178999999989938,64.53619779830179
7.179999999989936,64.53843291364127
7.180999999989933,64.54065526897709
7.181999999989931,64.54286512203224
7.182999999989929,64.54506276160028
7.183999999989926,64.54724845464749
7.184999999989924,64.54942239658993
7.185999999989922,64.5515846716935
7.1869999999899195,64.55373522910652
7.187999999989917,64.55587387783423
7.188999999989915,64.55800030130968
7.1899999999899125,64.56011408947211
7.19099999998991,64.56221478381674
7.191999999989908,64.56430192908113
7.1929999999899055,64.56637512431175
7.193999999989903,64.56843406616375
7.194999999989901,64.57047857839432
7.1959999999898985,64.57250862345563
7.196999999989896,64.57452429461821
7.197999999989894,64.57652578978112
7.1989999999898915,64.57851337068423
7.199999999989889,64.58048731327214
7.200999999989887,64.58244785617431
7.2019999999898845,64.58439515451283
7.202999999989882,64.58632924548532
7.20399999998988,64.58825003050536
7.2049999999898775,64.5901572763552
7.205999999989875,64.59205063513961
7.206999999989873,64.59392968019799
7.2079999999898705,64.59579395290658
7.208999999989868,64.59764301379406
7.209999999989866,64.59947649080453
7.2109999999898635,64.60129411796609
7.211999999989861,64.60309575908416
7.212999999989859,64.60488141318494
7.2139999999898565,64.60665120100369
7.214999999989854,64.60840533446044
7.215999999989852,64.61014407344808
7.2169999999898495,64.61186767601433
7.217999999989847,64.61357634893308
7.218999999989845,64.61527020558236
7.2199999999898425,64.61694923700307
7.22099999998984,64.61861330015535
7.221999999989838,64.62026212496755
7.2229999999898356,64.62189533914415
7.223999999989833,64.62351250721633
7.224999999989831,64.62511317833933
7.225999999989829,64.6266969361292
7.226999999989826,64.62826344356242
7.227999999989824,64.62981247667666
7.228999999989822,64.63134394237957
7.229999999989819,64.6328578779292
7.230999999989817,64.6343544322058
7.231999999989815,64.63583383145586
7.232999999989812,64.63729633434718
7.23399999998981,64.63874218265745
7.234999999989808,64.64017155450865
7.235999999989805,64.64158452667874
7.236999999989803,64.64298105123596
7.237999999989801,64.64436094972312
7.238999999989798,64.645723925658
7.239999999989796,64.64706959355287
7.240999999989794,64.64839752034992
7.241999999989791,64.64970727344264
7.242999999989789,64.65099846854234
7.243999999989787,64.65227081069013
7.244999999989784,64.65352412269571
7.245999999989782,64.65475835705796
7.24699999998978,64.6559735897423
7.247999999989777,64.65716999674811
7.248999999989775,64.65834781679006
7.249999999989773,64.65950730535127
7.25099999998977,64.66064868656281
7.251999999989768,64.66177210964132
7.252999999989766,64.6628776159645
7.253999999989763,64.66396512136154
7.254999999989761,64.66503441605246
7.255999999989759,64.66608518219702
7.256999999989756,64.66711702655124
7.257999999989754,64.66812952361872
7.258999999989752,64.6691222632315
7.259999999989749,64.67009489589489
7.260999999989747,64.67104716955856
7.261999999989745,64.67197895269778
7.262999999989742,64.67289024051917
7.26399999998974,64.67378114347291
7.264999999989738,64.67465185973039
7.265999999989735,64.67550263553144
7.266999999989733,64.67633371898057
7.267999999989731,64.67714531378434
7.268999999989728,64.6779375394008
7.269999999989726,64.67871040316052
7.270999999989724,64.67946378822744
7.271999999989721,64.6801974590379
7.272999999989719,64.68091108341056
7.273999999989717,64.68160426819335
7.274999999989714,64.68227660342475
7.275999999989712,64.68292770881612
7.27699999998971,64.68355727604674
7.277999999989707,64.68416510097472
7.278999999989705,64.68475110127744
7.279999999989703,64.68531531710632
7.2809999999897,64.6858578947148
7.281999999989698,64.68637905540008
7.282999999989696,64.68687905415491
7.283999999989693,64.6873581338459
7.284999999989691,64.68781648133815
7.285999999989689,64.68825419169788
7.286999999989686,64.68867124545092
7.287999999989684,64.68906750204086
7.288999999989682,64.68944271035376
7.289999999989679,64.68979653479308
7.290999999989677,64.69012859321263
7.291999999989675,64.69043850137142
7.292999999989672,64.69072591766701
7.29399999998967,64.69099058189188
7.294999999989668,64.69123234259906
7.295999999989665,64.69145116928928
7.296999999989663,64.69164714775648
7.297999999989661,64.69182045929598
7.298999999989658,64.69197134673347
7.299999999989656,64.69210007206222
7.300999999989654,64.69220687163663
7.301999999989651,64.69229191519403
7.302999999989649,64.69235527441937
7.303999999989647,64.69239690542464
7.304999999989644,64.69241664754995
7.305999999989642,64.69241423860997
7.30699999998964,64.69238934440331
7.3079999999896375,64.69234159831862
7.308999999989635,64.6922706454671
7.309999999989633,64.69217618515694
7.3109999999896305,64.6920580057767
7.311999999989628,64.69191600723319
7.312999999989626,64.69175020784543
7.3139999999896235,64.69156073478065
7.314999999989621,64.69134779942026
7.315999999989619,64.69111166115049
7.3169999999896165,64.69085258467756
7.317999999989614,64.69057079686203
7.318999999989612,64.69026644911388
7.3199999999896095,64.68993959058871
7.320999999989607,64.68959015590809
7.321999999989605,64.68921796907362
7.3229999999896025,64.6888227629852
7.3239999999896,64.68840421179019
7.324999999989598,64.68796197150664
7.3259999999895955,64.68749572321914
7.326999999989593,64.68700521280469
7.327999999989591,64.6864902816394
7.3289999999895885,64.68595088402664
7.329999999989586,64.68538708894027
7.330999999989584,64.68479906589928
7.3319999999895815,64.68418705699476
7.332999999989579,64.68355133903172
7.333999999989577,64.68289218111039
7.3349999999895745,64.68220980359219
7.335999999989572,64.68150434418223
7.33699999998957,64.68077583584557
7.3379999999895675,64.68002419960497
7.338999999989565,64.67924925318718
7.339999999989563,64.67845073425889
7.3409999999895605,64.67762833496234
7.341999999989558,64.67678174288886
7.342999999989556,64.67591068273573
7.3439999999895536,64.67501495281675
7.344999999989551,64.6740944513342
7.345999999989549,64.67314918876593
7.346999999989547,64.67217928468116
7.347999999989544,64.67118494948075
7.348999999989542,64.67016645365909
7.34999999998954,64.66912408892536
7.350999999989537,64.66805812664202
7.351999999989535,64.66696877939509
7.352999999989533,64.66585617105744
7.35399999998953,64.66472031950461
7.354999999989528,64.66356113436065
7.355999999989526,64.66237843004158
7.356999999989523,64.66117195222982
7.357999999989521,64.65994141403252
7.358999999989519,64.6586865367388
7.359999999989516,64.65740708946642
7.360999999989514,64.65610292215375
7.361999999989512,64.65477398731066
7.362999999989509,64.6534203475221
7.363999999989507,64.65204216770391
7.364999999989505,64.6506396932419
7.365999999989502,64.64921321711476
7.3669999999895,64.6477630406385
7.367999999989498,64.64628943334256
7.368999999989495,64.64479259759041
7.369999999989493,64.64327264288023
7.370999999989491,64.64172957338643
7.371999999989488,64.64016329044368
7.372999999989486,64.63857360958158
7.373999999989484,64.63696028968491
7.374999999989481,64.63532307017114
7.375999999989479,64.6336617109649
7.376999999989477,64.63197602967429
7.377999999989474,64.6302659307818
7.378999999989472,64.62853142279262
7.37999999998947,64.62677262098066
7.380999999989467,64.62498973539574
7.381999999989465,64.62318304585901
7.382999999989463,64.62135286748826
7.38399999998946,64.6194995116042
7.384999999989458,64.61762324749502
7.385999999989456,64.61572427038031
7.386999999989453,64.61380268002536
7.387999999989451,64.61185847296163
7.388999999989449,64.60989154935524
7.389999999989446,64.60790173351985
7.390999999989444,64.60588880516138
7.391999999989442,64.60385253695563
7.392999999989439,64.60179273317848
7.393999999989437,64.59970926398258
7.394999999989435,64.59760209053634
7.395999999989432,64.59547127754017
7.39699999998943,64.59331699140876
7.397999999989428,64.59113948442418
7.398999999989425,64.58893906711404
7.399999999989423,64.58671607275822
7.400999999989421,64.58447081900394
7.401999999989418,64.58220357195857
7.402999999989416,64.5799145177689
7.403999999989414,64.57760374563325
7.404999999989411,64.57527124458333
7.405999999989409,64.57291691444182
7.406999999989407,64.57054058937506
7.407999999989404,64.56814207070992
7.408999999989402,64.56572116439466
7.4099999999894,64.56327771785288
7.410999999989397,64.56081165107652
7.411999999989395,64.558322977643
7.412999999989393,64.55581181273885
7.41399999998939,64.55327836712242
7.414999999989388,64.5507229279105
7.415999999989386,64.54814582892321
7.416999999989383,64.54554741476383
7.417999999989381,64.54292800368081
7.418999999989379,64.54028785440546
7.419999999989376,64.53762714158921
7.420999999989374,64.53494594324377
7.421999999989372,64.53224424190029
7.422999999989369,64.52952193928029
7.423999999989367,64.5267788823888
7.424999999989365,64.52401489734409
7.425999999989362,64.52122982619804
7.42699999998936,64.51842356159008
7.427999999989358,64.5155960743983
7.4289999999893555,64.51274743054415
7.429999999989353,64.50987779463838
7.430999999989351,64.50698742000179
7.4319999999893485,64.5040766265024
7.432999999989346,64.50114576935438
7.433999999989344,64.49819520326521
7.4349999999893415,64.49522524695824
7.435999999989339,64.49223615302203
7.436999999989337,64.4892280872766
7.4379999999893345,64.48620112050409
7.438999999989332,64.48315523365868
7.43999999998933,64.48009033578158
7.4409999999893275,64.47700629207596
7.441999999989325,64.47390295818288
7.442999999989323,64.47078021584149
7.4439999999893205,64.46763800494283
7.444999999989318,64.46447634750054
7.445999999989316,64.46129536021402
7.4469999999893135,64.4580952539086
7.447999999989311,64.45487631997005
7.448999999989309,64.45163890571844
7.4499999999893065,64.4483833821896
7.450999999989304,64.44511010885618
7.451999999989302,64.44181940021492
7.4529999999892995,64.43851149890338
7.453999999989297,64.43518655907619
7.454999999989295,64.4318446423277
7.4559999999892925,64.42848572668747
7.45699999998929,64.42510972738526
7.457999999989288,64.4217165264444
7.4589999999892855,64.41830600693172
7.459999999989283,64.41487808706523
7.460999999989281,64.41143274941102
7.4619999999892785,64.40797006110617
7.462999999989276,64.40449018231536
7.463999999989274,64.40099336177776
7.4649999999892716,64.39747992011146
7.465999999989269,64.3939502232516
7.466999999989267,64.39040464976786
7.467999999989265,64.38684355665143
7.468999999989262,64.3832672483567
7.46999999998926,64.3796759534117
7.470999999989258,64.37606981184044
7.471999999989255,64.37244887511207
7.472999999989253,64.36881311858521
7.473999999989251,64.36516246466364
7.474999999989248,64.36149681339701
7.475999999989246,64.3578160762249
7.476999999989244,64.35412020814194
7.477999999989241,64.35040923379273
7.478999999989239,64.34668326386814
7.479999999989237,64.34294249954601
7.480999999989234,64.33918722439616
7.481999999989232,64.33541778492612
7.48299999998923,64.33163456252925
7.483999999989227,64.32783794078225
7.484999999989225,64.3240282726766
7.485999999989223,64.32020585235568
7.48699999998922,64.31637089528411
7.487999999989218,64.31252352958685
7.488999999989216,64.3086637997263
7.489999999989213,64.30479168196078
7.490999999989211,64.3009071093826
7.491999999989209,64.29701000300273
7.492999999989206,64.29310030451305
7.493999999989204,64.28917800613662
7.494999999989202,64.28524317339796
7.495999999989199,64.281295957659
7.496999999989197,64.27733659669701
7.497999999989195,64.27336540329078
7.498999999989192,64.26938274344847
7.49999999998919,64.26538900735079
7.500999999989188,64.26138457709216
7.501999999989185,64.25736979572838
7.502999999989183,64.25334494194689
7.503999999989181,64.24931021387431
7.504999999989178,64.24526572424877
7.505999999989176,64.24121150758963
7.506999999989174,64.23714753831983
7.507999999989171,64.23307375726606
7.508999999989169,64.22899010280389
7.509999999989167,64.22489654227887
7.510999999989164,64.2207930993108
7.511999999989162,64.2166798731852
7.51299999998916,64.21255704764708
7.513999999989157,64.20842488790919
7.514999999989155,64.20428372633492
7.515999999989153,64.20013393883463
7.51699999998915,64.19597591530867
7.517999999989148,64.19181002828645
7.518999999989146,64.1876366041496
7.519999999989143,64.18345590094815
7.520999999989141,64.1792680958837
7.521999999989139,64.17507328417143
7.522999999989136,64.1708714893972
7.523999999989134,64.16666268388597
7.524999999989132,64.16244681619919
7.525999999989129,64.15822384190092
7.526999999989127,64.15399375328182
7.527999999989125,64.14975660389021
7.528999999989122,64.14551252446542
7.52999999998912,64.14126172806877
7.530999999989118,64.13700450374316
7.531999999989115,64.13274119962465
7.532999999989113,64.12847219790612
7.533999999989111,64.12419788518147
7.534999999989108,64.11991862232388
7.535999999989106,64.11563471810204
7.536999999989104,64.11134641019879
7.537999999989101,64.10705385625074
7.538999999989099,64.10275713612337
7.539999999989097,64.09845626505943
7.540999999989094,64.09415121582708
7.541999999989092,64.08984194673825
7.54299999998909,64.08552843159715
7.543999999989087,64.08121068738284
7.544999999989085,64.0768887958044
7.545999999989083,64.07256291573287
7.54699999998908,64.06823328481073
7.547999999989078,64.06390021004896
7.548999999989076,64.0595640487671
7.5499999999890735,64.05522518256905
7.550999999989071,64.05088398800872
7.551999999989069,64.0465408080481
7.5529999999890665,64.04219592828643
7.553999999989064,64.03784956125676
7.554999999989062,64.0335018409535
7.5559999999890595,64.02915282831385
7.556999999989057,64.02480252684636
7.557999999989055,64.0204509061836
7.5589999999890525,64.01609793023876
7.55999999998905,64.01174358601611
7.560999999989048,64.00738790904545
7.5619999999890455,64.00303100190864
7.562999999989043,63.99867304328945
7.563999999989041,63.99431428632427
7.5649999999890385,63.98995504651914
7.565999999989036,63.985595680963684
7.566999999989034,63.9812365617756
7.5679999999890315,63.97687804750616
7.568999999989029,63.972520456507745
7.569999999989027,63.968164045973886
7.5709999999890245,63.9638089995555
7.571999999989022,63.95945542524767
7.57299999998902,63.95510336380563
7.5739999999890175,63.95075280647375
7.574999999989015,63.946403719522934
7.575999999989013,63.942056072144624
7.5769999999890105,63.937709863796684
7.577999999989008,63.933365147184254
7.578999999989006,63.92902204367928
7.5799999999890035,63.92468074905475
7.580999999989001,63.920341528767615
7.581999999988999,63.91600470349175
7.5829999999889965,63.911670626959264
7.583999999988994,63.907339659235156
7.584999999988992,63.903012139166506
7.5859999999889896,63.8986883598544
7.586999999988987,63.89436855055214
7.587999999988985,63.89005286748911
7.588999999988983,63.88574139486543
7.58999999998898,63.881434155837
7.590999999988978,63.87713113192549
7.591999999988976,63.87283228810077
7.592999999988973,63.868537600016154
7.593999999988971,63.86424707957582
7.594999999988969,63.85996079526547
7.595999999988966,63.85567888442987
7.596999999988964,63.85140155580495
7.597999999988962,63.847129081996044
7.598999999988959,63.842861782985636
7.599999999988957,63.83860000300413
7.600999999988955,63.834344084014226
7.601999999988952,63.83009433951552
7.60299999998895,63.82585103232083
7.603999999988948,63.82161435938677
7.604999999988945,63.81738444578821
7.605999999988943,63.813161348640776
7.606999999988941,63.808945070383665
7.607999999988938,63.804735579533016
7.608999999988936,63.80053283597271
7.609999999988934,63.79633681724242
7.610999999988931,63.79214754214165
7.611999999988929,63.78796508837268
7.612999999988927,63.78378960177713
7.613999999988924,63.779621295915355
7.614999999988922,63.775460442085816
7.61599999998892,63.771307351209934
7.616999999988917,63.767162350149455
7.617999999988915,63.763025755779985
7.618999999988913,63.7588978504528
7.61999999998891,63.75477886225965
7.620999999988908,63.750668952837444
7.621999999988906,63.746568214383046
7.622999999988903,63.74247667625997
7.623999999988901,63.738394320237425
7.624999999988899,63.73432110220703
7.625999999988896,63.73025697732181
7.626999999988894,63.726201925041195
7.627999999988892,63.72215597058224
7.628999999988889,63.71811919979606
7.629999999988887,63.71409176542418
7.630999999988885,63.710073883888114
7.631999999988882,63.706065823103934
7.63299999998888,63.70206788306315
7.633999999988878,63.69808037191193
7.634999999988875,63.694103580887266
7.635999999988873,63.690137761605136
7.636999999988871,63.68618310885314
7.637999999988868,63.68223975126559
7.638999999988866,63.67830775114535
7.639999999988864,63.674387113425276
7.640999999988861,63.67047780248029
7.641999999988859,63.666579764413356
7.642999999988857,63.662692951681564
7.643999999988854,63.658817346606405
7.644999999988852,63.654952980495906
7.64599999998885,63.65109994571718
7.646999999988847,63.64725839906762
7.647999999988845,63.64342855600893
7.648999999988843,63.639610676602246
7.64999999998884,63.63580504513985
7.650999999988838,63.63201194633471
7.651999999988836,63.62823164139646
7.652999999988833,63.62446434732967
7.653999999988831,63.62071022232599
7.654999999988829,63.61696935926104
7.655999999988826,63.61324178817336
7.656999999988824,63.60952748733932
7.657999999988822,63.60582640136549
7.658999999988819,63.60213846374527
7.659999999988817,63.598463620713304
7.660999999988815,63.5948018530674
7.661999999988812,63.591153192922334
7.66299999998881,63.58751773308065
7.663999999988808,63.58389562774396
7.664999999988805,63.580287084503276
7.665999999988803,63.57669234876142
7.666999999988801,63.57311168279112
7.667999999988798,63.56954534237611
7.668999999988796,63.565993554303525
7.669999999988794,63.56245649784158
7.6709999999887915,63.558934292772605
7.671999999988789,63.55542699561984
7.672999999988787,63.55193460456335
7.6739999999887845,63.5484570723266
7.674999999988782,63.54499432520818
7.67599999998878,63.54154628558208
7.6769999999887775,63.538112894718864
7.677999999988775,63.53469413274145
7.678999999988773,63.5312900329435
7.6799999999887705,63.527900688499415
7.680999999988768,63.52452625065621
7.681999999988766,63.52116691870439
7.6829999999887635,63.5178229231584
7.683999999988761,63.51449450452396
7.684999999988759,63.511181890628094
7.6859999999887565,63.507885275674816
7.686999999988754,63.50460480393397
7.687999999988752,63.50134056031539
7.6889999999887495,63.49809256911289
7.689999999988747,63.49486080106073
7.690999999988745,63.49164518768445
7.6919999999887425,63.48844564091699
7.69299999998874,63.48526207521794
7.693999999988738,63.48209442909749
7.6949999999887355,63.4789426830427
7.695999999988733,63.47580687135853
7.696999999988731,63.47268708630304
7.6979999999887285,63.46958347396471
7.698999999988726,63.466496222499195
7.699999999988724,63.46342554439148
7.7009999999887215,63.46037165523851
7.701999999988719,63.45733475201888
7.702999999988717,63.45431499387724
7.7039999999887145,63.451312488091176
7.704999999988712,63.4483272831516
7.70599999998871,63.445359369894604
7.7069999999887076,63.44240869049181
7.707999999988705,63.43947515401241
7.708999999988703,63.436558656360866
7.709999999988701,63.43365910179247
7.710999999988698,63.43077642300292
7.711999999988696,63.427910596999794
7.712999999988694,63.42506165456056
7.713999999988691,63.422229681997344
7.714999999988689,63.419414815001865
7.715999999988687,63.416617225478134
7.716999999988684,63.41383710322194
7.717999999988682,63.41107463502658
7.71899999998868,63.40832998414042
7.719999999988677,63.405603272936915
7.720999999988675,63.40289457120057
7.721999999988673,63.40020389163458
7.72299999998867,63.39753119318959
7.723999999988668,63.39487639171846
7.724999999988666,63.392239376445744
7.725999999988663,63.389620029939195
7.726999999988661,63.38701824878364
7.727999999988659,63.38443396207899
7.728999999988656,63.38186714519156
7.729999999988654,63.379317826862184
7.730999999988652,63.37678608871309
7.731999999988649,63.37427205725657
7.732999999988647,63.37177588955534
7.733999999988645,63.3692977545626
7.734999999988642,63.366837812756586
7.73599999998864,63.36439619691288
7.736999999988638,63.36197299668062
7.737999999988635,63.35956824909452
7.738999999988633,63.35718193631571
7.739999999988631,63.35481399088911
7.740999999988628,63.35246430775282
7.741999999988626,63.35013276129863
7.742999999988624,63.34781922508234
7.743999999988621,63.34552359142349
7.744999999988619,63.34324578815948
7.745999999988617,63.3409857902351
7.746999999988614,63.3387436245318
7.747999999988612,63.336519367297555
7.74899999998861,63.33431313456963
7.749999999988607,63.332125066948045
7.750999999988605,63.32995531086894
7.751999999988603,63.32780399899037
7.7529999999886,63.32567123242623
7.753999999988598,63.32355706729226
7.754999999988596,63.32146150741809
7.755999999988593,63.31938450421556
7.756999999988591,63.31732596368923
7.757999999988589,63.31528575958392
7.758999999988586,63.313263750810115
7.759999999988584,63.31125980070474
7.760999999988582,63.3092737954366
7.761999999988579,63.307305659003944
7.762999999988577,63.30535536274782
7.763999999988575,63.30342292809041
7.764999999988572,63.30150842214377
7.76599999998857,63.299611946836464
7.766999999988568,63.29773362310192
7.767999999988565,63.29587357235774
7.768999999988563,63.2940318978654
7.769999999988561,63.292208668568826
7.770999999988558,63.29040390765097
7.771999999988556,63.2886175873807
7.772999999988554,63.28684963094135
7.773999999988551,63.28509992095863
7.774999999988549,63.283368313520015
7.775999999988547,63.28165465570901
7.776999999988544,63.27995880420617
7.777999999988542,63.278280642363455
7.77899999998854,63.276620093379414
7.779999999988537,63.27497712776455
7.780999999988535,63.27335176407919
7.781999999988533,63.27174406288064
7.78299999998853,63.27015411475369
7.783999999988528,63.26858202412082
7.784999999988526,63.26702789110079
7.785999999988523,63.26549179394816
7.786999999988521,63.26397377450813
7.787999999988519,63.26247382869501
7.788999999988516,63.26099190329718
7.789999999988514,63.25952789952564
7.790999999988512,63.25808168278545
7.7919999999885095,63.256653097282594
7.792999999988507,63.25524198341124
7.793999999988505,63.25384819548496
7.7949999999885025,63.252471617339054
7.7959999999885,63.25111217364801
7.796999999988498,63.249769835394325
7.7979999999884955,63.248444618766364
7.798999999988493,63.24713657766131
7.799999999988491,63.24584579087119
7.8009999999884885,63.244572345749646
7.801999999988486,63.24331632064806
7.802999999988484,63.24207776856381
7.8039999999884815,63.24085670426926
7.804999999988479,63.239653096696635
7.805999999988477,63.23846686761527
7.8069999999884745,63.23729789675544
7.807999999988472,63.2361460326419
7.80899999998847,63.235011107599284
7.8099999999884675,63.23389295483092
7.810999999988465,63.23279142518378
7.811999999988463,63.23170640127533
7.8129999999884605,63.2306378070324
7.813999999988458,63.229585611339196
7.814999999988456,63.228549825316456
7.8159999999884535,63.22753049364345
7.816999999988451,63.226527681159716
7.817999999988449,63.22554145663272
7.8189999999884465,63.224571875966774
7.819999999988444,63.22361896718906
7.820999999988442,63.22268271929448
7.8219999999884395,63.2217630764821
7.822999999988437,63.220859938561794
7.823999999988435,63.21997316745056
7.8249999999884325,63.21910259883249
7.82599999998843,63.218248057344056
7.826999999988428,63.217409373160024
7.8279999999884256,63.21658639767089
7.828999999988423,63.215779016077086
7.829999999988421,63.214987155162454
7.830999999988419,63.214210785196656
7.831999999988416,63.213449915725164
7.832999999988414,63.212704585874086
7.833999999988412,63.21197485053969
7.834999999988409,63.2112607644014
7.835999999988407,63.21056236598726
7.836999999988405,63.209879664000745
7.837999999988402,63.20921262779653
7.8389999999884,63.208561183307935
7.839999999988398,63.207925214969116
7.840999999988395,63.207304573340664
7.841999999988393,63.20669908735314
7.842999999988391,63.20610857944111
7.843999999988388,63.20553288145427
7.844999999988386,63.20497184912223
7.845999999988384,63.204425373075054
7.846999999988381,63.20389338490155
7.847999999988379,63.20337585743187
7.848999999988377,63.202872799233845
7.849999999988374,63.202384244112714
7.850999999988372,63.2019102370954
7.85199999998837,63.20145081885535
7.852999999988367,63.20100601074946
7.853999999988365,63.200575802538296
7.854999999988363,63.200160144483625
7.85599999998836,63.199758944901674
7.856999999988358,63.19937207348674
7.857999999988356,63.19899936991731
7.858999999988353,63.1986406565246
7.859999999988351,63.19829575325116
7.860999999988349,63.19796449280454
7.861999999988346,63.19764673391828
7.862999999988344,63.197342370876704
7.863999999988342,63.197051338010986
7.864999999988339,63.19677360856782
7.865999999988337,63.19650918813403
7.866999999988335,63.19625810356204
7.867999999988332,63.196020388958
7.86899999998833,63.19579607069324
7.869999999988328,63.19558515352559
7.870999999988325,63.19538760975328
7.871999999988323,63.19520337289175
7.872999999988321,63.19503233673172
7.873999999988318,63.19487435988872
7.874999999988316,63.1947292751916
7.875999999988314,63.19459690258803
7.876999999988311,63.194477063765646
7.877999999988309,63.194369596453576
7.878999999988307,63.194274366416636
7.879999999988304,63.19419127549669
7.880999999988302,63.19412026460215
7.8819999999883,63.19406131126118
7.882999999988297,63.194014422107166
7.883999999988295,63.19397962137
7.884999999988293,63.19395693698162
7.88599999998829,63.19394638623707
7.886999999988288,63.193947962994216
7.887999999988286,63.19396162817823
7.888999999988283,63.193987304893476
7.889999999988281,63.19402487879774
7.890999999988279,63.1940742036664
7.891999999988276,63.194135111350235
7.892999999988274,63.19420742472339
7.893999999988272,63.1942909718074
7.894999999988269,63.1943855991047
7.895999999988267,63.194491182294136
7.896999999988265,63.19460763282266
7.897999999988262,63.19473489949743
7.89899999998826,63.19487296488494
7.899999999988258,63.195021837042376
7.900999999988255,63.19518153774323
7.901999999988253,63.19535208884668
7.902999999988251,63.19553349870291
7.903999999988248,63.19572575047936
7.904999999988246,63.19592879401519
7.905999999988244,63.196142542319606
7.906999999988241,63.19636687317454
7.907999999988239,63.19660163559849
7.908999999988237,63.19684666025093
7.909999999988234,63.19710177231985
7.910999999988232,63.19736680509508
7.91199999998823,63.1976416123443
7.9129999999882275,63.19792607779254
7.913999999988225,63.198220120399284
7.914999999988223,63.19852369473266
7.9159999999882205,63.198836786410475
7.916999999988218,63.19915940327006
7.917999999988216,63.19949156351323
7.9189999999882135,63.19983328248432
7.919999999988211,63.20018455992304
7.920999999988209,63.20054536945308
7.9219999999882065,63.200915651755004
7.922999999988204,63.201295312350766
7.923999999988202,63.20168422428868
7.9249999999881995,63.20208223533917
7.925999999988197,63.20248917868873
7.926999999988195,63.20290488563611
7.9279999999881925,63.20332919852472
7.92899999998819,63.20376198212096
7.929999999988188,63.20420313186991
7.9309999999881855,63.20465257790003
7.931999999988183,63.205110284253536
7.932999999988181,63.20557624346902
7.9339999999881785,63.206050467297594
7.934999999988176,63.20653297485111
7.935999999988174,63.20702377983429
7.9369999999881715,63.207522878625916
7.937999999988169,63.208030240853105
7.938999999988167,63.208545803748514
7.9399999999881645,63.20906947105686
7.940999999988162,63.20960111662174
7.94199999998816,63.210140592134096
7.9429999999881575,63.21068773794785
7.943999999988155,63.21124239544754
7.944999999988153,63.211804419247635
7.9459999999881505,63.21237368753179
7.946999999988148,63.21295010911526
7.947999999988146,63.213533626267235
7.9489999999881435,63.21412421292771
7.949999999988141,63.214721868586025
7.950999999988139,63.21532660868474
7.951999999988137,63.21593845288883
7.952999999988134,63.216557412850975
7.953999999988132,63.217183481164
7.95499999998813,63.21781662302344
7.955999999988127,63.218456771740186
7.956999999988125,63.21910382870782
7.957999999988123,63.21975766780427
7.95899999998812,63.220418143602636
7.959999999988118,63.221085102235776
7.960999999988116,63.22175839340161
7.961999999988113,63.22243788184866
7.962999999988111,63.22312345675701
7.963999999988109,63.22381503773128
7.964999999988106,63.22451257659575
7.965999999988104,63.22521605476609
7.966999999988102,63.22592547658528
7.967999999988099,63.22664085956748
7.968999999988097,63.22736222291321
7.969999999988095,63.22808957589458
7.970999999988092,63.228822907713834
7.97199999998809,63.22956218023039
7.972999999988088,63.23030732454991
7.973999999988085,63.231058241930846
7.974999999988083,63.23181480886634
7.975999999988081,63.2325768856284
7.976999999988078,63.23334432707606
7.977999999988076,63.23411699422768
7.978999999988074,63.23489476499338
7.979999999988071,63.23567754259063
7.980999999988069,63.23646526049158
7.981999999988067,63.23725788323927
7.982999999988064,63.238055403044065
7.983999999988062,63.23885783265443
7.98499999998806,63.23966519549729
7.985999999988057,63.240477514464
7.986999999988055,63.24129480088714
7.987999999988053,63.24211704522727
7.98899999998805,63.24294421074694
7.989999999988048,63.24377623103069
7.990999999988046,63.244613011679355
7.991999999988043,63.24545443592583
7.992999999988041,63.246300373372094
7.993999999988039,63.24715069062998
7.994999999988036,63.248005262377404
7.995999999988034,63.24886398130712
7.996999999988032,63.24972676559282
7.997999999988029,63.25059356286252
7.998999999988027,63.25146435014499
7.999999999988025,63.25233912981161
8.000999999988023,63.253217922094514
8.001999999988021,63.254100755217685
8.002999999988019,63.254987654514125
8.003999999988016,63.25587863203105
8.004999999988014,63.25677367805439
8.005999999988012,63.25767275571382
8.00699999998801,63.25857579939776
8.007999999988007,63.25948271717956
8.008999999988005,63.26039339690489
8.009999999988002,63.26130771507921
8.010999999988,63.26222554732324
8.011999999987998,63.263146778949555
8.012999999987995,63.26407131419913
8.013999999987993,63.26499908287831
8.01499999998799,63.2659300434893
8.015999999987988,63.26686418244394
8.016999999987986,63.26780150948831
8.017999999987984,63.26874204998768
8.018999999987981,63.26968583515102
8.019999999987979,63.27063289155276
8.020999999987977,63.271583231397855
8.021999999987974,63.272536844867616
8.022999999987972,63.2734936955938
8.02399999998797,63.274453719874316
8.024999999987967,63.275416829726105
8.025999999987965,63.27638291934109
8.026999999987963,63.27735187404758
8.02799999998796,63.27832358052643
8.028999999987958,63.2792979368724
8.029999999987956,63.28027486111243
8.030999999987953,63.28125429701638
8.031999999987951,63.28223621641366
8.032999999987949,63.28322061771664
8.033999999987946,63.284207520870496
8.034999999987944,63.2851969594397
8.035999999987942,63.28618897092801
8.03699999998794,63.28718358666685
8.037999999987937,63.288180822662156
8.038999999987935,63.28918067265441
8.039999999987932,63.29018310434
8.04099999998793,63.29118805926108
8.041999999987928,63.29219545636691
8.042999999987925,63.293205198733176
8.043999999987923,63.29421718250099
8.04499999998792,63.295231306791194
8.045999999987918,63.296247483220675
8.046999999987916,63.2972656437128
8.047999999987914,63.298285745538244
8.048999999987911,63.29930777289887
8.049999999987909,63.300331734853515
8.050999999987907,63.30135765987957
8.051999999987904,63.30238558782787
8.052999999987902,63.30341556038317
8.0539999999879,63.3044476113486
8.054999999987897,63.30548175808651
8.055999999987895,63.30651799529385
8.056999999987893,63.30755629195447
8.05799999998789,63.308596591877716
8.058999999987888,63.30963881773509
8.059999999987886,63.31068287802548
8.060999999987883,63.311728675999255
8.061999999987881,63.31277611931112
8.062999999987879,63.31382512907049
8.063999999987876,63.31487564704883
8.064999999987874,63.31592764006147
8.065999999987872,63.31698110093434
8.06699999998787,63.31803604593547
8.067999999987867,63.31909250904206
8.068999999987865,63.32015053384295
8.069999999987862,63.32121016419903
8.07099999998786,63.32227143494872
8.071999999987858,63.32333436393678
8.072999999987855,63.32439894645658
8.073999999987853,63.32546515286523
8.07499999998785,63.32653292969199
8.075999999987848,63.32760220408002
8.076999999987846,63.32867289093924
8.077999999987844,63.329744901822146
8.078999999987841,63.330818154289375
8.07999999998784,63.331892580480265
8.080999999987837,63.33296813370946
8.081999999987834,63.33404479219805
8.082999999987832,63.33512255943243
8.08399999998783,63.336201461121206
8.084999999987827,63.337281539172686
8.085999999987825,63.338362843527726
8.086999999987823,63.33944542296998
8.08799999998782,63.340529316176564
8.088999999987818,63.34161454423445
8.089999999987816,63.342701105648814
8.090999999987813,63.34378897452068
8.091999999987811,63.34487810213581
8.092999999987809,63.34596842173113
8.093999999987807,63.34705985576928
8.094999999987804,63.34815232471209
8.095999999987802,63.34924575607456
8.0969999999878,63.350340092521975
8.097999999987797,63.35143529789633
8.098999999987795,63.35253136035083
8.099999999987793,63.35362829217153
8.10099999998779,63.35472612631381
8.101999999987788,63.35582491013416
8.102999999987786,63.356924697181405
8.103999999987783,63.358025538178374
8.10499999998778,63.35912747243309
8.105999999987779,63.36023052085623
8.106999999987776,63.361334681541884
8.107999999987774,63.36243992850895
8.108999999987772,63.36354621376638
8.10999999998777,63.36465347241316
8.110999999987767,63.36576163006105
8.111999999987765,63.366870611557935
8.112999999987762,63.367980349813564
8.11399999998776,63.36909079351577
8.114999999987758,63.37020191267699
8.115999999987755,63.37131370126656
8.116999999987753,63.37242617656711
8.11799999998775,63.37353937535809
8.118999999987748,63.374653347458285
8.119999999987746,63.375768147518386
8.120999999987744,63.37688382619757
8.121999999987741,63.378000421929464
8.122999999987739,63.37911795441357
8.123999999987737,63.380236420720024
8.124999999987734,63.381355794542415
8.125999999987732,63.3824760286989
8.12699999998773,63.383597060533106
8.127999999987727,63.38471881946411
8.128999999987725,63.38584123564851
8.129999999987723,63.386964248555294
8.13099999998772,63.388087814284304
8.131999999987718,63.389211910620624
8.132999999987716,63.39033653914716
8.133999999987713,63.391461724125456
8.134999999987711,63.39258750830626
8.135999999987709,63.39371394624497
8.136999999987706,63.39484109603599
8.137999999987704,63.39596901060195
8.138999999987702,63.39709772972987
8.1399999999877,63.39822727394814
8.140999999987697,63.39935764108316
8.141999999987695,63.400488805962986
8.142999999987692,63.40162072329948
8.14399999998769,63.402753333344926
8.144999999987688,63.4038865695362
8.145999999987685,63.40502036707156
8.146999999987683,63.406154671239406
8.14799999998768,63.40728944435974
8.148999999987678,63.408424670384036
8.149999999987676,63.40956035652518
8.150999999987674,63.410696531694555
8.151999999987671,63.41183324195773
8.152999999987669,63.412970543632824
8.153999999987667,63.41410849498013
8.154999999987664,63.415247147622225
8.155999999987662,63.41638653887431
8.15699999998766,63.4175266860362
8.157999999987657,63.418667583425425
8.158999999987655,63.419809202557296
8.159999999987653,63.420951495442985
8.16099999998765,63.4220944005493
8.161999999987648,63.42323785059953
8.162999999987646,63.4243817811504
8.163999999987643,63.4255261387561
8.164999999987641,63.426670887611785
8.165999999987639,63.427816013760896
8.166999999987636,63.428961526292554
8.167999999987634,63.43010745537212
8.168999999987632,63.43125384737649
8.16999999998763,63.43240075780407
8.170999999987627,63.4335482429352
8.171999999987625,63.43469635138582
8.172999999987622,63.43584511671687
8.17399999998762,63.4369945521146
8.174999999987618,63.438144647878694
8.175999999987615,63.439295372061224
8.176999999987613,63.44044667417196
8.17799999998761,63.4415984914402
8.178999999987608,63.44275075676933
8.179999999987606,63.44390340728612
8.180999999987604,63.445056392318946
8.181999999987601,63.44620967970191
8.182999999987599,63.44736325955072
8.183999999987597,63.448517144989886
8.184999999987594,63.449671369729806
8.185999999987592,63.45082598282331
8.18699999998759,63.45198104131573
8.187999999987587,63.45313660179434
8.188999999987585,63.454292711995585
8.189999999987583,63.45544940362599
8.19099999998758,63.45660668738263
8.191999999987578,63.45776455085913
8.192999999987576,63.458922959618974
8.193999999987573,63.460081861288316
8.194999999987571,63.46124119209764
8.195999999987569,63.462400884970045
8.196999999987566,63.46356087804917
8.197999999987564,63.46472112249068
8.198999999987562,63.46588158844775
8.19999999998756,63.46704226842688
8.200999999987557,63.468203177545156
8.201999999987555,63.469364350650714
8.202999999987552,63.470525836693874
8.20399999998755,63.471687691120145
8.204999999987548,63.47284996732875
8.205999999987545,63.474012708370985
8.206999999987543,63.47517594002891
8.20799999998754,63.47633966622845
8.208999999987538,63.47750386741611
8.209999999987536,63.47866850212709
8.210999999987534,63.47983351152947
8.211999999987531,63.480998826324445
8.21299999998753,63.482164375055774
8.213999999987527,63.483330092686664
8.214999999987525,63.4844959282683
8.215999999987522,63.48566185064417
8.21699999998752,63.48682785140634
8.217999999987518,63.48799394469722
8.218999999987515,63.489160163882914
8.219999999987513,63.49032655555195
8.22099999998751,63.4914931716629
8.221999999987508,63.49266006091823
8.222999999987506,63.49382726055184
8.223999999987504,63.49499478966335
8.224999999987501,63.49616264502347
8.225999999987499,63.49733079993456
8.226999999987497,63.49849920630794
8.227999999987494,63.49966779967725
8.228999999987492,63.50083650645654
8.22999999998749,63.502005252450736
8.230999999987487,63.5031739714403
8.231999999987485,63.5043426126708
8.232999999987483,63.50551114621101
8.23399999998748,63.50667956544414
8.234999999987478,63.50784788634147
8.235999999987476,63.509016143610985
8.236999999987473,63.510184384239814
8.237999999987471,63.51135265931249
8.238999999987469,63.51252101522841
8.239999999987466,63.51368948552767
8.240999999987464,63.51485808445528
8.241999999987462,63.51602680315222
8.24299999998746,63.51719560899958
8.243999999987457,63.518364448206064
8.244999999987455,63.51953325128227
8.245999999987452,63.52070194065161
8.24699999998745,63.521870439348376
8.247999999987448,63.52303867961005
8.248999999987445,63.52420661017747
8.249999999987443,63.52537420129553
8.25099999998744,63.52654144671359
8.251999999987438,63.52770836240327
8.252999999987436,63.528874982157745
8.253999999987434,63.530041350673166
8.254999999987431,63.53120751505903
8.255999999987429,63.532373515946034
8.256999999987427,63.53353937941942
8.257999999987424,63.534705110887515
8.258999999987422,63.535870691739625
8.25999999998742,63.53703607925688
8.260999999987417,63.538201209796725
8.261999999987415,63.539366004820145
8.262999999987413,63.54053037893661
8.26399999998741,63.54169424886155
8.264999999987408,63.54285754205648
8.265999999987406,63.54402020385843
8.266999999987403,63.54518220211323
8.267999999987401,63.5463435286753
8.268999999987399,63.5475041975563
8.269999999987396,63.548664239973945
8.270999999987394,63.54982369697716
8.271999999987392,63.550982610659254
8.27299999998739,63.552141015170136
8.273999999987387,63.55329892877159
8.274999999987385,63.5544563480411
8.275999999987382,63.55561324503023
8.27699999998738,63.556769567784926
8.277999999987378,63.557925244158746
8.278999999987375,63.55908018840063
8.279999999987373,63.560234309614145
8.28099999998737,63.561387520920846
8.281999999987368,63.56253974807273
8.282999999987366,63.563690936320185
8.283999999987364,63.56484105458916
8.284999999987361,63.56599009637878
8.285999999987359,63.56713807724571
8.286999999987357,63.56828502920565
8.287999999987354,63.56943099281768
8.288999999987352,63.5705760080353
8.28999999998735,63.57172010508865
8.290999999987347,63.572863296661616
8.291999999987345,63.57400557244572
8.292999999987343,63.57514689683012
8.29399999998734,63.576287210049344
8.294999999987338,63.577426432636415
8.295999999987336,63.57856447256629
8.296999999987333,63.579701234116385
8.297999999987331,63.580836627219185
8.298999999987329,63.581970576015976
8.299999999987326,63.58310302542718
8.300999999987324,63.58423394482032
8.301999999987322,63.585363328256086
8.30299999998732,63.58649119126575
8.303999999987317,63.58761756459341
8.304999999987315,63.5887424857605
8.305999999987312,63.58986598961449
8.30699999998731,63.59098809916774
8.307999999987308,63.59210881799518
8.308999999987305,63.59322812524748
8.309999999987303,63.59434597397893
8.3109999999873,63.59546229303059
8.311999999987298,63.596576992220456
8.312999999987296,63.597689970135086
8.313999999987294,63.59880112344799
8.314999999987291,63.59991035648732
8.31599999998729,63.60101758972551
8.316999999987287,63.60212276601874
8.317999999987284,63.60322585372676
8.318999999987282,63.6043268462747
8.31999999998728,63.60542575820688
8.320999999987277,63.60652261826907
8.321999999987275,63.607617460469356
8.322999999987273,63.60871031435008
8.32399999998727,63.60980119582135
8.324999999987268,63.610890099831806
8.325999999987266,63.611976995904584
8.326999999987263,63.613061827163584
8.327999999987261,63.61414451300348
8.328999999987259,63.61522495503488
8.329999999987256,63.6163030454956
8.330999999987254,63.61737867696929
8.331999999987252,63.61845175206975
8.33299999998725,63.619522191755344
8.333999999987247,63.62058994111715
8.334999999987245,63.621654971830225
8.335999999987243,63.62271728091362
8.33699999998724,63.62377688595375
8.337999999987238,63.62483381744048
8.338999999987236,63.62588810926624
8.339999999987233,63.626939788705144
8.34099999998723,63.627988867260896
8.341999999987229,63.62903533365541
8.342999999987226,63.63007914993694
8.343999999987224,63.63112025125249
8.344999999987222,63.63215854932209
8.34599999998722,63.63319393914328
8.346999999987217,63.63422630800632
8.347999999987215,63.635255545575916
8.348999999987212,63.6362815536479
8.34999999998721,63.63730425422157
8.350999999987208,63.638323594762724
8.351999999987205,63.639339549911014
8.352999999987203,63.64035211938096
8.3539999999872,63.64136132233437
8.354999999987198,63.642367188992615
8.355999999987196,63.643369750645405
8.356999999987194,63.64436902944121
8.357999999987191,63.64536502937352
8.358999999987189,63.64635772972039
8.359999999987187,63.64734708185799
8.360999999987184,63.648333009900384
8.361999999987182,63.6493154150937
8.36299999998718,63.6502941833657
8.363999999987177,63.651269194996765
8.364999999987175,63.65224033507801
8.365999999987173,63.653207503306334
8.36699999998717,63.654170621760116
8.367999999987168,63.65512963957136
8.368999999987166,63.656084533836065
8.369999999987163,63.65703530662621
8.370999999987161,63.657981978504914
8.371999999987159,63.65892457943569
8.372999999987156,63.65986313834126
8.373999999987154,63.66079767276151
8.374999999987152,63.66172818005705
8.37599999998715,63.66265463138588
8.376999999987147,63.66357696930636
8.377999999987145,63.664495109352146
8.378999999987142,63.66540894536748
8.37999999998714,63.666318357879625
8.380999999987138,63.66722322435073
8.381999999987135,63.66812342989643
8.382999999987133,63.66901887698492
8.38399999998713,63.66990949277146
8.384999999987128,63.6707952330335
8.385999999987126,63.67167608215027
8.386999999987124,63.67255204910703
8.387999999987121,63.67342316006595
8.388999999987119,63.67428944852236
8.389999999987117,63.675150944412245
8.390999999987114,63.676007663681126
8.391999999987112,63.67685959977219
8.39299999998711,63.67770671821917
8.393999999987107,63.67854895510013
8.394999999987105,63.679386219582206
8.395999999987103,63.680218400208126
8.3969999999871,63.681045374065434
8.397999999987098,63.6818670175742
8.398999999987096,63.682683217398356
8.399999999987093,63.68349387996116
8.400999999987091,63.68429893823578
8.401999999987089,63.685098354850325
8.402999999987086,63.685892121061876
8.403999999987084,63.6866802517253
8.404999999987082,63.68746277694427
8.40599999998708,63.688239731556294
8.406999999987077,63.689011143911
8.407999999987075,63.68977702549863
8.408999999987072,63.690537362880214
8.40999999998707,63.691292113048796
8.410999999987068,63.69204120288042
8.411999999987065,63.69278453276822
8.412999999987063,63.693521983948465
8.41399999998706,63.69425342851339
8.414999999987058,63.69497874072778
8.415999999987056,63.6956978080811
8.416999999987054,63.69641054053698
8.417999999987051,63.69711687669283
8.418999999987049,63.69781678598019
8.419999999987047,63.69851026658988
8.420999999987044,63.699197339396164
8.421999999987042,63.69987803871204
8.42299999998704,63.70055240115734
8.423999999987037,63.70122045418372
8.424999999987035,63.701882205865644
8.425999999987033,63.70253763738134
8.42699999998703,63.703186699250274
8.427999999987028,63.7038293118595
8.428999999987026,63.70446537022153
8.429999999987023,63.70509475231074
8.430999999987021,63.70571732983527
8.431999999987019,63.706332979951604
8.432999999987016,63.706941596295785
8.433999999987014,63.707543097800674
8.434999999987012,63.70813743405546
8.43599999998701,63.708724586450124
8.436999999987007,63.70930456492376
8.437999999987005,63.70987740075388
8.438999999987002,63.71044313637648
8.439999999987,63.71100181364965
8.440999999986998,63.71155346219122
8.441999999986995,63.712098089422476
8.442999999986993,63.71263567370297
8.44399999998699,63.713166161524704
8.444999999986988,63.713689469161956
8.445999999986986,63.7142054885638
8.446999999986984,63.71471409667647
8.447999999986981,63.71521516691057
8.44899999998698,63.71570858116716
8.449999999986977,63.71619424073947
8.450999999986974,63.71667207456982
8.451999999986972,63.717142043695915
8.45299999998697,63.71760414124952
8.453999999986967,63.71805838799341
8.454999999986965,63.718504824003645
8.455999999986963,63.71894349764472
8.45699999998696,63.71937445336934
8.457999999986958,63.719797720040525
8.458999999986956,63.720213301407135
8.459999999986954,63.7206211700697
8.460999999986951,63.721021265790654
8.461999999986949,63.72141349840164
8.462999999986947,63.72179775491652
8.463999999986944,63.72217390987677
8.464999999986942,63.722541837497204
8.46599999998694,63.722901423926054
8.466999999986937,63.72325257791289
8.467999999986935,63.723595238395845
8.468999999986933,63.72392937793997
8.46999999998693,63.724255001536285
8.470999999986928,63.72457214091276
8.471999999986926,63.724880845138706
8.472999999986923,63.72518116882105
8.47399999998692,63.72547315953888
8.474999999986919,63.72575684627071
8.475999999986916,63.72603223043819
8.476999999986914,63.726299280827355
8.477999999986912,63.72655793311103
8.47899999998691,63.7268080940484
8.479999999986907,63.72704964979482
8.480999999986905,63.72728247717134
8.481999999986902,63.72750645633908
8.4829999999869,63.72772148311458
8.483999999986898,63.727927479210095
8.484999999986895,63.72812439896291
8.485999999986893,63.728312231597315
8.48699999998689,63.72849099868658
8.487999999986888,63.72866074714736
8.488999999986886,63.7288215387333
8.489999999986884,63.7289734374832
8.490999999986881,63.72911649687205
8.491999999986879,63.72925074846176
8.492999999986877,63.72937619363282
8.493999999986874,63.729492799565065
8.494999999986872,63.729600500028944
8.49599999998687,63.72969920089555
8.496999999986867,63.729788789606374
8.497999999986865,63.72986914730082
8.498999999986863,63.729940161907564
8.49999999998686,63.730001740383905
8.500999999986858,63.73005381838312
8.501999999986856,63.7300963659882
8.502999999986853,63.73012938869658
8.503999999986851,63.73015292350209
8.504999999986849,63.73016703060348
8.505999999986846,63.730171781888856
8.506999999986844,63.730167247791165
8.507999999986842,63.73015348435095
8.50899999998684,63.730130522290445
8.509999999986837,63.730098359634766
8.510999999986835,63.73005695892205
8.511999999986832,63.73000624940915
8.51299999998683,63.72994613398058
8.513999999986828,63.72987649981035
8.514999999986825,63.72979723130525
8.515999999986823,63.72970822352701
8.51699999998682,63.729609394224475
8.517999999986818,63.72950069279477
8.518999999986816,63.7293821049129
8.519999999986814,63.72925365217136
8.520999999986811,63.72911538676414
8.521999999986809,63.72896738194499
8.522999999986807,63.72880971957854
8.523999999986804,63.72864247652157
8.524999999986802,63.728465711739304
8.5259999999868,63.72827945596035
8.526999999986797,63.728083705331905
8.527999999986795,63.72787841997007
8.528999999986793,63.72766352762095
8.52999999998679,63.72743893193891
8.530999999986788,63.727204524235304
8.531999999986786,63.72696019707246
8.532999999986783,63.72670585781359
8.533999999986781,63.72644144023396
8.534999999986779,63.72616691256728
8.535999999986776,63.725882280846285
8.536999999986774,63.72558758705128
8.537999999986772,63.72528290230677
8.53899999998677,63.724968316059964
8.539999999986767,63.72464392274687
8.540999999986765,63.724309807799614
8.541999999986762,63.723966034955964
8.54299999998676,63.723612636639
8.543999999986758,63.72324960876275
8.544999999986755,63.722876910694865
8.545999999986753,63.722494470393094
8.54699999998675,63.72210219401483
8.547999999986748,63.72169997866786
8.548999999986746,63.72128772653403
8.549999999986744,63.72086535838795
8.550999999986741,63.720432824623614
8.551999999986739,63.71999011222994
8.552999999986737,63.71953724672726
8.553999999986734,63.71907428877659
8.554999999986732,63.71860132591932
8.55599999998673,63.718118460590844
8.556999999986727,63.71762579607121
8.557999999986725,63.71712342233247
8.558999999986723,63.716611403766144
8.55999999998672,63.71608977050483
8.560999999986718,63.715558514571306
8.561999999986716,63.715017591398926
8.562999999986713,63.71446692653802
8.563999999986711,63.71390642661816
8.564999999986709,63.71333599305231
8.565999999986706,63.71275553657482
8.566999999986704,63.7121649905845
8.567999999986702,63.711564321430295
8.5689999999867,63.71095353418947
8.569999999986697,63.71033267312184
8.570999999986695,63.70970181671878
8.571999999986692,63.70906106802579
8.57299999998669,63.7084105415774
8.573999999986688,63.70775034876855
8.574999999986685,63.70708058370798
8.575999999986683,63.70640131153736
8.57699999998668,63.705712560861045
8.577999999986679,63.705014321355954
8.578999999986676,63.70430654690614
8.579999999986674,63.703589163842516
8.580999999986672,63.70286208314527
8.58199999998667,63.702125214918105
8.582999999986667,63.701378483120514
8.583999999986665,63.70062183850021
8.584999999986662,63.69985526790829
8.58599999998666,63.69907879868245
8.586999999986658,63.69829249746351
8.587999999986655,63.697496463592415
8.588999999986653,63.69669081799561
8.58999999998665,63.69587568910122
8.590999999986648,63.695051197752115
8.591999999986646,63.69421744322189
8.592999999986644,63.6933744922936
8.593999999986641,63.6925223729289
8.594999999986639,63.69166107342393
8.595999999986637,63.690790547179446
8.596999999986634,63.689910722432565
8.597999999986632,63.68902151560433
8.59899999998663,63.68812284640362
8.599999999986627,63.687214652580494
8.600999999986625,63.686296902257745
8.601999999986623,63.68536960210528
8.60299999998662,63.68443280019943
8.603999999986618,63.68348658314768
8.604999999986616,63.68253106786744
8.605999999986613,63.68156638915421
8.606999999986611,63.68059268476801
8.607999999986609,63.679610080118294
8.608999999986606,63.67861867469103
8.609999999986604,63.67761853212074
8.610999999986602,63.67660967530576
8.6119999999866,63.675592087269166
8.612999999986597,63.67456571765453
8.613999999986595,63.673530493968656
8.614999999986592,63.67248633600949
8.61599999998659,63.67143317147088
8.616999999986588,63.670370950546854
8.617999999986585,63.66929965749
8.618999999986583,63.66821931750241
8.61999999998658,63.667129997980105
8.620999999986578,63.666031803923026
8.621999999986576,63.66492486813725
8.622999999986574,63.6638093375862
8.623999999986571,63.66268535779746
8.624999999986569,63.66155305750498
8.625999999986567,63.660412535682006
8.626999999986564,63.65926385278801
8.627999999986562,63.658107027467864
8.62899999998656,63.656942039168335
8.629999999986557,63.65576883633181
8.630999999986555,63.654587349022066
8.631999999986553,63.65339750423977
8.63299999998655,63.652199241786555
8.633999999986548,63.65099252846505
8.634999999986546,63.649777368618686
8.635999999986543,63.64855380952354
8.636999999986541,63.64732194085685
8.637999999986539,63.646081888297736
8.638999999986536,63.644833802139765
8.639999999986534,63.643577842498004
8.640999999986532,63.64231416317322
8.64199999998653,63.64104289643139
8.642999999986527,63.63976414082569
8.643999999986525,63.6384779537701
8.644999999986522,63.637184349912026
8.64599999998652,63.635883305537355
8.646999999986518,63.63457476841095
8.647999999986515,63.633258671686
8.648999999986513,63.631934949946576
8.64999999998651,63.63060355513873
8.650999999986508,63.62926447015977
8.651999999986506,63.627917718189515
8.652999999986504,63.6265633664423
8.653999999986501,63.62520152379936
8.654999999986499,63.62383233263524
8.655999999986497,63.622455955970366
8.656999999986494,63.62107256173439
8.657999999986492,63.61968230634024
8.65899999998649,63.618285319864846
8.659999999986487,63.61688169491535
8.660999999986485,63.61547148074938
8.661999999986483,63.61405468348885
8.66299999998648,63.612631272404954
8.663999999986478,63.61120119141973
8.664999999986476,63.609764374220546
8.665999999986473,63.60832076088301
8.666999999986471,63.606870313683174
8.667999999986469,63.60541302988214
8.668999999986466,63.60394894968942
8.669999999986464,63.60247815827613
8.670999999986462,63.601000781543064
8.67199999998646,63.59951697621758
8.672999999986457,63.598026915656625
8.673999999986455,63.596530773332866
8.674999999986452,63.59502870632211
8.67599999998645,63.59352084109917
8.676999999986448,63.59200726364863
8.677999999986445,63.590488015278325
8.678999999986443,63.588963094735355
8.67999999998644,63.58743246633989
8.680999999986438,63.58589607301293
8.681999999986436,63.58435385238795
8.682999999986434,63.58280575375705
8.683999999986431,63.5812517534874
8.68499999998643,63.57969186673927
8.685999999986427,63.578126153832265
8.686999999986424,63.57655472034915
8.687999999986422,63.574977710942875
8.68899999998642,63.57339529769924
8.689999999986417,63.571807664671944
8.690999999986415,63.570214990748426
8.691999999986413,63.568617433246125
8.69299999998641,63.56701511452968
8.693999999986408,63.56540811352914
8.694999999986406,63.56379646335238
8.695999999986403,63.5621801553344
8.696999999986401,63.560559148971286
8.697999999986399,63.55893338636126
8.698999999986397,63.55730280913732
8.699999999986394,63.55566737552988
8.700999999986392,63.554027075159446
8.70199999998639,63.552381939481
8.702999999986387,63.55073204640157
8.703999999986385,63.54907751840699
8.704999999986383,63.54741851444527
8.70599999998638,63.54575521668948
8.706999999986378,63.54408781402276
8.707999999986376,63.5424164845516
8.708999999986373,63.54074137959375
8.70999999998637,63.539062611390314
8.710999999986369,63.53738024626611
8.711999999986366,63.53569430421531
8.712999999986364,63.534004764981795
8.713999999986362,63.532311579794886
8.71499999998636,63.53061468713695
8.715999999986357,63.528914030339436
8.716999999986355,63.52720957454774
8.717999999986352,63.52550132068433
8.71899999998635,63.52378931444358
8.719999999986348,63.5220736490491
8.720999999986345,63.520354461372406
8.721999999986343,63.51863192194062
8.72299999998634,63.51690622022031
8.723999999986338,63.51517754723245
8.724999999986336,63.51344607793342
8.725999999986334,63.51171195583204
8.726999999986331,63.50997528200813
8.727999999986329,63.50823611007682
8.728999999986327,63.506494447816195
8.729999999986324,63.504750265239
8.730999999986322,63.50300350799917
8.73199999998632,63.501254114258295
8.732999999986317,63.49950203266805
8.733999999986315,63.49774723894921
8.734999999986313,63.49598974873954
8.73599999998631,63.49422962489802
8.736999999986308,63.49246697822318
8.737999999986306,63.490701961465895
8.738999999986303,63.48893475746035
8.739999999986301,63.487165563022685
8.740999999986299,63.48539457086932
8.741999999986296,63.48362195207934
8.742999999986294,63.48184784156421
8.743999999986292,63.48007232857359
8.74499999998629,63.478295453576735
8.745999999986287,63.4765172119675
8.746999999986285,63.474737564081444
8.747999999986282,63.47295645014101
8.74899999998628,63.47117380804053
8.749999999986278,63.46938959148355
8.750999999986275,63.467603785931026
8.751999999986273,63.46581642011202
8.75299999998627,63.46402757147218
8.753999999986268,63.46223736478028
8.754999999986266,63.46044596407152
8.755999999986264,63.45865355904499
8.756999999986261,63.45686034780798
8.757999999986259,63.455066518380086
8.758999999986257,63.45327223154449
8.759999999986254,63.45147760745356
8.760999999986252,63.4496827178753
8.76199999998625,63.44788758517315
8.762999999986247,63.4460921881871
8.763999999986245,63.444296474194815
8.764999999986243,63.44250037529673
8.76599999998624,63.44070382694074
8.766999999986238,63.438906785991065
8.767999999986236,63.43710924581533
8.768999999986233,63.43531124626896
8.769999999986231,63.433512877166216
8.770999999986229,63.43171427473902
8.771999999986226,63.42991561156219
8.772999999986224,63.42811708134676
8.773999999986222,63.42631888072523
8.77499999998622,63.42452119057915
8.775999999986217,63.422724159532564
8.776999999986215,63.42092789192631
8.777999999986212,63.419132441972216
8.77899999998621,63.41733781491282
8.779999999986208,63.415543975036016
8.780999999986205,63.41375085943752
8.781999999986203,63.41195839561147
8.7829999999862,63.41016652041952
8.783999999986198,63.40837519778153
8.784999999986196,63.40658443260268
8.785999999986194,63.40479427897455
8.786999999986191,63.40300484148219
8.787999999986189,63.40121626941568
8.788999999986187,63.399428744680954
8.789999999986184,63.3976424650956
8.790999999986182,63.39585762540107
8.79199999998618,63.3940743986502
8.792999999986177,63.39229292057809
8.793999999986175,63.39051327914435
8.794999999986173,63.388735510721396
8.79599999998617,63.386959603467496
8.796999999986168,63.3851855074288
8.797999999986166,63.38341314996301
8.798999999986163,63.38164245433883
8.799999999986161,63.379873358901285
8.800999999986159,63.37810583412163
8.801999999986156,63.37633989512497
8.802999999986154,63.37457560793331
8.803999999986152,63.37281308852772
8.80499999998615,63.37105249484995
8.805999999986147,63.36929401285072
8.806999999986145,63.367537838529536
8.807999999986142,63.365784158474774
8.80899999998614,63.36403313163392
8.809999999986138,63.36228487486688
8.810999999986135,63.36053945431898
8.811999999986133,63.358796883832326
8.81299999998613,63.357057130635475
8.813999999986128,63.35532012752263
8.814999999986126,63.353585789833794
8.815999999986124,63.35185403486324
8.816999999986121,63.35012480098311
8.81799999998612,63.348398063802556
8.818999999986117,63.346673847094706
8.819999999986115,63.34495222694622
8.820999999986112,63.34323332853717
8.82199999998611,63.34151731598714
8.822999999986108,63.33980437667807
8.823999999986105,63.338094702247396
8.824999999986103,63.33638846891395
8.8259999999861,63.33468581989738
8.826999999986098,63.332986852404865
8.827999999986096,63.33129161101465
8.828999999986094,63.32960008839557
8.829999999986091,63.32791223327223
8.830999999986089,63.32622796453104
8.831999999986087,63.32454718950576
8.832999999986084,63.32286982388961
8.833999999986082,63.32119581048408
8.83499999998608,63.31952513415533
8.835999999986077,63.31785783088709
8.836999999986075,63.31619398964492
8.837999999986073,63.314533746771815
8.83899999998607,63.31287727368646
8.839999999986068,63.311224759599774
8.840999999986066,63.3095763916627
8.841999999986063,63.30793233532957
8.842999999986061,63.30629271768364
8.843999999986059,63.30465761606779
8.844999999986056,63.30302705361516
8.845999999986054,63.301401002314726
8.846999999986052,63.29977939320057
8.84799999998605,63.29816213223931
8.848999999986047,63.29654911970661
8.849999999986045,63.29494027033801
8.850999999986042,63.29333553142525
8.85199999998604,63.29173489631304
8.852999999986038,63.29013841139143
8.853999999986035,63.288546175588316
8.854999999986033,63.28695833241899
8.85599999998603,63.28537505569628
8.856999999986028,63.28379653089301
8.857999999986026,63.28222293476521
8.858999999986024,63.28065441608833
8.859999999986021,63.27909108021483
8.860999999986019,63.27753297962152
8.861999999986017,63.275980111785316
8.862999999986014,63.27443242470014
8.863999999986012,63.272889829273176
8.86499999998601,63.27135221687646
8.865999999986007,63.269819479604955
8.866999999986005,63.26829153040448
8.867999999986003,63.26676832025171
8.868999999986,63.26524984997329
8.869999999985998,63.26373617503587
8.870999999985996,63.26222740262386
8.871999999985993,63.26072368140022
8.872999999985991,63.2592251853754
8.873999999985989,63.25773209414012
8.874999999985986,63.256244572234735
8.875999999985984,63.254762750549745
8.876999999985982,63.2532867123728
8.87799999998598,63.25181648604926
8.878999999985977,63.25035204529176
8.879999999985975,63.24889331710579
8.880999999985972,63.24744019623635
8.88199999998597,63.245992564120705
8.882999999985968,63.24455030970147
8.883999999985965,63.243113349188164
8.884999999985963,63.241681641987384
8.88599999998596,63.240255200562025
8.886999999985958,63.23883409281579
8.887999999985956,63.237418436655254
8.888999999985954,63.23600838747627
8.889999999985951,63.23460412031868
8.890999999985949,63.2332058091879
8.891999999985947,63.23181360643921
8.892999999985944,63.23042762511448
8.893999999985942,63.22904792670642
8.89499999998594,63.22767451607405
8.895999999985937,63.226307344230484
8.896999999985935,63.22494631861978
8.897999999985933,63.223591319461384
8.89899999998593,63.222242219873365
8.899999999985928,63.22089890696293
8.900999999985926,63.219561300921214
8.901999999985923,63.218229369435846
8.902999999985921,63.216903135389906
8.903999999985919,63.21558267675276
8.904999999985916,63.21426811866402
8.905999999985914,63.2129596188099
8.906999999985912,63.21165734813375
8.90799999998591,63.21036146957899
8.908999999985907,63.20907211784424
8.909999999985905,63.20778938299326
8.910999999985902,63.206513300224486
8.9119999999859,63.20524384724881
8.912999999985898,63.20398094965403
8.913999999985895,63.202724493520336
8.914999999985893,63.201474343525156
8.91599999998589,63.20023036401788
8.916999999985888,63.19899244010592
8.917999999985886,63.19776049580543
8.918999999985884,63.19653450670256
8.919999999985881,63.19531450534313
8.92099999998588,63.19410057858116
8.921999999985877,63.19289285724699
8.922999999985874,63.19169149957174
8.923999999985872,63.190496670688745
8.92499999998587,63.18930852108711
8.925999999985867,63.18812716704132
8.926999999985865,63.186952675774435
8.927999999985863,63.185785057434146
8.92899999998586,63.18462426502545
8.929999999985858,63.18347020231327
8.930999999985856,63.18232273860429
8.931999999985853,63.1811817283455
8.932999999985851,63.18004703280251
8.933999999985849,63.178918540782526
8.934999999985846,63.17779618549129
8.935999999985844,63.17667995514916
8.936999999985842,63.17556989586179
8.93799999998584,63.17446610632548
8.938999999985837,63.17336872509767
8.939999999985835,63.17227791220834
8.940999999985833,63.171193827685464
8.94199999998583,63.17011661000429
8.942999999985828,63.169046357483026
8.943999999985826,63.16798311523208
8.944999999985823,63.166926869494084
8.94599999998582,63.16587755017576
8.946999999985819,63.16483504122752
8.947999999985816,63.16379919743135
8.948999999985814,63.162769865245956
8.949999999985812,63.161746904795464
8.95099999998581,63.160730209913815
8.951999999985807,63.159719723425226
8.952999999985805,63.158715445505294
8.953999999985802,63.15771743393756
8.9549999999858,63.156725796216456
8.955999999985798,63.15574067459378
8.956999999985795,63.15476222615606
8.957999999985793,63.15379060072433
8.95899999998579,63.152825919670484
8.959999999985788,63.15186825863049
8.960999999985786,63.15091763654209
8.961999999985784,63.1499740125582
8.962999999985781,63.14903729128077
8.963999999985779,63.148107335595604
8.964999999985777,63.14718398532024
8.965999999985774,63.14626707905985
8.966999999985772,63.145356476210935
8.96799999998577,63.14445207603238
8.968999999985767,63.14355383110279
8.969999999985765,63.1426617532695
8.970999999985763,63.141775911242284
8.97199999998576,63.14089642015758
8.972999999985758,63.140023424567595
8.973999999985756,63.13915707723485
8.974999999985753,63.13829751670902
8.975999999985751,63.13744484683399
8.976999999985749,63.136599121067135
8.977999999985746,63.13576033381944
8.978999999985744,63.134928420038285
8.979999999985742,63.134103263102105
8.98099999998574,63.13328470993395
8.981999999985737,63.13247259122537
8.982999999985735,63.13166674394417
8.983999999985732,63.13086703297602
8.98499999998573,63.1300733688584
8.985999999985728,63.129285719110676
8.986999999985725,63.12850411155435
8.987999999985723,63.127728629141956
8.98899999998572,63.126959397008875
8.989999999985718,63.12619656355377
8.990999999985716,63.125440278197246
8.991999999985714,63.12469066893883
8.992999999985711,63.12394782285534
8.993999999985709,63.12321177227928
8.994999999985707,63.12248248860066
8.995999999985704,63.12175988456925
8.996999999985702,63.1210438247841
8.9979999999857,63.12033414291274
8.998999999985697,63.11963066323445
8.999999999985695,63.11893322349007
9.000999999985693,63.118241695829525
9.00199999998569,63.117556002913744
9.002999999985688,63.11687612689756
9.003999999985686,63.11620211002243
9.004999999985683,63.115534046724356
9.005999999985681,63.11487206835189
9.006999999985679,63.11421632263111
9.007999999985676,63.11356695075272
9.008999999985674,63.11292406529519
9.009999999985672,63.112287732082876
9.01099999998567,63.11165795853405
9.011999999985667,63.1110346901414
9.012999999985665,63.11041781559364
9.013999999985662,63.10980717983214
9.01499999998566,63.10920260322349
9.015999999985658,63.10860390416858
9.016999999985655,63.10801092198386
9.017999999985653,63.107423536846476
9.01899999998565,63.106841684004806
9.019999999985648,63.10626536024957
9.020999999985646,63.105694621729555
9.021999999985644,63.10512957340441
9.022999999985641,63.104570351607244
9.023999999985639,63.10401710215639
9.024999999985637,63.10346995709068
9.025999999985634,63.102929013294684
9.026999999985632,63.102394316021126
9.02799999998563,63.10186584962907
9.028999999985627,63.101343536843416
9.029999999985625,63.10082724665342
9.030999999985623,63.100316809752854
9.03199999998562,63.09981203936627
9.032999999985618,63.099312754555676
9.033999999985616,63.098818802736375
9.034999999985613,63.098330078245546
9.035999999985611,63.09784653434514
9.036999999985609,63.09736818696082
9.037999999985606,63.09689510961785
9.038999999985604,63.09642742027174
9.039999999985602,63.09596526187277
9.0409999999856,63.09550877938754
9.041999999985597,63.09505809649823
9.042999999985595,63.09461329524823
9.043999999985592,63.094174401490285
9.04499999998559,63.093741378181186
9.045999999985588,63.09331412747324
9.046999999985585,63.09289250131809
9.047999999985583,63.09247631910827
9.04899999998558,63.092065389891424
9.049999999985578,63.09165953604342
9.050999999985576,63.09125861507907
9.051999999985574,63.090862536531404
9.052999999985571,63.09047127152097
9.05399999998557,63.09008485366069
9.054999999985567,63.08970337115605
9.055999999985564,63.089326951201365
9.056999999985562,63.088955738851766
9.05799999998556,63.0885898733301
9.058999999985557,63.08822946509421
9.059999999985555,63.08787457688299
9.060999999985553,63.08752521140832
9.06199999998555,63.08718130743197
9.062999999985548,63.08684274478604
9.063999999985546,63.08650935765053
9.064999999985544,63.08618095423318
9.065999999985541,63.08585734010198
9.066999999985539,63.08553834190387
9.067999999985537,63.08522382814437
9.068999999985534,63.08491372411021
9.069999999985532,63.08460801883329
9.07099999998553,63.08430676310807
9.071999999985527,63.0840100588308
9.072999999985525,63.08371804114446
9.073999999985523,63.08343085589395
9.07499999998552,63.083148635554345
9.075999999985518,63.08287147701451
9.076999999985516,63.08259942433939
9.077999999985513,63.08233245893675
9.07899999998551,63.08207049851875
9.079999999985509,63.08181340500716
9.080999999985506,63.08156100029132
9.081999999985504,63.0813130876383
9.082999999985502,63.08106947576017
9.0839999999855,63.08083000216814
9.084999999985497,63.08059455253375
9.085999999985495,63.08036307332933
9.086999999985492,63.08013557596127
9.08799999998549,63.07991213179893
9.088999999985488,63.07969285878796
9.089999999985485,63.07947790151572
9.090999999985483,63.079267407524085
9.09199999998548,63.07906150318833
9.092999999985478,63.078860272548155
9.093999999985476,63.07866374205957
9.094999999985474,63.07847187341068
9.095999999985471,63.07828456541635
9.096999999985469,63.07810166473643
9.097999999985467,63.07792298392563
9.098999999985464,63.07774832429077
9.099999999985462,63.07757750035209
9.10099999998546,63.07741036247678
9.101999999985457,63.07724681449888
9.102999999985455,63.07708682384376
9.103999999985453,63.07693042272423
9.10499999998545,63.07677770022952
9.105999999985448,63.07662878640748
9.106999999985446,63.07648383056535
9.107999999985443,63.07634297682937
9.108999999985441,63.076206340393476
9.109999999985439,63.07607398778855
9.110999999985436,63.07594592395283
9.111999999985434,63.0758220879222
9.112999999985432,63.07570235776299
9.11399999998543,63.0755865640591
9.114999999985427,63.075474510081804
9.115999999985425,63.07536599581408
9.116999999985422,63.07526084247055
9.11799999998542,63.07515891407148
9.118999999985418,63.07506013304393
9.119999999985415,63.07496448765255
9.120999999985413,63.07487203020549
9.12199999998541,63.07478286627966
9.122999999985408,63.074697136465204
9.123999999985406,63.0746149931886
9.124999999985404,63.07453657586896
9.125999999985401,63.07446198789729
9.126999999985399,63.074391278672195
9.127999999985397,63.07432443322589
9.128999999985394,63.0742613708961
9.129999999985392,63.07420195324673
9.13099999998539,63.07414600012931
9.131999999985387,63.074093311650614
9.132999999985385,63.07404369296915
9.133999999985383,63.07399697844842
9.13499999998538,63.07395305177432
9.135999999985378,63.07391185920307
9.136999999985376,63.073873414067194
9.137999999985373,63.07383779189193
9.138999999985371,63.07380511679814
9.139999999985369,63.073775541087834
9.140999999985366,63.07374922087897
9.141999999985364,63.07372629119856
9.142999999985362,63.07370684403707
9.14399999998536,63.07369091243461
9.144999999985357,63.073678462838934
9.145999999985355,63.07366939681519
9.146999999985352,63.073663561873076
9.14799999998535,63.07366076990635
9.148999999985348,63.07366082066587
9.149999999985345,63.073663526973945
9.150999999985343,63.07366873814208
9.15199999998534,63.07367635829777
9.152999999985338,63.07368635703751
9.153999999985336,63.07369877090128
9.154999999985334,63.07371369544759
9.155999999985331,63.07373126903535
9.156999999985329,63.07375165057854
9.157999999985327,63.07377499439058
9.158999999985324,63.073801425650444
9.159999999985322,63.07383101993047
9.16099999998532,63.073863789671606
9.161999999985317,63.07389967950761
9.162999999985315,63.07393857110741
9.163999999985313,63.07398029686912
9.16499999998531,63.07402466055289
9.165999999985308,63.07407146196721
9.166999999985306,63.0741205222522
9.167999999985303,63.07417170621307
9.168999999985301,63.07422493856858
9.169999999985299,63.07428021182621
9.170999999985296,63.07433758466998
9.171999999985294,63.07439717107565
9.172999999985292,63.074459121671914
9.17399999998529,63.074523599962596
9.174999999985287,63.07459075674378
9.175999999985285,63.07466070631262
9.176999999985282,63.07473350781348
9.17799999998528,63.074809154341736
9.178999999985278,63.07488757134401
9.179999999985275,63.07496862454424
9.180999999985273,63.07505213630017
9.18199999998527,63.075137908098874
9.182999999985269,63.07522574604975
9.183999999985266,63.07531548580025
9.184999999985264,63.07540701337446
9.185999999985262,63.07550027900176
9.18699999998526,63.0755953019797
9.187999999985257,63.07569216587486
9.188999999985255,63.07579100472482
9.189999999985252,63.075891982168905
9.19099999998525,63.0759952664336
9.191999999985248,63.07610100467895
9.192999999985245,63.07620930030766
9.193999999985243,63.0763201964164
9.19499999998524,63.076433667716856
9.195999999985238,63.07654962206292
9.196999999985236,63.07666791138267
9.197999999985234,63.07678835048916
9.198999999985231,63.07691074113645
9.199999999985229,63.07703489795234
9.200999999985227,63.0771606726059
9.201999999985224,63.07728797280804
9.202999999985222,63.07741677347097
9.20399999998522,63.077547118449075
9.204999999985217,63.07767911260388
9.205999999985215,63.07781290530015
9.206999999985213,63.07794866764117
9.20799999998521,63.0780865666327
9.208999999985208,63.078226739900174
9.209999999985206,63.07836927451122
9.210999999985203,63.07851419287919
9.211999999985201,63.07866144773586
9.212999999985199,63.078810926887144
9.213999999985196,63.078962467098975
9.214999999985194,63.079115875171894
9.215999999985192,63.07927095325652
9.21699999998519,63.07942752486428
9.217999999985187,63.079585457925454
9.218999999985185,63.07974468165616
9.219999999985182,63.07990519486032
9.22099999998518,63.08006706449163
9.221999999985178,63.08023041466775
9.222999999985175,63.0803954076692
9.223999999985173,63.08056221958685
9.22499999998517,63.080731014039316
9.225999999985168,63.08090191764473
9.226999999985166,63.0810750007075
9.227999999985164,63.08125026582399
9.228999999985161,63.08142764601739
9.229999999985159,63.08160701267358
9.230999999985157,63.08178819216804
9.231999999985154,63.081970988867525
9.232999999985152,63.08215521128327
9.23399999998515,63.08234069771458
9.234999999985147,63.0825273377754
9.235999999985145,63.082715086778414
9.236999999985143,63.082903970940485
9.23799999998514,63.08309408266754
9.238999999985138,63.08328556656712
9.239999999985136,63.08347859814856
9.240999999985133,63.08367335819101
9.241999999985131,63.083870006379634
9.242999999985129,63.084068657903536
9.243999999985126,63.084269366300624
9.244999999985124,63.084472114959105
9.245999999985122,63.08467681847072
9.24699999998512,63.0848833336584
9.247999999985117,63.08509147873526
9.248999999985115,63.08530105791802
9.249999999985112,63.085511888043115
9.25099999998511,63.085723823446116
9.251999999985108,63.08593677560782
9.252999999985105,63.086150724798095
9.253999999985103,63.08636572207181
9.2549999999851,63.08658188132879
9.255999999985098,63.0867993625407
9.256999999985096,63.0870183484931
9.257999999985094,63.087239018302455
9.258999999985091,63.08746152142327
9.259999999985089,63.08768595579533
9.260999999985087,63.08791235320216
9.261999999985084,63.088140673906835
9.262999999985082,63.088370811324346
9.26399999998508,63.08860260608473
9.264999999985077,63.08883586752753
9.265999999985075,63.0890703996148
9.266999999985073,63.08930602763441
9.26799999998507,63.08954262194757
9.268999999985068,63.08978011544738
9.269999999985066,63.09001851226831
9.270999999985063,63.09025788651811
9.271999999985061,63.090498371198116
9.272999999985059,63.09074013885899
9.273999999985056,63.09098337670591
9.274999999985054,63.091228259645874
9.275999999985052,63.091474925066464
9.27699999998505,63.091723452886875
9.277999999985047,63.091973853692416
9.278999999985045,63.09222606661394
9.279999999985042,63.092479967268865
9.28099999998504,63.09273538464641
9.281999999985038,63.092992124587944
9.282999999985035,63.09324999656848
9.283999999985033,63.09350884003088
9.28499999998503,63.09376854657001
9.285999999985028,63.09402907484509
9.286999999985026,63.09429045611489
9.287999999985024,63.09455278960275
9.288999999985021,63.094816228334565
9.28999999998502,63.095080957428415
9.290999999985017,63.09534716788023
9.291999999985014,63.095615029521994
9.292999999985012,63.09588466694562
9.29399999998501,63.09615614177031
9.294999999985007,63.09642944374437
9.295999999985005,63.0967044919316
9.296999999985003,63.096981145826334
9.297999999985,63.0972592248457
9.298999999984998,63.09753853347101
9.299999999984996,63.09781888851179
9.300999999984993,63.098100144665
9.301999999984991,63.09838221477363
9.302999999984989,63.098665081932
9.303999999984987,63.098948801728845
9.304999999984984,63.099233494301345
9.305999999984982,63.09951932730847
9.30699999998498,63.09980649220663
9.307999999984977,63.1000951771535
9.308999999984975,63.10038554033852
9.309999999984973,63.10067768749114
9.31099999998497,63.10097165672097
9.311999999984968,63.10126741283187
9.312999999984966,63.10156485191454
9.313999999984963,63.10186381558038
9.31499999998496,63.10216411285158
9.315999999984959,63.10246554664299
9.316999999984956,63.10276794112304
9.317999999984954,63.1030711661177
9.318999999984952,63.10337515513027
9.31999999998495,63.10367991444008
9.320999999984947,63.10398552199541
9.321999999984945,63.104292116246064
9.322999999984942,63.10459987647478
9.32399999998494,63.104908997386566
9.324999999984938,63.10521966152428
9.325999999984935,63.105532013383
9.326999999984933,63.10584613886577
9.32799999998493,63.10616205296564
9.328999999984928,63.10647969740765
9.329999999984926,63.10679894859097
9.330999999984924,63.10711963472439
9.331999999984921,63.107441559758364
9.332999999984919,63.10776453076461
9.333999999984917,63.10808838492703
9.334999999984914,63.108413012348976
9.335999999984912,63.10873837146847
9.33699999998491,63.10906449490424
9.337999999984907,63.10939148489923
9.338999999984905,63.10971949899046
9.339999999984903,63.11004872791086
9.3409999999849,63.11037936881996
9.341999999984898,63.11071159762213
9.342999999984896,63.11104554425145
9.343999999984893,63.111381274390766
9.344999999984891,63.11171878019685
9.345999999984889,63.112057981329414
9.346999999984886,63.11239873615354
9.347999999984884,63.11274086154818
9.348999999984882,63.113084158548745
9.34999999998488,63.11342844022893
9.350999999984877,63.11377355790255
9.351999999984875,63.114119421964446
9.352999999984872,63.11446601443284
9.35399999998487,63.114813391423304
9.354999999984868,63.11516167519804
9.355999999984865,63.1155110368965
9.356999999984863,63.11586167236856
9.35799999998486,63.116213774494
9.358999999984858,63.11656750587582
9.359999999984856,63.116922975742156
9.360999999984854,63.117280224296756
9.361999999984851,63.11763921673383
9.362999999984849,63.11799984775461
9.363999999984847,63.11836195596721
9.364999999984844,63.11872534615662
9.365999999984842,63.11908981630588
9.36699999998484,63.11945518558193
9.367999999984837,63.11982131936117
9.368999999984835,63.12018814778019
9.369999999984833,63.120555675200606
9.37099999998483,63.1209239792531
9.371999999984828,63.12129319958313
9.372999999984826,63.121663517872115
9.373999999984823,63.12203513193783
9.374999999984821,63.122408227548966
9.375999999984819,63.122782951913756
9.376999999984816,63.12315939257076
9.377999999984814,63.12353756464912
9.378999999984812,63.12391740828683
9.37999999998481,63.1242987965831
9.380999999984807,63.12468155296976
9.381999999984805,63.12506547557765
9.382999999984802,63.125450365186474
9.3839999999848,63.12583605283582
9.384999999984798,63.126222423222885
9.385999999984795,63.12660943059108
9.386999999984793,63.1269971048674
9.38799999998479,63.127385547175074
9.388999999984788,63.127774915340446
9.389999999984786,63.12816540142362
9.390999999984784,63.12855720442365
9.391999999984781,63.12895050198808
9.392999999984779,63.12934542509434
9.393999999984777,63.129742039256634
9.394999999984774,63.13014033489575
9.395999999984772,63.130540228228455
9.39699999998477,63.13094157255518
9.397999999984767,63.13134417837447
9.398999999984765,63.13174783950706
9.399999999984763,63.132152361560316
9.40099999998476,63.132557588741825
9.401999999984758,63.13296342524781
9.402999999984756,63.13336984821459
9.403999999984753,63.13377691040679
9.404999999984751,63.13418473225516
9.405999999984749,63.13459348435366
9.406999999984746,63.13500336286763
9.407999999984744,63.13541456130078
9.408999999984742,63.13582724258386
9.40999999998474,63.136241515404215
9.410999999984737,63.136657418102516
9.411999999984735,63.13707491240559
9.412999999984732,63.137493887883366
9.41399999998473,63.137914176511465
9.414999999984728,63.138335575305646
9.415999999984725,63.13875787385825
9.416999999984723,63.139180882918296
9.41799999998472,63.13960446000192
9.418999999984718,63.14002852844302
9.419999999984716,63.14045308719915
9.420999999984714,63.140878210028895
9.421999999984711,63.14130403415039
9.42299999998471,63.14173073996296
9.423999999984707,63.142158524678244
9.424999999984705,63.14258757356682
9.425999999984702,63.14301803285413
9.4269999999847,63.143449988083596
9.427999999984698,63.14388345098128
9.428999999984695,63.1443183566749
9.429999999984693,63.14475457166039
9.43099999998469,63.14519191140844
9.431999999984688,63.14563016514846
9.432999999984686,63.146069124358156
9.433999999984684,63.14650861096531
9.434999999984681,63.14694850129929
9.435999999984679,63.147388742422315
9.436999999984677,63.147829358535446
9.437999999984674,63.148270446546135
9.438999999984672,63.148712161414075
9.43999999998467,63.149154693323425
9.440999999984667,63.14959823988612
9.441999999984665,63.15004297727576
9.442999999984663,63.150489034340644
9.44399999998466,63.15093647333084
9.444999999984658,63.151385279941785
9.445999999984656,63.15183536408048
9.446999999984653,63.15228657124652
9.447999999984651,63.152738702944085
9.448999999984649,63.153191543264356
9.449999999984646,63.15364488790807
9.450999999984644,63.1540985715754
9.451999999984642,63.15455248986674
9.45299999998464,63.1550066126149
9.453999999984637,63.15546098676616
9.454999999984635,63.15591572839628
9.455999999984632,63.15637100497733
9.45699999998463,63.15682701037786
9.457999999984628,63.15728393610302
9.458999999984625,63.15774194281169
9.459999999984623,63.15820113610986
9.46099999998462,63.158661550023766
9.461999999984618,63.159123140479664
9.462999999984616,63.15958578971367
9.463999999984614,63.16004932099797
9.464999999984611,63.16051352163209
9.465999999984609,63.160978170971035
9.466999999984607,63.16144306956755
9.467999999984604,63.161908065336306
9.468999999984602,63.16237307306844
9.4699999999846,63.16283808455017
9.470999999984597,63.16330316785769
9.471999999984595,63.16376845591921
9.472999999984593,63.164234125944155
9.47399999998459,63.16470037260546
9.474999999984588,63.1651673787438
9.475999999984586,63.16563528770749
9.476999999984583,63.166104181220426
9.477999999984581,63.16657406588377
9.478999999984579,63.16704487021696
9.479999999984576,63.16751645265134
9.480999999984574,63.167988619371066
9.481999999984572,63.168461149498214
9.48299999998457,63.1689338241
9.483999999984567,63.16940645494812
9.484999999984565,63.1698789089899
9.485999999984562,63.170351125090185
9.48699999998456,63.17082312067861
9.487999999984558,63.17129498735813
9.488999999984555,63.171766876085265
9.489999999984553,63.17223897399491
9.49099999998455,63.17271147612237
9.491999999984548,63.173184555990105
9.492999999984546,63.173658339189366
9.493999999984544,63.17413288365976
9.494999999984541,63.174608169437654
9.495999999984539,63.175084099315434
9.496999999984537,63.17556051032696
9.497999999984534,63.17603719444987
9.498999999984532,63.176513925632115
9.49999999998453,63.176990489344256
9.500999999984527,63.17746671051174
9.501999999984525,63.17794247589583
9.502999999984523,63.178417747774056
9.50399999998452,63.178892566990214
9.504999999984518,63.17936704493832
9.505999999984516,63.17984134559749
9.506999999984513,63.180315660138
9.507999999984511,63.18079017765811
9.508999999984509,63.18126505616041
9.509999999984506,63.18174039784413
9.510999999984504,63.182216232187564
9.511999999984502,63.18269250919937
9.5129999999845,63.18316910379908
9.513999999984497,63.183645830713175
9.514999999984495,63.18412246781161
9.515999999984492,63.18459878460925
9.51699999998449,63.18507457194153
9.517999999984488,63.185549668647624
9.518999999984485,63.18602398151655
9.519999999984483,63.186497495689146
9.52099999998448,63.18697027404931
9.521999999984478,63.18744244568174
9.522999999984476,63.18791418501211
9.523999999984474,63.188385684556344
9.524999999984471,63.188857125109124
9.52599999998447,63.18932864755925
9.526999999984467,63.18980033029543
9.527999999984464,63.190272175378574
9.528999999984462,63.190744105425544
9.52999999998446,63.19121597164595
9.530999999984457,63.19168757191372
9.531999999984455,63.192158676344775
9.532999999984453,63.19262905679751
9.53399999998445,63.19309851615928
9.534999999984448,63.19356691330472
9.535999999984446,63.194034180213876
9.536999999984443,63.194500328835446
9.537999999984441,63.19496544671954
9.538999999984439,63.195429682026244
9.539999999984436,63.19589322001104
9.540999999984434,63.19635625428364
9.541999999984432,63.19681895687845
9.54299999998443,63.19728145133323
9.543999999984427,63.197743792556516
9.544999999984425,63.198205956308406
9.545999999984423,63.19866783977588
9.54699999998442,63.19912927316683
9.547999999984418,63.19959004070402
9.548999999984416,63.200049908076714
9.549999999984413,63.2005086524992
9.55099999998441,63.20096609115336
9.551999999984409,63.201422104016515
9.552999999984406,63.20187664785876
9.553999999984404,63.20232975943974
9.554999999984402,63.20278154744533
9.5559999999844,63.20323217429119
9.556999999984397,63.20368183034475
9.557999999984395,63.20413070418062
9.558999999984392,63.20457895304502
9.55999999998439,63.205026677681616
9.560999999984388,63.205473905050624
9.561999999984385,63.20592058138238
9.562999999984383,63.206366576541356
9.56399999998438,63.20681169909846
9.564999999984378,63.20725572000363
9.565999999984376,63.20769840154466
9.566999999984374,63.2081395275266
9.567999999984371,63.20857893044264
9.568999999984369,63.20901651181911
9.569999999984367,63.209452252872545
9.570999999984364,63.20988621397692
9.571999999984362,63.21031852300791
9.57299999998436,63.21074935419669
9.573999999984357,63.211178900461
9.574999999984355,63.21160734310153
9.575999999984353,63.21203482312265
9.57699999998435,63.21246141821081
9.577999999984348,63.21288712860212
9.578999999984346,63.21331187383544
9.579999999984343,63.21373550084141
9.580999999984341,63.21415780224832
9.581999999984339,63.21457854233885
9.582999999984336,63.2149974870234
9.583999999984334,63.215414433624225
9.584999999984332,63.215829236288364
9.58599999998433,63.21624182345173
9.586999999984327,63.21665220489248
9.587999999984325,63.217060467371255
9.588999999984322,63.21746675946411
9.58999999998432,63.21787126771389
9.590999999984318,63.21827418744483
9.591999999984315,63.21867569234087
9.592999999984313,63.219075907055135
9.59399999998431,63.21947488669309
9.594999999984308,63.21987260605356
9.595999999984306,63.220268960137936
9.596999999984304,63.220663775862356
9.597999999984301,63.22105683333809
9.598999999984299,63.22144789373412
9.599999999984297,63.221836729817674
9.600999999984294,63.22222315487751
9.601999999984292,63.22260704596524
9.60299999998429,63.22298835818359
9.603999999984287,63.223367128005336
9.604999999984285,63.22374346515187
9.605999999984283,63.22411753416376
9.60699999998428,63.22448952824947
9.607999999984278,63.22485963907989
9.608999999984276,63.2252280267692
9.609999999984273,63.225594794262335
9.610999999984271,63.22595996972324
9.611999999984269,63.2263234994098
9.612999999984266,63.226685252039346
9.613999999984264,63.22704503403853
9.614999999984262,63.22740261354787
9.61599999998426,63.22775774981434
9.616999999984257,63.228110223852504
9.617999999984255,63.22845986607173
9.618999999984252,63.228806576988596
9.61999999998425,63.229150338113776
9.620999999984248,63.22949121147695
9.621999999984245,63.22982932784987
9.622999999984243,63.23016486531662
9.62399999998424,63.23049802120068
9.624999999984238,63.230828981292696
9.625999999984236,63.231157890705184
9.626999999984234,63.23148483045
9.627999999984231,63.2318098030329
9.628999999984229,63.232132729091084
9.629999999984227,63.23245345554677
9.630999999984224,63.23277177414693
9.631999999984222,63.23308744778643
9.63299999998422,63.23340024093333
9.633999999984217,63.233709949883234
9.634999999984215,63.23401642859654
9.635999999984213,63.23431960648037
9.63699999998421,63.23461949560904
9.637999999984208,63.23491618635741
9.638999999984206,63.23520983205513
9.639999999984203,63.23550062481038
9.640999999984201,63.23578876589978
9.641999999984199,63.236074434877196
9.642999999984196,63.23635776174214
9.643999999984194,63.23663880606942
9.644999999984192,63.23691754603125
9.64599999998419,63.237193878857184
9.646999999984187,63.23746763267066
9.647999999984185,63.23773858804924
9.648999999984182,63.238006506285565
9.64999999998418,63.238271160382695
9.650999999984178,63.23853236443213
9.651999999984175,63.23878999724005
9.652999999984173,63.239044016878296
9.65399999998417,63.23929446410818
9.654999999984168,63.23954145419013
9.655999999984166,63.2397851582228
9.656999999984164,63.24002577662986
9.657999999984161,63.24026350851289
9.65899999998416,63.24049852117564
9.659999999984157,63.240730924099545
9.660999999984154,63.24096075102882
9.661999999984152,63.241187952686424
9.66299999998415,63.241412401151884
9.663999999984147,63.24163390529131
9.664999999984145,63.24185223508323
9.665999999984143,63.24206715142737
9.66699999998414,63.242278437262414
9.667999999984138,63.24248592561951
9.668999999984136,63.24268952067696
9.669999999984134,63.24288920885283
9.670999999984131,63.24308505837241
9.671999999984129,63.24327720736422
9.672999999984127,63.24346584215324
9.673999999984124,63.24365116879776
9.674999999984122,63.24383338187134
9.67599999998412,63.24401263487632
9.676999999984117,63.24418901645047
9.677999999984115,63.244362535708895
9.678999999984113,63.2445331187832
9.67999999998411,63.24470061704883
9.680999999984108,63.24486482589181
9.681999999984106,63.24502551138916
9.682999999984103,63.24518244116198
9.6839999999841,63.24533541507601
9.684999999984099,63.245484291473986
9.685999999984096,63.24562900525084
9.686999999984094,63.24576957522111
9.687999999984092,63.24590609973546
9.68899999998409,63.24603874115414
9.689999999984087,63.246167701354466
9.690999999984085,63.24629319170967
9.691999999984082,63.24641540175714
9.69299999998408,63.246534470950195
9.693999999984078,63.246650467455815
9.694999999984075,63.246763376983644
9.695999999984073,63.24687310320565
9.69699999998407,63.24697947972166
9.697999999984068,63.24708229189146
9.698999999984066,63.247181305476104
9.699999999984064,63.24727629806871
9.700999999984061,63.247367088897605
9.701999999984059,63.247453562811714
9.702999999984057,63.24753568507166
9.703999999984054,63.24761350486335
9.704999999984052,63.247687147031286
9.70599999998405,63.24775679318997
9.706999999984047,63.247822654861345
9.707999999984045,63.247884942407275
9.708999999984043,63.24794383412069
9.70999999998404,63.247999449816774
9.710999999984038,63.248051832634644
9.711999999984036,63.24810094161436
9.712999999984033,63.248146656094264
9.713999999984031,63.24818879131915
9.714999999984029,63.248227123075985
9.715999999984026,63.2482614179023
9.716999999984024,63.24829146463267
9.717999999984022,63.24831710285547
9.71899999998402,63.248338244282785
9.719999999984017,63.24835488402989
9.720999999984015,63.248367100213315
9.721999999984012,63.248375041919
9.72299999998401,63.248378907223795
9.723999999984008,63.24837891435983
9.724999999984005,63.24837527007209
9.725999999984003,63.24836813961619
9.726999999984,63.24835762261844
9.727999999983998,63.24834373818529
9.728999999983996,63.24832642135727
9.729999999983994,63.24830553141402
9.730999999983991,63.248280870864264
9.731999999983989,63.248252212466284
9.732999999983987,63.248219330490464
9.733999999983984,63.24818203183831
9.734999999983982,63.248140182646644
9.73599999998398,63.24809372663183
9.736999999983977,63.24804269258958
9.737999999983975,63.24798718998584
9.738999999983973,63.247927393251956
9.73999999998397,63.24786351698645
9.740999999983968,63.2477957855441
9.741999999983966,63.24772440128312
9.742999999983963,63.24764951592574
9.743999999983961,63.24757120905162
9.744999999983959,63.24748947674495
9.745999999983956,63.24740423198762
9.746999999983954,63.24731531675004
9.747999999983952,63.24722252408884
9.74899999998395,63.24712562715158
9.749999999983947,63.24702441101756
9.750999999983945,63.24691870290249
9.751999999983942,63.24680839647902
9.75299999998394,63.24669346688819
9.753999999983938,63.2465739743291
9.754999999983935,63.24645005571433
9.755999999983933,63.24632190555824
9.75699999998393,63.2461897487802
9.757999999983928,63.24605380923659
9.758999999983926,63.24591427840388
9.759999999983924,63.245771288607884
9.760999999983921,63.24562489456584
9.761999999983919,63.24547506583533
9.762999999983917,63.24532169123858
9.763999999983914,63.24516459464414
9.764999999983912,63.24500355990067
9.76599999998391,63.24483836142478
9.766999999983907,63.244668796153825
9.767999999983905,63.24449471237876
9.768999999983903,63.24431603140884
9.7699999999839,63.2441327590208
9.770999999983898,63.243944985079395
9.771999999983896,63.243752871376195
9.772999999983893,63.24355662939169
9.773999999983891,63.24335649110225
9.774999999983889,63.24315267693568
9.775999999983886,63.24294536537984
9.776999999983884,63.242734668515304
9.777999999983882,63.24252061691263
9.77899999998388,63.24230315601304
9.779999999983877,63.24208215451137
9.780999999983875,63.24185742356177
9.781999999983872,63.24162874412386
9.78299999998387,63.24139589861283
9.783999999983868,63.24115870241405
9.784999999983865,63.240917030832584
9.785999999983863,63.24067083768914
9.78699999998386,63.24042016293709
9.787999999983859,63.240165128223374
9.788999999983856,63.2399059210097
9.789999999983854,63.239642769481335
9.790999999983852,63.239375911764704
9.79199999998385,63.239105563779006
9.792999999983847,63.23883189022796
9.793999999983845,63.2385549828103
9.794999999983842,63.23827484870021
9.79599999998384,63.237991410921616
9.796999999983838,63.23770452056436
9.797999999983835,63.23741397913464
9.798999999983833,63.23711956790551
9.79999999998383,63.236821080147344
9.800999999983828,63.2365183517088
9.801999999983826,63.23621128564916
9.802999999983824,63.23589986745348
9.803999999983821,63.23558416868847
9.804999999983819,63.23526433857728
9.805999999983817,63.23494058467432
9.806999999983814,63.23461314534759
9.807999999983812,63.23428225793324
9.80899999998381,63.23394812703237
9.809999999983807,63.233610897404915
9.810999999983805,63.23327063526673
9.811999999983803,63.232927320627574
9.8129999999838,63.23258085174222
9.813999999983798,63.23223106106505
9.814999999983796,63.23187774046616
9.815999999983793,63.231520672179734
9.816999999983791,63.2311596611396
9.817999999983789,63.23079456416539
9.818999999983786,63.230425311900305
9.819999999983784,63.230051920415775
9.820999999983782,63.229674490846726
9.82199999998378,63.2292931971051
9.822999999983777,63.22890826339025
9.823999999983775,63.22851993465799
9.824999999983772,63.22812844419778
9.82599999998377,63.22773398287318
9.826999999983768,63.22733667435147
9.827999999983765,63.22693655980498
9.828999999983763,63.22653359422898
9.82999999998376,63.226127654901724
9.830999999983758,63.225718560799876
9.831999999983756,63.2253061002553
9.832999999983754,63.22489006296952
9.833999999983751,63.224470271901396
9.834999999983749,63.22404661054105
9.835999999983747,63.223619041735766
9.836999999983744,63.22318761541416
9.837999999983742,63.222752464112574
9.83899999998374,63.22231378692783
9.839999999983737,63.221871824145815
9.840999999983735,63.22142682610855
9.841999999983733,63.22097902069057
9.84299999998373,63.22052858394998
9.843999999983728,63.22007561807211
9.844999999983726,63.21962013970234
9.845999999983723,63.21916208030456
9.846999999983721,63.21870129850306
9.847999999983719,63.21823760267456
9.848999999983716,63.21777078062855
9.849999999983714,63.21730063220226
9.850999999983712,63.21682700019757
9.85199999998371,63.216349795302136
9.852999999983707,63.21586901149172
9.853999999983705,63.215384729743064
9.854999999983702,63.21489710952798
9.8559999999837,63.214406369280596
9.856999999983698,63.21391275857718
9.857999999983695,63.21341652593246
9.858999999983693,63.2129178867349
9.85999999998369,63.21241699582742
9.860999999983688,63.21191392858085
9.861999999983686,63.211408673127714
9.862999999983684,63.21090113485217
9.863999999983681,63.210391152506354
9.864999999983679,63.209878523700326
9.865999999983677,63.20936303618915
9.866999999983674,63.20884450056956
9.867999999983672,63.208322779797065
9.86899999998367,63.207797811376054
9.869999999983667,63.20726961910528
9.870999999983665,63.206738312721974
9.871999999983663,63.20620407549063
9.87299999998366,63.205667141474386
9.873999999983658,63.205127765682825
9.874999999983656,63.20458619129126
9.875999999983653,63.204042618539866
9.876999999983651,63.2034971796821
9.877999999983649,63.20294992350507
9.878999999983646,63.20240081159559
9.879999999983644,63.20184972688
9.880999999983642,63.20129649324217
9.88199999998364,63.200740903473466
9.882999999983637,63.200182751636156
9.883999999983635,63.19962186529712
9.884999999983632,63.199058133104145
9.88599999998363,63.19849152382548
9.886999999983628,63.19792209416694
9.887999999983625,63.19734998426075
9.888999999983623,63.196775401454026
9.88999999998362,63.19619859467069
9.890999999983618,63.19561982294597
9.891999999983616,63.195039322552866
9.892999999983614,63.19445727733387
9.893999999983611,63.19387379640088
9.89499999998361,63.193288902333244
9.895999999983607,63.192702531530465
9.896999999983604,63.19211454667755
9.897999999983602,63.19152475957056
9.8989999999836,63.19093296110806
9.899999999983597,63.190338954233226
9.900999999983595,63.18974258519913
9.901999999983593,63.1891437687598
9.90299999998359,63.18854250374259
9.903999999983588,63.18793887680743
9.904999999983586,63.18733305385906
9.905999999983583,63.18672526031396
9.906999999983581,63.18611575299265
9.907999999983579,63.1855047875776
9.908999999983577,63.18489258621266
9.909999999983574,63.184279309789524
9.910999999983572,63.183665038821395
9.91199999998357,63.183049765586745
9.912999999983567,63.182433398659185
9.913999999983565,63.18181577918518
9.914999999983563,63.18119670663537
9.91599999998356,63.18057597041364
9.916999999983558,63.17995338289275
9.917999999983556,63.1793288092379
9.918999999983553,63.17870218983008
9.91999999998355,63.178073552136844
9.920999999983549,63.17744301035739
9.921999999983546,63.17681075288813
9.922999999983544,63.1761770193631
9.923999999983542,63.17554207049887
9.92499999998354,63.174906154977315
9.925999999983537,63.17426947802521
9.926999999983535,63.173632176105535
9.927999999983532,63.17299430127661
9.92899999998353,63.17235581741579
9.929999999983528,63.17171660884234
9.930999999983525,63.17107650013339
9.931999999983523,63.17043528435487
9.93299999998352,63.16979275575102
9.933999999983518,63.16914874230536
9.934999999983516,63.16850313359546
9.935999999983514,63.1678559000265
9.936999999983511,63.16720710072777
9.937999999983509,63.16655687899937
9.938999999983507,63.165905445938755
9.939999999983504,63.165253054547506
9.940999999983502,63.16459996795244
9.9419999999835,63.16394642620276
9.942999999983497,63.163292616308176
9.943999999983495,63.162638649715554
9.944999999983493,63.161984550388475
9.94599999998349,63.16133025516766
9.946999999983488,63.16067562635578
9.947999999983486,63.16002047477185
9.948999999983483,63.15936459003785
9.949999999983481,63.15870777384691
9.950999999983479,63.15804987153607
9.951999999983476,63.15739079752412
9.952999999983474,63.156730551035615
9.953999999983472,63.15606921989571
9.95499999998347,63.15540697185631
9.955999999983467,63.154744034669136
9.956999999983465,63.154080667702104
9.957999999983462,63.15341712908112
9.95899999998346,63.152753642972684
9.959999999983458,63.15209037160604
9.960999999983455,63.15142739596085
9.961999999983453,63.15076470783958
9.96299999998345,63.15010221444504
9.963999999983448,63.149439754818026
9.964999999983446,63.14877712584017
9.965999999983444,63.14811411414849
9.966999999983441,63.14745052948801
9.967999999983439,63.146786234819885
9.968999999983437,63.14612116895617
9.969999999983434,63.14545535853908
9.970999999983432,63.1447889176779
9.97199999998343,63.14412203528864
9.972999999983427,63.143454951913256
9.973999999983425,63.14278792927413
9.974999999983423,63.14212121684303
9.97599999998342,63.141455020124894
9.976999999983418,63.140789475113586
9.977999999983416,63.140124632510414
9.978999999983413,63.13946045391873
9.979999999983411,63.1387968205564
9.980999999983409,63.13813355326458
9.981999999983406,63.13747044100819
9.982999999983404,63.13680727387564
9.983999999983402,63.136143875942274
9.9849999999834,63.13548013338283
9.985999999983397,63.134816013876545
9.986999999983395,63.13415157457023
9.987999999983392,63.13348695747267
9.98899999998339,63.132822372921744
9.989999999983388,63.132158073444735
9.990999999983385,63.13149432168298
9.991999999983383,63.13083135688273
9.99299999998338,63.1301693646609
9.993999999983378,63.12950845428211
9.994999999983376,63.12884864664245
9.995999999983374,63.128189874639794
9.996999999983371,63.12753199588909
9.997999999983369,63.12687481599761
9.998999999983367,63.12621811913391
9.999999999983364,63.12556170160204
10.000999999983362,63.12490540369872
10.00199999998336,63.12424913537616
10.002999999983357,63.12359289209804
10.003999999983355,63.12293675865577
10.004999999983353,63.12228090040355
10.00599999998335,63.12162554314119
10.006999999983348,63.12097094446394
10.007999999983346,63.120317360608105
10.008999999983343,63.11966501344023
10.009999999983341,63.119014062235024
10.010999999983339,63.11836458420285
10.011999999983336,63.117716566507646
10.012999999983334,63.117069910896944
10.013999999983332,63.116424450305836
10.01499999998333,63.115779975100175
10.015999999983327,63.11513626528247
10.016999999983325,63.114493124141426
10.017999999983322,63.11385040862085
10.01899999998332,63.11320805214383
10.019999999983318,63.11256607668277
10.020999999983315,63.1119245923749
10.021999999983313,63.11128378473445
10.02299999998331,63.110643891254234
10.023999999983308,63.11000517068374
10.024999999983306,63.1093678693044
10.025999999983304,63.10873218893957
10.026999999983301,63.108098261199416
10.0279999999833,63.10746613157873
10.028999999983297,63.106835755637775
10.029999999983295,63.10620700781209
10.030999999983292,63.10557970161194
10.03199999998329,63.10495361838457
10.032999999983288,63.104328540603156
10.033999999983285,63.103704285015176
10.034999999983283,63.10308073098693
10.03599999998328,63.102457840059856
10.036999999983278,63.10183566396263
10.037999999983276,63.10121433994352
10.038999999983274,63.10059407407769
10.039999999983271,63.09997511488795
10.040999999983269,63.09935772098688
10.041999999983267,63.09874212728459
10.042999999983264,63.098128514503394
10.043999999983262,63.097516986280944
10.04499999998326,63.09690755707273
10.045999999983257,63.096300152551684
10.046999999983255,63.09569462245579
10.047999999983253,63.09509076407846
10.04899999998325,63.09448835311183
10.049999999983248,63.09388717750449
10.050999999983246,63.093287069584186
10.051999999983243,63.09268793192059
10.052999999983241,63.09208975329273
10.053999999983239,63.09149261251256
10.054999999983236,63.090896669560195
10.055999999983234,63.090302145276915
10.056999999983232,63.08970929246161
10.05799999998323,63.08911836243247
10.058999999983227,63.0885295717472
10.059999999983225,63.087943073760805
10.060999999983222,63.08735893901316
10.06199999998322,63.08677714720905
10.062999999983218,63.086197591918726
10.063999999983215,63.085620097341845
10.064999999983213,63.08504444478972
10.06599999998321,63.08447040516721
10.066999999983208,63.083897772899654
10.067999999983206,63.08332639653973
10.068999999983204,63.08275620175765
10.069999999983201,63.08218720348221
10.070999999983199,63.0816195054834
10.071999999983197,63.08105328745121
10.072999999983194,63.08048878138208
10.073999999983192,63.07992624059365
10.07499999998319,63.07936590572312
10.075999999983187,63.07880797248822
10.076999999983185,63.07825256574282
10.077999999983183,63.07769972347567
10.07899999998318,63.07714939299417
10.079999999983178,63.07660143983791
10.080999999983176,63.07605566817123
10.081999999983173,63.07551184979539
10.082999999983171,63.07496975771502
10.083999999983169,63.074429199546316
10.084999999983166,63.073890046072385
10.085999999983164,63.07335225092916
10.086999999983162,63.0728158586469
10.08799999998316,63.07228099991266
10.088999999983157,63.0717478747113
10.089999999983155,63.07121672571494
10.090999999983152,63.07068780565647
10.09199999998315,63.07016134327245
10.092999999983148,63.069637512592244
10.093999999983145,63.069116409886185
10.094999999983143,63.06859804151006
10.09599999998314,63.06808232434538
10.096999999983138,63.06756909878597
10.097999999983136,63.06705815244166
10.098999999983134,63.06654925124134
10.099999999983131,63.06604217356146
10.100999999983129,63.065536742588336
10.101999999983127,63.065032852358925
10.102999999983124,63.06453048381986
10.103999999983122,63.064029708641144
10.10499999998312,63.063530680244504
10.105999999983117,63.063033613305016
10.106999999983115,63.06253875460269
10.107999999983113,63.06204634931665
10.10899999998311,63.061556607497714
10.109999999983108,63.06106967542653
10.110999999983106,63.06058561588682
10.111999999983103,63.06010440012279
10.112999999983101,63.05962591261906
10.113999999983099,63.059149968032926
10.114999999983096,63.05867633790712
10.115999999983094,63.0582047834143
10.116999999983092,63.057735089542085
10.11799999998309,63.0572670959157
10.118999999983087,63.05680071993217
10.119999999983085,63.05633596895316
10.120999999983082,63.05587293984023
10.12199999998308,63.055411805893414
10.122999999983078,63.054952793028015
10.123999999983075,63.054496148535044
10.124999999983073,63.05404210682008
10.12599999998307,63.05359085693639
10.126999999983068,63.05314251647486
10.127999999983066,63.05269711548314
10.128999999983064,63.05225459266874
10.129999999983061,63.05181480442451
10.13099999998306,63.05137754541319
10.131999999983057,63.050942577823186
10.132999999983054,63.050509665195555
10.133999999983052,63.05007860607284
10.13499999998305,63.04964926274191
10.135999999983047,63.049221581027275
10.136999999983045,63.04879559834698
10.137999999983043,63.048371438890385
10.13899999998304,63.04794929659319
10.139999999983038,63.0475294082995
10.140999999983036,63.04711202088029
10.141999999983033,63.04669735692853
10.142999999983031,63.0462855838454
10.143999999983029,63.04587679065829
10.144999999983026,63.045470975820734
10.145999999983024,63.045068047710494
10.146999999983022,63.0446678377577
10.14799999998302,63.044270124361304
10.148999999983017,63.04387466424032
10.149999999983015,63.04348122681492
10.150999999983013,63.043089626788245
10.15199999998301,63.042699750343004
10.152999999983008,63.042311571271355
10.153999999983006,63.04192515476342
10.154999999983003,63.04154064832035
10.155999999983,63.041158261065625
10.156999999982999,63.040778234358804
10.157999999982996,63.04040080783807
10.158999999982994,63.04002618566213
10.159999999982992,63.03965450769485
10.16099999998299,63.03928582967923
10.161999999982987,63.038920115194344
10.162999999982985,63.038557240521705
10.163999999982982,63.03819701174868
10.16499999998298,63.037839191704684
10.165999999982978,63.03748353295898
10.166999999982975,63.03712981224164
10.167999999982973,63.0367778614616
10.16899999998297,63.03642759096328
10.169999999982968,63.03607900175315
10.170999999982966,63.035732184974314
10.171999999982964,63.0353873087009
10.172999999982961,63.03504459390599
10.173999999982959,63.03470428298011
10.174999999982957,63.03436660522625
10.175999999982954,63.034031744185356
10.176999999982952,63.03369981138163
10.17799999998295,63.03337083018196
10.178999999982947,63.033044732030895
10.179999999982945,63.03272136559712
10.180999999982943,63.03240051754863
10.18199999998294,63.03208194204224
10.182999999982938,63.03176539479699
10.183999999982936,63.03145066696385
10.184999999982933,63.03113761403466
10.185999999982931,63.030826175723284
10.186999999982929,63.03051638401783
10.187999999982926,63.030208358266236
10.188999999982924,63.029902287981734
10.189999999982922,63.0295984057835
10.19099999998292,63.02929695427252
10.191999999982917,63.02899815149728
10.192999999982915,63.02870215985809
10.193999999982912,63.02840906281198
10.19499999998291,63.028118852649094
10.195999999982908,63.027831431057315
10.196999999982905,63.027546622397416
10.197999999982903,63.027264197826554
10.1989999999829,63.02698390688785
10.199999999982898,63.02670551212795
10.200999999982896,63.026428821876394
10.201999999982894,63.02615371657848
10.202999999982891,63.025880164976584
10.203999999982889,63.025608227860694
10.204999999982887,63.02533804885954
10.205999999982884,63.02506983356203
10.206999999982882,63.0248038199006
10.20799999998288,63.024540243957794
10.208999999982877,63.024279305997574
10.209999999982875,63.024021141492184
10.210999999982873,63.02376580122193
10.21199999998287,63.02351324323932
10.212999999982868,63.02326333783521
10.213999999982866,63.02301588481132
10.214999999982863,63.02277064063547
10.215999999982861,63.02252735167606
10.216999999982859,63.022285788843796
10.217999999982856,63.02204577878374
10.218999999982854,63.02180722723481
10.219999999982852,63.02157013127256
10.22099999998285,63.021334578714296
10.221999999982847,63.02110073476489
10.222999999982845,63.0208688177794
10.223999999982842,63.0206390675499
10.22499999998284,63.02041171057377
10.225999999982838,63.020186927191354
10.226999999982835,63.01996482520505
10.227999999982833,63.01974542369414
10.22899999998283,63.01952864929662
10.229999999982828,63.01931434547881
10.230999999982826,63.01910229349905
10.231999999982824,63.018892242125034
10.232999999982821,63.01868394193481
10.233999999982819,63.01847717938941
10.234999999982817,63.01827180588811
10.235999999982814,63.01806775771933
10.236999999982812,63.01786506409525
10.23799999998281,63.017663842137694
10.238999999982807,63.01746427951373
10.239999999982805,63.017266607160565
10.240999999982803,63.017071065932846
10.2419999999828,63.016877871856515
10.242999999982798,63.01668718486881
10.243999999982796,63.016499085429416
10.244999999982793,63.01631356228726
10.245999999982791,63.016130513120075
10.246999999982789,63.01594975795772
10.247999999982786,63.01577106350997
10.248999999982784,63.01559417498076
10.249999999982782,63.01541885090479
10.25099999998278,63.01524489610751
10.251999999982777,63.01507218815362
10.252999999982775,63.01490069356398
10.253999999982772,63.01473047151797
10.25499999998277,63.014561664516435
10.255999999982768,63.01439447731688
10.256999999982765,63.01422914709669
10.257999999982763,63.01406590903784
10.25899999998276,63.01390496216272
10.259999999982758,63.013746440227855
10.260999999982756,63.01359039175782
10.261999999982754,63.01343677203538
10.262999999982751,63.01328544816996
10.26399999998275,63.01313621653698
10.264999999982747,63.01298883014732
10.265999999982744,63.01284303210134
10.266999999982742,63.01269859043544
10.26799999998274,63.01255532946899
10.268999999982737,63.01241315324885
10.269999999982735,63.01227205779542
10.270999999982733,63.01213213042857
10.27199999998273,63.0119935362647
10.272999999982728,63.011856493779575
10.273999999982726,63.01172124287454
10.274999999982724,63.01158800993615
10.275999999982721,63.01145697479931
10.276999999982719,63.01132824426106
10.277999999982717,63.01120183586625
10.278999999982714,63.011077674241314
10.279999999982712,63.010955600492984
10.28099999998271,63.01083539335621
10.281999999982707,63.01071679912458
10.282999999982705,63.010599566167535
10.283999999982703,63.010483479187506
10.2849999999827,63.01036838840208
10.285999999982698,63.010254229548956
10.286999999982696,63.010141031893106
10.287999999982693,63.010028913105934
10.28899999998269,63.009918061733785
10.289999999982689,63.00980870971628
10.290999999982686,63.00970109881728
10.291999999982684,63.00959544568398
10.292999999982682,63.00949191043942
10.29399999998268,63.00939057321705
10.294999999982677,63.00929142192919
10.295999999982675,63.00919435298831
10.296999999982672,63.00909918487717
10.29799999998267,63.00900568267448
10.298999999982668,63.008913590081136
10.299999999982665,63.00882266445896
10.300999999982663,63.008732709952994
10.30199999998266,63.00864360403936
10.302999999982658,63.00855531376408
10.303999999982656,63.00846789938785
10.304999999982654,63.00838150492068
10.305999999982651,63.00829633687408
10.306999999982649,63.00821263421525
10.307999999982647,63.00813063374344
10.308999999982644,63.00805053575092
10.309999999982642,63.007972474795764
10.31099999998264,63.007896499688826
10.311999999982637,63.007822565515895
10.312999999982635,63.0077505388103
10.313999999982633,63.00768021516141
10.31499999998263,63.007611346782184
10.315999999982628,63.00754367617364
10.316999999982626,63.00747697115662
10.317999999982623,63.00741105635597
10.318999999982621,63.00734583671524
10.319999999982619,63.00728130973473
10.320999999982616,63.00721756471286
10.321999999982614,63.00715476909499
10.322999999982612,63.00709314384423
10.32399999998261,63.0070329313007
10.324999999982607,63.006974360044715
10.325999999982605,63.00691761170687
10.326999999982602,63.00686279439127
10.3279999999826,63.0068099264408
10.328999999982598,63.006758932832774
10.329999999982595,63.00670965470516
10.330999999982593,63.006661870683665
10.33199999998259,63.00661532701422
10.332999999982588,63.00656977227979
10.333999999982586,63.00652499182458
10.334999999982584,63.00648083704721
10.335999999982581,63.006437245445866
10.336999999982579,63.00639424858904
10.337999999982577,63.00635196688666
10.338999999982574,63.00631059189391
10.339999999982572,63.00627035863333
10.34099999998257,63.006231511823444
10.341999999982567,63.006194270759515
10.342999999982565,63.00615879777596
10.343999999982563,63.00612517471694
10.34499999998256,63.00609339071816
10.345999999982558,63.006063343009316
10.346999999982556,63.00603485063628
10.347999999982553,63.00600767916792
10.348999999982551,63.00598157292554
10.349999999982549,63.005956290207486
10.350999999982546,63.0059316365555
10.351999999982544,63.00590749138699
10.352999999982542,63.00588382424478
10.35399999998254,63.005860698377866
10.354999999982537,63.005838261147744
10.355999999982535,63.005816722605026
10.356999999982532,63.00579632524532
10.35799999998253,63.005777309193704
10.358999999982528,63.00575987770576
10.359999999982525,63.00574416783529
10.360999999982523,63.005730230388856
10.36199999998252,63.00571802198325
10.362999999982518,63.00570741032829
10.363999999982516,63.005698191995414
10.364999999982514,63.0056901201755
10.365999999982511,63.00568293853642
10.366999999982509,63.0056764164256
10.367999999982507,63.00567038047525
10.368999999982504,63.00566473817205
10.369999999982502,63.00565949007921
10.3709999999825,63.00565472898979
10.371999999982497,63.00565062613005
10.372999999982495,63.005647406347094
10.373999999982493,63.005645315773364
10.37499999998249,63.00564458651205
10.375999999982488,63.005645403309046
10.376999999982486,63.00564787689665
10.377999999982483,63.005652027755005
10.378999999982481,63.00565778256958
10.379999999982479,63.00566498388668
10.380999999982476,63.00567341160929
10.381999999982474,63.00568281332165
10.382999999982472,63.005692939190176
10.38399999998247,63.00570357653652
10.384999999982467,63.00571457922855
10.385999999982465,63.00572588775276
10.386999999982462,63.00573753714175
10.38799999998246,63.00574965163681
10.388999999982458,63.0057624268333
10.389999999982455,63.00577610181542
10.390999999982453,63.00579092519895
10.39199999998245,63.00580711984903
10.392999999982449,63.005824851227345
10.393999999982446,63.005844203814114
10.394999999982444,63.00586516890599
10.395999999982442,63.00588764551138
10.39699999998244,63.00591145421032
10.397999999982437,63.00593636204214
10.398999999982435,63.00596211491916
10.399999999982432,63.005988473022796
10.40099999998243,63.00601524419835
10.401999999982428,63.00604231065707
10.402999999982425,63.00606964522678
10.403999999982423,63.00609731486584
10.40499999998242,63.00612547094099
10.405999999982418,63.00615432763648
10.406999999982416,63.00618413152484
10.407999999982414,63.006215126573906
10.408999999982411,63.006247519504726
10.409999999982409,63.00628145037019
10.410999999982407,63.00631697248303
10.411999999982404,63.006354044522
10.412999999982402,63.00639253592101
10.4139999999824,63.006432244790844
10.414999999982397,63.00647292585895
10.415999999982395,63.00651432450543
10.416999999982393,63.00655621211879
10.41799999998239,63.00659841780691
10.418999999982388,63.00664085201117
10.419999999982386,63.00668351870266
10.420999999982383,63.006726514446626
10.421999999982381,63.006770014463484
10.422999999982379,63.00681424764414
10.423999999982376,63.006859464032445
10.424999999982374,63.00690589934738
10.425999999982372,63.00695374153522
10.42699999998237,63.00700310404605
10.427999999982367,63.00705400960024
10.428999999982365,63.00710638671337
10.429999999982362,63.007160079477295
10.43099999998236,63.00721486921793
10.431999999982358,63.00727050500063
10.432999999982355,63.00732673869702
10.433999999982353,63.00738335969482
10.43499999998235,63.00744022436928
10.435999999982348,63.007497276173844
10.436999999982346,63.00755455351784
10.437999999982344,63.007612184320905
10.438999999982341,63.007670368005385
10.439999999982339,63.00772934745652
10.440999999982337,63.00778937489176
10.441999999982334,63.0078506764327
10.442999999982332,63.00791342035276
10.44399999998233,63.00797769346016
10.444999999982327,63.00804348892507
10.445999999982325,63.00811070726311
10.446999999982323,63.00817917033443
10.44799999998232,63.00824864639786
10.448999999982318,63.00831888270114
10.449999999982316,63.008389641028906
10.450999999982313,63.00846073121172
10.451999999982311,63.00853203788523
10.452999999982309,63.00860353673235
10.453999999982306,63.00867529792523
10.454999999982304,63.008747476279616
10.455999999982302,63.008820289502644
10.4569999999823,63.00889398759085
10.457999999982297,63.008968817675026
10.458999999982295,63.009044989252004
10.459999999982292,63.009122644684886
10.46099999998229,63.00920183912235
10.461999999982288,63.00928253265147
10.462999999982285,63.009364595798125
10.463999999982283,63.00944782759582
10.46499999998228,63.00953198369488
10.465999999982278,63.0096168105633
10.466999999982276,63.00970208098157
10.467999999982274,63.00978762584366
10.468999999982271,63.009873357802746
10.469999999982269,63.0099592834362
10.470999999982267,63.01004550221778
10.471999999982264,63.010132192441915
10.472999999982262,63.01021958607371
10.47399999998226,63.01030793606553
10.474999999982257,63.0103974807307
10.475999999982255,63.01048841018814
10.476999999982253,63.01058083959128
10.47799999998225,63.01067479290283
10.478999999982248,63.010770199495624
10.479999999982246,63.01086690405431
10.480999999982243,63.010964688391056
10.481999999982241,63.01106330211621
10.482999999982239,63.01116249785997
10.483999999982236,63.011262066101295
10.484999999982234,63.011361864706764
10.485999999982232,63.01146183902883
10.48699999998223,63.011562029728395
10.487999999982227,63.01166256722089
10.488999999982225,63.011763653521314
10.489999999982222,63.01186553404083
10.49099999998222,63.01196846329653
10.491999999982218,63.0120726693528
10.492999999982215,63.01217832198635
10.493999999982213,63.01228550904015
10.49499999998221,63.01239422428798
10.495999999982208,63.012504368510285
10.496999999982206,63.01261576362699
10.497999999982204,63.01272817791204
10.498999999982201,63.012841358743884
10.4999999999822,63.012955068293586
10.500999999982197,63.01306911713204
10.501999999982194,63.01318339103287
10.502999999982192,63.013297867197494
10.50399999998219,63.01341261762207
10.504999999982187,63.01352779912757
10.505999999982185,63.01364363145652
10.506999999982183,63.01376036650766
10.50799999998218,63.01387825303485
10.508999999982178,63.01399750176673
10.509999999982176,63.014118255845695
10.510999999982173,63.01424057074542
10.511999999982171,63.01436440648115
10.512999999982169,63.01448963321761
10.513999999982166,63.01461604948401
10.514999999982164,63.0147434104404
10.515999999982162,63.014871462232406
10.51699999998216,63.01499997760628
10.517999999982157,63.015128787788974
10.518999999982155,63.01525780615292
10.519999999982153,63.015387040340464
10.52099999998215,63.01551659114294
10.521999999982148,63.015646638290846
10.522999999982146,63.01577741514831
10.523999999982143,63.01590917587404
10.52499999998214,63.01604215966379
10.525999999982139,63.01617655710325
10.526999999982136,63.01631248336016
10.527999999982134,63.0164499619794
10.528999999982132,63.01658892156245
10.52999999998213,63.01672920579223
10.530999999982127,63.01687059539718
10.531999999982125,63.01701283897897
10.532999999982122,63.017155688373535
10.53399999998212,63.01729893358427
10.534999999982118,63.01744243237569
10.535999999982115,63.017586130366844
10.536999999982113,63.01773006879343
10.53799999998211,63.01787437884445
10.538999999982108,63.01801926336583
10.539999999982106,63.01816496850049
10.540999999982104,63.01831174925466
10.541999999982101,63.018459833822824
10.542999999982099,63.01860939168324
10.543999999982097,63.01876050994024
10.544999999982094,63.0189131812301
10.545999999982092,63.01906730489214
10.54699999998209,63.01922270123743
10.547999999982087,63.01937913691287
10.548999999982085,63.019536357801556
10.549999999982083,63.019694124835915
10.55099999998208,63.01985224768928
10.551999999982078,63.02001061160891
10.552999999982076,63.02016919361468
10.553999999982073,63.02032806578524
10.554999999982071,63.02048738516651
10.555999999982069,63.02064737171999
10.556999999982066,63.02080827740855
10.557999999982064,63.02097035076088
10.558999999982062,63.02113380189539
10.55999999998206,63.02129877291152
10.560999999982057,63.02146531781712
10.561999999982055,63.02163339480481
10.562999999982052,63.02180287196835
10.56399999998205,63.02197354565845
10.564999999982048,63.02214516890074
10.565999999982045,63.02231748588868
10.566999999982043,63.02249026770852
10.56799999998204,63.022663344280446
10.568999999982038,63.022836628031584
10.569999999982036,63.023010125971574
10.570999999982034,63.023183938475064
10.571999999982031,63.02335824493886
10.572999999982029,63.02353327832894
10.573999999982027,63.02370929219797
10.574999999982024,63.02388652481048
10.575999999982022,63.02406516541771
10.57699999998202,63.02424532742703
10.577999999982017,63.02442703223095
10.578999999982015,63.02461020596851
10.579999999982013,63.02479468967155
10.58099999998201,63.02498026137686
10.581999999982008,63.02516666709709
10.582999999982006,63.02535365631115
10.583999999982003,63.02554101698582
10.584999999982001,63.02572860521016
10.585999999981999,63.02591636527335
10.586999999981996,63.026104337359016
10.587999999981994,63.02629265176946
10.588999999981992,63.02648151049137
10.58999999998199,63.026671158690434
10.590999999981987,63.02686185014275
10.591999999981985,63.02705381146141
10.592999999981982,63.027247210134796
10.59399999998198,63.02744213086889
10.594999999981978,63.027638563548564
10.595999999981975,63.027836404506694
10.596999999981973,63.028035470924316
10.59799999998197,63.02823552634222
10.598999999981968,63.028436313697775
10.599999999981966,63.02863759125166
10.600999999981964,63.02883916634779
10.601999999981961,63.02904092226406
10.602999999981959,63.02924283437346
10.603999999981957,63.02944497334399
10.604999999981954,63.02964749492441
10.605999999981952,63.0298506177502
10.60699999998195,63.03005459228811
10.607999999981947,63.03025966528103
10.608999999981945,63.03046604468864
10.609999999981943,63.03067387004846
10.61099999998194,63.03088319242239
10.611999999981938,63.031093966746916
10.612999999981936,63.03130605766409
10.613999999981933,63.03151925801339
10.614999999981931,63.03173331739448
10.615999999981929,63.03194797678726
10.616999999981926,63.03216300437119
10.617999999981924,63.032378227515025
10.618999999981922,63.0325935564439
10.61999999998192,63.0328089962583
10.620999999981917,63.03302464561344
10.621999999981915,63.03324068224581
10.622999999981912,63.03345733737841
10.62399999998191,63.03367486260475
10.624999999981908,63.033893493909126
10.625999999981905,63.034113417881585
10.626999999981903,63.03433474487658
10.6279999999819,63.034557492884424
10.628999999981898,63.03478158438504
10.629999999981896,63.035006856616754
10.630999999981894,63.03523308382991
10.631999999981891,63.035460008396775
10.63299999998189,63.03568737641434
10.633999999981887,63.03591497280341
10.634999999981884,63.0361426509683
10.635999999981882,63.036370352847946
10.63699999998188,63.03659811653363
10.637999999981878,63.03682607037852
10.638999999981875,63.03705441442714
10.639999999981873,63.03728339177031
10.64099999998187,63.03751325385623
10.641999999981868,63.03774422462834
10.642999999981866,63.03797646852587
10.643999999981864,63.03821006683704
10.644999999981861,63.0384450057234
10.645999999981859,63.03868117759418
10.646999999981857,63.03891839564008
10.647999999981854,63.039156419482715
10.648999999981852,63.03939498834261
10.64999999998185,63.0396338570627
10.650999999981847,63.039872829925365
10.651999999981845,63.04011178750563
10.652999999981843,63.040350702784494
10.65399999998184,63.04058964425589
10.654999999981838,63.040828765587214
10.655999999981836,63.041068283286656
10.656999999981833,63.041308445515746
10.657999999981831,63.04154949642608
10.658999999981829,63.04179164103113
10.659999999981826,63.04203501555029
10.660999999981824,63.04227966738875
10.661999999981822,63.04252554756952
10.66299999998182,63.04277251667975
10.663999999981817,63.04302036350227
10.664999999981815,63.043268833712126
10.665999999981812,63.04351766461525
10.66699999998181,63.04376662104847
10.667999999981808,63.04401552740334
10.668999999981805,63.04426429127506
10.669999999981803,63.044512915413044
10.6709999999818,63.04476149629494
10.671999999981798,63.04501020951974
10.672999999981796,63.04525928407681
10.673999999981794,63.04550896910676
10.674999999981791,63.045759497829344
10.675999999981789,63.0460110537117
10.676999999981787,63.04626374363013
10.677999999981784,63.04651758179789
10.678999999981782,63.046772486712705
10.67999999998178,63.047028291556764
10.680999999981777,63.04728476658456
10.681999999981775,63.0475416503635
10.682999999981773,63.047798685480515
10.68399999998177,63.04805565370275
10.684999999981768,63.048312405649334
10.685999999981766,63.04856888080344
10.686999999981763,63.04882511504484
10.687999999981761,63.049081234641044
10.688999999981759,63.0493374375411
10.689999999981756,63.04959396459953
10.690999999981754,63.04985106477506
10.691999999981752,63.05010895919498
10.69299999998175,63.05036780912929
10.693999999981747,63.050627692369254
10.694999999981745,63.05088859132613
10.695999999981742,63.051150394515
10.69699999998174,63.05141291122116
10.697999999981738,63.05167589728504
10.698999999981735,63.05193908839113
10.699999999981733,63.05220223617659
10.70099999998173,63.05246514209024
10.701999999981728,63.05272768423596
10.702999999981726,63.052989833427176
10.703999999981724,63.053251656192685
10.704999999981721,63.05351330431063
10.705999999981719,63.053774992340806
10.706999999981717,63.054036966311294
10.707999999981714,63.05429946795908
10.708999999981712,63.05456269954684
10.70999999998171,63.054826794204395
10.710999999981707,63.05509179595035
10.711999999981705,63.05535765221761
10.712999999981703,63.05562421991983
10.7139999999817,63.055891284217125
10.714999999981698,63.05615858734507
10.715999999981696,63.05642586345809
10.716999999981693,63.0566928745986
10.717999999981691,63.056959442741174
10.718999999981689,63.05722547341021
10.719999999981686,63.05749096755383
10.720999999981684,63.057756020003964
10.721999999981682,63.05802080473865
10.72299999998168,63.05828554901746
10.723999999981677,63.05855050002879
10.724999999981675,63.0588158887374
10.725999999981672,63.0590818960195
10.72699999998167,63.05934862584127
10.727999999981668,63.059616089250795
10.728999999981665,63.05988420143109
10.729999999981663,63.06015279222716
10.73099999998166,63.060421628671655
10.731999999981658,63.06069044634467
10.732999999981656,63.06095898517383
10.733999999981654,63.0612270246426
10.734999999981651,63.06149441346183
10.735999999981649,63.06176108953012
10.736999999981647,63.062027087373686
10.737999999981644,63.06229253201504
10.738999999981642,63.06255762013276
10.73999999998164,63.06282259115806
10.740999999981637,63.063087692374204
10.741999999981635,63.06335314291802
10.742999999981633,63.06361910174221
10.74399999998163,63.06388564403124
10.744999999981628,63.06415274938136
10.745999999981626,63.06442030340198
10.746999999981623,63.06468811251338
10.747999999981621,63.064955929863984
10.748999999981619,63.06522348872853
10.749999999981616,63.06549053869261
10.750999999981614,63.065756879538334
10.751999999981612,63.066022388066415
10.75299999998161,63.06628703408031
10.753999999981607,63.06655088328501
10.754999999981605,63.06681408669206
10.755999999981602,63.0670768580196
10.7569999999816,63.067339442260845
10.757999999981598,63.0676020798388
10.758999999981596,63.06786497138244
10.759999999981593,63.068128248074736
10.76099999998159,63.068391951732615
10.761999999981589,63.06865602742857
10.762999999981586,63.06892032968337
10.763999999981584,63.06918464136371
10.764999999981582,63.069448702635675
10.76599999998158,63.0697122459051
10.766999999981577,63.06997503184267
10.767999999981575,63.07023688143489
10.768999999981572,63.07049769955888
10.76999999998157,63.0707574867699
10.770999999981568,63.07101633764388
10.771999999981565,63.071274425907696
10.772999999981563,63.07153197844602
10.77399999998156,63.07178924184245
10.774999999981558,63.07204644616144
10.775999999981556,63.072303771057975
10.776999999981554,63.072561318988235
10.777999999981551,63.072819099276636
10.778999999981549,63.07307702527699
10.779999999981547,63.073334925031304
10.780999999981544,63.07359256392507
10.781999999981542,63.0738496761633
10.78299999998154,63.07410600064944
10.783999999981537,63.074361316231844
10.784999999981535,63.0746154713602
10.785999999981533,63.07486840398457
10.78699999998153,63.075120148894065
10.787999999981528,63.07537083146107
10.788999999981526,63.07562064866744
10.789999999981523,63.075869840081864
10.790999999981521,63.076118652867
10.791999999981519,63.07636730573255
10.792999999981516,63.07661595689677
10.793999999981514,63.076864680549455
10.794999999981512,63.07711345512557
10.79599999998151,63.077362165023715
10.796999999981507,63.07761061553718
10.797999999981505,63.077858558896864
10.798999999981502,63.07810572777142
10.7999999999815,63.07835187151388
10.800999999981498,63.07859679006367
10.801999999981495,63.07884036073346
10.802999999981493,63.07908255411447
10.80399999998149,63.07932343686312
10.804999999981488,63.07956316097525
10.805999999981486,63.079801941056715
10.806999999981484,63.080040022782796
10.807999999981481,63.08027764697703
10.808999999981479,63.08051501435809
10.809999999981477,63.08075225590587
10.810999999981474,63.080989413012645
10.811999999981472,63.081226430203
10.81299999998147,63.08146316145651
10.813999999981467,63.0816993892359
10.814999999981465,63.08193485355722
10.815999999981463,63.08216928701758
10.81699999998146,63.082402450863036
10.817999999981458,63.08263416703515
10.818999999981456,63.08286434169163
10.819999999981453,63.083092976900396
10.820999999981451,63.08332016886005
10.821999999981449,63.083546092898175
10.822999999981446,63.08377097735651
10.823999999981444,63.08399507003491
10.824999999981442,63.08421860191479
10.82599999998144,63.08444175326214
10.826999999981437,63.084664626875686
10.827999999981435,63.08488723223734
10.828999999981432,63.085109482789036
10.82999999998143,63.08533120672123
10.830999999981428,63.085552169755175
10.831999999981425,63.08577210672565
10.832999999981423,63.08599075752901
10.83399999998142,63.086207902394044
10.834999999981418,63.08642339151261
10.835999999981416,63.08663716486797
10.836999999981414,63.086849259466696
10.837999999981411,63.087059802954684
10.838999999981409,63.08726899451505
10.839999999981407,63.087477075731115
10.840999999981404,63.08768429551169
10.841999999981402,63.08789087400772
10.8429999999814,63.088096970582136
10.843999999981397,63.088302660334236
10.844999999981395,63.08850792246622
10.845999999981393,63.0887126421289
10.84699999998139,63.088916625480486
10.847999999981388,63.08911962584929
10.848999999981386,63.08932137732709
10.849999999981383,63.08952163106608
10.850999999981381,63.08972018918579
10.851999999981379,63.089916931514104
10.852999999981376,63.090111831405345
10.853999999981374,63.090304958410485
10.854999999981372,63.09049646742123
10.85599999998137,63.09068657581536
10.856999999981367,63.0908755318151
10.857999999981365,63.09106357850074
10.858999999981362,63.09125091853924
10.85999999998136,63.0914376845804
10.860999999981358,63.09162391948276
10.861999999981355,63.09180956914525
10.862999999981353,63.0919944889522
10.86399999998135,63.09217846293244
10.864999999981348,63.09236123293786
10.865999999981346,63.09254253374859
10.866999999981344,63.09272212917196
10.867999999981341,63.092899844072875
10.86899999998134,63.093075587832
10.869999999981337,63.0932493659383
10.870999999981334,63.09342127808639
10.871999999981332,63.09359150304611
10.87299999998133,63.09376027242929
10.873999999981327,63.09392783704726
10.874999999981325,63.09409443058721
10.875999999981323,63.094260235718025
10.87699999998132,63.09442535738698
10.877999999981318,63.094589807060046
10.878999999981316,63.094753500117164
10.879999999981314,63.0949162667692
10.880999999981311,63.09507787496209
10.881999999981309,63.09523806205659
10.882999999981307,63.09539657083594
10.883999999981304,63.09555318478874
10.884999999981302,63.095707757704275
10.8859999999813,63.09586023342109
10.886999999981297,63.096010652947946
10.887999999981295,63.09615914795209
10.888999999981293,63.09630592153149
10.88999999998129,63.09645121897178
10.890999999981288,63.0965952925998
10.891999999981286,63.096738365671754
10.892999999981283,63.09688060036799
10.89399999998128,63.09702207438124
10.894999999981279,63.09716276938612
10.895999999981276,63.097302573008136
10.896999999981274,63.09744129400979
10.897999999981272,63.097578688567374
10.89899999998127,63.09771449394515
10.899999999981267,63.097848464834996
10.900999999981265,63.097980407252976
10.901999999981262,63.098110205228046
10.90299999998126,63.09823783652573
10.903999999981258,63.09836337519903
10.904999999981255,63.098486980604385
10.905999999981253,63.098608874427626
10.90699999998125,63.09872930894834
10.907999999981248,63.09884853100008
10.908999999981246,63.09896674669056
10.909999999981244,63.099084091839494
10.910999999981241,63.0992006122849
10.911999999981239,63.09931625682713
10.912999999981237,63.099430883800856
10.913999999981234,63.099544280357215
10.914999999981232,63.09965619174323
10.91599999998123,63.09976635647263
10.916999999981227,63.09987454244729
10.917999999981225,63.09998057895963
10.918999999981223,63.1000843800798
10.91999999998122,63.100185956143655
10.920999999981218,63.10028541172495
10.921999999981216,63.100382930378636
10.922999999981213,63.10047874829887
10.923999999981211,63.10057312059708
10.924999999981209,63.10066628494392
10.925999999981206,63.10075842768577
10.926999999981204,63.10084965720052
10.927999999981202,63.10093998823281
10.9289999999812,63.10102933940963
10.929999999981197,63.10111754428258
10.930999999981195,63.10120437434728
10.931999999981192,63.1012895708125
10.93299999998119,63.10137288065566
10.933999999981188,63.10145409190714
10.934999999981185,63.101533063200506
10.935999999981183,63.10160974343496
10.93699999998118,63.101684178782705
10.937999999981178,63.10175650605019
10.938999999981176,63.101826933329335
10.939999999981174,63.10189571065708
10.940999999981171,63.10196309480699
10.941999999981169,63.102029313161694
10.942999999981167,63.10209453173681
10.943999999981164,63.10215883184525
10.944999999981162,63.10222219867269
10.94599999998116,63.10228452336863
10.946999999981157,63.10234561835731
10.947999999981155,63.102405243719105
10.948999999981153,63.102463140937594
10.94999999998115,63.10251906926851
10.950999999981148,63.102572839619285
10.951999999981146,63.10262434117404
10.952999999981143,63.10267355701974
10.953999999981141,63.102720566575705
10.954999999981139,63.102765534483495
10.955999999981136,63.102808687520636
10.956999999981134,63.10285028278039
10.957999999981132,63.10289057158817
10.95899999998113,63.10292976422513
10.959999999981127,63.102968000414926
10.960999999981125,63.1030053297168
10.961999999981122,63.10304170458353
10.96299999998112,63.10307698706183
10.963999999981118,63.10311096818769
10.964999999981115,63.10314339736051
10.965999999981113,63.10317401757017
10.96699999998111,63.10320260152787
10.967999999981108,63.10322898363266
10.968999999981106,63.103253083280606
10.969999999981104,63.103274916243436
10.970999999981101,63.1032945925173
10.971999999981099,63.103312300944246
10.972999999981097,63.10332828276704
10.973999999981094,63.10334279783983
10.974999999981092,63.103356088244475
10.97599999998109,63.103368344429825
10.976999999981087,63.103379678631796
10.977999999981085,63.10339010931079
10.978999999981083,63.103399558784446
10.97999999998108,63.103407864395486
10.980999999981078,63.103414801638564
10.981999999981076,63.10342011600871
10.982999999981073,63.103423559095624
10.983999999981071,63.10342492385808
10.984999999981069,63.10342407412065
10.985999999981066,63.10342096414537
10.986999999981064,63.10341564552179
10.987999999981062,63.103408260404336
10.98899999998106,63.10339902204867
10.989999999981057,63.10338818538052
10.990999999981055,63.103376011737176
10.991999999981052,63.103362732734105
10.99299999998105,63.10334851832874
10.993999999981048,63.10333345356361
10.994999999981045,63.10331752725414
10.995999999981043,63.10330063420053
10.99699999998104,63.10328259061735
10.997999999981038,63.103263160613636
10.998999999981036,63.1032420900017
10.999999999981034,63.10321914268638
11.000999999981032,63.103194134516166
11.00199999998103,63.103166959838546
11.002999999981027,63.10313760702318
11.003999999981025,63.10310616076977
11.004999999981022,63.10307279087673
11.00599999998102,63.10303772904783
11.006999999981018,63.10300123699738
11.007999999981015,63.102963570333785
11.008999999981013,63.10292494329558
11.00999999998101,63.10288549929378
11.010999999981008,63.10284529140086
11.011999999981006,63.10280427552456
11.012999999981004,63.102762317228446
11.013999999981001,63.10271921124138
11.014999999980999,63.10267471091466
11.015999999980997,63.10262856349506
11.016999999980994,63.10258054625674
11.017999999980992,63.10253049842143
11.01899999998099,63.102478344383535
11.019999999980987,63.10242410497717
11.020999999980985,63.10236789520214
11.021999999980983,63.10230990872772
11.02299999998098,63.10225039135365
11.023999999980978,63.10218960716211
11.024999999980976,63.10212780211888
11.025999999980973,63.10206517024383
11.026999999980971,63.10200182710614
11.027999999980969,63.10193779436251
11.028999999980966,63.101872997512444
11.029999999980964,63.10180727718615
11.030999999980962,63.10174041237266
11.03199999998096,63.10167215233767
11.032999999980957,63.10160225274592
11.033999999980955,63.101530510918046
11.034999999980952,63.101456795264696
11.03599999998095,63.10138106476182
11.036999999980948,63.10130337572225
11.037999999980945,63.10122387491253
11.038999999980943,63.101142779977884
11.03999999998094,63.1010603499323
11.040999999980938,63.1009768498574
11.041999999980936,63.10089251477339
11.042999999980934,63.10080751775161
11.043999999980931,63.10072194674693
11.044999999980929,63.10063579339342
11.045999999980927,63.10054895534074
11.046999999980924,63.10046125179923
11.047999999980922,63.10037245010675
11.04899999998092,63.10028229959323
11.049999999980917,63.100190567978345
11.050999999980915,63.1000970751863
11.051999999980913,63.10000171982363
11.05299999998091,63.09990449459543
11.053999999980908,63.0998054884927
11.054999999980906,63.09970487544169
11.055999999980903,63.09960289101132
11.056999999980901,63.09949980045274
11.057999999980899,63.09939586255917
11.058999999980896,63.099291294424496
11.059999999980894,63.09918624205286
11.060999999980892,63.099080760943
11.06199999998089,63.09897480938278
11.062999999980887,63.09886825538795
11.063999999980885,63.0987608963187
11.064999999980882,63.09865248841397
11.06599999998088,63.09854278209848
11.066999999980878,63.09843155810684
11.067999999980875,63.098318659349324
11.068999999980873,63.09820401404651
11.06999999998087,63.09808764688225
11.070999999980868,63.097969676607164
11.071999999980866,63.097850300430196
11.072999999980864,63.09772976739296
11.073999999980861,63.097608344472214
11.074999999980859,63.097486280176746
11.075999999980857,63.09736377075844
11.076999999980854,63.09724093378726
11.077999999980852,63.097117792798514
11.07899999998085,63.09699427517025
11.079999999980847,63.09687022352336
11.080999999980845,63.09674541905098
11.081999999980843,63.09661961349371
11.08299999998084,63.096492565281785
11.083999999980838,63.096364074763514
11.084999999980836,63.096234013570566
11.085999999980833,63.096102343990616
11.086999999980831,63.095969125620556
11.087999999980829,63.09583450836257
11.088999999980826,63.095698712746284
11.089999999980824,63.09556200034498
11.090999999980822,63.09542463844327
11.09199999998082,63.09528686392306
11.092999999980817,63.095148851433414
11.093999999980815,63.0950106903136
11.094999999980812,63.09487237350839
11.09599999998081,63.09473380002345
11.096999999980808,63.09459479057963
11.097999999980805,63.09445511426438
11.098999999980803,63.09431452244153
11.0999999999808,63.09417278514613
11.100999999980798,63.09402972485551
11.101999999980796,63.09388524288256
11.102999999980794,63.09373933468111
11.103999999980791,63.09359209191141
11.10499999998079,63.093443690974105
11.105999999980787,63.093294369624644
11.106999999980784,63.09314439495533
11.107999999980782,63.09299402724234
11.10899999998078,63.09284348473589
11.109999999980777,63.09269291434241
11.110999999980775,63.09254237231524
11.111999999980773,63.09239181766662
11.11299999998077,63.09224111922732
11.113999999980768,63.092090075363025
11.114999999980766,63.09193844357712
11.115999999980763,63.091785975846896
11.116999999980761,63.09163245472643
11.117999999980759,63.09147772515127
11.118999999980756,63.09132171747657
11.119999999980754,63.091164458512296
11.120999999980752,63.09100606900557
11.12199999998075,63.09084674792383
11.122999999980747,63.09068674574976
11.123999999980745,63.09052633054137
11.124999999980743,63.09036575153714
11.12599999998074,63.09020520541535
11.126999999980738,63.09004480995584
11.127999999980736,63.08988458880224
11.128999999980733,63.08972446945818
11.12999999998073,63.08956429480567
11.130999999980729,63.08940384652127
11.131999999980726,63.08924287710665
11.132999999980724,63.08908114603876
11.133999999980722,63.0889184549617
11.13499999998072,63.08875467697414
11.135999999980717,63.088589775896125
11.136999999980715,63.08842381280036
11.137999999980712,63.08825693888943
11.13899999998071,63.08808937571994
11.139999999980708,63.087921385552654
11.140999999980705,63.087753235998626
11.141999999980703,63.08758516392743
11.1429999999807,63.08741734370456
11.143999999980698,63.08724986421491
11.144999999980696,63.08708271789476
11.145999999980694,63.0869158033109
11.146999999980691,63.08674894091938
11.147999999980689,63.08658189979718
11.148999999980687,63.086414431584494
11.149999999980684,63.08624630687265
11.150999999980682,63.08607734892011
11.15199999998068,63.08590745995436
11.152999999980677,63.08573663636237
11.153999999980675,63.08556497063291
11.154999999980673,63.0853926397775
11.15599999998067,63.08521988185758
11.156999999980668,63.08504696391699
11.157999999980666,63.0848741458249
11.158999999980663,63.084701645108275
11.159999999980661,63.084529607714344
11.160999999980659,63.084358088810625
11.161999999980656,63.08418704632148
11.162999999980654,63.08401634810422
11.163999999980652,63.08384579176276
11.16499999998065,63.08367513431431
11.165999999980647,63.08350412754097
11.166999999980645,63.083332554067404
11.167999999980642,63.08316025909366
11.16899999998064,63.082987173330736
11.169999999980638,63.08281332391499
11.170999999980635,63.08263883176904
11.171999999980633,63.082463895779064
11.17299999998063,63.0822887660163
11.173999999980628,63.0821137097662
11.174999999980626,63.081938975145526
11.175999999980624,63.08176475742309
11.176999999980621,63.08159117277562
11.177999999980619,63.08141824316669
11.178999999980617,63.08124589447035
11.179999999980614,63.08107396809672
11.180999999980612,63.08090224449784
11.18199999998061,63.08073047524248
11.182999999980607,63.080558419167
11.183999999980605,63.08038587752111
11.184999999980603,63.0802127231708
11.1859999999806,63.080038919752056
11.186999999980598,63.079864528078595
11.187999999980596,63.079689698901
11.188999999980593,63.07951465303587
11.189999999980591,63.079339651658145
11.190999999980589,63.07916496093236
11.191999999980586,63.0789908159541
11.192999999980584,63.07881738906267
11.193999999980582,63.078644766971244
11.19499999998058,63.0784729399218
11.195999999980577,63.078301804385205
11.196999999980575,63.078131178926924
11.197999999980572,63.077960831007815
11.19899999998057,63.07779051095566
11.199999999980568,63.07761998833597
11.200999999980565,63.077449085603426
11.201999999980563,63.077277704306205
11.20299999998056,63.07710584015645
11.203999999980558,63.07693358484755
11.204999999980556,63.07676111436342
11.205999999980554,63.076588665423294
11.206999999980551,63.07641650337261
11.207999999980549,63.07624488602926
11.208999999980547,63.07607402856758
11.209999999980544,63.075904074369795
11.210999999980542,63.07573507594289
11.21199999998054,63.075566988578906
11.212999999980537,63.075399677650815
11.213999999980535,63.07523293852089
11.214999999980533,63.07506652626071
11.21599999998053,63.07490019101595
11.216999999980528,63.07473371404471
11.217999999980526,63.074566939373504
11.218999999980523,63.07439979662254
11.219999999980521,63.07423231179553
11.220999999980519,63.07406460451764
11.221999999980516,63.073896872110645
11.222999999980514,63.073729362745624
11.223999999980512,63.07356234144777
11.22499999998051,63.073396053736865
11.225999999980507,63.073230692015514
11.226999999980505,63.0730663694283
11.227999999980502,63.072903104863244
11.2289999999805,63.07274082120023
11.229999999980498,63.0725793570518
11.230999999980495,63.0724184903461
11.231999999980493,63.0722579704433
11.23299999998049,63.07209755427828
11.233999999980488,63.071937041451754
11.234999999980486,63.07177630334031
11.235999999980484,63.07161530213123
11.236999999980481,63.07145409710361
11.23799999998048,63.07129283726984
11.238999999980477,63.07113174141258
11.239999999980474,63.07097106832446
11.240999999980472,63.07081108143425
11.24199999998047,63.0706520127899
11.242999999980468,63.07049403145392
11.243999999980465,63.070337220747064
11.244999999980463,63.070181567530724
11.24599999998046,63.07002696503194
11.246999999980458,63.06987322880969
11.247999999980456,63.06972012362272
11.248999999980454,63.06956739742404
11.249999999980451,63.06941481770216
11.250999999980449,63.06926220506318
11.251999999980447,63.069109459329084
11.252999999980444,63.06895657448236
11.253999999980442,63.06880364035682
11.25499999998044,63.06865083083668
11.255999999980437,63.068498380222145
11.256999999980435,63.06834655108427
11.257999999980433,63.06819559812505
11.25899999998043,63.06804573311991
11.259999999980428,63.06789709586772
11.260999999980426,63.067749735227935
11.261999999980423,63.067603602911404
11.262999999980421,63.06745856089572
11.263999999980419,63.06731440142067
11.264999999980416,63.0671708767629
11.265999999980414,63.067027734600266
11.266999999980412,63.06688475400734
11.26799999998041,63.06674177702313
11.268999999980407,63.06659873136052
11.269999999980405,63.06645564106654
11.270999999980402,63.06631262363682
11.2719999999804,63.06616987399051
11.272999999980398,63.06602763755777
11.273999999980395,63.06588617626854
11.274999999980393,63.065745732225615
11.27599999998039,63.065606494166325
11.276999999980388,63.06546857143442
11.277999999980386,63.06533197910794
11.278999999980384,63.06519663637656
11.279999999980381,63.065062378394366
11.280999999980379,63.064928979939424
11.281999999980377,63.06479618756238
11.282999999980374,63.064663755714335
11.283999999980372,63.06453148177491
11.28499999998037,63.064399235061195
11.285999999980367,63.064266975738626
11.286999999980365,63.06413476097135
11.287999999980363,63.064002737445136
11.28899999998036,63.06387112131675
11.289999999980358,63.06374016840592
11.290999999980356,63.06361013882304
11.291999999980353,63.06348126100198
11.292999999980351,63.06335370018923
11.293999999980349,63.06322753580393
11.294999999980346,63.063102750855734
11.295999999980344,63.06297923489174
11.296999999980342,63.06285680006491
11.29799999998034,63.0627352080641
11.298999999980337,63.06261420412189
11.299999999980335,63.062493553321964
11.300999999980332,63.06237307410096
11.30199999998033,63.06225266423377
11.302999999980328,63.06213231564787
11.303999999980325,63.06201211598563
11.304999999980323,63.06189223669181
11.30599999998032,63.06177290930606
11.306999999980318,63.061654393287895
11.307999999980316,63.06153693989735
11.308999999980314,63.06142075720509
11.309999999980311,63.06130598114661
11.310999999980309,63.061192656688696
11.311999999980307,63.06108073175214
11.312999999980304,63.060970064744154
11.313999999980302,63.06086044464525
11.3149999999803,63.06075162082502
11.315999999980297,63.06064333840493
11.316999999980295,63.06053537419834
11.317999999980293,63.0604275681841
11.31899999998029,63.06031984609345
11.319999999980288,63.06021222993654
11.320999999980286,63.060104834992444
11.321999999980283,63.05999785368366
11.322999999980281,63.059891528606734
11.323999999980279,63.05978611850894
11.324999999980276,63.059681862001526
11.325999999980274,63.05957894410624
11.326999999980272,63.0594774703425
11.32799999998027,63.05937745198964
11.328999999980267,63.05927880459569
11.329999999980265,63.05918135993756
11.330999999980262,63.05908488975599
11.33199999998026,63.05898913793093
11.332999999980258,63.058893856584916
11.333999999980255,63.05879884104077
11.334999999980253,63.05870395872188
11.33599999998025,63.05860916793342
11.336999999980248,63.05851452387854
11.337999999980246,63.058420171064355
11.338999999980244,63.05832632316379
11.339999999980241,63.05823323316668
11.340999999980239,63.05814115801741
11.341999999980237,63.058050322704595
11.342999999980234,63.05796088884847
11.343999999980232,63.05787293218962
11.34499999998023,63.057786432139665
11.345999999980227,63.057701274856704
11.346999999980225,63.05761726940984
11.347999999980223,63.05753417476788
11.34899999998022,63.057451733814084
11.349999999980218,63.057369709610704
11.350999999980216,63.05728791881345
11.351999999980213,63.05720625753665
11.352999999980211,63.05712471603357
11.353999999980209,63.05704338012611
11.354999999980206,63.056962419184934
11.355999999980204,63.05688206234982
11.356999999980202,63.05680256633216
11.3579999999802,63.05672417932318
11.358999999980197,63.05664710607994
11.359999999980195,63.05657147909153
11.360999999980192,63.05649733987917
11.36199999998019,63.056424633051144
11.362999999980188,63.0563532139578
11.363999999980186,63.05628286885981
11.364999999980183,63.05621334478526
11.36599999998018,63.0561443848792
11.366999999980179,63.056075764282475
11.367999999980176,63.056007321503465
11.368999999980174,63.05593898087603
11.369999999980172,63.055870762949354
11.37099999998017,63.05580278135128
11.371999999980167,63.05573522656734
11.372999999980165,63.05566833891521
11.373999999980162,63.05560237452023
11.37499999998016,63.05553756907414
11.375999999980158,63.055474104474165
11.376999999980155,63.05541208303153
11.377999999980153,63.055351512874275
11.37899999998015,63.05529230658482
11.379999999980148,63.055234293270175
11.380999999980146,63.055177242365374
11.381999999980144,63.055120895830946
11.382999999980141,63.055065004222556
11.383999999980139,63.05500936157088
11.384999999980137,63.05495383416773
11.385999999980134,63.05489837921113
11.386999999980132,63.054843050685584
11.38799999998013,63.054787991650585
11.388999999980127,63.054733414019935
11.389999999980125,63.054679568677145
11.390999999980123,63.05462671012842
11.39199999998012,63.054575060658316
11.392999999980118,63.05452477902356
11.393999999980116,63.054475938072706
11.394999999980113,63.054428514435884
11.395999999980111,63.05438239172559
11.396999999980109,63.054337376797534
11.397999999980106,63.05429322679105
11.398999999980104,63.05424968314343
11.399999999980102,63.05420650780556
11.4009999999801,63.054163516560344
11.401999999980097,63.05412060476246
11.402999999980095,63.05407776187925
11.403999999980092,63.05403507278854
11.40499999998009,63.05399270565163
11.405999999980088,63.05395088806651
11.406999999980085,63.05390987485424
11.407999999980083,63.05386991200204
11.40899999998008,63.05383120183241
11.409999999980078,63.05379387428772
11.410999999980076,63.05375796836584
11.411999999980074,63.053723426315585
11.412999999980071,63.053690101405685
11.413999999980069,63.05365777817443
11.414999999980067,63.053626202320764
11.415999999980064,63.05359511603411
11.416999999980062,63.0535642938046
11.41799999998006,63.05353357368502
11.418999999980057,63.0535028796146
11.419999999980055,63.05347223166992
11.420999999980053,63.053441742802534
11.42199999998005,63.05341160252351
11.422999999980048,63.053382049829764
11.423999999980046,63.05335333918158
11.424999999980043,63.05332570431665
11.425999999980041,63.05329932498785
11.426999999980039,63.053274301301336
11.427999999980036,63.05325063925671
11.428999999980034,63.053228249519535
11.429999999980032,63.05320695959747
11.43099999998003,63.05318653770704
11.431999999980027,63.053166724984536
11.432999999980025,63.053147271518455
11.433999999980022,63.05312797114143
11.43499999998002,63.05310869009597
11.435999999980018,63.0530893855402
11.436999999980015,63.05307011129123
11.437999999980013,63.05305100999637
11.43899999998001,63.05303229283484
11.439999999980008,63.05301420960258
11.440999999980006,63.052997013387966
11.441999999980004,63.052980924802476
11.442999999980001,63.05296610078356
11.443999999979999,63.05295261235297
11.444999999979997,63.05294043444583
11.445999999979994,63.0529294492364
11.446999999979992,63.052919462492206
11.44799999997999,63.052910230658405
11.448999999979987,63.05290149486738
11.449999999979985,63.05289301709542
11.450999999979983,63.05288461337946
11.45199999997998,63.052876179425866
11.452999999979978,63.05286770500935
11.453999999979976,63.05285927513832
11.454999999979973,63.05285105782327
11.455999999979971,63.05284328016905
11.456999999979969,63.052836196149585
11.457999999979966,63.05283005059511
11.458999999979964,63.05282504445011
11.459999999979962,63.052821306182054
11.46099999997996,63.052818873357154
11.461999999979957,63.05281768697362
11.462999999979955,63.05281759934588
11.463999999979952,63.0528183944302
11.46499999997995,63.05281981774211
11.465999999979948,63.05282161166029
11.466999999979945,63.05282355115926
11.467999999979943,63.05282547495662
11.46899999997994,63.052827307699445
11.469999999979938,63.05282907007222
11.470999999979936,63.05283087541139
11.471999999979934,63.0528329132989
11.472999999979931,63.05283542244579
11.47399999997993,63.05283865668019
11.474999999979927,63.052842848822344
11.475999999979924,63.052848177527885
11.476999999979922,63.052854741758715
11.47799999997992,63.052862546465825
11.478999999979917,63.052871501494415
11.479999999979915,63.0528814338605
11.480999999979913,63.05289211167857
11.48199999997991,63.052903276378245
11.482999999979908,63.052914678690485
11.483999999979906,63.052926113346565
11.484999999979904,63.05293744761678
11.485999999979901,63.05294863967481
11.486999999979899,63.05295974420233
11.487999999979897,63.052970904447115
11.488999999979894,63.0529823318501
11.489999999979892,63.05299427610765
11.49099999997989,63.05300698987719
11.491999999979887,63.05302069308715
11.492999999979885,63.05303554185936
11.493999999979883,63.05305160640509
11.49499999997988,63.05306886099621
11.495999999979878,63.05308718741468
11.496999999979876,63.0531063913926
11.497999999979873,63.05312622973751
11.49899999997987,63.053146444330174
11.499999999979869,63.05316679821159
11.500999999979866,63.05318710869477
11.501999999979864,63.053207272836715
11.502999999979862,63.05322728169347
11.50399999997986,63.05324722135519
11.504999999979857,63.05326726061271
11.505999999979855,63.053287626993
11.506999999979852,63.053308574532345
11.50799999997985,63.053330347812214
11.508999999979848,63.05335314731377
11.509999999979845,63.053377100954926
11.510999999979843,63.053402245809764
11.51199999997984,63.05342852257817
11.512999999979838,63.0534557835817
11.513999999979836,63.05348381316127
11.514999999979834,63.05351235761321
11.515999999979831,63.05354116045992
11.516999999979829,63.053569998098475
11.517999999979827,63.053598710827394
11.518999999979824,63.05362722489091
11.519999999979822,63.05365556244641
11.52099999997982,63.053683838054944
11.521999999979817,63.05371224219046
11.522999999979815,63.05374101408622
11.523999999979813,63.05377040773955
11.52499999997981,63.05380065585666
11.525999999979808,63.05383193680593
11.526999999979806,63.05386434922649
11.527999999979803,63.0538978978536
11.528999999979801,63.05393249255512
11.529999999979799,63.053967960706416
11.530999999979796,63.054004071170034
11.531999999979794,63.054040566512654
11.532999999979792,63.054077198936426
11.53399999997979,63.05411376487987
11.534999999979787,63.05415013342434
11.535999999979785,63.05418626451442
11.536999999979782,63.05422221442528
11.53799999997978,63.054258127710455
11.538999999979778,63.05429421675972
11.539999999979775,63.05433073184565
11.540999999979773,63.0543679258664
11.54199999997977,63.054406018742945
11.542999999979768,63.054445166462536
11.543999999979766,63.05448543911882
11.544999999979764,63.054526811024026
11.545999999979761,63.054569164278064
11.546999999979759,63.05461230529265
11.547999999979757,63.05465599194957
11.548999999979754,63.05469996757443
11.549999999979752,63.054743996955246
11.55099999997975,63.054787899337285
11.551999999979747,63.0548315737573
11.552999999979745,63.054875013154266
11.553999999979743,63.054918305273205
11.55499999997974,63.0549616202361
11.555999999979738,63.055005186527744
11.556999999979736,63.05504925877228
11.557999999979733,63.05509408182696
11.558999999979731,63.05513985623696
11.559999999979729,63.05518670990733
11.560999999979726,63.05523467996562
11.561999999979724,63.05528370736915
11.562999999979722,63.055333645006705
11.56399999997972,63.055384278164205
11.564999999979717,63.05543535447102
11.565999999979715,63.05548661913035
11.566999999979712,63.05553785047771
11.56799999997971,63.05558889088186
11.568999999979708,63.055639668644844
11.569999999979705,63.055690207827894
11.570999999979703,63.055740624622516
11.5719999999797,63.05579111077917
11.572999999979698,63.0558419064237
11.573999999979696,63.05589326608683
11.574999999979694,63.055945422724434
11.575999999979691,63.055998554786896
11.576999999979689,63.05605276096822
11.577999999979687,63.05610804617583
11.578999999979684,63.05616432069501
11.579999999979682,63.05622141265701
11.58099999997968,63.056279092066845
11.581999999979677,63.05633710301007
11.582999999979675,63.056395199524864
11.583999999979673,63.05645318009694
11.58499999997967,63.05651091593122
11.585999999979668,63.05656836902532
11.586999999979666,63.05662559750237
11.587999999979663,63.056682747450886
11.588999999979661,63.056740032420876
11.589999999979659,63.056797703460965
11.590999999979656,63.05685601390514
11.591999999979654,63.05691518386294
11.592999999979652,63.05697536939269
11.59399999997965,63.057036640683485
11.594999999979647,63.057098972310044
11.595999999979645,63.057162246917166
11.596999999979642,63.05722627182371
11.59799999997964,63.05729080620554
11.598999999979638,63.05735559504153
11.599999999979635,63.05742040505226
11.600999999979633,63.05748505757594
11.60199999997963,63.05754945376065
11.602999999979628,63.05761358852979
11.603999999979626,63.05767755135874
11.604999999979624,63.05774151375334
11.605999999979622,63.05780570519313
11.60699999997962,63.05787038091824
11.607999999979617,63.05793578608732
11.608999999979615,63.0580021213411
11.609999999979612,63.05806951460985
11.61099999997961,63.05813800312352
11.611999999979608,63.0582075281509
11.612999999979605,63.05827794320939
11.613999999979603,63.05834903458597
11.6149999999796,63.05842055129293
11.615999999979598,63.05849224024616
11.616999999979596,63.05856388172974
11.617999999979594,63.058635320165344
11.618999999979591,63.05870648586711
11.619999999979589,63.05877740472587
11.620999999979587,63.058848194464254
11.621999999979584,63.05891904798998
11.622999999979582,63.05899020618958
11.62399999997958,63.05906192398958
11.624999999979577,63.05913443445861
11.625999999979575,63.05920791599933
11.626999999979573,63.05928246723947
11.62799999997957,63.0593580931472
11.628999999979568,63.05943470431927
11.629999999979566,63.059512129541396
11.630999999979563,63.05959013985403
11.631999999979561,63.05966848074436
11.632999999979559,63.05974690795158
11.633999999979556,63.059825221849735
11.634999999979554,63.05990329558081
11.635999999979552,63.05998109298158
11.63699999997955,63.06005867378206
11.637999999979547,63.060136185342294
11.638999999979545,63.06021384209223
11.639999999979542,63.060291895566316
11.64099999997954,63.06037059924267
11.641999999979538,63.06045017313188
11.642999999979535,63.06053077308171
11.643999999979533,63.06061246910665
11.64499999997953,63.06069523578238
11.645999999979528,63.06077895604437
11.646999999979526,63.06086343786515
11.647999999979524,63.06094844145562
11.648999999979521,63.06103371317637
11.649999999979519,63.061119021389885
11.650999999979517,63.06120418921269
11.651999999979514,63.061289119562794
11.652999999979512,63.06137380897975
11.65399999997951,63.061458348276595
11.654999999979507,63.061542909931724
11.655999999979505,63.06162772399342
11.656999999979503,63.061713045886115
11.6579999999795,63.06179912063964
11.658999999979498,63.061886148565414
11.659999999979496,63.0619742572047
11.660999999979493,63.06206348348567
11.661999999979491,63.06215376859583
11.662999999979489,63.06224496629161
11.663999999979486,63.0623368634736
11.664999999979484,63.06242921014104
11.665999999979482,63.0625217545143
11.66699999997948,63.062614278397625
11.667999999979477,63.06270662781399
11.668999999979475,63.06279873461172
11.669999999979472,63.06289062600898
11.67099999997947,63.06298242073566
11.671999999979468,63.06307431231697
11.672999999979465,63.06316654185019
11.673999999979463,63.06325936410467
11.67499999997946,63.063353011714106
11.675999999979458,63.06344766249317
11.676999999979456,63.06354341447496
11.677999999979454,63.063640272171455
11.678999999979451,63.06373814598529
11.679999999979449,63.063836864854444
11.680999999979447,63.06393620035234
11.681999999979444,63.064035898857725
11.682999999979442,63.06413571728596
11.68399999997944,63.06423545735561
11.684999999979437,63.06433499357919
11.685999999979435,63.06443429104196
11.686999999979433,63.064533410467405
11.68799999997943,63.06463249985594
11.688999999979428,63.06473177387363
11.689999999979426,63.064831483890394
11.690999999979423,63.06493188287936
11.691999999979421,63.065033190108956
11.692999999979419,63.06513556058495
11.693999999979416,63.065239063529184
11.694999999979414,63.065343672912576
11.695999999979412,63.065449271366084
11.69699999997941,63.0655556669238
11.697999999979407,63.065662620238434
11.698999999979405,63.06576987845127
11.699999999979402,63.065877210951335
11.7009999999794,63.065984441999134
11.701999999979398,63.06609147562668
11.702999999979395,63.066198309312135
11.703999999979393,63.066305034509135
11.70499999997939,63.06641182395562
11.705999999979388,63.06651890754771
11.706999999979386,63.066626540171164
11.707999999979384,63.066734966006955
11.708999999979381,63.06684438432839
11.70999999997938,63.06695492159072
11.710999999979377,63.067066613738554
11.711999999979374,63.06717940120902
11.712999999979372,63.067293137339306
11.71399999997937,63.06740760898925
11.714999999979367,63.067522566488
11.715999999979365,63.06763775869571
11.716999999979363,63.06775296825791
11.71799999997936,63.067868042101715
11.718999999979358,63.067982912893264
11.719999999979356,63.06809760844185
11.720999999979353,63.068212247732006
11.721999999979351,63.06832702414241
11.722999999979349,63.06844217821168
11.723999999979346,63.068557963784905
11.724999999979344,63.068674612299795
11.725999999979342,63.06879230023546
11.72699999997934,63.06891112429729
11.727999999979337,63.069031087823575
11.728999999979335,63.06915210031928
11.729999999979333,63.06927399018163
11.73099999997933,63.0693965288266
11.731999999979328,63.06951946283382
11.732999999979326,63.069642549594256
11.733999999979323,63.069765591457546
11.73499999997932,63.06988846357605
11.735999999979319,63.07001113153535
11.736999999979316,63.07013365628783
11.737999999979314,63.07025618569588
11.738999999979312,63.07037893387555
11.73999999997931,63.07050215124534
11.740999999979307,63.07062608948995
11.741999999979305,63.07075096636379
11.742999999979302,63.07087693527371
11.7439999999793,63.071004063908234
11.744999999979298,63.07113232490892
11.745999999979295,63.071261599893596
11.746999999979293,63.07139169625724
11.74799999997929,63.07152237439913
11.748999999979288,63.071653381542184
11.749999999979286,63.071784487395455
11.750999999979284,63.071915516644495
11.751999999979281,63.072046373700694
11.752999999979279,63.07217705623059
11.753999999979277,63.072307655564515
11.754999999979274,63.07243834392597
11.755999999979272,63.07256935028116
11.75699999997927,63.07270092820077
11.757999999979267,63.07283332024917
11.758999999979265,63.07296672390602
11.759999999979263,63.07310126380393
11.76099999997926,63.073236974184525
11.761999999979258,63.07337379403319
11.762999999979256,63.073511575579346
11.763999999979253,63.07365010496408
11.764999999979251,63.073789132172905
11.765999999979249,63.073928406029005
11.766999999979246,63.07406770933524
11.767999999979244,63.074206889226915
11.768999999979242,63.074345878478
11.76999999997924,63.07448470476608
11.770999999979237,63.07462348659668
11.771999999979235,63.07476241646093
11.772999999979232,63.07490173359854
11.77399999997923,63.075041690193984
11.774999999979228,63.075182515764176
11.775999999979225,63.07532438474358
11.776999999979223,63.07546739182048
11.77799999997922,63.07561153848915
11.778999999979218,63.0757567327048
11.779999999979216,63.075902801684485
11.780999999979214,63.07604951605866
11.781999999979211,63.07619662198161
11.782999999979209,63.07634387669325
11.783999999979207,63.076491082538965
11.784999999979204,63.076638114665734
11.785999999979202,63.07678493850201
11.7869999999792,63.07693161456
11.787999999979197,63.07707828988776
11.788999999979195,63.07722517737166
11.789999999979193,63.07737252580059
11.79099999997919,63.07752058490226
11.791999999979188,63.07766957026207
11.792999999979186,63.07781963305119
11.793999999979183,63.07797083880729
11.794999999979181,63.078123158246925
11.795999999979179,63.07827647139509
11.796999999979176,63.07843058444488
11.797999999979174,63.078585256986905
11.798999999979172,63.07874023577381
11.79999999997917,63.078895290280705
11.800999999979167,63.079050245056536
11.801999999979165,63.07920500432193
11.802999999979162,63.07935956535077
11.80399999997916,63.079514018760136
11.804999999979158,63.07966853566493
11.805999999979155,63.079823343505694
11.806999999979153,63.079978693948576
11.80799999997915,63.08013482736351
11.808999999979148,63.080291938874446
11.809999999979146,63.08045015074933
11.810999999979144,63.08060949500548
11.811999999979141,63.080769908677006
11.812999999979139,63.08093124240502
11.813999999979137,63.08109328114318
11.814999999979134,63.08125577407414
11.815999999979132,63.08141846952769
11.81699999997913,63.08158115000424
11.817999999979127,63.081743662382074
11.818999999979125,63.08190593906934
11.819999999979123,63.08206800712899
11.82099999997912,63.08222998409805
11.821999999979118,63.08239206108916
11.822999999979116,63.08255447555335
11.823999999979113,63.08271747753428
11.824999999979111,63.08288129416137
11.825999999979109,63.0830460973761
11.826999999979106,63.08321197942188
11.827999999979104,63.083378939544474
11.828999999979102,63.083546883764974
11.8299999999791,63.08371563775445
11.830999999979097,63.08388497100491
11.831999999979095,63.08405462889932
11.832999999979092,63.084224368183
11.83399999997909,63.08439399085102
11.834999999979088,63.08456337169252
11.835999999979085,63.08473247561858
11.836999999979083,63.08490136233519
11.83799999997908,63.08507017770468
11.838999999979078,63.08523913301202
11.839999999979076,63.08540847505093
11.840999999979074,63.08557845123714
11.841999999979071,63.08574927464818
11.84299999997907,63.085921093900076
11.843999999979067,63.08609397208355
11.844999999979064,63.086267877716416
11.845999999979062,63.08644268897666
11.84699999997906,63.086618210618774
11.847999999979058,63.08679420119939
11.848999999979055,63.0869704067833
11.849999999979053,63.08714659639462
11.85099999997905,63.08732259422622
11.851999999979048,63.087498304081876
11.852999999979046,63.08767372261068
11.853999999979044,63.08784893947874
11.854999999979041,63.08802412445186
11.855999999979039,63.0881995032078
11.856999999979037,63.088375325277376
11.857999999979034,63.088551828619245
11.858999999979032,63.088729205802835
11.85999999997903,63.08890757655301
11.860999999979027,63.08908697050829
11.861999999979025,63.08926732261839
11.862999999979023,63.089448481822586
11.86399999997902,63.08963023179099
11.864999999979018,63.08981232081636
11.865999999979016,63.0899944966535
11.866999999979013,63.09017654141998
11.867999999979011,63.090358301652444
11.868999999979009,63.09053970930309
11.869999999979006,63.09072079072451
11.870999999979004,63.09090166238529
11.871999999979002,63.09108251391918
11.872999999979,63.09126358089256
11.873999999978997,63.091445111121665
11.874999999978995,63.09162732927808
11.875999999978992,63.09181040475772
11.87699999997899,63.09199442732975
11.877999999978988,63.09217939398435
11.878999999978985,63.09236520882256
11.879999999978983,63.0925516960032
11.88099999997898,63.0927386239267
11.881999999978978,63.09292573726192
11.882999999978976,63.093112792319104
11.883999999978974,63.09329959080252
11.884999999978971,63.09348600719897
11.885999999978969,63.093672005951774
11.886999999978967,63.09385764600466
11.887999999978964,63.09404307207633
11.888999999978962,63.094228493893475
11.88999999997896,63.09441415630428
11.890999999978957,63.09460030447296
11.891999999978955,63.09478714904679
11.892999999978953,63.09497483618397
11.89399999997895,63.09516342664803
11.894999999978948,63.095352886900656
11.895999999978946,63.095543093435495
11.896999999978943,63.09573384974787
11.897999999978941,63.095924913552714
11.898999999978939,63.096116030426465
11.899999999978936,63.096306969143036
11.900999999978934,63.09649755373832
11.901999999978932,63.09668768779269
11.90299999997893,63.0968773675192
11.903999999978927,63.097066681816905
11.904999999978925,63.097255799284895
11.905999999978922,63.09744494402307
11.90699999997892,63.097634363620934
11.907999999978918,63.097824293831536
11.908999999978915,63.09801492489434
11.909999999978913,63.09820637423539
11.91099999997891,63.098398669381446
11.911999999978908,63.09859174348564
11.912999999978906,63.098785444092705
11.913999999978904,63.09897955391101
11.914999999978901,63.09917382067513
11.915999999978899,63.099367991902504
11.916999999978897,63.09956184966434
11.917999999978894,63.09975524048918
11.918999999978892,63.0999480962002
11.91999999997889,63.100140442761784
11.920999999978887,63.10033239589266
11.921999999978885,63.10052414406511
11.922999999978883,63.10071592128298
11.92399999997888,63.10090797346664
11.924999999978878,63.10110052317473
11.925999999978876,63.10129373762263
11.926999999978873,63.101487704489855
11.927999999978871,63.10168241891669
11.928999999978869,63.10187778351022
11.929999999978866,63.10207362135969
11.930999999978864,63.10226970022958
11.931999999978862,63.102465764537506
11.93299999997886,63.10266157062383
11.933999999978857,63.102856920364964
11.934999999978855,63.10305168840288
11.935999999978852,63.10324583916459
11.93699999997885,63.10343943127767
11.937999999978848,63.10363260875911
11.938999999978845,63.10382558022064
11.939999999978843,63.10401858901311
11.94099999997884,63.1042118785091
11.941999999978838,63.10440565739931
11.942999999978836,63.10460006987787
11.943999999978834,63.104795174893916
11.944999999978831,63.10499093738547
11.945999999978829,63.10518723271347
11.946999999978827,63.10538386367991
11.947999999978824,63.10558058773391
11.948999999978822,63.105777150542586
11.94999999997882,63.10597332120913
11.950999999978817,63.1061689241874
11.951999999978815,63.1063638634035
11.952999999978813,63.10655813519512
11.95399999997881,63.106751828249664
11.954999999978808,63.10694511055267
11.955999999978806,63.10713820518059
11.956999999978803,63.107331358342485
11.957999999978801,63.10752480415878
11.958999999978799,63.10771873112675
11.959999999978796,63.10791325498101
11.960999999978794,63.10810840176257
11.961999999978792,63.108304103471795
11.96299999997879,63.10850020691902
11.963999999978787,63.108696494522846
11.964999999978785,63.108892714138584
11.965999999978782,63.10908861372512
11.96699999997878,63.10928397598382
11.967999999978778,63.10947864810468
11.968999999978776,63.10967256244431
11.969999999978773,63.10986574523273
11.97099999997877,63.11005831208666
11.971999999978769,63.110250450963534
11.972999999978766,63.11044239495347
11.973999999978764,63.11063438873748
11.974999999978762,63.11082665343046
11.97599999997876,63.11101935475045
11.976999999978757,63.11121257898955
11.977999999978755,63.11140632015937
11.978999999978752,63.11160048010881
11.97999999997875,63.111794881607885
11.980999999978748,63.11198929254243
11.981999999978745,63.112183457838704
11.982999999978743,63.112377134626726
11.98399999997874,63.11257012570821
11.984999999978738,63.11276230662463
11.985999999978736,63.11295364252203
11.986999999978734,63.11314419243779
11.987999999978731,63.11333410040876
11.988999999978729,63.11352357465148
11.989999999978727,63.11371285774249
11.990999999978724,63.113902191993596
11.991999999978722,63.114091784883556
11.99299999997872,63.114281779400976
11.993999999978717,63.11447223345833
11.994999999978715,63.114663111261486
11.995999999978713,63.11485428784539
11.99699999997871,63.11504556613489
11.997999999978708,63.11523670413321
11.998999999978706,63.11542744841867
11.999999999978703,63.11561756923923
12.000999999978701,63.11580689227333
12.001999999978699,63.115995322588816
12.002999999978696,63.11618285743378
12.003999999978694,63.116369586061
12.004999999978692,63.11655567661386
12.00599999997869,63.116741351916446
12.006999999978687,63.11692685757205
12.007999999978685,63.11711242685313
12.008999999978682,63.11729824731072
12.00999999997868,63.11748443379999
12.010999999978678,63.11767101170248
12.011999999978675,63.1178579127079
12.012999999978673,63.11804498374398
12.01399999997867,63.11823200779702
12.014999999978668,63.11841873370165
12.015999999978666,63.118604910714346
12.016999999978664,63.11879032301395
12.017999999978661,63.11897481928807
12.018999999978659,63.119158333250844
12.019999999978657,63.11934089221008
12.020999999978654,63.11952261248421
12.021999999978652,63.119703682314814
12.02299999997865,63.11988433467684
12.023999999978647,63.120064813815794
12.024999999978645,63.120245340215206
12.025999999978643,63.120426078922684
12.02699999997864,63.12060711568245
12.027999999978638,63.12078844422859
12.028999999978636,63.12096996651885
12.029999999978633,63.121151505873826
12.030999999978631,63.12133283117641
12.031999999978629,63.1215136887341
12.032999999978626,63.12169383733119
12.033999999978624,63.121873081548436
12.034999999978622,63.12205129866785
12.03599999997862,63.12222845538104
12.036999999978617,63.12240461195064
12.037999999978615,63.12257991323932
12.038999999978612,63.12275456786969
12.03999999997861,63.12292881844719
12.040999999978608,63.12310290703047
12.041999999978605,63.12327704070405
12.042999999978603,63.123451362080985
12.0439999999786,63.12362592887784
12.044999999978598,63.12380070542362
12.045999999978596,63.12397556728883
12.046999999978594,63.12415031838784
12.047999999978591,63.124324718143285
12.048999999978589,63.12449851490378
12.049999999978587,63.12467148091082
12.050999999978584,63.124843443902336
12.051999999978582,63.12501431090791
12.05299999997858,63.12518408089075
12.053999999978577,63.125352844462135
12.054999999978575,63.12552077070737
12.055999999978573,63.12568808297832
12.05699999997857,63.125855027056005
12.057999999978568,63.12602183615186
12.058999999978566,63.12618869766941
12.059999999978563,63.12635572639213
12.060999999978561,63.126522947863485
12.061999999978559,63.126690294291414
12.062999999978556,63.12685761355526
12.063999999978554,63.12702469004422
12.064999999978552,63.12719127440391
12.06599999997855,63.12735711800871
12.066999999978547,63.12752200732244
12.067999999978545,63.12768579332231
12.068999999978542,63.1278484118544
12.06999999997854,63.12800989206457
12.070999999978538,63.12817035172048
12.071999999978535,63.12832998008663
12.072999999978533,63.128489010759914
12.07399999997853,63.12864768828904
12.074999999978528,63.12880623327239
12.075999999978526,63.1289648108408
12.076999999978524,63.12912350695534
12.077999999978521,63.129282315848364
12.07899999997852,63.12944114036591
12.079999999978517,63.12959980516318
12.080999999978514,63.12975808089952
12.081999999978512,63.129915716036635
12.08299999997851,63.13007247177185
12.083999999978507,63.13022815520817
12.084999999978505,63.130382646093075
12.085999999978503,63.130535913371666
12.0869999999785,63.13068801922337
12.087999999978498,63.130839110016915
12.088999999978496,63.13098939545412
12.089999999978494,63.13113911884043
12.090999999978491,63.13128852265615
12.091999999978489,63.131437814271614
12.092999999978487,63.13158713661442
12.093999999978484,63.13173654790463
12.094999999978482,63.131886013299415
12.09599999997848,63.132035409615824
12.096999999978477,63.13218454246459
12.097999999978475,63.13233317339161
12.098999999978473,63.13248105320722
12.09999999997847,63.13262795682145
12.100999999978468,63.13277371468896
12.101999999978466,63.13291823643858
12.102999999978463,63.133061523368845
12.10399999997846,63.13320366805318
12.104999999978459,63.1333448411122
12.105999999978456,63.133485267013455
12.106999999978454,63.13362519230076
12.107999999978452,63.13376485071568
12.10899999997845,63.13390443011039
12.109999999978447,63.134044045802995
12.110999999978445,63.13418372411049
12.111999999978442,63.134323398377155
12.11299999997844,63.13446291805288
12.113999999978438,63.134602069545316
12.114999999978435,63.13474060591516
12.115999999978433,63.134878281246465
12.11699999997843,63.13501488486107
12.117999999978428,63.13515027057832
12.118999999978426,63.135284376909276
12.119999999978424,63.135417235352136
12.120999999978421,63.13554896562363
12.121999999978419,63.13567975850133
12.122999999978417,63.13580984868945
12.123999999978414,63.13593948152533
12.124999999978412,63.13606887821114
12.12599999997841,63.13619820445824
12.126999999978407,63.13632754694945
12.127999999978405,63.136456900924905
12.128999999978403,63.13658617063094
12.1299999999784,63.136715182569034
12.130999999978398,63.13684370968007
12.131999999978396,63.13697150307001
12.132999999978393,63.13709832682562
12.133999999978391,63.137223991026744
12.134999999978389,63.137348378320226
12.135999999978386,63.13747146031781
12.136999999978384,63.13759330151154
12.137999999978382,63.13771405015779
12.13899999997838,63.137833917411456
12.139999999978377,63.13795314764698
12.140999999978375,63.13807198413835
12.141999999978372,63.13819063491811
12.14299999997837,63.138309243610585
12.143999999978368,63.138427869328545
12.144999999978365,63.138546478452156
12.145999999978363,63.1386649494372
12.14699999997836,63.13878308998231
12.147999999978358,63.13890066413602
12.148999999978356,63.13901742553516
12.149999999978354,63.13913315210547
12.150999999978351,63.13924767734308
12.151999999978349,63.13936091377962
12.152999999978347,63.139472865331776
12.153999999978344,63.139583626801546
12.154999999978342,63.1396933705989
12.15599999997834,63.13980232255366
12.156999999978337,63.13991073021749
12.157999999978335,63.140018828109156
12.158999999978333,63.140126804783165
12.15999999997833,63.14023477635091
12.160999999978328,63.14034277016783
12.161999999978326,63.14045072098233
12.162999999978323,63.14055848008036
12.163999999978321,63.14066583614681
12.164999999978319,63.14077254490519
12.165999999978316,63.14087836337843
12.166999999978314,63.140983083956336
12.167999999978312,63.14108656348815
12.16899999997831,63.14118874331617
12.169999999978307,63.141289657437135
12.170999999978305,63.14138942764788
12.171999999978302,63.1414882463594
12.1729999999783,63.14158634949802
12.173999999978298,63.141683983304766
12.174999999978295,63.14178136970461
12.175999999978293,63.14187867511297
12.17699999997829,63.14197598706407
12.177999999978288,63.14207330194091
12.178999999978286,63.14217052552674
12.179999999978284,63.142267486300625
12.180999999978281,63.142363959607394
12.181999999978279,63.14245969930736
12.182999999978277,63.14255447246582
12.183999999978274,63.14264809220942
12.184999999978272,63.142740444131256
12.18599999997827,63.14283150253533
12.186999999978267,63.14292133423415
12.187999999978265,63.14301008936548
12.188999999978263,63.14309798052193
12.18999999997826,63.14318525312919
12.190999999978258,63.14327215123652
12.191999999978256,63.143358883527185
12.192999999978253,63.143445594315956
12.193999999978251,63.14353234360729
12.194999999978249,63.14361909900525
12.195999999978246,63.14370574060871
12.196999999978244,63.143792078199475
12.197999999978242,63.143877878313916
12.19899999997824,63.1439628973858
12.199999999978237,63.144046916306515
12.200999999978235,63.144129771542566
12.201999999978232,63.14421137843513
12.20299999997823,63.14429174340572
12.203999999978228,63.144370963355485
12.204999999978225,63.1444492123418
12.205999999978223,63.144526717408866
12.20699999997822,63.144603726966764
12.207999999978218,63.14468047616473
12.208999999978216,63.144757154117876
12.209999999978214,63.1448338775964
12.210999999978212,63.14491067486476
12.21199999997821,63.144987481946686
12.212999999978207,63.14506415183598
12.213999999978205,63.145140475357415
12.214999999978202,63.14521621074885
12.2159999999782,63.14529111780654
12.216999999978198,63.14536499180275
12.217999999978195,63.145437692409665
12.218999999978193,63.14550916357256
12.21999999997819,63.14557944154057
12.220999999978188,63.14564864992976
12.221999999978186,63.14571698251438
12.222999999978184,63.14578467616787
12.223999999978181,63.14585197776055
12.224999999978179,63.14591910966966
12.225999999978177,63.14598623875238
12.226999999978174,63.146053453137014
12.227999999978172,63.14612075009629
12.22899999997817,63.146188036699
12.229999999978167,63.1462551431489
12.230999999978165,63.14632184693136
12.231999999978163,63.1463879043849
12.23299999997816,63.146453085260575
12.233999999978158,63.14651720541789
12.234999999978156,63.1465801530621
12.235999999978153,63.14664190483604
12.236999999978151,63.14670252950213
12.237999999978149,63.14676217869698
12.238999999978146,63.14682106606151
12.239999999978144,63.1468794376809
12.240999999978142,63.14693753799166
12.24199999997814,63.146995575942185
12.242999999978137,63.147053696162224
12.243999999978135,63.14711195917829
12.244999999978132,63.14717033345357
12.24599999997813,63.147228700363
12.246999999978128,63.147286871403736
12.247999999978125,63.14734461522077
12.248999999978123,63.14740169065197
12.24999999997812,63.14745788114376
12.250999999978118,63.14751302570334
12.251999999978116,63.147567042032
12.252999999978114,63.14761993858914
12.253999999978111,63.14767181389305
12.254999999978109,63.14772284315763
12.255999999978107,63.14777325414501
12.256999999978104,63.14782329562903
12.257999999978102,63.14787320289784
12.2589999999781,63.14792316514345
12.259999999978097,63.147973299317925
12.260999999978095,63.14802363412488
12.261999999978093,63.14807410639821
12.26299999997809,63.14812457037335
12.263999999978088,63.148174818543936
12.264999999978086,63.14822461118031
12.265999999978083,63.1482737103572
12.266999999978081,63.14832191371583
12.267999999978079,63.14836908322025
12.268999999978076,63.14841516486966
12.269999999978074,63.148460196600325
12.270999999978072,63.14850430327104
12.27199999997807,63.14854767943518
12.272999999978067,63.14859056232758
12.273999999978065,63.14863319886536
12.274999999978062,63.148675811301324
12.27599999997806,63.14871856636418
12.276999999978058,63.148761552216556
12.277999999978055,63.14880476646761
12.278999999978053,63.14884811692174
12.27999999997805,63.1488914349548
12.280999999978048,63.148934499636844
12.281999999978046,63.14897706921716
12.282999999978044,63.14901891555093
12.283999999978041,63.14905985663254
12.284999999978039,63.149099782664244
12.285999999978037,63.14913867199627
12.286999999978034,63.14917659469616
12.287999999978032,63.14921370324596
12.28899999997803,63.14925021167665
12.289999999978027,63.149286366075295
12.290999999978025,63.14932241061229
12.291999999978023,63.14935855385733
12.29299999997802,63.14939494011877
12.293999999978018,63.14943162981833
12.294999999978016,63.14946859165734
12.295999999978013,63.14950570767112
12.296999999978011,63.14954279045248
12.297999999978009,63.14957961013092
12.298999999978006,63.14961592731297
12.299999999978004,63.149651527351494
12.300999999978002,63.14968625113014
12.301999999978,63.14972001803005
12.302999999977997,63.14975283785472
12.303999999977995,63.14978481003499
12.304999999977992,63.14981611022996
12.30599999997799,63.149846966207946
12.306999999977988,63.14987762639586
12.307999999977985,63.14990832551848
12.308999999977983,63.14993925215095
12.30999999997798,63.14997052274378
12.310999999977978,63.150002165765926
12.311999999977976,63.150034118194675
12.312999999977974,63.15006623484132
12.313999999977971,63.15009830920281
12.31499999997797,63.150130102909614
12.315999999977967,63.150161379631655
12.316999999977964,63.150191938684216
12.317999999977962,63.15022164361291
12.31899999997796,63.15025044174693
12.319999999977957,63.150278371975
12.320999999977955,63.150305559654676
12.321999999977953,63.150332199371675
12.32299999997795,63.150358527977076
12.323999999977948,63.150384791693014
12.324999999977946,63.150411211916555
12.325999999977943,63.15043795452723
12.326999999977941,63.15046510701093
12.327999999977939,63.150492666613374
12.328999999977936,63.150520541180036
12.329999999977934,63.15054856256773
12.330999999977932,63.15057651073777
12.33199999997793,63.15060414515063
12.332999999977927,63.15063123905615
12.333999999977925,63.15065761186248
12.334999999977923,63.15068315503454
12.33599999997792,63.15070784788407
12.336999999977918,63.150731761029064
12.337999999977916,63.15075504703606
12.338999999977913,63.15077791956444
12.33999999997791,63.15080062394562
12.340999999977909,63.15082340333373
12.341999999977906,63.150846465180194
12.342999999977904,63.15086995274308
12.343999999977902,63.15089392562292
12.3449999999779,63.150918352052855
12.345999999977897,63.150943114027285
12.346999999977895,63.1509680245373
12.347999999977892,63.15099285449692
12.34899999997789,63.15101736557526
12.349999999977888,63.15104134431643
12.350999999977885,63.1510646327539
12.351999999977883,63.151087151211826
12.35299999997788,63.151108910090535
12.353999999977878,63.15113000898034
12.354999999977876,63.151150623229064
12.355999999977874,63.1511709798555
12.356999999977871,63.15119132619176
12.357999999977869,63.15121189566017
12.358999999977867,63.15123287549117
12.359999999977864,63.15125438091988
12.360999999977862,63.151276439477485
12.36199999997786,63.151298987591524
12.362999999977857,63.15132187996324
12.363999999977855,63.15134491040824
12.364999999977853,63.15136784123068
12.36599999997785,63.15139043700368
12.366999999977848,63.151412498015915
12.367999999977846,63.15143388868463
12.368999999977843,63.151454556949446
12.369999999977841,63.15147454192461
12.370999999977839,63.15149396873514
12.371999999977836,63.151513031267925
12.372999999977834,63.15153196526192
12.373999999977832,63.15155101552667
12.37499999997783,63.15157040189455
12.375999999977827,63.15159028870146
12.376999999977825,63.151610762075705
12.377999999977822,63.151631818229454
12.37899999997782,63.151653364391045
12.379999999977818,63.151675232244536
12.380999999977815,63.15169720199123
12.381999999977813,63.151719033649144
12.38299999997781,63.15174050120432
12.383999999977808,63.15176142481199
12.384999999977806,63.15178169652502
12.385999999977804,63.15180129593468
12.386999999977801,63.15182029352132
12.387999999977799,63.15183884124662
12.388999999977797,63.151857151711496
12.389999999977794,63.15187546881068
12.390999999977792,63.15189403400974
12.39199999997779,63.15191305298412
12.392999999977787,63.15193266729813
12.393999999977785,63.15195293509999
12.394999999977783,63.15197382353857
12.39599999997778,63.15199521395787
12.396999999977778,63.15201691914399
12.397999999977776,63.15203871019482
12.398999999977773,63.15206034923914
12.399999999977771,63.15208162340439
12.400999999977769,63.15210237525894
12.401999999977766,63.15212252544765
12.402999999977764,63.15214208434017
12.403999999977762,63.15216115105463
12.40499999997776,63.15217989999745
12.405999999977757,63.15219855681236
12.406999999977755,63.15221736711784
12.407999999977752,63.15223656242685
12.40899999997775,63.15225632803458
12.409999999977748,63.152276777381594
12.410999999977745,63.152297936499814
12.411999999977743,63.15231974071539
12.41299999997774,63.15234204407779
12.413999999977738,63.152364640184814
12.414999999977736,63.15238729147889
12.415999999977734,63.15240976289973
12.416999999977731,63.152431855166796
12.417999999977729,63.152453433020845
12.418999999977727,63.15247444445874
12.419999999977724,63.15249492826184
12.420999999977722,63.1525150087642
12.42199999997772,63.152534878597095
12.422999999977717,63.152554771837686
12.423999999977715,63.15257493134148
12.424999999977713,63.1525955748507
12.42599999997771,63.152616864645395
12.426999999977708,63.152638884999156
12.427999999977706,63.15266163060945
12.428999999977703,63.15268500761567
12.429999999977701,63.15270884706813
12.430999999977699,63.1527329289494
12.431999999977696,63.15275701337983
12.432999999977694,63.152780874622756
12.433999999977692,63.15280433311731
12.43499999997769,63.15282728103627
12.435999999977687,63.15284969777703
12.436999999977685,63.152871653207356
12.437999999977682,63.15289329820965
12.43899999997768,63.152914843855775
12.439999999977678,63.1529365321415
12.440999999977675,63.152958602395124
12.441999999977673,63.152981258078164
12.44299999997767,63.15300463864079
12.443999999977668,63.15302880037428
12.444999999977666,63.15305370895076
12.445999999977664,63.15307924468504
12.446999999977661,63.15310521978638
12.44799999997766,63.15313140516764
12.448999999977657,63.15315756304869
12.449999999977654,63.15318348076973
12.450999999977652,63.15320900105974
12.45199999997765,63.15323404450569
12.452999999977648,63.15325862106369
12.453999999977645,63.15328282899669
12.454999999977643,63.15330684138853
12.45599999997764,63.153330882132344
12.456999999977638,63.15335519476903
12.457999999977636,63.153380008550144
12.458999999977634,63.153405506496455
12.459999999977631,63.15343179993524
12.460999999977629,63.15345891309198
12.461999999977627,63.15348677989856
12.462999999977624,63.15351525347059
12.463999999977622,63.153544126912585
12.46499999997762,63.15357316253306
12.465999999977617,63.15360212536488
12.466999999977615,63.15363081628362
12.467999999977613,63.153659100074236
12.46899999997761,63.153686924507056
12.469999999977608,63.15371432774607
12.470999999977606,63.153741433049134
12.471999999977603,63.15376843151095
12.472999999977601,63.153795555273895
12.473999999977599,63.153823044977415
12.474999999977596,63.153851116024754
12.475999999977594,63.153879928407406
12.476999999977592,63.15390956432821
12.47799999997759,63.15394001676666
12.478999999977587,63.15397119058392
12.479999999977585,63.15400291601576
12.480999999977582,63.154034972652816
12.48199999997758,63.154067120543445
12.482999999977578,63.15409913405488
12.483999999977575,63.15413083373362
12.484999999977573,63.15416211169159
12.48599999997757,63.154192946949095
12.486999999977568,63.15422340857601
12.487999999977566,63.15425364619227
12.488999999977564,63.15428386916293
12.489999999977561,63.154314317415306
12.490999999977559,63.154345227982866
12.491999999977557,63.15437680197227
12.492999999977554,63.15440917659248
12.493999999977552,63.15444240616757
12.49499999997755,63.154476454794114
12.495999999977547,63.154511201672555
12.496999999977545,63.154546458356506
12.497999999977543,63.15458199550045
12.49899999997754,63.1546175753431
12.499999999977538,63.15465298536242
12.500999999977536,63.15468806836974
12.501999999977533,63.154722744811835
12.502999999977531,63.154757024147436
12.503999999977529,63.15479100369917
12.504999999977526,63.1548248551464
12.505999999977524,63.15485880055662
12.506999999977522,63.15489308132653
12.50799999997752,63.15492792439451
12.508999999977517,63.15496351047022
12.509999999977515,63.154999948744795
12.510999999977512,63.1550372616288
12.51199999997751,63.15507538166716
12.512999999977508,63.155114161056936
12.513999999977505,63.15515339243072
12.514999999977503,63.15519283798798
12.5159999999775,63.15523226287897
12.516999999977498,63.15527146815684
12.517999999977496,63.15531031866813
12.518999999977494,63.155348761971496
12.519999999977491,63.15538683562453
12.520999999977489,63.15542466182189
12.521999999977487,63.15546243013787
12.522999999977484,63.15550037080362
12.523999999977482,63.15553872227774
12.52499999997748,63.155577697672996
12.525999999977477,63.155617454754776
12.526999999977475,63.15565807373347
12.527999999977473,63.15569954596313
12.52899999997747,63.15574177512995
12.529999999977468,63.15578459076708
12.530999999977466,63.155827772189014
12.531999999977463,63.15587107949069
12.532999999977461,63.15591428725794
12.533999999977459,63.15595721625679
12.534999999977456,63.15599975864595
12.535999999977454,63.15604189317229
12.536999999977452,63.156083688210835
12.53799999997745,63.15612529222227
12.538999999977447,63.15616691297278
12.539999999977445,63.15620878843911
12.540999999977442,63.15625115348838
12.54199999997744,63.15629420701398
12.542999999977438,63.15633808413978
12.543999999977435,63.15638283739312
12.544999999977433,63.15642842947998
12.54599999997743,63.15647473867894
12.546999999977428,63.15652157608781
12.547999999977426,63.15656871230512
12.548999999977424,63.15661590978934
12.549999999977421,63.1566629563547
12.550999999977419,63.15670969508827
12.551999999977417,63.156756046485725
12.552999999977414,63.15680201969308
12.553999999977412,63.15684771127717
12.55499999997741,63.15689329169866
12.555999999977407,63.15693898139121
12.556999999977405,63.15698501980898
12.557999999977403,63.15703163178936
12.5589999999774,63.1570789959571
12.559999999977398,63.15712721960698
12.560999999977396,63.157176323589454
12.561999999977393,63.15722623932688
12.562999999977391,63.15727681836915
12.563999999977389,63.15732785315471
12.564999999977386,63.157379106050456
12.565999999977384,63.15743034259938
12.566999999977382,63.15748136430184
12.56799999997738,63.15753203633091
12.568999999977377,63.15758230629206
12.569999999977375,63.15763221139296
12.570999999977372,63.157681873019826
12.57199999997737,63.1577314794848
12.572999999977368,63.1577812593726
12.573999999977366,63.157831449234614
12.574999999977363,63.15788226017842
12.57599999997736,63.1579338480439
12.576999999977359,63.15798629136101
12.577999999977356,63.15803958018197
12.578999999977354,63.15809361735228
12.579999999977352,63.158148232040844
12.58099999997735,63.15820320362749
12.581999999977347,63.15825829259294
12.582999999977345,63.158313274077464
12.583999999977342,63.15836796939553
12.58499999997734,63.15842227107521
12.585999999977338,63.15847615790712
12.586999999977335,63.15852969788509
12.587999999977333,63.15858303862459
12.58899999997733,63.158636386610404
12.589999999977328,63.15868997819223
12.590999999977326,63.158744046405495
12.591999999977324,63.15879878827562
12.592999999977321,63.15885433720169
12.593999999977319,63.158910744283745
12.594999999977317,63.1589679712183
12.595999999977314,63.159025895749515
12.596999999977312,63.15908432891111
12.59799999997731,63.159143041635325
12.598999999977307,63.1592017969887
12.599999999977305,63.1592603835025
12.600999999977303,63.15931864491329
12.6019999999773,63.15937650213197
12.602999999977298,63.15943396435313
12.603999999977296,63.15949112774508
12.604999999977293,63.15954816190823
12.605999999977291,63.1596052860048
12.606999999977289,63.15966273791571
12.607999999977286,63.159720740757066
12.608999999977284,63.1597794714608
12.609999999977282,63.159839035828455
12.61099999997728,63.15989945356503
12.611999999977277,63.15996065539063
12.612999999977275,63.1600224926366
12.613999999977272,63.16008475797342
12.61499999997727,63.16014721436219
12.615999999977268,63.160209628156935
12.616999999977265,63.16027180171712
12.617999999977263,63.16033360094547
12.61899999997726,63.16039497389015
12.619999999977258,63.16045595779834
12.620999999977256,63.16051667363522
12.621999999977254,63.160577308838555
12.622999999977251,63.160638090739134
12.623999999977249,63.16069925438258
12.624999999977247,63.160761009281416
12.625999999977244,63.16082350977193
12.626999999977242,63.160886833136004
12.62799999997724,63.16095096856656
12.628999999977237,63.16101581851479
12.629999999977235,63.161081212236795
12.630999999977233,63.161146929624884
12.63199999997723,63.16121273198903
12.632999999977228,63.161278395460506
12.633999999977226,63.161343742328036
12.634999999977223,63.16140866590657
12.635999999977221,63.16147314543971
12.636999999977219,63.16153724894327
12.637999999977216,63.16160112358868
12.638999999977214,63.161664974982656
12.639999999977212,63.16172903825579
12.64099999997721,63.16179354502721
12.641999999977207,63.16185869088134
12.642999999977205,63.161924607928135
12.643999999977202,63.16199134628709
12.6449999999772,63.162058867097464
12.645999999977198,63.16212704802564
12.646999999977195,63.162195700497776
12.647999999977193,63.16226459623318
12.64899999997719,63.162333499351185
12.649999999977188,63.16240219953617
12.650999999977186,63.16247054159971
12.651999999977184,63.16253844728334
12.652999999977181,63.162605926236985
12.653999999977179,63.162673074632785
12.654999999977177,63.16274006161135
12.655999999977174,63.16280710546533
12.656999999977172,63.16287444291082
12.65799999997717,63.16294229575975
12.658999999977167,63.16301083967609
12.659999999977165,63.163080179404254
12.660999999977163,63.16315033394641
12.66199999997716,63.16322123376993
12.662999999977158,63.1632927304362
12.663999999977156,63.1633646172962
12.664999999977153,63.163436658344374
12.665999999977151,63.163508621179446
12.666999999977149,63.16358030944044
12.667999999977146,63.16365159016881
12.668999999977144,63.16372241225427
12.669999999977142,63.1637928133749
12.67099999997714,63.16386291446025
12.671999999977137,63.16393290245966
12.672999999977135,63.16400300383754
12.673999999977132,63.16407345252763
12.67499999997713,63.164144456851524
12.675999999977128,63.16421617005222
12.676999999977125,63.16428866858348
12.677999999977123,63.16436194120461
12.67899999997712,63.16443589040223
12.679999999977118,63.16451034594605
12.680999999977116,63.1645850886654
12.681999999977114,63.164659881114574
12.682999999977111,63.16473450081841
12.68399999997711,63.16480877143239
12.684999999977107,63.16488258743723
12.685999999977104,63.16495592889838
12.686999999977102,63.165028864214534
12.6879999999771,63.165101540470474
12.688999999977097,63.16517416275154
12.689999999977095,63.16524696532971
12.690999999977093,63.16532017877476
12.69199999997709,63.16539399760539
12.692999999977088,63.165468553025114
12.693999999977086,63.16554389456301
12.694999999977084,63.165619983195654
12.695999999977081,63.165696696907645
12.696999999977079,63.16577384790931
12.697999999977077,63.16585120909241
12.698999999977074,63.165928546003606
12.699999999977072,63.16600564984278
12.70099999997707,63.16608236684554
12.701999999977067,63.16615861992055
12.702999999977065,63.16623441949914
12.703999999977063,63.16630986207662
12.70499999997706,63.1663851166492
12.705999999977058,63.16646040095738
12.706999999977056,63.16653595087306
12.707999999977053,63.16661198723114
12.70899999997705,63.16668868476297
12.709999999977049,63.16676614749929
12.710999999977046,63.16684439408699
12.711999999977044,63.16692335509159
12.712999999977042,63.16700288265455
12.71399999997704,63.16708277115108
12.714999999977037,63.16716278594617
12.715999999977035,63.16724269620451
12.716999999977032,63.16732230715478
12.71799999997703,63.167401487273175
12.718999999977028,63.167480186574146
12.719999999977025,63.16755844343964
12.720999999977023,63.1676363790318
12.72199999997702,63.16771418007586
12.722999999977018,63.16779207243702
12.723999999977016,63.167870289208594
12.724999999977014,63.16794903779875
12.725999999977011,63.16802847064334
12.726999999977009,63.1681086636614
12.727999999977007,63.16818960547408
12.728999999977004,63.1682711989008
12.729999999977002,63.16835327451924
12.730999999977,63.16843561438208
12.731999999976997,63.16851798256301
12.732999999976995,63.168600158243486
12.733999999976993,63.1686819666932
12.73499999997699,63.16876330379227
12.735999999976988,63.16884415064986
12.736999999976986,63.16892457626049
12.737999999976983,63.16900472782935
12.738999999976981,63.16908481012662
12.739999999976979,63.16916505677529
12.740999999976976,63.16924569750949
12.741999999976974,63.16932692600241
12.742999999976972,63.169408872780124
12.74399999997697,63.16949158701507
12.744999999976967,63.169575029757546
12.745999999976965,63.16965907954429
12.746999999976962,63.16974354959981
12.74799999997696,63.1698282142088
12.748999999976958,63.16991284055419
12.749999999976955,63.16999722154518
12.750999999976953,63.17008120502043
12.75199999997695,63.17016471522069
12.752999999976948,63.17024776351318
12.753999999976946,63.17033044686144
12.754999999976944,63.17041293425971
12.755999999976941,63.17049544303752
12.756999999976939,63.170578208367765
12.757999999976937,63.17066145026032
12.758999999976934,63.17074534267302
12.759999999976932,63.170829989084915
12.76099999997693,63.17091540795827
12.761999999976927,63.17100153012636
12.762999999976925,63.17108820847749
12.763999999976923,63.17117523857221
12.76499999997692,63.17126238729405
12.765999999976918,63.17134942551018
12.766999999976916,63.17143616016033
12.767999999976913,63.171522461261816
12.768999999976911,63.17160828004712
12.769999999976909,63.17169365568475
12.770999999976906,63.17177870964469
12.771999999976904,63.17186362850199
12.772999999976902,63.17194863759761
12.7739999999769,63.172033969263154
12.774999999976897,63.17211983007869
12.775999999976895,63.17220637176538
12.776999999976892,63.17229366980423
12.77799999997689,63.172381712780435
12.778999999976888,63.17247040394611
12.779999999976885,63.172559574783136
12.780999999976883,63.17264900865554
12.78199999997688,63.172738471232286
12.782999999976878,63.17282774341303
12.783999999976876,63.17291665212833
12.784999999976874,63.17300509469033
12.785999999976871,63.17309305327128
12.786999999976869,63.17318059747225
12.787999999976867,63.17326787462435
12.788999999976864,63.173355089186494
12.789999999976862,63.17344247413894
12.79099999997686,63.17353025839262
12.791999999976857,63.17361863479492
12.792999999976855,63.17370773321822
12.793999999976853,63.173797602508316
12.79499999997685,63.173888203820475
12.795999999976848,63.17397941627478
12.796999999976846,63.1740710541346
12.797999999976843,63.17416289309229
12.798999999976841,63.17425470196879
12.799999999976839,63.1743462753696
12.800999999976836,63.174437462709214
12.801999999976834,63.174528189519975
12.802999999976832,63.17461846805177
12.80399999997683,63.174708395676475
12.804999999976827,63.17479814132256
12.805999999976825,63.174887921845816
12.806999999976822,63.17497797166099
12.80799999997682,63.17506850989753
12.808999999976818,63.175159709693105
12.809999999976815,63.175251673936756
12.810999999976813,63.17534442086779
12.81199999997681,63.175437881551936
12.812999999976808,63.175531909586276
12.813999999976806,63.17562630167103
12.814999999976804,63.17572082615164
12.815999999976802,63.175815255530296
12.8169999999768,63.17590939837317
12.817999999976797,63.176003126140664
12.818999999976795,63.17609639117215
12.819999999976792,63.17618923330251
12.82099999997679,63.17628177418341
12.821999999976788,63.176374200110914
12.822999999976785,63.17646673577477
12.823999999976783,63.17655961262388
12.82499999997678,63.17665303629549
12.825999999976778,63.17674715768821
12.826999999976776,63.17684205174291
12.827999999976774,63.176937706909186
12.828999999976771,63.177034026774436
12.829999999976769,63.17713084362105
12.830999999976767,63.17722794201301
12.831999999976764,63.17732508909378
12.832999999976762,63.177422067345134
12.83399999997676,63.17751870520912
12.834999999976757,63.177614901266836
12.835999999976755,63.17771063857945
12.836999999976753,63.17780598717182
12.83799999997675,63.17790109431437
12.838999999976748,63.1779961639681
12.839999999976746,63.17809142828685
12.840999999976743,63.178187115181345
12.841999999976741,63.178283416501586
12.842999999976739,63.17838046130414
12.843999999976736,63.1784782979495
12.844999999976734,63.178576887543514
12.845999999976732,63.17867610963331
12.84699999997673,63.17877577935916
12.847999999976727,63.178875673650985
12.848999999976725,63.178975562785745
12.849999999976722,63.179075242871605
12.85099999997672,63.17917456469006
12.851999999976718,63.17927345484413
12.852999999976715,63.17937192623669
12.853999999976713,63.17947007641182
12.85499999997671,63.179568073992456
12.855999999976708,63.179666135123384
12.856999999976706,63.17976449322882
12.857999999976704,63.17986336633228
12.858999999976701,63.17996292653359
12.859999999976699,63.18006327591964
12.860999999976697,63.18016443230229
12.861999999976694,63.18026632677494
12.862999999976692,63.18036881343772
12.86399999997669,63.180471689918186
12.864999999976687,63.180574725804526
12.865999999976685,63.1806776950003
12.866999999976683,63.180780407453355
12.86799999997668,63.180882735809575
12.868999999976678,63.180984633246844
12.869999999976676,63.181086139990306
12.870999999976673,63.18118737759251
12.871999999976671,63.18128853178953
12.872999999976669,63.18138982634242
12.873999999976666,63.181491491545316
12.874999999976664,63.18159373182864
12.875999999976662,63.18169669701248
12.87699999997666,63.181800461248805
12.877999999976657,63.18190501260748
12.878999999976655,63.18201025476645
12.879999999976652,63.18211602056471
12.88099999997665,63.182222095513914
12.881999999976648,63.18232824796905
12.882999999976645,63.18243426172229
12.883999999976643,63.182539966442064
12.88499999997664,63.182645261682445
12.885999999976638,63.18275013108792
12.886999999976636,63.18285464479642
12.887999999976634,63.18295894970376
12.888999999976631,63.18306324896101
12.889999999976629,63.18316777358794
12.890999999976627,63.18327275019474
12.891999999976624,63.18337836934292
12.892999999976622,63.18348475898886
12.89399999997662,63.18359196673231
12.894999999976617,63.18369995335598
12.895999999976615,63.183808598561285
12.896999999976613,63.18391771809035
12.89799999997661,63.18402708982905
12.898999999976608,63.184136485219376
12.899999999976606,63.18424570156895
12.900999999976603,63.18435459071388
12.901999999976601,63.18446308000439
12.902999999976599,63.184571182665806
12.903999999976596,63.18467899607958
12.904999999976594,63.18478668822922
12.905999999976592,63.18489447421623
12.90699999997659,63.18500258614804
12.907999999976587,63.18511124062713
12.908999999976585,63.18522060840543
12.909999999976582,63.18533079046915
12.91099999997658,63.185441803908404
12.911999999976578,63.185553579554956
12.912999999976575,63.18566597172217
12.913999999976573,63.185778778671725
12.91499999997657,63.1858917709342
12.915999999976568,63.18600472350455
12.916999999976566,63.18611744739364
12.917999999976564,63.18622981610336
12.918999999976561,63.18634178331332
12.91999999997656,63.18645338929506
12.920999999976557,63.18656475515721
12.921999999976554,63.18667606573258
12.922999999976552,63.186787543515024
12.92399999997655,63.18689941731225
12.924999999976547,63.1870118900263
12.925999999976545,63.18712511008652
12.926999999976543,63.187239150551775
12.92799999997654,63.18735399881481
12.928999999976538,63.18746955834911
12.929999999976536,63.187585662253554
12.930999999976533,63.187702096688824
12.931999999976531,63.18781863091581
12.932999999976529,63.18793504972173
12.933999999976526,63.18805118367751
12.934999999976524,63.18816693297741
12.935999999976522,63.18828228151005
12.93699999997652,63.188397299183315
12.937999999976517,63.18851213217557
12.938999999976515,63.188626982488
12.939999999976513,63.18874207967358
12.94099999997651,63.18885764871667
12.941999999976508,63.18897387857594
12.942999999976506,63.18909089580338
12.943999999976503,63.189208746940096
12.9449999999765,63.189327392154965
12.945999999976499,63.18944671101578
12.946999999976496,63.18956651957694
12.947999999976494,63.189686596385776
12.948999999976492,63.18980671374851
12.94999999997649,63.189926669864356
12.950999999976487,63.19004631730658
12.951999999976485,63.19016558384912
12.952999999976482,63.190284482710794
12.95399999997648,63.19040311077976
12.954999999976478,63.190521635070574
12.955999999976475,63.190640269318045
12.956999999976473,63.19075924399761
12.95799999997647,63.19087877398249
12.958999999976468,63.19099902838164
12.959999999976466,63.19112010679452
12.960999999976464,63.191242025310714
12.961999999976461,63.191364714228804
12.962999999976459,63.191488027803864
12.963999999976457,63.191611764658646
12.964999999976454,63.19173569598929
12.965999999976452,63.191859597599596
12.96699999997645,63.19198328127255
12.967999999976447,63.19210662106843
12.968999999976445,63.19222957086464
12.969999999976443,63.192352170673324
12.97099999997644,63.19247454085269
12.971999999976438,63.19259686502884
12.972999999976436,63.19271936413176
12.973999999976433,63.192842265196205
12.974999999976431,63.1929657693188
12.975999999976429,63.19309002327152
12.976999999976426,63.19321509876376
12.977999999976424,63.193340982262114
12.978999999976422,63.1934675767918
12.97999999997642,63.19359471546919
12.980999999976417,63.19372218485847
12.981999999976415,63.193849754878
12.982999999976412,63.1939772110548
12.98399999997641,63.19410438460054
12.984999999976408,63.194231176081956
12.985999999976405,63.1943575693604
12.986999999976403,63.19448363383982
12.9879999999764,63.194609514709484
12.988999999976398,63.194735412554316
12.989999999976396,63.19486155520152
12.990999999976394,63.19498816576172
12.991999999976391,63.19511543135215
12.992999999976389,63.19524347689403
12.993999999976387,63.195372347652444
12.994999999976384,63.19550200297218
12.995999999976382,63.19563232208034
12.99699999997638,63.19576312113858
12.997999999976377,63.195894179147956
12.998999999976375,63.19602526906762
12.999999999976373,63.196156189770264
13.00099999997637,63.196286794343024
13.001999999976368,63.196417010754836
13.002999999976366,63.196546851986575
13.003999999976363,63.1966764142026
13.004999999976361,63.196805863221066
13.005999999976359,63.19693541118845
13.006999999976356,63.197065286734905
13.007999999976354,63.197195702804564
13.008999999976352,63.19732682667425
13.00999999997635,63.19745875637546
13.010999999976347,63.19759150682883
13.011999999976345,63.19772500763392
13.012999999976342,63.197859112827345
13.01399999997634,63.19799362123389
13.014999999976338,63.19812830455238
13.015999999976335,63.198262939229075
13.016999999976333,63.198397337646064
13.01799999997633,63.19853137424508
13.018999999976328,63.19866500292093
13.019999999976326,63.19879826324333
13.020999999976324,63.198931274639634
13.021999999976321,63.1990642193538
13.022999999976319,63.19919731658391
13.023999999976317,63.19933079143351
13.024999999976314,63.199464843047274
13.025999999976312,63.19959961640407
13.02699999997631,63.19973518173942
13.027999999976307,63.19987152447709
13.028999999976305,63.20000854708356
13.029999999976303,63.20014608258445
13.0309999999763,63.2002839178397
13.031999999976298,63.20042182331401
13.032999999976296,63.200559585158686
13.033999999976293,63.200697035106046
13.034999999976291,63.2008340739705
13.035999999976289,63.20097068545899
13.036999999976286,63.20110693834461
13.037999999976284,63.20124297670329
13.038999999976282,63.20137899958571
13.03999999997628,63.20151523298428
13.040999999976277,63.20165189803648
13.041999999976275,63.20178917993243
13.042999999976272,63.201927201885226
13.04399999997627,63.20206600781868
13.044999999976268,63.2022055561963
13.045999999976265,63.20234572585125
13.046999999976263,63.202486333000095
13.04799999997626,63.202627157046855
13.048999999976258,63.202767971547104
13.049999999976256,63.2029085759877
13.050999999976254,63.203048823905114
13.051999999976251,63.203188643395684
13.05299999997625,63.20332804713368
13.053999999976247,63.20346713049109
13.054999999976244,63.20360605802586
13.055999999976242,63.20374504023983
13.05699999997624,63.203884303871924
13.057999999976238,63.20402405990032
13.058999999976235,63.204164473744505
13.059999999976233,63.20430564185694
13.06099999997623,63.20444757798392
13.061999999976228,63.20459021102998
13.062999999976226,63.20473339481997
13.063999999976224,63.20487692838872
13.064999999976221,63.205020583943366
13.065999999976219,63.2051641385756
13.066999999976217,63.2053074052657
13.067999999976214,63.20545025883114
13.068999999976212,63.20559265317494
13.06999999997621,63.205734627416824
13.070999999976207,63.20587630004648
13.071999999976205,63.206017851924585
13.072999999976203,63.20615950052454
13.0739999999762,63.206301469036084
13.074999999976198,63.20644395467979
13.075999999976196,63.20658710068308
13.076999999976193,63.20673097585803
13.077999999976191,63.20687556464374
13.078999999976189,63.20702076901304
13.079999999976186,63.20716642196885
13.080999999976184,63.20731231073474
13.081999999976182,63.207458206386605
13.08299999997618,63.20760389576211
13.083999999976177,63.20774921117105
13.084999999976175,63.20789405372951
13.085999999976172,63.208038407041
13.08699999997617,63.20818233930048
13.087999999976168,63.208325993526124
13.088999999976165,63.208469567295474
13.089999999976163,63.20861328483673
13.09099999997616,63.208757365395975
13.091999999976158,63.20890199232776
13.092999999976156,63.20904728724145
13.093999999976154,63.20919329283263
13.094999999976151,63.20933996680323
13.095999999976149,63.20948718771819
13.096999999976147,63.20963477197647
13.097999999976144,63.20978249950931
13.098999999976142,63.20993014459297
13.09999999997614,63.210077507446314
13.100999999976137,63.210224442169505
13.101999999976135,63.21037087709748
13.102999999976133,63.210516824707106
13.10399999997613,63.210662379689154
13.104999999976128,63.21080770545647
13.105999999976126,63.21095301098898
13.106999999976123,63.211098521265335
13.107999999976121,63.21124444544024
13.108999999976119,63.21139094723044
13.109999999976116,63.211538121671445
13.110999999976114,63.21168598150896
13.111999999976112,63.21183445513067
13.11299999997611,63.211983396332855
13.113999999976107,63.212132604541694
13.114999999976105,63.21228185265478
13.115999999976102,63.212430918584886
13.1169999999761,63.212579616082685
13.117999999976098,63.212727820509095
13.118999999976095,63.21287548594143
13.119999999976093,63.213022651213
13.12099999997609,63.213169434042285
13.121999999976088,63.21331601407861
13.122999999976086,63.213462607249525
13.123999999976084,63.213609435019684
13.124999999976081,63.2137566928861
13.125999999976079,63.213904522533795
13.126999999976077,63.214052991570775
13.127999999976074,63.21420208368061
13.128999999976072,63.21435170057458
13.12999999997607,63.21450167546625
13.130999999976067,63.21465179617663
13.131999999976065,63.21480183462265
13.132999999976063,63.21495157855434
13.13399999997606,63.215100861079534
13.134999999976058,63.21524958383239
13.135999999976056,63.215397730527265
13.136999999976053,63.21554536899437
13.137999999976051,63.21569264141089
13.138999999976049,63.21583974410432
13.139999999976046,63.21598689976833
13.140999999976044,63.21613432599797
13.141999999976042,63.21628220456345
13.14299999997604,63.21643065573085
13.143999999976037,63.21657972123659
13.144999999976035,63.216729358296206
13.145999999976032,63.216879445485624
13.14699999997603,63.21702979966566
13.147999999976028,63.21718020157193
13.148999999976025,63.21733042647347
13.149999999976023,63.217480275588805
13.15099999997602,63.21762960384405
13.151999999976018,63.21777834007095
13.152999999976016,63.217926496804964
13.153999999976014,63.21807416831198
13.154999999976011,63.21822151711994
13.155999999976009,63.21836875095242
13.156999999976007,63.218516093302945
13.157999999976004,63.218663751786785
13.158999999976002,63.2188118887117
13.159999999976,63.21896059800071
13.160999999975997,63.21910989170824
13.161999999975995,63.21925969802151
13.162999999975993,63.219409871024226
13.16399999997599,63.21956021085177
13.164999999975988,63.219710491402786
13.165999999975986,63.21986049171975
13.166999999975983,63.22001002662475
13.167999999975981,63.22015897231811
13.168999999975979,63.22030728334254
13.169999999975976,63.22045499853562
13.170999999975974,63.22060223513635
13.171999999975972,63.22074917187766
13.17299999997597,63.22089602344282
13.173999999975967,63.22104300988304
13.174999999975965,63.22119032529033
13.175999999975962,63.2213381101376
13.17699999997596,63.22148643116633
13.177999999975958,63.221635271646406
13.178999999975956,63.22178453337379
13.179999999975953,63.2219340501201
13.18099999997595,63.22208361064722
13.181999999975949,63.222232988052504
13.182999999975946,63.222381971330215
13.183999999975944,63.222530394713075
13.184999999975942,63.22267816067364
13.18599999997594,63.22282525335406
13.186999999975937,63.222971740535215
13.187999999975935,63.223117763870555
13.188999999975932,63.22326351875856
13.18999999997593,63.22340922668738
13.190999999975928,63.22355510393815
13.191999999975925,63.22370133104164
13.192999999975923,63.22384802727576
13.19399999997592,63.2239952337792
13.194999999975918,63.224142907646566
13.195999999975916,63.22429092783136
13.196999999975914,63.224439112020875
13.197999999975911,63.22458724211764
13.198999999975909,63.22473509473814
13.199999999975907,63.224882472448655
13.200999999975904,63.22502923134215
13.201999999975902,63.22517530108166
13.2029999999759,63.22532069459353
13.203999999975897,63.2254655060499
13.204999999975895,63.225609897426885
13.205999999975893,63.22575407552914
13.20699999997589,63.22589826271015
13.207999999975888,63.226042665399326
13.208999999975886,63.2261874448566
13.209999999975883,63.22633269426174
13.210999999975881,63.226478425353186
13.211999999975879,63.22662456649421
13.212999999975876,63.22677097243326
13.213999999975874,63.22691744438683
13.214999999975872,63.22706375762537
13.21599999997587,63.227209692680354
13.216999999975867,63.22735506579862
13.217999999975865,63.227499754365475
13.218999999975862,63.227643713729385
13.21999999997586,63.22778698306885
13.220999999975858,63.22792967947929
13.221999999975855,63.22807198111679
13.222999999975853,63.22821410176599
13.22399999997585,63.228356260413946
13.224999999975848,63.22849865010817
13.225999999975846,63.22864141047591
13.226999999975844,63.22878460776548
13.227999999975841,63.22892822521158
13.228999999975839,63.229072165072395
13.229999999975837,63.22921626205459
13.230999999975834,63.22936030623169
13.231999999975832,63.229504072246186
13.23299999997583,63.229647350692986
13.233999999975827,63.229789977277015
13.234999999975825,63.22993185564927
13.235999999975823,63.23007297071448
13.23699999997582,63.23021339053628
13.237999999975818,63.23035325657599
13.238999999975816,63.230492763638914
13.239999999975813,63.230632132348575
13.240999999975811,63.23077157801907
13.241999999975809,63.23091128029739
13.242999999975806,63.23105135783499
13.243999999975804,63.23119185153915
13.244999999975802,63.231332718753514
13.2459999999758,63.231473839176516
13.246999999975797,63.23161503168797
13.247999999975795,63.23175607971428
13.248999999975792,63.23189676156997
13.24999999997579,63.23203688150976
13.250999999975788,63.232176297125704
13.251999999975785,63.23231493923702
13.252999999975783,63.23245282147968
13.25399999997578,63.23259003824884
13.254999999975778,63.23272675128658
13.255999999975776,63.23286316680061
13.256999999975774,63.23299950633111
13.257999999975771,63.23313597545507
13.258999999975769,63.23327273472497
13.259999999975767,63.23340987692356
13.260999999975764,63.23354741382338
13.261999999975762,63.233685274314325
13.26299999997576,63.233823314157604
13.263999999975757,63.23396133599548
13.264999999975755,63.23409911680299
13.265999999975753,63.23423643892682
13.26699999997575,63.23437312035466
13.267999999975748,63.234509039963655
13.268999999975746,63.23464415420783
13.269999999975743,63.23477850290109
13.270999999975741,63.23491220328935
13.271999999975739,63.23504543324524
13.272999999975736,63.235178405952894
13.273999999975734,63.23531133964072
13.274999999975732,63.235444426622394
13.27599999997573,63.23557780599604
13.276999999975727,63.23571154383841
13.277999999975725,63.23584562367152
13.278999999975722,63.235979948539054
13.27999999997572,63.23611435440039
13.280999999975718,63.236248632953284
13.281999999975715,63.236382560688064
13.282999999975713,63.23651593009248
13.28399999997571,63.236648578625896
13.284999999975708,63.236780411391535
13.285999999975706,63.23691141432239
13.286999999975704,63.237041656026996
13.287999999975701,63.23717127803599
13.2889999999757,63.237300474823655
13.289999999975697,63.237429466416636
13.290999999975694,63.23755846743487
13.291999999975692,63.23768765692075
13.29299999997569,63.23781715318307
13.293999999975687,63.23794699718568
13.294999999975685,63.2380771468088
13.295999999975683,63.23820748278296
13.29699999997568,63.23833782545938
13.297999999975678,63.238467960061016
13.298999999975676,63.23859766686182
13.299999999975674,63.23872675205629
13.300999999975671,63.23885507497567
13.301999999975669,63.23898256782729
13.302999999975667,63.239109245182156
13.303999999975664,63.239235201880476
13.304999999975662,63.23936059965165
13.30599999997566,63.23948564433026
13.306999999975657,63.23961055687156
13.307999999975655,63.23973554223468
13.308999999975653,63.23986076050522
13.30999999997565,63.2399863043121
13.310999999975648,63.24011218570742
13.311999999975646,63.240238334353656
13.312999999975643,63.24036460726717
13.31399999997564,63.24049080874925
13.314999999975639,63.24061671770466
13.315999999975636,63.24074211851048
13.316999999975634,63.24086683109764
13.317999999975632,63.24099073602795
13.31899999997563,63.24111379104491
13.319999999975627,63.241236036776684
13.320999999975625,63.24135759079532
13.321999999975622,63.2414786308675
13.32299999997562,63.24159936975538
13.323999999975618,63.24172002511317
13.324999999975615,63.24184078871034
13.325999999975613,63.24196179931092
13.32699999997561,63.242083123017345
13.327999999975608,63.24220474383881
13.328999999975606,63.24232656580141
13.329999999975604,63.24244842630806
13.330999999975601,63.242570118863355
13.331999999975599,63.24269142197825
13.332999999975597,63.242812130195176
13.333999999975594,63.242932082877964
13.334999999975592,63.24305118672193
13.33599999997559,63.24316942882103
13.336999999975587,63.243286878455926
13.337999999975585,63.24340367735195
13.338999999975583,63.24352001978041
13.33999999997558,63.24363612529995
13.340999999975578,63.243752207973046
13.341999999975576,63.24386844637758
13.342999999975573,63.24398495862449
13.343999999975571,63.24410178588101
13.344999999975569,63.244218886711494
13.345999999975566,63.24433614302087
13.346999999975564,63.24445337676938
13.347999999975562,63.244570375102604
13.34899999997556,63.24468692037094
13.349999999975557,63.244802820812964
13.350999999975555,63.24491793759288
13.351999999975552,63.245032204390135
13.35299999997555,63.24514563678774
13.353999999975548,63.245258330144004
13.354999999975545,63.2453704462478
13.355999999975543,63.245482190635556
13.35699999997554,63.24559378375596
13.357999999975538,63.24570543003361
13.358999999975536,63.24581728917518
13.359999999975534,63.245929453748154
13.360999999975531,63.24604193617824
13.361999999975529,63.24615466699121
13.362999999975527,63.246267504544626
13.363999999975524,63.246380254878176
13.364999999975522,63.24649269889667
13.36599999997552,63.24660462306384
13.366999999975517,63.246715849300536
13.367999999975515,63.24682625988876
13.368999999975513,63.246935813888044
13.36999999997551,63.247044552762034
13.370999999975508,63.247152594426375
13.371999999975506,63.247260116559715
13.372999999975503,63.247367331524
13.373999999975501,63.24747445642357
13.374999999975499,63.24758168251511
13.375999999975496,63.247689148262936
13.376999999975494,63.24779691983389
13.377999999975492,63.2479049817615
13.37899999997549,63.24801323908997
13.379999999975487,63.2481215306952
13.380999999975485,63.248229651910236
13.381999999975482,63.248337383277
13.38299999997548,63.24844452139096
13.383999999975478,63.24855090750824
13.384999999975475,63.2486564498934
13.385999999975473,63.248761136771364
13.38699999997547,63.24886503805974
13.387999999975468,63.24896829564212
13.388999999975466,63.24907110355044
13.389999999975464,63.24917368084449
13.390999999975461,63.2492762410009
13.391999999975459,63.249378962111294
13.392999999975457,63.24948196207082
13.393999999975454,63.249585282233866
13.394999999975452,63.2496888818317
13.39599999997545,63.24979264392353
13.396999999975447,63.24989639205032
13.397999999975445,63.249999915244615
13.398999999975443,63.25010299788522
13.39999999997544,63.250205450195914
13.400999999975438,63.25030713510444
13.401999999975436,63.25040798768291
13.402999999975433,63.25050802444131
13.403999999975431,63.250607341167026
13.404999999975429,63.2507060996196
13.405999999975426,63.25080450494894
13.406999999975424,63.25090277701413
13.407999999975422,63.2510011196271
13.40899999997542,63.25109969204247
13.409999999975417,63.25119858669666
13.410999999975415,63.25129781632015
13.411999999975412,63.2513973122326
13.41299999997541,63.251496934058274
13.413999999975408,63.25159648949326
13.414999999975405,63.25169576134993
13.415999999975403,63.25179453807703
13.4169999999754,63.251892643471614
13.417999999975398,63.251989961412114
13.418999999975396,63.25208645214287
13.419999999975394,63.2521821578256
13.420999999975392,63.252277196580785
13.42199999997539,63.25237174586066
13.422999999975387,63.25246601749162
13.423999999975385,63.25256022789848
13.424999999975382,63.25265456769797
13.42599999997538,63.25274917493589
13.426999999975378,63.252844115725
13.427999999975375,63.252939375006555
13.428999999975373,63.253034858723424
13.42999999997537,63.25313040710071
13.430999999975368,63.25322581716637
13.431999999975366,63.25332087135075
13.432999999975364,63.25341536814969
13.433999999975361,63.253509150547934
13.434999999975359,63.253602128206985
13.435999999975357,63.253694290303166
13.436999999975354,63.25378570720826
13.437999999975352,63.25387652077966
13.43899999997535,63.2539669246278
13.439999999975347,63.2540571371348
13.440999999975345,63.25414737101901
13.441999999975343,63.2542378037183
13.44299999997534,63.25432855274768
13.443999999975338,63.25441965948942
13.444999999975336,63.254511083679155
13.445999999975333,63.254602709366964
13.446999999975331,63.25469436150467
13.447999999975329,63.25478583083376
13.448999999975326,63.254876903572864
13.449999999975324,63.25496739173325
13.450999999975322,63.25505715979801
13.45199999997532,63.255146144017154
13.452999999975317,63.255234361606135
13.453999999975315,63.25532190855784
13.454999999975312,63.255408946378665
13.45599999997531,63.255495679612686
13.456999999975308,63.25558232731405
13.457999999975305,63.25566909247138
13.458999999975303,63.25575613368395
13.4599999999753,63.25584354305621
13.460999999975298,63.25593133342594
13.461999999975296,63.25601943670715
13.462999999975294,63.2561077135878
13.463999999975291,63.25619597321159
13.464999999975289,63.256284000081465
13.465999999975287,63.256371584404434
13.466999999975284,63.256458551617236
13.467999999975282,63.25654478695002
13.46899999997528,63.25663025158046
13.469999999975277,63.256714988113266
13.470999999975275,63.256799114617216
13.471999999975273,63.256882808063345
13.47299999997527,63.25696627949188
13.473999999975268,63.257049744402664
13.474999999975266,63.25713339253492
13.475999999975263,63.257217361280524
13.476999999975261,63.25730171646862
13.477999999975259,63.25738644321953
13.478999999975256,63.25747144814462
13.479999999975254,63.257556572584
13.480999999975252,63.25764161502075
13.48199999997525,63.2577263595242
13.482999999975247,63.25781060623334
13.483999999975245,63.25789419959482
13.484999999975242,63.25797705039357
13.48599999997524,63.25805914847807
13.486999999975238,63.25814056439241
13.487999999975235,63.258221439687
13.488999999975233,63.25830196727264
13.48999999997523,63.25838236458067
13.490999999975228,63.258462843303604
13.491999999975226,63.258543579963714
13.492999999975224,63.25862469144179
13.493999999975221,63.258706218893664
13.494999999975219,63.258788122309454
13.495999999975217,63.25887028647627
13.496999999975214,63.25895253749895
13.497999999975212,63.25903466756334
13.49899999997521,63.259116464456355
13.499999999975207,63.25919774169542
13.500999999975205,63.259278365030646
13.501999999975203,63.259358271595126
13.5029999999752,63.2594374790114
13.503999999975198,63.259516083179044
13.504999999975196,63.2595942450536
13.505999999975193,63.25967216827962
13.506999999975191,63.25975007081799
13.507999999975189,63.259828154554675
13.508999999975186,63.259906577156904
13.509999999975184,63.259985430129056
13.510999999975182,63.26006472614708
13.51199999997518,63.260144397453914
13.512999999975177,63.26022430553335
13.513999999975175,63.26030426070352
13.514999999975172,63.26038404887752
13.51599999997517,63.260463461733494
13.516999999975168,63.26054232605295
13.517999999975165,63.26062052811634
13.518999999975163,63.26069802972894
13.51999999997516,63.26077487362926
13.520999999975158,63.260851177526916
13.521999999975156,63.260927117606826
13.522999999975154,63.26100290382245
13.523999999975151,63.26107875045633
13.52499999997515,63.26115484608226
13.525999999975147,63.26123132715897
13.526999999975144,63.261308258957214
13.527999999975142,63.26138562650321
13.52899999997514,63.2614633368045
13.529999999975137,63.26154123204009
13.530999999975135,63.26161911186826
13.531999999975133,63.261696761711775
13.53299999997513,63.26177398305861
13.533999999975128,63.26185062151757
13.534999999975126,63.26192658869128
13.535999999975123,63.26200187479183
13.536999999975121,63.26207655022642
13.537999999975119,63.26215075593031
13.538999999975116,63.26222468381057
13.539999999975114,63.2622985500505
13.540999999975112,63.26237256502615
13.54199999997511,63.26244690406111
13.542999999975107,63.26252168312417
13.543999999975105,63.26259694287215
13.544999999975103,63.26267264327911
13.5459999999751,63.26274866959726
13.546999999975098,63.262824848810915
13.547999999975096,63.262900974272185
13.548999999975093,63.262976835050914
13.54999999997509,63.26305224587987
13.550999999975089,63.263127073479424
13.551999999975086,63.26320125556471
13.552999999975084,63.26327480986285
13.553999999975082,63.26334783187679
13.55499999997508,63.26342048171249
13.555999999975077,63.2634929618208
13.556999999975075,63.26356548878254
13.557999999975072,63.26363826310044
13.55899999997507,63.26371144123746
13.559999999975068,63.26378511382998
13.560999999975065,63.263859293132334
13.561999999975063,63.263933911454544
13.56299999997506,63.26400883081411
13.563999999975058,63.26408386243912
13.564999999975056,63.26415879338421
13.565999999975054,63.2642334165229
13.566999999975051,63.26430755970156
13.567999999975049,63.2643811099658
13.568999999975047,63.26445402945994
13.569999999975044,63.2645263607684
13.570999999975042,63.264598220954156
13.57199999997504,63.26466978513331
13.572999999975037,63.26474126189741
13.573999999975035,63.264812864041545
13.574999999975033,63.2648847787141
13.57599999997503,63.264957141185754
13.576999999975028,63.2650300159204
13.577999999975026,63.265103387606196
13.578999999975023,63.26517716340252
13.579999999975021,63.26525118608439
13.580999999975019,63.265325256236366
13.581999999975016,63.265399160382835
13.582999999975014,63.265472701103455
13.583999999975012,63.26554572490692
13.58499999997501,63.26561814394794
13.585999999975007,63.2656899485348
13.586999999975005,63.265761208670384
13.587999999975002,63.26583206441116
13.588999999975,63.26590270640246
13.589999999974998,63.26597334932744
13.590999999974995,63.26604420200205
13.591999999974993,63.266115438315715
13.59299999997499,63.2661871730957
13.593999999974988,63.266259446276834
13.594999999974986,63.266332217596435
13.595999999974984,63.26640537255282
13.596999999974981,63.2664787387884
13.597999999974979,63.26655211059627
13.598999999974977,63.26662527810119
13.599999999974974,63.266698057017784
13.600999999974972,63.266770314799395
13.60199999997497,63.26684198950271
13.602999999974967,63.26691309871921
13.603999999974965,63.266983737317034
13.604999999974963,63.2670540643176
13.60599999997496,63.26712428074953
13.606999999974958,63.26719460159302
13.607999999974956,63.26726522575479
13.608999999974953,63.26733630828881
13.609999999974951,63.26740793876604
13.610999999974949,63.267480128823806
13.611999999974946,63.26755281065003
13.612999999974944,63.267625846605576
13.613999999974942,63.26769904863574
13.61499999997494,63.267772204741185
13.615999999974937,63.26784510879215
13.616999999974935,63.26791758949559
13.617999999974932,63.26798953445564
13.61899999997493,63.268060905947145
13.619999999974928,63.26813174619275
13.620999999974925,63.268202171404184
13.621999999974923,63.26827235542922
13.62299999997492,63.26834250530382
13.623999999974918,63.26841283215136
13.624999999974916,63.26848352151781
13.625999999974914,63.26855470731746
13.626999999974911,63.26862645304401
13.627999999974909,63.26869874288982
13.628999999974907,63.268771484009775
13.629999999974904,63.2688445196179
13.630999999974902,63.26891765106758
13.6319999999749,63.268990665822166
13.632999999974897,63.26906336738741
13.633999999974895,63.26913560300284
13.634999999974893,63.269207285203315
13.63599999997489,63.269278404221254
13.636999999974888,63.26934902948454
13.637999999974886,63.26941930000401
13.638999999974883,63.269489405002446
13.639999999974881,63.26955955750955
13.640999999974879,63.26962996463607
13.641999999974876,63.26970079870045
13.642999999974874,63.269772173258495
13.643999999974872,63.26984412739849
13.64499999997487,63.2699166205015
13.645999999974867,63.26998953819312
13.646999999974865,63.27006270865493
13.647999999974862,63.27013592699834
13.64899999997486,63.2702089842777
13.649999999974858,63.270281697060796
13.650999999974855,63.2703539334018
13.651999999974853,63.2704256315662
13.65299999997485,63.27049680887582
13.653999999974848,63.27056755943362
13.654999999974846,63.27063804105021
13.655999999974844,63.2707084532128
13.656999999974841,63.270779009189475
13.65799999997484,63.27084990618771
13.658999999974837,63.27092129775767
13.659999999974834,63.270993272315906
13.660999999974832,63.27106584080044
13.66199999997483,63.27113893519596
13.662999999974828,63.27121241812767
13.663999999974825,63.27128610217716
13.664999999974823,63.27135977620835
13.66599999997482,63.27143323500053
13.666999999974818,63.27150630803197
13.667999999974816,63.27157888337228
13.668999999974814,63.27165092333394
13.669999999974811,63.27172246968531
13.670999999974809,63.27179363769813
13.671999999974807,63.27186459986844
13.672999999974804,63.271935561600564
13.673999999974802,63.27200673227801
13.6749999999748,63.27207829578472
13.675999999974797,63.27215038462543
13.676999999974795,63.272223061279156
13.677999999974793,63.27229630939882
13.67899999997479,63.27237003609715
13.679999999974788,63.27244408498664
13.680999999974786,63.272518258149105
13.681999999974783,63.27259234394295
13.682999999974781,63.27266614675221
13.683999999974779,63.27273951449683
13.684999999974776,63.2728123600396
13.685999999974774,63.27288467348403
13.686999999974772,63.27295652363262
13.68799999997477,63.27302804840443
13.688999999974767,63.27309943555859
13.689999999974765,63.273170896438494
13.690999999974762,63.27324263642437
13.69199999997476,63.273314826246384
13.692999999974758,63.27338757817932
13.693999999974755,63.273460930462036
13.694999999974753,63.27353484211655
13.69599999997475,63.2736091988968
13.696999999974748,63.27368382952252
13.697999999974746,63.273758529923136
13.698999999974744,63.273833092076096
13.699999999974741,63.27390733339285
13.700999999974739,63.273981122516645
13.701999999974737,63.27405439790849
13.702999999974734,63.27412717660808
13.703999999974732,63.27419955194226
13.70499999997473,63.27427168050599
13.705999999974727,63.27434376024637
13.706999999974725,63.274416002726895
13.707999999974723,63.27448860347262
13.70899999997472,63.27456171455438
13.709999999974718,63.27463542326416
13.710999999974716,63.27470973987738
13.711999999974713,63.274784596213415
13.712999999974711,63.274859855199125
13.713999999974709,63.27493533009066
13.714999999974706,63.275010810649185
13.715999999974704,63.275086092594385
13.716999999974702,63.27516100620263
13.7179999999747,63.27523544003455
13.718999999974697,63.275309356463794
13.719999999974695,63.27538279682978
13.720999999974692,63.27545587549241
13.72199999997469,63.27552876362928
13.722999999974688,63.27560166505405
13.723999999974685,63.27567478745776
13.724999999974683,63.275748313117866
13.72599999997468,63.275822373193215
13.726999999974678,63.275897029215116
13.727999999974676,63.275972264371504
13.728999999974674,63.27604798580559
13.729999999974671,63.276124037603246
13.730999999974669,63.27620022264485
13.731999999974667,63.27627633025242
13.732999999974664,63.27635216575307
13.733999999974662,63.27642757780788
13.73499999997466,63.27650247966641
13.735999999974657,63.27657686136168
13.736999999974655,63.27665079113068
13.737999999974653,63.27672440586397
13.73899999997465,63.27679789192655
13.739999999974648,63.2768714590515
13.740999999974646,63.27694531097252
13.741999999974643,63.27701961692204
13.742999999974641,63.27709448799245
13.743999999974639,63.2771699616737
13.744999999974636,63.27724599673551
13.745999999974634,63.27732247916484
13.746999999974632,63.27739923832497
13.74799999997463,63.27747607106344
13.748999999974627,63.27755277037887
13.749999999974625,63.27762915462029
13.750999999974622,63.27770509311055
13.75199999997462,63.27778052459411
13.752999999974618,63.27785546591655
13.753999999974615,63.27793000971977
13.754999999974613,63.278004311477346
13.75599999997461,63.27807856769603
13.756999999974608,63.27815298834277
13.757999999974606,63.27822776737515
13.758999999974604,63.27830305550518
13.759999999974601,63.27837893902893
13.760999999974599,63.27845542768899
13.761999999974597,63.27853245327177
13.762999999974594,63.27860987913992
13.763999999974592,63.278687519354
13.76499999997459,63.27876516469783
13.765999999974587,63.278842611954026
13.766999999974585,63.2789196923151
13.767999999974583,63.27899629494708
13.76899999997458,63.27907238239899
13.769999999974578,63.27914799569434
13.770999999974576,63.279223248397464
13.771999999974573,63.2792983104884
13.772999999974571,63.27937338431604
13.773999999974569,63.27944867601282
13.774999999974566,63.279524366390596
13.775999999974564,63.27960058540906
13.776999999974562,63.279677393803965
13.77799999997456,63.27975477445176
13.778999999974557,63.2798326346815
13.779999999974555,63.279910819205476
13.780999999974552,63.27998913185344
13.78199999997455,63.28006736305667
13.782999999974548,63.2801453192266
13.783999999974546,63.28022284990247
13.784999999974543,63.280299868854506
13.78599999997454,63.28037636617795
13.786999999974539,63.28045240967774
13.787999999974536,63.2805281353521
13.788999999974534,63.280603728313636
13.789999999974532,63.28067939683223
13.79099999997453,63.28075534314815
13.791999999974527,63.28083173515777
13.792999999974525,63.28090868293559
13.793999999974522,63.280986223393164
13.79499999997452,63.28106431521792
13.795999999974518,63.28114284480166
13.796999999974515,63.281221642319224
13.797999999974513,63.281300505699576
13.79899999997451,63.28137922912259
13.799999999974508,63.28145763202855
13.800999999974506,63.281535584569454
13.801999999974504,63.281613025920166
13.802999999974501,63.281689972878624
13.803999999974499,63.281766517548554
13.804999999974497,63.28184281443257
13.805999999974494,63.28191905875249
13.806999999974492,63.281995459040736
13.80799999997449,63.282072207854014
13.808999999974487,63.282149454720404
13.809999999974485,63.28222728511842
13.810999999974483,63.28230570843722
13.81199999997448,63.28238465661355
13.812999999974478,63.28246399362414
13.813999999974476,63.28254353451027
13.814999999974473,63.28262307125119
13.815999999974471,63.28270240185746
13.816999999974469,63.28278135859876
13.817999999974466,63.28285983140341
13.818999999974464,63.2829377831486
13.819999999974462,63.28301525469602
13.82099999997446,63.2830923589693
13.821999999974457,63.28316926490936
13.822999999974455,63.28324617356434
13.823999999974452,63.28332328967761
13.82499999997445,63.283400792770955
13.825999999974448,63.28347881178523
13.826999999974445,63.28355740684472
13.827999999974443,63.28363656070045
13.82899999997444,63.28371618105251
13.829999999974438,63.283796113422426
13.830999999974436,63.28387616276709
13.831999999974434,63.28395612079981
13.832999999974431,63.28403579518292
13.833999999974429,63.284115036495024
13.834999999974427,63.28419375918393
13.835999999974424,63.284271953561934
13.836999999974422,63.28434968715683
13.83799999997442,63.28442709523115
13.838999999974417,63.284504361804665
13.839999999974415,63.28458169384961
13.840999999974413,63.284659292286264
13.84199999997441,63.28473732384933
13.842999999974408,63.284815897777165
13.843999999974406,63.284895050586314
13.844999999974403,63.284974741067
13.845999999974401,63.2850548561974
13.846999999974399,63.28513522714174
13.847999999974396,63.285215653085245
13.848999999974394,63.28529592955469
13.849999999974392,63.28537587724272
13.85099999997439,63.28545536728591
13.851999999974387,63.28553433944099
13.852999999974385,63.285612810607496
13.853999999974382,63.285690872500716
13.85499999997438,63.285768678804736
13.855999999974378,63.285846423612675
13.856999999974375,63.28592431418366
13.857999999974373,63.286002541840695
13.85899999997437,63.28608125509914
13.859999999974368,63.286160538793865
13.860999999974366,63.28624040213959
13.861999999974364,63.286320777397066
13.862999999974361,63.28640152933139
13.863999999974359,63.28648247413278
13.864999999974357,63.28656340513727
13.865999999974354,63.28664412173987
13.866999999974352,63.286724457436236
13.86799999997435,63.286804303060705
13.868999999974347,63.28688362195946
13.869999999974345,63.28696245497064
13.870999999974343,63.28704091451721
13.87199999997434,63.287119168643486
13.872999999974338,63.28719741724333
13.873999999974336,63.28727586382275
13.874999999974333,63.287354686769746
13.875999999974331,63.28743401416778
13.876999999974329,63.287513905692805
13.877999999974326,63.28759434413427
13.878999999974324,63.28767523772567
13.879999999974322,63.28775643295549
13.88099999997432,63.28783773606102
13.881999999974317,63.287918940183154
13.882999999974315,63.28799985437371
13.883999999974312,63.28808033038345
13.88499999997431,63.28816028346549
13.885999999974308,63.28823970427312
13.886999999974305,63.28831866018051
13.887999999974303,63.28839728583885
13.8889999999743,63.28847576430336
13.889999999974298,63.28855430138139
13.890999999974296,63.28863309680761
13.891999999974294,63.28871231629835
13.892999999974291,63.28879206839998
13.89399999997429,63.2888723893804
13.894999999974287,63.288953238277934
13.895999999974284,63.28903450280064
13.896999999974282,63.28911601524015
13.89799999997428,63.28919757616963
13.898999999974277,63.28927898258696
13.899999999974275,63.28936005655479
13.900999999974273,63.28944067030564
13.90199999997427,63.28952076428452
13.902999999974268,63.289600355596384
13.903999999974266,63.289679535671546
13.904999999974264,63.289758457480424
13.905999999974261,63.289837314096104
13.906999999974259,63.289916311617034
13.907999999974257,63.28999564025046
13.908999999974254,63.29007544761971
13.909999999974252,63.29015581804086
13.91099999997425,63.2902367606781
13.911999999974247,63.290318208240144
13.912999999974245,63.2904000263995
13.913999999974243,63.290482032608836
13.91499999997424,63.2905640216682
13.915999999974238,63.29064579445606
13.916999999974236,63.29072718578655
13.917999999974233,63.29080808748641
13.91899999997423,63.29088846345258
13.919999999974229,63.290968354580265
13.920999999974226,63.29104787287156
13.921999999974224,63.2911271855565
13.922999999974222,63.291206491460706
13.92399999997422,63.2912859929436
13.924999999974217,63.29136586735432
13.925999999974215,63.29144624201649
13.926999999974212,63.29152717625844
13.92799999997421,63.2916086530076
13.928999999974208,63.29169058112738
13.929999999974205,63.2917728081667
13.930999999974203,63.291855141729094
13.9319999999742,63.29193737646184
13.932999999974198,63.292019322878105
13.933999999974196,63.29210083396484
13.934999999974194,63.292181825839364
13.935999999974191,63.29226228955159
13.936999999974189,63.29234229237519
13.937999999974187,63.2924219684054
13.938999999974184,63.292501499789864
13.939999999974182,63.292581091230836
13.94099999997418,63.29266094134525
13.941999999974177,63.292741214898435
13.942999999974175,63.292822019817855
13.943999999974173,63.292903392195406
13.94499999997417,63.29298529139016
13.945999999974168,63.29306760590786
13.946999999974166,63.29315016923164
13.947999999974163,63.29323278337717
13.948999999974161,63.293315246864054
13.949999999974159,63.2933973831654
13.950999999974156,63.293479065643794
13.951999999974154,63.2935602354625
13.952999999974152,63.29364090995846
13.95399999997415,63.29372118030276
13.954999999974147,63.29380119877973
13.955999999974145,63.29388115747309
13.956999999974142,63.293961261354724
13.95799999997414,63.294041699554406
13.958999999974138,63.29412261884632
13.959999999974135,63.29420410307177
13.960999999974133,63.294286161388456
13.96199999997413,63.29436872699618
13.962999999974128,63.29445166651338
13.963999999974126,63.294534798686946
13.964999999974124,63.29461791980654
13.965999999974121,63.29470083225121
13.966999999974119,63.29478337216394
13.967999999974117,63.29486543236806
13.968999999974114,63.29494697731149
13.969999999974112,63.29502804794378
13.97099999997411,63.29510875584402
13.971999999974107,63.29518926742803
13.972999999974105,63.29526978045654
13.973999999974103,63.29535049614976
13.9749999999741,63.29543159082913
13.975999999974098,63.2955131910734
13.976999999974096,63.29559535587872
13.977999999974093,63.2956780683266
13.978999999974091,63.29576123792344
13.979999999974089,63.29584471328589
13.980999999974086,63.29592830338509
13.981999999974084,63.29601180436956
13.982999999974082,63.29609502819975
13.98399999997408,63.296177829078985
13.984999999974077,63.29626012396254
13.985999999974075,63.296341904268054
13.986999999974072,63.29642323713823
13.98799999997407,63.29650425608218
13.988999999974068,63.29658514231274
13.989999999974065,63.296666099404554
13.990999999974063,63.296747324835536
13.99199999997406,63.2968289824074
13.992999999974058,63.296911179413875
13.993999999974056,63.2969939517601
13.994999999974054,63.297077259112
13.995999999974051,63.297160990756524
13.996999999974049,63.297244981345564
13.997999999974047,63.29732903431018
13.998999999974044,63.297412949653555
13.999999999974042,63.29749655221661
14.00099999997404,63.29757971644247
14.001999999974037,63.297662384157825
14.002999999974035,63.29774457287471
14.003999999974033,63.29782637344789
14.00499999997403,63.297907937419126
14.005999999974028,63.29798945582946
14.006999999974026,63.298071132475705
14.007999999974023,63.29815315536601
14.008999999974021,63.29823567038383
14.009999999974019,63.29831876085687
14.010999999974016,63.29840243589805
14.011999999974014,63.29848662915697
14.012999999974012,63.29857120815286
14.01399999997401,63.298655992877904
14.014999999974007,63.29874078105298
14.015999999974005,63.29882537649411
14.016999999974002,63.298909616601634
14.017999999974,63.29899339511856
14.018999999973998,63.29907667696313
14.019999999973995,63.29915950305702
14.020999999973993,63.299241984474605
14.02199999997399,63.29932428673752
14.022999999973988,63.2994066064657
14.023999999973986,63.299489143668424
14.024999999973984,63.29957207357192
14.025999999973982,63.29965552194573
14.02699999997398,63.299739547391674
14.027999999973977,63.29982413308153
14.028999999973975,63.299909189099
14.029999999973972,63.29999456505893
14.03099999997397,63.30008007122457
14.031999999973968,63.30016550516174
14.032999999973965,63.300250680189606
14.033999999973963,63.300335451631355
14.03499999997396,63.30041973718043
14.035999999973958,63.30050352851809
14.036999999973956,63.30058689255205
14.037999999973954,63.30066996210207
14.038999999973951,63.30075291734645
14.039999999973949,63.300835960636185
14.040999999973947,63.30091928821914
14.041999999973944,63.30100306284384
14.042999999973942,63.30108739108765
14.04399999997394,63.30117230858494
14.044999999973937,63.301257775223405
14.045999999973935,63.3013436809835
14.046999999973933,63.30142986159436
14.04799999997393,63.30151612180351
14.048999999973928,63.301602262993306
14.049999999973926,63.301688111261186
14.050999999973923,63.301773542013585
14.051999999973921,63.30185849762026
14.052999999973919,63.301942995645526
14.053999999973916,63.302027126505045
14.054999999973914,63.30211104087805
14.055999999973912,63.30219492864656
14.05699999997391,63.30227899231941
14.057999999973907,63.302363418675405
14.058999999973905,63.302448352603406
14.059999999973902,63.30253387681547
14.0609999999739,63.30262000027933
14.061999999973898,63.302706656992264
14.062999999973895,63.30279371526884
14.063999999973893,63.30288099623498
14.06499999997389,63.30296829892716
14.065999999973888,63.303055428474785
14.066999999973886,63.30314222340744
14.067999999973884,63.30322857825455
14.068999999973881,63.303314458268524
14.069999999973879,63.30339990420624
14.070999999973877,63.303485026501164
14.071999999973874,63.303569989647904
14.072999999973872,63.30365498899659
14.07399999997387,63.30374022322157
14.074999999973867,63.30382586633431
14.075999999973865,63.30391204317894
14.076999999973863,63.30399881184871
14.07799999997386,63.304086155491575
14.078999999973858,63.304173984654454
14.079999999973856,63.30426214983043
14.080999999973853,63.30435046245024
14.081999999973851,63.30443872136784
14.082999999973849,63.30452674112426
14.083999999973846,63.304614378022485
14.084999999973844,63.30470155034894
14.085999999973842,63.30478824990192
14.08699999997384,63.304874543207866
14.087999999973837,63.30496056225319
14.088999999973835,63.30504648604001
14.089999999973832,63.305132515559436
14.09099999997383,63.30521884569794
14.091999999973828,63.30530563802529
14.092999999973825,63.305392998277576
14.093999999973823,63.30548096169523
14.09499999997382,63.30556948826694
14.095999999973818,63.30565846854325
14.096999999973816,63.30574773920094
14.097999999973814,63.30583710617071
14.098999999973811,63.305926372076094
14.099999999973809,63.30601536412631
14.100999999973807,63.30610395854351
14.101999999973804,63.306192098089
14.102999999973802,63.30627980022772
14.1039999999738,63.30636715478517
14.104999999973797,63.306454311429945
14.105999999973795,63.306541458741016
14.106999999973793,63.30662879780062
14.10799999997379,63.30671651402445
14.108999999973788,63.306804751176756
14.109999999973786,63.30689359122826
14.110999999973783,63.306983042875544
14.111999999973781,63.30707304033741
14.112999999973779,63.30716345259592
14.113999999973776,63.307254101777964
14.114999999973774,63.30734478809862
14.115999999973772,63.307435317858925
14.11699999997377,63.30752553057058
14.117999999973767,63.30761532139924
14.118999999973765,63.30770465577938
14.119999999973762,63.30779357415119
14.12099999997376,63.307882186157634
14.121999999973758,63.30797065511989
14.122999999973755,63.30805917497686
14.123999999973753,63.30814794293114
14.12499999997375,63.30823713164884
14.125999999973748,63.30832686492154
14.126999999973746,63.308417200209256
14.127999999973744,63.30850812051313
14.128999999973741,63.308599536717544
14.12999999997374,63.30869130006698
14.130999999973737,63.30878322302856
14.131999999973734,63.30887510560804
14.132999999973732,63.308966763428714
14.13399999997373,63.30905805362866
14.134999999973727,63.30914889494059
14.135999999973725,63.30923927913273
14.136999999973723,63.30932927220304
14.13799999997372,63.30941900516082
14.138999999973718,63.30950865569338
14.139999999973716,63.309598423297395
14.140999999973713,63.30968850136932
14.141999999973711,63.3097790501749
14.142999999973709,63.30987017448958
14.143999999973706,63.309961909043395
14.144999999973704,63.310054213807
14.145999999973702,63.31014697978183
14.1469999999737,63.3102400444716
14.147999999973697,63.31033321486509
14.148999999973695,63.31042629469634
14.149999999973693,63.310519112153244
14.15099999997369,63.31061154413643
14.151999999973688,63.31070353366045
14.152999999973686,63.310795097952344
14.153999999973683,63.310886326111635
14.15499999997368,63.310977366663025
14.155999999973679,63.31106840675417
14.156999999973676,63.31115964591919
14.157999999973674,63.311251268092406
14.158999999973672,63.31134341580234
14.15999999997367,63.31143617016879
14.160999999973667,63.31152953950975
14.161999999973665,63.31162345815978
14.162999999973662,63.3117177956594
14.16399999997366,63.31181237502553
14.164999999973658,63.31190699753679
14.165999999973655,63.312001470546555
14.166999999973653,63.31209563442643
14.16799999997365,63.312189384853404
14.168999999973648,63.31228268731912
14.169999999973646,63.312375581822586
14.170999999973644,63.312468177094274
14.171999999973641,63.31256063516501
14.172999999973639,63.31265314845065
14.173999999973637,63.312745912575686
14.174999999973634,63.31283909875972
14.175999999973632,63.31293282964583
14.17699999997363,63.31302716196689
14.177999999973627,63.31312207848592
14.178999999973625,63.31321749033233
14.179999999973623,63.31331324940844
14.18099999997362,63.31340916912047
14.181999999973618,63.313505050526565
14.182999999973616,63.3136007102277
14.183999999973613,63.31369600609031
14.184999999973611,63.31379085718536
14.185999999973609,63.31388525514261
14.186999999973606,63.31397926532601
14.187999999973604,63.31407301766503
14.188999999973602,63.31416668843405
14.1899999999736,63.31426047554306
14.190999999973597,63.314354570811574
14.191999999973595,63.314449133121215
14.192999999973592,63.31454426620895
14.19399999997359,63.314640004218994
14.194999999973588,63.314736307032
14.195999999973585,63.314833066026054
14.196999999973583,63.31493011945577
14.19799999997358,63.31502727528849
14.198999999973578,63.315124338286836
14.199999999973576,63.31522113753165
14.200999999973574,63.31531755051456
14.201999999973571,63.31541352041538
14.202999999973569,63.31550906413567
14.203999999973567,63.315604269963735
14.204999999973564,63.31569928520044
14.205999999973562,63.31579429548698
14.20699999997356,63.31588949873899
14.207999999973557,63.315985077346284
14.208999999973555,63.31608117254206
14.209999999973553,63.3161778645401
14.21099999997355,63.316275161228866
14.211999999973548,63.3163729970046
14.212999999973546,63.316471241913746
14.213999999973543,63.3165697198082
14.214999999973541,63.316668232970834
14.215999999973539,63.31676658974641
14.216999999973536,63.316864631302316
14.217999999973534,63.31696225376189
14.218999999973532,63.31705942260795
14.21999999997353,63.31715617733478
14.220999999973527,63.31725262570035
14.221999999973525,63.317348928389464
14.222999999973522,63.317445276244236
14.22399999997352,63.317541863267174
14.224999999973518,63.31763885919215
14.225999999973515,63.31773638547919
14.226999999973513,63.31783449810495
14.22799999997351,63.31793317956437
14.228999999973508,63.31803234120328
14.229999999973506,63.318131835551256
14.230999999973504,63.31823147692192
14.231999999973501,63.31833106738946
14.232999999973499,63.31843042449467
14.233999999973497,63.318529406792315
14.234999999973494,63.31862793365036
14.235999999973492,63.31872599652001
14.23699999997349,63.31882366009271
14.237999999973487,63.31892105318398
14.238999999973485,63.31901835062597
14.239999999973483,63.31911574871885
14.24099999997348,63.31921343768811
14.241999999973478,63.319311575017956
14.242999999973476,63.31941026339989
14.243999999973473,63.31950953638655
14.244999999973471,63.319609353765195
14.245999999973469,63.31970960728511
14.246999999973466,63.31981013594662
14.247999999973464,63.319910748686524
14.248999999973462,63.32001125128494
14.24999999997346,63.32011147370187
14.250999999973457,63.32021129400457
14.251999999973455,63.32031065552215
14.252999999973452,63.3204095748165
14.25399999997345,63.320508139353436
14.254999999973448,63.32060649520263
14.255999999973445,63.3207048264973
14.256999999973443,63.320803329538485
14.25799999997344,63.32090218518101
14.258999999973438,63.32100153337805
14.259999999973436,63.32110145345644
14.260999999973434,63.32120195289318
14.261999999973431,63.32130296616965
14.26299999997343,63.32140436385794
14.263999999973427,63.32150597066346
14.264999999973424,63.32160758988938
14.265999999973422,63.321709030885366
14.26699999997342,63.321810135625505
14.267999999973418,63.32191080068939
14.268999999973415,63.3220109915616
14.269999999973413,63.32211074724372
14.27099999997341,63.32221017453689
14.271999999973408,63.32230943279973
14.272999999973406,63.322408711326894
14.273999999973404,63.322508202530344
14.274999999973401,63.32260807469588
14.275999999973399,63.32270844814168
14.276999999973397,63.32280937813194
14.277999999973394,63.32291084694088
14.278999999973392,63.32301276617713
14.27999999997339,63.323114989042914
14.280999999973387,63.323217330801604
14.281999999973385,63.323319594583786
14.282999999973383,63.32342159890781
14.28399999997338,63.32352320305249
14.284999999973378,63.323624326718054
14.285999999973376,63.32372496121243
14.286999999973373,63.32382517059357
14.287999999973371,63.32392508260486
14.288999999973369,63.324024870683324
14.289999999973366,63.324124729571686
14.290999999973364,63.324224847959506
14.291999999973362,63.324325381997454
14.29299999997336,63.32442643339752
14.293999999973357,63.32452803519248
14.294999999973355,63.324630147144994
14.295999999973352,63.324732661447406
14.29699999997335,63.32483541791276
14.297999999973348,63.32493822651383
14.298999999973345,63.32504089411139
14.299999999973343,63.32514325160481
14.30099999997334,63.3252451776964
14.301999999973338,63.32534661592328
14.302999999973336,63.325447582567996
14.303999999973334,63.3255481643365
14.304999999973331,63.32564850613426
14.305999999973329,63.32574879065858
14.306999999973327,63.32584921267377
14.307999999973324,63.32594995158284
14.308999999973322,63.32605114614558
14.30999999997332,63.32615287489241
14.310999999973317,63.326255144984145
14.311999999973315,63.32635789107881
14.312999999973313,63.32646098436536
14.31399999997331,63.326564250493085
14.314999999973308,63.32666749387343
14.315999999973306,63.32677052494351
14.316999999973303,63.32687318656659
14.317999999973301,63.326975375859185
14.318999999973299,63.32707705838817
14.319999999973296,63.32717827274502
14.320999999973294,63.32727912485925
14.321999999973292,63.32737977285395
14.32299999997329,63.327480404571176
14.323999999973287,63.327581210933154
14.324999999973285,63.327682358882214
14.325999999973282,63.32778396770426
14.32699999997328,63.327886092064304
14.327999999973278,63.32798871412782
14.328999999973275,63.32809174588011
14.329999999973273,63.32819504130609
14.33099999997327,63.32829841672841
14.331999999973268,63.32840167643945
14.332999999973266,63.32850464003754
14.333999999973264,63.32860716762627
14.334999999973261,63.328709179337395
14.335999999973259,63.328810666436844
14.336999999973257,63.32891169245016
14.337999999973254,63.32901238415443
14.338999999973252,63.32911291370215
14.33999999997325,63.32921347439385
14.340999999973247,63.3293142535031
14.341999999973245,63.32941540597081
14.342999999973243,63.32951703265918
14.34399999997324,63.32961916620965
14.344999999973238,63.329721766490906
14.345999999973236,63.329824726268306
14.346999999973233,63.32992788629405
14.347999999973231,63.33003105770221
14.348999999973229,63.33013404855369
14.349999999973226,63.33023669080584
14.350999999973224,63.330338863911656
14.351999999973222,63.33044051173168
14.35299999997322,63.33054165038501
14.353999999973217,63.330642365936605
14.354999999973215,63.33074280225005
14.355999999973212,63.33084314071332
14.35699999997321,63.330943574685335
14.357999999973208,63.33104428225373
14.358999999973205,63.3311454011256
14.359999999973203,63.3312470091775
14.3609999999732,63.331349113396485
14.361999999973198,63.33145164876251
14.362999999973196,63.33155448722471
14.363999999973194,63.33165745551425
14.364999999973191,63.3317603592854
14.365999999973189,63.331863010197004
14.366999999973187,63.33196525213052
14.367999999973184,63.33206698286714
14.368999999973182,63.33216816818362
14.36999999997318,63.33226884639002
14.370999999973177,63.33236912267604
14.371999999973175,63.33246915406378
14.372999999973173,63.33256912708236
14.37399999997317,63.332669231308174
14.374999999973168,63.332769632489416
14.375999999973166,63.33287044903181
14.376999999973163,63.33297173515397
14.377999999973161,63.3330734730672
14.378999999973159,63.333175575286255
14.379999999973156,63.33327789673081
14.380999999973154,63.3333802549288
14.381999999973152,63.333482455478794
14.38299999997315,63.333584319199296
14.383999999973147,63.333685707156036
14.384999999973145,63.33378654004866
14.385999999973142,63.333886809236
14.38699999997314,63.333986577849245
14.387999999973138,63.334085971839144
14.388999999973136,63.33418516221741
14.389999999973133,63.33428434099055
14.39099999997313,63.334383694169425
14.391999999973129,63.33448337564195
14.392999999973126,63.33458348557835
14.393999999973124,63.33468405638938
14.394999999973122,63.33478504821069
14.39599999997312,63.334886354537204
14.396999999973117,63.33498781721644
14.397999999973115,63.33508924869339
14.398999999973112,63.335190458377156
14.39999999997311,63.33529127942665
14.400999999973108,63.335391592186355
14.401999999973105,63.33549134098014
14.402999999973103,63.335590541903386
14.4039999999731,63.335689280521926
14.404999999973098,63.335787699801784
14.405999999973096,63.33588597997001
14.406999999973094,63.335984313133174
14.407999999973091,63.33608287622005
14.408999999973089,63.33618180604381
14.409999999973087,63.33628117998937
14.410999999973084,63.33638100503336
14.411999999973082,63.33648121663652
14.41299999997308,63.33658168766622
14.413999999973077,63.33668224609101
14.414999999973075,63.33678269895929
14.415999999973073,63.33688285929663
14.41699999997307,63.33698257214617
14.417999999973068,63.33708173609408
14.418999999973066,63.33718031726652
14.419999999973063,63.33727835383213
14.420999999973061,63.33737595038231
14.421999999973059,63.337473262983416
14.422999999973056,63.3375704770008
14.423999999973054,63.33766778081746
14.424999999973052,63.33776533914292
14.42599999997305,63.33786326966239
14.426999999973047,63.33796162630626
14.427999999973045,63.33806039149329
14.428999999973042,63.33815947842392
14.42999999997304,63.33825874310654
14.430999999973038,63.33835800442555
14.431999999973035,63.33845706943065
14.432999999973033,63.33855576030222
14.43399999997303,63.33865393920613
14.434999999973028,63.33875152754566
14.435999999973026,63.33884851690781
14.436999999973024,63.33894497016533
14.437999999973021,63.33904101258062
14.438999999973019,63.33913681416556
14.439999999973017,63.339232565778104
14.440999999973014,63.33932845231372
14.441999999973012,63.33942462675974
14.44299999997301,63.339521188747035
14.443999999973007,63.33961817060948
14.444999999973005,63.33971553290147
14.445999999973003,63.33981316999706
14.446999999973,63.33991092498543
14.447999999972998,63.34000861176331
14.448999999972996,63.34010604122497
14.449999999972993,63.34020304786317
14.450999999972991,63.340299513042915
14.451999999972989,63.340395381678526
14.452999999972986,63.34049066996863
14.453999999972984,63.34058546310718
14.454999999972982,63.340679903293044
14.45599999997298,63.34077416972535
14.456999999972977,63.34086845339496
14.457999999972975,63.34096293021127
14.458999999972972,63.341057736237154
14.45999999997297,63.34115294850899
14.460999999972968,63.341248574134525
14.461999999972965,63.34134454919783
14.462999999972963,63.34144074762217
14.46399999997296,63.34153699874633
14.464999999972958,63.34163311114115
14.465999999972956,63.341728899323705
14.466999999972954,63.341824209617705
14.467999999972951,63.34191894153111
14.468999999972949,63.34201306165452
14.469999999972947,63.3421066081295
14.470999999972944,63.34219968506601
14.471999999972942,63.3422924476927
14.47299999997294,63.34238508033257
14.473999999972937,63.342477770301386
14.474999999972935,63.342570681397795
14.475999999972933,63.34266393071488
14.47699999997293,63.34275757202751
14.477999999972928,63.342851588088
14.478999999972926,63.34294589291003
14.479999999972923,63.343040343713376
14.480999999972921,63.34313476085576
14.481999999972919,63.343228952951144
14.482999999972916,63.34332274364919
14.483999999972914,63.343415996319614
14.484999999972912,63.343508633170195
14.48599999997291,63.3436006461161
14.486999999972907,63.34369209787126
14.487999999972905,63.343783113111414
14.488999999972902,63.34387386095295
14.4899999999729,63.3439645312117
14.490999999972898,63.34405530777905
14.491999999972895,63.34414634285243
14.492999999972893,63.34423773563814
14.49399999997289,63.34432951850646
14.494999999972888,63.34442165254176
14.495999999972886,63.34451403310583
14.496999999972884,63.344606504632274
14.497999999972881,63.34469888256895
14.49899999997288,63.344790979388705
14.499999999972877,63.34488263100647
14.500999999972874,63.34497371989272
14.501999999972872,63.34506419163479
14.50299999997287,63.34515406261606
14.503999999972867,63.34524341774084
14.504999999972865,63.345332398524995
14.505999999972863,63.34542118322655
14.50699999997286,63.34550996181038
14.507999999972858,63.345598909258555
14.508999999972856,63.34568816097747
14.509999999972854,63.34577779374992
14.510999999972851,63.34586781490915
14.511999999972849,63.34595816125318
14.512999999972847,63.346048707848354
14.513999999972844,63.34613928548634
14.514999999972842,63.34622970433786
14.51599999997284,63.34631978048355
14.516999999972837,63.34640936159505
14.517999999972835,63.346498348166236
14.518999999972833,63.34658670731394
14.51999999997283,63.34667447721514
14.520999999972828,63.34676176155997
14.521999999972826,63.34684871480501
14.522999999972823,63.34693552029864
14.52399999997282,63.34702236435881
14.524999999972819,63.34710940994604
14.525999999972816,63.3471967736351
14.526999999972814,63.34728450911818
14.527999999972812,63.34737259955524
14.52899999997281,63.34746095984149
14.529999999972807,63.34754944847264
14.530999999972805,63.34763788733951
14.531999999972802,63.34772608667418
14.5329999999728,63.34781387164553
14.533999999972798,63.34790110687178
14.534999999972795,63.34798771540728
14.535999999972793,63.348073689535354
14.53699999997279,63.34815909185172
14.537999999972788,63.34824404648733
14.538999999972786,63.34832872170695
14.539999999972784,63.348413306331366
14.540999999972781,63.34849798329608
14.541999999972779,63.34858290406174
14.542999999972777,63.34866816746099
14.543999999972774,63.348753805951034
14.544999999972772,63.34883978119603
14.54599999997277,63.34892598959069
14.546999999972767,63.34901227695425
14.547999999972765,63.349098460321144
14.548999999972763,63.34918435377234
14.54999999997276,63.349269794670356
14.550999999972758,63.34935466661317
14.551999999972756,63.34943891587921
14.552999999972753,63.3495225590549
14.553999999972751,63.349605680773216
14.554999999972749,63.349688421886626
14.555999999972746,63.34977095973488
14.556999999972744,63.3498534832815
14.557999999972742,63.34993616660957
14.55899999997274,63.35001914449721
14.559999999972737,63.350102493501964
14.560999999972735,63.35018622121155
14.561999999972732,63.350270265162564
14.56299999997273,63.3503545015861
14.563999999972728,63.350438762743096
14.564999999972725,63.3505228604148
14.565999999972723,63.3506066122506
14.56699999997272,63.35068986727198
14.567999999972718,63.35077252695638
14.568999999972716,63.35085455894293
14.569999999972714,63.350936001438924
14.570999999972711,63.351016957711934
14.571999999972709,63.351097581444165
14.572999999972707,63.35117805501001
14.573999999972704,63.35125856373325
14.574999999972702,63.35133926974246
14.5759999999727,63.35142028910051
14.576999999972697,63.3515016754239
14.577999999972695,63.35158341228325
14.578999999972693,63.35166541545766
14.57999999997269,63.35174754471572
14.580999999972688,63.35182962347381
14.581999999972686,63.35191146356913
14.582999999972683,63.35199289167107
14.583999999972681,63.3520737736248
14.584999999972679,63.35215403330604
14.585999999972676,63.35223366333996
14.586999999972674,63.352312726177765
14.587999999972672,63.352391345380674
14.58899999997267,63.35246968833888
14.589999999972667,63.35254794285813
14.590999999972665,63.35262629090125
14.591999999972662,63.35270488317473
14.59299999997266,63.352783818123
14.593999999972658,63.3528631282752
14.594999999972655,63.35294277585628
14.595999999972653,63.353022658272494
14.59699999997265,63.3531026227022
14.597999999972648,63.353182487735296
14.598999999972646,63.3532620690248
14.599999999972644,63.353341205339696
14.600999999972641,63.35341978136063
14.601999999972639,63.353497744011044
14.602999999972637,63.35357511003236
14.603999999972634,63.35365196373964
14.604999999972632,63.35372844527701
14.60599999997263,63.35380473102282
14.606999999972627,63.35388100889973
14.607999999972625,63.353957452053564
14.608999999972623,63.35403419459855
14.60999999997262,63.35411131283236
14.610999999972618,63.35418881455741
14.611999999972616,63.35426663801083
14.612999999972613,63.354344660544825
14.613999999972611,63.354422715841345
14.614999999972609,63.35450061723916
14.615999999972606,63.35457818389862
14.616999999972604,63.35465526612904
14.617999999972602,63.354731766326836
14.6189999999726,63.354807652586885
14.619999999972597,63.35488296308043
14.620999999972595,63.35495780058643
14.621999999972592,63.35503231794998
14.62299999997259,63.355106696511214
14.623999999972588,63.35518112054135
14.624999999972585,63.355255751280694
14.625999999972583,63.35533070422716
14.62699999997258,63.35540603286534
14.627999999972578,63.35548172112141
14.628999999972576,63.35555768559827
14.629999999972574,63.3556337872749
14.630999999972572,63.355709851025374
14.63199999997257,63.35578569021928
14.632999999972567,63.355861132949954
14.633999999972565,63.35593604620855
14.634999999972562,63.356010354609595
14.63599999997256,63.356084051036916
14.636999999972558,63.35615719771379
14.637999999972555,63.35622991755013
14.638999999972553,63.35630237698291
14.63999999997255,63.35637476272629
14.640999999972548,63.35644725569662
14.641999999972546,63.35652000577509
14.642999999972544,63.35659311094641
14.643999999972541,63.3566666037406
14.644999999972539,63.35674044686982
14.645999999972537,63.35681453867604
14.646999999972534,63.35688872761573
14.647999999972532,63.35696283374951
14.64899999997253,63.35703667421267
14.649999999972527,63.3571100890877
14.650999999972525,63.3571829640415
14.651999999972523,63.357255246544604
14.65299999997252,63.35732695339535
14.653999999972518,63.35739816849377
14.654999999972516,63.35746903118065
14.655999999972513,63.35753971678129
14.656999999972511,63.357610412087844
14.657999999972509,63.35768128922221
14.658999999972506,63.35775248154951
14.659999999972504,63.35782406502201
14.660999999972502,63.357896047573576
14.6619999999725,63.3579683680528
14.662999999972497,63.35804090484218
14.663999999972495,63.35811349294997
14.664999999972492,63.3581859471729
14.66599999997249,63.35825808807985
14.666999999972488,63.35832976716121
14.667999999972485,63.35840088762299
14.668999999972483,63.35847141790667
14.66999999997248,63.35854139603799
14.670999999972478,63.3586109242004
14.671999999972476,63.35868015429629
14.672999999972474,63.35874926652931
14.673999999972471,63.35881844401941
14.674999999972469,63.35888784702235
14.675999999972467,63.35895759037395
14.676999999972464,63.359027727333135
14.677999999972462,63.359098242085274
14.67899999997246,63.35916905195848
14.679999999972457,63.35924001903948
14.680999999972455,63.35931096955448
14.681999999972453,63.35938171829586
14.68299999997245,63.35945209466715
14.683999999972448,63.359521966689655
14.684999999972446,63.3595912595989
14.685999999972443,63.35965996641905
14.686999999972441,63.35972814902903
14.687999999972439,63.359795929572556
14.688999999972436,63.35986347342151
14.689999999972434,63.35993096608982
14.690999999972432,63.359998587342005
14.69199999997243,63.36006648613011
14.692999999972427,63.36013475987761
14.693999999972425,63.360203441010825
14.694999999972422,63.360272492626784
14.69599999997242,63.36034181389557
14.696999999972418,63.360411254442546
14.697999999972415,63.36048063568514
14.698999999972413,63.36054977612423
14.69999999997241,63.360618517035014
14.700999999972408,63.36068674494832
14.701999999972406,63.360754407759075
14.702999999972404,63.360821522199466
14.703999999972401,63.36088817163385
14.704999999972399,63.3609544944811
14.705999999972397,63.36102066489792
14.706999999972394,63.3610868684345
14.707999999972392,63.36115327607964
14.70899999997239,63.36122002034183
14.709999999972387,63.361287176721895
14.710999999972385,63.36135475317758
14.711999999972383,63.36142268906158
14.71299999997238,63.36149086367557
14.713999999972378,63.3615591132393
14.714999999972376,63.36162725389139
14.715999999972373,63.36169510748665
14.716999999972371,63.36176252657355
14.717999999972369,63.36182941504376
14.718999999972366,63.36189574156018
14.719999999972364,63.3619615438795
14.720999999972362,63.36202692346764
14.72199999997236,63.36209203116672
14.722999999972357,63.36215704592877
14.723999999972355,63.362222149611014
14.724999999972352,63.362287501374276
14.72599999997235,63.36235321528665
14.726999999972348,63.36241934427341
14.727999999972345,63.362485872671904
14.728999999972343,63.36255271842689
14.72999999997234,63.362619744621256
14.730999999972338,63.362686778717965
14.731999999972336,63.36275363681412
14.732999999972334,63.36282014950259
14.733999999972331,63.36288618571222
14.73499999997233,63.36295167117649
14.735999999972327,63.36301659893711
14.736999999972324,63.3630810304078
14.737999999972322,63.36314508684787
14.73899999997232,63.36320893244924
14.739999999972317,63.36327275141445
14.740999999972315,63.363336722246956
14.741999999972313,63.36340099286377
14.74299999997231,63.363465660023024
14.743999999972308,63.36353075594456
14.744999999972306,63.36359624400391
14.745999999972303,63.36366202409273
14.746999999972301,63.363727946896304
14.747999999972299,63.36379383507635
14.748999999972296,63.36385950838367
14.749999999972294,63.36392480916952
14.750999999972292,63.363989624710236
14.75199999997229,63.36405390320583
14.752999999972287,63.364117661205995
14.753999999972285,63.36418098142347
14.754999999972283,63.36424400124379
14.75599999997228,63.36430689354649
14.756999999972278,63.36436984253449
14.757999999972276,63.36443301796141
14.758999999972273,63.36449655138055
14.75999999997227,63.364560517742134
14.760999999972269,63.36462492493064
14.761999999972266,63.36468971270202
14.762999999972264,63.364754761175995
14.763999999972262,63.36481990768067
14.76499999997226,63.36488496958844
14.765999999972257,63.36494976993247
14.766999999972255,63.36501416220869
14.767999999972252,63.36507805088298
14.76899999997225,63.36514140472904
14.769999999972248,63.36520426112616
14.770999999972245,63.36526672071709
14.771999999972243,63.3653289331798
14.77299999997224,63.36539107611637
14.773999999972238,63.3654533300254
14.774999999972236,63.36551585288223
14.775999999972234,63.36557875789509
14.776999999972231,63.36564209756695
14.777999999972229,63.36570585629709
14.778999999972227,63.36576995255578
14.779999999972224,63.36583425032884
14.780999999972222,63.36589857822061
14.78199999997222,63.36596275353522
14.782999999972217,63.36602660795533
14.783999999972215,63.36609001121669
14.784999999972213,63.366152889449694
14.78599999997221,63.3662152356143
14.786999999972208,63.36627711056103
14.787999999972206,63.366338634571015
14.788999999972203,63.36639997056554
14.789999999972201,63.36646130134847
14.790999999972199,63.3665228040796
14.791999999972196,63.36658462556081
14.792999999972194,63.36664686180436
14.793999999972192,63.366709544745675
14.79499999997219,63.366772637960324
14.795999999972187,63.36683604198163
14.796999999972185,63.36689960847156
14.797999999972182,63.366963161251284
14.79899999997218,63.36702652123538
14.799999999972178,63.36708953176263
14.800999999972175,63.36715208076641
14.801999999972173,63.36721411666385
14.80299999997217,63.36727565573514
14.803999999972168,63.367336779958414
14.804999999972166,63.367397625605015
14.805999999972164,63.36745836420115
14.806999999972161,63.36751917852897
14.807999999972159,63.36758023703883
14.808999999972157,63.3676416702598
14.809999999972154,63.36770355252711
14.810999999972152,63.36776589158583
14.81199999997215,63.3678286275305
14.812999999972147,63.36789164122981
14.813999999972145,63.36795477105071
14.814999999972143,63.368017835527745
14.81599999997214,63.36808065879915
14.816999999972138,63.36814309523337
14.817999999972136,63.36820504979617
14.818999999972133,63.36826649129875
14.819999999972131,63.36832745667127
14.820999999972129,63.36838804566512
14.821999999972126,63.36844840673056
14.822999999972124,63.36850871605848
14.823999999972122,63.36856915273234
14.82499999997212,63.36862987348644
14.825999999972117,63.3686909906185
14.826999999972115,63.36875255615854
14.827999999972112,63.3688145545165
14.82899999997211,63.368876904636274
14.829999999972108,63.3689394713534
14.830999999972105,63.369002084358335
14.831999999972103,63.36906456210471
14.8329999999721,63.369126737306345
14.833999999972098,63.36918848044632
14.834999999972096,63.36924971799323
14.835999999972094,63.369310442768295
14.836999999972091,63.36937071500445
14.837999999972089,63.36943065395272
14.838999999972087,63.36949042121653
14.839999999972084,63.36955019815744
14.840999999972082,63.36961016055093
14.84199999997208,63.3696704540457
14.842999999972077,63.369731173873404
14.843999999972075,63.36979235165023
14.844999999972073,63.36985395111534
14.84599999997207,63.3699158734069
14.846999999972068,63.3699779711259
14.847999999972066,63.370040069212976
14.848999999972063,63.37010198970378
14.849999999972061,63.37016357688197
14.850999999972059,63.370224719294335
14.851999999972056,63.37028536553312
14.852999999972054,63.37034553156899
14.853999999972052,63.37040529860752
14.85499999997205,63.370464801772115
14.855999999972047,63.370524211205236
14.856999999972045,63.370583708243494
14.857999999972042,63.37064346000863
14.85899999997204,63.370703595986726
14.859999999972038,63.37076418987784
14.860999999972035,63.370825249267966
14.861999999972033,63.37088671457015
14.86299999997203,63.37094846738242
14.863999999972028,63.37101034708696
14.864999999972026,63.3710721733561
14.865999999972024,63.3711337714065
14.866999999972021,63.37119499645258
14.86799999997202,63.37125575393321
14.868999999972017,63.37131601267182
14.869999999972014,63.37137580912659
14.870999999972012,63.371435242137544
14.87199999997201,63.371494458911194
14.872999999972008,63.37155363421463
14.873999999972005,63.37161294570737
14.874999999972003,63.37167254887725
14.875999999972,63.37173255510725
14.876999999971998,63.371793015950885
14.877999999971996,63.37185391582657
14.878999999971994,63.37191517414778
14.879999999971991,63.37197665659376
14.880999999971989,63.372038193933726
14.881999999971987,63.37209960576174
14.882999999971984,63.37216072581247
14.883999999971982,63.372221425305824
14.88499999997198,63.3722816310387
14.885999999971977,63.37234133568441
14.886999999971975,63.37240059885273
14.887999999971973,63.37245953876218
14.88899999997197,63.37251831569892
14.889999999971968,63.37257710958763
14.890999999971966,63.37263609482721
14.891999999971963,63.37269541592416
14.892999999971961,63.37275516734191
14.893999999971959,63.37281538038822
14.894999999971956,63.37287601898002
14.895999999971954,63.37293698487125
14.896999999971952,63.372998131610615
14.89799999997195,63.3730592852651
14.898999999971947,63.373120268998235
14.899999999971945,63.373180928042785
14.900999999971942,63.37324115156376
14.90199999997194,63.373300888333894
14.902999999971938,63.37336015402148
14.903999999971935,63.37341902907054
14.904999999971933,63.373477647469805
14.90599999997193,63.37353617799586
14.906999999971928,63.373594800559424
14.907999999971926,63.37365368097861
14.908999999971924,63.373712947721685
14.909999999971921,63.3737726738812
14.910999999971919,63.37383286691159
14.911999999971917,63.37389346757026
14.912999999971914,63.37395435820932
14.913999999971912,63.37401537924904
14.91499999997191,63.37407635152102
14.915999999971907,63.374137101339166
14.916999999971905,63.37419748478287
14.917999999971903,63.374257407783425
14.9189999999719,63.37431683919638
14.919999999971898,63.37437581503049
14.920999999971896,63.37443443323985
14.921999999971893,63.37449283981547
14.922999999971891,63.37455120813398
14.923999999971889,63.37460971446529
14.924999999971886,63.37466851308974
14.925999999971884,63.37472771451504
14.926999999971882,63.37478736985953
14.92799999997188,63.374847463589035
14.928999999971877,63.37490791562624
14.929999999971875,63.37496859253182
14.930999999971872,63.375029326188674
14.93199999997187,63.37508993736374
14.932999999971868,63.37515026084542
14.933999999971865,63.37521016862145
14.934999999971863,63.37526958784879
14.93599999997186,63.375328511086536
14.936999999971858,63.37538699735646
14.937999999971856,63.37544516388399
14.938999999971854,63.3755031696799
14.939999999971851,63.37556119327733
14.940999999971849,63.37561940774694
14.941999999971847,63.37567795650359
14.942999999971844,63.375736933294036
14.943999999971842,63.37579636917018
14.94499999997184,63.37585622827678
14.945999999971837,63.375916413033615
14.946999999971835,63.375976777984484
14.947999999971833,63.37603715036915
14.94899999997183,63.376097354520944
14.949999999971828,63.37615723666474
14.950999999971826,63.37621668662575
14.951999999971823,63.37627565339989
14.952999999971821,63.37633415239775
14.953999999971819,63.3763922633479
14.954999999971816,63.376450119155294
14.955999999971814,63.37650788728319
14.956999999971812,63.37656574627296
14.95799999997181,63.37662386069856
14.958999999971807,63.37668235807014
14.959999999971805,63.37674131093417
14.960999999971802,63.376800726674
14.9619999999718,63.376860546451944
14.962999999971798,63.37692065343143
14.963999999971795,63.37698088912731
14.964999999971793,63.377041075582554
14.96599999997179,63.37710104026113
14.966999999971788,63.37716064015782
14.967999999971786,63.377219781746284
14.968999999971784,63.37727843396617
14.969999999971781,63.377336632429866
14.970999999971779,63.37739447426154
14.971999999971777,63.37745210429607
14.972999999971774,63.37750969458024
14.973999999971772,63.377567420061176
14.97499999997177,63.37762543387738
14.975999999971767,63.377683845730196
14.976999999971765,63.37774270637097
14.977999999971763,63.37780200038054
14.97899999997176,63.37786164825647
14.979999999971758,63.37792151750518
14.980999999971756,63.377981441183756
14.981999999971753,63.378041241292905
14.982999999971751,63.37810075373095
14.983999999971749,63.37815985131053
14.984999999971746,63.37821846160501
14.985999999971744,63.37827657711707
14.986999999971742,63.37833425634126
14.98799999997174,63.37839161557089
14.988999999971737,63.378448812608035
14.989999999971735,63.37850602466187
14.990999999971732,63.37856342354597
14.99199999997173,63.378621151655864
14.992999999971728,63.37867930209414
14.993999999971726,63.37873790573128
14.994999999971723,63.37879692701114
14.99599999997172,63.37885626908788
14.996999999971719,63.37891578756812
14.997999999971716,63.378975310927785
14.998999999971714,63.37903466473361
14.999999999971712,63.37909369626273
