time,#Gen39.wr:0
0.0,1.0
0.0010000000000000002,1.0
0.0019999999999999987,1.0
0.0030000000000000014,1.0
0.0040000000000000036,1.0
0.0049999999999999975,1.0
0.0059999999999999915,1.0
0.006999999999999985,1.0
0.00799999999999998,1.0
0.008999999999999973,1.0
0.009999999999999967,1.0
0.010999999999999961,1.0
0.011999999999999955,1.0
0.012999999999999949,1.0
0.013999999999999943,1.0
0.014999999999999937,1.0
0.015999999999999945,1.0
0.016999999999999973,1.0
0.018000000000000002,1.0
0.01900000000000003,1.0
0.02000000000000006,1.0
0.021000000000000088,1.0
0.022000000000000117,1.0
0.023000000000000145,1.0
0.024000000000000174,1.0
0.025000000000000203,1.0
0.02600000000000023,1.0
0.02700000000000026,1.0
0.02800000000000029,1.0
0.029000000000000317,1.0
0.030000000000000346,1.0
0.031000000000000374,1.0
0.0320000000000004,1.0
0.03300000000000043,1.0
0.03400000000000046,1.0
0.03500000000000049,1.0
0.03600000000000052,1.0
0.037000000000000546,1.0
0.038000000000000575,1.0
0.039000000000000604,1.0
0.04000000000000063,1.0
0.04100000000000066,1.0
0.04200000000000069,1.0
0.04300000000000072,1.0
0.04400000000000075,1.0
0.045000000000000775,1.0
0.046000000000000804,1.0
0.04700000000000083,1.0
0.04800000000000086,1.0
0.04900000000000089,1.0
0.05000000000000092,1.0
0.05100000000000095,1.0
0.052000000000000976,1.0
0.053000000000001005,1.0
0.05400000000000103,1.0
0.05500000000000106,1.0
0.05600000000000109,1.0
0.05700000000000112,1.0
0.05800000000000115,1.0
0.059000000000001177,1.0
0.060000000000001205,1.0
0.061000000000001234,1.0
0.06200000000000126,1.0
0.06300000000000122,1.0
0.06400000000000111,1.0
0.065000000000001,1.0
0.06600000000000089,1.0
0.06700000000000078,1.0
0.06800000000000067,1.0
0.06900000000000056,1.0
0.07000000000000045,1.0
0.07100000000000034,1.0
0.07200000000000023,1.0
0.07300000000000012,1.0
0.07400000000000001,1.0
0.0749999999999999,1.0
0.07599999999999979,1.0
0.07699999999999968,1.0
0.07799999999999957,1.0
0.07899999999999946,1.0
0.07999999999999935,1.0
0.08099999999999924,1.0
0.08199999999999913,1.0
0.08299999999999902,1.0
0.08399999999999891,1.0
0.0849999999999988,1.0
0.08599999999999869,1.0
0.08699999999999858,1.0
0.08799999999999847,1.0
0.08899999999999836,1.0
0.08999999999999825,1.0
0.09099999999999814,1.0
0.09199999999999803,1.0
0.09299999999999792,1.0
0.09399999999999781,1.0
0.0949999999999977,1.0
0.09599999999999759,1.0
0.09699999999999748,1.0
0.09799999999999737,1.0
0.09899999999999726,1.0
0.09999999999999715,1.0
0.10099999999999704,1.0
0.10199999999999693,1.0
0.10299999999999682,1.0
0.1039999999999967,1.0
0.1049999999999966,1.0
0.10599999999999649,1.0
0.10699999999999638,1.0
0.10799999999999627,1.0
0.10899999999999616,1.0
0.10999999999999605,1.0
0.11099999999999594,1.0
0.11199999999999583,1.0
0.11299999999999571,1.0
0.1139999999999956,1.0
0.1149999999999955,1.0
0.11599999999999538,1.0
0.11699999999999527,1.0
0.11799999999999516,1.0
0.11899999999999505,1.0
0.11999999999999494,1.0
0.12099999999999483,1.0
0.12199999999999472,1.0
0.12299999999999461,1.0
0.1239999999999945,1.0
0.1249999999999944,1.0
0.12599999999999428,1.0
0.12699999999999417,1.0
0.12799999999999406,1.0
0.12899999999999395,1.0
0.12999999999999384,1.0
0.13099999999999373,1.0
0.13199999999999362,1.0
0.1329999999999935,1.0
0.1339999999999934,1.0
0.1349999999999933,1.0
0.13599999999999318,1.0
0.13699999999999307,1.0
0.13799999999999296,1.0
0.13899999999999285,1.0
0.13999999999999274,1.0
0.14099999999999263,1.0
0.14199999999999252,1.0
0.1429999999999924,1.0
0.1439999999999923,1.0
0.1449999999999922,1.0
0.14599999999999208,1.0
0.14699999999999197,1.0
0.14799999999999186,1.0
0.14899999999999175,1.0
0.14999999999999164,1.0
0.15099999999999153,1.0
0.15199999999999142,1.0
0.1529999999999913,1.0
0.1539999999999912,1.0
0.1549999999999911,1.0
0.15599999999999098,1.0
0.15699999999999087,1.0
0.15799999999999076,1.0
0.15899999999999065,1.0
0.15999999999999054,1.0
0.16099999999999043,1.0
0.16199999999999032,1.0
0.1629999999999902,1.0
0.1639999999999901,1.0
0.16499999999999,1.0
0.16599999999998988,1.0
0.16699999999998977,1.0
0.16799999999998966,1.0
0.16899999999998955,1.0
0.16999999999998944,1.0
0.17099999999998933,1.0
0.17199999999998922,1.0
0.1729999999999891,1.0
0.173999999999989,1.0
0.1749999999999889,1.0
0.17599999999998878,1.0
0.17699999999998867,1.0
0.17799999999998856,1.0
0.17899999999998845,1.0
0.17999999999998834,1.0
0.18099999999998823,1.0
0.18199999999998812,1.0
0.182999999999988,1.0
0.1839999999999879,1.0
0.18499999999998779,1.0
0.18599999999998768,1.0
0.18699999999998757,1.0
0.18799999999998745,1.0
0.18899999999998734,1.0
0.18999999999998723,1.0
0.19099999999998712,1.0
0.19199999999998701,1.0
0.1929999999999869,1.0
0.1939999999999868,1.0
0.19499999999998668,1.0
0.19599999999998657,1.0
0.19699999999998646,1.0
0.19799999999998635,1.0
0.19899999999998624,1.0
0.19999999999998613,1.0
0.20099999999998602,1.0
0.2019999999999859,1.0
0.2029999999999858,1.0
0.2039999999999857,1.0
0.20499999999998558,1.0
0.20599999999998547,1.0
0.20699999999998536,1.0
0.20799999999998525,1.0
0.20899999999998514,1.0
0.20999999999998503,1.0
0.21099999999998492,1.0
0.2119999999999848,1.0
0.2129999999999847,1.0
0.2139999999999846,1.0
0.21499999999998448,1.0
0.21599999999998437,1.0
0.21699999999998426,1.0
0.21799999999998415,1.0
0.21899999999998404,1.0
0.21999999999998393,1.0
0.22099999999998382,1.0
0.2219999999999837,1.0
0.2229999999999836,1.0
0.2239999999999835,1.0
0.22499999999998338,1.0
0.22599999999998327,1.0
0.22699999999998316,1.0
0.22799999999998305,1.0
0.22899999999998294,1.0
0.22999999999998283,1.0
0.23099999999998272,1.0
0.2319999999999826,1.0
0.2329999999999825,1.0
0.2339999999999824,1.0
0.23499999999998228,1.0
0.23599999999998217,1.0
0.23699999999998206,1.0
0.23799999999998195,1.0
0.23899999999998184,1.0
0.23999999999998173,1.0
0.24099999999998162,1.0
0.2419999999999815,1.0
0.2429999999999814,1.0
0.2439999999999813,1.0
0.24499999999998118,1.0
0.24599999999998107,1.0
0.24699999999998096,1.0
0.24799999999998085,1.0
0.24899999999998074,1.0
0.24999999999998063,1.0
0.2509999999999805,1.0
0.2519999999999804,1.0
0.2529999999999803,1.0
0.2539999999999802,1.0
0.2549999999999801,1.0
0.25599999999997997,1.0
0.25699999999997986,1.0
0.25799999999997975,1.0
0.25899999999997964,1.0
0.2599999999999795,1.0
0.2609999999999794,1.0
0.2619999999999793,1.0
0.2629999999999792,1.0
0.2639999999999791,1.0
0.264999999999979,1.0
0.26599999999997886,1.0
0.26699999999997875,1.0
0.26799999999997864,1.0
0.26899999999997853,1.0
0.2699999999999784,1.0
0.2709999999999783,1.0
0.2719999999999782,1.0
0.2729999999999781,1.0
0.273999999999978,1.0
0.2749999999999779,1.0
0.27599999999997776,1.0
0.27699999999997765,1.0
0.27799999999997754,1.0
0.27899999999997743,1.0
0.2799999999999773,1.0
0.2809999999999772,1.0
0.2819999999999771,1.0
0.282999999999977,1.0
0.2839999999999769,1.0
0.28499999999997677,1.0
0.28599999999997666,1.0
0.28699999999997655,1.0
0.28799999999997644,1.0
0.28899999999997633,1.0
0.2899999999999762,1.0
0.2909999999999761,1.0
0.291999999999976,1.0
0.2929999999999759,1.0
0.2939999999999758,1.0
0.29499999999997567,1.0
0.29599999999997556,1.0
0.29699999999997545,1.0
0.29799999999997534,1.0
0.29899999999997523,1.0
0.2999999999999751,1.0
0.300999999999975,1.0
0.3019999999999749,1.0
0.3029999999999748,1.0
0.3039999999999747,1.0
0.30499999999997457,1.0
0.30599999999997446,1.0
0.30699999999997435,1.0
0.30799999999997424,1.0
0.30899999999997413,1.0
0.309999999999974,1.0
0.3109999999999739,1.0
0.3119999999999738,1.0
0.3129999999999737,1.0
0.3139999999999736,1.0
0.31499999999997347,1.0
0.31599999999997336,1.0
0.31699999999997325,1.0
0.31799999999997314,1.0
0.318999999999973,1.0
0.3199999999999729,1.0
0.3209999999999728,1.0
0.3219999999999727,1.0
0.3229999999999726,1.0
0.3239999999999725,1.0
0.32499999999997237,1.0
0.32599999999997226,1.0
0.32699999999997215,1.0
0.32799999999997204,1.0
0.3289999999999719,1.0
0.3299999999999718,1.0
0.3309999999999717,1.0
0.3319999999999716,1.0
0.3329999999999715,1.0
0.3339999999999714,1.0
0.33499999999997127,1.0
0.33599999999997116,1.0
0.33699999999997104,1.0
0.33799999999997093,1.0
0.3389999999999708,1.0
0.3399999999999707,1.0
0.3409999999999706,1.0
0.3419999999999705,1.0
0.3429999999999704,1.0
0.3439999999999703,1.0
0.34499999999997016,1.0
0.34599999999997005,1.0
0.34699999999996994,1.0
0.34799999999996983,1.0
0.3489999999999697,1.0
0.3499999999999696,1.0
0.3509999999999695,1.0
0.3519999999999694,1.0
0.3529999999999693,1.0
0.3539999999999692,1.0
0.35499999999996906,1.0
0.35599999999996895,1.0
0.35699999999996884,1.0
0.35799999999996873,1.0
0.3589999999999686,1.0
0.3599999999999685,1.0
0.3609999999999684,1.0
0.3619999999999683,1.0
0.3629999999999682,1.0
0.36399999999996807,1.0
0.36499999999996796,1.0
0.36599999999996785,1.0
0.36699999999996774,1.0
0.36799999999996763,1.0
0.3689999999999675,1.0
0.3699999999999674,1.0
0.3709999999999673,1.0
0.3719999999999672,1.0
0.3729999999999671,1.0
0.37399999999996697,1.0
0.37499999999996686,1.0
0.37599999999996675,1.0
0.37699999999996664,1.0
0.37799999999996653,1.0
0.3789999999999664,1.0
0.3799999999999663,1.0
0.3809999999999662,1.0
0.3819999999999661,1.0
0.382999999999966,1.0
0.38399999999996587,1.0
0.38499999999996576,1.0
0.38599999999996565,1.0
0.38699999999996554,1.0
0.38799999999996543,1.0
0.3889999999999653,1.0
0.3899999999999652,1.0
0.3909999999999651,1.0
0.391999999999965,1.0
0.3929999999999649,1.0
0.39399999999996477,1.0
0.39499999999996466,1.0
0.39599999999996455,1.0
0.39699999999996444,1.0
0.3979999999999643,1.0
0.3989999999999642,1.0
0.3999999999999641,1.0
0.400999999999964,1.0
0.4019999999999639,1.0
0.4029999999999638,1.0
0.40399999999996367,1.0
0.40499999999996356,1.0
0.40599999999996345,1.0
0.40699999999996334,1.0
0.4079999999999632,1.0
0.4089999999999631,1.0
0.409999999999963,1.0
0.4109999999999629,1.0
0.4119999999999628,1.0
0.4129999999999627,1.0
0.41399999999996256,1.0
0.41499999999996245,1.0
0.41599999999996234,1.0
0.41699999999996223,1.0
0.4179999999999621,1.0
0.418999999999962,1.0
0.4199999999999619,1.0
0.4209999999999618,1.0
0.4219999999999617,1.0
0.4229999999999616,1.0
0.42399999999996146,1.0
0.42499999999996135,1.0
0.42599999999996124,1.0
0.42699999999996113,1.0
0.427999999999961,1.0
0.4289999999999609,1.0
0.4299999999999608,1.0
0.4309999999999607,1.0
0.4319999999999606,1.0
0.43299999999996047,1.0
0.43399999999996036,1.0
0.43499999999996025,1.0
0.43599999999996014,1.0
0.43699999999996003,1.0
0.4379999999999599,1.0
0.4389999999999598,1.0
0.4399999999999597,1.0
0.4409999999999596,1.0
0.4419999999999595,1.0
0.44299999999995937,1.0
0.44399999999995926,1.0
0.44499999999995915,1.0
0.44599999999995904,1.0
0.44699999999995893,1.0
0.4479999999999588,1.0
0.4489999999999587,1.0
0.4499999999999586,1.0
0.4509999999999585,1.0
0.4519999999999584,1.0
0.45299999999995827,1.0
0.45399999999995816,1.0
0.45499999999995805,1.0
0.45599999999995794,1.0
0.45699999999995783,1.0
0.4579999999999577,1.0
0.4589999999999576,1.0
0.4599999999999575,1.0
0.4609999999999574,1.0
0.4619999999999573,1.0
0.46299999999995717,1.0
0.46399999999995706,1.0
0.46499999999995695,1.0
0.46599999999995684,1.0
0.4669999999999567,1.0
0.4679999999999566,1.0
0.4689999999999565,1.0
0.4699999999999564,1.0
0.4709999999999563,1.0
0.4719999999999562,1.0
0.47299999999995607,1.0
0.47399999999995596,1.0
0.47499999999995585,1.0
0.47599999999995574,1.0
0.4769999999999556,1.0
0.4779999999999555,1.0
0.4789999999999554,1.0
0.4799999999999553,1.0
0.4809999999999552,1.0
0.4819999999999551,1.0
0.48299999999995497,1.0
0.48399999999995486,1.0
0.48499999999995475,1.0
0.48599999999995463,1.0
0.4869999999999545,1.0
0.4879999999999544,1.0
0.4889999999999543,1.0
0.4899999999999542,1.0
0.4909999999999541,1.0
0.491999999999954,1.0
0.49299999999995386,1.0
0.49399999999995375,1.0
0.49499999999995364,1.0
0.49599999999995353,1.0
0.4969999999999534,1.0
0.4979999999999533,1.0
0.4989999999999532,1.0
0.4999999999999531,1.0
0.500999999999953,1.0
0.5019999999999529,1.0
0.5029999999999528,1.0
0.5039999999999527,1.0
0.5049999999999526,1.0
0.5059999999999525,1.0
0.5069999999999524,1.0
0.5079999999999523,1.0
0.5089999999999522,1.0
0.509999999999952,1.0
0.5109999999999519,1.0
0.5119999999999518,1.0
0.5129999999999517,1.0
0.5139999999999516,1.0
0.5149999999999515,1.0
0.5159999999999514,1.0
0.5169999999999513,1.0
0.5179999999999512,1.0
0.5189999999999511,1.0
0.519999999999951,1.0
0.5209999999999508,1.0
0.5219999999999507,1.0
0.5229999999999506,1.0
0.5239999999999505,1.0
0.5249999999999504,1.0
0.5259999999999503,1.0
0.5269999999999502,1.0
0.5279999999999501,1.0
0.52899999999995,1.0
0.5299999999999498,1.0
0.5309999999999497,1.0
0.5319999999999496,1.0
0.5329999999999495,1.0
0.5339999999999494,1.0
0.5349999999999493,1.0
0.5359999999999492,1.0
0.5369999999999491,1.0
0.537999999999949,1.0
0.5389999999999489,1.0
0.5399999999999487,1.0
0.5409999999999486,1.0
0.5419999999999485,1.0
0.5429999999999484,1.0
0.5439999999999483,1.0
0.5449999999999482,1.0
0.5459999999999481,1.0
0.546999999999948,1.0
0.5479999999999479,1.0
0.5489999999999478,1.0
0.5499999999999476,1.0
0.5509999999999475,1.0
0.5519999999999474,1.0
0.5529999999999473,1.0
0.5539999999999472,1.0
0.5549999999999471,1.0
0.555999999999947,1.0
0.5569999999999469,1.0
0.5579999999999468,1.0
0.5589999999999467,1.0
0.5599999999999465,1.0
0.5609999999999464,1.0
0.5619999999999463,1.0
0.5629999999999462,1.0
0.5639999999999461,1.0
0.564999999999946,1.0
0.5659999999999459,1.0
0.5669999999999458,1.0
0.5679999999999457,1.0
0.5689999999999455,1.0
0.5699999999999454,1.0
0.5709999999999453,1.0
0.5719999999999452,1.0
0.5729999999999451,1.0
0.573999999999945,1.0
0.5749999999999449,1.0
0.5759999999999448,1.0
0.5769999999999447,1.0
0.5779999999999446,1.0
0.5789999999999444,1.0
0.5799999999999443,1.0
0.5809999999999442,1.0
0.5819999999999441,1.0
0.582999999999944,1.0
0.5839999999999439,1.0
0.5849999999999438,1.0
0.5859999999999437,1.0
0.5869999999999436,1.0
0.5879999999999435,1.0
0.5889999999999433,1.0
0.5899999999999432,1.0
0.5909999999999431,1.0
0.591999999999943,1.0
0.5929999999999429,1.0
0.5939999999999428,1.0
0.5949999999999427,1.0
0.5959999999999426,1.0
0.5969999999999425,1.0
0.5979999999999424,1.0
0.5989999999999422,1.0
0.5999999999999421,1.0
0.600999999999942,1.0
0.6019999999999419,1.0
0.6029999999999418,1.0
0.6039999999999417,1.0
0.6049999999999416,1.0
0.6059999999999415,1.0
0.6069999999999414,1.0
0.6079999999999413,1.0
0.6089999999999411,1.0
0.609999999999941,1.0
0.6109999999999409,1.0
0.6119999999999408,1.0
0.6129999999999407,1.0
0.6139999999999406,1.0
0.6149999999999405,1.0
0.6159999999999404,1.0
0.6169999999999403,1.0
0.6179999999999402,1.0
0.61899999999994,1.0
0.6199999999999399,1.0
0.6209999999999398,1.0
0.6219999999999397,1.0
0.6229999999999396,1.0
0.6239999999999395,1.0
0.6249999999999394,1.0
0.6259999999999393,1.0
0.6269999999999392,1.0
0.627999999999939,1.0
0.6289999999999389,1.0
0.6299999999999388,1.0
0.6309999999999387,1.0
0.6319999999999386,1.0
0.6329999999999385,1.0
0.6339999999999384,1.0
0.6349999999999383,1.0
0.6359999999999382,1.0
0.6369999999999381,1.0
0.637999999999938,1.0
0.6389999999999378,1.0
0.6399999999999377,1.0
0.6409999999999376,1.0
0.6419999999999375,1.0
0.6429999999999374,1.0
0.6439999999999373,1.0
0.6449999999999372,1.0
0.6459999999999371,1.0
0.646999999999937,1.0
0.6479999999999368,1.0
0.6489999999999367,1.0
0.6499999999999366,1.0
0.6509999999999365,1.0
0.6519999999999364,1.0
0.6529999999999363,1.0
0.6539999999999362,1.0
0.6549999999999361,1.0
0.655999999999936,1.0
0.6569999999999359,1.0
0.6579999999999357,1.0
0.6589999999999356,1.0
0.6599999999999355,1.0
0.6609999999999354,1.0
0.6619999999999353,1.0
0.6629999999999352,1.0
0.6639999999999351,1.0
0.664999999999935,1.0
0.6659999999999349,1.0
0.6669999999999348,1.0
0.6679999999999346,1.0
0.6689999999999345,1.0
0.6699999999999344,1.0
0.6709999999999343,1.0
0.6719999999999342,1.0
0.6729999999999341,1.0
0.673999999999934,1.0
0.6749999999999339,1.0
0.6759999999999338,1.0
0.6769999999999337,1.0
0.6779999999999335,1.0
0.6789999999999334,1.0
0.6799999999999333,1.0
0.6809999999999332,1.0
0.6819999999999331,1.0
0.682999999999933,1.0
0.6839999999999329,1.0
0.6849999999999328,1.0
0.6859999999999327,1.0
0.6869999999999326,1.0
0.6879999999999324,1.0
0.6889999999999323,1.0
0.6899999999999322,1.0
0.6909999999999321,1.0
0.691999999999932,1.0
0.6929999999999319,1.0
0.6939999999999318,1.0
0.6949999999999317,1.0
0.6959999999999316,1.0
0.6969999999999315,1.0
0.6979999999999313,1.0
0.6989999999999312,1.0
0.6999999999999311,1.0
0.700999999999931,1.0
0.7019999999999309,1.0
0.7029999999999308,1.0
0.7039999999999307,1.0
0.7049999999999306,1.0
0.7059999999999305,1.0
0.7069999999999304,1.0
0.7079999999999302,1.0
0.7089999999999301,1.0
0.70999999999993,1.0
0.7109999999999299,1.0
0.7119999999999298,1.0
0.7129999999999297,1.0
0.7139999999999296,1.0
0.7149999999999295,1.0
0.7159999999999294,1.0
0.7169999999999292,1.0
0.7179999999999291,1.0
0.718999999999929,1.0
0.7199999999999289,1.0
0.7209999999999288,1.0
0.7219999999999287,1.0
0.7229999999999286,1.0
0.7239999999999285,1.0
0.7249999999999284,1.0
0.7259999999999283,1.0
0.7269999999999281,1.0
0.727999999999928,1.0
0.7289999999999279,1.0
0.7299999999999278,1.0
0.7309999999999277,1.0
0.7319999999999276,1.0
0.7329999999999275,1.0
0.7339999999999274,1.0
0.7349999999999273,1.0
0.7359999999999272,1.0
0.736999999999927,1.0
0.7379999999999269,1.0
0.7389999999999268,1.0
0.7399999999999267,1.0
0.7409999999999266,1.0
0.7419999999999265,1.0
0.7429999999999264,1.0
0.7439999999999263,1.0
0.7449999999999262,1.0
0.7459999999999261,1.0
0.746999999999926,1.0
0.7479999999999258,1.0
0.7489999999999257,1.0
0.7499999999999256,1.0
0.7509999999999255,1.0
0.7519999999999254,1.0
0.7529999999999253,1.0
0.7539999999999252,1.0
0.7549999999999251,1.0
0.755999999999925,1.0
0.7569999999999248,1.0
0.7579999999999247,1.0
0.7589999999999246,1.0
0.7599999999999245,1.0
0.7609999999999244,1.0
0.7619999999999243,1.0
0.7629999999999242,1.0
0.7639999999999241,1.0
0.764999999999924,1.0
0.7659999999999239,1.0
0.7669999999999237,1.0
0.7679999999999236,1.0
0.7689999999999235,1.0
0.7699999999999234,1.0
0.7709999999999233,1.0
0.7719999999999232,1.0
0.7729999999999231,1.0
0.773999999999923,1.0
0.7749999999999229,1.0
0.7759999999999228,1.0
0.7769999999999226,1.0
0.7779999999999225,1.0
0.7789999999999224,1.0
0.7799999999999223,1.0
0.7809999999999222,1.0
0.7819999999999221,1.0
0.782999999999922,1.0
0.7839999999999219,1.0
0.7849999999999218,1.0
0.7859999999999217,1.0
0.7869999999999215,1.0
0.7879999999999214,1.0
0.7889999999999213,1.0
0.7899999999999212,1.0
0.7909999999999211,1.0
0.791999999999921,1.0
0.7929999999999209,1.0
0.7939999999999208,1.0
0.7949999999999207,1.0
0.7959999999999205,1.0
0.7969999999999204,1.0
0.7979999999999203,1.0
0.7989999999999202,1.0
0.7999999999999201,1.0
0.80099999999992,1.0
0.8019999999999199,1.0
0.8029999999999198,1.0
0.8039999999999197,1.0
0.8049999999999196,1.0
0.8059999999999194,1.0
0.8069999999999193,1.0
0.8079999999999192,1.0
0.8089999999999191,1.0
0.809999999999919,1.0
0.8109999999999189,1.0
0.8119999999999188,1.0
0.8129999999999187,1.0
0.8139999999999186,1.0
0.8149999999999185,1.0
0.8159999999999183,1.0
0.8169999999999182,1.0
0.8179999999999181,1.0
0.818999999999918,1.0
0.8199999999999179,1.0
0.8209999999999178,1.0
0.8219999999999177,1.0
0.8229999999999176,1.0
0.8239999999999175,1.0
0.8249999999999174,1.0
0.8259999999999172,1.0
0.8269999999999171,1.0
0.827999999999917,1.0
0.8289999999999169,1.0
0.8299999999999168,1.0
0.8309999999999167,1.0
0.8319999999999166,1.0
0.8329999999999165,1.0
0.8339999999999164,1.0
0.8349999999999163,1.0
0.8359999999999161,1.0
0.836999999999916,1.0
0.8379999999999159,1.0
0.8389999999999158,1.0
0.8399999999999157,1.0
0.8409999999999156,1.0
0.8419999999999155,1.0
0.8429999999999154,1.0
0.8439999999999153,1.0
0.8449999999999152,1.0
0.845999999999915,1.0
0.8469999999999149,1.0
0.8479999999999148,1.0
0.8489999999999147,1.0
0.8499999999999146,1.0
0.8509999999999145,1.0
0.8519999999999144,1.0
0.8529999999999143,1.0
0.8539999999999142,1.0
0.854999999999914,1.0
0.8559999999999139,1.0
0.8569999999999138,1.0
0.8579999999999137,1.0
0.8589999999999136,1.0
0.8599999999999135,1.0
0.8609999999999134,1.0
0.8619999999999133,1.0
0.8629999999999132,1.0
0.8639999999999131,1.0
0.864999999999913,1.0
0.8659999999999128,1.0
0.8669999999999127,1.0
0.8679999999999126,1.0
0.8689999999999125,1.0
0.8699999999999124,1.0
0.8709999999999123,1.0
0.8719999999999122,1.0
0.8729999999999121,1.0
0.873999999999912,1.0
0.8749999999999118,1.0
0.8759999999999117,1.0
0.8769999999999116,1.0
0.8779999999999115,1.0
0.8789999999999114,1.0
0.8799999999999113,1.0
0.8809999999999112,1.0
0.8819999999999111,1.0
0.882999999999911,1.0
0.8839999999999109,1.0
0.8849999999999107,1.0
0.8859999999999106,1.0
0.8869999999999105,1.0
0.8879999999999104,1.0
0.8889999999999103,1.0
0.8899999999999102,1.0
0.8909999999999101,1.0
0.89199999999991,1.0
0.8929999999999099,1.0
0.8939999999999098,1.0
0.8949999999999096,1.0
0.8959999999999095,1.0
0.8969999999999094,1.0
0.8979999999999093,1.0
0.8989999999999092,1.0
0.8999999999999091,1.0
0.900999999999909,1.0
0.9019999999999089,1.0
0.9029999999999088,1.0
0.9039999999999087,1.0
0.9049999999999085,1.0
0.9059999999999084,1.0
0.9069999999999083,1.0
0.9079999999999082,1.0
0.9089999999999081,1.0
0.909999999999908,1.0
0.9109999999999079,1.0
0.9119999999999078,1.0
0.9129999999999077,1.0
0.9139999999999076,1.0
0.9149999999999074,1.0
0.9159999999999073,1.0
0.9169999999999072,1.0
0.9179999999999071,1.0
0.918999999999907,1.0
0.9199999999999069,1.0
0.9209999999999068,1.0
0.9219999999999067,1.0
0.9229999999999066,1.0
0.9239999999999065,1.0
0.9249999999999063,1.0
0.9259999999999062,1.0
0.9269999999999061,1.0
0.927999999999906,1.0
0.9289999999999059,1.0
0.9299999999999058,1.0
0.9309999999999057,1.0
0.9319999999999056,1.0
0.9329999999999055,1.0
0.9339999999999054,1.0
0.9349999999999052,1.0
0.9359999999999051,1.0
0.936999999999905,1.0
0.9379999999999049,1.0
0.9389999999999048,1.0
0.9399999999999047,1.0
0.9409999999999046,1.0
0.9419999999999045,1.0
0.9429999999999044,1.0
0.9439999999999042,1.0
0.9449999999999041,1.0
0.945999999999904,1.0
0.9469999999999039,1.0
0.9479999999999038,1.0
0.9489999999999037,1.0
0.9499999999999036,1.0
0.9509999999999035,1.0
0.9519999999999034,1.0
0.9529999999999033,1.0
0.9539999999999031,1.0
0.954999999999903,1.0
0.9559999999999029,1.0
0.9569999999999028,1.0
0.9579999999999027,1.0
0.9589999999999026,1.0
0.9599999999999025,1.0
0.9609999999999024,1.0
0.9619999999999023,1.0
0.9629999999999022,1.0
0.963999999999902,1.0
0.9649999999999019,1.0
0.9659999999999018,1.0
0.9669999999999017,1.0
0.9679999999999016,1.0
0.9689999999999015,1.0
0.9699999999999014,1.0
0.9709999999999013,1.0
0.9719999999999012,1.0
0.972999999999901,1.0
0.973999999999901,1.0
0.9749999999999008,1.0
0.9759999999999007,1.0
0.9769999999999006,1.0
0.9779999999999005,1.0
0.9789999999999004,1.0
0.9799999999999003,1.0
0.9809999999999002,1.0
0.9819999999999001,1.0
0.9829999999999,1.0
0.9839999999998998,1.0
0.9849999999998997,1.0
0.9859999999998996,1.0
0.9869999999998995,1.0
0.9879999999998994,1.0
0.9889999999998993,1.0
0.9899999999998992,1.0
0.9909999999998991,1.0
0.991999999999899,1.0
0.9929999999998989,1.0
0.9939999999998987,1.0
0.9949999999998986,1.0
0.9959999999998985,1.0
0.9969999999998984,1.0
0.9979999999998983,1.0
0.9989999999998982,1.0
0.9999999999998981,0.9999999958473057
1.0009999999999002,0.9999999128807022
1.0019999999999023,0.999999830175375
1.0029999999999044,0.9999997478398936
1.0039999999999065,0.9999996659336541
1.0049999999999086,0.9999995844583514
1.0059999999999107,0.9999995033580708
1.0069999999999129,0.9999994225275689
1.007999999999915,0.9999993418272303
1.008999999999917,0.9999992611029764
1.0099999999999192,0.9999991802081342
1.0109999999999213,0.9999990990242303
1.0119999999999234,0.9999990174778126
1.0129999999999255,0.9999989355509089
1.0139999999999276,0.9999988532836732
1.0149999999999297,0.9999987707688707
1.0159999999999318,0.9999986881389682
1.016999999999934,0.9999986055476747
1.017999999999936,0.9999985231485232
1.0189999999999382,0.9999984410735083
1.0199999999999403,0.9999983594147703
1.0209999999999424,0.9999982782119105
1.0219999999999445,0.9999981974466822
1.0229999999999466,0.9999981170458309
1.0239999999999487,0.9999980368916509
1.0249999999999508,0.9999979568387746
1.025999999999953,0.9999978767348331
1.026999999999955,0.999997796442068
1.0279999999999572,0.9999977158568613
1.0289999999999593,0.9999976349244448
1.0299999999999614,0.9999975536467335
1.0309999999999635,0.9999974720821889
1.0319999999999656,0.9999973903377564
1.0329999999999677,0.999997308553999
1.0339999999999698,0.9999972268855452
1.034999999999972,0.9999971454795782
1.035999999999974,0.9999970644554087
1.0369999999999762,0.9999969838879922
1.0379999999999783,0.9999969037977013
1.0389999999999804,0.9999968241477889
1.0399999999999825,0.9999967448498818
1.0409999999999846,0.9999966657767213
1.0419999999999867,0.9999965867803479
1.0429999999999888,0.9999965077131675
1.043999999999991,0.9999964284489434
1.044999999999993,0.9999963489007633
1.0459999999999952,0.999996269033464
1.0469999999999973,0.9999961888687773
1.0479999999999994,0.9999961084824764
1.0490000000000015,0.9999960279939345
1.0500000000000036,0.9999959475495706
1.0510000000000057,0.9999958673025154
1.0520000000000078,0.9999957873913617
1.05300000000001,0.9999957079209846
1.054000000000012,0.9999956289481199
1.0550000000000141,0.9999955504737246
1.0560000000000163,0.9999954724431699
1.0570000000000184,0.99999539475424
1.0580000000000205,0.999995317271793
1.0590000000000226,0.9999952398470214
1.0600000000000247,0.9999951623386066
1.0610000000000268,0.999995084632794
1.062000000000029,0.9999950066595683
1.063000000000031,0.9999949284026561
1.0640000000000331,0.9999948499019635
1.0650000000000353,0.9999947712481114
1.0660000000000374,0.9999946925698526
1.0670000000000395,0.9999946140161512
1.0680000000000416,0.9999945357354435
1.0690000000000437,0.9999944578549929
1.0700000000000458,0.999994380463247
1.071000000000048,0.9999943035976535
1.07200000000005,0.9999942272396596
1.0730000000000521,0.99999415131757
1.0740000000000542,0.9999940757168619
1.0750000000000564,0.999994000296507
1.0760000000000585,0.9999939249089964
1.0770000000000606,0.9999938494212436
1.0780000000000627,0.9999937737334387
1.0790000000000648,0.9999936977931986
1.080000000000067,0.9999936216030355
1.081000000000069,0.9999935452201133
1.0820000000000711,0.9999934687483267
1.0830000000000732,0.9999933923238362
1.0840000000000753,0.9999933160960918
1.0850000000000775,0.999993240207016
1.0860000000000796,0.9999931647712672
1.0870000000000817,0.9999930898603601
1.0880000000000838,0.9999930154928599
1.089000000000086,0.9999929416320436
1.090000000000088,0.9999928681913236
1.0910000000000901,0.9999927950466764
1.0920000000000922,0.9999927220543172
1.0930000000000943,0.999992649071124
1.0940000000000965,0.999992575974945
1.0950000000000986,0.9999925026819414
1.0960000000001007,0.9999924291585327
1.0970000000001028,0.9999923554262746
1.098000000000105,0.9999922815589933
1.099000000000107,0.9999922076725865
1.1000000000001091,0.9999921339089205
1.1010000000001112,0.9999920604161066
1.1020000000001133,0.9999919873279185
1.1030000000001154,0.9999919147452573
1.1040000000001176,0.9999918427222495
1.1050000000001197,0.9999917712589371
1.1060000000001218,0.9999917003015696
1.1070000000001239,0.9999916297504389
1.108000000000126,0.999991559474154
1.109000000000128,0.9999914893283494
1.1100000000001302,0.9999914191761796
1.1110000000001323,0.9999913489077411
1.1120000000001344,0.9999912784556791
1.1130000000001365,0.9999912078047993
1.1140000000001387,0.9999911369943318
1.1150000000001408,0.9999910661125431
1.1160000000001429,0.9999909952844641
1.117000000000145,0.9999909246544607
1.118000000000147,0.999990854366112
1.1190000000001492,0.9999907845422193
1.1200000000001513,0.9999907152677536
1.1210000000001534,0.9999906465781245
1.1220000000001555,0.9999905784544183
1.1230000000001576,0.9999905108262596
1.1240000000001598,0.9999904435818946
1.1250000000001619,0.9999903765840756
1.126000000000164,0.999990309689499
1.127000000000166,0.9999902427690728
1.1280000000001682,0.9999901757261629
1.1290000000001703,0.9999901085102478
1.1300000000001724,0.9999900411240844
1.1310000000001745,0.9999899736233813
1.1320000000001766,0.9999899061090404
1.1330000000001788,0.9999898387130721
1.1340000000001809,0.9999897715801509
1.135000000000183,0.999989704847419
1.136000000000185,0.9999896386253748
1.1370000000001872,0.9999895729825173
1.1380000000001893,0.9999895079359173
1.1390000000001914,0.9999894434490177
1.1400000000001935,0.9999893794369838
1.1410000000001956,0.9999893157788188
1.1420000000001977,0.9999892523345578
1.1430000000001999,0.9999891889650938
1.144000000000202,0.9999891255518684
1.145000000000204,0.9999890620136483
1.1460000000002062,0.9999889983180611
1.1470000000002083,0.9999889344862452
1.1480000000002104,0.9999888705899957
1.1490000000002125,0.9999888067417999
1.1500000000002146,0.9999887430791666
1.1510000000002167,0.9999886797454587
1.1520000000002188,0.9999886168699297
1.153000000000221,0.9999885545497591
1.154000000000223,0.9999884928366228
1.1550000000002252,0.9999884317296656
1.1560000000002273,0.9999883711758539
1.1570000000002294,0.9999883110776501
1.1580000000002315,0.9999882513069251
1.1590000000002336,0.9999881917231359
1.1600000000002357,0.9999881321932333
1.1610000000002378,0.999988072610487
1.16200000000024,0.9999880129095922
1.163000000000242,0.9999879530759388
1.1640000000002442,0.9999878931477415
1.1650000000002463,0.9999878332107426
1.1660000000002484,0.9999877733862378
1.1670000000002505,0.9999877138141237
1.1680000000002526,0.9999876546333488
1.1690000000002547,0.9999875959625162
1.1700000000002568,0.9999875378833591
1.171000000000259,0.9999874804294103
1.172000000000261,0.9999874235814358
1.1730000000002632,0.9999873672702816
1.1740000000002653,0.9999873113867208
1.1750000000002674,0.9999872557969182
1.1760000000002695,0.9999872003613297
1.1770000000002716,0.9999871449543789
1.1780000000002737,0.999987089482149
1.1790000000002758,0.9999870338956005
1.180000000000278,0.9999869781974744
1.18100000000028,0.9999869224419118
1.1820000000002822,0.9999868667268614
1.1830000000002843,0.9999868111803548
1.1840000000002864,0.9999867559425645
1.1850000000002885,0.999986701146189
1.1860000000002906,0.9999866468979012
1.1870000000002927,0.9999865932634701
1.1880000000002948,0.9999865402586555
1.189000000000297,0.9999864878471272
1.190000000000299,0.9999864359457166
1.1910000000003012,0.9999863844362396
1.1920000000003033,0.9999863331822239
1.1930000000003054,0.9999862820481864
1.1940000000003075,0.9999862309187497
1.1950000000003096,0.9999861797149162
1.1960000000003117,0.9999861284052268
1.1970000000003138,0.9999860770102291
1.198000000000316,0.9999860255996506
1.199000000000318,0.9999859742826672
1.2000000000003201,0.9999859231926407
1.2010000000003223,0.9999858724684819
1.2020000000003244,0.9999858222352453
1.2030000000003265,0.9999857725867016
1.2040000000003286,0.9999857235723196
1.2050000000003307,0.9999856751904878
1.2060000000003328,0.9999856273889055
1.207000000000335,0.9999855800720937
1.208000000000337,0.9999855331149446
1.2090000000003391,0.9999854863804185
1.2100000000003412,0.999985439738891
1.2110000000003434,0.9999853930864386
1.2120000000003455,0.999985346359487
1.2130000000003476,0.9999852995437809
1.2140000000003497,0.9999852526764061
1.2150000000003518,0.999985205840594
1.216000000000354,0.9999851591540441
1.217000000000356,0.9999851127524174
1.2180000000003581,0.9999850667703234
1.2190000000003602,0.9999850213224734
1.2200000000003624,0.9999849764876424
1.2210000000003645,0.9999849322976857
1.2220000000003666,0.9999848887331462
1.2230000000003687,0.9999848457260677
1.2240000000003708,0.9999848031696082
1.225000000000373,0.9999847609331007
1.226000000000375,0.9999847188804444
1.2270000000003771,0.9999846768892361
1.2280000000003792,0.9999846348679527
1.2290000000003813,0.9999845927687748
1.2300000000003835,0.9999845505942544
1.2310000000003856,0.999984508396908
1.2320000000003877,0.9999844662717963
1.2330000000003898,0.9999844243431395
1.234000000000392,0.9999843827468615
1.235000000000394,0.9999843416115045
1.2360000000003961,0.9999843010402036
1.2370000000003982,0.9999842610962472
1.2380000000004003,0.9999842217942453
1.2390000000004024,0.9999841830981552
1.2400000000004046,0.9999841449264224
1.2410000000004067,0.9999841071635126
1.2420000000004088,0.999984069676199
1.2430000000004109,0.9999840323323236
1.244000000000413,0.9999839950193813
1.245000000000415,0.9999839576603335
1.2460000000004172,0.9999839202244237
1.2470000000004193,0.9999838827314974
1.2480000000004214,0.9999838452492127
1.2490000000004235,0.99998380788354
1.2500000000004257,0.9999837707638944
1.2510000000004278,0.999983734024992
1.2520000000004299,0.9999836977879781
1.253000000000432,0.9999836621434849
1.254000000000434,0.99998362713899
1.2550000000004362,0.9999835927722555
1.2560000000004383,0.9999835589917447
1.2570000000004404,0.9999835257039551
1.2580000000004425,0.9999834927866327
1.2590000000004447,0.9999834601059988
1.2600000000004468,0.9999834275355775
1.2610000000004489,0.9999833949739766
1.262000000000451,0.9999833623591252
1.263000000000453,0.9999833296769678
1.2640000000004552,0.999983296963405
1.2650000000004573,0.9999832642992031
1.2660000000004594,0.9999832317986103
1.2670000000004615,0.999983199593275
1.2680000000004636,0.9999831678137383
1.2690000000004658,0.9999831365710996
1.2700000000004679,0.9999831059414249
1.27100000000047,0.99998307595508
1.272000000000472,0.9999830465924892
1.2730000000004742,0.999983017786897
1.2740000000004763,0.9999829894337477
1.2750000000004784,0.9999829614053675
1.2760000000004805,0.9999829335688678
1.2770000000004826,0.9999829058047689
1.2780000000004847,0.9999828780237079
1.2790000000004869,0.9999828501789007
1.280000000000489,0.9999828222726115
1.281000000000491,0.9999827943557257
1.2820000000004932,0.9999827665205038
1.2830000000004953,0.9999827388875363
1.2840000000004974,0.9999827115887383
1.2850000000004995,0.9999826847487707
1.2860000000005016,0.9999826584675046
1.2870000000005037,0.9999826328059729
1.2880000000005059,0.9999826077778022
1.289000000000508,0.9999825833473117
1.29000000000051,0.9999825594345424
1.2910000000005122,0.9999825359264993
1.2920000000005143,0.9999825126930273
1.2930000000005164,0.9999824896050772
1.2940000000005185,0.999982466552793
1.2950000000005206,0.9999824434608996
1.2960000000005227,0.9999824202992122
1.2970000000005248,0.9999823970868215
1.298000000000527,0.999982373889353
1.299000000000529,0.9999823508097037
1.3000000000005312,0.9999823279735495
1.3010000000005333,0.9999823055116683
1.3020000000005354,0.9999822835415701
1.3030000000005375,0.999982262151004
1.3040000000005396,0.9999822413856698
1.3050000000005417,0.9999822212428409
1.3060000000005438,0.9999822016717956
1.307000000000546,0.9999821825809719
1.308000000000548,0.9999821638508519
1.3090000000005502,0.9999821453507456
1.3100000000005523,0.9999821269571285
1.3110000000005544,0.9999821085709485
1.3120000000005565,0.9999820901314818
1.3130000000005586,0.9999820716247855
1.3140000000005607,0.9999820530855672
1.3150000000005628,0.9999820345922117
1.316000000000565,0.9999820162556802
1.317000000000567,0.9999819982038375
1.3180000000005692,0.9999819805634202
1.3190000000005713,0.9999819634421877
1.3200000000005734,0.9999819469137413
1.3210000000005755,0.9999819310071487
1.3220000000005776,0.9999819157028277
1.3230000000005797,0.9999819009352529
1.3240000000005818,0.9999818866021047
1.325000000000584,0.9999818725785801
1.326000000000586,0.9999818587348426
1.3270000000005882,0.9999818449541534
1.3280000000005903,0.9999818311491497
1.3290000000005924,0.99998181727397
1.3300000000005945,0.9999818033305438
1.3310000000005966,0.9999817893681633
1.3320000000005987,0.999981775476409
1.3330000000006008,0.9999817617724336
1.334000000000603,0.9999817483843897
1.335000000000605,0.9999817354333287
1.3360000000006071,0.9999817230161169
1.3370000000006093,0.9999817111917637
1.3380000000006114,0.9999816999730801
1.3390000000006135,0.999981689324837
1.3400000000006156,0.9999816791686813
1.3410000000006177,0.999981669394096
1.3420000000006198,0.9999816598738764
1.343000000000622,0.9999816504819266
1.344000000000624,0.9999816411108862
1.3450000000006261,0.9999816316871128
1.3460000000006282,0.999981622180918
1.3470000000006304,0.9999816126106323
1.3480000000006325,0.9999816030399266
1.3490000000006346,0.9999815935687745
1.3500000000006367,0.9999815843193282
1.3510000000006388,0.9999815754186868
1.352000000000641,0.9999815669809926
1.353000000000643,0.999981559091369
1.3540000000006451,0.9999815517939461
1.3550000000006472,0.9999815450856567
1.3560000000006494,0.9999815389166608
1.3570000000006515,0.9999815331973336
1.3580000000006536,0.9999815278108218
1.3590000000006557,0.9999815226294042
1.3600000000006578,0.9999815175323633
1.36100000000066,0.9999815124228582
1.362000000000662,0.999981507241414
1.3630000000006641,0.9999815019741608
1.3640000000006662,0.9999814966546473
1.3650000000006683,0.9999814913589877
1.3660000000006705,0.9999814861950344
1.3670000000006726,0.9999814812871011
1.3680000000006747,0.9999814767583882
1.3690000000006768,0.9999814727135792
1.370000000000679,0.9999814692240502
1.371000000000681,0.9999814663177634
1.3720000000006831,0.9999814639752544
1.3730000000006852,0.9999814621322775
1.3740000000006873,0.9999814606887284
1.3750000000006894,0.9999814595225994
1.3760000000006916,0.999981458506986
1.3770000000006937,0.9999814575277669
1.3780000000006958,0.9999814564994695
1.379000000000698,0.9999814553770906
1.3800000000007,0.9999814541622206
1.381000000000702,0.9999814529026241
1.3820000000007042,0.9999814516853437
1.3830000000007063,0.9999814506242964
1.3840000000007084,0.9999814498441184
1.3850000000007106,0.9999814494625174
1.3860000000007127,0.9999814495736169
1.3870000000007148,0.9999814502346263
1.3880000000007169,0.99998145145771
1.389000000000719,0.9999814532081959
1.390000000000721,0.999981455409367
1.3910000000007232,0.9999814579531514
1.3920000000007253,0.9999814607152102
1.3930000000007274,0.9999814635722939
1.3940000000007295,0.9999814664194264
1.3950000000007317,0.9999814691845155
1.3960000000007338,0.9999814718383313
1.3970000000007359,0.9999814743984727
1.398000000000738,0.9999814769267551
1.39900000000074,0.9999814795203973
1.4000000000007422,0.9999814822982456
1.4010000000007443,0.9999814853839738
1.4020000000007464,0.9999814888886254
1.4030000000007485,0.9999814928949424
1.4040000000007506,0.9999814974456925
1.4050000000007528,0.9999815025376164
1.4060000000007549,0.9999815081218419
1.407000000000757,0.9999815141106917
1.408000000000759,0.9999815203899314
1.4090000000007612,0.9999815268347263
1.4100000000007633,0.9999815333270679
1.4110000000007654,0.999981539772228
1.4120000000007675,0.9999815461119247
1.4130000000007696,0.9999815523323516
1.4140000000007718,0.9999815584659582
1.4150000000007739,0.9999815645867123
1.416000000000776,0.9999815707995473
1.417000000000778,0.9999815772254614
1.4180000000007802,0.9999815839843725
1.4190000000007823,0.9999815911781491
1.4200000000007844,0.9999815988761774
1.4210000000007865,0.9999816071054995
1.4220000000007886,0.9999816158468967
1.4230000000007907,0.9999816250374649
1.4240000000007929,0.9999816345793131
1.425000000000795,0.9999816443531746
1.426000000000797,0.9999816542349919
1.4270000000007992,0.9999816641131719
1.4280000000008013,0.9999816739040577
1.4290000000008034,0.9999816835634667
1.4300000000008055,0.9999816930926715
1.4310000000008076,0.9999817025379959
1.4320000000008097,0.9999817119840934
1.4330000000008118,0.9999817215418505
1.434000000000814,0.9999817313326289
1.435000000000816,0.9999817414710508
1.4360000000008182,0.9999817520487453
1.4370000000008203,0.9999817631213388
1.4380000000008224,0.9999817747005194
1.4390000000008245,0.9999817867522758
1.4400000000008266,0.9999817992015678
1.4410000000008287,0.9999818119427516
1.4420000000008308,0.9999818248542968
1.443000000000833,0.9999818378157173
1.444000000000835,0.99998185072434
1.4450000000008372,0.9999818635095665
1.4460000000008393,0.9999818761426141
1.4470000000008414,0.9999818886403972
1.4480000000008435,0.999981901062984
1.4490000000008456,0.9999819135050078
1.4500000000008477,0.9999819260822278
1.4510000000008498,0.9999819389151421
1.452000000000852,0.9999819521119447
1.453000000000854,0.9999819657532364
1.4540000000008562,0.99998197988062
1.4550000000008583,0.9999819944907914
1.4560000000008604,0.9999820095359253
1.4570000000008625,0.9999820249303177
1.4580000000008646,0.9999820405623253
1.4590000000008667,0.9999820563099339
1.4600000000008688,0.9999820720577651
1.461000000000871,0.9999820877131382
1.462000000000873,0.9999821032189228
1.4630000000008752,0.9999821185613922
1.4640000000008773,0.9999821337719634
1.4650000000008794,0.9999821489225923
1.4660000000008815,0.9999821641154772
1.4670000000008836,0.9999821794685247
1.4680000000008857,0.9999821950986234
1.4690000000008878,0.9999822111050706
1.47000000000089,0.9999822275554835
1.471000000000892,0.999982244476164
1.4720000000008941,0.9999822618482609
1.4730000000008963,0.9999822796102757
1.4740000000008984,0.999982297666537
1.4750000000009005,0.9999823159004788
1.4760000000009026,0.9999823341908282
1.4770000000009047,0.9999823524284437
1.4780000000009068,0.99998237053143
1.479000000000909,0.9999823884564071
1.480000000000911,0.9999824062043642
1.4810000000009131,0.9999824238202755
1.4820000000009153,0.9999824413865555
1.4830000000009174,0.9999824590112588
1.4840000000009195,0.9999824768127077
1.4850000000009216,0.9999824949026803
1.4860000000009237,0.9999825133705486
1.4870000000009258,0.9999825322705607
1.488000000000928,0.9999825516140826
1.48900000000093,0.9999825713678684
1.4900000000009321,0.9999825914585964
1.4910000000009342,0.9999826117830442
1.4920000000009364,0.9999826322224389
1.4930000000009385,0.9999826526589931
1.4940000000009406,0.9999826729922728
1.4950000000009427,0.9999826931531314
1.4960000000009448,0.9999827131132363
1.497000000000947,0.9999827328888696
1.498000000000949,0.9999827525384664
1.4990000000009511,0.999982772154239
1.5000000000009532,0.9999827918490697
1.5010000000009553,0.9999828117405104
1.5020000000009575,0.9999828319341484
1.5030000000009596,0.999982852508663
1.5040000000009617,0.9999828735046806
1.5050000000009638,0.999982894918984
1.506000000000966,0.9999829167048794
1.507000000000968,0.9999829387786581
1.5080000000009701,0.9999829610312461
1.5090000000009722,0.9999829833433965
1.5100000000009743,0.9999830056022962
1.5110000000009765,0.9999830277172557
1.5120000000009786,0.9999830496322741
1.5130000000009807,0.9999830713337213
1.5140000000009828,0.9999830928520557
1.515000000000985,0.99998311425735
1.516000000000987,0.9999831356492477
1.5170000000009891,0.9999831571427809
1.5180000000009912,0.9999831788520381
1.5190000000009933,0.999983200873975
1.5200000000009954,0.9999832232746475
1.5210000000009976,0.9999832460797828
1.5220000000009997,0.9999832692710163
1.5230000000010018,0.999983292788307
1.5240000000010039,0.9999833165382136
1.525000000001006,0.9999833404068376
1.526000000001008,0.9999833642756325
1.5270000000010102,0.9999833880378503
1.5280000000010123,0.999983411613312
1.5290000000010144,0.9999834349594318
1.5300000000010165,0.9999834580769507
1.5310000000010187,0.9999834810095872
1.5320000000010208,0.9999835038376608
1.5330000000010229,0.9999835266665859
1.534000000001025,0.9999835496118596
1.535000000001027,0.999983572782649
1.5360000000010292,0.999983596266283
1.5370000000010313,0.9999836201158218
1.5380000000010334,0.999983644342457
1.5390000000010355,0.9999836689137979
1.5400000000010376,0.9999836937582846
1.5410000000010398,0.9999837187751037
1.5420000000010419,0.9999837438482058
1.543000000001044,0.9999837688624361
1.544000000001046,0.9999837937195494
1.5450000000010482,0.9999838183518166
1.5460000000010503,0.9999838427313618
1.5470000000010524,0.9999838668738921
1.5480000000010545,0.9999838908363171
1.5490000000010566,0.9999839147085872
1.5500000000010588,0.9999839386009022
1.5510000000010609,0.9999839626280895
1.552000000001063,0.9999839868933482
1.553000000001065,0.9999840114736414
1.5540000000010672,0.9999840364087891
1.5550000000010693,0.9999840616957902
1.5560000000010714,0.9999840872891511
1.5570000000010735,0.9999841131071802
1.5580000000010756,0.9999841390433528
1.5590000000010777,0.9999841649811407
1.5600000000010799,0.9999841908102393
1.561000000001082,0.9999842164419049
1.562000000001084,0.9999842418212435
1.5630000000010862,0.9999842669347448
1.5640000000010883,0.9999842918119833
1.5650000000010904,0.9999843165212713
1.5660000000010925,0.9999843411598665
1.5670000000010946,0.9999843658401268
1.5680000000010967,0.9999843906735565
1.5690000000010988,0.9999844157549839
1.570000000001101,0.9999844411490925
1.571000000001103,0.9999844668811863
1.5720000000011052,0.9999844929334867
1.5730000000011073,0.9999845192474714
1.5740000000011094,0.9999845457319302
1.5750000000011115,0.9999845722756019
1.5760000000011136,0.9999845987626143
1.5770000000011157,0.999984625088557
1.5780000000011178,0.9999846511749302
1.57900000000112,0.999984676979936
1.580000000001122,0.9999847025041074
1.5810000000011242,0.9999847277899955
1.5820000000011263,0.9999847529159633
1.5830000000011284,0.9999847779849584
1.5840000000011305,0.9999848031098586
1.5850000000011326,0.9999848283974291
1.5860000000011347,0.9999848539331582
1.5870000000011368,0.9999848797690917
1.588000000001139,0.9999849059163777
1.589000000001141,0.9999849323435638
1.5900000000011432,0.999984958980888
1.5910000000011453,0.9999849857299398
1.5920000000011474,0.9999850124773447
1.5930000000011495,0.9999850391105368
1.5940000000011516,0.9999850655334023
1.5950000000011537,0.999985091679607
1.5960000000011558,0.9999851175217388
1.597000000001158,0.9999851430749843
1.59800000000116,0.9999851683948284
1.5990000000011622,0.9999851935691092
1.6000000000011643,0.9999852187055283
1.6010000000011664,0.9999852439163895
1.6020000000011685,0.9999852693027098
1.6030000000011706,0.9999852949399206
1.6040000000011727,0.9999853208671927
1.6050000000011748,0.99998534708185
1.606000000001177,0.9999853735396643
1.607000000001179,0.9999854001609814
1.6080000000011812,0.9999854268418028
1.6090000000011833,0.9999854534682745
1.6100000000011854,0.9999854799325467
1.6110000000011875,0.9999855061477759
1.6120000000011896,0.9999855320601619
1.6130000000011917,0.9999855576563347
1.6140000000011938,0.9999855829650561
1.615000000001196,0.9999856080529934
1.616000000001198,0.9999856330151754
1.6170000000012001,0.999985657961472
1.6180000000012023,0.9999856830010021
1.6190000000012044,0.9999857082266606
1.6200000000012065,0.9999857337019298
1.6210000000012086,0.999985759451829
1.6220000000012107,0.9999857854592585
1.6230000000012128,0.9999858116672573
1.624000000001215,0.9999858379868506
1.625000000001217,0.9999858643093824
1.6260000000012191,0.999985890521607
1.6270000000012212,0.9999859165214002
1.6280000000012234,0.9999859422319052
1.6290000000012255,0.9999859676121073
1.6300000000012276,0.9999859926623703
1.6310000000012297,0.9999860174241595
1.6320000000012318,0.9999860419740076
1.633000000001234,0.9999860664125619
1.634000000001236,0.9999860908502665
1.6350000000012381,0.9999861153916765
1.6360000000012402,0.9999861401206239
1.6370000000012424,0.9999861650882953
1.6380000000012445,0.9999861903059132
1.6390000000012466,0.9999862157430383
1.6400000000012487,0.9999862413317306
1.6410000000012508,0.9999862669759705
1.642000000001253,0.9999862925650247
1.643000000001255,0.9999863179888586
1.6440000000012571,0.9999863431534476
1.6450000000012592,0.999986367993824
1.6460000000012613,0.999986392483046
1.6470000000012635,0.9999864166358295
1.6480000000012656,0.9999864405063357
1.6490000000012677,0.9999864641804236
1.6500000000012698,0.9999864877634635
1.651000000001272,0.999986511365421
1.652000000001274,0.9999865350853142
1.6530000000012761,0.9999865589972148
1.6540000000012782,0.9999865831397818
1.6550000000012803,0.999986607510763
1.6560000000012824,0.9999866320672514
1.6570000000012846,0.999986656731638
1.6580000000012867,0.9999866814024283
1.6590000000012888,0.9999867059683961
1.6600000000012909,0.9999867303240956
1.661000000001293,0.9999867543845409
1.662000000001295,0.9999867780970076
1.6630000000012972,0.99998680144829
1.6640000000012993,0.999986824466396
1.6650000000013014,0.9999868472164566
1.6660000000013035,0.9999868697914144
1.6670000000013057,0.99998689229882
1.6680000000013078,0.9999869148455888
1.6690000000013099,0.9999869375228558
1.670000000001312,0.9999869603930592
1.671000000001314,0.9999869834810517
1.6720000000013162,0.9999870067704926
1.6730000000013183,0.9999870302060184
1.6740000000013204,0.9999870537008841
1.6750000000013225,0.9999870771490074
1.6760000000013247,0.999987100439713
1.6770000000013268,0.9999871234731165
1.6780000000013289,0.999987146173969
1.679000000001331,0.9999871685020312
1.680000000001333,0.9999871904575284
1.6810000000013352,0.9999872120809181
1.6820000000013373,0.9999872334470172
1.6830000000013394,0.9999872546543195
1.6840000000013415,0.999987275811002
1.6850000000013436,0.9999872970195874
1.6860000000013458,0.9999873183624123
1.6870000000013479,0.9999873398899417
1.68800000000135,0.9999873616135746
1.689000000001352,0.9999873835039446
1.6900000000013542,0.9999874054949512
1.6910000000013563,0.9999874274929501
1.6920000000013584,0.9999874493898038
1.6930000000013605,0.9999874710779593
1.6940000000013626,0.9999874924654281
1.6950000000013647,0.9999875134885817
1.6960000000013669,0.9999875341209555
1.697000000001369,0.9999875543768367
1.698000000001371,0.9999875743091454
1.6990000000013732,0.9999875940018839
1.7000000000013753,0.9999876135582423
1.7010000000013774,0.9999876330860122
1.7020000000013795,0.9999876526823763
1.7030000000013816,0.9999876724201987
1.7040000000013837,0.9999876923377441
1.7050000000013859,0.9999877124332682
1.706000000001388,0.9999877326652237
1.70700000000139,0.9999877529580505
1.7080000000013922,0.9999877732127276
1.7090000000013943,0.9999877933206077
1.7100000000013964,0.9999878131785911
1.7110000000013985,0.9999878327035064
1.7120000000014006,0.9999878518436852
1.7130000000014027,0.9999878705860965
1.7140000000014048,0.9999878889580534
1.715000000001407,0.999987907023239
1.716000000001409,0.9999879248726372
1.7170000000014112,0.9999879426116297
1.7180000000014133,0.9999879603450864
1.7190000000014154,0.9999879781625366
1.7200000000014175,0.9999879961255054
1.7210000000014196,0.999988014258781
1.7220000000014217,0.9999880325468464
1.7230000000014238,0.9999880509359564
1.724000000001426,0.999988069341583
1.725000000001428,0.999988087660174
1.7260000000014302,0.9999881057835757
1.7270000000014323,0.9999881236140825
1.7280000000014344,0.9999881410780141
1.7290000000014365,0.9999881581358961
1.7300000000014386,0.9999881747878365
1.7310000000014407,0.9999881910733464
1.7320000000014428,0.9999882070656261
1.733000000001445,0.9999882228611441
1.734000000001447,0.999988238565961
1.7350000000014492,0.9999882542807149
1.7360000000014513,0.9999882700863867
1.7370000000014534,0.9999882860328364
1.7380000000014555,0.999988302131723
1.7390000000014576,0.9999883183547954
1.7400000000014597,0.9999883346377987
1.7410000000014618,0.9999883508894338
1.742000000001464,0.9999883670041089
1.743000000001466,0.9999883828766916
1.7440000000014682,0.9999883984171796
1.7450000000014703,0.9999884135632464
1.7460000000014724,0.9999884282888967
1.7470000000014745,0.9999884426080234
1.7480000000014766,0.9999884565723729
1.7490000000014787,0.9999884702641965
1.7500000000014808,0.9999884837846312
1.751000000001483,0.9999884972394376
1.752000000001485,0.9999885107241043
1.7530000000014871,0.9999885243104079
1.7540000000014893,0.9999885380363209
1.7550000000014914,0.9999885519006679
1.7560000000014935,0.9999885658632862
1.7570000000014956,0.9999885798506513
1.7580000000014977,0.9999885937661747
1.7590000000014998,0.9999886075037296
1.760000000001502,0.9999886209625012
1.761000000001504,0.9999886340610799
1.7620000000015061,0.9999886467488225
1.7630000000015082,0.9999886590128773
1.7640000000015104,0.9999886708798957
1.7650000000015125,0.9999886824121929
1.7660000000015146,0.9999886936988985
1.7670000000015167,0.999988704843352
1.7680000000015188,0.9999887159485115
1.769000000001521,0.9999887271024286
1.770000000001523,0.9999887383658229
1.7710000000015251,0.9999887497635006
1.7720000000015272,0.9999887612808066
1.7730000000015294,0.9999887728656215
1.7740000000015315,0.9999887844356068
1.7750000000015336,0.9999887958896896
1.7760000000015357,0.999988807122168
1.7770000000015378,0.9999888180374552
1.77800000000154,0.999988828563388
1.779000000001542,0.9999888386612305
1.7800000000015441,0.9999888483309869
1.7810000000015462,0.9999888576112635
1.7820000000015483,0.9999888665737252
1.7830000000015505,0.999988875312923
1.7840000000015526,0.999988883932919
1.7850000000015547,0.9999888925325917
1.7860000000015568,0.9999889011916806
1.787000000001559,0.9999889099595329
1.788000000001561,0.9999889188481241
1.7890000000015631,0.9999889278303429
1.7900000000015652,0.9999889368437681
1.7910000000015673,0.9999889457994042
1.7920000000015694,0.999988954594143
1.7930000000015716,0.9999889631252018
1.7940000000015737,0.9999889713044978
1.7950000000015758,0.9999889790709611
1.796000000001578,0.9999889863990475
1.79700000000158,0.9999889933022713
1.798000000001582,0.9999889998312548
1.7990000000015842,0.9999890060665781
1.8000000000015863,0.9999890121074305
1.8010000000015884,0.999989018057655
1.8020000000015906,0.9999890240111607
1.8030000000015927,0.999989030038736
1.8040000000015948,0.9999890361781307
1.8050000000015969,0.9999890424287784
1.806000000001599,0.9999890487519065
1.807000000001601,0.9999890550759974
1.8080000000016032,0.9999890613068395
1.8090000000016053,0.9999890673407555
1.8100000000016074,0.9999890730791396
1.8110000000016095,0.9999890784422814
1.8120000000016117,0.9999890833805194
1.8130000000016138,0.9999890878811651
1.8140000000016159,0.9999890919702333
1.815000000001618,0.9999890957087229
1.81600000000162,0.9999890991839911
1.8170000000016222,0.9999891024974354
1.8180000000016243,0.9999891057502093
1.8190000000016264,0.9999891090289845
1.8200000000016285,0.9999891123937606
1.8210000000016306,0.9999891158694106
1.8220000000016328,0.999989119442165
1.8230000000016349,0.9999891230615156
1.824000000001637,0.9999891266472678
1.825000000001639,0.9999891301007603
1.8260000000016412,0.9999891333186668
1.8270000000016433,0.9999891362074408
1.8280000000016454,0.9999891386963725
1.8290000000016475,0.999989140747429
1.8300000000016496,0.9999891423604986
1.8310000000016518,0.9999891435733115
1.8320000000016539,0.9999891444560517
1.833000000001656,0.9999891451014318
1.834000000001658,0.999989145611612
1.8350000000016602,0.9999891460838078
1.8360000000016623,0.9999891465966048
1.8370000000016644,0.999989147198898
1.8380000000016665,0.9999891479030167
1.8390000000016686,0.9999891486829898
1.8400000000016707,0.9999891494781977
1.8410000000016729,0.9999891502018894
1.842000000001675,0.9999891507533636
1.843000000001677,0.9999891510321026
1.8440000000016792,0.999989150951866
1.8450000000016813,0.9999891504527791
1.8460000000016834,0.9999891495097157
1.8470000000016855,0.999989148135805
1.8480000000016876,0.9999891463805767
1.8490000000016897,0.9999891443229988
1.8500000000016918,0.9999891420603882
1.851000000001694,0.9999891396947602
1.852000000001696,0.9999891373185273
1.8530000000016982,0.9999891350015614
1.8540000000017003,0.9999891327814351
1.8550000000017024,0.9999891306582099
1.8560000000017045,0.999989128594482
1.8570000000017066,0.9999891265206943
1.8580000000017087,0.9999891243449412
1.8590000000017108,0.9999891219659072
1.860000000001713,0.9999891192871107
1.861000000001715,0.9999891162304606
1.8620000000017172,0.9999891127472182
1.8630000000017193,0.9999891088248322
1.8640000000017214,0.9999891044886802
1.8650000000017235,0.9999890997984759
1.8660000000017256,0.9999890948398621
1.8670000000017277,0.9999890897123679
1.8680000000017298,0.9999890845154203
1.869000000001732,0.9999890793343879
1.870000000001734,0.9999890742286003
1.8710000000017362,0.9999890692230278
1.8720000000017383,0.9999890643047848
1.8730000000017404,0.9999890594249377
1.8740000000017425,0.999989054505375
1.8750000000017446,0.9999890494497647
1.8760000000017467,0.9999890441570644
1.8770000000017488,0.9999890385356783
1.878000000001751,0.9999890325162729
1.879000000001753,0.999989026061464
1.8800000000017552,0.9999890191709985
1.8810000000017573,0.9999890118817342
1.8820000000017594,0.9999890042624112
1.8830000000017615,0.9999889964039597
1.8840000000017636,0.9999889884067054
1.8850000000017657,0.9999889803662705
1.8860000000017678,0.9999889723601447
1.88700000000177,0.9999889644368114
1.888000000001772,0.9999889566089644
1.8890000000017741,0.9999889488517525
1.8900000000017763,0.9999889411063076
1.8910000000017784,0.9999889332880482
1.8920000000017805,0.9999889252985892
1.8930000000017826,0.9999889170395808
1.8940000000017847,0.9999889084265352
1.8950000000017868,0.9999888994006978
1.896000000001789,0.9999888899373088
1.897000000001791,0.999988880049096
1.8980000000017931,0.9999888697845039
1.8990000000017953,0.9999888592209214
1.9000000000017974,0.999988848453849
1.9010000000017995,0.9999888375835353
1.9020000000018016,0.9999888267009552
1.9030000000018037,0.9999888158751089
1.9040000000018058,0.9999888051434171
1.905000000001808,0.9999887945065603
1.90600000000181,0.9999887839284697
1.9070000000018121,0.9999887733414831
1.9080000000018142,0.9999887626559159
1.9090000000018164,0.9999887517727176
1.9100000000018185,0.9999887405974286
1.9110000000018206,0.9999887290534859
1.9120000000018227,0.9999887170930074
1.9130000000018248,0.9999887047035312
1.914000000001827,0.9999886919097795
1.915000000001829,0.999988678770197
1.9160000000018311,0.9999886653687482
1.9170000000018332,0.9999886518031413
1.9180000000018353,0.9999886381711349
1.9190000000018375,0.9999886245568385
1.9200000000018396,0.9999886110189462
1.9210000000018417,0.9999885975825336
1.9220000000018438,0.9999885842355731
1.923000000001846,0.9999885709306572
1.924000000001848,0.99998855759168
1.9250000000018501,0.9999885441245462
1.9260000000018522,0.9999885304303916
1.9270000000018543,0.9999885164194687
1.9280000000018565,0.9999885020237365
1.9290000000018586,0.99998848720639
1.9300000000018607,0.9999884719669967
1.9310000000018628,0.9999884563415334
1.932000000001865,0.999988440397308
1.933000000001867,0.9999884242235039
1.9340000000018691,0.9999884079186605
1.9350000000018712,0.9999883915768523
1.9360000000018733,0.99998837527451
1.9370000000018754,0.9999883590597243
1.9380000000018776,0.9999883429455424
1.9390000000018797,0.9999883269081977
1.9400000000018818,0.9999883108905092
1.9410000000018839,0.999988294809978
1.942000000001886,0.9999882785704326
1.943000000001888,0.9999882620755862
1.9440000000018902,0.9999882452426012
1.9450000000018923,0.9999882280137603
1.9460000000018944,0.9999882103646112
1.9470000000018965,0.9999881923074417
1.9480000000018987,0.9999881738896069
1.9490000000019008,0.9999881551869354
1.9500000000019029,0.9999881362931448
1.951000000001905,0.9999881173067571
1.952000000001907,0.9999880983173506
1.9530000000019092,0.9999880793930777
1.9540000000019113,0.9999880605712114
1.9550000000019134,0.9999880418530278
1.9560000000019155,0.9999880232037442
1.9570000000019177,0.9999880045575161
1.9580000000019198,0.9999879858267827
1.9590000000019219,0.9999879669146523
1.960000000001924,0.9999879477285811
1.961000000001926,0.9999879281934387
1.9620000000019282,0.999987908262115
1.9630000000019303,0.9999878879221831
1.9640000000019324,0.9999878671976861
1.9650000000019345,0.9999878461457948
1.9660000000019366,0.9999878248488144
1.9670000000019388,0.9999878034026662
1.9680000000019409,0.9999877819034744
1.969000000001943,0.9999877604341226
1.970000000001945,0.99998773905268
1.9710000000019472,0.9999877177843174
1.9720000000019493,0.9999876966178329
1.9730000000019514,0.9999876755072813
1.9740000000019535,0.9999876543784748
1.9750000000019556,0.9999876331394518
1.9760000000019577,0.9999876116934174
1.9770000000019599,0.9999875899523677
1.978000000001962,0.9999875678494574
1.979000000001964,0.9999875453483875
1.9800000000019662,0.9999875224485
1.9810000000019683,0.9999874991848657
1.9820000000019704,0.9999874756233652
1.9830000000019725,0.9999874518514537
1.9840000000019746,0.9999874279659139
1.9850000000019767,0.9999874040593043
1.9860000000019788,0.9999873802070168
1.987000000001981,0.9999873564567511
1.988000000001983,0.9999873328218893
1.9890000000019852,0.9999873092796988
1.9900000000019873,0.9999872857746115
1.9910000000019894,0.999987262226117
1.9920000000019915,0.9999872385401518
1.9930000000019936,0.9999872146223812
1.9940000000019957,0.9999871903915134
1.9950000000019978,0.999987165790779
1.996000000002,0.9999871407959641
1.997000000002002,0.9999871154188793
1.9980000000020042,0.9999870897057717
1.9990000000020063,0.9999870637309163
2.000000000002008,0.9999870376036644
2.001000000002006,0.9999869974929142
2.0020000000020035,0.9999842110563257
2.003000000002001,0.9999734795201278
2.004000000001999,0.9999597920547493
2.0050000000019965,0.9999451634921006
2.006000000001994,0.9999316262664708
2.007000000001992,0.9999215825249507
2.0080000000019895,0.9999160523650342
2.009000000001987,0.9999157727458553
2.010000000001985,0.9999204251165842
2.0110000000019825,0.9999291859720512
2.01200000000198,0.9999406430721505
2.013000000001978,0.9999531915727968
2.0140000000019755,0.9999652294681244
2.015000000001973,0.999975401752115
2.016000000001971,0.9999827510939493
2.0170000000019686,0.999986805334455
2.018000000001966,0.9999875889742754
2.019000000001964,0.9999855689740165
2.0200000000019616,0.9999815472336531
2.0210000000019592,0.9999765196766768
2.022000000001957,0.9999715192980015
2.0230000000019546,0.9999674674773984
2.0240000000019522,0.9999650551597626
2.02500000000195,0.9999646664094042
2.0260000000019476,0.9999663573794293
2.0270000000019452,0.9999698846370543
2.028000000001943,0.9999747774301632
2.0290000000019406,0.9999804343723062
2.0300000000019383,0.9999862287086208
2.031000000001936,0.9999916030626149
2.0320000000019336,0.9999961417841058
2.0330000000019313,0.9999996119989648
2.034000000001929,1.000001972251207
2.0350000000019266,1.0000033508519843
2.0360000000019243,1.0000040016684728
2.037000000001922,1.0000042462970933
2.0380000000019196,1.0000044135664408
2.0390000000019173,1.0000047860711427
2.040000000001915,1.000005561833722
2.0410000000019126,1.0000068356511196
2.0420000000019103,1.0000086010907039
2.043000000001908,1.000010770277816
2.0440000000019056,1.0000132058237974
2.0450000000019033,1.000015757578792
2.046000000001901,1.0000182967937499
2.0470000000018986,1.0000207414305131
2.0480000000018963,1.0000230685748686
2.049000000001894,1.0000253126201153
2.0500000000018916,1.000027550656249
2.0510000000018893,1.0000298788577628
2.052000000001887,1.000032385201497
2.0530000000018847,1.0000351243702916
2.0540000000018823,1.0000381000825107
2.05500000000188,1.0000412585119394
2.0560000000018777,1.0000444942162117
2.0570000000018753,1.0000476675460228
2.058000000001873,1.0000506303145316
2.0590000000018707,1.0000532549680892
2.0600000000018683,1.0000554618376425
2.061000000001866,1.0000572393374343
2.0620000000018637,1.0000586531201494
2.0630000000018613,1.0000598420064521
2.064000000001859,1.0000610007098452
2.0650000000018567,1.0000623516574578
2.0660000000018544,1.0000641102029006
2.067000000001852,1.0000664488822684
2.0680000000018497,1.0000694667892995
2.0690000000018474,1.0000731694961875
2.070000000001845,1.000077463293295
2.0710000000018427,1.000082165155662
2.0720000000018404,1.0000870272167592
2.073000000001838,1.000091772138197
2.0740000000018357,1.0000961340252341
2.0750000000018334,1.0000998986983831
2.076000000001831,1.0001029372458659
2.0770000000018287,1.0001052277570046
2.0780000000018264,1.0001068617866602
2.079000000001824,1.0001080342155868
2.0800000000018217,1.0001090175216536
2.0810000000018194,1.0001101237964274
2.082000000001817,1.0001116598214694
2.0830000000018147,1.000113881816247
2.0840000000018124,1.0001169567836288
2.08500000000181,1.0001209365516714
2.0860000000018077,1.000125748709178
2.0870000000018054,1.0001312059691667
2.088000000001803,1.000137032570389
2.0890000000018007,1.0001429036912142
2.0900000000017984,1.0001484919598587
2.091000000001796,1.00015351425709
2.0920000000017938,1.000157772156373
2.0930000000017914,1.000161180387257
2.094000000001789,1.0001637794154867
2.0950000000017868,1.0001657303685028
2.0960000000017844,1.0001672928776837
2.097000000001782,1.0001687887384003
2.0980000000017798,1.0001705563487342
2.0990000000017774,1.000172902373467
2.100000000001775,1.000176057691887
2.101000000001773,1.0001801463681352
2.1020000000017705,1.0001852967807294
2.103000000001768,1.000194020768314
2.104000000001766,1.0002083098594916
2.1050000000017635,1.0002243197826324
2.106000000001761,1.0002386444846851
2.107000000001759,1.0002505284065053
2.1080000000017565,1.0002594186200686
2.109000000001754,1.000267321807631
2.110000000001752,1.0002743042109559
2.1110000000017495,1.0002805811763331
2.112000000001747,1.000286359162244
2.113000000001745,1.0002919896824076
2.1140000000017425,1.0002978605863686
2.11500000000174,1.0003043417544026
2.116000000001738,1.0003117037802445
2.1170000000017355,1.0003201178295555
2.118000000001733,1.0003296100008874
2.119000000001731,1.0003400763290315
2.1200000000017285,1.0003512957421872
2.121000000001726,1.0003629687205633
2.122000000001724,1.0003747589721683
2.1230000000017215,1.0003863444294185
2.124000000001719,1.0003974587690894
2.125000000001717,1.0004079276276825
2.1260000000017145,1.0004176882187115
2.127000000001712,1.0004267946214023
2.12800000000171,1.0004354062315042
2.1290000000017075,1.0004437627023217
2.130000000001705,1.0004521480354482
2.131000000001703,1.0004608500508392
2.1320000000017005,1.0004701198396886
2.133000000001698,1.0004801379995127
2.134000000001696,1.0004909914061562
2.1350000000016935,1.0005026642233732
2.136000000001691,1.0005150436189039
2.137000000001689,1.0005279390160784
2.1380000000016866,1.000541111534378
2.139000000001684,1.0005543090079527
2.140000000001682,1.0005673014343675
2.1410000000016796,1.0005799119436962
2.1420000000016772,1.0005920392327974
2.143000000001675,1.0006036688159528
2.1440000000016726,1.0006148719806334
2.1450000000016702,1.0006257930229465
2.146000000001668,1.00063662684581
2.1470000000016656,1.000647590228286
2.1480000000016632,1.0006588909027276
2.149000000001661,1.0006706987953278
2.1500000000016586,1.0006831234421598
2.1510000000016563,1.000696200616942
2.152000000001654,1.000709889808526
2.1530000000016516,1.0007240825442218
2.1540000000016493,1.0007386199733883
2.155000000001647,1.0007533168458675
2.1560000000016446,1.0007679882381053
2.1570000000016423,1.000782475140226
2.15800000000164,1.0007966654656664
2.1590000000016376,1.000810507877205
2.1600000000016353,1.000824016644793
2.161000000001633,1.000837267299651
2.1620000000016306,1.0008503840056775
2.1630000000016283,1.0008635205993437
2.164000000001626,1.000876838118946
2.1650000000016236,1.000890482027528
2.1660000000016213,1.000904562329062
2.167000000001619,1.0009191392676426
2.1680000000016166,1.0009342165429944
2.1690000000016143,1.0009497427624992
2.170000000001612,1.000965620534944
2.1710000000016096,1.0009817217007193
2.1720000000016073,1.000997906299827
2.173000000001605,1.0010140424411258
2.1740000000016027,1.0010300242821972
2.1750000000016003,1.001045785695873
2.176000000001598,1.0010613079208905
2.1770000000015957,1.0010766203767691
2.1780000000015933,1.0010917947830091
2.179000000001591,1.001106933620512
2.1800000000015887,1.0011221547100442
2.1810000000015863,1.0011375741665225
2.182000000001584,1.0011532901557187
2.1830000000015817,1.0011693697087471
2.1840000000015793,1.001185840359203
2.185000000001577,1.001202687629012
2.1860000000015747,1.0012198585178393
2.1870000000015724,1.0012372702821648
2.18800000000157,1.0012548230584786
2.1890000000015677,1.0012724143977665
2.1900000000015654,1.0012899535941642
2.191000000001563,1.0013073738156997
2.1920000000015607,1.001324640441865
2.1930000000015584,1.0013417545937429
2.194000000001556,1.0013587515649562
2.1950000000015537,1.001375694596872
2.1960000000015514,1.0013926649597813
2.197000000001549,1.0014097498717383
2.1980000000015467,1.0014270300131876
2.1990000000015444,1.001444568389006
2.200000000001542,1.0014624020707756
2.2010000000015397,1.0014805378803895
2.2020000000015374,1.0014989524918971
2.203000000001535,1.0015175967737933
2.2040000000015327,1.001536403595884
2.2050000000015304,1.001555297860621
2.206000000001528,1.0015742072546632
2.2070000000015257,1.0015930721820452
2.2080000000015234,1.0016118535234464
2.209000000001521,1.0016305372295349
2.2100000000015187,1.0016491352373664
2.2110000000015164,1.0016676827271689
2.212000000001514,1.0016862322398268
2.2130000000015118,1.001704845589992
2.2140000000015094,1.0017235847828643
2.215000000001507,1.0017425032420877
2.2160000000015048,1.0017616385710337
2.2170000000015024,1.0017810078134863
2.2180000000015,1.0018006057926228
2.2190000000014978,1.0018204066476106
2.2200000000014954,1.0018403682166115
2.221000000001493,1.0018604385181447
2.222000000001491,1.001880563381551
2.2230000000014885,1.0019006940936668
2.224000000001486,1.0019207939298465
2.225000000001484,1.0019408427299215
2.2260000000014815,1.0019608389645283
2.227000000001479,1.0019807991046288
2.228000000001477,1.0020007544966778
2.2290000000014745,1.0020207462760997
2.230000000001472,1.0020408191115329
2.23100000000147,1.0020610147020201
2.2320000000014675,1.0020813659532222
2.233000000001465,1.0021018926284064
2.234000000001463,1.0021225990335132
2.2350000000014605,1.0021434739831903
2.236000000001458,1.002164492960704
2.237000000001456,1.0021856220728933
2.2380000000014535,1.0022068231616972
2.239000000001451,1.0022280592962112
2.240000000001449,1.0022492998506232
2.2410000000014465,1.0022705244678982
2.242000000001444,1.0022917253998638
2.243000000001442,1.0023129079661002
2.2440000000014395,1.0023340891499228
2.245000000001437,1.0023552946105196
2.246000000001435,1.0023765546010164
2.2470000000014325,1.0023978994152878
2.24800000000143,1.0024193550286309
2.249000000001428,1.00244093954378
2.2500000000014255,1.0024626609127223
2.251000000001423,1.0024845162040505
2.252000000001421,1.0025064924542104
2.2530000000014185,1.0025285689097398
2.254000000001416,1.002550720276141
2.255000000001414,1.0025729204614915
2.2560000000014115,1.0025951462552114
2.257000000001409,1.0026173804198033
2.258000000001407,1.002639613782047
2.2590000000014046,1.0026618460738248
2.260000000001402,1.0026840854630745
2.2610000000014,1.0027063469046993
2.2620000000013976,1.002728649602899
2.2630000000013952,1.0027510139902607
2.264000000001393,1.0027734586789199
2.2650000000013906,1.0027959978233383
2.2660000000013882,1.0028186392551983
2.267000000001386,1.0028413836228975
2.2680000000013836,1.0028642246116357
2.2690000000013812,1.0028871501592043
2.270000000001379,1.00291014444069
2.2710000000013766,1.0029331902941592
2.2720000000013743,1.0029562717113265
2.273000000001372,1.002979376026759
2.2740000000013696,1.003002495502453
2.2750000000013673,1.0030256281093368
2.276000000001365,1.003048777434296
2.2770000000013626,1.0030719517731925
2.2780000000013603,1.003095162586174
2.279000000001358,1.003118422575446
2.2800000000013556,1.0031417436879508
2.2810000000013533,1.0031651353408335
2.282000000001351,1.003188603107337
2.2830000000013486,1.0032121480615814
2.2840000000013463,1.003235766843594
2.285000000001344,1.0032594523634186
2.2860000000013416,1.0032831950288918
2.2870000000013393,1.0033069842757711
2.288000000001337,1.0033308101530187
2.2890000000013346,1.0033546647200646
2.2900000000013323,1.003378543054415
2.29100000000133,1.003402443737198
2.2920000000013276,1.003426368773617
2.2930000000013253,1.0034503229916167
2.294000000001323,1.0034743130414228
2.2950000000013207,1.0034983461726477
2.2960000000013183,1.003522428991256
2.297000000001316,1.0035465663915537
2.2980000000013137,1.0035707608216258
2.2990000000013113,1.0035950119810233
2.300000000001309,1.0036193169762866
2.3010000000013067,1.0036436708863588
2.3020000000013043,1.0036680676261625
2.303000000001302,1.0036925009535502
2.3040000000012997,1.0037169654483984
2.3050000000012973,1.0037414573046253
2.306000000001295,1.0037659748128551
2.3070000000012927,1.003790518467621
2.3080000000012904,1.0038150906969274
2.309000000001288,1.0038396952742359
2.3100000000012857,1.0038643365232687
2.3110000000012834,1.003889018456451
2.312000000001281,1.0039137439944927
2.3130000000012787,1.0039385143974777
2.3140000000012764,1.0039633289992234
2.315000000001274,1.0039881852842623
2.3160000000012717,1.004013079288647
2.3170000000012694,1.0040380062513583
2.318000000001267,1.0040629614014807
2.3190000000012647,1.004087940744636
2.3200000000012624,1.004112941712781
2.32100000000126,1.004137963565686
2.3220000000012577,1.0041630074746244
2.3230000000012554,1.0041880762727413
2.324000000001253,1.0042131739125644
2.3250000000012507,1.0042383047208334
2.3260000000012484,1.0042634725746646
2.327000000001246,1.0042886801373725
2.3280000000012437,1.0043139282834928
2.3290000000012414,1.0043392158126512
2.330000000001239,1.0043645395055152
2.3310000000012367,1.0043898945199983
2.3320000000012344,1.0044152750695476
2.333000000001232,1.0044406752784927
2.3340000000012298,1.0044660900783966
2.3350000000012274,1.0044915159996664
2.336000000001225,1.0045169517267156
2.3370000000012228,1.0045423983205466
2.3380000000012204,1.0045678590631455
2.339000000001218,1.0045933389353225
2.3400000000012158,1.0046188438129056
2.3410000000012134,1.0046443794959368
2.342000000001211,1.0046699507149683
2.343000000001209,1.0046955602731724
2.3440000000012065,1.0047212084472854
2.345000000001204,1.0047468927981378
2.346000000001202,1.0047726083949262
2.3470000000011995,1.0047983484131737
2.348000000001197,1.0048241050477722
2.349000000001195,1.0048498706084221
2.3500000000011925,1.0048756386187214
2.35100000000119,1.0049014047671012
2.352000000001188,1.0049271675465095
2.3530000000011855,1.0049529284833405
2.354000000001183,1.004978691910787
2.355000000001181,1.0050044643146616
2.3560000000011785,1.005030253332102
2.357000000001176,1.0050560665520056
2.358000000001174,1.0050819102939128
2.3590000000011715,1.0051077885491024
2.360000000001169,1.0051337022463265
2.361000000001167,1.0051596489590828
2.3620000000011645,1.0051856231070242
2.363000000001162,1.005211616631437
2.36400000000116,1.0052376200535114
2.3650000000011575,1.005263623765429
2.366000000001155,1.0052896193668728
2.367000000001153,1.0053156008492385
2.3680000000011505,1.0053415654488764
2.369000000001148,1.0053675140366252
2.370000000001146,1.0053934509775124
2.3710000000011435,1.005419383472032
2.372000000001141,1.005445320467529
2.373000000001139,1.0054712712932585
2.3740000000011365,1.0054972442158447
2.375000000001134,1.005523245126417
2.376000000001132,1.0055492765542655
2.3770000000011295,1.0055753371564913
2.378000000001127,1.005601421765378
2.379000000001125,1.0056275219946327
2.3800000000011226,1.0056536273239964
2.38100000000112,1.0056797265107493
2.382000000001118,1.0057058091273519
2.3830000000011156,1.0057318670256339
2.3840000000011132,1.0057578954794595
2.385000000001111,1.0057838938076766
2.3860000000011086,1.005809865447416
2.3870000000011062,1.00583581743241
2.388000000001104,1.0058617593421166
2.3890000000011016,1.00588770186807
2.3900000000010992,1.0059136552012755
2.391000000001097,1.0059396274726693
2.3920000000010946,1.0059656234732959
2.3930000000010923,1.005991643842529
2.39400000000109,1.0060176848471427
2.3950000000010876,1.0060437387899202
2.3960000000010853,1.0060697949918975
2.397000000001083,1.0060958412153937
2.3980000000010806,1.0061218653272155
2.3990000000010783,1.0061478569628464
2.400000000001076,1.0061738089533898
2.4010000000010736,1.0061997183064206
2.4020000000010713,1.006225586595791
2.403000000001069,1.0062514196974068
2.4040000000010666,1.0062772269030449
2.4050000000010643,1.0063030195350724
2.406000000001062,1.0063288092571845
2.4070000000010596,1.006354606321764
2.4080000000010573,1.0063804180053861
2.409000000001055,1.0064062474585576
2.4100000000010526,1.0064320931378836
2.4110000000010503,1.006457948906523
2.412000000001048,1.0064838047931026
2.4130000000010456,1.0065096483047018
2.4140000000010433,1.0065354661105383
2.415000000001041,1.0065612458591278
2.4160000000010387,1.0065869778689704
2.4170000000010363,1.0066126564476516
2.418000000001034,1.0066382806504874
2.4190000000010317,1.0066638543680282
2.4200000000010293,1.0066893857211157
2.421000000001027,1.0067148858467148
2.4220000000010247,1.0067403672461488
2.4230000000010223,1.0067658419286702
2.42400000000102,1.0067913196148646
2.4250000000010177,1.0068168062567489
2.4260000000010153,1.0068423030872893
2.427000000001013,1.0068678063375411
2.4280000000010107,1.006893307664891
2.4290000000010084,1.006918795234811
2.430000000001006,1.0069442553052166
2.4310000000010037,1.0069696740902836
2.4320000000010014,1.0069950396398126
2.433000000000999,1.0070203434667468
2.4340000000009967,1.007045581689573
2.4350000000009944,1.0070707555245912
2.436000000000992,1.0070958710551086
2.4370000000009897,1.007120938307166
2.4380000000009874,1.0071459697604852
2.439000000000985,1.0071709785043692
2.4400000000009827,1.0071959762996288
2.4410000000009804,1.0072209718218421
2.442000000000978,1.0072459693362188
2.4430000000009757,1.0072709679936342
2.4440000000009734,1.00729596184962
2.445000000000971,1.007320940605767
2.4460000000009687,1.0073458909705455
2.4470000000009664,1.0073707984484812
2.448000000000964,1.007395649305411
2.4490000000009617,1.007420432431792
2.4500000000009594,1.007445140839598
2.451000000000957,1.0074697725794148
2.4520000000009547,1.0074943309459097
2.4530000000009524,1.0075188239404345
2.45400000000095,1.0075432630649526
2.4550000000009478,1.007567661616619
2.4560000000009454,1.0075920327236556
2.457000000000943,1.0076163874003248
2.4580000000009408,1.0076407328965358
2.4590000000009384,1.0076650715761901
2.460000000000936,1.0076894004837653
2.4610000000009338,1.0077137116616215
2.4620000000009314,1.0077379931746193
2.463000000000929,1.0077622306973317
2.464000000000927,1.0077864094409703
2.4650000000009245,1.0078105161487716
2.466000000000922,1.0078345408780345
2.46700000000092,1.0078584783167903
2.4680000000009175,1.0078823284482537
2.469000000000915,1.0079060964680917
2.470000000000913,1.0079297919650831
2.4710000000009105,1.0079534274799733
2.472000000000908,1.0079770166454556
2.473000000000906,1.0080005721696585
2.4740000000009035,1.008024103947744
2.475000000000901,1.0080476175681985
2.476000000000899,1.008071113424626
2.4770000000008965,1.0080945865584254
2.478000000000894,1.0081180272546675
2.479000000000892,1.0081414223074558
2.4800000000008895,1.0081647567768157
2.481000000000887,1.0081880159900014
2.482000000000885,1.0082111875056305
2.4830000000008825,1.0082342627641376
2.48400000000088,1.0082572381920063
2.485000000000878,1.008280115603999
2.4860000000008755,1.008302901846445
2.487000000000873,1.008325607731607
2.488000000000871,1.008348246413153
2.4890000000008685,1.0083708314315813
2.490000000000866,1.008393374704884
2.491000000000864,1.0084158847472888
2.4920000000008615,1.0084383653664954
2.493000000000859,1.0084608150222207
2.494000000000857,1.00848322693561
2.4950000000008545,1.0085055899335211
2.496000000000852,1.0085278899085266
2.49700000000085,1.0085501116892706
2.4980000000008475,1.0085722410584315
2.499000000000845,1.0085942666350483
2.500000000000843,1.008616181357111
2.5010000000008406,1.0086379833565144
2.502000000000838,1.0086596761038702
2.503000000000836,1.0086812678032908
2.5040000000008336,1.0087027701227318
2.5050000000008312,1.0087241964388316
2.506000000000829,1.0087455598432653
2.5070000000008266,1.0087668711908082
2.5080000000008242,1.0087881374629415
2.509000000000822,1.0088093606759698
2.5100000000008196,1.0088305374857283
2.5110000000008172,1.0088516595429649
2.512000000000815,1.008872714548264
2.5130000000008126,1.0088936878576007
2.5140000000008103,1.008914564412929
2.515000000000808,1.0089353307271542
2.5160000000008056,1.008955976645666
2.5170000000008033,1.0089764966382493
2.518000000000801,1.0089968904411257
2.5190000000007986,1.009017162958623
2.5200000000007963,1.0090373234408652
2.521000000000794,1.0090573840589812
2.5220000000007916,1.0090773580706371
2.5230000000007893,1.0090972578359279
2.524000000000787,1.0091170929630287
2.5250000000007846,1.0091368688419533
2.5260000000007823,1.0091565857708242
2.52700000000078,1.0091762387950707
2.5280000000007776,1.0091958182799567
2.5290000000007753,1.0092153111347058
2.530000000000773,1.0092347025155037
2.5310000000007706,1.0092539777685436
2.5320000000007683,1.009273124341407
2.533000000000766,1.009292133396139
2.5340000000007636,1.0093110008995219
2.5350000000007613,1.0093297280396762
2.536000000000759,1.0093483209123992
2.5370000000007566,1.009366789522879
2.5380000000007543,1.0093851462440937
2.539000000000752,1.009403403948691
2.5400000000007497,1.0094215740766521
2.5410000000007473,1.009439664908842
2.542000000000745,1.009457680285265
2.5430000000007427,1.0094756189461085
2.5440000000007403,1.0094934745853963
2.545000000000738,1.0095112366069592
2.5460000000007357,1.0095288914751916
2.5470000000007333,1.0095464244703112
2.548000000000731,1.00956382160252
2.5490000000007287,1.009581071418171
2.5500000000007264,1.009598166446963
2.551000000000724,1.0096151040897732
2.5520000000007217,1.0096318868240186
2.5530000000007194,1.0096485217004247
2.554000000000717,1.0096650192094074
2.5550000000007147,1.0096813916703422
2.5560000000007124,1.0096976513706106
2.55700000000071,1.009713808716555
2.5580000000007077,1.0097298706529656
2.5590000000007054,1.0097458395700778
2.560000000000703,1.009761712848039
2.5610000000007007,1.0097774830992023
2.5620000000006984,1.009793139071603
2.563000000000696,1.0098086670851796
2.5640000000006937,1.0098240527991293
2.5650000000006914,1.009839283063695
2.566000000000689,1.0098543475990367
2.5670000000006867,1.0098692402688467
2.5680000000006844,1.0098839597734786
2.569000000000682,1.0098985096686435
2.5700000000006797,1.0099128977098306
2.5710000000006774,1.0099271346163596
2.572000000000675,1.009941232429336
2.5730000000006727,1.0099552026935232
2.5740000000006704,1.0099690547165243
2.575000000000668,1.0099827941466144
2.5760000000006658,1.0099964220650055
2.5770000000006634,1.0100099347157787
2.578000000000661,1.010023323907588
2.5790000000006588,1.010036578027975
2.5800000000006564,1.0100496835266504
2.581000000000654,1.010062626660008
2.5820000000006518,1.0100753952540786
2.5830000000006494,1.0100879802418068
2.584000000000647,1.01010037676288
2.585000000000645,1.0101125846758987
2.5860000000006425,1.0101246084147506
2.58700000000064,1.0101364562122823
2.588000000000638,1.0101481388020304
2.5890000000006355,1.0101596677806572
2.590000000000633,1.0101710538598658
2.591000000000631,1.0101823052506187
2.5920000000006285,1.0101934264026946
2.593000000000626,1.0102044172719764
2.594000000000624,1.0102152732136773
2.5950000000006215,1.010225985512496
2.596000000000619,1.0102365424726127
2.597000000000617,1.0102469309136457
2.5980000000006145,1.0102571378636445
2.599000000000612,1.0102671522142666
2.60000000000061,1.010276966109838
2.6010000000006075,1.0102865758799557
2.602000000000605,1.0102959823893412
2.603000000000603,1.0103051907598228
2.6040000000006005,1.0103142095064261
2.605000000000598,1.0103230492103854
2.606000000000596,1.0103317209153075
2.6070000000005935,1.0103402344699113
2.608000000000591,1.0103485970467143
2.609000000000589,1.010356812040135
2.6100000000005865,1.0103648784935886
2.611000000000584,1.0103727911310418
2.612000000000582,1.0103805409845468
2.6130000000005795,1.0103881165272568
2.614000000000577,1.010395505152493
2.615000000000575,1.0104026947929101
2.6160000000005725,1.010409675455934
2.61700000000057,1.0104164404645795
2.618000000000568,1.0104229872345847
2.6190000000005655,1.0104293174837027
2.620000000000563,1.0104354368478743
2.621000000000561,1.010441353960998
2.6220000000005586,1.0104470791286833
2.623000000000556,1.0104526227816075
2.624000000000554,1.0104579939232319
2.6250000000005516,1.0104631987858401
2.6260000000005492,1.010468239878526
2.627000000000547,1.0104731155552558
2.6280000000005446,1.0104778201585207
2.6290000000005422,1.010482344714501
2.63000000000054,1.0104866780800794
2.6310000000005376,1.010490808380831
2.6320000000005352,1.010494724540423
2.633000000000533,1.0104984176907867
2.6340000000005306,1.0105018822702614
2.6350000000005283,1.0105051166611254
2.636000000000526,1.010508123282544
2.6370000000005236,1.0105109081294164
2.6380000000005213,1.0105134798240087
2.639000000000519,1.0105158483149927
2.6400000000005166,1.0105180234053106
2.6410000000005143,1.0105200133125223
2.642000000000512,1.0105218234592686
2.6430000000005096,1.0105234556581086
2.6440000000005073,1.0105249077994
2.645000000000505,1.0105261740809055
2.6460000000005026,1.0105272457431775
2.6470000000005003,1.0105281122058616
2.648000000000498,1.0105287624460897
2.6490000000004956,1.0105291864283685
2.6500000000004933,1.010529376389816
2.651000000000491,1.010529327805942
2.6520000000004886,1.0105290399073683
2.6530000000004863,1.0105285156799932
2.654000000000484,1.0105277613518175
2.6550000000004816,1.0105267854407485
2.6560000000004793,1.0105255974988123
2.657000000000477,1.010524206725915
2.6580000000004746,1.0105226206449667
2.6590000000004723,1.0105208440199718
2.66000000000047,1.0105188781657763
2.6610000000004677,1.0105167207353627
2.6620000000004653,1.0105143660077551
2.663000000000463,1.0105118056407714
2.6640000000004607,1.010509029775584
2.6650000000004583,1.01050602834252
2.666000000000456,1.0105027923871763
2.6670000000004537,1.0104993152358144
2.6680000000004513,1.0104955933423014
2.669000000000449,1.0104916267034851
2.6700000000004467,1.0104874187896609
2.6710000000004444,1.010482976003612
2.672000000000442,1.0104783067459158
2.6730000000004397,1.0104734202176027
2.6740000000004374,1.0104683251259847
2.675000000000435,1.010463028471304
2.6760000000004327,1.010457534579127
2.6770000000004304,1.0104518445084156
2.678000000000428,1.0104459559130423
2.6790000000004257,1.0104398633702956
2.6800000000004234,1.010433559127333
2.681000000000421,1.0104270341608643
2.6820000000004187,1.0104202794028954
2.6830000000004164,1.0104132869643327
2.684000000000414,1.010406051190192
2.6850000000004117,1.0103985694042663
2.6860000000004094,1.010390842244618
2.687000000000407,1.0103828735472373
2.6880000000004047,1.0103746697977751
2.6890000000004024,1.0103662392297892
2.6900000000004,1.0103575906953497
2.6910000000003977,1.0103487324638307
2.6920000000003954,1.0103396711130612
2.693000000000393,1.0103304106628044
2.6940000000003907,1.0103209520660525
2.6950000000003884,1.0103112931237839
2.696000000000386,1.0103014288306573
2.6970000000003838,1.0102913521006238
2.6980000000003814,1.0102810547704941
2.699000000000379,1.0102705287429017
2.7000000000003768,1.01025976711252
2.7010000000003744,1.0102487651230654
2.702000000000372,1.0102375208268222
2.7030000000003698,1.0102260353597843
2.7040000000003674,1.010214312798356
2.705000000000365,1.0102023596206249
2.706000000000363,1.0101901838487495
2.7070000000003605,1.0101777939916876
2.708000000000358,1.0101651979336195
2.709000000000356,1.0101524019192551
2.7100000000003535,1.0101394097724659
2.711000000000351,1.010126222451926
2.712000000000349,1.0101128380007123
2.7130000000003465,1.0100992518928125
2.714000000000344,1.0100854577259588
2.715000000000342,1.0100714481639776
2.7160000000003395,1.0100572159991457
2.717000000000337,1.0100427551900806
2.718000000000335,1.0100280617352186
2.7190000000003325,1.0100131342653016
2.72000000000033,1.0099979742771452
2.721000000000328,1.0099825859800704
2.7220000000003255,1.0099669757789755
2.723000000000323,1.0099511514670358
2.724000000000321,1.0099351212397012
2.7250000000003185,1.0099188926648535
2.726000000000316,1.0099024717486806
2.727000000000314,1.009885862222505
2.7280000000003115,1.0098690651447364
2.729000000000309,1.009852078868659
2.730000000000307,1.0098348993770079
2.7310000000003045,1.0098175209349478
2.732000000000302,1.0097999369707635
2.7330000000003,1.0097821410638252
2.7340000000002975,1.0097641279060214
2.735000000000295,1.0097458941074995
2.736000000000293,1.0097274387394592
2.7370000000002905,1.0097087635429287
2.738000000000288,1.0096898727779355
2.739000000000286,1.0096707727361784
2.7400000000002835,1.0096514709855129
2.741000000000281,1.0096319754502328
2.742000000000279,1.009612293452433
2.7430000000002766,1.0095924308438857
2.744000000000274,1.0095723913445025
2.745000000000272,1.0095521761745758
2.7460000000002696,1.0095317840277063
2.7470000000002672,1.009511211385174
2.748000000000265,1.0094904531267617
2.7490000000002626,1.0094695033537373
2.7500000000002602,1.0094483563119856
2.751000000000258,1.009427007290702
2.7520000000002556,1.0094054533762045
2.7530000000002532,1.0093836939606071
2.754000000000251,1.0093617309386251
2.7550000000002486,1.0093395685681095
2.7560000000002463,1.00931721301528
2.757000000000244,1.0092946716479396
2.7580000000002416,1.009271952173467
2.7590000000002393,1.00924906173858
2.760000000000237,1.0092260061121052
2.7610000000002346,1.0092027890598922
2.7620000000002323,1.009179411994334
2.76300000000023,1.0091558739435766
2.7640000000002276,1.009132171842955
2.7650000000002253,1.0091083011065114
2.766000000000223,1.0090842564002713
2.7670000000002206,1.0090600325129198
2.7680000000002183,1.0090356252057884
2.769000000000216,1.0090110319295509
2.7700000000002136,1.0089862523115196
2.7710000000002113,1.0089612883495103
2.772000000000209,1.0089361442876978
2.7730000000002066,1.0089108261927098
2.7740000000002043,1.0088853412885415
2.775000000000202,1.0088596971409107
2.7760000000001996,1.0088339008014886
2.7770000000001973,1.0088079580271052
2.778000000000195,1.0087818726782862
2.7790000000001926,1.0087556463767064
2.7800000000001903,1.0087292784660153
2.781000000000188,1.008702766279615
2.7820000000001857,1.0086761056779396
2.7830000000001833,1.0086492917819894
2.784000000000181,1.0086223198039839
2.7850000000001787,1.0085951858633968
2.7860000000001763,1.0085678876789599
2.787000000000174,1.008540425044172
2.7880000000001717,1.0085128000231445
2.7890000000001693,1.0084850168413861
2.790000000000167,1.0084570814872513
2.7910000000001647,1.0084290010786756
2.7920000000001624,1.0084007830812725
2.79300000000016,1.0083724344835006
2.7940000000001577,1.0083439610399632
2.7950000000001554,1.0083153666842066
2.796000000000153,1.008286653189194
2.7970000000001507,1.008257820120046
2.7980000000001484,1.0082288650843376
2.799000000000146,1.0081997842453827
2.8000000000001437,1.0081705730288553
2.8010000000001414,1.0081412269273782
2.802000000000139,1.0081117422947499
2.8030000000001367,1.0080821170230214
2.8040000000001344,1.0080523510114718
2.805000000000132,1.0080224463646412
2.8060000000001297,1.007992407293159
2.8070000000001274,1.0079622397312598
2.808000000000125,1.0079319507231241
2.8090000000001227,1.0079015476613207
2.8100000000001204,1.007871037480406
2.811000000000118,1.007840425914508
2.8120000000001157,1.0078097169188014
2.8130000000001134,1.0077789123324112
2.814000000000111,1.0077480118276103
2.8150000000001087,1.0077170131516056
2.8160000000001064,1.0076859126278819
2.817000000000104,1.0076547058492473
2.8180000000001018,1.0076233884689756
2.8190000000000994,1.0075919569832372
2.820000000000097,1.0075604093991364
2.8210000000000948,1.0075287456980546
2.8220000000000924,1.007496968031629
2.82300000000009,1.007465080623883
2.8240000000000878,1.0074330893928667
2.8250000000000854,1.0074010013432542
2.826000000000083,1.0073688238123613
2.827000000000081,1.0073365636718992
2.8280000000000785,1.007304226593618
2.829000000000076,1.0072718164782013
2.830000000000074,1.007239335124541
2.8310000000000715,1.007206782183944
2.832000000000069,1.0071741554053135
2.833000000000067,1.0071414511380272
2.8340000000000645,1.00710866502445
2.835000000000062,1.0070757927882803
2.83600000000006,1.0070428310118413
2.8370000000000575,1.0070097777967446
2.838000000000055,1.0069766332179946
2.839000000000053,1.0069433995095536
2.8400000000000505,1.006910080955906
2.841000000000048,1.0068766835042147
2.842000000000046,1.0068432141498334
2.8430000000000435,1.0068096801788617
2.844000000000041,1.006776088370955
2.845000000000039,1.006742444270938
2.8460000000000365,1.006708751628387
2.847000000000034,1.0066750120814252
2.848000000000032,1.0066412251277825
2.8490000000000295,1.0066073883871587
2.850000000000027,1.0065734981193426
2.851000000000025,1.0065395499277296
2.8520000000000225,1.0065055395525258
2.85300000000002,1.0064714636455006
2.854000000000018,1.0064373204203854
2.8550000000000155,1.006403110089783
2.856000000000013,1.0063688350284703
2.857000000000011,1.0063344996403827
2.8580000000000085,1.0063001099472049
2.859000000000006,1.0062656729547488
2.860000000000004,1.0062311958838304
2.8610000000000015,1.0061966853709887
2.861999999999999,1.0061621467485133
2.862999999999997,1.006127583502388
2.8639999999999946,1.0060929969824093
2.864999999999992,1.0060583864042945
2.86599999999999,1.006023749143712
2.8669999999999876,1.0059890812822518
2.8679999999999852,1.0059543783308154
2.868999999999983,1.0059196360314329
2.8699999999999806,1.0058848511275171
2.8709999999999782,1.0058500219966113
2.871999999999976,1.0058151490583254
2.8729999999999736,1.0057802349009608
2.8739999999999712,1.0057452841090042
2.874999999999969,1.005710302814963
2.8759999999999666,1.0056752980371153
2.8769999999999643,1.0056402768943458
2.877999999999962,1.0056052458062152
2.8789999999999596,1.0055702097884518
2.8799999999999573,1.0055351719409162
2.880999999999955,1.005500133198601
2.8819999999999526,1.0054650923800952
2.8829999999999503,1.0054300465270694
2.883999999999948,1.0053949914882971
2.8849999999999456,1.0053599226679748
2.8859999999999433,1.005324835835295
2.886999999999941,1.0052897278835164
2.8879999999999386,1.0052545974334754
2.8889999999999363,1.0052194451978134
2.889999999999934,1.0051842740551757
2.8909999999999316,1.005149088823936
2.8919999999999293,1.0051138957679147
2.892999999999927,1.0050787019007648
2.8939999999999246,1.0050435141828904
2.8949999999999223,1.0050083387269622
2.89599999999992,1.0049731801194288
2.8969999999999176,1.0049380409537871
2.8979999999999153,1.0049029216385825
2.898999999999913,1.0048678205073143
2.8999999999999106,1.0048327342151064
2.9009999999999083,1.004797658367358
2.901999999999906,1.0047625882934417
2.9029999999999037,1.0047275198582026
2.9039999999999013,1.0046924501985792
2.904999999999899,1.0046573782828634
2.9059999999998967,1.00462230521463
2.9069999999998943,1.0045872342388276
2.907999999999892,1.004552170449102
2.9089999999998897,1.0045171202370524
2.9099999999998873,1.004482090560191
2.910999999999885,1.0044470881306051
2.9119999999998827,1.0044121186373307
2.9129999999998804,1.0043771861106006
2.913999999999878,1.004342292516394
2.9149999999998757,1.0043074376375645
2.9159999999998734,1.004272619258024
2.916999999999871,1.0042378336253204
2.9179999999998687,1.0042030761272986
2.9189999999998664,1.0041683420833327
2.919999999999864,1.0041336275475843
2.9209999999998617,1.0040989300060208
2.9219999999998594,1.0040642488752247
2.922999999999857,1.0040295857295165
2.9239999999998547,1.0039949442253775
2.9249999999998524,1.0039603297341129
2.92599999999985,1.0039257487341382
2.9269999999998477,1.0038912080484104
2.9279999999998454,1.003856714034152
2.928999999999843,1.0038222718373835
2.9299999999998407,1.0037878848165411
2.9309999999998384,1.0037535542158131
2.931999999999836,1.0037192791336358
2.9329999999998337,1.0036850567904891
2.9339999999998314,1.003650883058397
2.934999999999829,1.0036167531779194
2.9359999999998267,1.0035826625622126
2.9369999999998244,1.0035486075743858
2.937999999999822,1.003514586163069
2.9389999999998198,1.0034805982746886
2.9399999999998174,1.0034466459914713
2.940999999999815,1.0034127333635754
2.9419999999998128,1.0033788659634795
2.9429999999998104,1.0033450502255414
2.943999999999808,1.0033112926626173
2.9449999999998058,1.003277599071199
2.9459999999998034,1.0032439738370338
2.946999999999801,1.0032104194380553
2.947999999999799,1.0031769362130893
2.9489999999997965,1.003143522430057
2.949999999999794,1.0031101746424889
2.950999999999792,1.003076888284993
2.9519999999997895,1.0030436584235582
2.952999999999787,1.0030104805551112
2.953999999999785,1.002977351343937
2.9549999999997825,1.0029442691913224
2.95599999999978,1.0029112345584743
2.956999999999778,1.0028782499974607
2.9579999999997755,1.002845319886425
2.958999999999773,1.0028124499068913
2.959999999999771,1.002779646337507
2.9609999999997685,1.0027469152641784
2.961999999999766,1.002714261818207
2.962999999999764,1.0026816895495718
2.9639999999997615,1.0026492000234313
2.964999999999759,1.0026167926960246
2.965999999999757,1.0025844650869207
2.9669999999997545,1.0025522132227485
2.967999999999752,1.0025200322894816
2.96899999999975,1.002487917400924
2.9699999999997475,1.0024558643749097
2.970999999999745,1.0024238704075603
2.971999999999743,1.0023919345505357
2.9729999999997405,1.002360057924166
2.973999999999738,1.0023282436368588
2.974999999999736,1.002296496422847
2.9759999999997335,1.00226482205028
2.976999999999731,1.0022332265840297
2.977999999999729,1.002201715607843
2.9789999999997265,1.0021702935159573
2.979999999999724,1.0021389629740216
2.980999999999722,1.0021077246249606
2.9819999999997195,1.0020765770806743
2.982999999999717,1.0020455171999816
2.983999999999715,1.0020145406128564
2.9849999999997125,1.0019836424163115
2.98599999999971,1.0019528179433483
2.986999999999708,1.0019220634962913
2.9879999999997056,1.0018913769386995
2.9889999999997032,1.0018607580645769
2.989999999999701,1.001830208692096
2.9909999999996986,1.0017997324693504
2.9919999999996962,1.0017693344207845
2.992999999999694,1.0017390202989611
2.9939999999996916,1.0017087958346664
2.9949999999996892,1.0016786659917138
2.995999999999687,1.0016486343323114
2.9969999999996846,1.0016187025823644
2.9979999999996823,1.0015888704577076
2.99899999999968,1.0015591357750107
2.9999999999996776,1.0015294948308129
3.0009999999996753,1.001499942994128
3.001999999999673,1.0014704754281696
3.0029999999996706,1.00144108783838
3.0039999999996683,1.0014117771405562
3.004999999999666,1.0013825419543538
3.0059999999996636,1.0013533828525103
3.0069999999996613,1.0013243023309024
3.007999999999659,1.0012953045047284
3.0089999999996566,1.0012663945747597
3.0099999999996543,1.0012375781405227
3.010999999999652,1.0012088604585594
3.0119999999996496,1.001180245751535
3.0129999999996473,1.001151736665958
3.013999999999645,1.0011233339552366
3.0149999999996426,1.0010950364319848
3.0159999999996403,1.0010668411956118
3.016999999999638,1.001038744101851
3.0179999999996356,1.0010107404069173
3.0189999999996333,1.000982825494071
3.019999999999631,1.0009549955791843
3.0209999999996286,1.0009272482947815
3.0219999999996263,1.000899583069754
3.022999999999624,1.000872001251229
3.0239999999996217,1.0008445059520075
3.0249999999996193,1.000817101646269
3.025999999999617,1.0007897935721362
3.0269999999996147,1.0007625870270147
3.0279999999996123,1.000735486656498
3.02899999999961,1.0007084958382204
3.0299999999996077,1.0006816162479262
3.0309999999996053,1.000654847668828
3.031999999999603,1.0006281880710377
3.0329999999996007,1.0006016339484318
3.0339999999995984,1.0005751808618135
3.034999999999596,1.0005488241147769
3.0359999999995937,1.0005225594621618
3.0369999999995914,1.0004963837519132
3.037999999999589,1.0004702954079412
3.0389999999995867,1.0004442946856915
3.0399999999995844,1.000418383664793
3.040999999999582,1.0003925659805786
3.0419999999995797,1.0003668463338662
3.0429999999995774,1.0003412298498056
3.043999999999575,1.0003157213780187
3.0449999999995727,1.0002903248341093
3.0459999999995704,1.000265042676441
3.046999999999568,1.0002398755922062
3.0479999999995657,1.0002148224367935
3.0489999999995634,1.0001898804341325
3.049999999999561,1.0001650456085542
3.0509999999995587,1.0001403133857627
3.0519999999995564,1.0001156792766697
3.052999999999554,1.0000911395461716
3.0539999999995517,1.0000666917713608
3.0549999999995494,1.00004233520968
3.055999999999547,1.0000180709249455
3.0569999999995447,0.9999939016539255
3.0579999999995424,0.9999698314335252
3.05899999999954,0.9999458650427404
3.0599999999995378,0.9999220073399996
3.0609999999995354,0.9998982625910706
3.061999999999533,0.9998746338837208
3.0629999999995308,0.9998511227123682
3.0639999999995284,0.9998277287914981
3.064999999999526,0.9998044501235315
3.0659999999995238,0.9997812833106273
3.0669999999995214,0.9997582240650185
3.067999999999519,0.9997352678443995
3.068999999999517,0.9997124105210937
3.0699999999995145,0.9996896489891246
3.070999999999512,0.9996669816222101
3.07199999999951,0.9996444085182753
3.0729999999995075,0.9996219314952668
3.073999999999505,0.9995995538402073
3.074999999999503,0.9995772798481122
3.0759999999995005,0.9995551142173599
3.076999999999498,0.9995330613890062
3.077999999999496,0.9995111249246755
3.0789999999994935,0.9994893070120661
3.079999999999491,0.9994676081682953
3.080999999999489,0.9994460271827937
3.0819999999994865,0.9994245613071191
3.082999999999484,0.9994032066637256
3.083999999999482,0.9993819588145961
3.0849999999994795,0.9993608134078846
3.085999999999477,0.9993397668098183
3.086999999999475,0.9993188166312972
3.0879999999994725,0.9992979620740509
3.08899999999947,0.9992772040470953
3.089999999999468,0.9992565450376913
3.0909999999994655,0.9992359887570017
3.091999999999463,0.9992155396086089
3.092999999999461,0.9991952020603461
3.0939999999994585,0.9991749800074583
3.094999999999456,0.9991548762206025
3.095999999999454,0.9991348919565296
3.0969999999994515,0.9991150267859936
3.097999999999449,0.9990952786635378
3.098999999999447,0.9990756442280834
3.0999999999994445,0.9990561192907459
3.100999999999442,0.9990366994394586
3.10199999999944,0.999017380673528
3.1029999999994375,0.9989981599770861
3.103999999999435,0.9989790357493324
3.104999999999433,0.9989600080301673
3.1059999999994305,0.998941078489329
3.106999999999428,0.9989222501811874
3.107999999999426,0.9989035271010898
3.1089999999994236,0.9988849136075428
3.1099999999994212,0.9988664137936195
3.110999999999419,0.998848030897952
3.1119999999994166,0.998829766839681
3.1129999999994142,0.9988116219435981
3.113999999999412,0.9987935948942921
3.1149999999994096,0.998775682925176
3.1159999999994072,0.9987578822146694
3.116999999999405,0.9987401884322572
3.1179999999994026,0.9987225973558412
3.1189999999994003,0.9987051054717019
3.119999999999398,0.9986877104710593
3.1209999999993956,0.9986704115721614
3.1219999999993933,0.9986532096219843
3.122999999999391,0.9986361069634373
3.1239999999993886,0.9986191070876952
3.1249999999993863,0.9986022141221598
3.125999999999384,0.998585432228078
3.1269999999993816,0.9985687649945929
3.1279999999993793,0.9985522149161951
3.128999999999377,0.9985357830283035
3.1299999999993746,0.9985194687527553
3.1309999999993723,0.9985032699747552
3.13199999999937,0.9984871833396797
3.1329999999993676,0.9984712047266844
3.1339999999993653,0.9984553298308726
3.134999999999363,0.9984395547703355
3.1359999999993606,0.9984238766309619
3.1369999999993583,0.998408293870881
3.137999999999356,0.9983928065267416
3.1389999999993536,0.9983774161925099
3.1399999999993513,0.9983621257743217
3.140999999999349,0.998346939057082
3.1419999999993466,0.998331860145557
3.1429999999993443,0.9983168928605545
3.143999999999342,0.9983020401770275
3.1449999999993397,0.9982873037846247
3.1459999999993373,0.9982726838334061
3.146999999999335,0.998258178900708
3.1479999999993327,0.998243786183377
3.1489999999993303,0.9982295018873227
3.149999999999328,0.9982153217581783
3.1509999999993257,0.99820124167673
3.1519999999993233,0.9981872582336342
3.152999999999321,0.9981733692009831
3.1539999999993187,0.9981595738331688
3.1549999999993164,0.9981458729540902
3.155999999999314,0.9981322688185224
3.1569999999993117,0.9981187647679419
3.1579999999993094,0.9981053647307201
3.158999999999307,0.9980920726387937
3.1599999999993047,0.9980788918448262
3.1609999999993024,0.9980658246235095
3.1619999999993,0.9980528718283874
3.1629999999992977,0.9980400327529991
3.1639999999992954,0.9980273052158356
3.164999999999293,0.9980146858564135
3.1659999999992907,0.998002170599675
3.1669999999992884,0.9979897552218654
3.167999999999286,0.9979774359366311
3.1689999999992837,0.9979652099172435
3.1699999999992814,0.9979530756801132
3.170999999999279,0.9979410332746895
3.1719999999992767,0.9979290842527272
3.1729999999992744,0.9979172314216522
3.173999999999272,0.9979054784178243
3.1749999999992697,0.9978938291613281
3.1759999999992674,0.9978822872708618
3.176999999999265,0.9978708555228194
3.1779999999992627,0.9978595354320772
3.1789999999992604,0.9978483270143459
3.179999999999258,0.9978372287637517
3.1809999999992558,0.9978262378484004
3.1819999999992534,0.9978153504955474
3.182999999999251,0.9978045625108619
3.1839999999992488,0.9977938698572281
3.1849999999992464,0.9977832692100249
3.185999999999244,0.9977727584093039
3.1869999999992418,0.9977623367440679
3.1879999999992394,0.9977520050280488
3.188999999999237,0.9977417654563373
3.189999999999235,0.9977316212637726
3.1909999999992325,0.9977215762344719
3.19199999999923,0.9977116341332039
3.192999999999228,0.9977017981403845
3.1939999999992255,0.9976920703717606
3.194999999999223,0.997682451551483
3.195999999999221,0.997672940885111
3.1969999999992185,0.9976635361503409
3.197999999999216,0.9976542339920855
3.198999999999214,0.9976450303793089
3.1999999999992115,0.9976359211579731
3.200999999999209,0.9976269026207701
3.201999999999207,0.9976179720119825
3.2029999999992045,0.9976091278951513
3.203999999999202,0.9976003703309394
3.2049999999992,0.9975917008398733
3.2059999999991975,0.997583122155557
3.206999999999195,0.997574637804069
3.207999999999193,0.9975662515702072
3.2089999999991905,0.9975579669273964
3.209999999999188,0.9975497865139707
3.210999999999186,0.9975417117300392
3.2119999999991835,0.9975337425104387
3.212999999999181,0.9975258773090396
3.213999999999179,0.9975181132946871
3.2149999999991765,0.9975104467318521
3.215999999999174,0.9975028734897565
3.216999999999172,0.9974953896074604
3.2179999999991695,0.9974879918338199
3.218999999999167,0.9974806780650043
3.219999999999165,0.9974734476169597
3.2209999999991625,0.9974663012938554
3.22199999999916,0.9974592412427886
3.222999999999158,0.9974522706161971
3.2239999999991555,0.9974453930902778
3.224999999999153,0.9974386123089789
3.225999999999151,0.9974319313336054
3.2269999999991485,0.9974253521764727
3.227999999999146,0.9974188754856321
3.228999999999144,0.9974125004253219
3.2299999999991416,0.9974062247689809
3.2309999999991392,0.9974000451911176
3.231999999999137,0.9973939577159755
3.2329999999991346,0.9973879582586114
3.2339999999991322,0.9973820431808531
3.23499999999913,0.9973762097825378
3.2359999999991276,0.9973704566577528
3.2369999999991252,0.9973647838651427
3.237999999999123,0.9973591928880333
3.2389999999991206,0.997353686390341
3.2399999999991183,0.9973482678034987
3.240999999999116,0.9973429408039053
3.2419999999991136,0.9973377087559921
3.2429999999991113,0.9973325742008022
3.243999999999109,0.9973275384632524
3.2449999999991066,0.9973226014340928
3.2459999999991043,0.9973177615574177
3.246999999999102,0.997313016025162
3.2479999999990996,0.9973083611504265
3.2489999999990973,0.9973037928660035
3.249999999999095,0.997299307276653
3.2509999999990926,0.9972949011860938
3.2519999999990903,0.9972905725233137
3.252999999999088,0.9972863206072543
3.2539999999990856,0.9972821462121099
3.2549999999990833,0.997278051424064
3.255999999999081,0.9972740393102355
3.2569999999990786,0.9972701134475321
3.2579999999990763,0.9972662773791466
3.258999999999074,0.997262534076689
3.2599999999990716,0.9972588854849891
3.2609999999990693,0.9972553322145562
3.261999999999067,0.9972518734254244
3.2629999999990646,0.9972485069186354
3.2639999999990623,0.997245229421931
3.26499999999906,0.9972420370285254
3.2659999999990577,0.997238925726055
3.2669999999990553,0.9972358919399982
3.267999999999053,0.9972329330138415
3.2689999999990507,0.9972300475573838
3.2699999999990483,0.9972272356134264
3.270999999999046,0.997224498619167
3.2719999999990437,0.9972218391680153
3.2729999999990413,0.9972192606061948
3.273999999999039,0.9972167665221371
3.2749999999990367,0.9972143602019646
3.2759999999990344,0.9972120441290793
3.276999999999032,0.9972098195994011
3.2779999999990297,0.9972076865070636
3.2789999999990274,0.9972056433308886
3.279999999999025,0.9972036873232063
3.2809999999990227,0.997201814873739
3.2819999999990204,0.9972000219962919
3.282999999999018,0.9971983048686182
3.2839999999990157,0.9971966603482559
3.2849999999990134,0.9971950863906376
3.285999999999011,0.9971935823097875
3.2869999999990087,0.9971921488444231
3.2879999999990064,0.9971907880202002
3.288999999999004,0.9971895028280207
3.2899999999990017,0.9971882967646888
3.2909999999989994,0.9971871733018678
3.291999999998997,0.9971861353594632
3.2929999999989947,0.9971851848587536
3.2939999999989924,0.9971843224190298
3.29499999999899,0.9971835472408245
3.2959999999989877,0.9971828571920759
3.2969999999989854,0.9971822490845836
3.297999999998983,0.9971817191009976
3.2989999999989807,0.9971812633112009
3.2999999999989784,0.9971808782042589
3.300999999998976,0.9971805611599606
3.3019999999989738,0.9971803107926476
3.3029999999989714,0.9971801271182769
3.303999999998969,0.9971800115209934
3.3049999999989668,0.9971799665241757
3.3059999999989644,0.997179995398916
3.306999999998962,0.9971801016661729
3.3079999999989598,0.9971802885639561
3.3089999999989574,0.9971805585557971
3.309999999998955,0.9971809129507042
3.310999999998953,0.9971813516886758
3.3119999999989505,0.997181873322121
3.312999999998948,0.9971824751954914
3.313999999998946,0.9971831537971865
3.3149999999989435,0.9971839052332923
3.315999999998941,0.9971847257554195
3.316999999998939,0.9971856122672705
3.3179999999989365,0.997186562737653
3.318999999998934,0.9971875764610332
3.319999999998932,0.9971886541285259
3.3209999999989295,0.9971897976993485
3.321999999998927,0.9971910100912865
3.322999999998925,0.9971922947346197
3.3239999999989225,0.9971936550523389
3.32499999999892,0.9971950939395514
3.325999999998918,0.9971966133212801
3.3269999999989155,0.9971982138509403
3.327999999998913,0.9971998947879742
3.328999999998911,0.9972016540754592
3.3299999999989085,0.9972034886043268
3.330999999998906,0.9972053946269557
3.331999999998904,0.9972073682609285
3.3329999999989015,0.9972094060110374
3.333999999998899,0.9972115052351416
3.334999999998897,0.9972136644875327
3.3359999999988945,0.9972158836908709
3.336999999998892,0.9972181641123506
3.33799999999889,0.9972205081476464
3.3389999999988875,0.9972229189437335
3.339999999998885,0.9972253999146486
3.340999999998883,0.9972279542195343
3.3419999999988805,0.9972305842775727
3.342999999998878,0.9972332913890039
3.343999999998876,0.9972360755161521
3.3449999999988735,0.9972389352554264
3.345999999998871,0.9972418680040096
3.346999999998869,0.9972448702972158
3.3479999999988665,0.9972479382682656
3.348999999998864,0.9972510681648672
3.349999999998862,0.9972542568489676
3.3509999999988596,0.997257502208496
3.3519999999988572,0.9972608034224456
3.352999999998855,0.9972641610416046
3.3539999999988526,0.997267576873533
3.3549999999988502,0.997271053688344
3.355999999998848,0.9972745947874733
3.3569999999988456,0.9972782034971083
3.3579999999988432,0.9972818826586936
3.358999999998841,0.9972856341891853
3.3599999999988386,0.9972894587736739
3.3609999999988363,0.9972933557339844
3.361999999998834,0.99729732309172
3.3629999999988316,0.9973013578165182
3.3639999999988293,0.9973054562239535
3.364999999998827,0.99730961446631
3.3659999999988246,0.9973138290463083
3.3669999999988223,0.9973180972806701
3.36799999999882,0.9973224176474653
3.3689999999988176,0.9973267899677953
3.3699999999988153,0.9973312153960506
3.370999999998813,0.9973356962202562
3.3719999999988106,0.9973402355010541
3.3729999999988083,0.9973448366009567
3.373999999998806,0.997349502671096
3.3749999999988036,0.9973542361686911
3.3759999999988013,0.9973590384739528
3.376999999998799,0.9973639096608836
3.3779999999987966,0.9973688484543894
3.3789999999987943,0.9973738523795773
3.379999999998792,0.997378918081793
3.3809999999987896,0.9973840417716925
3.3819999999987873,0.997389219731969
3.382999999998785,0.9973944488136267
3.3839999999987826,0.9973997268512008
3.3849999999987803,0.9974050529378671
3.385999999998778,0.9974104275213144
3.3869999999987757,0.9974158523067802
3.3879999999987733,0.9974213299811278
3.388999999998771,0.9974268637973844
3.3899999999987687,0.9974324570790172
3.3909999999987663,0.9974381127146441
3.391999999998764,0.997443832715155
3.3929999999987617,0.9974496178962132
3.3939999999987593,0.9974554677311804
3.394999999998757,0.997461380395183
3.3959999999987547,0.9974673529938498
3.3969999999987524,0.9974733819440662
3.39799999999875,0.9974794634525095
3.3989999999987477,0.9974855940239363
3.3999999999987454,0.9974917709269671
3.400999999998743,0.9974979925511661
3.4019999999987407,0.9975042586046541
3.4029999999987384,0.9975105701241558
3.403999999998736,0.9975169292960829
3.4049999999987337,0.997523339114178
3.4059999999987314,0.9975298029225064
3.406999999998729,0.9975363239089361
3.4079999999987267,0.9975429046212062
3.4089999999987244,0.9975495465744201
3.409999999998722,0.9975562500056756
3.4109999999987197,0.9975630138105765
3.4119999999987174,0.997569835670465
3.412999999998715,0.9975767123521557
3.4139999999987127,0.997583640137508
3.4149999999987104,0.9975906153217828
3.415999999998708,0.9975976347100182
3.4169999999987057,0.9976046960409235
3.4179999999987034,0.9976117982780935
3.418999999998701,0.9976189417271513
3.4199999999986987,0.9976261279621649
3.4209999999986964,0.9976333595718141
3.421999999998694,0.9976406397614286
3.4229999999986918,0.9976479718675437
3.4239999999986894,0.9976553588540287
3.424999999998687,0.9976628028614349
3.4259999999986848,0.9976703048735549
3.4269999999986824,0.9976778645485133
3.42799999999868,0.9976854802386902
3.4289999999986778,0.9976931491942628
3.4299999999986754,0.9977008679263015
3.430999999998673,0.9977086326715305
3.431999999998671,0.9977164398966665
3.4329999999986685,0.9977242867717083
3.433999999998666,0.997732171541603
3.434999999998664,0.99774009374648
3.4359999999986615,0.9977480542573531
3.436999999998659,0.9977560551231544
3.437999999998657,0.9977640992502919
3.4389999999986545,0.9977721899606313
3.439999999998652,0.9977803304904178
3.44099999999865,0.9977885235016166
3.4419999999986475,0.9977967706747839
3.442999999998645,0.9978050724414906
3.443999999998643,0.9978134278938473
3.4449999999986405,0.9978218348841821
3.445999999998638,0.9978302903003541
3.446999999998636,0.9978387904778268
3.4479999999986335,0.9978473316899584
3.448999999998631,0.9978559106471321
3.449999999998629,0.9978645249338676
3.4509999999986265,0.9978731733220714
3.451999999998624,0.997881855915856
3.452999999998622,0.997890574107352
3.4539999999986195,0.997899330349813
3.454999999998617,0.9979081277800783
3.455999999998615,0.9979169697440496
3.4569999999986125,0.9979258592925565
3.45799999999861,0.9979347987190765
3.458999999998608,0.9979437892049114
3.4599999999986055,0.9979528306220682
3.460999999998603,0.9979619215216824
3.461999999998601,0.9979710593095128
3.4629999999985985,0.9979802405837207
3.463999999998596,0.9979894615868865
3.464999999998594,0.9979987187084793
3.4659999999985915,0.9980080089664761
3.466999999998589,0.998017330400061
3.467999999998587,0.9980266823175906
3.4689999999985845,0.9980360653648456
3.469999999998582,0.9980454814035596
3.47099999999858,0.9980549332176414
3.4719999999985776,0.9980644240885186
3.4729999999985752,0.998073957299914
3.473999999998573,0.9980835356421984
3.4749999999985706,0.9980931609866495
3.4759999999985682,0.9981028339898048
3.476999999998566,0.9981125539698189
3.4779999999985636,0.9981223189722521
3.4789999999985612,0.9981321260158518
3.479999999998559,0.9981419714836391
3.4809999999985566,0.9981518516039026
3.4819999999985543,0.9981617629530936
3.482999999998552,0.9981717029095322
3.4839999999985496,0.9981816699936945
3.4849999999985473,0.9981916640468322
3.485999999998545,0.9982016862226007
3.4869999999985426,0.9982117387927913
3.4879999999985403,0.9982218247945197
3.488999999998538,0.9982319475689738
3.4899999999985356,0.9982421102568664
3.4909999999985333,0.9982523153222285
3.491999999998531,0.9982625641717932
3.4929999999985286,0.9982728569239991
3.4939999999985263,0.998283192360011
3.494999999998524,0.9982935680638935
3.4959999999985216,0.9983039807318526
3.4969999999985193,0.998314426607014
3.497999999998517,0.9983249019780076
3.4989999999985146,0.9983354036711409
3.4999999999985123,0.9983459294669326
3.50099999999851,0.998356478383572
3.5019999999985076,0.9983670507808233
3.5029999999985053,0.9983776482782876
3.503999999998503,0.9983882734931694
3.5049999999985006,0.9983989296375327
3.5059999999984983,0.998409620031076
3.506999999998496,0.9984203475983396
3.5079999999984937,0.9984311144217815
3.5089999999984913,0.9984419214136419
3.509999999998489,0.9984527681532331
3.5109999999984867,0.9984636529123485
3.5119999999984843,0.9984745728654004
3.512999999998482,0.9984855244544214
3.5139999999984797,0.9984965038575575
3.5149999999984773,0.9985075074948292
3.515999999998475,0.9985185324998391
3.5169999999984727,0.9985295770907311
3.5179999999984704,0.9985406407879875
3.518999999998468,0.9985517244481494
3.5199999999984657,0.998562830108614
3.5209999999984634,0.9985739606653454
3.521999999998461,0.9985851194290184
3.5229999999984587,0.9985963096223052
3.5239999999984564,0.9986075338893843
3.524999999998454,0.9986187938869772
3.5259999999984517,0.9986300900146764
3.5269999999984494,0.9986414213226333
3.527999999998447,0.9986527856095994
3.5289999999984447,0.998664179697475
3.5299999999984424,0.9986755998436406
3.53099999999844,0.9986870422329284
3.5319999999984377,0.9986985034798596
3.5329999999984354,0.9987099810703041
3.533999999998433,0.998721473680205
3.5349999999984307,0.9987329813262974
3.5359999999984284,0.9987445053274472
3.536999999998426,0.9987560480819583
3.5379999999984237,0.9987676126922184
3.5389999999984214,0.9987792024896656
3.539999999998419,0.9987908205271525
3.5409999999984167,0.9988024691104116
3.5419999999984144,0.9988141494347612
3.542999999998412,0.9988258613783136
3.5439999999984098,0.9988376034808305
3.5449999999984074,0.9988493731111711
3.545999999998405,0.9988611667997352
3.5469999999984028,0.998872980689038
3.5479999999984004,0.9988848110389603
3.548999999998398,0.9988966547154837
3.5499999999983958,0.998908509594003
3.5509999999983934,0.9989203748203133
3.551999999998391,0.9989322508923593
3.552999999998389,0.9989441395511145
3.5539999999983864,0.9989560434959005
3.554999999998384,0.9989679659642562
3.555999999998382,0.9989799102356325
3.5569999999983795,0.99899187912894
3.557999999998377,0.9990038745648492
3.558999999998375,0.9990158972545554
3.5599999999983725,0.9990279465588676
3.56099999999837,0.9990400205374311
3.561999999998368,0.9990521161811398
3.5629999999983655,0.9990642297949891
3.563999999998363,0.9990763574774785
3.564999999998361,0.9990884956290792
3.5659999999983585,0.9991006414181743
3.566999999998356,0.9991127931388081
3.567999999998354,0.9991249504097997
3.5689999999983515,0.9991371141870644
3.569999999998349,0.9991492865873196
3.570999999998347,0.9991614705479696
3.5719999999983445,0.9991736693710837
3.572999999998342,0.9991858862157574
3.57399999999834,0.9991981236104256
3.5749999999983375,0.9992103830538622
3.575999999998335,0.9992226647610559
3.576999999998333,0.9992349675897183
3.5779999999983305,0.9992472891577305
3.578999999998328,0.999259626134953
3.579999999998326,0.9992719746683364
3.5809999999983235,0.9992843308805296
3.581999999998321,0.9992966913718508
3.582999999998319,0.9993090536549843
3.5839999999983165,0.9993214164612073
3.584999999998314,0.9993337798749844
3.585999999998312,0.9993461452778958
3.5869999999983095,0.999358515109749
3.587999999998307,0.9993708924804591
3.588999999998305,0.999383280687387
3.5899999999983025,0.9993956827061184
3.5909999999983,0.9994081007264108
3.591999999998298,0.9994205357986495
3.5929999999982956,0.9994329876405185
3.5939999999982932,0.9994454546310348
3.594999999998291,0.9994579339927229
3.5959999999982886,0.9994704221362553
3.5969999999982862,0.9994829151191073
3.597999999998284,0.9994954091537509
3.5989999999982816,0.9995079010939675
3.5999999999982792,0.9995203888309067
3.600999999998277,0.9995328715431703
3.6019999999982746,0.9995453497656951
3.6029999999982723,0.9995578252676977
3.60399999999827,0.9995703007568194
3.6049999999982676,0.999582779451109
3.6059999999982653,0.9995952645790975
3.606999999998263,0.9996077588783429
3.6079999999982606,0.9996202641629904
3.6089999999982583,0.9996327810211447
3.609999999998256,0.9996453086845286
3.6109999999982536,0.9996578450886662
3.6119999999982513,0.999670387115046
3.612999999998249,0.9996829309811995
3.6139999999982466,0.9996954727238797
3.6149999999982443,0.9997080087074808
3.615999999998242,0.9997205360862977
3.6169999999982396,0.9997330531556815
3.6179999999982373,0.9997455595427386
3.618999999998235,0.9997580562097542
3.6199999999982326,0.9997705452698387
3.6209999999982303,0.999783029640729
3.621999999998228,0.9997955125854391
3.6229999999982256,0.9998079972043911
3.6239999999982233,0.9998204859504285
3.624999999998221,0.9998329802348684
3.6259999999982186,0.9998454801798818
3.6269999999982163,0.9998579845518839
3.627999999998214,0.9998704908851717
3.6289999999982117,0.9998829957783557
3.6299999999982093,0.9998954953219041
3.630999999998207,0.9999079855967816
3.6319999999982047,0.999920463174207
3.6329999999982023,0.9999329255464052
3.6339999999982,0.9999453714279171
3.6349999999981977,0.999957800885172
3.6359999999981953,0.9999702152761348
3.636999999998193,0.9999826170085349
3.6379999999981907,0.999995009150668
3.6389999999981884,1.0000073949494985
3.639999999998186,1.0000197773238024
3.6409999999981837,1.0000321584035308
3.6419999999981814,1.0000445391800503
3.642999999998179,1.0000569193162427
3.6439999999981767,1.0000692971429785
3.6449999999981744,1.0000816698423107
3.645999999998172,1.0000940337915725
3.6469999999981697,1.0001063850200531
3.6479999999981674,1.0001187197142067
3.648999999998165,1.0001310347005605
3.6499999999981627,1.0001433278386525
3.6509999999981604,1.0001555982689219
3.651999999998158,1.0001678464808048
3.6529999999981557,1.000180074191545
3.6539999999981534,1.0001922840527704
3.654999999998151,1.0002044792261047
3.6559999999981487,1.0002166628874376
3.6569999999981464,1.0002288377294721
3.657999999998144,1.0002410055323134
3.6589999999981417,1.0002531668622647
3.6599999999981394,1.000265320940911
3.660999999998137,1.0002774657026634
3.6619999999981347,1.000289598032537
3.6629999999981324,1.0003017141507058
3.66399999999813,1.0003138100898914
3.6649999999981278,1.0003258821986838
3.6659999999981254,1.000337927600316
3.666999999998123,1.0003499445426514
3.6679999999981208,1.000361932590414
3.6689999999981184,1.0003738926327914
3.669999999998116,1.00038582670543
3.6709999999981138,1.0003977376518913
3.6719999999981114,1.0004096286721234
3.672999999998109,1.0004215028213443
3.673999999998107,1.0004333625296016
3.6749999999981044,1.0004452092093084
3.675999999998102,1.0004570430056214
3.6769999999981,1.0004688627244425
3.6779999999980975,1.000480665947916
3.678999999998095,1.0004924493210554
3.679999999998093,1.0005042089692286
3.6809999999980905,1.000515940987994
3.681999999998088,1.0005276419367233
3.682999999998086,1.0005393092669579
3.6839999999980835,1.000550941625621
3.684999999998081,1.0005625389907304
3.685999999998079,1.0005741026207227
3.6869999999980765,1.0005856348246156
3.687999999998074,1.0005971385853343
3.688999999998072,1.0006086170890764
3.6899999999980695,1.0006200732267234
3.690999999998067,1.0006315091371227
3.691999999998065,1.0006429258561156
3.6929999999980625,1.000654323120261
3.69399999999806,1.0006656993524994
3.694999999998058,1.0006770518315078
3.6959999999980555,1.0006883770208423
3.696999999998053,1.0006996710116922
3.697999999998051,1.0007109300172705
3.6989999999980485,1.0007221508497188
3.699999999998046,1.0007333313129072
3.700999999998044,1.0007444704563035
3.7019999999980415,1.0007555686545153
3.702999999998039,1.0007666275015523
3.703999999998037,1.0007776495347485
3.7049999999980345,1.0007886378271553
3.705999999998032,1.0007995955055713
3.70699999999803,1.0008105252617288
3.7079999999980275,1.00082142892498
3.708999999998025,1.0008323071561391
3.709999999998023,1.0008431593050595
3.7109999999980205,1.00085398345158
3.711999999998018,1.0008647766238568
3.712999999998016,1.0008755351633394
3.7139999999980136,1.0008862551852549
3.7149999999980112,1.00089693307022
3.715999999998009,1.0009075659183222
3.7169999999980066,1.0009181519023231
3.7179999999980042,1.0009286904707633
3.718999999998002,1.000939182372763
3.7199999999979996,1.0009496295012426
3.7209999999979972,1.0009600345766874
3.721999999997995,1.0009704007158373
3.7229999999979926,1.000980730945743
3.7239999999979903,1.0009910277311485
3.724999999997988,1.0010012925811962
3.7259999999979856,1.0010115257902363
3.7269999999979833,1.0010217263486727
3.727999999997981,1.0010318920359953
3.7289999999979786,1.0010420196827174
3.7299999999979763,1.0010521055644077
3.730999999997974,1.0010621458726827
3.7319999999979716,1.001072137197385
3.7329999999979693,1.0010820769526958
3.733999999997967,1.0010919636878328
3.7349999999979646,1.0011017972391232
3.7359999999979623,1.0011115787024478
3.73699999999796,1.0011213102301177
3.7379999999979576,1.0011309946807867
3.7389999999979553,1.0011406351714869
3.739999999997953,1.0011502345944783
3.7409999999979506,1.001159795166404
3.7419999999979483,1.0011693180726013
3.742999999997946,1.001178803255985
3.7439999999979436,1.0011882493796698
3.7449999999979413,1.001197653968191
3.745999999997939,1.0012070137073181
3.7469999999979366,1.001216324860407
3.7479999999979343,1.0012255837431208
3.748999999997932,1.0012347871902918
3.7499999999979297,1.0012439329499194
3.7509999999979273,1.0012530199494976
3.751999999997925,1.0012620483977386
3.7529999999979227,1.001271019707749
3.7539999999979203,1.0012799362526315
3.754999999997918,1.0012888009878744
3.7559999999979157,1.0012976169934247
3.7569999999979133,1.001306386999444
3.757999999997911,1.0013151129619018
3.7589999999979087,1.0013237957470498
3.7599999999979064,1.0013324349685024
3.760999999997904,1.0013410289992857
3.7619999999979017,1.00134957515681
3.7629999999978994,1.0013580700346778
3.763999999997897,1.0013665099348563
3.7649999999978947,1.001374891339901
3.7659999999978924,1.0013832113594403
3.76699999999789,1.0013914680888247
3.7679999999978877,1.0013996608301383
3.7689999999978854,1.0014077901450424
3.769999999997883,1.0014158577323473
3.7709999999978807,1.0014238661476844
3.7719999999978784,1.001431818404625
3.772999999997876,1.0014397175130347
3.7739999999978737,1.0014475660191238
3.7749999999978714,1.001455365611229
3.775999999997869,1.0014631168460781
3.7769999999978667,1.0014708190333526
3.7779999999978644,1.0014784702942463
3.778999999997862,1.0014860677854776
3.7799999999978597,1.0014936080572436
3.7809999999978574,1.0015010874950598
3.781999999997855,1.0015085027838988
3.7829999999978527,1.0015158513300437
3.7839999999978504,1.0015231315820754
3.784999999997848,1.001530343206523
3.7859999999978458,1.0015374870940101
3.7869999999978434,1.0015445651953443
3.787999999997841,1.0015515802106958
3.7889999999978388,1.0015585351754313
3.7899999999978364,1.001565433000478
3.790999999997834,1.0015722760312964
3.7919999999978318,1.0015790656867845
3.7929999999978294,1.00158580222815
3.793999999997827,1.0015924846895627
3.794999999997825,1.0015991109798186
3.7959999999978224,1.0016056781404707
3.79699999999782,1.0016121827242044
3.797999999997818,1.0016186212406177
3.7989999999978155,1.0016249906073507
3.799999999997813,1.0016312885438765
3.800999999997811,1.0016375138533518
3.8019999999978085,1.0016436665535606
3.802999999997806,1.001649747839054
3.803999999997804,1.0016557598800833
3.8049999999978015,1.0016617054866488
3.805999999997799,1.001667587684693
3.806999999997797,1.001673409263599
3.8079999999977945,1.0016791723579745
3.808999999997792,1.0016848781217873
3.80999999999779,1.0016905265398794
3.8109999999977875,1.001696116402682
3.811999999997785,1.0017016454472154
3.812999999997783,1.0017071106443647
3.8139999999977805,1.0017125085921994
3.814999999997778,1.0017178359604817
3.815999999997776,1.0017230899245482
3.8169999999977735,1.001728268528351
3.817999999997771,1.001733370926395
3.818999999997769,1.001738397471231
3.8199999999977665,1.001743349634674
3.820999999997764,1.0017482297740743
3.821999999997762,1.0017530407764725
3.8229999999977595,1.001757785630396
3.823999999997757,1.0017624669849852
3.824999999997755,1.001767086757739
3.8259999999977525,1.001771645845234
3.82699999999775,1.0017761439766926
3.827999999997748,1.0017805797303292
3.8289999999977455,1.001784950709752
3.829999999997743,1.0017892538555122
3.830999999997741,1.0017934858482338
3.8319999999977385,1.0017976435471752
3.832999999997736,1.0018017244033086
3.833999999997734,1.001805726789663
3.8349999999977316,1.0018096502032878
3.8359999999977292,1.0018134953110893
3.836999999997727,1.0018172638335374
3.8379999999977246,1.0018209582827782
3.8389999999977222,1.001824581591879
3.83999999999772,1.0018281366869817
3.8409999999977176,1.0018316260619402
3.8419999999977152,1.0018350514144951
3.842999999997713,1.0018384133942964
3.8439999999977106,1.0018417114974218
3.8449999999977083,1.001844944121571
3.845999999997706,1.0018481087738258
3.8469999999977036,1.0018512024017405
3.8479999999977013,1.0018542218015343
3.848999999997699,1.0018571640466105
3.8499999999976966,1.0018600268769529
3.8509999999976943,1.0018628089954995
3.851999999997692,1.001865510230609
3.8529999999976896,1.0018681315424054
3.8539999999976873,1.001870674872491
3.854999999997685,1.0018731428582905
3.8559999999976826,1.0018755384520266
3.8569999999976803,1.001877864497483
3.857999999997678,1.001880123323393
3.8589999999976756,1.001882316409837
3.8599999999976733,1.0018844441736794
3.860999999997671,1.0018865059024333
3.8619999999976686,1.0018884998452697
3.8629999999976663,1.0018904234480928
3.863999999997664,1.0018922736996947
3.8649999999976616,1.0018940475407296
3.8659999999976593,1.0018957422786798
3.866999999997657,1.0018973559513027
3.8679999999976546,1.001898887588316
3.8689999999976523,1.0019003373353084
3.86999999999765,1.0019017064230322
3.8709999999976477,1.0019029969867288
3.8719999999976453,1.001904211760949
3.872999999997643,1.0019053536925355
3.8739999999976407,1.0019064255256869
3.8749999999976383,1.0019074294167292
3.875999999997636,1.0019083666319242
3.8769999999976337,1.0019092373699303
3.8779999999976313,1.0019100407331374
3.878999999997629,1.0019107748513767
3.8799999999976267,1.0019114371404105
3.8809999999976244,1.0019120246590092
3.881999999997622,1.0019125345149036
3.8829999999976197,1.0019129642632594
3.8839999999976174,1.0019133122425186
3.884999999997615,1.001913577801251
3.8859999999976127,1.0019137613848537
3.8869999999976104,1.001913864470446
3.887999999997608,1.0019138893593778
3.8889999999976057,1.001913838856499
3.8899999999976034,1.0019137158809852
3.890999999997601,1.0019135230628724
3.8919999999975987,1.001913262381274
3.8929999999975964,1.0019129348942855
3.893999999997594,1.0019125405977045
3.8949999999975917,1.001912078431717
3.8959999999975894,1.0019115464341541
3.896999999997587,1.0019109420186645
3.8979999999975847,1.0019102623389349
3.8989999999975824,1.00190950468831
3.89999999999758,1.0019086668794102
3.9009999999975777,1.0019077475512488
3.9019999999975754,1.0019067463615003
3.902999999997573,1.0019056640375843
3.9039999999975707,1.001904502279847
3.9049999999975684,1.0019032635306533
3.905999999997566,1.001901950641758
3.9069999999975638,1.0019005664863487
3.9079999999975614,1.0018991135696909
3.908999999997559,1.0018975936923125
3.9099999999975568,1.0018960077122239
3.9109999999975544,1.0018943554387714
3.911999999997552,1.0018926356724032
3.9129999999975498,1.0018908463843965
3.9139999999975474,1.0018889850112462
3.914999999997545,1.0018870488226645
3.915999999997543,1.0018850353120672
3.9169999999975404,1.0018829425554536
3.917999999997538,1.0018807694890948
3.918999999997536,1.001878516067798
3.9199999999975335,1.001876183282125
3.920999999997531,1.0018737730325475
3.921999999997529,1.0018712878783498
3.9229999999975265,1.0018687306964045
3.923999999997524,1.0018661042973531
3.924999999997522,1.0018634110524893
3.9259999999975195,1.0018606525829863
3.926999999997517,1.001857829554297
3.927999999997515,1.0018549416038696
3.9289999999975125,1.001851987411748
3.92999999999751,1.0018489649038629
3.930999999997508,1.0018458715595078
3.9319999999975055,1.0018427047801675
3.932999999997503,1.0018394622685223
3.933999999997501,1.001836142365181
3.9349999999974985,1.0018327442966368
3.935999999997496,1.0018292683003587
3.936999999997494,1.0018257156099926
3.9379999999974915,1.00182208830307
3.938999999997489,1.0018183890326704
3.939999999997487,1.0018146206805183
3.9409999999974845,1.001810785979786
3.941999999997482,1.00180688715994
3.94299999999748,1.001802925662726
3.9439999999974775,1.0017989019684088
3.944999999997475,1.0017948155559593
3.945999999997473,1.0017906650022963
3.9469999999974705,1.0017864482064522
3.947999999997468,1.001782162707309
3.948999999997466,1.001777806050718
3.9499999999974635,1.0017733761551066
3.950999999997461,1.0017688716249953
3.951999999997459,1.0017642919691676
3.9529999999974565,1.0017596376935165
3.953999999997454,1.0017549102559953
3.954999999997452,1.0017501118902505
3.9559999999974496,1.0017452453226858
3.9569999999974472,1.0017403134224234
3.957999999997445,1.001735318832826
3.9589999999974426,1.0017302636356549
3.9599999999974402,1.0017251490942598
3.960999999997438,1.001719975511122
3.9619999999974356,1.0017147422191155
3.9629999999974332,1.0017094477073358
3.963999999997431,1.0017040898637015
3.9649999999974286,1.0016986663004923
3.9659999999974263,1.0016931747175817
3.966999999997424,1.0016876132530386
3.9679999999974216,1.0016819807726152
3.9689999999974193,1.0016762770581986
3.969999999997417,1.0016705028693509
3.9709999999974146,1.0016646598696912
3.9719999999974123,1.0016587504286267
3.97299999999741,1.0016527773261659
3.9739999999974076,1.001646743401959
3.9749999999974053,1.001640651197304
3.975999999997403,1.0016345026397173
3.9769999999974006,1.001628298813624
3.9779999999973983,1.0016220398486753
3.978999999997396,1.0016157249408248
3.9799999999973936,1.0016093525028935
3.9809999999973913,1.001602920423477
3.981999999997389,1.0015964263981159
3.9829999999973866,1.0015898682867597
3.9839999999973843,1.0015832444480095
3.984999999997382,1.001576554003943
3.9859999999973796,1.0015697969989832
3.9869999999973773,1.001562974431033
3.987999999997375,1.001556088150801
3.9889999999973726,1.0015491406435388
3.9899999999973703,1.001542134723685
3.990999999997368,1.0015350731849137
3.9919999999973657,1.0015279584541878
3.9929999999973633,1.0015207922977196
3.993999999997361,1.001513575619429
3.9949999999973587,1.0015063083795666
3.9959999999973563,1.001498989644461
3.996999999997354,1.0014916177602005
3.9979999999973517,1.0014841906259249
3.9989999999973493,1.0014767060287177
3.999999999997347,1.0014691619936216
4.000999999997345,1.0014615571003087
4.001999999997342,1.001453890722619
4.00299999999734,1.0014461631579163
4.003999999997338,1.0014383756285352
4.004999999997335,1.0014305301553357
4.005999999997333,1.0014226293211275
4.006999999997331,1.0014146759569817
4.007999999997328,1.0014066727950537
4.008999999997326,1.0013986221361164
4.009999999997324,1.001390525577833
4.010999999997321,1.001382383841275
4.011999999997319,1.0013741967194898
4.012999999997317,1.0013659631549654
4.013999999997314,1.0013576814350018
4.014999999997312,1.0013493494777026
4.01599999999731,1.001340965168826
4.016999999997307,1.0013325267027646
4.017999999997305,1.0013240328804116
4.018999999997303,1.0013154833227302
4.0199999999973,1.0013068785705195
4.020999999997298,1.0012982200567397
4.021999999997296,1.0012895099554109
4.022999999997293,1.0012807509282455
4.023999999997291,1.0012719458043269
4.024999999997289,1.0012630972373873
4.025999999997286,1.0012542073882542
4.026999999997284,1.001245277676444
4.027999999997282,1.001236308635198
4.028999999997279,1.0012272998898355
4.029999999997277,1.0012182502621942
4.030999999997275,1.0012091579864475
4.031999999997272,1.0012000210062129
4.03299999999727,1.001190837311658
4.033999999997268,1.0011816052698397
4.034999999997265,1.0011723239024855
4.035999999997263,1.0011629930727652
4.036999999997261,1.0011536135552574
4.0379999999972584,1.0011441869795374
4.038999999997256,1.0011347156553783
4.039999999997254,1.0011252023039916
4.0409999999972515,1.0011156497327611
4.041999999997249,1.0011060604987028
4.042999999997247,1.0010964366073851
4.0439999999972445,1.0010867792890283
4.044999999997242,1.0010770888826912
4.04599999999724,1.001067364844427
4.0469999999972375,1.0010576058780731
4.047999999997235,1.001047810170341
4.048999999997233,1.0010379756974714
4.0499999999972305,1.0010281005608308
4.050999999997228,1.0010181833048704
4.051999999997226,1.0010082231733297
4.0529999999972235,1.0009982202681889
4.053999999997221,1.0009881755893861
4.054999999997219,1.000978090949896
4.0559999999972165,1.000967968778107
4.056999999997214,1.0009578118350866
4.057999999997212,1.0009476228861298
4.0589999999972095,1.000937404372292
4.059999999997207,1.0009271581275352
4.060999999997205,1.0009168851806916
4.0619999999972025,1.0009065856696309
4.0629999999972,1.0008962588793633
4.063999999997198,1.0008859033986268
4.0649999999971955,1.0008755173730701
4.065999999997193,1.0008650988197711
4.066999999997191,1.0008546459593597
4.0679999999971885,1.0008441575196034
4.068999999997186,1.0008336329683
4.069999999997184,1.000823072643155
4.0709999999971815,1.0008124777606702
4.071999999997179,1.0008018503028968
4.072999999997177,1.0007911927979107
4.0739999999971745,1.0007805080246506
4.074999999997172,1.0007697986832658
4.07599999999717,1.0007590670768634
4.076999999997168,1.0007483148488985
4.077999999997165,1.000737542812659
4.078999999997163,1.0007267508964113
4.079999999997161,1.0007159382116995
4.080999999997158,1.0007051032351488
4.081999999997156,1.000694244078404
4.082999999997154,1.0006833588085846
4.083999999997151,1.0006724457746874
4.084999999997149,1.0006615038945281
4.085999999997147,1.0006505328623285
4.086999999997144,1.0006395332481057
4.087999999997142,1.00062850647508
4.08899999999714,1.000617454678318
4.089999999997137,1.0006063804643923
4.090999999997135,1.0005952866056134
4.091999999997133,1.0005841757114824
4.09299999999713,1.0005730499231535
4.093999999997128,1.0005619106734147
4.094999999997126,1.0005507585455282
4.095999999997123,1.000539593250464
4.096999999997121,1.0005284137255652
4.097999999997119,1.0005172183408038
4.098999999997116,1.0005060051838357
4.099999999997114,1.0004947723841235
4.100999999997112,1.000483518430988
4.101999999997109,1.0004722424412849
4.102999999997107,1.0004609443394379
4.103999999997105,1.000449624924771
4.104999999997102,1.0004382858167973
4.1059999999971,1.0004269292861545
4.106999999997098,1.0004155579948393
4.107999999997095,1.0004041746820387
4.108999999997093,1.00039278183941
4.109999999997091,1.0003813814211175
4.110999999997088,1.000369974628994
4.111999999997086,1.0003585618027164
4.112999999997084,1.0003471424301864
4.113999999997081,1.000335715276569
4.114999999997079,1.0003242786139073
4.115999999997077,1.0003128305192521
4.116999999997074,1.0003013691997111
4.117999999997072,1.0002898932990854
4.11899999999707,1.000278402143328
4.119999999997067,1.0002668958905947
4.120999999997065,1.0002553755649748
4.121999999997063,1.0002438429692224
4.12299999999706,1.000232300488732
4.123999999997058,1.0002207508141938
4.124999999997056,1.0002091966217177
4.125999999997053,1.0001976402551276
4.126999999997051,1.0001860834547938
4.127999999997049,1.0001745271708142
4.128999999997046,1.0001629714865408
4.129999999997044,1.0001514156630302
4.130999999997042,1.0001398582981145
4.131999999997039,1.0001282975778225
4.132999999997037,1.0001167315850052
4.133999999997035,1.0001051586220684
4.134999999997032,1.0000935775027373
4.13599999999703,1.000081987772109
4.136999999997028,1.0000703898242576
4.137999999997025,1.0000587849009706
4.138999999997023,1.0000471749718323
4.139999999997021,1.000035562512473
4.140999999997018,1.0000239502120496
4.141999999997016,1.0000123406509205
4.142999999997014,1.0000007359936134
4.143999999997011,0.9999891377399988
4.144999999997009,0.9999775465694073
4.145999999997007,0.9999659622993842
4.146999999997004,0.9999543839647698
4.147999999997002,0.9999428100059538
4.148999999997,0.9999312385399417
4.149999999996997,0.9999196676763107
4.150999999996995,0.9999080958338668
4.151999999996993,0.9998965220137199
4.15299999999699,0.999884945990581
4.153999999996988,0.9998733683955305
4.154999999996986,0.9998617906786912
4.155999999996983,0.9998502149570703
4.156999999996981,0.9998386437689388
4.157999999996979,0.9998270797691896
4.1589999999969764,0.9998155254083761
4.159999999996974,0.9998039826404057
4.160999999996972,0.9997924526997529
4.1619999999969695,0.9997809359793507
4.162999999996967,0.999769432026139
4.163999999996965,0.999757939654813
4.1649999999969625,0.9997464571637777
4.16599999999696,0.9997349826230278
4.166999999996958,0.999723514193631
4.1679999999969555,0.9997120504340761
4.168999999996953,0.9997005905505894
4.169999999996951,0.9996891345563567
4.1709999999969485,0.9996776833173646
4.171999999996946,0.9996662384784621
4.172999999996944,0.9996548022800523
4.1739999999969415,0.9996433772911755
4.174999999996939,0.999631966096458
4.175999999996937,0.9996205709808627
4.1769999999969345,0.9996091936564401
4.177999999996932,0.9995978350693449
4.17899999999693,0.9995864953140959
4.1799999999969275,0.9995751736669952
4.180999999996925,0.999563868733941
4.181999999996923,0.9995525786918397
4.1829999999969205,0.9995413015897443
4.183999999996918,0.9995300356674963
4.184999999996916,0.9995187796471917
4.1859999999969135,0.9995075329566079
4.186999999996911,0.9994962958532643
4.187999999996909,0.9994850694317381
4.1889999999969065,0.9994738555132364
4.189999999996904,0.999462656433
4.190999999996902,0.9994514747554198
4.1919999999968995,0.9994403129569489
4.192999999996897,0.9994291731213255
4.193999999996895,0.9994180566898826
4.1949999999968925,0.9994069643019351
4.19599999999689,0.9993958957475495
4.196999999996888,0.9993848500392263
4.197999999996886,0.999373825592349
4.198999999996883,0.9993628204890147
4.199999999996881,0.9993518327881931
4.200999999996879,0.999340860838667
4.201999999996876,0.9993299035508346
4.202999999996874,0.9993189605892228
4.203999999996872,0.9993080324586863
4.204999999996869,0.9992971204722377
4.205999999996867,0.9992862266050674
4.206999999996865,0.9992753532553424
4.207999999996862,0.9992645029454658
4.20899999999686,0.9992536780058362
4.209999999996858,0.9992428802855587
4.210999999996855,0.9992321109307273
4.211999999996853,0.999221370261356
4.212999999996851,0.9992106577641595
4.213999999996848,0.9991999722020705
4.214999999996846,0.9991893118250477
4.215999999996844,0.9991786746524816
4.216999999996841,0.9991680587875102
4.217999999996839,0.9991574627190579
4.218999999996837,0.9991468855691804
4.219999999996834,0.9991363272509505
4.220999999996832,0.9991257885147382
4.22199999999683,0.9991152708764216
4.222999999996827,0.9991047764376814
4.223999999996825,0.9990943076237527
4.224999999996823,0.9990838668755774
4.22599999999682,0.9990734563397144
4.226999999996818,0.9990630775996318
4.227999999996816,0.9990527314861164
4.228999999996813,0.9990424179933852
4.229999999996811,0.9990321363125733
4.230999999996809,0.9990218849777837
4.231999999996806,0.9990116621040805
4.232999999996804,0.9990014656839021
4.233999999996802,0.9989912939001923
4.234999999996799,0.9989811454122155
4.235999999996797,0.9989710195738635
4.236999999996795,0.9989609165537794
4.237999999996792,0.9989508373404207
4.23899999999679,0.9989407836314297
4.239999999996788,0.9989307576229628
4.240999999996785,0.9989207617287188
4.241999999996783,0.9989107982682973
4.242999999996781,0.998900869168802
4.243999999996778,0.9988909757216677
4.244999999996776,0.9988811184288833
4.245999999996774,0.9988712969601379
4.246999999996771,0.9988615102268081
4.247999999996769,0.9988517565622632
4.248999999996767,0.9988420339830327
4.249999999996764,0.9988323404940441
4.250999999996762,0.9988226743949482
4.25199999999676,0.9988130345444302
4.252999999996757,0.9988034205453107
4.253999999996755,0.998793832824423
4.254999999996753,0.9987842725960705
4.25599999999675,0.9987747417143027
4.256999999996748,0.9987652424348981
4.257999999996746,0.9987557771206941
4.258999999996743,0.9987463479318254
4.259999999996741,0.998736956544542
4.260999999996739,0.9987276039381672
4.261999999996736,0.9987182902801226
4.262999999996734,0.9987090149250929
4.263999999996732,0.9986997765283223
4.264999999996729,0.9986905732569854
4.265999999996727,0.9986814030697785
4.266999999996725,0.9986722640253429
4.267999999996722,0.9986631545760415
4.26899999999672,0.9986540738057538
4.269999999996718,0.9986450215782064
4.270999999996715,0.9986359985750058
4.271999999996713,0.9986270062180762
4.272999999996711,0.9986180464875427
4.273999999996708,0.9986091216608142
4.274999999996706,0.9986002340097451
4.275999999996704,0.9985913854986079
4.276999999996701,0.998582577525461
4.277999999996699,0.9985738107432963
4.278999999996697,0.9985650849860801
4.2799999999966944,0.9985563993099648
4.280999999996692,0.9985477521437449
4.28199999999669,0.998539141527249
4.2829999999966875,0.9985305654040187
4.283999999996685,0.9985220219270002
4.284999999996683,0.9985135097341811
4.2859999999966805,0.9985050281553471
4.286999999996678,0.9984965773208636
4.287999999996676,0.9984881581572072
4.2889999999966735,0.9984797722699742
4.289999999996671,0.9984714217309593
4.290999999996669,0.9984631087994419
4.2919999999966665,0.9984548356170735
4.292999999996664,0.9984466039194201
4.293999999996662,0.9984384148048301
4.2949999999966595,0.9984302685931302
4.295999999996657,0.9984221647939474
4.296999999996655,0.9984141021889936
4.2979999999966525,0.9984060790165827
4.29899999999665,0.9983980932322825
4.299999999996648,0.9983901428088972
4.3009999999966455,0.9983822260334828
4.301999999996643,0.9983743417595342
4.302999999996641,0.9983664895788061
4.3039999999966385,0.9983586698886178
4.304999999996636,0.9983508838452124
4.305999999996634,0.9983431332098598
4.3069999999966315,0.9983354201095225
4.307999999996629,0.9983277467459526
4.308999999996627,0.998320115094332
4.3099999999966245,0.998312526633978
4.310999999996622,0.9983049821490626
4.31199999999662,0.9982974816273528
4.3129999999966175,0.9982900242711158
4.313999999996615,0.9982826086185234
4.314999999996613,0.9982752327583009
4.3159999999966105,0.9982678946072854
4.316999999996608,0.9982605922116962
4.317999999996606,0.9982533240296351
4.318999999996604,0.9982460891549929
4.319999999996601,0.9982388874512268
4.320999999996599,0.9982317195762181
4.321999999996597,0.9982245868947842
4.322999999996594,0.9982174912913098
4.323999999996592,0.9982104349090344
4.32499999999659,0.9982034198528952
4.325999999996587,0.9981964478979043
4.326999999996585,0.998189520244202
4.327999999996583,0.9981826373532909
4.32899999999658,0.9981757988884323
4.329999999996578,0.9981690037674642
4.330999999996576,0.9981622503204677
4.331999999996573,0.9981555365299141
4.332999999996571,0.998148860319358
4.333999999996569,0.9981422198499392
4.334999999996566,0.998135613782858
4.335999999996564,0.9981290414708489
4.336999999996562,0.9981225030516891
4.337999999996559,0.9981159994306293
4.338999999996557,0.9981095321543252
4.339999999996555,0.9981031031941854
4.340999999996552,0.9980967146698186
4.34199999999655,0.9980903685517052
4.342999999996548,0.9980840663850833
4.343999999996545,0.9980778090739951
4.344999999996543,0.9980715967558738
4.345999999996541,0.998065428784233
4.346999999996538,0.9980593038217611
4.347999999996536,0.9980532200305506
4.348999999996534,0.9980471753325375
4.349999999996531,0.9980411677033442
4.350999999996529,0.9980351954580707
4.351999999996527,0.9980292574887217
4.352999999996524,0.9980233534198147
4.353999999996522,0.9980174836602906
4.35499999999652,0.9980116493444803
4.355999999996517,0.9980058521705797
4.356999999996515,0.9980000941595508
4.357999999996513,0.9979943773685853
4.35899999999651,0.997988703599635
4.359999999996508,0.9979830741441845
4.360999999996506,0.9979774896001983
4.361999999996503,0.9979719497869971
4.362999999996501,0.9979664537699262
4.363999999996499,0.9979609999911833
4.364999999996496,0.9979555864882389
4.365999999996494,0.9979502111689402
4.366999999996492,0.9979448721044362
4.367999999996489,0.9979395677986116
4.368999999996487,0.9979342973960248
4.369999999996485,0.9979290607990678
4.370999999996482,0.9979238586779046
4.37199999999648,0.9979186923718755
4.372999999996478,0.9979135636964059
4.373999999996475,0.9979084746827923
4.374999999996473,0.9979034272876827
4.375999999996471,0.9978984231133167
4.376999999996468,0.9978934631780025
4.377999999996466,0.9978885477691452
4.378999999996464,0.997883676399455
4.379999999996461,0.9978788478723623
4.380999999996459,0.9978740604472617
4.381999999996457,0.9978693120811708
4.382999999996454,0.9978646007126276
4.383999999996452,0.9978599245477581
4.38499999999645,0.9978552823081491
4.385999999996447,0.9978506734056041
4.386999999996445,0.9978460980191836
4.387999999996443,0.997841557063734
4.38899999999644,0.9978370520544718
4.389999999996438,0.9978325848868463
4.390999999996436,0.9978281575628688
4.391999999996433,0.9978237719026294
4.392999999996431,0.9978194292817382
4.393999999996429,0.9978151304317295
4.394999999996426,0.9978108753314859
4.395999999996424,0.9978066632048868
4.396999999996422,0.9978024926248507
4.397999999996419,0.9977983617089656
4.398999999996417,0.9977942683790203
4.399999999996415,0.9977902106477483
4.4009999999964124,0.9977861868923307
4.40199999999641,0.9977821960760866
4.402999999996408,0.9977782378871106
4.4039999999964055,0.9977743127743808
4.404999999996403,0.9977704218763231
4.405999999996401,0.9977665668520452
4.4069999999963985,0.9977627496391761
4.407999999996396,0.9977589721725906
4.408999999996394,0.9977552361037905
4.4099999999963915,0.9977515425605515
4.410999999996389,0.9977478919806985
4.411999999996387,0.9977442840433542
4.4129999999963845,0.9977407177072285
4.413999999996382,0.9977371913503914
4.41499999999638,0.9977337029916997
4.4159999999963775,0.9977302505625512
4.416999999996375,0.9977268321905812
4.417999999996373,0.9977234464552843
4.4189999999963705,0.9977200925795244
4.419999999996368,0.9977167705299693
4.420999999996366,0.9977134810123625
4.4219999999963635,0.9977102253624073
4.422999999996361,0.9977070053477818
4.423999999996359,0.9977038229093322
4.4249999999963565,0.9977006798780618
4.425999999996354,0.9976975777079178
4.426999999996352,0.9976945172620525
4.4279999999963495,0.9976914986826607
4.428999999996347,0.9976885213626202
4.429999999996345,0.9976855840228064
4.4309999999963425,0.9976826848840267
4.43199999999634,0.9976798219092028
4.432999999996338,0.9976769930815852
4.4339999999963355,0.9976741966797216
4.434999999996333,0.9976714315104024
4.435999999996331,0.9976686970667678
4.4369999999963285,0.9976659935893256
4.437999999996326,0.9976633220213714
4.438999999996324,0.9976606838652057
4.4399999999963216,0.9976580809595527
4.440999999996319,0.9976555152097079
4.441999999996317,0.9976529883085713
4.442999999996315,0.9976505014879581
4.443999999996312,0.9976480553352384
4.44499999999631,0.9976456497010899
4.445999999996308,0.9976432837112305
4.446999999996305,0.99764095588034
4.447999999996303,0.9976386643119759
4.448999999996301,0.9976364069561905
4.449999999996298,0.9976341818884562
4.450999999996296,0.9976319875705618
4.451999999996294,0.99762982305668
4.452999999996291,0.997627688115605
4.453999999996289,0.997625583251973
4.454999999996287,0.9976235096235777
4.455999999996284,0.9976214688665692
4.456999999996282,0.9976194628532955
4.45799999999628,0.9976174934170786
4.458999999996277,0.9976155620828017
4.459999999996275,0.9976136698413207
4.460999999996273,0.9976118169994818
4.46199999999627,0.9976100031267726
4.462999999996268,0.9976082271060129
4.463999999996266,0.9976064872807918
4.464999999996263,0.9976047816787419
4.465999999996261,0.9976031082790814
4.466999999996259,0.99760146528666
4.467999999996256,0.9975998513738515
4.468999999996254,0.9975982658562098
4.469999999996252,0.9975967087771791
4.470999999996249,0.9975951808899749
4.471999999996247,0.9975936835393148
4.472999999996245,0.9975922184597733
4.473999999996242,0.9975907875193382
4.47499999999624,0.9975893924444121
4.475999999996238,0.9975880345651024
4.476999999996235,0.9975867146167176
4.477999999996233,0.9975854326253899
4.478999999996231,0.9975841878938407
4.479999999996228,0.9975829790891534
4.480999999996226,0.9975818044200504
4.481999999996224,0.9975806618785739
4.482999999996221,0.9975795495120203
4.483999999996219,0.9975784656867751
4.484999999996217,0.9975774093068468
4.485999999996214,0.9975763799563352
4.486999999996212,0.9975753779457922
4.48799999999621,0.997574404256029
4.488999999996207,0.9975734603873933
4.489999999996205,0.9975725481358959
4.490999999996203,0.997571669327853
4.4919999999962,0.99757082555056
4.492999999996198,0.9975700179169986
4.493999999996196,0.9975692468977242
4.494999999996193,0.9975685122435533
4.495999999996191,0.9975678130098269
4.496999999996189,0.9975671476786904
4.497999999996186,0.9975665143620436
4.498999999996184,0.9975659110564499
4.499999999996182,0.9975653359140353
4.500999999996179,0.9975647874911712
4.501999999996177,0.9975642649398968
4.502999999996175,0.9975637681151367
4.503999999996172,0.9975632975826636
4.50499999999617,0.997562854526774
4.505999999996168,0.9975624405708038
4.506999999996165,0.9975620575358933
4.507999999996163,0.9975617071721229
4.508999999996161,0.9975613908999865
4.509999999996158,0.9975611095986473
4.510999999996156,0.9975608634707871
4.511999999996154,0.997560652003003
4.512999999996151,0.997560474027202
4.513999999996149,0.9975603278742264
4.514999999996147,0.9975602115979368
4.515999999996144,0.9975601232381152
4.516999999996142,0.9975600610850812
4.51799999999614,0.9975600239087277
4.518999999996137,0.9975600111197187
4.519999999996135,0.9975600228401724
4.520999999996133,0.9975600598739436
4.5219999999961304,0.9975601235807863
4.522999999996128,0.9975602156722297
4.523999999996126,0.9975603379580563
4.5249999999961235,0.9975604920791891
4.525999999996121,0.9975606792646944
4.526999999996119,0.9975609001471344
4.5279999999961165,0.9975611546622398
4.528999999996114,0.9975614420469242
4.529999999996112,0.9975617609358115
4.5309999999961095,0.9975621095425464
4.531999999996107,0.9975624859002518
4.532999999996105,0.9975628881271843
4.5339999999961025,0.9975633146801532
4.5349999999961,0.9975637645599792
4.535999999996098,0.9975642374400832
4.5369999999960955,0.9975647337001349
4.537999999996093,0.9975652543600856
4.538999999996091,0.9975658009239734
4.5399999999960885,0.9975663751556189
4.540999999996086,0.997566978817914
4.541999999996084,0.9975676134125235
4.5429999999960815,0.997568279956702
4.543999999996079,0.9975689788286544
4.544999999996077,0.9975697097031471
4.5459999999960745,0.9975704715863349
4.546999999996072,0.9975712629447854
4.54799999999607,0.9975720819104112
4.5489999999960675,0.997572926532379
4.549999999996065,0.9975737950404566
4.550999999996063,0.9975746860826972
4.5519999999960605,0.9975755989039767
4.552999999996058,0.9975765334402782
4.553999999996056,0.9975774903154728
4.5549999999960535,0.9975784707411431
4.555999999996051,0.9975794763336433
4.556999999996049,0.9975805088742739
4.5579999999960465,0.997581570046446
4.558999999996044,0.9975826611869177
4.559999999996042,0.9975837830861554
4.5609999999960396,0.9975849358658988
4.561999999996037,0.9975861189510985
4.562999999996035,0.9975873311400663
4.563999999996033,0.9975885707628593
4.56499999999603,0.9975898359054953
4.565999999996028,0.9975911246683691
4.566999999996026,0.9975924354224335
4.567999999996023,0.9975937670270676
4.568999999996021,0.9975951189789578
4.569999999996019,0.997596491471064
4.570999999996016,0.9975978853534176
4.571999999996014,0.9975993020013504
4.572999999996012,0.9976007431097963
4.573999999996009,0.9976022104427269
4.574999999996007,0.9976037055730923
4.575999999996005,0.9976052296499194
4.576999999996002,0.9976067832253762
4.577999999996,0.9976083661661027
4.578999999995998,0.9976099776612012
4.579999999995995,0.9976116163256737
4.580999999995993,0.9976132803846213
4.581999999995991,0.997614967912217
4.582999999995988,0.9976166770917502
4.583999999995986,0.9976184064601094
4.584999999995984,0.9976201551022903
4.585999999995981,0.9976219227685613
4.586999999995979,0.9976237098978209
4.587999999995977,0.9976255175439183
4.588999999995974,0.9976273472153719
4.589999999995972,0.9976292006511499
4.59099999999597,0.9976310795641599
4.591999999995967,0.99763298538863
4.592999999995965,0.99763491906698
4.593999999995963,0.9976368809061663
4.59499999999596,0.9976388705236636
4.595999999995958,0.9976408868905956
4.596999999995956,0.9976429284658554
4.597999999995953,0.99764499340225
4.598999999995951,0.9976470797955965
4.599999999995949,0.9976491859416836
4.600999999995946,0.9976513105649115
4.601999999995944,0.9976534529864375
4.602999999995942,0.9976556132081735
4.603999999995939,0.9976577919008554
4.604999999995937,0.9976599902979022
4.605999999995935,0.9976622100100992
4.606999999995932,0.9976644527872485
4.60799999999593,0.9976667202604286
4.608999999995928,0.9976690137011821
4.609999999995925,0.9976713338315295
4.610999999995923,0.997673680711522
4.611999999995921,0.9976760537200953
4.612999999995918,0.9976784516318271
4.613999999995916,0.9976808727787215
4.614999999995914,0.9976833152741844
4.615999999995911,0.997685777267624
4.616999999995909,0.9976882571938339
4.617999999995907,0.99769075398205
4.618999999995904,0.997693267195286
4.619999999995902,0.9976957970803457
4.6209999999959,0.9976983445215258
4.621999999995897,0.997700910904573
4.622999999995895,0.9977034979100976
4.623999999995893,0.997706107265594
4.62499999999589,0.9977087404910211
4.625999999995888,0.9977113986737695
4.626999999995886,0.9977140823046902
4.627999999995883,0.9977167911982056
4.628999999995881,0.9977195245076823
4.629999999995879,0.9977222808338183
4.630999999995876,0.9977250584107291
4.631999999995874,0.9977278553434877
4.632999999995872,0.9977306698636861
4.633999999995869,0.9977335005670452
4.634999999995867,0.9977363465996535
4.635999999995865,0.99773920776665
4.636999999995862,0.9977420845480791
4.63799999999586,0.9977449780197188
4.638999999995858,0.9977478896900752
4.639999999995855,0.9977508212765305
4.640999999995853,0.997753774452207
4.641999999995851,0.9977567505992081
4.6429999999958484,0.9977597506029678
4.643999999995846,0.9977627747166271
4.644999999995844,0.9977658225144612
4.6459999999958415,0.99776889294084
4.646999999995839,0.9977719844477614
4.647999999995837,0.9977750952015635
4.6489999999958345,0.9977782233296955
4.649999999995832,0.9977813671728456
4.65099999999583,0.9977845255069365
4.6519999999958275,0.9977876977037969
4.652999999995825,0.9977908838079005
4.653999999995823,0.9977940845184148
4.6549999999958205,0.9977973010791055
4.655999999995818,0.9978005350916445
4.656999999995816,0.9978037882786263
4.6579999999958135,0.9978070622296886
4.658999999995811,0.9978103581664611
4.659999999995809,0.9978136767594227
4.6609999999958065,0.9978170180223768
4.661999999995804,0.9978203812993451
4.662999999995802,0.9978237653456445
4.6639999999957995,0.9978271684917083
4.664999999995797,0.9978305888665489
4.665999999995795,0.9978340246494373
4.6669999999957925,0.9978374743143862
4.66799999999579,0.9978409368330717
4.668999999995788,0.9978444118076588
4.6699999999957855,0.9978478995148823
4.670999999995783,0.9978514008551954
4.671999999995781,0.997854917214171
4.6729999999957785,0.9978584502556889
4.673999999995776,0.9978620016760428
4.674999999995774,0.9978655729535717
4.6759999999957715,0.9978691651290432
4.676999999995769,0.9978727786476715
4.677999999995767,0.9978764132849345
4.6789999999957645,0.9978800681665738
4.679999999995762,0.9978837418798999
4.68099999999576,0.9978874326607109
4.6819999999957576,0.9978911386295103
4.682999999995755,0.9978948580438096
4.683999999995753,0.9978985895310506
4.684999999995751,0.9979023322694139
4.685999999995748,0.9979060860911144
4.686999999995746,0.9979098514936643
4.687999999995744,0.9979136295575481
4.688999999995741,0.9979174217819097
4.689999999995739,0.9979212298613854
4.690999999995737,0.9979250554355081
4.691999999995734,0.9979288998459377
4.692999999995732,0.9979327639356538
4.69399999999573,0.9979366479183263
4.694999999995727,0.9979405513361745
4.695999999995725,0.9979444731121837
4.696999999995723,0.9979484116892885
4.69799999999572,0.9979523652369219
4.698999999995718,0.9979563318958963
4.699999999995716,0.9979603100271894
4.700999999995713,0.9979642984296926
4.701999999995711,0.9979682964963184
4.702999999995709,0.9979723042865466
4.703999999995706,0.9979763225052116
4.704999999995704,0.997980352390548
4.705999999995702,0.9979843955272462
4.706999999995699,0.9979884536108464
4.707999999995697,0.997992528196601
4.708999999995695,0.9979966204681302
4.709999999995692,0.9980007310583736
4.71099999999569,0.9980048599479675
4.711999999995688,0.9980090064552822
4.712999999995685,0.9980131693194702
4.713999999995683,0.9980173468648152
4.714999999995681,0.9980215372232604
4.715999999995678,0.9980257385838464
4.716999999995676,0.9980299494340141
4.717999999995674,0.99803416875888
4.718999999995671,0.9980383961704973
4.719999999995669,0.998042631948959
4.720999999995667,0.9980468769895691
4.721999999995664,0.9980511326635433
4.722999999995662,0.9980554006118254
4.72399999999566,0.9980596825010234
4.724999999995657,0.9980639797757813
4.725999999995655,0.9980682934423902
4.726999999995653,0.9980726239140196
4.72799999999565,0.9980769709392897
4.728999999995648,0.9980813336241615
4.729999999995646,0.998085710544024
4.730999999995643,0.998090099930197
4.731999999995641,0.9980944999046343
4.732999999995639,0.9980989087298615
4.733999999995636,0.9981033250390551
4.734999999995634,0.9981077480139695
4.735999999995632,0.9981121774857247
4.736999999995629,0.9981166139443166
4.737999999995627,0.9981210584555273
4.738999999995625,0.9981255124969187
4.739999999995622,0.9981299777359816
4.74099999999562,0.9981344557816323
4.741999999995618,0.998138947943978
4.742999999995615,0.9981434550361032
4.743999999995613,0.998147977245686
4.744999999995611,0.9981525140944377
4.745999999995608,0.9981570644910068
4.746999999995606,0.9981616268698769
4.747999999995604,0.9981661993967195
4.748999999995601,0.9981707802113747
4.749999999995599,0.9981753676743405
4.750999999995597,0.9981799605821807
4.751999999995594,0.9981845583216167
4.752999999995592,0.9981891609406802
4.75399999999559,0.9981937691269456
4.754999999995587,0.9981983840959145
4.755999999995585,0.9982030074052559
4.756999999995583,0.9982076407210126
4.75799999999558,0.998212285568633
4.758999999995578,0.99821694310379
4.759999999995576,0.9982216139351628
4.760999999995573,0.9982262980240253
4.761999999995571,0.9982309946746891
4.762999999995569,0.9982357026171076
4.7639999999955664,0.9982404201699885
4.764999999995564,0.998245145461516
4.765999999995562,0.9982498766766839
4.7669999999955595,0.9982546122965336
4.767999999995557,0.9982593512957342
4.768999999995555,0.9982640932707831
4.7699999999955525,0.9982688384808504
4.77099999999555,0.9982735877955493
4.771999999995548,0.998278342556989
4.7729999999955455,0.9982831043754897
4.773999999995543,0.998287874887674
4.774999999995541,0.9982926555109033
4.7759999999955385,0.9982974472285338
4.776999999995536,0.9983022504361158
4.777999999995534,0.9983070648700856
4.7789999999955315,0.9983118896289137
4.779999999995529,0.9983167232836817
4.780999999995527,0.9983215640625395
4.7819999999955245,0.9983264100831439
4.782999999995522,0.9983312596004532
4.78399999999552,0.9983361112351368
4.7849999999955175,0.9983409641505676
4.785999999995515,0.9983458181535748
4.786999999995513,0.9983506737048445
4.7879999999955105,0.9983555318375259
4.788999999995508,0.9983603939954834
4.789999999995506,0.9983652618139249
4.7909999999955035,0.9983701368732195
4.791999999995501,0.9983750204604666
4.792999999995499,0.998379913372275
4.7939999999954965,0.9983848157863872
4.794999999995494,0.9983897272201284
4.795999999995492,0.9983946465814363
4.7969999999954895,0.9983995723052714
4.797999999995487,0.9984045025562419
4.798999999995485,0.9984094354690127
4.7999999999954825,0.9984143693927819
4.80099999999548,0.9984193031055534
4.801999999995478,0.9984242359681667
4.8029999999954756,0.9984291679964999
4.803999999995473,0.9984340998417337
4.804999999995471,0.9984390326814753
4.805999999995469,0.9984439680370422
4.806999999995466,0.9984489075425826
4.807999999995464,0.9984538526984358
4.808999999995462,0.9984588046433398
4.809999999995459,0.9984637639774229
4.810999999995457,0.9984687306607691
4.811999999995455,0.9984737040017219
4.812999999995452,0.9984786827365254
4.81399999999545,0.9984836651890683
4.814999999995448,0.9984886494883191
4.815999999995445,0.9984936338129465
4.816999999995443,0.9984986166288309
4.817999999995441,0.9985035968861846
4.818999999995438,0.9985085741486663
4.819999999995436,0.9985135486364033
4.820999999995434,0.9985185211769293
4.821999999995431,0.9985234930709393
4.822999999995429,0.9985284658917303
4.823999999995427,0.9985334412464806
4.824999999995424,0.9985384205328568
4.825999999995422,0.9985434047250913
4.82699999999542,0.9985483942194928
4.827999999995417,0.9985533887610103
4.828999999995415,0.998558387461082
4.829999999995413,0.9985633889042108
4.83099999999541,0.9985683913282698
4.831999999995408,0.9985733928532426
4.832999999995406,0.998578391726329
4.833999999995403,0.9985833865490741
4.834999999995401,0.9985883764547152
4.835999999995399,0.9985933612109167
4.836999999995396,0.9985983412335184
4.837999999995394,0.9986033175094134
4.838999999995392,0.9986082914393921
4.839999999995389,0.998613264623033
4.840999999995387,0.9986182386158227
4.841999999995385,0.9986232146925721
4.842999999995382,0.9986281936502952
4.84399999999538,0.9986331756781306
4.844999999995378,0.998638160312492
4.845999999995375,0.9986431464836478
4.846999999995373,0.9986481326471494
4.847999999995371,0.9986531169816416
4.848999999995368,0.9986580976253226
4.849999999995366,0.9986630729179188
4.850999999995364,0.9986680416142929
4.851999999995361,0.9986730030397815
4.852999999995359,0.9986779571655267
4.853999999995357,0.9986829045932829
4.854999999995354,0.9986878464518703
4.855999999995352,0.9986927842198386
4.85699999999535,0.9986977194992328
4.857999999995347,0.9987026537721947
4.858999999995345,0.9987075881745228
4.859999999995343,0.998712523317884
4.86099999999534,0.9987174591855552
4.861999999995338,0.9987223951162172
4.862999999995336,0.998727329878006
4.863999999995333,0.9987322618223893
4.864999999995331,0.9987371890962584
4.865999999995329,0.9987421098825232
4.866999999995326,0.9987470226354966
4.867999999995324,0.9987519262781349
4.868999999995322,0.9987568203335341
4.869999999995319,0.9987617049723022
4.870999999995317,0.9987665809692351
4.871999999995315,0.9987714495753994
4.872999999995312,0.9987763123235969
4.87399999999531,0.9987811707945146
4.874999999995308,0.998786026376324
4.875999999995305,0.998790880051427
4.876999999995303,0.9987957322401645
4.877999999995301,0.9988005827233427
4.878999999995298,0.9988054306543307
4.879999999995296,0.9988102746589683
4.880999999995294,0.9988151130092179
4.881999999995291,0.9988199438462091
4.882999999995289,0.998824765421423
4.883999999995287,0.9988295763222681
4.8849999999952844,0.9988343756504922
4.885999999995282,0.998839163128492
4.88699999999528,0.998843939118687
4.8879999999952775,0.9988487045532936
4.888999999995275,0.9988534607843981
4.889999999995273,0.998858209375369
4.8909999999952705,0.9988629518628754
4.891999999995268,0.998867689522847
4.892999999995266,0.9988724231731506
4.8939999999952635,0.9988771530405631
4.894999999995261,0.998881878710589
4.895999999995259,0.9988865991670584
4.8969999999952565,0.9988913129158837
4.897999999995254,0.9988960181755815
4.898999999995252,0.9989007131078587
4.8999999999952495,0.998905396055987
4.900999999995247,0.9989100657576244
4.901999999995245,0.9989147215023134
4.9029999999952425,0.99891936321168
4.90399999999524,0.9989239914311482
4.904999999995238,0.9989286072344015
4.9059999999952355,0.9989332120540337
4.906999999995233,0.99893780746216
4.907999999995231,0.9989423949317243
4.9089999999952285,0.9989469756119524
4.909999999995226,0.9989515501493262
4.910999999995224,0.9989561185790956
4.9119999999952215,0.9989606803024197
4.912999999995219,0.9989652341522413
4.913999999995217,0.9989697785385969
4.9149999999952145,0.9989743116529637
4.915999999995212,0.9989788317030182
4.91699999999521,0.998983337144955
4.9179999999952075,0.9989878268808866
4.918999999995205,0.9989923003937462
4.919999999995203,0.9989967578008792
4.9209999999952005,0.9990011998188923
4.921999999995198,0.9990056276447528
4.922999999995196,0.9990100427698484
4.9239999999951936,0.9990144467530753
4.924999999995191,0.9990188409847525
4.925999999995189,0.9990232264743918
4.926999999995187,0.9990276036919797
4.927999999995184,0.9990319724849125
4.928999999995182,0.9990363320821127
4.92999999999518,0.999040681184643
4.930999999995177,0.9990450181300551
4.931999999995175,0.999049341107431
4.932999999995173,0.9990536483930009
4.93399999999517,0.9990579385733964
4.934999999995168,0.9990622107253532
4.935999999995166,0.9990664645267768
4.936999999995163,0.99907070028371
4.937999999995161,0.9990749188694977
4.938999999995159,0.999079121584743
4.939999999995156,0.999083309957717
4.940999999995154,0.9990874855131986
4.941999999995152,0.9990916495421109
4.942999999995149,0.9990958029041752
4.943999999995147,0.9990999458911275
4.944999999995145,0.9991040781695372
4.945999999995142,0.9991081988111357
4.94699999999514,0.9991123064062744
4.947999999995138,0.999116399244602
4.948999999995135,0.9991204755376094
4.949999999995133,0.999124533651943
4.950999999995131,0.9991285723208552
4.951999999995128,0.9991325908042774
4.952999999995126,0.9991365889751943
4.953999999995124,0.9991405673203196
4.954999999995121,0.9991445268550537
4.955999999995119,0.9991484689647154
4.956999999995117,0.9991523951943243
4.957999999995114,0.9991563070163743
4.958999999995112,0.9991602056091048
4.95999999999511,0.999164091676229
4.960999999995107,0.9991679653332695
4.961999999995105,0.9991718260762836
4.962999999995103,0.9991756728372511
4.9639999999951,0.9991795041182637
4.964999999995098,0.9991833181856813
4.965999999995096,0.9991871132970733
4.966999999995093,0.9991908879291953
4.967999999995091,0.9991946409751772
4.968999999995089,0.9991983718833967
4.969999999995086,0.9992020807187036
4.970999999995084,0.9992057681375341
4.971999999995082,0.9992094352804686
4.972999999995079,0.9992130835973576
4.973999999995077,0.9992167146295217
4.974999999995075,0.9992203297795254
4.975999999995072,0.9992239301007051
4.97699999999507,0.9992275161358393
4.977999999995068,0.9992310878274319
4.978999999995065,0.999234644512031
4.979999999995063,0.9992381849992693
4.980999999995061,0.9992417077244602
4.981999999995058,0.9992452109533524
4.982999999995056,0.9992486930103937
4.983999999995054,0.9992521524985994
4.984999999995051,0.9992555884803502
4.985999999995049,0.9992590005939124
4.986999999995047,0.9992623890894837
4.987999999995044,0.9992657547798174
4.988999999995042,0.9992690989124208
4.98999999999504,0.9992724229812782
4.990999999995037,0.9992757285044853
4.991999999995035,0.9992790167989068
4.992999999995033,0.9992822887833481
4.99399999999503,0.9992855448376767
4.994999999995028,0.9992887847375137
4.995999999995026,0.9992920076734509
4.996999999995023,0.9992952123520364
4.997999999995021,0.9992983971642745
4.998999999995019,0.9993015603980618
4.999999999995016,0.9993047004648408
5.000999999995014,0.999307816108824
5.001999999995012,0.9993109065696104
5.002999999995009,0.999313971675528
5.003999999995007,0.9993170118547762
5.004999999995005,0.9993200280628877
5.0059999999950024,0.999323021636767
5.006999999995,0.9993259940957805
5.007999999994998,0.9993289469177548
5.0089999999949955,0.9993318813212029
5.009999999994993,0.9993347980841786
5.010999999994991,0.999337697424989
5.0119999999949885,0.9993405789613189
5.012999999994986,0.9993434417533656
5.013999999994984,0.9993462844248155
5.0149999999949815,0.9993491053446844
5.015999999994979,0.9993519028445583
5.016999999994977,0.9993546754408686
5.0179999999949745,0.9993574220311746
5.018999999994972,0.9993601420371157
5.01999999999497,0.999362835474119
5.0209999999949675,0.9993655029382555
5.021999999994965,0.9993681455121656
5.022999999994963,0.999370764603308
5.0239999999949605,0.9993733617372045
5.024999999994958,0.9993759383346115
5.025999999994956,0.9993784955037534
5.0269999999949535,0.9993810338766114
5.027999999994951,0.9993835535120199
5.028999999994949,0.9993860538790236
5.0299999999949465,0.9993885339226541
5.030999999994944,0.9993909922028423
5.031999999994942,0.9993934270869601
5.0329999999949395,0.9993958369690671
5.033999999994937,0.9993982204852266
5.034999999994935,0.9994005766948837
5.0359999999949325,0.9994029052030311
5.03699999999493,0.9994052062061984
5.037999999994928,0.9994074804559521
5.0389999999949255,0.9994097291450931
5.039999999994923,0.9994119537325701
5.040999999994921,0.9994141557316154
5.0419999999949185,0.9994163364907569
5.042999999994916,0.999418496998269
5.043999999994914,0.9994206377373289
5.0449999999949116,0.9994227586120009
5.045999999994909,0.9994248589542386
5.046999999994907,0.9994269376108151
5.047999999994905,0.9994289930979132
5.048999999994902,0.9994310238017282
5.0499999999949,0.9994330281970226
5.050999999994898,0.9994350050531532
5.051999999994895,0.99943695359883
5.052999999994893,0.9994388736226898
5.053999999994891,0.9994407654957367
5.054999999994888,0.9994426301126206
5.055999999994886,0.9994444687600758
5.056999999994884,0.9994462829309724
5.057999999994881,0.9994480741100373
5.058999999994879,0.9994498435611664
5.059999999994877,0.9994515921460233
5.060999999994874,0.9994533201991574
5.061999999994872,0.9994550274769916
5.06299999999487,0.9994567131876394
5.063999999994867,0.999458376097282
5.064999999994865,0.9994600146981427
5.065999999994863,0.9994616274145287
5.06699999999486,0.9994632128181714
5.067999999994858,0.9994647698228043
5.068999999994856,0.9994662978308904
5.069999999994853,0.9994677968120939
5.070999999994851,0.9994692673026448
5.071999999994849,0.9994707103258106
5.072999999994846,0.9994721272446647
5.073999999994844,0.9994735195678144
5.074999999994842,0.99947488873525
5.075999999994839,0.9994762359142428
5.076999999994837,0.9994775618337312
5.077999999994835,0.9994788666802463
5.078999999994832,0.9994801500697786
5.07999999999483,0.9994814110993762
5.080999999994828,0.9994826484711488
5.081999999994825,0.9994838606712606
5.082999999994823,0.9994850461788848
5.083999999994821,0.9994862036759343
5.084999999994818,0.9994873322283422
5.085999999994816,0.9994884314136521
5.086999999994814,0.9994895013772057
5.087999999994811,0.9994905428091854
5.088999999994809,0.9994915568458369
5.089999999994807,0.9994925449087495
5.090999999994804,0.9994935085047216
5.091999999994802,0.9994944490141938
5.0929999999948,0.999495367497792
5.093999999994797,0.9994962645479132
5.094999999994795,0.9994971402059954
5.095999999994793,0.9994979939568692
5.09699999999479,0.9994988248008555
5.097999999994788,0.9994996313934189
5.098999999994786,0.9995004122328156
5.099999999994783,0.9995011658694997
5.100999999994781,0.9995018911080668
5.101999999994779,0.9995025871736075
5.102999999994776,0.9995032538193065
5.103999999994774,0.9995038913603899
5.104999999994772,0.9995045006297678
5.105999999994769,0.9995050828616945
5.106999999994767,0.9995056395197742
5.107999999994765,0.9995061720933938
5.108999999994762,0.9995066818910252
5.10999999999476,0.9995071698592295
5.110999999994758,0.9995076364525569
5.111999999994755,0.999508081572386
5.112999999994753,0.9995085045831205
5.113999999994751,0.9995089044033385
5.114999999994748,0.999509279659081
5.115999999994746,0.9995096288778074
5.116999999994744,0.9995099506959139
5.117999999994741,0.9995102440508875
5.118999999994739,0.9995105083313226
5.119999999994737,0.9995107434639476
5.120999999994734,0.9995109499256289
5.121999999994732,0.9995111286787751
5.12299999999473,0.9995112810392661
5.123999999994727,0.999511408495423
5.124999999994725,0.9995115125033531
5.125999999994723,0.999511594287233
5.1269999999947204,0.9995116546723856
5.127999999994718,0.9995116939743658
5.128999999994716,0.9995117119594198
5.1299999999947135,0.9995117078817064
5.130999999994711,0.9995116805919598
5.131999999994709,0.9995116287023262
5.1329999999947065,0.999511550784326
5.133999999994704,0.9995114455722928
5.134999999994702,0.9995113121439425
5.1359999999946995,0.9995111500529351
5.136999999994697,0.9995109593950177
5.137999999994695,0.9995107407986229
5.1389999999946925,0.9995104953413344
5.13999999999469,0.9995102244039746
5.140999999994688,0.9995099294827595
5.1419999999946855,0.9995096119857978
5.142999999994683,0.9995092730423155
5.143999999994681,0.9995089133512097
5.1449999999946785,0.9995085330899663
5.145999999994676,0.9995081318965219
5.146999999994674,0.9995077089264932
5.1479999999946715,0.999507262977654
5.148999999994669,0.9995067926642188
5.149999999994667,0.9995062966165715
5.1509999999946645,0.9995057736785742
5.151999999994662,0.9995052230749552
5.15299999999466,0.9995046445254923
5.1539999999946575,0.999504038290142
5.154999999994655,0.9995034051389187
5.155999999994653,0.9995027462508246
5.1569999999946505,0.9995020630560444
5.157999999994648,0.9995013570434753
5.158999999994646,0.999500629560503
5.1599999999946435,0.9994998816329418
5.160999999994641,0.9994991138302095
5.161999999994639,0.99949832619446
5.1629999999946365,0.9994975182434334
5.163999999994634,0.9994966890465182
5.164999999994632,0.9994958373632995
5.1659999999946296,0.9994949618251902
5.166999999994627,0.9994940611347801
5.167999999994625,0.9994931342550796
5.168999999994623,0.9994921805623169
5.16999999999462,0.9994911999410278
5.170999999994618,0.9994901928082697
5.171999999994616,0.9994891600636684
5.172999999994613,0.9994881029723774
5.173999999994611,0.9994870229973473
5.174999999994609,0.9994859216043817
5.175999999994606,0.9994848000671961
5.176999999994604,0.9994836592996642
5.177999999994602,0.9994824997385995
5.178999999994599,0.9994813212933255
5.179999999994597,0.9994801233689528
5.180999999994595,0.999478904960006
5.181999999994592,0.9994776648012357
5.18299999999459,0.9994764015545143
5.183999999994588,0.9994751140057355
5.184999999994585,0.9994738012442489
5.185999999994583,0.9994724627998661
5.186999999994581,0.9994710987183835
5.187999999994578,0.999469709565172
5.188999999994576,0.9994682963564296
5.189999999994574,0.9994668604277713
5.190999999994571,0.999465403258567
5.191999999994569,0.9994639262766052
5.192999999994567,0.9994624306703305
5.193999999994564,0.9994609172348508
5.194999999994562,0.9994593862731035
5.19599999999456,0.9994578375658798
5.196999999994557,0.9994562704147768
5.197999999994555,0.9994546837519765
5.198999999994553,0.9994530763014524
5.19999999999455,0.999451446769081
5.200999999994548,0.9994497940351187
5.201999999994546,0.9994481173222206
5.202999999994543,0.9994464163156058
5.203999999994541,0.9994446912186781
5.204999999994539,0.9994429427364202
5.205999999994536,0.9994411719889764
5.206999999994534,0.9994393803675585
5.207999999994532,0.9994375693528466
5.208999999994529,0.9994357403212735
5.209999999994527,0.9994338943662128
5.210999999994525,0.9994320321589761
5.211999999994522,0.999430153868948
5.21299999999452,0.999428259153897
5.213999999994518,0.999426347221704
5.214999999994515,0.9994244169548123
5.215999999994513,0.9994224670799572
5.216999999994511,0.9994204963594636
5.217999999994508,0.9994185037774167
5.218999999994506,0.9994164886947727
5.219999999994504,0.9994144509518084
5.220999999994501,0.9994123909037003
5.221999999994499,0.9994103093843396
5.222999999994497,0.9994082076035226
5.223999999994494,0.9994060869919276
5.224999999994492,0.99940394901557
5.22599999999449,0.9994017949856538
5.226999999994487,0.9993996258903454
5.227999999994485,0.9993974422718972
5.228999999994483,0.9993952441661965
5.22999999999448,0.9993930311130618
5.230999999994478,0.9993908022357624
5.231999999994476,0.9993885563785723
5.232999999994473,0.9993862922831084
5.233999999994471,0.9993840087788362
5.234999999994469,0.999381704961163
5.235999999994466,0.9993793803323167
5.236999999994464,0.9993770348853975
5.237999999994462,0.9993746691199507
5.238999999994459,0.9993722839869575
5.239999999994457,0.9993698807709913
5.240999999994455,0.999367460926061
5.241999999994452,0.999365025888093
5.24299999999445,0.9993625768902487
5.243999999994448,0.9993601148068308
5.244999999994445,0.9993576400475092
5.245999999994443,0.9993551525165377
5.246999999994441,0.9993526516425687
5.2479999999944384,0.9993501364748005
5.248999999994436,0.9993476058319832
5.249999999994434,0.9993450584834402
5.2509999999944315,0.9993424933368383
5.251999999994429,0.9993399096065142
5.252999999994427,0.9993373069389085
5.2539999999944245,0.9993346854776488
5.254999999994422,0.9993320458592737
5.25599999999442,0.9993293891402596
5.2569999999944175,0.9993267166656069
5.257999999994415,0.9993240298973901
5.258999999994413,0.9993213302272422
5.2599999999944105,0.9993186187989437
5.260999999994408,0.9993158963658595
5.261999999994406,0.9993131632030602
5.2629999999944035,0.9993104190863088
5.263999999994401,0.9993076633407626
5.264999999994399,0.9993048949525074
5.2659999999943965,0.9993021127272991
5.266999999994394,0.9992993154743223
5.267999999994392,0.9992965021893074
5.2689999999943895,0.99929367221148
5.269999999994387,0.9992908253324646
5.270999999994385,0.9992879618420093
5.2719999999943825,0.9992850825042007
5.27299999999438,0.9992821884675627
5.273999999994378,0.9992792811216504
5.2749999999943755,0.9992763619202004
5.275999999994373,0.9992734321955584
5.276999999994371,0.9992704929903009
5.2779999999943685,0.9992675449295091
5.278999999994366,0.9992645881514783
5.279999999994364,0.9992616223064483
5.2809999999943615,0.9992586466234465
5.281999999994359,0.9992556600358453
5.282999999994357,0.9992526613480446
5.2839999999943545,0.9992496494200015
5.284999999994352,0.9992466233438456
5.28599999999435,0.9992435825879538
5.2869999999943476,0.9992405270884155
5.287999999994345,0.9992374572751624
5.288999999994343,0.9992343740291803
5.289999999994341,0.9992312785768301
5.290999999994338,0.9992281723360978
5.291999999994336,0.9992250567362841
5.292999999994334,0.9992219330363399
5.293999999994331,0.9992188021671947
5.294999999994329,0.9992156646200742
5.295999999994327,0.9992125203963141
5.296999999994324,0.9992093690256089
5.297999999994322,0.9992062096500683
5.29899999999432,0.9992030411622891
5.299999999994317,0.9991998623781186
5.300999999994315,0.9991966722199779
5.301999999994313,0.9991934698851525
5.30299999999431,0.999190254975589
5.303999999994308,0.9991870275710925
5.304999999994306,0.9991837882357688
5.305999999994303,0.9991805379568655
5.306999999994301,0.999177278024604
5.307999999994299,0.9991740098698549
5.308999999994296,0.9991707348823419
5.309999999994294,0.9991674542347996
5.310999999994292,0.9991641687376035
5.311999999994289,0.9991608787441555
5.312999999994287,0.9991575841201504
5.313999999994285,0.9991542842809603
5.314999999994282,0.9991509782918366
5.31599999999428,0.9991476650168857
5.316999999994278,0.9991443432959715
5.317999999994275,0.9991410121248379
5.318999999994273,0.9991376708133011
5.319999999994271,0.9991343190994484
5.320999999994268,0.9991309572039355
5.321999999994266,0.9991275858168454
5.322999999994264,0.999124206018998
5.323999999994261,0.9991208191487554
5.324999999994259,0.9991174266329739
5.325999999994257,0.999114029805746
5.326999999994254,0.9991106297402738
5.327999999994252,0.99910722711732
5.32899999999425,0.999103822148594
5.329999999994247,0.9991004145656892
5.330999999994245,0.999097003676053
5.331999999994243,0.9990935884781043
5.33299999999424,0.9990901678193702
5.333999999994238,0.9990867405755287
5.334999999994236,0.9990833058253397
5.335999999994233,0.9990798629970581
5.336999999994231,0.9990764119658876
5.337999999994229,0.9990729530889131
5.338999999994226,0.9990694871726612
5.339999999994224,0.9990660153778882
5.340999999994222,0.9990625390749358
5.341999999994219,0.9990590596699251
5.342999999994217,0.9990555784260908
5.343999999994215,0.9990520963052364
5.344999999994212,0.9990486138514293
5.34599999999421,0.9990451311331343
5.346999999994208,0.9990416477518089
5.347999999994205,0.999038162915693
5.348999999994203,0.9990346755684191
5.349999999994201,0.999031184554448
5.350999999994198,0.9990276887981819
5.351999999994196,0.9990241874717387
5.352999999994194,0.999020680127954
5.353999999994191,0.9990171667800545
5.354999999994189,0.9990136479168998
5.355999999994187,0.999010124451725
5.356999999994184,0.9990065976115825
5.357999999994182,0.9990030687830034
5.35899999999418,0.9989995393354704
5.359999999994177,0.9989960104474107
5.360999999994175,0.9989924829590086
5.361999999994173,0.9989889572723907
5.36299999999417,0.9989854333130805
5.363999999994168,0.998981910558033
5.364999999994166,0.9989783881262911
5.365999999994163,0.9989748649195195
5.366999999994161,0.9989713397927465
5.367999999994159,0.9989678117314423
5.3689999999941564,0.9989642800101686
5.369999999994154,0.9989607443106586
5.370999999994152,0.9989572047828515
5.3719999999941495,0.9989536620403774
5.372999999994147,0.9989501170911909
5.373999999994145,0.9989465712130814
5.3749999999941425,0.9989430257915146
5.37599999999414,0.9989394821425139
5.376999999994138,0.998935941345362
5.3779999999941355,0.9989324041084969
5.378999999994133,0.9989288706873242
5.379999999994131,0.9989253408653793
5.3809999999941285,0.998921814001404
5.381999999994126,0.9989182891356952
5.382999999994124,0.9989147651408141
5.3839999999941215,0.9989112408955543
5.384999999994119,0.9989077154578357
5.385999999994117,0.9989041882123778
5.3869999999941145,0.9989006589725022
5.387999999994112,0.9988971280218815
5.38899999999411,0.9988935960904198
5.3899999999941075,0.9988900642676968
5.390999999994105,0.998886533866119
5.391999999994103,0.998883006252973
5.3929999999941005,0.9988794826749012
5.393999999994098,0.9988759640993468
5.394999999994096,0.998872451095144
5.3959999999940935,0.9988689437688872
5.396999999994091,0.998865441765939
5.397999999994089,0.9988619443358604
5.3989999999940865,0.9988584504530642
5.399999999994084,0.9988549589757783
5.400999999994082,0.9988514688210609
5.4019999999940795,0.9988479791313941
5.402999999994077,0.9988444894095584
5.403999999994075,0.998840999602949
5.4049999999940725,0.9988375101255709
5.40599999999407,0.9988340218146823
5.406999999994068,0.9988305358282058
5.4079999999940656,0.9988270534972981
5.408999999994063,0.998823576154754
5.409999999994061,0.9988201049632734
5.410999999994059,0.9988166407676099
5.411999999994056,0.9988131839912648
5.412999999994054,0.998809734592138
5.413999999994052,0.9988062920832665
5.414999999994049,0.9988028556157085
5.415999999994047,0.9987994241119035
5.416999999994045,0.9987959964308303
5.417999999994042,0.9987925715418273
5.41899999999404,0.9987891486827631
5.419999999994038,0.998785727480439
5.420999999994035,0.9987823080164124
5.421999999994033,0.9987788908290585
5.422999999994031,0.9987754768516366
5.423999999994028,0.9987720672950724
5.424999999994026,0.9987686634918991
5.425999999994024,0.9987652667232464
5.426999999994021,0.9987618780530995
5.427999999994019,0.9987584981930268
5.428999999994017,0.9987551274162663
5.429999999994014,0.9987517655331544
5.430999999994012,0.9987484119312621
5.43199999999401,0.9987450656745669
5.432999999994007,0.9987417256477262
5.433999999994005,0.9987383907252386
5.434999999994003,0.9987350599418063
5.435999999994,0.9987317326400686
5.436999999993998,0.9987284085750433
5.437999999993996,0.9987250879606906
5.438999999993993,0.9987217714521275
5.439999999993991,0.9987184600660111
5.440999999993989,0.9987151550503099
5.441999999993986,0.9987118577217261
5.442999999993984,0.99870856929357
5.443999999993982,0.998705290718194
5.444999999993979,0.9987020225660329
5.445999999993977,0.9986987649581375
5.446999999993975,0.998695517561585
5.447999999993972,0.9986922796483607
5.44899999999397,0.9986890502093987
5.449999999993968,0.9986858281077763
5.450999999993965,0.9986826122496043
5.451999999993963,0.998679401748669
5.452999999993961,0.998676196061794
5.453999999993958,0.9986729950759863
5.454999999993956,0.9986697991352107
5.455999999993954,0.9986666090030725
5.456999999993951,0.9986634257666998
5.457999999993949,0.9986602506953298
5.458999999993947,0.9986570850734469
5.459999999993944,0.9986539300318642
5.460999999993942,0.9986507864004014
5.46199999999394,0.9986476546027732
5.462999999993937,0.998644534608349
5.463999999993935,0.9986414259475007
5.464999999993933,0.9986383277883029
5.46599999999393,0.9986352390638057
5.466999999993928,0.9986321586320158
5.467999999993926,0.9986290854461541
5.468999999993923,0.9986260187113539
5.469999999993921,0.9986229580058661
5.470999999993919,0.9986199033498342
5.471999999993916,0.9986168552120346
5.472999999993914,0.9986138144537011
5.473999999993912,0.9986107822173362
5.474999999993909,0.9986077597761462
5.475999999993907,0.9986047483652161
5.476999999993905,0.9986017490181068
5.477999999993902,0.9985987624317536
5.4789999999939,0.9985957888785586
5.479999999993898,0.9985928281779459
5.480999999993895,0.9985898797312918
5.481999999993893,0.9985869426152767
5.482999999993891,0.9985840157205284
5.483999999993888,0.998581097916106
5.484999999993886,0.9985781882167758
5.485999999993884,0.9985752859296521
5.486999999993881,0.998572390759682
5.487999999993879,0.9985695028592315
5.488999999993877,0.9985666228148659
5.4899999999938744,0.9985637515732247
5.490999999993872,0.9985608903164356
5.49199999999387,0.9985580403045715
5.4929999999938675,0.9985552027072623
5.493999999993865,0.9985523784480688
5.494999999993863,0.9985495680834122
5.4959999999938605,0.9985467717329763
5.496999999993858,0.9985439890712765
5.497999999993856,0.9985412193815169
5.4989999999938535,0.9985384616641217
5.499999999993851,0.9985357147846967
5.500999999993849,0.998532977640663
5.5019999999938465,0.9985302493232047
5.502999999993844,0.9985275292518517
5.503999999993842,0.9985248172628642
5.5049999999938395,0.9985221136390637
5.505999999993837,0.9985194190769899
5.506999999993835,0.998516734596034
5.5079999999938325,0.9985140614023404
5.50899999999383,0.9985114007265924
5.509999999993828,0.9985087536584539
5.5109999999938255,0.9985061210008523
5.511999999993823,0.9985035031645243
5.512999999993821,0.9985009001175367
5.5139999999938185,0.9984983113968093
5.514999999993816,0.9984957361799532
5.515999999993814,0.9984931734072967
5.5169999999938115,0.9984906219369621
5.517999999993809,0.9984880807112261
5.518999999993807,0.9984855489108576
5.5199999999938045,0.9984830260758093
5.520999999993802,0.9984805121753934
5.5219999999938,0.9984780076181317
5.5229999999937975,0.9984755131999667
5.523999999993795,0.9984730299981375
5.524999999993793,0.9984705592256502
5.5259999999937905,0.9984681020667822
5.526999999993788,0.9984656595167049
5.527999999993786,0.9984632322477083
5.5289999999937836,0.9984608205207356
5.529999999993781,0.9984584241545903
5.530999999993779,0.9984560425570551
5.531999999993777,0.998453674813494
5.532999999993774,0.9984513198204682
5.533999999993772,0.998448976445592
5.53499999999377,0.9984466436912186
5.535999999993767,0.9984443208390174
5.536999999993765,0.9984420075551854
5.537999999993763,0.9984397039415972
5.53899999999376,0.9984374105257564
5.539999999993758,0.9984351281910103
5.540999999993756,0.9984328580568717
5.541999999993753,0.9984306013262907
5.542999999993751,0.99842835912131
5.543999999993749,0.9984261323301784
5.544999999993746,0.9984239214873332
5.545999999993744,0.9984217267030416
5.546999999993742,0.9984195476525035
5.547999999993739,0.9984173836258694
5.548999999993737,0.9984152336321145
5.549999999993735,0.9984130965421345
5.550999999993732,0.9984109712509964
5.55199999999373,0.9984088568365731
5.552999999993728,0.998406752692334
5.553999999993725,0.9984046586157004
5.554999999993723,0.998402574839611
5.555999999993721,0.9984005020029358
5.556999999993718,0.9983984410639317
5.557999999993716,0.9983963931689429
5.558999999993714,0.9983943594947997
5.559999999993711,0.9983923410870549
5.560999999993709,0.9983903387167328
5.561999999993707,0.9983883527756615
5.562999999993704,0.9983863832250158
5.563999999993702,0.9983844296042289
5.5649999999937,0.9983824910989427
5.565999999993697,0.998380566658426
5.566999999993695,0.9983786551459258
5.567999999993693,0.9983767555008689
5.56899999999369,0.9983748668901413
5.569999999993688,0.998372988827268
5.570999999993686,0.99837112124281
5.571999999993683,0.9983692644961476
5.572999999993681,0.998367419327052
5.573999999993679,0.9983655867539053
5.574999999993676,0.9983637679328781
5.575999999993674,0.9983619639978758
5.576999999993672,0.9983601759037111
5.577999999993669,0.9983584042945103
5.578999999993667,0.9983566494157665
5.579999999993665,0.9983549110823277
5.580999999993662,0.9983531887067322
5.58199999999366,0.998351481383855
5.582999999993658,0.9983497880199301
5.583999999993655,0.9983481074878223
5.584999999993653,0.9983464387867512
5.585999999993651,0.9983447811840874
5.586999999993648,0.9983431343193412
5.587999999993646,0.9983414982558056
5.588999999993644,0.9983398734726572
5.589999999993641,0.9983382607986764
5.590999999993639,0.9983366612969412
5.591999999993637,0.9983350761167333
5.592999999993634,0.9983335063334632
5.593999999993632,0.9983319527990778
5.59499999999363,0.9983304160239393
5.595999999993627,0.9983288961066786
5.596999999993625,0.9983273927218148
5.597999999993623,0.9983259051668053
5.59899999999362,0.9983244324618548
5.599999999993618,0.9983229734884452
5.600999999993616,0.9983215271471251
5.601999999993613,0.9983200925124038
5.602999999993611,0.9983186689630512
5.603999999993609,0.9983172562695362
5.604999999993606,0.9983158546263964
5.605999999993604,0.9983144646250384
5.606999999993602,0.9983130871708548
5.607999999993599,0.9983117233563361
5.608999999993597,0.998310374308035
5.609999999993595,0.9983090410288744
5.6109999999935924,0.9983077242579295
5.61199999999359,0.9983064243673269
5.612999999993588,0.9983051413106766
5.6139999999935855,0.9983038746302098
5.614999999993583,0.9983026235215476
5.615999999993581,0.9983013869469611
5.6169999999935785,0.9983001637811707
5.617999999993576,0.9982989529692265
5.618999999993574,0.9982977536743002
5.6199999999935715,0.9982965653946877
5.620999999993569,0.9982953880336364
5.621999999993567,0.9982942219122539
5.6229999999935645,0.9982930677237385
5.623999999993562,0.9982919264354109
5.62499999999356,0.9982907991523506
5.6259999999935575,0.9982896869618004
5.626999999993555,0.9982885907802107
5.627999999993553,0.9982875112243632
5.6289999999935505,0.9982864485246445
5.629999999993548,0.9982854024925601
5.630999999993546,0.9982843725469941
5.6319999999935435,0.9982833577954519
5.632999999993541,0.9982823571588284
5.633999999993539,0.99828136952217
5.6349999999935365,0.9982803938902507
5.635999999993534,0.99827942952616
5.636999999993532,0.9982784760534672
5.6379999999935295,0.9982775335076783
5.638999999993527,0.9982766023298062
5.639999999993525,0.9982756833030189
5.6409999999935225,0.998274777441308
5.64199999999352,0.9982738858458613
5.642999999993518,0.9982730095493244
5.6439999999935155,0.9982721493698264
5.644999999993513,0.998271305795233
5.645999999993511,0.9982704789138244
5.6469999999935085,0.9982696684010675
5.647999999993506,0.9982688735642609
5.648999999993504,0.9982680934387366
5.6499999999935016,0.9982673269220588
5.650999999993499,0.9982665729273685
5.651999999993497,0.9982658305343531
5.652999999993495,0.9982650991166564
5.653999999993492,0.9982643784278938
5.65499999999349,0.9982636686342345
5.655999999993488,0.9982629702890392
5.656999999993485,0.9982622842531707
5.657999999993483,0.9982616115722118
5.658999999993481,0.9982609533278828
5.659999999993478,0.9982603104845155
5.660999999993476,0.9982596837521472
5.661999999993474,0.9982590734854151
5.662999999993471,0.9982584796323835
5.663999999993469,0.9982579017404324
5.664999999993467,0.9982573390183161
5.665999999993464,0.9982567904456014
5.666999999993462,0.9982562549141084
5.66799999999346,0.9982557313814677
5.668999999993457,0.9982552190152434
5.669999999993455,0.9982547173074277
5.670999999993453,0.9982542261432699
5.67199999999345,0.9982537458148298
5.672999999993448,0.9982532769774103
5.673999999993446,0.998252820555033
5.674999999993443,0.9982523776082851
5.675999999993441,0.9982519491831062
5.676999999993439,0.9982515361617792
5.677999999993436,0.9982511391370145
5.678999999993434,0.9982507583267829
5.679999999993432,0.9982503935417809
5.680999999993429,0.9982500442100335
5.681999999993427,0.9982497094551137
5.682999999993425,0.9982493882169453
5.683999999993422,0.9982490793981966
5.68499999999342,0.9982487820157185
5.685999999993418,0.9982484953357794
5.686999999993415,0.9982482189741474
5.687999999993413,0.9982479529470097
5.688999999993411,0.9982476976656265
5.689999999993408,0.9982474538755417
5.690999999993406,0.9982472225489134
5.691999999993404,0.9982470047451495
5.692999999993401,0.9982468014594266
5.693999999993399,0.998246613480381
5.694999999993397,0.9982464412769154
5.695999999993394,0.9982462849299713
5.696999999993392,0.9982461441187781
5.69799999999339,0.9982460181634504
5.698999999993387,0.9982459061178797
5.699999999993385,0.9982458068998522
5.700999999993383,0.9982457194401005
5.70199999999338,0.9982456428293641
5.702999999993378,0.9982455764428341
5.703999999993376,0.9982455200245433
5.704999999993373,0.9982454737198984
5.705999999993371,0.9982454380518497
5.706999999993369,0.9982454138440867
5.707999999993366,0.9982454021021
5.708999999993364,0.9982454038688497
5.709999999993362,0.9982454200753142
5.710999999993359,0.9982454514068996
5.711999999993357,0.9982454982044304
5.712999999993355,0.9982455604135781
5.713999999993352,0.9982456375897564
5.71499999999335,0.9982457289577324
5.715999999993348,0.9982458335175405
5.716999999993345,0.9982459501817768
5.717999999993343,0.9982460779249958
5.718999999993341,0.9982462159242355
5.719999999993338,0.9982463636709714
5.720999999993336,0.9982465210388302
5.721999999993334,0.9982466882975917
5.722999999993331,0.998246866071576
5.723999999993329,0.9982470552483058
5.724999999993327,0.9982472568503082
5.725999999993324,0.998247471888083
5.726999999993322,0.9982477012149051
5.72799999999332,0.9982479454038206
5.728999999993317,0.9982482046640794
5.729999999993315,0.9982484788086796
5.730999999993313,0.9982487672775147
5.7319999999933104,0.9982490692128007
5.732999999993308,0.9982493835761648
5.733999999993306,0.9982497092909163
5.7349999999933035,0.9982500453895242
5.735999999993301,0.9982503911456252
5.736999999993299,0.9982507461720512
5.7379999999932965,0.9982511104711554
5.738999999993294,0.9982514844304279
5.739999999993292,0.998251868764047
5.7409999999932895,0.9982522644086436
5.741999999993287,0.9982526723879409
5.742999999993285,0.9982530936653067
5.7439999999932825,0.9982535290049243
5.74499999999328,0.9982539788610472
5.745999999993278,0.9982544433108445
5.7469999999932755,0.9982549220402069
5.747999999993273,0.9982554143844319
5.748999999993271,0.9982559194180336
5.7499999999932685,0.9982564360810301
5.750999999993266,0.9982569633239563
5.751999999993264,0.998257500251246
5.7529999999932615,0.9982580462428844
5.753999999993259,0.998258601037264
5.754999999993257,0.9982591647636775
5.7559999999932545,0.9982597379199125
5.756999999993252,0.9982603212981624
5.75799999999325,0.9982609158696912
5.7589999999932475,0.9982615226444889
5.759999999993245,0.9982621425256131
5.760999999993243,0.998262776178692
5.7619999999932405,0.9982634239348543
5.762999999993238,0.9982640857406725
5.763999999993236,0.9982647611620963
5.7649999999932335,0.9982654494417529
5.765999999993231,0.9982661496015297
5.766999999993229,0.9982668605760033
5.7679999999932265,0.998267581357962
5.768999999993224,0.9982683111356093
5.769999999993222,0.9982690494022104
5.7709999999932196,0.9982697960228291
5.771999999993217,0.9982705512488235
5.772999999993215,0.9982713156781249
5.773999999993213,0.9982720901669127
5.77499999999321,0.9982728757051199
5.775999999993208,0.9982736732732862
5.776999999993206,0.9982744837008544
5.777999999993203,0.9982753075457975
5.778999999993201,0.9982761450124426
5.779999999993199,0.9982769959189738
5.780999999993196,0.9982778597191175
5.781999999993194,0.9982787355749062
5.782999999993192,0.9982796224702685
5.783999999993189,0.998280519349465
5.784999999993187,0.9982814252609495
5.785999999993185,0.9982823394864698
5.786999999993182,0.9982832616373186
5.78799999999318,0.9982841917042581
5.788999999993178,0.9982851300541512
5.789999999993175,0.9982860773738231
5.790999999993173,0.9982870345690626
5.791999999993171,0.9982880026330039
5.792999999993168,0.998288982502366
5.793999999993166,0.998289974921742
5.794999999993164,0.9982909803349845
5.795999999993161,0.9982919988188607
5.796999999993159,0.9982930300682686
5.797999999993157,0.9982940734350054
5.798999999993154,0.9982951280146116
5.799999999993152,0.9982961927690689
5.80099999999315,0.9982972666681031
5.801999999993147,0.9982983488292722
5.802999999993145,0.9982994386371888
5.803999999993143,0.9983005358251668
5.80499999999314,0.998301640507879
5.805999999993138,0.9983027531604745
5.806999999993136,0.9983038745471431
5.807999999993133,0.9983050056091886
5.808999999993131,0.9983061473283553
5.809999999993129,0.9983073005846005
5.810999999993126,0.9983084660282776
5.811999999993124,0.9983096439846336
5.812999999993122,0.9983108344039947
5.813999999993119,0.9983120368645685
5.814999999993117,0.9983132506274249
5.815999999993115,0.9983144747358871
5.816999999993112,0.9983157081453589
5.81799999999311,0.9983169498653467
5.818999999993108,0.9983181990937617
5.819999999993105,0.9983194553246616
5.820999999993103,0.9983207184143554
5.821999999993101,0.9983219885966363
5.822999999993098,0.9983232664450273
5.823999999993096,0.9983245527874028
5.824999999993094,0.9983258485849807
5.825999999993091,0.9983271547927104
5.826999999993089,0.9983284722206486
5.827999999993087,0.9983298014157819
5.828999999993084,0.9983311425808382
5.829999999993082,0.9983324955414529
5.83099999999308,0.99833385976623
5.831999999993077,0.9983352344368384
5.832999999993075,0.9983366185582627
5.833999999993073,0.9983380110937123
5.83499999999307,0.9983394111052691
5.835999999993068,0.9983408178805332
5.836999999993066,0.9983422310275369
5.837999999993063,0.9983436505246265
5.838999999993061,0.9983450767183529
5.839999999993059,0.9983465102697121
5.840999999993056,0.9983479520563063
5.841999999993054,0.9983494030441997
5.842999999993052,0.9983508641474739
5.843999999993049,0.9983523360951939
5.844999999993047,0.998353819324441
5.845999999993045,0.9983553139143801
5.846999999993042,0.9983568195705683
5.84799999999304,0.9983583356616568
5.848999999993038,0.9983598613032844
5.849999999993035,0.998361395477378
5.850999999993033,0.9983629371700806
5.851999999993031,0.9983644855089784
5.8529999999930284,0.9983660398803792
5.853999999993026,0.9983676000101989
5.854999999993024,0.9983691659971556
5.8559999999930215,0.9983707382936443
5.856999999993019,0.9983723176370101
5.857999999993017,0.998373904940917
5.8589999999930145,0.9983755011620628
5.859999999993012,0.998377107160972
5.86099999999301,0.9983787235763832
5.8619999999930075,0.9983803507308381
5.862999999993005,0.9983819885806787
5.863999999993003,0.9983836367174242
5.8649999999930005,0.9983852944202889
5.865999999992998,0.9983869607524228
5.866999999992996,0.9983886346873581
5.8679999999929935,0.9983903152478913
5.868999999992991,0.9983920016379452
5.869999999992989,0.9983936933489039
5.8709999999929865,0.9983953902255555
5.871999999992984,0.9983970924824087
5.872999999992982,0.9983988006681431
5.8739999999929795,0.9984005155832046
5.874999999992977,0.9984022381621491
5.875999999992975,0.9984039693372464
5.8769999999929725,0.9984057099025174
5.87799999999297,0.9984074603972435
5.878999999992968,0.9984092210252893
5.8799999999929655,0.9984109916215085
5.880999999992963,0.9984127716698952
5.881999999992961,0.998414560370886
5.8829999999929585,0.9984163567483425
5.883999999992956,0.9984181597811778
5.884999999992954,0.9984199685411711
5.8859999999929515,0.9984217823176418
5.886999999992949,0.9984236007115269
5.887999999992947,0.9984254236856794
5.8889999999929445,0.9984272515643812
5.889999999992942,0.998429084982152
5.89099999999294,0.9984309247890868
5.8919999999929376,0.9984327719260286
5.892999999992935,0.9984346272871053
5.893999999992933,0.9984364915889206
5.894999999992931,0.9984383652647443
5.895999999992928,0.998440248398492
5.896999999992926,0.9984421407077313
5.897999999992924,0.9984440415780338
5.898999999992921,0.9984459501438273
5.899999999992919,0.9984478654043778
5.900999999992917,0.9984497863586149
5.901999999992914,0.9984517121398967
5.902999999992912,0.9984536421318223
5.90399999999291,0.9984555760488707
5.904999999992907,0.9984575139705784
5.905999999992905,0.9984594563245048
5.906999999992903,0.9984614038204057
5.9079999999929,0.998463357344881
5.908999999992898,0.9984653178313043
5.909999999992896,0.9984672861232843
5.910999999992893,0.9984692628508046
5.911999999992891,0.9984712483364078
5.912999999992889,0.9984732425445226
5.913999999992886,0.9984752450810235
5.914999999992884,0.9984772552430281
5.915999999992882,0.9984792721119123
5.916999999992879,0.998481294676477
5.917999999992877,0.9984833219689757
5.918999999992875,0.9984853531949309
5.919999999992872,0.9984873878385602
5.92099999999287,0.9984894257290421
5.921999999992868,0.9984914670583672
5.922999999992865,0.9984935123482981
5.923999999992863,0.9984955623711155
5.924999999992861,0.9984976180352775
5.925999999992858,0.9984996802520586
5.926999999992856,0.9985017498018798
5.927999999992854,0.9985038272190677
5.928999999992851,0.9985059127111887
5.929999999992849,0.9985080061242254
5.930999999992847,0.9985101069584392
5.931999999992844,0.9985122144326463
5.932999999992842,0.9985143275878687
5.93399999999284,0.9985164454157939
5.934999999992837,0.9985185669940384
5.935999999992835,0.9985206916092618
5.936999999992833,0.9985228188508835
5.93799999999283,0.9985249486622874
5.938999999992828,0.9985270813423692
5.939999999992826,0.9985292174972301
5.940999999992823,0.9985313579488382
5.941999999992821,0.9985335036134746
5.942999999992819,0.9985356553670542
5.943999999992816,0.9985378139161929
5.944999999992814,0.9985399796930998
5.945999999992812,0.9985421527889948
5.946999999992809,0.9985443329353498
5.947999999992807,0.9985465195355354
5.948999999992805,0.9985487117424053
5.949999999992802,0.9985509085709108
5.9509999999928,0.998553109029944
5.951999999992798,0.9985553122549251
5.952999999992795,0.9985575176225591
5.953999999992793,0.9985597248316873
5.954999999992791,0.9985619339389286
5.955999999992788,0.9985641453441441
5.956999999992786,0.9985663597277951
5.957999999992784,0.9985685779490179
5.958999999992781,0.9985708009187193
5.959999999992779,0.9985730294655056
5.960999999992777,0.9985752642132325
5.961999999992774,0.9985775054873286
5.962999999992772,0.9985797532629953
5.96399999999277,0.9985820071624978
5.964999999992767,0.9985842665018977
5.965999999992765,0.9985865303806287
5.966999999992763,0.9985887978013366
5.96799999999276,0.9985910678031736
5.968999999992758,0.9985933395898635
5.969999999992756,0.9985956126346
5.970999999992753,0.9985978867471073
5.971999999992751,0.9986001620934767
5.972999999992749,0.9986024391660495
5.9739999999927464,0.998604718707584
5.974999999992744,0.9986070016003689
5.975999999992742,0.9986092887358503
5.9769999999927395,0.9986115808830566
5.977999999992737,0.9986138785742632
5.978999999992735,0.9986161820239008
5.9799999999927325,0.9986184910920464
5.98099999999273,0.9986208052975629
5.981999999992728,0.9986231238790112
5.9829999999927255,0.9986254458947519
5.983999999992723,0.9986277703481995
5.984999999992721,0.9986300963206624
5.9859999999927185,0.9986324230931686
5.986999999992716,0.9986347502402136
5.987999999992714,0.9986370776823238
5.9889999999927115,0.9986394056900938
5.989999999992709,0.9986417348391542
5.990999999992707,0.9986440659224307
5.9919999999927045,0.998646399832003
5.992999999992702,0.9986487374271605
5.9939999999927,0.9986510794071455
5.9949999999926975,0.9986534262064198
5.995999999992695,0.99865577792708
5.996999999992693,0.9986581343178883
5.9979999999926905,0.9986604948027834
5.998999999992688,0.9986628585548597
5.999999999992686,0.9986652246054059
6.0009999999926835,0.9986675919727243
6.001999999992681,0.9986699597926608
6.002999999992679,0.9986723274325773
6.0039999999926765,0.9986746945728063
6.004999999992674,0.9986770612441969
6.005999999992672,0.9986794278165287
6.0069999999926695,0.998681794939451
6.007999999992667,0.9986841634442531
6.008999999992665,0.9986865342202557
6.0099999999926625,0.9986889080831708
6.01099999999266,0.998691285653858
6.011999999992658,0.9986936672644635
6.0129999999926556,0.9986960529050601
6.013999999992653,0.9986984422182245
6.014999999992651,0.9987008345422713
6.015999999992649,0.9987032289970541
6.016999999992646,0.9987056246002775
6.017999999992644,0.998708020398009
6.018999999992642,0.9987104155911108
6.019999999992639,0.9987128096398896
6.020999999992637,0.998715202332326
6.021999999992635,0.998717593806355
6.022999999992632,0.9987199845231103
6.02399999999263,0.9987223751949061
6.024999999992628,0.9987247666780787
6.025999999992625,0.9987271598457325
6.026999999992623,0.9987295554582214
6.027999999992621,0.9987319540495125
6.028999999992618,0.9987343558453465
6.029999999992616,0.9987367607246074
6.030999999992614,0.9987391682292953
6.031999999992611,0.998741577621632
6.032999999992609,0.9987439879802937
6.033999999992607,0.9987463983222399
6.034999999992604,0.9987488077330924
6.035999999992602,0.99875121548779
6.0369999999926,0.9987536211446505
6.037999999992597,0.9987560245996716
6.038999999992595,0.9987584260935088
6.039999999992593,0.9987608261701735
6.04099999999259,0.9987632255932717
6.041999999992588,0.9987656252315569
6.042999999992586,0.9987680259298491
6.043999999992583,0.9987704283834101
6.044999999992581,0.9987728330333698
6.045999999992579,0.9987752399978193
6.046999999992576,0.998777649048187
6.047999999992574,0.998780059634161
6.048999999992572,0.9987824709536304
6.049999999992569,0.998784882057816
6.050999999992567,0.9987872919768532
6.051999999992565,0.9987896998482335
6.052999999992562,0.9987921050301166
6.05399999999256,0.9987945071836679
6.054999999992558,0.9987969063129075
6.055999999992555,0.9987993027565307
6.056999999992553,0.9988016971328736
6.057999999992551,0.9988040902457693
6.058999999992548,0.9988064829645243
6.059999999992546,0.9988088760948115
6.060999999992544,0.9988112702585905
6.061999999992541,0.9988136657998481
6.062999999992539,0.9988160627293282
6.063999999992537,0.9988184607159573
6.064999999992534,0.998820859126125
6.065999999992532,0.9988232571052716
6.06699999999253,0.9988256536903352
6.067999999992527,0.9988280479372886
6.068999999992525,0.9988304390459071
6.069999999992523,0.9988328264643067
6.07099999999252,0.9988352099586422
6.071999999992518,0.998837589638225
6.072999999992516,0.9988399659325947
6.073999999992513,0.9988423395237706
6.074999999992511,0.9988447112432154
6.075999999992509,0.9988470819479578
6.076999999992506,0.9988494523932419
6.077999999992504,0.9988518231195338
6.078999999992502,0.9988541943696946
6.079999999992499,0.998856566047883
6.080999999992497,0.9988589377259001
6.081999999992495,0.9988613086960361
6.082999999992492,0.9988636780629916
6.08399999999249,0.9988660448619634
6.084999999992488,0.998868408186373
6.085999999992485,0.9988707673073332
6.086999999992483,0.9988731217681776
6.087999999992481,0.998875471440812
6.088999999992478,0.9988778165360426
6.089999999992476,0.998880157566467
6.090999999992474,0.9988824952671577
6.091999999992471,0.9988848304852814
6.092999999992469,0.9988871640541356
6.093999999992467,0.9988894966692509
6.0949999999924644,0.9988918287839003
6.095999999992462,0.998894160538618
6.09699999999246,0.9988964917345535
6.0979999999924575,0.998898821854351
6.098999999992455,0.9989011501275854
6.099999999992453,0.99890347563156
6.1009999999924505,0.9989057974133446
6.101999999992448,0.9989081146159517
6.102999999992446,0.9989104265909964
6.1039999999924435,0.9989127329820903
6.104999999992441,0.9989150337673153
6.105999999992439,0.9989173292548673
6.1069999999924365,0.9989196200325244
6.107999999992434,0.9989219068780427
6.108999999992432,0.9989241906430643
6.1099999999924295,0.9989264721268013
6.110999999992427,0.9989287519571831
6.111999999992425,0.9989310304960971
6.1129999999924225,0.9989333077819471
6.11399999999242,0.9989355835175452
6.114999999992418,0.998937857104976
6.1159999999924155,0.9989401277225123
6.116999999992413,0.9989423944327913
6.117999999992411,0.998944656307071
6.1189999999924085,0.9989469125481919
6.119999999992406,0.9989491625950335
6.120999999992404,0.9989514061938637
6.1219999999924015,0.9989536434266435
6.122999999992399,0.9989558746923436
6.123999999992397,0.9989581006439383
6.1249999999923945,0.9989603220899194
6.125999999992392,0.9989625398741538
6.12699999999239,0.9989647547509061
6.1279999999923875,0.9989669672725376
6.128999999992385,0.9989691777055707
6.129999999992383,0.9989713859868393
6.1309999999923805,0.9989735917258205
6.131999999992378,0.9989757942527636
6.132999999992376,0.9989779927058495
6.1339999999923736,0.9989801861451433
6.134999999992371,0.9989823736773921
6.135999999992369,0.9989845545741978
6.136999999992367,0.9989867283670518
6.137999999992364,0.9989888949059543
6.138999999992362,0.9989910543734387
6.13999999999236,0.9989932072520861
6.140999999992357,0.9989953542501051
6.141999999992355,0.9989974961954375
6.142999999992353,0.998999633913236
6.14399999999235,0.9990017681038796
6.144999999992348,0.9990038992385838
6.145999999992346,0.9990060274872002
6.146999999992343,0.9990081526882596
6.147999999992341,0.9990102743654115
6.148999999992339,0.9990123917879058
6.149999999992336,0.9990145040666296
6.150999999992334,0.9990166102722284
6.151999999992332,0.999018709558775
6.152999999992329,0.9990208012756867
6.153999999992327,0.9990228850522516
6.154999999992325,0.9990249608429514
6.155999999992322,0.9990270289272852
6.15699999999232,0.9990290898641577
6.157999999992318,0.999031144407254
6.158999999992315,0.9990331933932771
6.159999999992313,0.9990352376187096
6.160999999992311,0.9990372777223485
6.161999999992308,0.9990393140900325
6.162999999992306,0.9990413467948766
6.163999999992304,0.9990433755813197
6.164999999992301,0.9990453998951884
6.165999999992299,0.9990474189555085
6.166999999992297,0.9990494318579934
6.167999999992294,0.9990514376956955
6.168999999992292,0.9990534356799464
6.16999999999229,0.9990554252446613
6.170999999992287,0.999057406119451
6.171999999992285,0.9990593783613345
6.172999999992283,0.999061342340667
6.17399999999228,0.9990632986832726
6.174999999992278,0.9990652481769329
6.175999999992276,0.9990671916553324
6.176999999992273,0.9990691298757249
6.177999999992271,0.99907106340744
6.178999999992269,0.9990729925468118
6.179999999992266,0.9990749172704037
6.180999999992264,0.9990768372330219
6.181999999992262,0.9990787518107482
6.182999999992259,0.9990806601829271
6.183999999992257,0.9990825614416076
6.184999999992255,0.9990844547131092
6.185999999992252,0.9990863392747193
6.18699999999225,0.9990882146502044
6.187999999992248,0.9990900806708005
6.188999999992245,0.9990919374931824
6.189999999992243,0.9990937855719398
6.190999999992241,0.9990956255904455
6.191999999992238,0.9990974583598285
6.192999999992236,0.9990992847002231
6.193999999992234,0.9991011053209183
6.194999999992231,0.9991029207161712
6.195999999992229,0.9991047310912312
6.196999999992227,0.9991065363288928
6.197999999992224,0.9991083360011956
6.198999999992222,0.9991101294245996
6.19999999999222,0.9991119157508682
6.200999999992217,0.9991136940809366
6.201999999992215,0.9991154635858088
6.202999999992213,0.9991172236175839
6.20399999999221,0.999118973795097
6.204999999992208,0.9991207140522192
6.205999999992206,0.9991224446420981
6.206999999992203,0.9991241660967912
6.207999999992201,0.9991258791479817
6.208999999992199,0.999127584619893
6.209999999992196,0.9991292833094257
6.210999999992194,0.9991309758702598
6.211999999992192,0.9991326627171502
6.212999999992189,0.999134343963765
6.213999999992187,0.9991360194027127
6.214999999992185,0.9991376885305187
6.2159999999921824,0.9991393506140035
6.21699999999218,0.999141004788735
6.217999999992178,0.9991426501757688
6.2189999999921755,0.9991442860003327
6.219999999992173,0.9991459116958675
6.220999999992171,0.9991475269788991
6.2219999999921685,0.9991491318842894
6.222999999992166,0.9991507267560001
6.223999999992164,0.9991523121946658
6.2249999999921615,0.9991538889693861
6.225999999992159,0.999155457906071
6.226999999992157,0.9991570197680042
6.2279999999921545,0.9991585751453195
6.228999999992152,0.9991601243688424
6.22999999999215,0.9991616674603181
6.2309999999921475,0.9991632041259358
6.231999999992145,0.9991647337940018
6.232999999992143,0.9991662556914577
6.2339999999921405,0.9991677689484951
6.234999999992138,0.9991692727166285
6.235999999992136,0.9991707662837154
6.2369999999921335,0.9991722491698493
6.237999999992131,0.9991737211907351
6.238999999992129,0.9991751824797271
6.2399999999921265,0.9991766334654703
6.240999999992124,0.999178074808329
6.241999999992122,0.9991795073045203
6.2429999999921195,0.9991809317714081
6.243999999992117,0.9991823489300053
6.244999999992115,0.9991837593011215
6.2459999999921125,0.9991851631296568
6.24699999999211,0.999186560347588
6.247999999992108,0.9991879505807739
6.2489999999921055,0.9991893331985896
6.249999999992103,0.9991907073994
6.250999999992101,0.9991920723198946
6.2519999999920985,0.999193427152986
6.252999999992096,0.9991947712577736
6.253999999992094,0.9991961042462243
6.2549999999920916,0.9991974260344594
6.255999999992089,0.9991987368515249
6.256999999992087,0.999200037204453
6.257999999992085,0.9992013278045488
6.258999999992082,0.9992026094652455
6.25999999999208,0.9992038829858344
6.260999999992078,0.9992051490373406
6.261999999992075,0.9992064080664964
6.262999999992073,0.9992076602312128
6.263999999992071,0.9992089053765283
6.264999999992068,0.9992101430543652
6.265999999992066,0.9992113725842705
6.266999999992064,0.9992125931466116
6.267999999992061,0.9992138038951707
6.268999999992059,0.9992150040733774
6.269999999992057,0.9992161931179382
6.270999999992054,0.9992173707353935
6.271999999992052,0.9992185369409262
6.27299999999205,0.9992196920540368
6.273999999992047,0.9992208366517233
6.274999999992045,0.9992219714857618
6.275999999992043,0.9992230973756733
6.27699999999204,0.9992242150923774
6.277999999992038,0.99922532524881
6.278999999992036,0.99922642821278
6.279999999992033,0.9992275240542339
6.280999999992031,0.9992286125342466
6.281999999992029,0.9992296931372338
6.282999999992026,0.9992307651418315
6.283999999992024,0.9992318277205059
6.284999999992022,0.999232880053931
6.285999999992019,0.9992339214441632
6.286999999992017,0.999234951410779
6.287999999992015,0.9992359697565757
6.288999999992012,0.9992369765936593
6.28999999999201,0.9992379723263268
6.290999999992008,0.999238957593162
6.291999999992005,0.9992399331764974
6.292999999992003,0.9992408998919181
6.293999999992001,0.9992418584732974
6.294999999991998,0.9992428094694253
6.295999999991996,0.9992437531666671
6.296999999991994,0.9992446895484298
6.297999999991991,0.999245618297061
6.298999999991989,0.9992465388378611
6.299999999991987,0.9992474504190245
6.300999999991984,0.9992483522162977
6.301999999991982,0.999249243447705
6.30299999999198,0.9992501234823074
6.303999999991977,0.9992509919277903
6.304999999991975,0.9992518486846674
6.305999999991973,0.9992526939595461
6.30699999999197,0.999253528235656
6.307999999991968,0.9992543522047834
6.308999999991966,0.9992551666701814
6.309999999991963,0.9992559724340508
6.310999999991961,0.9992567701853295
6.311999999991959,0.9992575604034831
6.312999999991956,0.9992583432917139
6.313999999991954,0.9992591187488983
6.314999999991952,0.9992598863841328
6.315999999991949,0.9992606455717993
6.316999999991947,0.9992613955394206
6.317999999991945,0.9992621354759864
6.318999999991942,0.9992628646455982
6.31999999999194,0.9992635824905477
6.320999999991938,0.9992642887094342
6.321999999991935,0.9992649832994297
6.322999999991933,0.9992656665568219
6.323999999991931,0.9992663390357868
6.324999999991928,0.9992670014712108
6.325999999991926,0.9992676546763583
6.326999999991924,0.999268299429742
6.327999999991921,0.9992689363670105
6.328999999991919,0.9992695658929608
6.329999999991917,0.9992701881259555
6.330999999991914,0.9992708028824719
6.331999999991912,0.9992714097038938
6.33299999999191,0.9992720079217586
6.333999999991907,0.9992725967523011
6.334999999991905,0.9992731754070545
6.335999999991903,0.9992737432040476
6.3369999999919004,0.9992742996640618
6.337999999991898,0.9992748445785054
6.338999999991896,0.9992753780394488
6.3399999999918935,0.9992759004276488
6.340999999991891,0.9992764123602869
6.341999999991889,0.9992769146057523
6.3429999999918865,0.9992774079774323
6.343999999991884,0.9992778932213711
6.344999999991882,0.9992783709135107
6.3459999999918795,0.9992788413808615
6.346999999991877,0.9992793046575911
6.347999999991875,0.9992797604821291
6.3489999999918725,0.9992802083356428
6.34999999999187,0.9992806475164776
6.350999999991868,0.9992810772401107
6.3519999999918655,0.9992814967506428
6.352999999991863,0.9992819054282281
6.353999999991861,0.9992823028774289
6.3549999999918585,0.9992826889841764
6.355999999991856,0.9992830639333924
6.356999999991854,0.9992834281848568
6.3579999999918515,0.9992837824107229
6.358999999991849,0.9992841274034628
6.359999999991847,0.9992844639671339
6.3609999999918445,0.9992847928071757
6.361999999991842,0.9992851144341529
6.36299999999184,0.9992854290948663
6.3639999999918375,0.999285736740444
6.364999999991835,0.9992860370358286
6.365999999991833,0.9992863294092839
6.3669999999918305,0.9992866131349692
6.367999999991828,0.9992868874370014
6.368999999991826,0.9992871516004499
6.3699999999918235,0.9992874050737401
6.370999999991821,0.9992876475481747
6.371999999991819,0.9992878790034734
6.3729999999918165,0.9992880997130033
6.373999999991814,0.9992883102079966
6.374999999991812,0.9992885112057982
6.3759999999918096,0.9992887035122016
6.376999999991807,0.9992888879115601
6.377999999991805,0.9992890650600393
6.378999999991803,0.9992892353969308
6.3799999999918,0.9992893990864163
6.380999999991798,0.9992895559978713
6.381999999991796,0.9992897057274257
6.382999999991793,0.9992898476577203
6.383999999991791,0.9992899810474725
6.384999999991789,0.9992901051383125
6.385999999991786,0.9992902192639475
6.386999999991784,0.9992903229463926
6.387999999991782,0.999290415965847
6.388999999991779,0.9992904983944523
6.389999999991777,0.9992905705892553
6.390999999991775,0.999290633145393
6.391999999991772,0.9992906868160774
6.39299999999177,0.9992907324106066
6.393999999991768,0.9992907706846795
6.394999999991765,0.9992908022383538
6.395999999991763,0.9992908274359025
6.396999999991761,0.9992908463587477
6.397999999991758,0.9992908587980014
6.398999999991756,0.9992908642876291
6.399999999991754,0.9992908621735568
6.400999999991751,0.9992908517090292
6.401999999991749,0.9992908321628743
6.402999999991747,0.9992908029255322
6.403999999991744,0.9992907635980262
6.404999999991742,0.9992907140514592
6.40599999999174,0.999290654448743
6.406999999991737,0.9992905852255551
6.407999999991735,0.9992905070332271
6.408999999991733,0.9992904206515744
6.40999999999173,0.9992903268838897
6.410999999991728,0.9992902264487868
6.411999999991726,0.9992901198840201
6.412999999991723,0.9992900074757111
6.413999999991721,0.9992898892228467
6.414999999991719,0.9992897648419752
6.415999999991716,0.9992896338114087
6.416999999991714,0.9992894954487023
6.417999999991712,0.9992893490105632
6.418999999991709,0.9992891938011966
6.419999999991707,0.9992890292739416
6.420999999991705,0.9992888551120037
6.421999999991702,0.9992886712770224
6.4229999999917,0.9992884780186937
6.423999999991698,0.9992882758441569
6.424999999991695,0.9992880654514414
6.425999999991693,0.9992878476363098
6.426999999991691,0.999287623185558
6.427999999991688,0.9992873927716941
6.428999999991686,0.9992871568637207
6.429999999991684,0.9992869156664838
6.430999999991681,0.9992866690970311
6.431999999991679,0.9992864168012398
6.432999999991677,0.9992861582083578
6.433999999991674,0.999285892615796
6.434999999991672,0.9992856192922906
6.43599999999167,0.9992853375850215
6.436999999991667,0.9992850470156921
6.437999999991665,0.9992847473521745
6.438999999991663,0.9992844386456994
6.43999999999166,0.9992841212284317
6.440999999991658,0.9992837956718008
6.441999999991656,0.9992834627114416
6.442999999991653,0.999283123149279
6.443999999991651,0.9992827777464635
6.444999999991649,0.999282427122144
6.445999999991646,0.9992820716722138
6.446999999991644,0.999281711519369
6.447999999991642,0.9992813465014274
6.448999999991639,0.9992809761995098
6.449999999991637,0.9992806000020977
6.450999999991635,0.9992802171959935
6.451999999991632,0.9992798270714436
6.45299999999163,0.9992794290267133
6.453999999991628,0.999279022657503
6.454999999991625,0.999278607818711
6.455999999991623,0.9992781846499307
6.456999999991621,0.9992777535611468
6.4579999999916184,0.9992773151806704
6.458999999991616,0.9992768702726117
6.459999999991614,0.9992764196354694
6.4609999999916115,0.9992759639960209
6.461999999991609,0.9992755039133562
6.462999999991607,0.9992750397064674
6.4639999999916045,0.9992745714154829
6.464999999991602,0.9992740988019518
6.4659999999916,0.9992736213880805
6.4669999999915975,0.99927313852942
6.467999999991595,0.9992726495107933
6.468999999991593,0.9992721536520468
6.4699999999915905,0.9992716504088295
6.470999999991588,0.9992711394543203
6.471999999991586,0.9992706207304878
6.4729999999915835,0.9992700944617501
6.473999999991581,0.9992695611291392
6.474999999991579,0.99926902140862
6.4759999999915765,0.9992684760822128
6.476999999991574,0.9992679259343817
6.477999999991572,0.9992673716481788
6.4789999999915695,0.9992668137156818
6.479999999991567,0.9992662523752307
6.480999999991565,0.99926568758421
6.4819999999915625,0.9992651190311466
6.48299999999156,0.9992645461853996
6.483999999991558,0.9992639683774526
6.4849999999915555,0.9992633848985684
6.485999999991553,0.999262795105857
6.486999999991551,0.9992621985180732
6.4879999999915485,0.9992615948887491
6.488999999991546,0.9992609842464536
6.489999999991544,0.9992603668965732
6.4909999999915415,0.9992597433843916
6.491999999991539,0.9992591144246648
6.492999999991537,0.9992584808075724
6.4939999999915345,0.9992578432942174
6.494999999991532,0.9992572025163019
6.49599999999153,0.9992565588940083
6.4969999999915276,0.9992559125835335
6.497999999991525,0.9992552634615987
6.498999999991523,0.9992546111490613
6.499999999991521,0.9992539550702945
6.500999999991518,0.9992532945400002
6.501999999991516,0.9992526288653092
6.502999999991514,0.999251957448858
6.503999999991511,0.9992512798784515
6.504999999991509,0.9992505959907594
6.505999999991507,0.9992499059001786
6.506999999991504,0.9992492099888358
6.507999999991502,0.9992485088591654
6.5089999999915,0.9992478032557288
6.509999999991497,0.9992470939672234
6.510999999991495,0.999246381722415
6.511999999991493,0.9992456670945395
6.51299999999149,0.9992449504275526
6.513999999991488,0.9992442317945027
6.514999999991486,0.9992435109938373
6.515999999991483,0.999242787584115
6.516999999991481,0.999242060952232
6.517999999991479,0.999241330405608
6.518999999991476,0.9992405952753999
6.519999999991474,0.9992398550163183
6.520999999991472,0.999239109289089
6.521999999991469,0.9992383580140375
6.522999999991467,0.999237601388326
6.523999999991465,0.9992368398644551
6.524999999991462,0.99923607409307
6.52599999999146,0.9992353048380822
6.526999999991458,0.9992345328760274
6.527999999991455,0.9992337588937311
6.528999999991453,0.9992329833986153
6.529999999991451,0.9992322066541784
6.530999999991448,0.9992314286496394
6.531999999991446,0.9992306491079722
6.532999999991444,0.9992298675311639
6.533999999991441,0.9992290832763341
6.534999999991439,0.9992282956520508
6.535999999991437,0.9992275040213637
6.536999999991434,0.9992267078971389
6.537999999991432,0.9992259070163657
6.53899999999143,0.9992251013830605
6.539999999991427,0.9992242912737814
6.540999999991425,0.9992234772050054
6.541999999991423,0.999222659866972
6.54299999999142,0.9992218400332705
6.543999999991418,0.9992210184588426
6.544999999991416,0.9992201957806872
6.545999999991413,0.9992193724351432
6.546999999991411,0.999218548603316
6.547999999991409,0.9992177241922442
6.548999999991406,0.9992168988544178
6.549999999991404,0.9992160720428805
6.550999999991402,0.9992152430941886
6.551999999991399,0.9992144113275948
6.552999999991397,0.9992135761465728
6.553999999991395,0.9992127371284891
6.554999999991392,0.9992118940898621
6.55599999999139,0.9992110471181209
6.556999999991388,0.9992101965654294
6.557999999991385,0.9992093430054731
6.558999999991383,0.9992084871592833
6.559999999991381,0.9992076298005026
6.560999999991378,0.9992067716533533
6.561999999991376,0.9992059132976029
6.562999999991374,0.9992050550938079
6.563999999991371,0.9992041971392756
6.564999999991369,0.9992033392608867
6.565999999991367,0.9992024810457448
6.566999999991364,0.9992016219053309
6.567999999991362,0.9992007611641646
6.56899999999136,0.9991998981605438
6.569999999991357,0.9991990323452641
6.570999999991355,0.9991981633645165
6.571999999991353,0.9991972911153708
6.57299999999135,0.9991964157661027
6.573999999991348,0.9991955377385452
6.574999999991346,0.9991946576549599
6.575999999991343,0.9991937762568828
6.576999999991341,0.999192894307334
6.577999999991339,0.9991920124900814
6.5789999999913364,0.9991911313200695
6.579999999991334,0.9991902510775325
6.580999999991332,0.9991893717749928
6.5819999999913295,0.9991884931617252
6.582999999991327,0.9991876147650329
6.583999999991325,0.9991867359625265
6.5849999999913225,0.9991858560752784
6.58599999999132,0.9991849744688007
6.586999999991318,0.9991840906477193
6.5879999999913155,0.9991832043308991
6.588999999991313,0.9991823154965261
6.589999999991311,0.9991814243908484
6.5909999999913085,0.9991805314993809
6.591999999991306,0.9991796374846355
6.592999999991304,0.9991787430991174
6.5939999999913015,0.9991778490857907
6.594999999991299,0.9991769560799483
6.595999999991297,0.9991760645262248
6.5969999999912945,0.9991751746223425
6.597999999991292,0.999174286297447
6.59899999999129,0.9991733992280214
6.5999999999912875,0.9991725128891359
6.600999999991285,0.999171626633823
6.601999999991283,0.999170739789461
6.6029999999912805,0.9991698517576572
6.603999999991278,0.9991689621036556
6.604999999991276,0.999168070622759
6.6059999999912735,0.999167177374491
6.606999999991271,0.9991662826797313
6.607999999991269,0.9991653870812622
6.6089999999912665,0.9991644912732732
6.609999999991264,0.9991635960097084
6.610999999991262,0.9991627020043133
6.6119999999912595,0.9991618098363635
6.612999999991257,0.9991609198752809
6.613999999991255,0.9991600322346518
6.6149999999912525,0.9991591467620861
6.61599999999125,0.999158263066273
6.616999999991248,0.9991573805774417
6.6179999999912456,0.999156498632718
6.618999999991243,0.9991556165744238
6.619999999991241,0.9991547338475449
6.620999999991239,0.9991538500827386
6.621999999991236,0.9991529651532685
6.622999999991234,0.9991520791979133
6.623999999991232,0.9991511926066777
6.624999999991229,0.9991503059713118
6.625999999991227,0.9991494200076066
6.626999999991225,0.9991485354603643
6.627999999991222,0.9991476530043546
6.62899999999122,0.9991467731551433
6.629999999991218,0.9991458962022568
6.630999999991215,0.999145022174021
6.631999999991213,0.9991441508389676
6.632999999991211,0.9991432817435736
6.633999999991208,0.9991424142810253
6.634999999991206,0.9991415477813596
6.635999999991204,0.9991406816103512
6.636999999991201,0.9991398152633096
6.637999999991199,0.9991389484406444
6.638999999991197,0.9991380810946513
6.639999999991194,0.9991372134409692
6.640999999991192,0.9991363459331437
6.64199999999119,0.9991354792038775
6.642999999991187,0.9991346139812265
6.643999999991185,0.9991337509914983
6.644999999991183,0.9991328908624587
6.64599999999118,0.9991320340403983
6.646999999991178,0.9991311807326518
6.647999999991176,0.9991303308835996
6.648999999991173,0.9991294841874727
6.649999999991171,0.9991286401361483
6.650999999991169,0.9991277980952112
6.651999999991166,0.999126957397617
6.652999999991164,0.9991261174418312
6.653999999991162,0.9991252777806978
6.654999999991159,0.9991244381886067
6.655999999991157,0.9991235986975678
6.656999999991155,0.9991227595971652
6.657999999991152,0.9991219213984234
6.65899999999115,0.99912108476668
6.659999999991148,0.9991202504328806
6.660999999991145,0.9991194190957282
6.661999999991143,0.9991185913284195
6.662999999991141,0.999117767502991
6.663999999991138,0.9991169477428774
6.664999999991136,0.9991161319102928
6.665999999991134,0.9991153196301618
6.666999999991131,0.999114510347234
6.667999999991129,0.9991137034083404
6.668999999991127,0.9991128981582681
6.669999999991124,0.9991120940358126
6.670999999991122,0.9991112906565696
6.67199999999112,0.9991104878708744
6.672999999991117,0.9991096857888091
6.673999999991115,0.9991088847687867
6.674999999991113,0.9991080853713371
6.67599999999111,0.9991072882845967
6.676999999991108,0.9991064942319602
6.677999999991106,0.9991057038748402
6.678999999991103,0.9991049177241655
6.679999999991101,0.9991041360730062
6.680999999991099,0.9991033589597308
6.681999999991096,0.9991025861668379
6.682999999991094,0.9991018172555807
6.683999999991092,0.9991010516315092
6.684999999991089,0.99910028863174
6.685999999991087,0.9990995276217092
6.686999999991085,0.9990987680878607
6.687999999991082,0.9990980097132984
6.68899999999108,0.9990972524258134
6.689999999991078,0.9990964964115798
6.690999999991075,0.999095742092631
6.691999999991073,0.9990949900712887
6.692999999991071,0.9990942410493721
6.693999999991068,0.999093495733513
6.694999999991066,0.9990927547398634
6.695999999991064,0.9990920185115318
6.696999999991061,0.9990912872603033
6.697999999991059,0.9990905609407815
6.698999999991057,0.9990898392605417
6.6999999999910544,0.9990891217248439
6.700999999991052,0.9990884077096245
6.70199999999105,0.9990876965525087
6.7029999999910475,0.9990869876491038
6.703999999991045,0.9990862805410604
6.704999999991043,0.9990855749835991
6.7059999999910405,0.9990848709830336
6.706999999991038,0.9990841687990794
6.707999999991036,0.9990834689116446
6.7089999999910335,0.9990827719567786
6.709999999991031,0.9990820786407808
6.710999999991029,0.9990813896445164
6.7119999999910265,0.9990807055313483
6.712999999991024,0.9990800266715809
6.713999999991022,0.9990793531939811
6.7149999999910195,0.9990786849711447
6.715999999991017,0.9990780216407328
6.716999999991015,0.9990773626595535
6.7179999999910125,0.999076707382908
6.71899999999101,0.9990760551580498
6.719999999991008,0.9990754054186671
6.7209999999910055,0.9990747577671538
6.721999999991003,0.9990741120331587
6.722999999991001,0.999073468300229
6.7239999999909985,0.99907282689684
6.724999999990996,0.9990721883530866
6.725999999990994,0.9990715533291397
6.7269999999909915,0.9990709225255073
6.727999999990989,0.9990702965876953
6.728999999990987,0.99906967601863
6.7299999999909845,0.9990690611111039
6.730999999990982,0.9990684519096941
6.73199999999098,0.9990678482074478
6.7329999999909775,0.9990672495777773
6.733999999990975,0.9990666554370584
6.734999999990973,0.9990660651291435
6.7359999999909705,0.9990654780199406
6.736999999990968,0.9990648935888058
6.737999999990966,0.9990643115039449
6.7389999999909636,0.9990637316712793
6.739999999990961,0.9990631542499456
6.740999999990959,0.9990625796322778
6.741999999990957,0.9990620083911186
6.742999999990954,0.9990614412018566
6.743999999990952,0.9990608787501483
6.74499999999095,0.9990603216382639
6.745999999990947,0.9990597703031753
6.746999999990945,0.9990592249578536
6.747999999990943,0.9990586855639741
6.74899999999094,0.999058151839827
6.749999999990938,0.9990576233022854
6.750999999990936,0.9990570993369449
6.751999999990933,0.9990565792865582
6.752999999990931,0.9990560625453917
6.753999999990929,0.9990555486462585
6.754999999990926,0.999055037328051
6.755999999990924,0.9990545285743188
6.756999999990922,0.999054022617519
6.757999999990919,0.9990535199083668
6.758999999990917,0.9990530210546082
6.759999999990915,0.999052526737819
6.760999999990912,0.9990520376199096
6.76199999999091,0.9990515542524416
6.762999999990908,0.9990510770014587
6.763999999990905,0.9990506059983534
6.764999999990903,0.999050141123627
6.765999999990901,0.9990496820257891
6.766999999990898,0.9990492281727189
6.767999999990896,0.9990487789282538
6.768999999990894,0.999048333643264
6.769999999990891,0.9990478917484363
6.770999999990889,0.999047452835776
6.771999999990887,0.9990470167174123
6.772999999990884,0.9990465834534912
6.773999999990882,0.9990461533452681
6.77499999999088,0.9990457268943874
6.775999999990877,0.9990453047340961
6.776999999990875,0.9990448875420407
6.777999999990873,0.9990444759468959
6.77899999999087,0.9990440704419161
6.779999999990868,0.9990436713175163
6.780999999990866,0.9990432786223138
6.781999999990863,0.9990428921580604
6.782999999990861,0.999042511509133
6.783999999990859,0.9990421361024335
6.784999999990856,0.9990417652892755
6.785999999990854,0.9990413984377656
6.786999999990852,0.9990410350227446
6.787999999990849,0.9990406747006717
6.788999999990847,0.999040317358986
6.789999999990845,0.999039963133032
6.790999999990842,0.999039612388211
6.79199999999084,0.9990392656698863
6.792999999990838,0.9990389236280937
6.793999999990835,0.9990385869276308
6.794999999990833,0.9990382561561482
6.795999999990831,0.9990379317431082
6.796999999990828,0.9990376139009793
6.797999999990826,0.9990373025968546
6.798999999990824,0.99903699755847
6.799999999990821,0.9990366983137305
6.800999999990819,0.999036404258193
6.801999999990817,0.9990361147410091
6.802999999990814,0.9990358291572903
6.803999999990812,0.9990355470339332
6.80499999999081,0.9990352680968843
6.805999999990807,0.9990349923104402
6.806999999990805,0.9990347198830865
6.807999999990803,0.9990344512390998
6.8089999999908,0.9990341869599041
6.809999999990798,0.9990339277034433
6.810999999990796,0.999033674112876
6.811999999990793,0.9990334267274015
6.812999999990791,0.9990331859077162
6.813999999990789,0.9990329517865282
6.814999999990786,0.9990327242510555
6.815999999990784,0.9990325029599088
6.816999999990782,0.9990322873919798
6.817999999990779,0.9990320769204475
6.818999999990777,0.9990318709015034
6.819999999990775,0.9990316687653609
6.8209999999907724,0.9990314700967952
6.82199999999077,0.9990312746939309
6.822999999990768,0.9990310825970616
6.8239999999907655,0.9990308940834827
6.824999999990763,0.9990307096290868
6.825999999990761,0.9990305298421325
6.8269999999907585,0.999030355378492
6.827999999990756,0.9990301868502827
6.828999999990754,0.9990300247406879
6.8299999999907515,0.999029869336919
6.830999999990749,0.9990297206906752
6.831999999990747,0.9990295786116297
6.8329999999907445,0.9990294426948151
6.833999999990742,0.9990293123780442
6.83499999999074,0.9990291870212894
6.8359999999907375,0.9990290659968896
6.836999999990735,0.9990289487779322
6.837999999990733,0.9990288350124247
6.8389999999907305,0.9990287245728784
6.839999999990728,0.9990286175743617
6.840999999990726,0.9990285143585219
6.8419999999907235,0.9990284154458462
6.842999999990721,0.9990283214628821
6.843999999990719,0.9990282330546394
6.8449999999907165,0.9990281507944769
6.845999999990714,0.9990280751041004
6.846999999990712,0.9990280061948744
6.8479999999907095,0.9990279440386518
6.848999999990707,0.9990278883721855
6.849999999990705,0.9990278387344675
6.8509999999907025,0.9990277945317452
6.8519999999907,0.9990277551210669
6.852999999990698,0.9990277199006428
6.8539999999906955,0.9990276883943507
6.854999999990693,0.9990276603185338
6.855999999990691,0.9990276356217545
6.8569999999906885,0.9990276144919509
6.857999999990686,0.9990275973300146
6.858999999990684,0.9990275846935316
6.8599999999906816,0.9990275772185868
6.860999999990679,0.9990275755306245
6.861999999990677,0.9990275801568542
6.862999999990675,0.9990275914524949
6.863999999990672,0.9990276095511742
6.86499999999067,0.9990276343464173
6.865999999990668,0.9990276655067903
6.866999999990665,0.9990277025225415
6.867999999990663,0.9990277447771745
6.868999999990661,0.9990277916339051
6.869999999990658,0.9990278425248585
6.870999999990656,0.9990278970305245
6.871999999990654,0.9990279549383297
6.872999999990651,0.9990280162721378
6.873999999990649,0.9990280812885655
6.874999999990647,0.9990281504406514
6.875999999990644,0.9990282243140006
6.876999999990642,0.9990283035443811
6.87799999999064,0.9990283887283429
6.878999999990637,0.9990284803394004
6.879999999990635,0.9990285786615254
6.880999999990633,0.999028683749255
6.88199999999063,0.9990287954199806
6.882999999990628,0.9990289132794634
6.883999999990626,0.9990290367769744
6.884999999990623,0.999029165282305
6.885999999990621,0.9990292981738403
6.886999999990619,0.9990294349253441
6.887999999990616,0.999029575179287
6.888999999990614,0.9990297187964642
6.889999999990612,0.9990298658749398
6.890999999990609,0.9990300167357106
6.891999999990607,0.9990301718771029
6.892999999990605,0.9990303319043474
6.893999999990602,0.9990304974442168
6.8949999999906,0.9990306690567141
6.895999999990598,0.9990308471561876
6.896999999990595,0.9990310319529351
6.897999999990593,0.9990312234234421
6.898999999990591,0.9990314213134193
6.899999999990588,0.999031625173173
6.900999999990586,0.9990318344203237
6.901999999990584,0.9990320484210691
6.902999999990581,0.999032266578574
6.903999999990579,0.999032488416097
6.904999999990577,0.9990327136432
6.905999999990574,0.9990329421957742
6.906999999990572,0.9990331742442927
6.90799999999057,0.9990334101691591
6.908999999990567,0.9990336505066317
6.909999999990565,0.9990338958729389
6.910999999990563,0.9990341468772321
6.91199999999056,0.9990344040355906
6.912999999990558,0.9990346676981459
6.913999999990556,0.9990349379995146
6.914999999990553,0.9990352148394802
6.915999999990551,0.9990354978965996
6.916999999990549,0.9990357866727929
6.917999999990546,0.9990360805626441
6.918999999990544,0.9990363789376686
6.919999999990542,0.9990366812337274
6.920999999990539,0.9990369870293374
6.921999999990537,0.9990372961039046
6.922999999990535,0.9990376084677342
6.923999999990532,0.9990379243596299
6.92499999999053,0.9990382442124439
6.925999999990528,0.9990385685914285
6.926999999990525,0.9990388981140634
6.927999999990523,0.9990392333626164
6.928999999990521,0.9990395748017026
6.929999999990518,0.9990399227124083
6.930999999990516,0.9990402771521857
6.931999999990514,0.9990406379461265
6.932999999990511,0.9990410047108013
6.933999999990509,0.9990413769072924
6.934999999990507,0.9990417539159699
6.935999999990504,0.999042135122508
6.936999999990502,0.999042520003082
6.9379999999905,0.9990429081968026
6.938999999990497,0.9990432995552395
6.939999999990495,0.9990436941621066
6.940999999990493,0.9990440923203724
6.9419999999904904,0.9990444945086313
6.942999999990488,0.9990449013128773
6.943999999990486,0.999045313343273
6.9449999999904835,0.999045731147599
6.945999999990481,0.9990461551335219
6.946999999990479,0.9990465855105651
6.9479999999904765,0.9990470222599023
6.948999999990474,0.9990474651361828
6.949999999990472,0.9990479137011058
6.9509999999904695,0.9990483673840039
6.951999999990467,0.9990488255609415
6.952999999990465,0.9990492876411954
6.9539999999904625,0.9990497531490133
6.95499999999046,0.9990502217891747
6.955999999990458,0.9990506934871781
6.9569999999904555,0.9990511683984412
6.957999999990453,0.9990516468852564
6.958999999990451,0.999052129464738
6.9599999999904485,0.9990526167351091
6.960999999990446,0.999053109290662
6.961999999990444,0.9990536076373319
6.9629999999904415,0.9990541121207203
6.963999999990439,0.9990546228766515
6.964999999990437,0.9990551398111733
6.9659999999904345,0.9990556626127768
6.966999999990432,0.999056190795098
6.96799999999043,0.999056723764083
6.9689999999904275,0.9990572609001774
6.969999999990425,0.9990578016440149
6.970999999990423,0.9990583455735843
6.9719999999904205,0.9990588924620685
6.972999999990418,0.9990594423082613
6.973999999990416,0.9990599953353146
6.9749999999904135,0.9990605519580116
6.975999999990411,0.999061112723187
6.976999999990409,0.9990616782316599
6.9779999999904065,0.9990622490526562
6.978999999990404,0.9990628256427188
6.979999999990402,0.9990634082804833
6.9809999999903996,0.9990639970264462
6.981999999990397,0.9990645917133331
6.982999999990395,0.999065191968403
6.983999999990393,0.9990657972645249
6.98499999999039,0.9990664069928423
6.985999999990388,0.9990670205468346
6.986999999990386,0.9990676374059786
6.987999999990383,0.9990682572072836
6.988999999990381,0.9990688797946745
6.989999999990379,0.999069505239319
6.990999999990376,0.9990701338280674
6.991999999990374,0.9990707660216461
6.992999999990372,0.9990714023885019
6.993999999990369,0.999072043523596
6.994999999990367,0.9990726899635368
6.995999999990365,0.9990733421099746
6.996999999990362,0.9990740001719693
6.99799999999036,0.9990746641354076
6.998999999990358,0.9990753337637236
6.999999999990355,0.9990760086298068
7.000999999990353,0.9990766881745903
7.001999999990351,0.9990773717840897
7.002999999990348,0.9990780588740772
7.003999999990346,0.9990787489705142
7.004999999990344,0.9990794417744621
7.005999999990341,0.9990801372023866
7.006999999990339,0.9990808353962202
7.007999999990337,0.9990815367017966
7.008999999990334,0.9990822416187063
7.009999999990332,0.9990829507286265
7.01099999999033,0.9990836646121868
7.011999999990327,0.9990843837660413
7.012999999990325,0.9990851085317766
7.013999999990323,0.9990858390466066
7.01499999999032,0.9990865752227596
7.015999999990318,0.9990873167584153
7.016999999990316,0.999088063178631
7.017999999990313,0.9990888139004968
7.018999999990311,0.9990895683133606
7.019999999990309,0.9990903258628703
7.020999999990306,0.9990910861270405
7.021999999990304,0.9990918488737037
7.022999999990302,0.9990926140912856
7.023999999990299,0.9990933819886179
7.024999999990297,0.9990941529638386
7.025999999990295,0.999094927546751
7.026999999990292,0.999095706322754
7.02799999999029,0.9990964898490292
7.028999999990288,0.9990972785747416
7.029999999990285,0.9990980727764444
7.030999999990283,0.9990988725177348
7.031999999990281,0.999099677638789
7.032999999990278,0.9991004877772128
7.033999999990276,0.9991013024172708
7.034999999990274,0.999102120960563
7.035999999990271,0.9991029428082274
7.036999999990269,0.9991037674431431
7.037999999990267,0.9991045945006105
7.038999999990264,0.9991054238175953
7.039999999990262,0.9991062554536615
7.04099999999026,0.9991070896806579
7.041999999990257,0.9991079269426462
7.042999999990255,0.9991087677917048
7.043999999990253,0.999109612808631
7.04499999999025,0.9991104625196855
7.045999999990248,0.9991113173210409
7.046999999990246,0.9991121774215312
7.047999999990243,0.9991130428117052
7.048999999990241,0.9991139132635044
7.049999999990239,0.999114788360583
7.050999999990236,0.9991156675549979
7.051999999990234,0.9991165502423063
7.052999999990232,0.9991174358445216
7.053999999990229,0.9991183238892931
7.054999999990227,0.9991192140742103
7.055999999990225,0.9991201063072228
7.056999999990222,0.9991210007175341
7.05799999999022,0.9991218976354511
7.058999999990218,0.999122797544052
7.059999999990215,0.9991237010094576
7.060999999990213,0.9991246085995064
7.061999999990211,0.9991255208022408
7.062999999990208,0.9991264379556422
7.063999999990206,0.9991273601984425
7.064999999990204,0.9991282874489152
7.0659999999902015,0.9991292194145728
7.066999999990199,0.9991301556313993
7.067999999990197,0.9991310955270917
7.0689999999901945,0.9991320384994108
7.069999999990192,0.9991329839986737
7.07099999999019,0.9991339316027918
7.0719999999901875,0.9991348810743638
7.072999999990185,0.9991358323918234
7.073999999990183,0.9991367857502884
7.0749999999901805,0.9991377415320176
7.075999999990178,0.9991387002506329
7.076999999990176,0.9991396624769516
7.0779999999901735,0.9991406287568418
7.078999999990171,0.9991415995326389
7.079999999990169,0.9991425750791241
7.0809999999901665,0.999143555463048
7.081999999990164,0.9991445405318342
7.082999999990162,0.9991455299330348
7.0839999999901595,0.9991465231617772
7.084999999990157,0.9991475196295314
7.085999999990155,0.9991485187445566
7.0869999999901525,0.9991495199927266
7.08799999999015,0.9991505230074188
7.088999999990148,0.9991515276186672
7.0899999999901455,0.9991525338746936
7.090999999990143,0.9991535420328289
7.091999999990141,0.9991545525211126
7.0929999999901385,0.9991555658759775
7.093999999990136,0.999156582664781
7.094999999990134,0.9991576034040636
7.0959999999901315,0.9991586284849862
7.096999999990129,0.9991596581164033
7.097999999990127,0.9991606922935344
7.0989999999901245,0.9991617307965986
7.099999999990122,0.999162773219595
7.10099999999012,0.9991638190251589
7.1019999999901176,0.9991648676177928
7.102999999990115,0.9991659184251918
7.103999999990113,0.9991669709762532
7.104999999990111,0.9991680249648341
7.105999999990108,0.9991690802903328
7.106999999990106,0.9991701370694114
7.107999999990104,0.9991711956172485
7.108999999990101,0.9991722564009631
7.109999999990099,0.9991733199717613
7.110999999990097,0.9991743868853357
7.111999999990094,0.999175457621689
7.112999999990092,0.9991765325156172
7.11399999999009,0.9991776117075984
7.114999999990087,0.9991786951219475
7.115999999990085,0.999179782475294
7.116999999990083,0.9991808733141498
7.11799999999008,0.9991819670762895
7.118999999990078,0.9991830631673176
7.119999999990076,0.999184161041673
7.120999999990073,0.9991852602767233
7.121999999990071,0.9991863606295642
7.122999999990069,0.9991874620685745
7.123999999990066,0.9991885647753098
7.124999999990064,0.9991896691165038
7.125999999990062,0.9991907755901056
7.126999999990059,0.9991918847529497
7.127999999990057,0.9991929971402111
7.128999999990055,0.9991941131879467
7.129999999990052,0.9991952331695916
7.13099999999005,0.999196357155291
7.131999999990048,0.9991974849997552
7.132999999990045,0.9991986163603135
7.133999999990043,0.9991997507426088
7.134999999990041,0.9992008875675196
7.135999999990038,0.9992020262499045
7.136999999990036,0.9992031662781368
7.137999999990034,0.9992043072832714
7.138999999990031,0.9992054490881599
7.139999999990029,0.9992065917296324
7.140999999990027,0.9992077354506587
7.141999999990024,0.9992088806636069
7.142999999990022,0.9992100278897733
7.14399999999002,0.9992111776836824
7.144999999990017,0.9992123305527837
7.145999999990015,0.9992134868838115
7.146999999990013,0.9992146468861111
7.14799999999001,0.9992158105598749
7.148999999990008,0.9992169776937166
7.149999999990006,0.9992181478918992
7.150999999990003,0.9992193206273857
7.151999999990001,0.999220495313252
7.152999999989999,0.9992216713824461
7.153999999989996,0.9992228483646975
7.154999999989994,0.9992240259498036
7.155999999989992,0.9992252040284217
7.156999999989989,0.9992263827046745
7.157999999989987,0.9992275622788114
7.158999999989985,0.9992287432023846
7.159999999989982,0.9992299260122349
7.16099999998998,0.9992311112525675
7.161999999989978,0.9992322993960343
7.162999999989975,0.999233490774906
7.163999999989973,0.9992346855319609
7.164999999989971,0.9992358835979696
7.165999999989968,0.9992370846989055
7.166999999989966,0.9992382883918501
7.167999999989964,0.9992394941245369
7.168999999989961,0.9992407013101637
7.169999999989959,0.9992419094069863
7.170999999989957,0.9992431179915279
7.171999999989954,0.9992443268151545
7.172999999989952,0.9992455358360979
7.17399999998995,0.9992467452224383
7.174999999989947,0.9992479553256671
7.175999999989945,0.9992491666285359
7.176999999989943,0.9992503796745315
7.17799999998994,0.999251594988882
7.178999999989938,0.9992528130021611
7.179999999989936,0.9992540339872301
7.180999999989933,0.9992552580183159
7.181999999989931,0.9992564849579647
7.182999999989929,0.9992577144736596
7.183999999989926,0.9992589460817582
7.184999999989924,0.9992601792125779
7.185999999989922,0.999261413287488
7.1869999999899195,0.9992626477972005
7.187999999989917,0.9992638823702884
7.188999999989915,0.9992651168223282
7.1899999999899125,0.9992663511787928
7.19099999998991,0.9992675856684966
7.191999999989908,0.9992688206885378
7.1929999999899055,0.999270056745667
7.193999999989903,0.9992712943823323
7.194999999989901,0.9992725340977754
7.1959999999898985,0.9992737762752328
7.196999999989896,0.9992750211254642
7.197999999989894,0.9992762686544834
7.1989999999898915,0.9992775186600134
7.199999999989889,0.9992787707571334
7.200999999989887,0.9992800244295088
7.2019999999898845,0.9992812790989994
7.202999999989882,0.9992825342038878
7.20399999998988,0.999283789274747
7.2049999999898775,0.999285043997314
7.205999999989875,0.9992862982535706
7.206999999989873,0.9992875521352856
7.2079999999898705,0.9992888059281344
7.208999999989868,0.9992900600686485
7.209999999989866,0.9992913150800484
7.2109999999898635,0.9992925714959618
7.211999999989861,0.9992938297827292
7.212999999989859,0.9992950902711989
7.2139999999898565,0.9992963531075498
7.214999999989854,0.9992976182300352
7.215999999989852,0.9992988853748788
7.2169999999898495,0.9993001541104749
7.217999999989847,0.9993014238950808
7.218999999989845,0.9993026941498896
7.2199999999898425,0.999303964337243
7.22099999998984,0.9993052340330139
7.221999999989838,0.9993065029830215
7.2229999999898356,0.9993077711355869
7.223999999989833,0.9993090386456744
7.224999999989831,0.9993103058500581
7.225999999989829,0.9993115732170138
7.226999999989826,0.9993128412776014
7.227999999989824,0.9993141105481887
7.228999999989822,0.9993153814550924
7.229999999989819,0.9993166542718913
7.230999999989817,0.9993179290781887
7.231999999989815,0.9993192057455901
7.232999999989812,0.9993204839528363
7.23399999998981,0.9993217632279416
7.234999999989808,0.9993230430114279
7.235999999989805,0.9993243227317704
7.236999999989803,0.9993256018824839
7.237999999989801,0.9993268800900412
7.238999999989798,0.9993281571631147
7.239999999989796,0.9993294331162476
7.240999999989794,0.9993307081646434
7.241999999989791,0.9993319826908416
7.242999999989789,0.9993332571879612
7.243999999989787,0.9993345321874835
7.244999999989784,0.9993358081817224
7.245999999989782,0.9993370855518415
7.24699999998978,0.9993383645115029
7.247999999989777,0.9993396450740317
7.248999999989775,0.999340927047686
7.249999999989773,0.9993422100596601
7.25099999998977,0.9993434936054564
7.251999999989768,0.999344777116676
7.252999999989766,0.9993460600377263
7.253999999989763,0.9993473419006758
7.254999999989761,0.9993486223877758
7.255999999989759,0.9993499013728944
7.256999999989756,0.9993511789360627
7.257999999989754,0.9993524553491179
7.258999999989752,0.9993537310344847
7.259999999989749,0.9993550065028681
7.260999999989747,0.9993562822786267
7.261999999989745,0.999357558823275
7.262999999989742,0.9993588364678525
7.26399999998974,0.9993601153636239
7.264999999989738,0.9993613954580076
7.265999999989735,0.9993626764990895
7.266999999989733,0.9993639580680627
7.267999999989731,0.9993652396350261
7.268999999989728,0.999366520630308
7.269999999989726,0.9993678005213049
7.270999999989724,0.9993690788840746
7.271999999989721,0.9993703554596464
7.272999999989719,0.9993716301871814
7.273999999989717,0.9993729032093356
7.274999999989714,0.999374174849101
7.275999999989712,0.9993754455613817
7.27699999998971,0.9993767158661135
7.277999999989707,0.9993779862723118
7.278999999989705,0.9993792572037121
7.279999999989703,0.9993805289364128
7.2809999999897,0.9993818015572586
7.281999999989698,0.9993830749487732
7.282999999989696,0.9993843488027364
7.283999999989693,0.9993856226604689
7.284999999989691,0.9993868959741783
7.285999999989689,0.9993881681807445
7.286999999989686,0.999389438777618
7.287999999989684,0.9993907073901758
7.288999999989682,0.9993919738211181
7.289999999989679,0.9993932380749813
7.290999999989677,0.9993945003543523
7.291999999989675,0.9993957610283345
7.292999999989672,0.9993970205777053
7.29399999998967,0.9993982795244695
7.294999999989668,0.9993995383557015
7.295999999989665,0.9994007974523401
7.296999999989663,0.9994020570329168
7.297999999989661,0.9994033171200923
7.298999999989658,0.99940457753466
7.299999999989656,0.9994058379178498
7.300999999989654,0.9994070977787862
7.301999999989651,0.9994083565604265
7.302999999989649,0.9994096137147347
7.303999999989647,0.9994108687765475
7.304999999989644,0.9994121214257814
7.305999999989642,0.999413371529274
7.30699999998964,0.9994146191564086
7.3079999999896375,0.9994158645663477
7.308999999989635,0.9994171081686979
7.309999999989633,0.9994183504631126
7.3109999999896305,0.9994195919663355
7.311999999989628,0.999420833136897
7.312999999989626,0.9994220743080234
7.3139999999896235,0.999423315638168
7.314999999989621,0.9994245570860557
7.315999999989619,0.999425798413749
7.3169999999896165,0.9994270392172611
7.317999999989614,0.999428278980418
7.318999999989612,0.9994295171443957
7.3199999999896095,0.9994307531831851
7.320999999989607,0.9994319866744159
7.321999999989605,0.9994332173556022
7.3229999999896025,0.9994344451579661
7.3239999999896,0.9994356702130868
7.324999999989598,0.9994368928314843
7.3259999999895955,0.9994381134561324
7.326999999989593,0.9994393325974533
7.327999999989591,0.9994405507589017
7.3289999999895885,0.9994417683635967
7.329999999989586,0.9994429856922635
7.330999999989584,0.9994442028411822
7.3319999999895815,0.9994454197060179
7.332999999989579,0.9994466359937726
7.333999999989577,0.9994478512611574
7.3349999999895745,0.9994490649740092
7.335999999989572,0.9994502765793949
7.33699999998957,0.9994514855803128
7.3379999999895675,0.9994526916025175
7.338999999989565,0.9994538944441087
7.339999999989563,0.9994550941009491
7.3409999999895605,0.9994562907643593
7.341999999989558,0.9994574847914367
7.342999999989556,0.99945867665218
7.3439999999895536,0.9994598668608415
7.344999999989551,0.9994610559011446
7.345999999989549,0.999462244155854
7.346999999989547,0.9994634318505404
7.347999999989544,0.9994646190194377
7.348999999989542,0.9994658054981295
7.34999999998954,0.9994669909440882
7.350999999989537,0.9994681748821614
7.351999999989535,0.9994693567686257
7.352999999989533,0.9994705360648117
7.35399999998953,0.999471712309978
7.354999999989528,0.9994728851832339
7.355999999989526,0.9994740545458298
7.356999999989523,0.9994752204579122
7.357999999989521,0.9994763831674113
7.358999999989519,0.9994775430726354
7.359999999989516,0.9994787006638349
7.360999999989514,0.9994798564519347
7.361999999989512,0.9994810108944266
7.362999999989509,0.9994821643288111
7.363999999989507,0.9994833169229093
7.364999999989505,0.9994844686489921
7.365999999989502,0.9994856192853339
7.3669999999895,0.9994867684449478
7.367999999989498,0.9994879156274632
7.368999999989495,0.9994890602868505
7.369999999989493,0.9994902019054974
7.370999999989491,0.9994913400642685
7.371999999989488,0.9994924744987195
7.372999999989486,0.9994936051336173
7.373999999989484,0.9994947320909342
7.374999999989481,0.9994958556702171
7.375999999989479,0.9994969763040884
7.376999999989477,0.9994980944951487
7.377999999989474,0.9994992107431184
7.378999999989472,0.9995003254724562
7.37999999998947,0.9995014389705832
7.380999999989467,0.9995025513453646
7.381999999989465,0.9995036625077888
7.382999999989463,0.9995047721822475
7.38399999998946,0.9995058799429547
7.384999999989458,0.9995069852713865
7.385999999989456,0.9995080876266883
7.386999999989453,0.9995091865191706
7.387999999989451,0.9995102815766091
7.388999999989449,0.9995113725940578
7.389999999989446,0.999512459560204
7.390999999989444,0.9995135426565921
7.391999999989442,0.9995146222298403
7.392999999989439,0.9995156987407643
7.393999999989437,0.999516772697556
7.394999999989435,0.9995178445823972
7.395999999989432,0.9995189147817872
7.39699999998943,0.9995199835303417
7.397999999989428,0.9995210508759259
7.398999999989425,0.9995221166709919
7.399999999989423,0.9995231805913061
7.400999999989421,0.9995242421794368
7.401999999989418,0.9995253009068876
7.402999999989416,0.9995263562461543
7.403999999989414,0.9995274077426141
7.404999999989411,0.9995284550761642
7.405999999989409,0.9995294981039928
7.406999999989407,0.9995305368784964
7.407999999989404,0.9995315716378496
7.408999999989402,0.9995326027705778
7.4099999999894,0.9995336307590991
7.410999999989397,0.9995346561101686
7.411999999989395,0.9995356792819773
7.412999999989393,0.9995367006181171
7.41399999998939,0.9995377202976607
7.414999999989388,0.9995387383083435
7.415999999989386,0.9995397544465753
7.416999999989383,0.9995407683442706
7.417999999989381,0.9995417795187086
7.418999999989379,0.9995427874384234
7.419999999989376,0.9995437915958865
7.420999999989374,0.9995447915767979
7.421999999989372,0.9995457871162787
7.422999999989369,0.9995467781341156
7.423999999989367,0.9995477647441136
7.424999999989365,0.9995487472362856
7.425999999989362,0.9995497260343664
7.42699999998936,0.9995507016346388
7.427999999989358,0.9995516745346498
7.4289999999893555,0.9995526451618189
7.429999999989353,0.9995536138119361
7.430999999989351,0.9995545806061659
7.4319999999893485,0.9995555454725533
7.432999999989346,0.999556508154615
7.433999999989344,0.9995574682457734
7.4349999999893415,0.9995584252448121
7.435999999989339,0.9995593786245622
7.436999999989337,0.9995603279041918
7.4379999999893345,0.9995612727149856
7.438999999989332,0.9995622128503857
7.43999999998933,0.9995631482932985
7.4409999999893275,0.9995640792168623
7.441999999989325,0.9995650059585777
7.442999999989323,0.9995659289714496
7.4439999999893205,0.9995668487590073
7.444999999989318,0.9995677658033131
7.445999999989316,0.9995686804960564
7.4469999999893135,0.9995695930823758
7.447999999989311,0.9995705036252689
7.448999999989309,0.999571411995561
7.4499999999893065,0.999572317888819
7.450999999989304,0.9995732208668197
7.451999999989302,0.9995741204177513
7.4529999999892995,0.9995750160267037
7.453999999989297,0.9995759072465606
7.454999999989295,0.9995767937593641
7.4559999999892925,0.9995776754195596
7.45699999998929,0.9995785522730858
7.457999999989288,0.9995794245496317
7.4589999999892855,0.9995802926291915
7.459999999989283,0.9995811569875943
7.460999999989281,0.9995820181286698
7.4619999999892785,0.9995828765125486
7.462999999989276,0.9995837324901561
7.463999999989274,0.9995845862530631
7.4649999999892716,0.9995854378057141
7.465999999989269,0.9995862869639062
7.466999999989267,0.9995871333797005
7.467999999989265,0.9995879765892701
7.468999999989262,0.999588816076955
7.46999999998926,0.9995896513465427
7.470999999989258,0.9995904819897914
7.471999999989255,0.9995913077425985
7.472999999989253,0.9995921285209584
7.473999999989251,0.9995929444316793
7.474999999989248,0.999593755756381
7.475999999989246,0.9995945629110222
7.476999999989244,0.99959536638665
7.477999999989241,0.9995961666796844
7.478999999989239,0.9995969642215238
7.479999999989237,0.9995977593173179
7.480999999989234,0.9995985521025038
7.481999999989232,0.9995993425231485
7.48299999998923,0.9996001303428557
7.483999999989227,0.9996009151752321
7.484999999989225,0.9996016965373568
7.485999999989223,0.9996024739167584
7.48699999998922,0.9996032468424967
7.487999999989218,0.9996040149504112
7.488999999989216,0.9996047780333834
7.489999999989213,0.9996055360695845
7.490999999989211,0.9996062892247712
7.491999999989209,0.999607037828314
7.492999999989206,0.9996077823263432
7.493999999989204,0.9996085232186005
7.494999999989202,0.9996092609878444
7.495999999989199,0.9996099960317093
7.496999999989197,0.9996107286065611
7.497999999989195,0.9996114587912001
7.498999999989192,0.9996121864754864
7.49999999998919,0.9996129113754443
7.500999999989188,0.9996136330727489
7.501999999989185,0.9996143510730048
7.502999999989183,0.9996150648746749
7.503999999989181,0.9996157740389752
7.504999999989178,0.9996164782509577
7.505999999989176,0.999617177363214
7.506999999989174,0.999617871416107
7.507999999989171,0.9996185606317001
7.508999999989169,0.9996192453822614
7.509999999989167,0.9996199261377623
7.510999999989164,0.9996206033997439
7.511999999989162,0.9996212776308234
7.51299999998916,0.9996219491897202
7.513999999989157,0.9996226182808938
7.514999999989155,0.9996232849258485
7.515999999989153,0.9996239489601014
7.51699999998915,0.9996246100562174
7.517999999989148,0.9996252677696681
7.518999999989146,0.9996259216010689
7.519999999989143,0.9996265710660749
7.520999999989141,0.9996272157631256
7.521999999989139,0.9996278554295798
7.522999999989136,0.9996284899783554
7.523999999989134,0.9996291195099777
7.524999999989132,0.9996297442983482
7.525999999989129,0.9996303647522444
7.526999999989127,0.999630981357972
7.527999999989125,0.9996315946111968
7.528999999989122,0.9996322049475427
7.52999999998912,0.9996328126816648
7.530999999989118,0.9996334179633289
7.531999999989115,0.9996340207566372
7.532999999989113,0.9996346208452913
7.533999999989111,0.9996352178631286
7.534999999989108,0.9996358113456516
7.535999999989106,0.9996364007953064
7.536999999989104,0.999636985751375
7.537999999989101,0.9996375658546803
7.538999999989099,0.9996381408980464
7.539999999989097,0.999638710855448
7.540999999989094,0.9996392758857865
7.541999999989092,0.9996398363107685
7.54299999998909,0.9996403925700192
7.543999999989087,0.9996409451597216
7.544999999989085,0.9996414945634077
7.545999999989083,0.9996420411845862
7.54699999998908,0.9996425852906557
7.547999999989078,0.9996431269759346
7.548999999989076,0.9996436661489841
7.5499999999890735,0.9996442025459823
7.550999999989071,0.9996447357682505
7.551999999989069,0.9996452653386677
7.5529999999890665,0.9996457907690571
7.553999999989064,0.9996463116290917
7.554999999989062,0.9996468276070728
7.5559999999890595,0.9996473385540612
7.556999999989057,0.9996478445052008
7.557999999989055,0.9996483456752595
7.5589999999890525,0.9996488424290244
7.55999999998905,0.9996493352307201
7.560999999989048,0.9996498245795445
7.5619999999890455,0.999650310940368
7.562999999989043,0.9996507946792957
7.563999999989041,0.9996512760131342
7.5649999999890385,0.999651754979814
7.565999999989036,0.9996522314339166
7.566999999989034,0.9996527050678862
7.5679999999890315,0.9996531754559678
7.568999999989029,0.9996536421146667
7.569999999989027,0.999654104571276
7.5709999999890245,0.9996545624308537
7.571999999989022,0.9996550154322804
7.57299999998902,0.9996554634855472
7.5739999999890175,0.9996559066850649
7.574999999989015,0.9996563452971363
7.575999999989013,0.9996567797233696
7.5769999999890105,0.9996572104451653
7.577999999989008,0.9996576379570792
7.578999999989006,0.9996580626984007
7.5799999999890035,0.9996584849925373
7.580999999989001,0.9996589050026935
7.581999999988999,0.9996593227100387
7.5829999999889965,0.9996597379173957
7.583999999988994,0.9996601502779286
7.584999999988992,0.9996605593447804
7.5859999999889896,0.999660964634711
7.586999999988987,0.999661365696806
7.587999999988985,0.9996617621766312
7.588999999988983,0.9996621538668513
7.58999999998898,0.999662540737222
7.590999999988978,0.9996629229397661
7.591999999988976,0.9996633007884328
7.592999999988973,0.9996636747160934
7.593999999988971,0.9996640452149298
7.594999999988969,0.9996644127685763
7.595999999988966,0.9996647777855201
7.596999999988964,0.9996651405430973
7.597999999988962,0.9996655011499146
7.598999999988959,0.9996658595319512
7.599999999988957,0.9996662154442686
7.600999999988955,0.9996665685066698
7.601999999988952,0.9996669182583086
7.60299999998895,0.9996672642235727
7.603999999988948,0.9996676059800118
7.604999999988945,0.9996679432187822
7.605999999988943,0.9996682757891597
7.606999999988941,0.9996686037208797
7.607999999988938,0.9996689272211993
7.608999999988936,0.9996692466471017
7.609999999988934,0.999669562456561
7.610999999988931,0.9996698751456948
7.611999999988929,0.9996701851806346
7.612999999988927,0.9996704929336454
7.613999999988924,0.9996707986324542
7.614999999988922,0.9996711023298749
7.61599999998892,0.9996714038979675
7.616999999988917,0.9996717030475372
7.617999999988915,0.9996719993702142
7.618999999988913,0.999672292397212
7.61999999998891,0.9996725816665117
7.620999999988908,0.9996728667890702
7.621999999988906,0.9996731475047683
7.622999999988903,0.999673423720276
7.623999999988901,0.9996736955235354
7.624999999988899,0.9996739631728453
7.625999999988896,0.9996742270620876
7.626999999988894,0.999674487666992
7.627999999988892,0.9996747454799699
7.628999999988889,0.9996750009426705
7.629999999988887,0.9996752543857056
7.630999999988885,0.9996755059839841
7.631999999988882,0.9996757557339043
7.63299999998888,0.9996760034555764
7.633999999988878,0.9996762488197454
7.634999999988875,0.9996764913956356
7.635999999988873,0.9996767307129915
7.636999999988871,0.9996769663296345
7.637999999988868,0.9996771978950496
7.638999999988866,0.9996774252011082
7.639999999988864,0.9996776482128231
7.640999999988861,0.9996778670748323
7.641999999988859,0.9996780820927245
7.642999999988857,0.9996782936918337
7.643999999988854,0.999678502359307
7.644999999988852,0.9996787085775561
7.64599999998885,0.999678912758439
7.646999999988847,0.9996791151873802
7.647999999988845,0.9996793159852603
7.648999999988843,0.9996795150933873
7.64999999998884,0.9996797122836538
7.650999999988838,0.9996799071924366
7.651999999988836,0.9996800993734694
7.652999999988833,0.9996802883622777
7.653999999988831,0.9996804737431363
7.654999999988829,0.9996806552091574
7.655999999988826,0.99968083260711
7.656999999988824,0.9996810059606834
7.657999999988822,0.9996811754689638
7.658999999988819,0.9996813414803425
7.659999999988817,0.9996815044455315
7.660999999988815,0.9996816648562763
7.661999999988812,0.9996818231783691
7.66299999998881,0.999681979788345
7.663999999988808,0.999682134922735
7.664999999988805,0.9996822886469724
7.665999999988803,0.9996824408483076
7.666999999988801,0.9996825912536915
7.667999999988798,0.9996827394701122
7.668999999988796,0.9996828850417129
7.669999999988794,0.9996830275156843
7.6709999999887915,0.9996831665076857
7.671999999988789,0.9996833017576492
7.672999999988787,0.9996834331681331
7.6739999999887845,0.999683560819873
7.674999999988782,0.9996836849623602
7.67599999998878,0.9996838059807822
7.6769999999887775,0.9996839243439659
7.677999999988775,0.9996840405406413
7.678999999988773,0.9996841550129593
7.6799999999887705,0.999684268096593
7.680999999988768,0.9996843799758078
7.681999999988766,0.9996844906597752
7.6829999999887635,0.9996845999834433
7.683999999988761,0.9996847076328212
7.684999999988759,0.999684813191116
7.6859999999887565,0.9996849161992528
7.686999999988754,0.9996850162222926
7.687999999988752,0.9996851129124373
7.6889999999887495,0.9996852060597942
7.689999999988747,0.9996852956237904
7.690999999988745,0.999685381740851
7.6919999999887425,0.999685464707272
7.69299999998874,0.9996855449397078
7.693999999988738,0.9996856229188326
7.6949999999887355,0.999685699124072
7.695999999988733,0.9996857739685685
7.696999999988731,0.9996858477434826
7.6979999999887285,0.9996859205794296
7.698999999988726,0.9996859924304475
7.699999999988724,0.9996860630827191
7.7009999999887215,0.9996861321868226
7.701999999988719,0.9996861993089671
7.702999999988717,0.9996862639940295
7.7039999999887145,0.9996863258315449
7.704999999988712,0.9996863845154063
7.70599999998871,0.999686439888901
7.7069999999887076,0.9996864919688012
7.707999999988705,0.9996865409451203
7.708999999988703,0.9996865871566046
7.709999999988701,0.9996866310454019
7.710999999988698,0.9996866730972622
7.711999999988696,0.9996867137756786
7.712999999988694,0.9996867534591778
7.713999999988691,0.9996867923905683
7.714999999988689,0.9996868306452386
7.715999999988687,0.9996868681229409
7.716999999988684,0.9996869045641941
7.717999999988682,0.9996869395889804
7.71899999998868,0.9996869727523147
7.719999999988677,0.9996870036088724
7.720999999988675,0.9996870317776261
7.721999999988673,0.9996870569974324
7.72299999998867,0.9996870791657905
7.723999999988668,0.9996870983553391
7.724999999988666,0.9996871148057995
7.725999999988663,0.9996871288925041
7.726999999988661,0.9996871410759335
7.727999999988659,0.999687151839351
7.728999999988656,0.9996871616232836
7.729999999988654,0.9996871707660391
7.730999999988652,0.9996871794585902
7.731999999988649,0.9996871877201374
7.732999999988647,0.9996871953977557
7.733999999988645,0.9996872021901602
7.734999999988642,0.9996872076922466
7.73599999998864,0.9996872114541538
7.736999999988638,0.9996872130465714
7.737999999988635,0.9996872121231234
7.738999999988633,0.9996872084711085
7.739999999988631,0.999687202043465
7.740999999988628,0.9996871929675113
7.741999999988626,0.9996871815292361
7.742999999988624,0.9996871681353661
7.743999999988621,0.9996871532585382
7.744999999988619,0.9996871373732769
7.745999999988617,0.9996871208917539
7.746999999988614,0.9996871041083283
7.747999999988612,0.999687087160643
7.74899999998861,0.9996870700127022
7.749999999988607,0.9996870524622998
7.750999999988605,0.9996870341717404
7.751999999988603,0.9996870147175364
7.7529999999886,0.9996869936520899
7.753999999988598,0.9996869705687308
7.754999999988596,0.9996869451609686
7.755999999988593,0.9996869172676712
7.756999999988591,0.9996868868978442
7.757999999988589,0.9996868542315454
7.758999999988586,0.9996868195968303
7.759999999988584,0.9996867834259603
7.760999999988582,0.9996867461970349
7.761999999988579,0.9996867083692271
7.762999999988577,0.9996866703207171
7.763999999988575,0.9996866322980043
7.764999999988572,0.9996865943837095
7.76599999998857,0.9996865564873679
7.766999999988568,0.9996865183604754
7.767999999988565,0.9996864796336767
7.768999999988563,0.9996864398708492
7.769999999988561,0.9996863986325109
7.770999999988558,0.9996863555396547
7.771999999988556,0.9996863103290587
7.772999999988554,0.9996862628923354
7.773999999988551,0.9996862132932496
7.774999999988549,0.999686161760893
7.775999999988547,0.9996861086596752
7.776999999988544,0.999686054440356
7.777999999988542,0.9996859995790064
7.77899999998854,0.999685944512449
7.779999999988537,0.9996858895792423
7.780999999988535,0.999685834974477
7.781999999988533,0.9996857807247055
7.78299999998853,0.9996857266865037
7.783999999988528,0.9996856725688525
7.784999999988526,0.999685617976184
7.785999999988523,0.9996855624660532
7.786999999988521,0.9996855056133466
7.787999999988519,0.9996854470720233
7.788999999988516,0.9996853866257346
7.789999999988514,0.9996853242202324
7.790999999988512,0.9996852599730311
7.7919999999885095,0.9996851941589856
7.792999999988507,0.9996851271738152
7.793999999988505,0.9996850594807168
7.7949999999885025,0.9996849915475489
7.7959999999885,0.9996849237834043
7.796999999988498,0.999684856483466
7.7979999999884955,0.9996847897898552
7.798999999988493,0.9996847236739644
7.799999999988491,0.9996846579427229
7.8009999999884885,0.9996845922679175
7.801999999988486,0.999684526234432
7.802999999988484,0.9996844594006404
7.8039999999884815,0.9996843913624769
7.804999999988479,0.9996843218121959
7.805999999988477,0.9996842505835867
7.8069999999884745,0.9996841776773253
7.807999999988472,0.9996841032629059
7.80899999998847,0.9996840276569012
7.8099999999884675,0.9996839512806202
7.810999999988465,0.9996838746030953
7.811999999988463,0.9996837980774113
7.8129999999884605,0.9996837220793049
7.813999999988458,0.9996836468566325
7.814999999988456,0.9996835724967982
7.8159999999884535,0.9996834989166845
7.816999999988451,0.999683425876487
7.817999999988449,0.9996833530154953
7.8189999999884465,0.9996832799047837
7.819999999988444,0.9996832061094244
7.820999999988442,0.9996831312514938
7.8219999999884395,0.9996830550650398
7.822999999988437,0.9996829774353176
7.823999999988435,0.9996828984167921
7.8249999999884325,0.9996828182273994
7.82599999998843,0.9996827372198849
7.826999999988428,0.999682655834244
7.8279999999884256,0.9996825745379501
7.828999999988423,0.9996824937623693
7.829999999988421,0.9996824138442626
7.830999999988419,0.9996823349805928
7.831999999988416,0.9996822572029498
7.832999999988414,0.9996821803751653
7.833999999988412,0.9996821042144342
7.834999999988409,0.9996820283329773
7.835999999988407,0.9996819522943778
7.836999999988405,0.9996818756767126
7.837999999988402,0.9996817981335978
7.8389999999884,0.9996817194446155
7.839999999988398,0.9996816395480373
7.840999999988395,0.9996815585512793
7.841999999988393,0.9996814767176238
7.842999999988391,0.9996813944311005
7.843999999988388,0.9996813121444497
7.844999999988386,0.9996812303174921
7.845999999988384,0.9996811493545394
7.846999999988381,0.9996810695496269
7.847999999988379,0.9996809910472373
7.848999999988377,0.9996809138240069
7.849999999988374,0.999680837693977
7.850999999988372,0.9996807623366252
7.85199999998837,0.9996806873437487
7.852999999988367,0.9996806122786016
7.853999999988365,0.999680536738999
7.854999999988363,0.9996804604155228
7.85599999998836,0.9996803831366813
7.856999999988358,0.9996803048947046
7.857999999988356,0.9996802258483487
7.858999999988353,0.9996801463023599
7.859999999988351,0.9996800666664634
7.860999999988349,0.9996799873996556
7.861999999988346,0.9996799089476127
7.862999999988344,0.9996798316819954
7.863999999988342,0.9996797558501609
7.864999999988339,0.9996796815423307
7.865999999988337,0.9996796086807969
7.866999999988335,0.9996795370326763
7.867999999988332,0.9996794662443957
7.86899999998833,0.9996793958930635
7.869999999988328,0.9996793255475147
7.870999999988325,0.9996792548304679
7.871999999988323,0.9996791834730778
7.872999999988321,0.9996791113542444
7.873999999988318,0.9996790385191746
7.874999999988316,0.9996789651745995
7.875999999988314,0.9996788916613318
7.876999999988311,0.9996788184080305
7.877999999988309,0.9996787458726583
7.878999999988307,0.9996786744798671
7.879999999988304,0.9996786045630854
7.880999999988302,0.9996785363194242
7.8819999999883,0.999678469783725
7.882999999988297,0.999678404825361
7.883999999988295,0.9996783411682295
7.884999999988293,0.9996782784311198
7.88599999998829,0.9996782161827861
7.886999999988288,0.9996781540039927
7.887999999988286,0.9996780915478449
7.888999999988283,0.9996780285899237
7.889999999988281,0.9996779650612179
7.890999999988279,0.9996779010592304
7.891999999988276,0.9996778368357268
7.892999999988274,0.9996777727628512
7.893999999988272,0.9996777092823775
7.894999999988269,0.9996776468452343
7.895999999988267,0.9996775858497765
7.896999999988265,0.9996775265874671
7.897999999988262,0.9996774692035777
7.89899999998826,0.9996774136784047
7.899999999988258,0.9996773598316251
7.900999999988255,0.9996773073491674
7.901999999988253,0.9996772558288158
7.902999999988251,0.9996772048381388
7.903999999988248,0.9996771539766154
7.904999999988246,0.9996771029332376
7.905999999988244,0.9996770515315195
7.906999999988241,0.9996769997556064
7.907999999988239,0.9996769477538371
7.908999999988237,0.9996768958192717
7.909999999988234,0.9996768443499248
7.910999999988232,0.9996767937943072
7.91199999998823,0.999676744589897
7.9129999999882275,0.9996766971031936
7.913999999988225,0.9996766515797542
7.914999999988223,0.999676608111214
7.9159999999882205,0.999676566623898
7.916999999988218,0.9996765268906168
7.917999999988216,0.9996764885639664
7.9189999999882135,0.9996764512264489
7.919999999988211,0.9996764144503748
7.920999999988209,0.9996763778591529
7.9219999999882065,0.9996763411813546
7.922999999988204,0.9996763042900004
7.923999999988202,0.9996762672215505
7.9249999999881995,0.9996762301719502
7.925999999988197,0.9996761934702997
7.926999999988195,0.9996761575338535
7.9279999999881925,0.9996761228106675
7.92899999998819,0.9996760897179624
7.929999999988188,0.999676058584841
7.9309999999881855,0.9996760296073961
7.931999999988183,0.9996760028224918
7.932999999988181,0.9996759781038759
7.9339999999881785,0.9996759551811674
7.934999999988176,0.9996759336790192
7.935999999988174,0.9996759131709839
7.9369999999881715,0.9996758932404941
7.937999999988169,0.9996758735404238
7.938999999988167,0.9996758538428666
7.9399999999881645,0.9996758340721617
7.940999999988162,0.9996758143165324
7.94199999998816,0.9996757948167333
7.9429999999881575,0.9996757759333005
7.943999999988155,0.9996757580970215
7.944999999988153,0.9996757417495871
7.9459999999881505,0.999675727282746
7.946999999988148,0.9996757149844998
7.947999999988146,0.9996757049998768
7.9489999999881435,0.9996756973117781
7.949999999988141,0.9996756917445636
7.950999999988139,0.9996756879898677
7.951999999988137,0.9996756856510085
7.952999999988134,0.9996756842997525
7.953999999988132,0.9996756835374514
7.95499999998813,0.9996756830519993
7.955999999988127,0.9996756826626002
7.956999999988125,0.9996756823460826
7.957999999988123,0.999675682241091
7.95899999998812,0.9996756826295665
7.959999999988118,0.99967568389814
7.960999999988116,0.9996756864848492
7.961999999988113,0.9996756908186766
7.962999999988111,0.9996756972603817
7.963999999988109,0.9996757060529312
7.964999999988106,0.9996757172884773
7.965999999988104,0.9996757308964959
7.966999999988102,0.9996757466547408
7.967999999988099,0.9996757642214568
7.968999999988097,0.9996757831843205
7.969999999988095,0.9996758031192292
7.970999999988092,0.9996758236506945
7.97199999998809,0.9996758445053741
7.972999999988088,0.9996758655512317
7.973999999988085,0.9996758868168475
7.974999999988083,0.9996759084881753
7.975999999988081,0.9996759308832116
7.976999999988078,0.999675954408153
7.977999999988076,0.9996759795011928
7.978999999988074,0.9996760065718621
7.979999999988071,0.9996760359444231
7.980999999988069,0.9996760678132556
7.981999999988067,0.99967610221648
7.982999999988064,0.9996761390315055
7.983999999988062,0.9996761779931088
7.98499999998806,0.9996762187314999
7.985999999988057,0.9996762608250164
7.986999999988055,0.999676303860062
7.987999999988053,0.9996763474898712
7.98899999998805,0.9996763914838633
7.989999999988048,0.9996764357606579
7.990999999988046,0.9996764804001361
7.991999999988043,0.999676525632873
7.992999999988041,0.9996765718084251
7.993999999988039,0.999676619346957
7.994999999988036,0.9996766686809803
7.995999999988034,0.999676720195411
7.996999999988032,0.9996767741743312
7.997999999988029,0.9996768307619256
7.998999999988027,0.9996768899430596
7.999999999988025,0.9996769515462126
8.000999999988023,0.9996770152683435
8.001999999988021,0.9996770807181778
8.002999999988019,0.9996771474718452
8.003999999988016,0.9996772151330496
8.004999999988014,0.9996772833893196
8.005999999988012,0.9996773520564669
8.00699999998801,0.9996774211050117
8.007999999988007,0.9996774906648849
8.008999999988005,0.9996775610077602
8.009999999988002,0.9996776325095111
8.010999999988,0.9996777055980631
8.011999999987998,0.9996777806939672
8.012999999987995,0.999677858152042
8.013999999987993,0.9996779382122606
8.01499999998799,0.9996780209667737
8.015999999987988,0.9996781063476845
8.016999999987986,0.9996781941372682
8.017999999987984,0.999678283999193
8.018999999987981,0.999678375526343
8.019999999987979,0.9996784682985255
8.020999999987977,0.9996785619419691
8.021999999987974,0.99967865618226
8.022999999987972,0.9996787508833039
8.02399999998797,0.9996788460668533
8.024999999987967,0.9996789419098636
8.025999999987965,0.9996790387200728
8.026999999987963,0.9996791368932334
8.02799999998796,0.9996792368580166
8.028999999987958,0.9996793390163257
8.029999999987956,0.9996794436873987
8.030999999987953,0.9996795510635444
8.031999999987951,0.9996796611836989
8.032999999987949,0.999679773928509
8.033999999987946,0.9996798890376163
8.034999999987944,0.9996800061466892
8.035999999987942,0.9996801248390256
8.03699999998794,0.9996802447044526
8.037999999987937,0.9996803653972836
8.038999999987935,0.9996804866851797
8.039999999987932,0.9996806084820857
8.04099999998793,0.9996807308606099
8.041999999987928,0.9996808540421339
8.042999999987925,0.999680978366055
8.043999999987923,0.9996811042424905
8.04499999998792,0.9996812320950882
8.045999999987918,0.9996813623019813
8.046999999987916,0.9996814951431605
8.047999999987914,0.9996816307616447
8.048999999987911,0.9996817691438885
8.049999999987909,0.9996819101221611
8.050999999987907,0.9996820533985522
8.051999999987904,0.9996821985872184
8.052999999987902,0.9996823452689406
8.0539999999879,0.9996824930503218
8.054999999987897,0.9996826416193166
8.055999999987895,0.9996827907893135
8.056999999987893,0.9996829405255855
8.05799999998789,0.9996830909504069
8.058999999987888,0.9996832423261421
8.059999999987886,0.9996833950186815
8.060999999987883,0.9996835494463716
8.061999999987881,0.9996837060216117
8.062999999987879,0.9996838650933078
8.063999999987876,0.9996840268982684
8.064999999987874,0.9996841915283557
8.065999999987872,0.9996843589179778
8.06699999998787,0.9996845288536778
8.067999999987867,0.9996847010044445
8.068999999987865,0.9996848749684871
8.069999999987862,0.9996850503298944
8.07099999998786,0.9996852267172303
8.071999999987858,0.9996854038558476
8.072999999987855,0.9996855816065823
8.073999999987853,0.9996857599854101
8.07499999998785,0.9996859391613186
8.075999999987848,0.9996861194326919
8.076999999987846,0.9996863011855561
8.077999999987844,0.9996864848395386
8.078999999987841,0.9996866707891447
8.07999999998784,0.9996868593485924
8.080999999987837,0.9996870507079462
8.081999999987834,0.9996872449066895
8.082999999987832,0.9996874418284329
8.08399999998783,0.9996876412174872
8.084999999987827,0.9996878427149539
8.085999999987825,0.9996880459092758
8.086999999987823,0.9996882503941364
8.08799999998782,0.9996884558255881
8.088999999987818,0.9996886619703974
8.089999999987816,0.9996888687388147
8.090999999987813,0.9996890761971974
8.091999999987811,0.9996892845587088
8.092999999987809,0.9996894941534288
8.093999999987807,0.9996897053820749
8.094999999987804,0.9996899186598459
8.095999999987802,0.9996901343582717
8.0969999999878,0.9996903527532208
8.097999999987797,0.9996905739863655
8.098999999987795,0.9996907980454964
8.099999999987793,0.9996910247664325
8.10099999998779,0.999691253856251
8.101999999987788,0.9996914849345648
8.102999999987786,0.9996917175870427
8.103999999987783,0.9996919514236575
8.10499999998778,0.9996921861334749
8.105999999987779,0.9996924215283172
8.106999999987776,0.9996926575691643
8.107999999987774,0.9996928943716086
8.108999999987772,0.9996931321896101
8.10999999998777,0.9996933713798449
8.110999999987767,0.9996936123516503
8.111999999987765,0.9996938555096152
8.112999999987762,0.9996941011968559
8.11399999998776,0.9996943496469545
8.114999999987758,0.9996946009512891
8.115999999987755,0.9996948550463279
8.116999999987753,0.9996951117226653
8.11799999998775,0.999695370654506
8.118999999987748,0.9996956314454466
8.119999999987746,0.9996958936841266
8.120999999987744,0.9996961570019359
8.121999999987741,0.9996964211246793
8.122999999987739,0.9996966859109533
8.123999999987737,0.9996969513718699
8.124999999987734,0.9996972176693519
8.125999999987732,0.9996974850932605
8.12699999998773,0.9996977540205759
8.127999999987727,0.9996980248623666
8.128999999987725,0.9996982980060111
8.129999999987723,0.9996985737607713
8.13099999998772,0.999698852314366
8.131999999987718,0.9996991337066149
8.132999999987716,0.9996994178238485
8.133999999987713,0.9996997044148479
8.134999999987711,0.9996999931260647
8.135999999987709,0.9997002835511735
8.136999999987706,0.9997005752879999
8.137999999987704,0.9997008679948279
8.138999999987702,0.9997011614381903
8.1399999999877,0.9997014555254388
8.140999999987697,0.9997017503175276
8.141999999987695,0.9997020460202345
8.142999999987692,0.9997023429550611
8.14399999998769,0.9997026415139165
8.144999999987688,0.9997029421039492
8.145999999987685,0.9997032450902786
8.146999999987683,0.9997035507446601
8.14799999998768,0.9997038592072813
8.148999999987678,0.9997041704670367
8.149999999987676,0.9997044843630483
8.150999999987674,0.9997048006071928
8.151999999987671,0.9997051188244696
8.152999999987669,0.9997054386055355
8.153999999987667,0.9997057595640189
8.154999999987664,0.9997060813905752
8.155999999987662,0.9997064038960918
8.15699999998766,0.9997067270379935
8.157999999987657,0.9997070509259706
8.158999999987655,0.9997073758063273
8.159999999987653,0.9997077020271701
8.16099999998765,0.9997080299893265
8.161999999987648,0.9997083600898882
8.162999999987646,0.9997086926663084
8.163999999987643,0.999709027948892
8.164999999987641,0.9997093660283531
8.165999999987639,0.9997097068429743
8.166999999987636,0.9997100501871511
8.167999999987634,0.9997103957401133
8.168999999987632,0.9997107431107844
8.16999999998763,0.9997110918924557
8.170999999987627,0.9997114417196205
8.171999999987625,0.9997117923189819
8.172999999987622,0.9997121435474907
8.17399999998762,0.9997124954120665
8.174999999987618,0.9997128480682731
8.175999999987615,0.9997132017981053
8.176999999987613,0.9997135569700518
8.17799999998761,0.9997139139870309
8.178999999987608,0.9997142732295239
8.179999999987606,0.9997146350018938
8.180999999987604,0.9997149994894104
8.181999999987601,0.9997153667320183
8.182999999987599,0.9997157366184994
8.183999999987597,0.9997161089018477
8.184999999987594,0.9997164832336767
8.185999999987592,0.9997168592128314
8.18699999998759,0.99971723644137
8.187999999987587,0.9997176145800679
8.188999999987585,0.9997179933956409
8.189999999987583,0.9997183727930767
8.19099999998758,0.9997187528285374
8.191999999987578,0.9997191337010325
8.192999999987576,0.9997195157240579
8.193999999987573,0.9997198992811789
8.194999999987571,0.9997202847718127
8.195999999987569,0.9997206725548267
8.196999999987566,0.9997210628978533
8.197999999987564,0.9997214559394481
8.198999999987562,0.9997218516693694
8.19999999998756,0.9997222499297581
8.200999999987557,0.9997226504370242
8.201999999987555,0.9997230528213663
8.202999999987552,0.9997234566783586
8.20399999998755,0.9997238616253692
8.204999999987548,0.9997242673548746
8.205999999987545,0.999724673677205
8.206999999987543,0.999725080546714
8.20799999998754,0.9997254880677287
8.208999999987538,0.9997258964794381
8.209999999987536,0.9997263061218669
8.210999999987534,0.9997267173877126
8.211999999987531,0.999727130666813
8.21299999998753,0.9997275462910407
8.213999999987527,0.9997279644873663
8.214999999987525,0.9997283853456577
8.215999999987522,0.999728808805742
8.21699999998752,0.999729234665519
8.217999999987518,0.9997296626089809
8.218999999987515,0.9997300922501824
8.219999999987513,0.9997305231869926
8.22099999998751,0.9997309550570743
8.221999999987508,0.9997313875882397
8.222999999987506,0.9997318206361252
8.223999999987504,0.9997322542038929
8.224999999987501,0.9997326884412149
8.225999999987499,0.9997331236226878
8.226999999987497,0.9997335601087184
8.227999999987494,0.9997339982943773
8.228999999987492,0.9997344385534237
8.22999999998749,0.9997348811853494
8.230999999987487,0.9997353263728727
8.231999999987485,0.9997357741558488
8.232999999987483,0.99973622442523
8.23399999998748,0.9997366769379217
8.234999999987478,0.9997371313504304
8.235999999987476,0.9997375872665775
8.236999999987473,0.999738044292577
8.237999999987471,0.999738502091746
8.238999999987469,0.9997389604311661
8.239999999987466,0.9997394192137585
8.240999999987464,0.9997398784912674
8.241999999987462,0.9997403384563512
8.24299999998746,0.9997407994148967
8.243999999987457,0.999741261742464
8.244999999987455,0.9997417258309825
8.245999999987452,0.9997421920331822
8.24699999998745,0.9997426606125618
8.247999999987448,0.9997431317059062
8.248999999987445,0.9997436053036067
8.249999999987443,0.9997440812505344
8.25099999998744,0.9997445592673345
8.251999999987438,0.9997450389891394
8.252999999987436,0.9997455200162533
8.253999999987434,0.9997460019697015
8.254999999987431,0.999746484543825
8.255999999987429,0.9997469675485552
8.256999999987427,0.9997474509354397
8.257999999987424,0.9997479348037732
8.258999999987422,0.9997484193859913
8.25999999998742,0.9997489050143806
8.260999999987417,0.999749392073792
8.261999999987415,0.9997498809469999
8.262999999987413,0.9997503719603763
8.26399999998741,0.9997508653375078
8.264999999987408,0.9997513611672637
8.265999999987406,0.9997518593907795
8.266999999987403,0.9997523598091753
8.267999999987401,0.9997528621109136
8.268999999987399,0.999753365914931
8.269999999987396,0.999753870823494
8.270999999987394,0.9997543764773568
8.271999999987392,0.9997548826054778
8.27299999998739,0.9997553890623239
8.273999999987387,0.9997558958475324
8.274999999987385,0.9997564031051877
8.275999999987382,0.9997569111028063
8.27699999998738,0.9997574201930102
8.277999999987378,0.999757930763269
8.278999999987375,0.999758443180774
8.279999999987373,0.9997589577401963
8.28099999998737,0.9997594746216442
8.281999999987368,0.9997599938647248
8.282999999987366,0.9997605153623309
8.283999999987364,0.9997610388750087
8.284999999987361,0.9997615640638864
8.285999999987359,0.9997620905375285
8.286999999987357,0.9997626179061434
8.287999999987354,0.9997631458355216
8.288999999987352,0.9997636740931497
8.28999999998735,0.9997642025800193
8.290999999987347,0.9997647313436795
8.291999999987345,0.9997652605707075
8.292999999987343,0.9997657905596748
8.29399999998734,0.9997663216784103
8.294999999987338,0.9997668543115729
8.295999999987336,0.9997673888058937
8.296999999987333,0.9997679254207769
8.297999999987331,0.9997684642911792
8.298999999987329,0.9997690054079774
8.299999999987326,0.9997695486185617
8.300999999987324,0.9997700936475676
8.301999999987322,0.9997706401348171
8.30299999998732,0.9997711876851428
8.303999999987317,0.9997717359230899
8.304999999987315,0.9997722845448139
8.305999999987312,0.9997728333598985
8.30699999998731,0.9997733823172245
8.307999999987308,0.999773931511271
8.308999999987305,0.9997744811679835
8.309999999987303,0.9997750316121895
8.3109999999873,0.9997755832211564
8.311999999987298,0.9997761363708039
8.312999999987296,0.9997766913821403
8.313999999987294,0.9997772484754166
8.314999999987291,0.9997778077384599
8.31599999998729,0.9997783691135922
8.316999999987287,0.9997789324049748
8.317999999987284,0.9997794973053314
8.318999999987282,0.9997800634382744
8.31999999998728,0.9997806304103043
8.320999999987277,0.9997811978651653
8.321999999987275,0.9997817655329404
8.322999999987273,0.9997823332669957
8.32399999998727,0.9997829010636017
8.324999999987268,0.9997834690614759
8.325999999987266,0.999784037521323
8.326999999987263,0.9997846067882664
8.327999999987261,0.9997851772424373
8.328999999987259,0.9997857492446806
8.329999999987256,0.9997863230849966
8.330999999987254,0.999786898940953
8.331999999987252,0.9997874768518976
8.33299999998725,0.9997880567125772
8.333999999987247,0.9997886382870433
8.334999999987245,0.9997892212408835
8.335999999987243,0.999789805187253
8.33699999998724,0.9997903897402316
8.337999999987238,0.9997909745680257
8.338999999987236,0.9997915594385431
8.339999999987233,0.9997921442509479
8.34099999998723,0.9997927290487736
8.341999999987229,0.9997933140127645
8.342999999987226,0.9997938994344644
8.343999999987224,0.9997944856742715
8.344999999987222,0.9997950731098598
8.34599999998722,0.999795662082205
8.346999999987217,0.999796252846797
8.347999999987215,0.9997968455368708
8.348999999987212,0.9997974401438205
8.34999999998721,0.9997980365175207
8.350999999987208,0.9997986343865142
8.351999999987205,0.9997992333952087
8.352999999987203,0.9997998331528645
8.3539999999872,0.9998004332874829
8.354999999987198,0.9998010334970271
8.355999999987196,0.999801633590798
8.356999999987194,0.9998022335151512
8.357999999987191,0.9998028333599722
8.358999999987189,0.9998034333449961
8.359999999987187,0.9998040337879143
8.360999999987184,0.9998046350587424
8.361999999987182,0.999805237526869
8.36299999998718,0.9998058415082174
8.363999999987177,0.9998064472199293
8.364999999987175,0.9998070547489456
8.365999999987173,0.999807664038859
8.36699999998717,0.9998082748968974
8.367999999987168,0.9998088870200248
8.368999999987166,0.9998095000364913
8.369999999987163,0.9998101135569962
8.370999999987161,0.9998107272282695
8.371999999987159,0.9998113407815724
8.372999999987156,0.9998119540692946
8.373999999987154,0.9998125670845339
8.374999999987152,0.9998131799609087
8.37599999998715,0.9998137929526436
8.376999999987147,0.9998144063977278
8.377999999987145,0.9998150206693358
8.378999999987142,0.9998156361223342
8.37999999998714,0.9998162530423839
8.380999999987138,0.9998168716047912
8.381999999987135,0.9998174918488605
8.382999999987133,0.9998181136713415
8.38399999998713,0.9998187368398797
8.384999999987128,0.9998193610245746
8.385999999987126,0.9998199858431984
8.386999999987124,0.9998206109137414
8.387999999987121,0.9998212359068924
8.388999999987119,0.9998218605911007
8.389999999987117,0.9998224848638894
8.390999999987114,0.9998231087650341
8.391999999987112,0.9998237324697744
8.39299999998711,0.9998243562630117
8.393999999987107,0.9998249804981378
8.394999999987105,0.9998256055462786
8.395999999987103,0.9998262317430803
8.3969999999871,0.9998268593405109
8.397999999987098,0.9998274884704262
8.398999999987096,0.9998281191250161
8.399999999987093,0.9998287511568552
8.400999999987091,0.9998293842985556
8.401999999987089,0.9998300181992356
8.402999999987086,0.9998306524726874
8.403999999987084,0.9998312867504799
8.404999999987082,0.9998319207325259
8.40599999998708,0.9998325542280339
8.406999999987077,0.9998331871810958
8.407999999987075,0.9998338196773291
8.408999999987072,0.9998344519306557
8.40999999998707,0.9998350842520788
8.410999999987068,0.9998357170048514
8.411999999987065,0.9998363505523331
8.412999999987063,0.999836985205853
8.41399999998706,0.9998376211799025
8.414999999987058,0.9998382585609411
8.415999999987056,0.9998388972941838
8.416999999987054,0.9998395371902132
8.417999999987051,0.9998401779504681
8.418999999987049,0.9998408192080357
8.419999999987047,0.999841460577994
8.420999999987044,0.9998421017102507
8.421999999987042,0.9998427423374634
8.42299999998704,0.9998433823113124
8.423999999987037,0.9998440216220607
8.424999999987035,0.9998446603986312
8.425999999987033,0.9998452988892342
8.42699999998703,0.9998459374252479
8.427999999987028,0.9998465763734478
8.428999999987026,0.9998472160832897
8.429999999987023,0.9998478568366597
8.430999999987021,0.9998484988071263
8.431999999987019,0.9998491420344247
8.432999999987016,0.9998497864177261
8.433999999987014,0.9998504317286322
8.434999999987012,0.9998510776420593
8.43599999998701,0.9998517237806714
8.436999999987007,0.9998523697666266
8.437999999987005,0.9998530152733632
8.438999999987002,0.9998536600701714
8.439999999987,0.9998543040532805
8.440999999986998,0.9998549472591239
8.441999999986995,0.9998555898579162
8.442999999986993,0.9998562321284605
8.44399999998699,0.9998568744177372
8.444999999986988,0.999857517090952
8.445999999986986,0.9998581604790628
8.446999999986984,0.9998588048311402
8.447999999986981,0.9998594502782538
8.44899999998698,0.9998600968139305
8.449999999986977,0.9998607442939312
8.450999999986974,0.9998613924553629
8.451999999986972,0.9998620409524289
8.45299999998697,0.9998626894038019
8.453999999986967,0.9998633374449472
8.454999999986965,0.9998639847780713
8.455999999986963,0.9998646312126694
8.45699999998696,0.9998652766909948
8.457999999986958,0.9998659212948895
8.458999999986956,0.9998665652330201
8.459999999986954,0.9998672088103224
8.460999999986951,0.9998678523839565
8.461999999986949,0.9998684963119487
8.462999999986947,0.9998691409017402
8.463999999986944,0.9998697863658595
8.464999999986942,0.9998704327909415
8.46599999998694,0.9998710801244225
8.466999999986937,0.9998717281807816
8.467999999986935,0.9998723766664253
8.468999999986933,0.9998730252197159
8.46999999998693,0.9998736734605216
8.470999999986928,0.9998743210423304
8.471999999986926,0.9998749676996123
8.472999999986923,0.9998756132837954
8.47399999998692,0.9998762577828075
8.474999999986919,0.9998769013214466
8.475999999986916,0.9998775441425417
8.476999999986914,0.999878186571554
8.477999999986912,0.9998788289695952
8.47899999998691,0.9998794716814754
8.479999999986907,0.9998801149860651
8.480999999986905,0.9998807590559414
8.481999999986902,0.9998814039319769
8.4829999999869,0.9998820495164169
8.483999999986898,0.9998826955854134
8.484999999986895,0.9998833418192415
8.485999999986893,0.9998839878459564
8.48699999998689,0.9998846332923531
8.487999999986888,0.9998852778350867
8.488999999986886,0.9998859212447724
8.489999999986884,0.9998865634168709
8.490999999986881,0.9998872043850503
8.491999999986879,0.9998878443151387
8.492999999986877,0.9998884834805438
8.493999999986874,0.9998891222225923
8.494999999986872,0.9998897609013677
8.49599999998687,0.9998903998439544
8.496999999986867,0.9998910392973402
8.497999999986865,0.9998916793925934
8.498999999986863,0.9998923201253254
8.49999999998686,0.9998929613551759
8.500999999986858,0.999893602824382
8.501999999986856,0.9998942441928196
8.502999999986853,0.9998948850845789
8.503999999986851,0.9998955251395495
8.504999999986849,0.9998961640627547
8.505999999986846,0.9998968016645211
8.506999999986844,0.999897437885853
8.507999999986842,0.9998980728054576
8.50899999998684,0.9998987066274486
8.509999999986837,0.9998993396514603
8.510999999986835,0.9998999722293695
8.511999999986832,0.9999006047147164
8.51299999998683,0.9999012374119111
8.513999999986828,0.9999018705323671
8.514999999986825,0.9999025041637127
8.515999999986823,0.9999031382563806
8.51699999998682,0.9999037726294675
8.517999999986818,0.9999044069950075
8.518999999986816,0.9999050409972545
8.519999999986814,0.9999056742614499
8.520999999986811,0.9999063064452255
8.521999999986809,0.9999069372854378
8.522999999986807,0.9999075666338597
8.523999999986804,0.9999081944767292
8.524999999986802,0.9999088209354171
8.5259999999868,0.999909446248129
8.526999999986797,0.9999100707352199
8.527999999986795,0.999910694752993
8.528999999986793,0.9999113186424937
8.52999999998679,0.9999119426804611
8.530999999986788,0.9999125670393494
8.531999999986786,0.9999131917620027
8.532999999986783,0.9999138167545258
8.533999999986781,0.9999144417983532
8.534999999986779,0.9999150665797976
8.535999999986776,0.9999156907329372
8.536999999986774,0.999916313889815
8.537999999986772,0.9999169357309015
8.53899999998677,0.9999175560287458
8.539999999986767,0.9999181746786832
8.540999999986765,0.9999187917123036
8.541999999986762,0.999919407291794
8.54299999998676,0.9999200216859646
8.543999999986758,0.9999206352313345
8.544999999986755,0.9999212482837472
8.545999999986753,0.9999218611673096
8.54699999998675,0.9999224741278224
8.547999999986748,0.9999230872972253
8.548999999986746,0.999923700674044
8.549999999986744,0.9999243141225789
8.550999999986741,0.9999249273909253
8.551999999986739,0.999925540145307
8.552999999986737,0.9999261520158802
8.553999999986734,0.9999267626475787
8.554999999986732,0.9999273717488619
8.55599999998673,0.9999279791315268
8.556999999986727,0.999928584736003
8.557999999986725,0.9999291886385862
8.558999999986723,0.9999297910396122
8.55999999998672,0.9999303922342359
8.560999999986718,0.9999309925699178
8.561999999986716,0.9999315923966005
8.562999999986713,0.9999321920165632
8.563999999986711,0.9999327916409924
8.564999999986709,0.9999333913593609
8.565999999986706,0.999933991125911
8.566999999986704,0.9999345907651171
8.567999999986702,0.9999351899953528
8.5689999999867,0.9999357884674326
8.569999999986697,0.9999363858126068
8.570999999986695,0.9999369816932776
8.571999999986692,0.9999375758493209
8.57299999998669,0.9999381681335102
8.573999999986688,0.9999387585310889
8.574999999986685,0.9999393471607436
8.575999999986683,0.999939934256849
8.57699999998668,0.9999405201354875
8.577999999986679,0.9999411051490222
8.578999999986676,0.9999416896356119
8.579999999986674,0.9999422738707472
8.580999999986672,0.9999428580276173
8.58199999998667,0.999943442151857
8.582999999986667,0.9999440261542079
8.583999999986665,0.9999446098221112
8.584999999986662,0.9999451928485964
8.58599999998666,0.9999457748744104
8.586999999986658,0.9999463555374637
8.587999999986655,0.999946934522661
8.588999999986653,0.9999475116051199
8.58999999998665,0.9999480866807108
8.590999999986648,0.9999486597796508
8.591999999986646,0.999949231061234
8.592999999986644,0.9999498007904641
8.593999999986641,0.9999503692998822
8.594999999986639,0.9999509369419401
8.595999999986637,0.9999515040386215
8.596999999986634,0.9999520708353777
8.597999999986632,0.9999526374658293
8.59899999998663,0.9999532039321887
8.599999999986627,0.9999537701041351
8.600999999986625,0.9999543357363011
8.601999999986623,0.9999549005018943
8.60299999998662,0.999955464037741
8.603999999986618,0.9999560259944161
8.604999999986616,0.9999565860844143
8.605999999986613,0.9999571441216274
8.606999999986611,0.9999577000465655
8.607999999986609,0.9999582539338103
8.608999999986606,0.9999588059806614
8.609999999986604,0.9999593564785703
8.610999999986602,0.9999599057713825
8.6119999999866,0.9999604542062577
8.612999999986597,0.9999610020841468
8.613999999986595,0.9999615496167897
8.614999999986592,0.9999620968962534
8.61599999998659,0.9999626438812897
8.616999999986588,0.9999631904024044
8.617999999986585,0.9999637361849236
8.618999999986583,0.9999642808868006
8.61999999998658,0.9999648241458571
8.620999999986578,0.9999653656298275
8.621999999986576,0.9999659050821774
8.622999999986574,0.9999664423572852
8.623999999986571,0.9999669774400396
8.624999999986569,0.9999675104471213
8.625999999986567,0.9999680416097892
8.626999999986564,0.9999685712405996
8.627999999986562,0.9999690996887346
8.62899999998656,0.9999696272902237
8.629999999986557,0.999970154320045
8.630999999986555,0.9999706809528296
8.631999999986553,0.9999712072376682
8.63299999998655,0.9999717330905565
8.633999999986548,0.9999722583055182
8.634999999986546,0.9999727825828391
8.635999999986543,0.9999733055704474
8.636999999986541,0.9999738269126295
8.637999999986539,0.9999743462992404
8.638999999986536,0.9999748635085041
8.639999999986534,0.9999753784374004
8.640999999986532,0.9999758911153809
8.64199999998653,0.9999764016994935
8.642999999986527,0.9999769104516146
8.643999999986525,0.9999774177009981
8.644999999986522,0.9999779237974007
8.64599999998652,0.9999784290613675
8.646999999986518,0.9999789337386547
8.647999999986515,0.999979437965179
8.648999999986513,0.9999799417474058
8.64999999998651,0.9999804449609183
8.650999999986508,0.9999809473673668
8.651999999986506,0.9999814486473997
8.652999999986504,0.9999819484449578
8.653999999986501,0.9999824464166994
8.654999999986499,0.9999829422796249
8.655999999986497,0.9999834358502129
8.656999999986494,0.999983927069585
8.657999999986492,0.9999844160111802
8.65899999998649,0.9999849028698607
8.659999999986487,0.999985387933996
8.660999999986485,0.9999858715444458
8.661999999986483,0.9999863540462037
8.66299999998648,0.9999868357394845
8.663999999986478,0.9999873168371355
8.664999999986476,0.9999877974343266
8.665999999986473,0.9999882774947783
8.666999999986471,0.9999887568554473
8.667999999986469,0.9999892352489974
8.668999999986466,0.9999897123408896
8.669999999986464,0.999990187775884
8.670999999986462,0.999990661227425
8.67199999998646,0.9999911324429785
8.672999999986457,0.9999916012789715
8.673999999986455,0.9999920677204205
8.674999999986452,0.9999925318825195
8.67599999998645,0.9999929939939523
8.676999999986448,0.9999934543643008
8.677999999986445,0.9999939133401092
8.678999999986443,0.999994371255803
8.67999999998644,0.9999948283863379
8.680999999986438,0.9999952849082253
8.681999999986436,0.9999957408744037
8.682999999986434,0.9999961962064687
8.683999999986431,0.99999665070533
8.68499999998643,0.9999971040788129
8.685999999986427,0.999997555982306
8.686999999986424,0.9999980060667574
8.687999999986422,0.999998454027283
8.68899999998642,0.9999988996455599
8.689999999986417,0.9999993428200645
8.690999999986415,0.9999997835799074
8.691999999986413,1.0000002220803454
8.69299999998641,1.0000006585805972
8.693999999986408,1.0000010934071006
8.694999999986406,1.0000015269073654
8.695999999986403,1.000001959400913
8.696999999986401,1.0000023911341738
8.697999999986399,1.0000028222456763
8.698999999986397,1.0000032527464053
8.699999999986394,1.0000036825180705
8.700999999986392,1.0000041113295322
8.70199999998639,1.0000045388690584
8.702999999986387,1.000004964787886
8.703999999986385,1.000005388748965
8.704999999986383,1.000005810474037
8.70599999998638,1.0000062297824512
8.706999999986378,1.000006646616267
8.707999999986376,1.0000070610481366
8.708999999986373,1.0000074732708677
8.70999999998637,1.0000078835701356
8.710999999986369,1.0000082922841869
8.711999999986366,1.0000086997561892
8.712999999986364,1.000009106285921
8.713999999986362,1.000009512087577
8.71499999998636,1.0000099172596144
8.715999999986357,1.0000103217708607
8.716999999986355,1.0000107254648212
8.717999999986352,1.0000111280815733
8.71899999998635,1.0000115292941587
8.719999999986348,1.000011928754369
8.720999999986345,1.000012326141484
8.721999999986343,1.0000127212071406
8.72299999998634,1.0000131138100257
8.723999999986338,1.000013503935542
8.724999999986336,1.0000138916976808
8.725999999986334,1.0000142773228542
8.726999999986331,1.000014661117962
8.727999999986329,1.0000150434271813
8.728999999986327,1.0000154245835566
8.729999999986324,1.0000158048621868
8.730999999986322,1.0000161844415731
8.73199999998632,1.0000165633785545
8.732999999986317,1.0000169416003264
8.733999999986315,1.0000173189146644
8.734999999986313,1.000017695036895
8.73599999998631,1.0000180696298404
8.736999999986308,1.0000184423511151
8.737999999986306,1.0000188129011434
8.738999999986303,1.000019181065154
8.739999999986301,1.0000195467432622
8.740999999986299,1.000019909964426
8.741999999986296,1.0000202708823172
8.742999999986294,1.0000206297537078
8.743999999986292,1.0000209869024106
8.74499999998629,1.000021342673845
8.745999999986287,1.0000216973866056
8.746999999986285,1.0000220512878333
8.747999999986282,1.0000224045186406
8.74899999998628,1.000022757094445
8.749999999986278,1.0000231089029588
8.750999999986275,1.0000234597201059
8.751999999986273,1.0000238092416287
8.75299999998627,1.0000241571259425
8.753999999986268,1.0000245030422088
8.754999999986266,1.0000248467168857
8.755999999986264,1.000025187972219
8.756999999986261,1.0000255267512812
8.757999999986259,1.0000258631260492
8.758999999986257,1.0000261972874
8.759999999986254,1.000026529518432
8.760999999986252,1.0000268601548619
8.76199999998625,1.000027189538067
8.762999999986247,1.0000275179673557
8.763999999986245,1.0000278456581722
8.764999999986243,1.000028172712097
8.76599999998624,1.0000284991028467
8.766999999986238,1.0000288246802265
8.767999999986236,1.0000291491914683
8.768999999986233,1.000029472316955
8.769999999986231,1.0000297937152993
8.770999999986229,1.0000301130714642
8.771999999986226,1.0000304301411582
8.772999999986224,1.0000307447852919
8.773999999986222,1.00003105698966
8.77499999998622,1.0000313668670857
8.775999999986217,1.0000316746417466
8.776999999986215,1.000031980617878
8.777999999986212,1.000032285137261
8.77899999998621,1.0000325885314694
8.779999999986208,1.0000328910755858
8.780999999986205,1.0000331929498674
8.781999999986203,1.0000334942147555
8.7829999999862,1.0000337948027074
8.783999999986198,1.0000340945279949
8.784999999986196,1.0000343931130868
8.785999999986194,1.0000346902279074
8.786999999986191,1.0000349855364525
8.787999999986189,1.0000352787442315
8.788999999986187,1.0000355696398646
8.789999999986184,1.0000358581250055
8.790999999986182,1.0000361442283958
8.79199999998618,1.0000364281020813
8.792999999986177,1.000036710000335
8.793999999986175,1.00003699024426
8.794999999986173,1.0000372691770436
8.79599999998617,1.0000375471161407
8.796999999986168,1.0000378243091104
8.797999999986166,1.0000381008992891
8.798999999986163,1.0000383769061068
8.799999999986161,1.000038652222818
8.800999999986159,1.0000389266319423
8.801999999986156,1.0000391998362468
8.802999999986154,1.0000394715009138
8.803999999986152,1.000039741300967
8.80499999998615,1.000040008967297
8.805999999986147,1.0000402743248311
8.806999999986145,1.0000405373174932
8.807999999986142,1.000040798016458
8.80899999998614,1.0000410566105522
8.809999999986138,1.000041313380155
8.810999999986135,1.0000415686582678
8.811999999986133,1.0000418227842223
8.81299999998613,1.0000420760565245
8.813999999986128,1.0000423286914537
8.814999999986126,1.0000425807932314
8.815999999986124,1.0000428323399273
8.816999999986121,1.0000430831870848
8.81799999998612,1.0000433330885343
8.818999999986117,1.00004358173147
8.819999999986115,1.0000438287808553
8.820999999986112,1.0000440739269285
8.82199999998611,1.0000443169291404
8.822999999986108,1.0000445576503596
8.823999999986105,1.000044796076556
8.824999999986103,1.000045032319196
8.8259999999861,1.0000452666000261
8.826999999986098,1.0000454992203884
8.827999999986096,1.0000457305193817
8.828999999986094,1.000045960826746
8.829999999986091,1.000046190417097
8.830999999986089,1.0000464194719212
8.831999999986087,1.0000466480546693
8.832999999986084,1.0000468761024235
8.833999999986082,1.0000471034353031
8.83499999998608,1.0000473297822876
8.835999999986077,1.0000475548198138
8.836999999986075,1.000047778217738
8.837999999986073,1.0000479996862062
8.83899999998607,1.0000482190168607
8.839999999986068,1.0000484361125872
8.840999999986066,1.0000486510016462
8.841999999986063,1.0000488638342047
8.842999999986061,1.0000490748617719
8.843999999986059,1.0000492844024271
8.844999999986056,1.0000494927967398
8.845999999986054,1.0000497003605595
8.846999999986052,1.0000499073413127
8.84799999998605,1.0000501138839226
8.848999999986047,1.0000503200111444
8.849999999986045,1.0000505256210548
8.850999999986042,1.0000507305020496
8.85199999998604,1.000050934363231
8.852999999986038,1.0000511368759164
8.853999999986035,1.0000513377204348
8.854999999986033,1.0000515366316345
8.85599999998603,1.0000517334367267
8.856999999986028,1.0000519280801448
8.857999999986026,1.0000521206319533
8.858999999986024,1.0000523112786237
8.859999999986021,1.0000525002974816
8.860999999986019,1.000052688018418
8.861999999986017,1.0000528747782471
8.862999999986014,1.00005306087411
8.863999999986012,1.0000532465224752
8.86499999998601,1.000053431829481
8.865999999986007,1.0000536167767835
8.866999999986005,1.0000538012248767
8.867999999986003,1.0000539849334167
8.868999999986,1.000054167595682
8.869999999985998,1.0000543488823277
8.870999999985996,1.0000545284882947
8.871999999985993,1.0000547061762832
8.872999999985991,1.0000548818107025
8.873999999985989,1.000055055377332
8.874999999985986,1.0000552269859346
8.875999999985984,1.0000553968554735
8.876999999985982,1.0000555652839997
8.87799999998598,1.000055732607461
8.878999999985977,1.0000558991532096
8.879999999985975,1.0000560651947512
8.880999999985972,1.0000562309140724
8.88199999998597,1.0000563963768372
8.882999999985968,1.00005656152392
8.883999999985965,1.0000567261804567
8.884999999985963,1.0000568900811295
8.88599999998596,1.000057052908143
8.886999999985958,1.0000572143365445
8.887999999985956,1.00005737408054
8.888999999985954,1.0000575319342973
8.889999999985951,1.0000576878015057
8.890999999985949,1.0000578417095602
8.891999999985947,1.0000579938063785
8.892999999985944,1.0000581443403034
8.893999999985942,1.0000582936259392
8.89499999998594,1.000058442000706
8.895999999985937,1.0000585897782233
8.896999999985935,1.0000587372050656
8.897999999985933,1.0000588844269538
8.89899999998593,1.0000590314691167
8.899999999985928,1.0000591782335793
8.900999999985926,1.0000593245137503
8.901999999985923,1.000059470024249
8.902999999985921,1.0000596144417817
8.903999999985919,1.0000597574513208
8.904999999985916,1.0000598987911042
8.905999999985914,1.0000600382901377
8.906999999985912,1.00006017589294
8.90799999998591,1.0000603116680713
8.908999999985907,1.0000604457992495
8.909999999985905,1.000060578560312
8.910999999985902,1.0000607102775398
8.9119999999859,1.0000608412846408
8.912999999985898,1.0000609718767104
8.913999999985895,1.0000611022696317
8.914999999985893,1.000061232570621
8.91599999998589,1.0000613627640327
8.916999999985888,1.0000614927144158
8.917999999985886,1.000061622186382
8.918999999985884,1.0000617508784824
8.919999999985881,1.0000618784663333
8.92099999998588,1.0000620046489388
8.921999999985877,1.0000621291917031
8.922999999985874,1.0000622519601066
8.923999999985872,1.0000623729393217
8.92499999998587,1.0000624922370134
8.925999999985867,1.0000626100689443
8.926999999985865,1.0000627267294124
8.927999999985863,1.000062842550674
8.92899999998586,1.0000629578570612
8.929999999985858,1.0000630729202422
8.930999999985856,1.0000631879218913
8.931999999985853,1.0000633029290127
8.932999999985851,1.0000634178853716
8.933999999985849,1.0000635326202179
8.934999999985846,1.0000636468730824
8.935999999985844,1.0000637603311455
8.936999999985842,1.0000638726739508
8.93799999998584,1.000063983619161
8.938999999985837,1.0000640929629572
8.939999999985835,1.0000642006093923
8.940999999985833,1.0000643065845973
8.94199999998583,1.000064411033843
8.942999999985828,1.0000645142018865
8.943999999985826,1.0000646163993687
8.944999999985823,1.0000647179599913
8.94599999998582,1.000064819194479
8.946999999985819,1.0000649203477985
8.947999999985816,1.0000650215656284
8.948999999985814,1.0000651228747857
8.949999999985812,1.000065224180343
8.95099999998581,1.0000653252798404
8.951999999985807,1.0000654258925874
8.952999999985805,1.0000655256999311
8.953999999985802,1.0000656243908395
8.9549999999858,1.0000657217063855
8.955999999985798,1.0000658174769022
8.956999999985795,1.0000659116465889
8.957999999985793,1.000066004282125
8.95899999998579,1.000066095564092
8.959999999985788,1.0000661857624122
8.960999999985786,1.0000662751992573
8.961999999985784,1.0000663642046403
8.962999999985781,1.0000664530709233
8.963999999985779,1.0000665420126327
8.964999999985777,1.0000666311372162
8.965999999985774,1.0000667204308464
8.966999999985772,1.0000668097612464
8.96799999998577,1.0000668988971366
8.968999999985767,1.0000669875415618
8.969999999985765,1.000067075374409
8.970999999985763,1.0000671620981554
8.97199999998576,1.0000672474804155
8.972999999985758,1.0000673313873272
8.973999999985756,1.0000674138030914
8.974999999985753,1.0000674948329251
8.975999999985751,1.0000675746890253
8.976999999985749,1.000067653661511
8.977999999985746,1.0000677320784426
8.978999999985744,1.000067810260534
8.979999999985742,1.00006788847692
8.98099999998574,1.000067966908184
8.981999999985737,1.000068045621838
8.982999999985735,1.000068124563678
8.983999999985732,1.0000682035662254
8.98499999998573,1.0000682823730598
8.985999999985728,1.000068360675625
8.986999999985725,1.0000684381573364
8.987999999985723,1.000068514538794
8.98899999998572,1.0000685896177646
8.989999999985718,1.000068663298309
8.990999999985716,1.0000687356049758
8.991999999985714,1.0000688066800751
8.992999999985711,1.0000688767644268
8.993999999985709,1.0000689461642969
8.994999999985707,1.0000690152091618
8.995999999985704,1.0000690842062523
8.996999999985702,1.0000691533982349
8.9979999999857,1.000069222929983
8.998999999985697,1.0000692928290897
8.999999999985695,1.0000693630028528
9.000999999985693,1.0000694332521527
9.00199999998569,1.0000695033002573
9.002999999985688,1.000069572832514
9.003999999985686,1.0000696415413421
9.004999999985683,1.0000697091702095
9.005999999985681,1.0000697755504224
9.006999999985679,1.0000698406255635
9.007999999985676,1.0000699044601646
9.008999999985674,1.0000699672313915
9.009999999985672,1.0000700292049245
9.01099999998567,1.000070090698425
9.011999999985667,1.000070152037716
9.012999999985665,1.0000702135118373
9.013999999985662,1.0000702753332784
9.01499999998566,1.0000703376089783
9.015999999985658,1.0000704003261542
9.016999999985655,1.0000704633549335
9.017999999985653,1.0000705264674197
9.01899999998565,1.0000705893704964
9.019999999985648,1.0000706517477644
9.020999999985646,1.000070713304717
9.021999999985644,1.0000707738108199
9.022999999985641,1.0000708331325885
9.023999999985639,1.0000708912530216
9.024999999985637,1.0000709482746728
9.025999999985634,1.0000710044059262
9.026999999985632,1.0000710599324232
9.02799999998563,1.0000711151776456
9.028999999985627,1.0000711704582077
9.029999999985625,1.000071226040138
9.030999999985623,1.0000712821022757
9.03199999998562,1.0000713387119322
9.032999999985618,1.00007139581621
9.033999999985616,1.0000714532501958
9.034999999985613,1.0000715107608698
9.035999999985611,1.0000715680433687
9.036999999985609,1.0000716247845105
9.037999999985606,1.0000716807074688
9.038999999985604,1.000071735611324
9.039999999985602,1.000071789399939
9.0409999999856,1.0000718420961119
9.041999999985597,1.0000718938390247
9.042999999985595,1.0000719448653541
9.043999999985592,1.000071995476714
9.04499999998559,1.0000720459979986
9.045999999985588,1.0000720967324819
9.046999999985585,1.0000721479199801
9.047999999985583,1.00007219970394
9.04899999998558,1.0000722521120693
9.049999999985578,1.0000723050532274
9.050999999985576,1.0000723583309996
9.051999999985574,1.0000724116720485
9.052999999985571,1.0000724647652426
9.05399999998557,1.0000725173060798
9.054999999985567,1.000072569040149
9.055999999985564,1.0000726197995413
9.056999999985562,1.0000726695270958
9.05799999998556,1.0000727182850877
9.058999999985557,1.0000727662471465
9.059999999985555,1.0000728136745414
9.060999999985553,1.0000728608801772
9.06199999998555,1.0000729081853483
9.062999999985548,1.000072955875335
9.063999999985546,1.0000730041600716
9.064999999985544,1.000073053145409
9.065999999985541,1.0000731028189984
9.066999999985539,1.000073153052774
9.067999999985537,1.0000732036216682
9.068999999985534,1.0000732542359272
9.069999999985532,1.000073304582481
9.07099999998553,1.0000733543695635
9.071999999985527,1.0000734033683094
9.072999999985525,1.0000734514455054
9.073999999985523,1.0000734985828894
9.07499999998552,1.0000735448803
9.075999999985518,1.0000735905422355
9.076999999985516,1.000073635849723
9.077999999985513,1.000073681121444
9.07899999998551,1.0000737266696
9.079999999985509,1.0000737727567037
9.080999999985506,1.000073819559367
9.081999999985504,1.0000738671441665
9.082999999985502,1.000073915458962
9.0839999999855,1.0000739643408778
9.084999999985497,1.000074013539824
9.085999999985495,1.0000740627542444
9.086999999985492,1.0000741116740741
9.08799999998549,1.0000741600248746
9.088999999985488,1.0000742076069455
9.089999999985485,1.0000742543239234
9.090999999985483,1.0000743001968615
9.09199999998548,1.0000743453618148
9.092999999985478,1.0000743900512827
9.093999999985476,1.000074434562121
9.094999999985474,1.0000744792144465
9.095999999985471,1.0000745243072875
9.096999999985469,1.0000745700772313
9.097999999985467,1.0000746166658518
9.098999999985464,1.0000746641004876
9.099999999985462,1.0000747122910727
9.10099999998546,1.000074761043449
9.101999999985457,1.000074810087284
9.102999999985455,1.000074859114675
9.103999999985453,1.0000749078240048
9.10499999998545,1.0000749559628888
9.105999999985448,1.00007500336419
9.106999999985446,1.0000750499700464
9.107999999985443,1.0000750958405409
9.108999999985441,1.0000751411458133
9.109999999985439,1.0000751861427217
9.110999999985436,1.0000752311393333
9.111999999985434,1.000075276452244
9.112999999985432,1.000075322362711
9.11399999998543,1.000075369077765
9.114999999985427,1.0000754167017625
9.115999999985425,1.0000754652223602
9.116999999985422,1.0000755145128772
9.11799999998542,1.0000755643506989
9.118999999985418,1.0000756144491332
9.119999999985415,1.000075664498236
9.120999999985413,1.000075714208873
9.12199999998541,1.0000757633538386
9.122999999985408,1.0000758118002524
9.123999999985406,1.0000758595286967
9.124999999985404,1.0000759066364098
9.125999999985401,1.0000759533240888
9.126999999985399,1.0000759998681703
9.127999999985397,1.0000760465824825
9.128999999985394,1.0000760937746613
9.129999999985392,1.0000761417034643
9.13099999998539,1.000076190542958
9.131999999985387,1.0000762403586212
9.132999999985385,1.0000762910986927
9.133999999985383,1.000076342601979
9.13499999998538,1.0000763946210198
9.135999999985378,1.000076446857347
9.136999999985376,1.0000764990038926
9.137999999985373,1.0000765507885807
9.138999999985371,1.0000766020129945
9.139999999985369,1.000076652580671
9.140999999985366,1.0000767025110793
9.141999999985364,1.0000767519373015
9.142999999985362,1.000076801087772
9.14399999998536,1.0000768502546382
9.144999999985357,1.0000768997531957
9.145999999985355,1.0000769498780964
9.146999999985352,1.0000770008624809
9.14799999998535,1.0000770528457632
9.148999999985348,1.0000771058545919
9.149999999985345,1.0000771597996492
9.150999999985343,1.000077214488739
9.15199999998534,1.0000772696543097
9.152999999985338,1.0000773249915453
9.153999999985336,1.0000773802016691
9.154999999985334,1.0000774350343735
9.155999999985331,1.000077489323425
9.156999999985329,1.0000775430104407
9.157999999985327,1.0000775961535135
9.158999999985324,1.0000776489194807
9.159999999985322,1.0000777015609235
9.16099999998532,1.0000777543811343
9.161999999985317,1.000077807691982
9.162999999985315,1.0000778617705808
9.163999999985313,1.0000779168208596
9.16499999998531,1.000077972945424
9.165999999985308,1.0000780301316532
9.166999999985306,1.0000780882539766
9.167999999985303,1.0000781470920033
9.168999999985301,1.0000782063619422
9.169999999985299,1.0000782657569052
9.170999999985296,1.000078324990418
9.171999999985294,1.0000783838370484
9.172999999985292,1.0000784421644335
9.17399999998529,1.0000784999522268
9.174999999985287,1.0000785572952986
9.175999999985285,1.0000786143907539
9.176999999985282,1.000078671510588
9.17799999998528,1.0000787289638426
9.178999999985278,1.0000787870535686
9.179999999985275,1.0000788460346575
9.180999999985273,1.0000789060784505
9.18199999998527,1.000078967249097
9.182999999985269,1.0000790294949706
9.183999999985266,1.0000790926563359
9.184999999985264,1.0000791564881866
9.185999999985262,1.0000792206950453
9.18699999998526,1.0000792849728337
9.187999999985257,1.0000793490519273
9.188999999985255,1.000079412735359
9.189999999985252,1.0000794759267992
9.19099999998525,1.0000795386443875
9.191999999985248,1.0000796010184922
9.192999999985245,1.0000796632737001
9.193999999985243,1.0000797256976026
9.19499999998524,1.0000797886007462
9.195999999985238,1.000079852273387
9.196999999985236,1.000079916945114
9.197999999985234,1.0000799827530145
9.198999999985231,1.00008004972284
9.199999999985229,1.0000801177658127
9.200999999985227,1.0000801866915188
9.201999999985224,1.0000802562350628
9.202999999985222,1.0000803260946745
9.20399999998522,1.000080395974467
9.204999999985217,1.0000804656263476
9.205999999985215,1.000080534885195
9.206999999985213,1.0000806036923706
9.20799999998521,1.000080672104259
9.208999999985208,1.0000807402846612
9.209999999985206,1.0000808084821018
9.210999999985203,1.0000808769952503
9.211999999985201,1.0000809461313123
9.212999999985199,1.0000810161632379
9.213999999985196,1.000081087291754
9.214999999985194,1.0000811596175598
9.215999999985192,1.0000812331275726
9.21699999998519,1.0000813076971542
9.217999999985187,1.0000813831079949
9.218999999985185,1.00008145907913
9.219999999985182,1.0000815353067312
9.22099999998518,1.0000816115070805
9.221999999985178,1.0000816874566962
9.222999999985175,1.0000817630239776
9.223999999985173,1.000081838187935
9.22499999998517,1.0000819130413645
9.225999999985168,1.0000819877780436
9.226999999985166,1.000082062665743
9.227999999985164,1.0000821380088567
9.228999999985161,1.0000822141059065
9.229999999985159,1.0000822912078893
9.230999999985157,1.0000823694833199
9.231999999985154,1.0000824489948728
9.232999999985152,1.000082529690889
9.23399999998515,1.0000826114129389
9.234999999985147,1.000082693918366
9.235999999985145,1.0000827769146472
9.236999999985143,1.0000828601007377
9.23799999998514,1.000082943209596
9.238999999985138,1.000083026045915
9.239999999985136,1.0000831085137607
9.240999999985133,1.0000831906302432
9.241999999985131,1.0000832725233044
9.242999999985129,1.0000833544139485
9.243999999985126,1.0000834365854108
9.244999999985124,1.0000835193436133
9.245999999985122,1.0000836029744538
9.24699999998512,1.0000836877039319
9.247999999985117,1.0000837736667065
9.248999999985115,1.0000838608874905
9.249999999985112,1.000083949277896
9.25099999998511,1.0000840386491623
9.251999999985108,1.0000841287389766
9.252999999985105,1.0000842192486075
9.253999999985103,1.0000843098851349
9.2549999999851,1.00008440040284
9.255999999985098,1.0000844906379456
9.256999999985096,1.000084580531831
9.257999999985094,1.00008467013947
9.258999999985091,1.0000847596219113
9.259999999985089,1.0000848492238696
9.260999999985087,1.000084939239571
9.261999999985084,1.0000850299716637
9.262999999985082,1.0000851216889535
9.26399999998508,1.000085214588914
9.264999999985077,1.0000853087702297
9.265999999985075,1.000085404219218
9.266999999985073,1.000085500812037
9.26799999998507,1.0000855983323516
9.268999999985068,1.0000856965019695
9.269999999985066,1.0000857950201445
9.270999999985063,1.0000858936060135
9.271999999985061,1.0000859920382243
9.272999999985059,1.0000860901861794
9.273999999985056,1.0000861880285206
9.274999999985054,1.0000862856562593
9.275999999985052,1.0000863832601155
9.27699999998505,1.0000864811038577
9.277999999985047,1.0000865794873903
9.278999999985045,1.0000866787047822
9.279999999985042,1.0000867790031371
9.28099999998504,1.0000868805480767
9.281999999985038,1.0000869834006842
9.282999999985035,1.0000870875091354
9.283999999985033,1.0000871927161779
9.28499999998503,1.0000872987814118
9.285999999985028,1.000087405415235
9.286999999985026,1.0000875123196764
9.287999999985024,1.0000876192303938
9.288999999985021,1.0000877259539276
9.28999999998502,1.0000878323949807
9.290999999985017,1.000087938569903
9.291999999985014,1.0000880446044869
9.292999999985012,1.000088150716397
9.29399999998501,1.0000882571847094
9.294999999985007,1.0000883643108491
9.295999999985005,1.0000884723764079
9.296999999985003,1.0000885816037735
9.297999999985,1.0000886921250924
9.298999999984998,1.000088803963917
9.299999999984996,1.0000889170321134
9.300999999984993,1.0000890311424555
9.301999999984991,1.0000891460351318
9.302999999984989,1.0000892614144303
9.303999999984987,1.0000893769904504
9.304999999984984,1.0000894925199726
9.305999999984982,1.0000896078407528
9.30699999998498,1.0000897228944257
9.307999999984977,1.0000898377348086
9.308999999984975,1.0000899525204519
9.309999999984973,1.000090067492478
9.31099999998497,1.0000901829408368
9.311999999984968,1.0000902991637128
9.312999999984966,1.0000904164257922
9.313999999984963,1.0000905349212497
9.31499999998496,1.0000906547466566
9.315999999984959,1.0000907758876005
9.316999999984956,1.0000908982208985
9.317999999984954,1.0000910215320746
9.318999999984952,1.0000911455456387
9.31999999998495,1.000091269963915
9.320999999984947,1.0000913945089571
9.321999999984945,1.0000915189616686
9.322999999984942,1.0000916431926403
9.32399999998494,1.00009176718037
9.324999999984938,1.00009189101432
9.325999999984935,1.0000920148823798
9.326999999984933,1.0000921390445034
9.32799999998493,1.0000922637962384
9.328999999984928,1.000092389427265
9.329999999984926,1.0000925161807879
9.330999999984924,1.0000926442194673
9.331999999984921,1.0000927736026823
9.332999999984919,1.0000929042783027
9.333999999984917,1.000093036090115
9.334999999984914,1.0000931687998669
9.335999999984912,1.000093302120808
9.33699999998491,1.0000934357580384
9.337999999984907,1.0000935694499764
9.338999999984905,1.000093703005134
9.339999999984903,1.0000938363290273
9.3409999999849,1.000093969437452
9.341999999984898,1.0000941024542642
9.342999999984896,1.0000942355939848
9.343999999984893,1.000094369131687
9.344999999984891,1.0000945033643962
9.345999999984889,1.0000946385694311
9.346999999984886,1.0000947749655364
9.347999999984884,1.0000949126822583
9.348999999984882,1.0000950517418588
9.34999999998488,1.0000951920563117
9.350999999984877,1.0000953334397855
9.351999999984875,1.0000954756348592
9.352999999984872,1.0000956183487784
9.35399999998487,1.00009576129466
9.354999999984868,1.000095904231845
9.355999999984865,1.0000960469997386
9.356999999984863,1.000096189540392
9.35799999998486,1.0000963319066551
9.358999999984858,1.000096474254765
9.359999999984856,1.000096616822417
9.360999999984854,1.0000967598954065
9.361999999984851,1.0000969037675234
9.362999999984849,1.0000970486993361
9.363999999984847,1.000097194881665
9.364999999984844,1.00009734240886
9.365999999984842,1.000097491265639
9.36699999998484,1.0000976413293252
9.367999999984837,1.0000977923871586
9.368999999984835,1.000097944166243
9.369999999984833,1.0000980963719137
9.37099999998483,1.0000982487291372
9.371999999984828,1.0000984010211298
9.372999999984826,1.0000985531197766
9.373999999984823,1.0000987050035786
9.374999999984821,1.000098856760614
9.375999999984819,1.0000990085760988
9.376999999984816,1.000099160706309
9.377999999984814,1.0000993134425242
9.378999999984812,1.0000994670700738
9.37999999998481,1.0000996218282407
9.380999999984807,1.000099777876646
9.381999999984805,1.0000999352728408
9.382999999984802,1.000100093964238
9.3839999999848,1.0001002537955086
9.384999999984798,1.0001004145304009
9.385999999984795,1.000100575884913
9.386999999984793,1.0001007375671531
9.38799999998479,1.0001008993182963
9.388999999984788,1.000101060948875
9.389999999984786,1.000101222365316
9.390999999984784,1.000101383582989
9.391999999984781,1.000101544723954
9.392999999984779,1.0001017059997221
9.393999999984777,1.000101867681468
9.394999999984774,1.0001020300618824
9.395999999984772,1.0001021934140215
9.39699999998477,1.0001023579529398
9.397999999984767,1.0001025238054855
9.398999999984765,1.0001026909924982
9.399999999984763,1.0001028594259016
9.40099999998476,1.0001030289210997
9.401999999984758,1.0001031992229208
9.402999999984756,1.0001033700414632
9.403999999984753,1.0001035410928003
9.404999999984751,1.0001037121388248
9.405999999984749,1.0001038830206364
9.406999999984746,1.000104053680788
9.407999999984744,1.0001042241712699
9.408999999984742,1.0001043946461288
9.40999999998474,1.000104565339743
9.410999999984737,1.000104736533834
9.411999999984735,1.000104908517833
9.412999999984732,1.000105081548182
9.41399999998473,1.0001052558122814
9.414999999984728,1.000105431402151
9.415999999984725,1.000105608301496
9.416999999984723,1.0001057863879868
9.41799999998472,1.000105965450423
9.418999999984718,1.0001061452183633
9.419999999984716,1.0001063254000495
9.420999999984714,1.0001065057233016
9.421999999984711,1.0001066859736407
9.42299999998471,1.0001068660242833
9.423999999984707,1.0001070458538066
9.424999999984705,1.0001072255490002
9.425999999984702,1.0001074052925099
9.4269999999847,1.0001075853370198
9.427999999984698,1.0001077659696038
9.428999999984695,1.0001079474712598
9.429999999984693,1.0001081300773194
9.43099999998469,1.0001083139442877
9.431999999984688,1.0001084991277722
9.432999999984686,1.0001086855745829
9.433999999984684,1.0001088731301162
9.434999999984681,1.0001090615599684
9.435999999984679,1.0001092505827496
9.436999999984677,1.0001094399094792
9.437999999984674,1.0001096292840321
9.438999999984672,1.0001098185189534
9.43999999998467,1.00011000752161
9.440999999984667,1.0001101963070111
9.441999999984665,1.000110384995505
9.442999999984663,1.0001105737956797
9.44399999998466,1.0001107629748853
9.444999999984658,1.0001109528215208
9.445999999984656,1.000111143604385
9.446999999984653,1.000111335534803
9.447999999984651,1.0001115287368445
9.448999999984649,1.0001117232298051
9.449999999984646,1.0001119189254162
9.450999999984644,1.0001121156401633
9.451999999984642,1.000112313120978
9.45299999998464,1.000112511080683
9.453999999984637,1.0001127092382167
9.454999999984635,1.0001129073579742
9.455999999984632,1.00011310528274
9.45699999998463,1.0001133029555989
9.457999999984628,1.0001135004277448
9.458999999984625,1.0001136978511063
9.459999999984623,1.000113895456823
9.46099999998462,1.0001140935226045
9.461999999984618,1.000114292333559
9.462999999984616,1.0001144921419993
9.463999999984614,1.000114693131863
9.464999999984611,1.0001148953927568
9.465999999984609,1.0001150989072576
9.466999999984607,1.0001153035532455
9.467999999984604,1.000115509120936
9.468999999984602,1.0001157153422047
9.4699999999846,1.0001159219280862
9.470999999984597,1.0001161286091724
9.471999999984595,1.0001163351732434
9.472999999984593,1.0001165414948456
9.47399999998459,1.000116747552664
9.474999999984588,1.000116953432258
9.475999999984586,1.0001171593137759
9.476999999984583,1.0001173654463853
9.477999999984581,1.00011757211301
9.478999999984579,1.0001177795903478
9.479999999984576,1.0001179881097757
9.480999999984574,1.0001181978246436
9.481999999984572,1.0001184087885355
9.48299999998457,1.0001186209475534
9.483999999984567,1.0001188341476916
9.484999999984565,1.0001190481562645
9.485999999984562,1.0001192626943727
9.48699999998456,1.0001194774758437
9.487999999984558,1.0001196922471836
9.488999999984555,1.0001199068229163
9.489999999984553,1.0001201211113548
9.49099999998455,1.0001203351271868
9.491999999984548,1.0001205489891112
9.492999999984546,1.0001207629028686
9.493999999984544,1.000120977132058
9.494999999984541,1.0001211919608477
9.495999999984539,1.0001214076538132
9.496999999984537,1.0001216244185533
9.497999999984534,1.000121842376325
9.498999999984532,1.0001220615448139
9.49999999998453,1.000122281835466
9.500999999984527,1.000122503065738
9.501999999984525,1.0001227249845495
9.502999999984523,1.0001229473073454
9.50399999998452,1.0001231697558475
9.504999999984518,1.0001233920968968
9.505999999984516,1.0001236141749463
9.506999999984513,1.00012383593363
9.507999999984511,1.000124057423394
9.508999999984509,1.0001242787941214
9.509999999984506,1.0001245002737955
9.510999999984504,1.0001247221361973
9.511999999984502,1.0001249446621816
9.5129999999845,1.0001251680999748
9.513999999984497,1.0001253926300648
9.514999999984495,1.000125618339628
9.515999999984492,1.0001258452100623
9.51699999998449,1.0001260731193826
9.517999999984488,1.0001263018591302
9.518999999984485,1.000126531163405
9.519999999984483,1.0001267607459514
9.52099999998448,1.0001269903400702
9.521999999984478,1.0001272197357693
9.522999999984476,1.0001274488089238
9.523999999984474,1.0001276775383623
9.524999999984471,1.00012790600848
9.52599999998447,1.0001281343970136
9.526999999984467,1.0001283629497086
9.527999999984464,1.0001285919454377
9.528999999984462,1.0001288216566795
9.52999999998446,1.0001290523109194
9.530999999984457,1.0001292840583795
9.531999999984455,1.0001295169506212
9.532999999984453,1.0001297509330092
9.53399999998445,1.0001299858520831
9.534999999984448,1.000130221476808
9.535999999984446,1.0001304575307057
9.536999999984443,1.0001306937303567
9.537999999984441,1.0001309298248588
9.538999999984439,1.0001311656307053
9.539999999984436,1.0001314010571798
9.540999999984434,1.0001316361187043
9.541999999984432,1.0001318709324134
9.54299999998443,1.0001321057013055
9.543999999984427,1.0001323406853453
9.544999999984425,1.0001325761645836
9.545999999984423,1.0001328123994775
9.54699999998442,1.0001330495939793
9.547999999984418,1.0001332878665847
9.548999999984416,1.0001335272333935
9.549999999984413,1.0001337676055595
9.55099999998441,1.000134008801485
9.551999999984409,1.000134250572038
9.552999999984406,1.000134492635244
9.553999999984404,1.0001347347155753
9.554999999984402,1.0001349765823118
9.5559999999844,1.0001352180815923
9.556999999984397,1.00013545915765
9.557999999984395,1.0001356998602642
9.558999999984392,1.0001359403373846
9.55999999998439,1.0001361808139675
9.560999999984388,1.000136421560004
9.561999999984385,1.0001366628522346
9.562999999984383,1.0001369049349258
9.56399999998438,1.0001371479852226
9.564999999984378,1.0001373920879477
9.565999999984376,1.000137637223368
9.566999999984374,1.0001378832696557
9.567999999984371,1.0001381300196774
9.568999999984369,1.0001383772097492
9.569999999984367,1.000138624556313
9.570999999984364,1.0001388717953799
9.571999999984362,1.0001391187192044
9.57299999998436,1.0001393652050388
9.573999999984357,1.0001396112319347
9.574999999984355,1.0001398568832347
9.575999999984353,1.000140102334403
9.57699999998435,1.0001403478279223
9.577999999984348,1.0001405936387802
9.578999999984346,1.000140840035403
9.579999999984343,1.0001410872415364
9.580999999984341,1.0001413354044095
9.581999999984339,1.0001415845736672
9.582999999984336,1.0001418346940112
9.583999999984334,1.0001420856125787
9.584999999984332,1.000142337100017
9.58599999998433,1.0001425888822906
9.586999999984327,1.0001428406787503
9.587999999984325,1.000143092241119
9.588999999984322,1.000143343387913
9.58999999998432,1.0001435940294656
9.590999999984318,1.000143844180046
9.591999999984315,1.0001440939553687
9.592999999984313,1.0001443435558606
9.59399999998431,1.000144593238042
9.594999999984308,1.0001448432780462
9.595999999984306,1.0001450939324033
9.596999999984304,1.0001453454016043
9.597999999984301,1.0001455978015454
9.598999999984299,1.000145851146875
9.599999999984297,1.000146105348561
9.600999999984294,1.0001463602260305
9.601999999984292,1.0001466155321619
9.60299999998429,1.0001468709876145
9.603999999984287,1.0001471263196637
9.604999999984285,1.0001473813000936
9.605999999984283,1.0001476357768133
9.60699999998428,1.000147889694772
9.607999999984278,1.000148143103232
9.608999999984276,1.0001483961483846
9.609999999984273,1.0001486490523652
9.610999999984271,1.0001489020815995
9.611999999984269,1.0001491555089408
9.612999999984266,1.0001494095749233
9.613999999984264,1.0001496644535632
9.614999999984262,1.0001499202275186
9.61599999998426,1.00015017687609
9.616999999984257,1.0001504342777414
9.617999999984255,1.000150692226777
9.618999999984252,1.0001509504618193
9.61999999998425,1.0001512087020914
9.620999999984248,1.0001514666864002
9.621999999984245,1.0001517242093463
9.622999999984243,1.0001519811496824
9.62399999998424,1.0001522374868346
9.624999999984238,1.0001524933032744
9.625999999984236,1.0001527487724091
9.626999999984234,1.0001530041336977
9.627999999984231,1.000153259658499
9.628999999984229,1.0001535156114518
9.629999999984227,1.0001537722128164
9.630999999984224,1.000154029607072
9.631999999984222,1.000154287842165
9.63299999998422,1.0001545468623265
9.633999999984217,1.0001548065154537
9.634999999984215,1.0001550665740155
9.635999999984213,1.0001553267665406
9.63699999998421,1.000155586815265
9.637999999984208,1.000155846474655
9.638999999984206,1.0001561055653825
9.639999999984203,1.000156363998989
9.640999999984201,1.0001566217897773
9.641999999984199,1.0001568790522621
9.642999999984196,1.0001571359845487
9.643999999984194,1.000157392839986
9.644999999984192,1.0001576498910778
9.64599999998419,1.000157907390724
9.646999999984187,1.0001581655362373
9.647999999984185,1.000158424441186
9.648999999984182,1.0001586841190087
9.64999999998418,1.0001589444807053
9.650999999984178,1.0001592053469182
9.651999999984175,1.0001594664727003
9.652999999984173,1.0001597275814926
9.65399999998417,1.0001599884035195
9.654999999984168,1.0001602487132175
9.655999999984166,1.0001605083604355
9.656999999984164,1.0001607672910304
9.657999999984161,1.000161025553966
9.65899999998416,1.0001612832939337
9.659999999984157,1.0001615407305307
9.660999999984154,1.0001617981269215
9.661999999984152,1.000162055752396
9.66299999998415,1.0001623138440758
9.663999999984147,1.0001625725731584
9.664999999984145,1.0001628320204319
9.665999999984143,1.0001630921644975
9.66699999998414,1.0001633528843505
9.667999999984138,1.0001636139759427
9.668999999984136,1.0001638751803932
9.669999999984134,1.0001641362198812
9.670999999984131,1.0001643968361802
9.671999999984129,1.0001646568264178
9.672999999984127,1.0001649160710433
9.673999999984124,1.0001651745500835
9.674999999984122,1.0001654323453961
9.67599999998412,1.0001656896286173
9.676999999984117,1.0001659466364994
9.677999999984115,1.0001662036371082
9.678999999984113,1.0001664608916387
9.67999999998411,1.0001667186172165
9.680999999984108,1.000166976955901
9.681999999984106,1.0001672359542546
9.682999999984103,1.0001674955563236
9.6839999999841,1.0001677556110218
9.684999999984099,1.0001680158928687
9.685999999984096,1.0001682761331663
9.686999999984094,1.000168536057235
9.687999999984092,1.0001687954224796
9.68899999998409,1.000169054051935
9.689999999984087,1.000169311858579
9.690999999984085,1.0001695688570031
9.691999999984082,1.0001698251608078
9.69299999998408,1.0001700809660947
9.693999999984078,1.0001703365233852
9.694999999984075,1.0001705921019146
9.695999999984073,1.0001708479513196
9.69699999998407,1.000171104266102
9.697999999984068,1.0001713611578493
9.698999999984066,1.00017161863912
9.699999999984064,1.0001718766212442
9.700999999984061,1.0001721349263486
9.701999999984059,1.0001723933119064
9.702999999984057,1.0001726515043647
9.703999999984054,1.000172909237113
9.704999999984052,1.0001731662874591
9.70599999998405,1.000173422507421
9.706999999984047,1.0001736778440158
9.707999999984045,1.0001739323461942
9.708999999984043,1.00017418615746
9.70999999998404,1.000174439495214
9.710999999984038,1.000174692619726
9.711999999984036,1.0001749457971023
9.712999999984033,1.000175199261439
9.713999999984031,1.0001754531814917
9.714999999984029,1.0001757076365394
9.715999999984026,1.0001759626048194
9.716999999984024,1.0001762179661644
9.717999999984022,1.0001764735184515
9.71899999998402,1.00017672900555
9.719999999984017,1.0001769841528336
9.720999999984015,1.000177238705274
9.721999999984012,1.0001774924627607
9.72299999998401,1.0001777453076925
9.723999999984008,1.0001779972209717
9.724999999984005,1.0001782482841468
9.725999999984003,1.0001784986674194
9.726999999984,1.0001787486051958
9.727999999983998,1.000178998362633
9.728999999983996,1.0001792481978788
9.729999999983994,1.0001794983253152
9.730999999983991,1.0001797488849684
9.731999999983989,1.0001799999223795
9.732999999983987,1.0001802513817493
9.733999999983984,1.000180503113316
9.734999999983982,1.0001807548939305
9.73599999998398,1.000181006457926
9.736999999983977,1.0001812575339508
9.737999999983975,1.0001815078825929
9.738999999983973,1.0001817573294984
9.73999999998397,1.0001820057893491
9.740999999983968,1.00018225327732
9.741999999983966,1.0001824999064188
9.742999999983963,1.000182745871095
9.743999999983961,1.0001829914194182
9.744999999983959,1.0001832368177495
9.745999999983956,1.0001834823128644
9.746999999983954,1.0001837280968484
9.747999999983952,1.000183974279693
9.74899999998395,1.000184220873437
9.749999999983947,1.0001844677900735
9.750999999983945,1.0001847148535161
9.751999999983942,1.0001849618239365
9.75299999998394,1.0001852084310474
9.753999999983938,1.0001854544116493
9.754999999983935,1.00018569954617
9.755999999983933,1.0001859436890574
9.75699999998393,1.0001861867887687
9.757999999983928,1.0001864288945441
9.758999999983926,1.000186670149034
9.759999999983924,1.0001869107678047
9.760999999983921,1.000187151008618
9.761999999983919,1.0001873911347896
9.762999999983917,1.0001876313777898
9.763999999983914,1.000187871904325
9.764999999983912,1.0001881127925383
9.76599999998391,1.0001883540206546
9.766999999983907,1.0001885954696654
9.767999999983905,1.0001888369396685
9.768999999983903,1.000189078177552
9.7699999999839,1.0001893189121354
9.770999999983898,1.0001895588918355
9.771999999983896,1.0001897979195542
9.772999999983893,1.0001900358799052
9.773999999983891,1.0001902727549503
9.774999999983889,1.0001905086262426
9.775999999983886,1.0001907436628874
9.776999999983884,1.0001909780973115
9.777999999983882,1.0001912121921468
9.77899999998388,1.000191446202884
9.779999999983877,1.000191680341552
9.780999999983875,1.0001919147465248
9.781999999983872,1.0001921494626804
9.78299999998387,1.0001923844347043
9.783999999983868,1.0001926195144661
9.784999999983865,1.0001928544814254
9.785999999983863,1.0001930890732027
9.78699999998386,1.0001933230220195
9.787999999983859,1.0001935560918835
9.788999999983856,1.0001937881113037
9.789999999983854,1.0001940189969283
9.790999999983852,1.0001942487648015
9.79199999998385,1.0001944775276537
9.792999999983847,1.0001947054786198
9.793999999983845,1.0001949328636794
9.794999999983842,1.000195159946694
9.79599999998384,1.0001953869719569
9.796999999983838,1.0001956141295119
9.797999999983835,1.000195841528113
9.798999999983833,1.0001960691796141
9.79999999998383,1.0001962969969802
9.800999999983828,1.0001965248061944
9.801999999983826,1.0001967523703823
9.802999999983824,1.0001969794227603
9.803999999983821,1.0001972057037707
9.804999999983819,1.0001974309971908
9.805999999983817,1.0001976551601377
9.806999999983814,1.000197878142767
9.807999999983812,1.000198099994895
9.80899999998381,1.000198320858624
9.809999999983807,1.0001985409480187
9.810999999983805,1.0001987605186795
9.811999999983803,1.0001989798314939
9.8129999999838,1.0001991991156647
9.813999999983798,1.0001994185361998
9.814999999983796,1.0001996381704366
9.815999999983793,1.0001998579968934
9.816999999983791,1.0002000778980011
9.817999999983789,1.0002002976763287
9.818999999983786,1.0002005170820143
9.819999999983784,1.0002007358475427
9.820999999983782,1.0002009537249854
9.82199999998378,1.000201170520473
9.822999999983777,1.0002013861210624
9.823999999983775,1.0002016005102257
9.824999999983772,1.0002018137697926
9.82599999998377,1.0002020260680702
9.826999999983768,1.0002022376358235
9.827999999983765,1.0002024487334886
9.828999999983763,1.0002026596142364
9.82999999998376,1.0002028704880783
9.830999999983758,1.0002030814920506
9.831999999983756,1.0002032926706659
9.832999999983754,1.000203503969368
9.833999999983751,1.0002037152418999
9.834999999983749,1.000203926270551
9.835999999983747,1.000204136796432
9.836999999983744,1.0002043465555268
9.837999999983742,1.000204555315456
9.83899999998374,1.0002047629077861
9.839999999983737,1.0002049692513468
9.840999999983735,1.0002051743632863
9.841999999983733,1.0002053783563163
9.84299999998373,1.0002055814225375
9.843999999983728,1.0002057838061358
9.844999999983726,1.0002059857687795
9.845999999983723,1.000206187552586
9.846999999983721,1.0002063893458555
9.847999999983719,1.0002065912563862
9.848999999983716,1.0002067932961034
9.849999999983714,1.0002069953791761
9.850999999983712,1.0002071973338624
9.85199999998371,1.0002073989264268
9.852999999983707,1.0002075998937572
9.853999999983705,1.0002077999801011
9.854999999983702,1.00020799897275
9.8559999999837,1.0002081967316692
9.856999999983698,1.0002083932089063
9.857999999983695,1.0002085884550669
9.858999999983693,1.000208782611948
9.85999999998369,1.0002089758923687
9.860999999983688,1.0002091685500376
9.861999999983686,1.0002093608436888
9.862999999983684,1.000209553000529
9.863999999983681,1.0002097451841236
9.864999999983679,1.0002099374712436
9.865999999983677,1.0002101298409138
9.866999999983674,1.0002103221771912
9.867999999983672,1.0002105142852824
9.86899999998367,1.0002107059187206
9.869999999983667,1.0002108968137893
9.870999999983665,1.0002110867263476
9.871999999983663,1.0002112754658954
9.87299999998366,1.0002114629220837
9.873999999983658,1.0002116490799684
9.874999999983656,1.0002118340218484
9.875999999983653,1.000212017915448
9.876999999983651,1.0002122009900973
9.877999999983649,1.0002123835042762
9.878999999983646,1.0002125657090735
9.879999999983644,1.0002127478127105
9.880999999983642,1.0002129299511013
9.88199999998364,1.0002131121685838
9.882999999983637,1.000213294411525
9.883999999983635,1.0002134765356832
9.884999999983632,1.0002136583262984
9.88599999998363,1.0002138395280769
9.886999999983628,1.0002140198808642
9.887999999983625,1.0002141991559927
9.888999999983623,1.000214377188198
9.88999999998362,1.0002145538986185
9.890999999983618,1.0002147293056547
9.891999999983616,1.0002149035221646
9.892999999983614,1.0002150767394
9.893999999983611,1.000215249199949
9.89499999998361,1.0002154211634877
9.895999999983607,1.000215592870153
9.896999999983604,1.000215764506687
9.897999999983602,1.0002159361800929
9.8989999999836,1.0002161079025123
9.899999999983597,1.000216279589433
9.900999999983595,1.0002164510714806
9.901999999983593,1.0002166221181348
9.90299999998359,1.00021679247002
9.903999999983588,1.000216961875251
9.904999999983586,1.000217130124702
9.905999999983583,1.0002172970812664
9.906999999983581,1.0002174626989841
9.907999999983579,1.0002176270293697
9.908999999983577,1.0002177902140497
9.909999999983574,1.0002179524647499
9.910999999983572,1.0002181140334472
9.91199999998357,1.0002182751768818
9.912999999983567,1.0002184361204138
9.913999999983565,1.0002185970263027
9.914999999983563,1.0002187579708672
9.91599999998356,1.0002189189337265
9.916999999983558,1.0002190798006305
9.917999999983556,1.0002192403794667
9.918999999983553,1.0002194004271958
9.91999999998355,1.000219559683924
9.920999999983549,1.0002197179093253
9.921999999983546,1.0002198749163014
9.922999999983544,1.0002200305971523
9.923999999983542,1.0002201849385857
9.92499999998354,1.0002203380234604
9.925999999983537,1.0002204900190208
9.926999999983535,1.00022064115328
9.927999999983532,1.000220791682881
9.92899999998353,1.0002209418569459
9.929999999983528,1.0002210918820094
9.930999999983525,1.0002212418929448
9.931999999983523,1.000221391933978
9.93299999998352,1.0002215419524365
9.933999999983518,1.0002216918061102
9.934999999983516,1.0002218412831856
9.935999999983514,1.0002219901319527
9.936999999983511,1.0002221380961043
9.937999999983509,1.000222284950676
9.938999999983507,1.0002224305335776
9.939999999983504,1.0002225747682765
9.940999999983502,1.0002227176744636
9.9419999999835,1.0002228593652012
9.942999999983497,1.000223000030966
9.943999999983495,1.0002231399128245
9.944999999983493,1.000223279268539
9.94599999998349,1.0002234183363365
9.946999999983488,1.0002235573014517
9.947999999983486,1.0002236962701274
9.948999999983483,1.0002238352547275
9.949999999983481,1.0002239741720456
9.950999999983479,1.0002241128550418
9.951999999983476,1.000224251076361
9.952999999983474,1.0002243885803135
9.953999999983472,1.0002245251188286
9.95499999998347,1.000224660486322
9.955999999983467,1.0002247945485874
9.956999999983465,1.0002249272616484
9.957999999983462,1.0002250586779389
9.95899999998346,1.0002251889389409
9.959999999983458,1.0002253182553231
9.960999999983455,1.0002254468773712
9.961999999983453,1.0002255750598648
9.96299999998345,1.00022570302634
9.963999999983448,1.0002258309377527
9.964999999983446,1.0002259588699505
9.965999999983444,1.000226086803106
9.966999999983441,1.0002262146245964
9.967999999983439,1.0002263421449102
9.968999999983437,1.0002264691243463
9.969999999983434,1.0002265953067433
9.970999999983432,1.0002267204555038
9.97199999998343,1.0002268443868592
9.972999999983427,1.0002269669957011
9.973999999983425,1.0002270882703541
9.974999999983423,1.0002272082942156
9.97599999998342,1.0002273272340458
9.976999999983418,1.0002274453165405
9.977999999983416,1.0002275627965056
9.978999999983413,1.000227679921088
9.979999999983411,1.0002277968951099
9.980999999983409,1.0002279138523609
9.981999999983406,1.0002280308368847
9.982999999983404,1.0002281477968793
9.983999999983402,1.0002282645920542
9.9849999999834,1.0002283810134218
9.985999999983397,1.0002284968127264
9.986999999983395,1.0002286117373829
9.987999999983392,1.0002287255660154
9.98899999998339,1.0002288381396043
9.989999999983388,1.0002289493838656
9.990999999983385,1.0002290593197172
9.991999999983383,1.0002291680603796
9.99299999998338,1.0002292757955116
9.993999999983378,1.000229382764629
9.994999999983376,1.0002294892235386
9.995999999983374,1.0002295954085043
9.996999999983371,1.000229701503185
9.997999999983369,1.0002298076129696
9.998999999983367,1.0002299137503319
9.999999999983364,1.000230019833232
10.000999999983362,1.0002301256968156
10.00199999998336,1.0002302311167317
10.002999999983357,1.000230335840812
10.003999999983355,1.0002304396246466
10.004999999983353,1.0002305422660498
10.00599999998335,1.0002306436335906
10.006999999983348,1.0002307436851705
10.007999999983346,1.0002308424740554
10.008999999983343,1.000230940141507
10.009999999983341,1.0002310368970695
10.010999999983339,1.0002311329892675
10.011999999983336,1.0002312286708446
10.012999999983334,1.0002313241634195
10.013999999983332,1.0002314196265327
10.01499999998333,1.0002315151354229
10.015999999983327,1.0002316106706588
10.016999999983325,1.000231706121069
10.017999999983322,1.0002318012995566
10.01899999998332,1.0002318959695629
10.019999999983318,1.0002319898784666
10.020999999983315,1.0002320827932207
10.021999999983313,1.0002321745332228
10.02299999998331,1.0002322649958106
10.023999999983308,1.0002323541707967
10.024999999983306,1.0002324421420092
10.025999999983304,1.0002325290756215
10.026999999983301,1.0002326151969188
10.0279999999833,1.000232700758768
10.028999999983297,1.0002327860062286
10.029999999983295,1.0002328711422788
10.030999999983292,1.0002329562994725
10.03199999998329,1.0002330415214962
10.032999999983288,1.0002331267572209
10.033999999983285,1.0002332118680672
10.034999999983283,1.0002332966476524
10.03599999998328,1.0002333808509545
10.036999999983278,1.0002334642288968
10.037999999983276,1.0002335465634917
10.038999999983274,1.0002336276986104
10.039999999983271,1.0002337075620538
10.040999999983269,1.0002337861758233
10.041999999983267,1.000233863653167
10.042999999983264,1.0002339401828062
10.043999999983262,1.0002340160025807
10.04499999998326,1.000234091366212
10.045999999983257,1.000234166507858
10.046999999983255,1.0002342416094339
10.047999999983253,1.0002343167752903
10.04899999998325,1.0002343920177956
10.049999999983248,1.000234467255854
10.050999999983246,1.0002345423265522
10.051999999983243,1.0002346170083012
10.052999999983241,1.000234691052214
10.053999999983239,1.0002347642173086
10.054999999983236,1.000234836304585
10.055999999983234,1.0002349071851953
10.056999999983232,1.0002349768187442
10.05799999998323,1.0002350452591695
10.058999999983227,1.0002351126473694
10.059999999983225,1.0002351791916202
10.060999999983222,1.0002352451385415
10.06199999998322,1.0002353107386814
10.062999999983218,1.000235376211569
10.063999999983215,1.000235441715132
10.064999999983213,1.0002355073237845
10.06599999998321,1.000235573018251
10.066999999983208,1.0002356386885594
10.067999999983206,1.0002357041497627
10.068999999983204,1.0002357691681845
10.069999999983201,1.000235833494489
10.070999999983199,1.0002358968989369
10.071999999983197,1.0002359592038703
10.072999999983194,1.00023602030887
10.073999999983192,1.0002360802050558
10.07499999998319,1.0002361389765182
10.075999999983187,1.000236196788687
10.076999999983185,1.0002362538652758
10.077999999983183,1.000236310457048
10.07899999998318,1.0002363668067955
10.079999999983178,1.0002364231154552
10.080999999983176,1.0002364795141214
10.081999999983173,1.0002365360458816
10.082999999983171,1.0002365926600199
10.083999999983169,1.0002366492193933
10.084999999983166,1.0002367055199464
10.085999999983164,1.00023676131962
10.086999999983162,1.00023681637258
10.08799999998316,1.0002368704639824
10.088999999983157,1.0002369234403636
10.089999999983155,1.0002369752314044
10.090999999983152,1.0002370258600053
10.09199999998315,1.0002370754392653
10.092999999983148,1.0002371241568013
10.093999999983145,1.0002371722486052
10.094999999983143,1.0002372199661327
10.09599999998314,1.0002372675412354
10.096999999983138,1.0002373151538664
10.097999999983136,1.0002373629070942
10.098999999983134,1.0002374108129237
10.099999999983131,1.000237458790924
10.100999999983129,1.0002375066798381
10.101999999983127,1.000237554260552
10.102999999983124,1.000237601287182
10.103999999983122,1.0002376475219124
10.10499999998312,1.000237692768683
10.105999999983117,1.0002377369010036
10.106999999983115,1.0002377798799806
10.107999999983113,1.0002378217600385
10.10899999998311,1.000237862681533
10.109999999983108,1.000237902851299
10.110999999983106,1.0002379425138699
10.111999999983103,1.000237981917406
10.112999999983101,1.0002380212791322
10.113999999983099,1.0002380607551282
10.114999999983096,1.0002381004187262
10.115999999983094,1.000238140250534
10.116999999983092,1.0002381801414917
10.11799999998309,1.0002382199085118
10.118999999983087,1.0002382593205124
10.119999999983085,1.0002382981311668
10.120999999983082,1.000238336113784
10.12199999998308,1.0002383730934126
10.122999999983078,1.0002384089716614
10.123999999983075,1.0002384437407605
10.124999999983073,1.0002384774848794
10.12599999998307,1.000238510368526
10.126999999983068,1.0002385426136673
10.127999999983066,1.0002385744687752
10.128999999983064,1.0002386061741713
10.129999999983061,1.0002386379285264
10.13099999998306,1.000238669861232
10.131999999983057,1.0002387020145105
10.132999999983054,1.000238734337777
10.133999999983052,1.0002387666950372
10.13499999998305,1.0002387988842727
10.135999999983047,1.0002388306661012
10.136999999983045,1.0002388617976679
10.137999999983043,1.0002388920670215
10.13899999998304,1.0002389213231386
10.139999999983038,1.0002389494973742
10.140999999983036,1.0002389766133393
10.141999999983033,1.0002390027838097
10.142999999983031,1.0002390281951232
10.143999999983029,1.000239053081247
10.144999999983026,1.0002390776911803
10.145999999983024,1.0002391022542607
10.146999999983022,1.0002391269482516
10.14799999998302,1.0002391518746865
10.148999999983017,1.0002391770449395
10.149999999983015,1.0002392023789621
10.150999999983013,1.0002392277168692
10.15199999998301,1.0002392528417383
10.152999999983008,1.0002392775104163
10.153999999983006,1.0002393014879989
10.154999999983003,1.000239324581134
10.155999999983,1.0002393466654789
10.156999999982999,1.0002393677034511
10.157999999982996,1.0002393877497875
10.158999999982994,1.0002394069441352
10.159999999982992,1.000239425491721
10.16099999998299,1.0002394436348159
10.161999999982987,1.0002394616190038
10.162999999982985,1.0002394796589964
10.163999999982982,1.0002394979087963
10.16499999998298,1.0002395164404017
10.165999999982978,1.0002395352340383
10.166999999982975,1.0002395541812807
10.167999999982973,1.0002395731006244
10.16899999998297,1.0002395917633102
10.169999999982968,1.000239609925765
10.170999999982966,1.0002396273641123
10.171999999982964,1.0002396439058927
10.172999999982961,1.0002396594545535
10.173999999982959,1.0002396740032617
10.174999999982957,1.0002396876361055
10.175999999982954,1.000239700516519
10.176999999982952,1.0002397128645624
10.17799999998295,1.0002397249262482
10.178999999982947,1.0002397369392415
10.179999999982945,1.0002397490997403
10.180999999982943,1.000239761535204
10.18199999998294,1.0002397742867435
10.182999999982938,1.0002397873036475
10.183999999982936,1.0002398004508017
10.184999999982933,1.0002398135279642
10.185999999982931,1.0002398262981753
10.186999999982929,1.0002398385213238
10.187999999982926,1.0002398499881398
10.188999999982924,1.0002398605498477
10.189999999982922,1.00023987013931
10.19099999998292,1.000239878780695
10.191999999982917,1.000239886586314
10.192999999982915,1.0002398937410835
10.193999999982912,1.0002399004767997
10.19499999998291,1.0002399070398444
10.195999999982908,1.0002399136568607
10.196999999982905,1.0002399205032182
10.197999999982903,1.000239927678697
10.1989999999829,1.000239935193801
10.199999999982898,1.0002399429686153
10.200999999982896,1.000239950844376
10.201999999982894,1.0002399586061086
10.202999999982891,1.00023996601316
10.203999999982889,1.0002399728333269
10.204999999982887,1.000239978875777
10.205999999982884,1.0002399840181522
10.206999999982882,1.0002399882240351
10.20799999998288,1.0002399915483433
10.208999999982877,1.000239994129892
10.209999999982875,1.0002399961721753
10.210999999982873,1.0002399979150667
10.21199999998287,1.0002399996014204
10.212999999982868,1.000240001443263
10.213999999982866,1.0002400035923267
10.214999999982863,1.0002400061190653
10.215999999982861,1.0002400090030932
10.216999999982859,1.000240012136388
10.217999999982856,1.0002400153387965
10.218999999982854,1.0002400183836613
10.219999999982852,1.000240021029958
10.22099999998285,1.0002400230564414
10.221999999982847,1.0002400242929848
10.222999999982845,1.000240024644734
10.223999999982842,1.0002400241056741
10.22499999998284,1.0002400227597055
10.225999999982838,1.0002400207690814
10.226999999982835,1.0002400183518456
10.227999999982833,1.0002400157514293
10.22899999998283,1.0002400132026978
10.229999999982828,1.000240010899215
10.230999999982826,1.0002400089663277
10.231999999982824,1.0002400074438336
10.232999999982821,1.0002400062806824
10.233999999982819,1.0002400053424285
10.234999999982817,1.000240004430393
10.235999999982814,1.0002400033098477
10.236999999982812,1.0002400017432458
10.23799999998281,1.0002399995238422
10.238999999982807,1.0002399965049809
10.239999999982805,1.0002399926209204
10.240999999982803,1.0002399878962924
10.2419999999828,1.0002399824428563
10.242999999982798,1.000239976444023
10.243999999982796,1.0002399701293223
10.244999999982793,1.0002399637424082
10.245999999982791,1.0002399575070995
10.246999999982789,1.0002399515962228
10.247999999982786,1.0002399461076341
10.248999999982784,1.0002399410507807
10.249999999982782,1.000239936345689
10.25099999998278,1.0002399318345214
10.251999999982777,1.000239927304067
10.252999999982775,1.0002399225160044
10.253999999982772,1.0002399172406828
10.25499999998277,1.0002399112896665
10.255999999982768,1.0002399045424772
10.256999999982765,1.0002398969637825
10.257999999982763,1.0002398886086115
10.25899999998276,1.0002398796148821
10.259999999982758,1.000239870184287
10.260999999982756,1.000239860554223
10.261999999982754,1.000239850964719
10.262999999982751,1.0002398416249976
10.26399999998275,1.0002398326843815
10.264999999982747,1.000239824211624
10.265999999982744,1.000239816185559
10.266999999982742,1.000239808498394
10.26799999998274,1.0002398009711564
10.268999999982737,1.0002397933791305
10.269999999982735,1.0002397854837022
10.270999999982733,1.000239777066135
10.27199999998273,1.0002397679585429
10.272999999982728,1.0002397580676978
10.273999999982726,1.0002397473883464
10.274999999982724,1.0002397360041542
10.275999999982721,1.0002397240761511
10.276999999982719,1.000239711820311
10.277999999982717,1.0002396994774176
10.278999999982714,1.0002396872794543
10.279999999982712,1.0002396754172451
10.28099999998271,1.000239664013894
10.281999999982707,1.000239653107747
10.282999999982705,1.000239642647264
10.283999999982703,1.0002396324985112
10.2849999999827,1.0002396224642296
10.285999999982698,1.0002396123117863
10.286999999982696,1.000239601806088
10.287999999982693,1.0002395907428272
10.28899999998269,1.0002395789774
10.289999999982689,1.0002395664454151
10.290999999982686,1.0002395531719361
10.291999999982684,1.0002395392681467
10.292999999982682,1.0002395249159253
10.29399999998268,1.0002395103424977
10.294999999982677,1.000239495788738
10.295999999982675,1.000239481475567
10.296999999982672,1.0002394675731754
10.29799999998267,1.0002394541773802
10.298999999982668,1.0002394412964442
10.299999999982665,1.0002394288502021
10.300999999982663,1.0002394166816115
10.30199999998266,1.0002394045791003
10.302999999982658,1.0002393923065738
10.303999999982656,1.0002393796368492
10.304999999982654,1.0002393663838245
10.305999999982651,1.0002393524288673
10.306999999982649,1.0002393377377057
10.307999999982647,1.0002393223654715
10.308999999982644,1.0002393064491806
10.309999999982642,1.0002392901887118
10.31099999998264,1.0002392738189618
10.311999999982637,1.0002392575770902
10.312999999982635,1.0002392416694565
10.313999999982633,1.0002392262428894
10.31499999998263,1.0002392113643386
10.315999999982628,1.0002391970117481
10.316999999982626,1.000239183077437
10.317999999982623,1.0002391693835018
10.318999999982621,1.0002391557070704
10.319999999982619,1.000239141811857
10.320999999982616,1.0002391274815792
10.321999999982614,1.0002391125505532
10.322999999982612,1.0002390969271648
10.32399999998261,1.0002390806069243
10.324999999982607,1.0002390636732708
10.325999999982605,1.0002390462860202
10.326999999982602,1.0002390286590797
10.3279999999826,1.0002390110305721
10.328999999982598,1.0002389936295646
10.329999999982595,1.0002389766440871
10.330999999982593,1.0002389601949306
10.33199999998259,1.0002389443188975
10.332999999982588,1.0002389289638578
10.333999999982586,1.0002389139962935
10.334999999982584,1.0002388992202722
10.335999999982581,1.0002388844051817
10.336999999982579,1.0002388693183233
10.337999999982577,1.0002388537577953
10.338999999982574,1.0002388375810325
10.339999999982572,1.0002388207250037
10.34099999998257,1.0002388032152243
10.341999999982567,1.0002387851623273
10.342999999982565,1.0002387667466803
10.343999999982563,1.0002387481932171
10.34499999998256,1.0002387297400264
10.345999999982558,1.000238711605106
10.346999999982556,1.0002386939559609
10.347999999982553,1.0002386768863059
10.348999999982551,1.000238660403142
10.349999999982549,1.0002386444260263
10.350999999982546,1.0002386287986282
10.351999999982544,1.0002386133109433
10.352999999982542,1.0002385977290456
10.35399999998254,1.0002385818281865
10.354999999982537,1.0002385654245876
10.355999999982535,1.000238548401467
10.356999999982532,1.000238530725643
10.35799999998253,1.000238512452386
10.358999999982528,1.000238493717845
10.359999999982525,1.0002384747201176
10.360999999982523,1.0002384556916193
10.36199999998252,1.0002384368666428
10.362999999982518,1.000238418448659
10.363999999982516,1.0002384005819633
10.364999999982514,1.0002383833316446
10.365999999982511,1.0002383666746857
10.366999999982509,1.0002383505034453
10.367999999982507,1.000238334641022
10.368999999982504,1.0002383188663324
10.369999999982502,1.0002383029453807
10.3709999999825,1.000238286664323
10.371999999982497,1.000238269859686
10.372999999982495,1.0002382524414932
10.373999999982493,1.0002382344060592
10.37499999998249,1.0002382158366445
10.375999999982488,1.0002381968918965
10.376999999982486,1.0002381777836946
10.377999999982483,1.0002381587475224
10.378999999982481,1.0002381400095337
10.379999999982479,1.0002381217549465
10.380999999982476,1.0002381041021993
10.381999999982474,1.0002380870864997
10.382999999982472,1.000238070655067
10.38399999998247,1.000238054674737
10.384999999982467,1.0002380389508496
10.385999999982465,1.0002380232547707
10.386999999982462,1.0002380073561792
10.38799999998246,1.0002379910555765
10.388999999982458,1.0002379742124592
10.389999999982455,1.0002379567651947
10.390999999982453,1.000237938739801
10.39199999998245,1.0002379202464156
10.392999999982449,1.0002379014639464
10.393999999982446,1.0002378826150757
10.394999999982444,1.000237863935129
10.395999999982442,1.0002378456391856
10.39699999998244,1.0002378278920483
10.397999999982437,1.0002378107852932
10.398999999982435,1.0002377943246092
10.399999999982432,1.0002377784292231
10.40099999998243,1.0002377629434622
10.401999999982428,1.000237747658848
10.402999999982425,1.000237732343597
10.403999999982423,1.0002377167753858
10.40499999998242,1.0002377007727723
10.405999999982418,1.0002376842208611
10.406999999982416,1.000237667087606
10.407999999982414,1.0002376494284735
10.408999999982411,1.0002376313788068
10.409999999982409,1.000237613134975
10.410999999982407,1.0002375949269517
10.411999999982404,1.000237576986181
10.412999999982402,1.0002375595132513
10.4139999999824,1.000237542649905
10.414999999982397,1.000237526459334
10.415999999982395,1.0002375109175152
10.416999999982393,1.0002374959167992
10.41799999998239,1.0002374812812398
10.418999999982388,1.000237466791509
10.419999999982386,1.0002374522158832
10.420999999982383,1.0002374373429603
10.421999999982381,1.0002374220115007
10.422999999982379,1.0002374061332078
10.423999999982376,1.0002373897052534
10.424999999982374,1.0002373728107812
10.425999999982372,1.0002373556073296
10.42699999998237,1.0002373383047993
10.427999999982367,1.0002373211360722
10.428999999982365,1.0002373043244075
10.429999999982362,1.0002372880522084
10.43099999998236,1.0002372724355404
10.431999999982358,1.0002372575079792
10.432999999982355,1.0002372432160507
10.433999999982353,1.0002372294268977
10.43499999998235,1.0002372159470934
10.435999999982348,1.000237202549957
10.436999999982346,1.0002371890075326
10.437999999982344,1.0002371751227357
10.438999999982341,1.0002371607571565
10.439999999982339,1.0002371458506045
10.440999999982337,1.0002371304296576
10.441999999982334,1.0002371146040177
10.442999999982332,1.00023709855119
10.44399999998233,1.0002370824916522
10.444999999982327,1.0002370666579987
10.445999999982325,1.0002370512624004
10.446999999982323,1.0002370364669513
10.44799999998232,1.0002370223610622
10.448999999982318,1.000237008949076
10.449999999982316,1.0002369961498423
10.450999999982313,1.0002369838083054
10.451999999982311,1.0002369717174746
10.452999999982309,1.0002369596476872
10.453999999982306,1.0002369473790413
10.454999999982304,1.0002369347324467
10.455999999982302,1.0002369215949258
10.4569999999823,1.0002369079356177
10.457999999982297,1.0002368938102397
10.458999999982295,1.000236879353387
10.459999999982292,1.0002368647597495
10.46099999998229,1.0002368502569
10.461999999982288,1.0002368360734608
10.462999999982285,1.000236822407139
10.463999999982283,1.0002368093971095
10.46499999998228,1.0002367971046402
10.465999999982278,1.0002367855046608
10.466999999982276,1.0002367744894671
10.467999999982274,1.0002367638840282
10.468999999982271,1.0002367534707353
10.469999999982269,1.0002367430201209
10.470999999982267,1.0002367323232224
10.471999999982264,1.0002367212210503
10.472999999982262,1.000236709627022
10.47399999998226,1.0002366975392118
10.474999999982257,1.000236685040698
10.475999999982255,1.0002366722879625
10.476999999982253,1.0002366594889736
10.47799999998225,1.0002366468740411
10.478999999982248,1.0002366346635443
10.479999999982246,1.0002366230370674
10.480999999982243,1.0002366121082826
10.481999999982241,1.0002366019090994
10.482999999982239,1.0002365923853045
10.483999999982236,1.0002365834043014
10.484999999982234,1.0002365747738544
10.485999999982232,1.000236566269202
10.48699999998223,1.0002365576647358
10.487999999982227,1.000236548765786
10.488999999982225,1.0002365394360517
10.489999999982222,1.0002365296168163
10.49099999998222,1.0002365193352598
10.491999999982218,1.0002365087006932
10.492999999982215,1.0002364978892655
10.493999999982213,1.000236487119284
10.49499999998221,1.000236476620634
10.495999999982208,1.0002364666025838
10.496999999982206,1.0002364572245057
10.497999999982204,1.0002364485736173
10.498999999982201,1.0002364406528725
10.4999999999822,1.000236433380697
10.500999999982197,1.0002364266026014
10.501999999982194,1.0002364201130398
10.502999999982192,1.0002364136844362
10.50399999998219,1.0002364070992933
10.504999999982187,1.000236400180869
10.505999999982185,1.000236392818119
10.506999999982183,1.0002363849813938
10.50799999998218,1.0002363767266989
10.508999999982178,1.0002363681879178
10.509999999982176,1.0002363595581014
10.510999999982173,1.0002363510624441
10.511999999982171,1.0002363429267582
10.512999999982169,1.000236335345865
10.513999999982166,1.0002363284563527
10.514999999982164,1.0002363223175275
10.515999999982162,1.000236316903225
10.51699999998216,1.0002363121056335
10.517999999982157,1.0002363077505836
10.518999999982155,1.0002363036221416
10.519999999982153,1.0002362994930596
10.52099999998215,1.0002362951567947
10.521999999982148,1.0002362904566027
10.522999999982146,1.0002362853076248
10.523999999982143,1.0002362797088609
10.52499999998214,1.0002362737433532
10.525999999982139,1.0002362675665557
10.526999999982136,1.0002362613845293
10.527999999982134,1.0002362554250297
10.528999999982132,1.0002362499055568
10.52999999998213,1.0002362450028641
10.530999999982127,1.000236240828199
10.531999999982125,1.0002362374117602
10.532999999982122,1.000236234698544
10.53399999998212,1.0002362325561576
10.534999999982118,1.000236230793498
10.535999999982115,1.0002362291876767
10.536999999982113,1.0002362275153944
10.53799999998211,1.000236225584372
10.538999999982108,1.0002362232604096
10.539999999982106,1.0002362204862705
10.540999999982104,1.0002362172897505
10.541999999982101,1.000236213779794
10.542999999982099,1.0002362101312123
10.543999999982097,1.0002362065601604
10.544999999982094,1.0002362032938201
10.545999999982092,1.0002362005385488
10.54699999998209,1.0002361984509742
10.547999999982087,1.0002361971160842
10.548999999982085,1.0002361965353934
10.549999999982083,1.0002361966268445
10.55099999998208,1.0002361972364526
10.551999999982078,1.0002361981600585
10.552999999982076,1.0002361991721225
10.553999999982073,1.000236200057508
10.554999999982071,1.000236200641797
10.555999999982069,1.0002362008158654
10.556999999982066,1.0002362005512748
10.557999999982064,1.0002361999043266
10.558999999982062,1.0002361990082078
10.55999999998206,1.0002361980543415
10.560999999982057,1.0002361972655531
10.561999999982055,1.0002361968648414
10.562999999982052,1.0002361970441265
10.56399999998205,1.0002361979373786
10.564999999982048,1.0002361996018974
10.565999999982045,1.0002362020103688
10.566999999982043,1.0002362050548117
10.56799999998204,1.0002362085618535
10.568999999982038,1.0002362123171722
10.569999999982036,1.0002362160956855
10.570999999982034,1.0002362196932264
10.571999999982031,1.0002362229552655
10.572999999982029,1.0002362257986515
10.573999999982027,1.0002362282233037
10.574999999982024,1.0002362303122314
10.575999999982022,1.000236232219868
10.57699999998202,1.0002362341503723
10.577999999982017,1.000236236328944
10.578999999982015,1.0002362389701944
10.579999999982013,1.0002362422480202
10.58099999998201,1.00023624627121
10.581999999982008,1.0002362510682017
10.582999999982006,1.0002362565831409
10.583999999982003,1.0002362626837704
10.584999999982001,1.0002362691800548
10.585999999981999,1.0002362758509111
10.586999999981996,1.0002362824752946
10.587999999981994,1.0002362888632708
10.588999999981992,1.0002362948827044
10.58999999998199,1.0002363004778192
10.590999999981987,1.0002363056770176
10.591999999981985,1.000236310588874
10.592999999981982,1.0002363153868632
10.59399999998198,1.0002363202849849
10.594999999981978,1.0002363255077114
10.595999999981975,1.0002363312584737
10.596999999981973,1.0002363376911263
10.59799999998197,1.000236344888385
10.598999999981968,1.0002363528502722
10.599999999981966,1.0002363614941834
10.600999999981964,1.000236370666573
10.601999999981961,1.0002363801645964
10.602999999981959,1.0002363897646809
10.603999999981957,1.000236399253997
10.604999999981954,1.0002364084604005
10.605999999981952,1.0002364172766505
10.60699999998195,1.0002364256754968
10.607999999981947,1.0002364337135239
10.608999999981945,1.000236441523216
10.609999999981943,1.0002364492943625
10.61099999998194,1.000236457247416
10.611999999981938,1.0002364656025504
10.612999999981936,1.0002364745487642
10.613999999981933,1.0002364842173768
10.614999999981931,1.0002364946636375
10.615999999981929,1.0002365058590275
10.616999999981926,1.0002365176953325
10.617999999981924,1.0002365299999048
10.618999999981922,1.0002365425599664
10.61999999998192,1.0002365551525332
10.620999999981917,1.000236567575754
10.621999999981915,1.000236579677267
10.622999999981912,1.0002365913755888
10.62399999998191,1.0002366026715335
10.624999999981908,1.000236613648061
10.625999999981905,1.0002366244585759
10.626999999981903,1.0002366353053282
10.6279999999819,1.0002366464109547
10.628999999981898,1.0002366579871647
10.629999999981896,1.0002366702049783
10.630999999981894,1.000236683170688
10.631999999981891,1.0002366969109284
10.63299999998189,1.0002367113689377
10.633999999981887,1.000236726412532
10.634999999981884,1.000236741852673
10.635999999981882,1.0002367574700133
10.63699999998188,1.0002367730456967
10.637999999981878,1.0002367883920744
10.638999999981875,1.0002368033790294
10.639999999981873,1.0002368179522065
10.64099999998187,1.0002368321405897
10.641999999981868,1.0002368460523667
10.642999999981866,1.000236859859668
10.643999999981864,1.0002368737743335
10.644999999981861,1.0002368880181174
10.645999999981859,1.000236902791512
10.646999999981857,1.000236918245576
10.647999999981854,1.0002369344607214
10.648999999981852,1.0002369514354343
10.64999999998185,1.000236969086511
10.650999999981847,1.000236987260779
10.651999999981845,1.0002370057566436
10.652999999981843,1.0002370243524354
10.65399999998184,1.0002370428375638
10.654999999981838,1.0002370610421019
10.655999999981836,1.0002370788606472
10.656999999981833,1.0002370962671032
10.657999999981831,1.000237113318313
10.658999999981829,1.0002371301460442
10.659999999981826,1.0002371469384477
10.660999999981824,1.0002371639135994
10.661999999981822,1.000237181288842
10.66299999998182,1.0002371992502437
10.663999999981817,1.0002372179264563
10.664999999981815,1.0002372373706485
10.665999999981812,1.0002372575530567
10.66699999998181,1.000237278365181
10.667999999981808,1.000237299635043
10.668999999981805,1.0002373211513436
10.669999999981803,1.0002373426931317
10.6709999999818,1.0002373640608146
10.671999999981798,1.0002373851041444
10.672999999981796,1.0002374057432637
10.673999999981794,1.0002374259798517
10.674999999981791,1.0002374458968
10.675999999981789,1.0002374656464752
10.676999999981787,1.0002374854292178
10.677999999981784,1.0002375054651027
10.678999999981782,1.000237525962939
10.67999999998178,1.0002375470908624
10.680999999981777,1.00023756895266
10.681999999981775,1.0002375915731372
10.682999999981773,1.0002376148945893
10.68399999998177,1.0002376387848608
10.684999999981768,1.0002376630558558
10.685999999981766,1.000237687489908
10.686999999981763,1.0002377118702885
10.687999999981761,1.0002377360115808
10.688999999981759,1.0002377597856393
10.689999999981756,1.0002377831394953
10.690999999981754,1.0002378061026906
10.691999999981752,1.0002378287830143
10.69299999998175,1.00023785135125
10.693999999981747,1.0002378740170843
10.694999999981745,1.000237896999563
10.695999999981742,1.0002379204962455
10.69699999998174,1.0002379446554002
10.697999999981738,1.0002379695551298
10.698999999981735,1.000237995192366
10.699999999981733,1.000238021483278
10.70099999998173,1.0002380482750288
10.701999999981728,1.000238075367226
10.702999999981726,1.00023810254005
10.703999999981724,1.0002381295851
10.704999999981721,1.0002381563346212
10.705999999981719,1.00023818268501
10.706999999981717,1.0002382086112946
10.707999999981714,1.000238234170565
10.708999999981712,1.0002382594938695
10.70999999998171,1.0002382847677278
10.710999999981707,1.0002383102078543
10.711999999981705,1.0002383360287814
10.712999999981703,1.000238362413664
10.7139999999817,1.0002383894884965
10.714999999981698,1.0002384173043724
10.715999999981696,1.0002384458302749
10.716999999981693,1.0002384749573991
10.717999999981691,1.000238504514404
10.718999999981689,1.000238534291432
10.719999999981686,1.0002385640695246
10.720999999981684,1.0002385936513025
10.721999999981682,1.0002386228885949
10.72299999998168,1.000238651703143
10.723999999981677,1.0002386800974727
10.724999999981675,1.0002387081544053
10.725999999981672,1.0002387360252785
10.72699999998167,1.0002387639085437
10.727999999981668,1.0002387920217413
10.728999999981665,1.00023882057081
10.729999999981663,1.0002388497210326
10.73099999998166,1.000238879573712
10.731999999981658,1.0002389101518396
10.732999999981656,1.00023894139677
10.733999999981654,1.0002389731763643
10.734999999981651,1.0002390053034511
10.735999999981649,1.000239037562013
10.736999999981647,1.000239069737418
10.737999999981644,1.000239101646449
10.738999999981642,1.0002391331629055
10.73999999998164,1.0002391642351887
10.740999999981637,1.000239194893394
10.741999999981635,1.0002392252449215
10.742999999981633,1.0002392554592328
10.74399999998163,1.000239285743894
10.744999999981628,1.000239316315284
10.745999999981626,1.0002393473680757
10.746999999981623,1.0002393790477875
10.747999999981621,1.0002394114302473
10.748999999981619,1.00023944451086
10.749999999981616,1.0002394782051791
10.750999999981614,1.000239512360704
10.751999999981612,1.0002395467782346
10.75299999998161,1.0002395812397842
10.753999999981607,1.0002396155391187
10.754999999981605,1.0002396495106347
10.755999999981602,1.000239683052515
10.7569999999816,1.0002397161409102
10.757999999981598,1.0002397488331645
10.758999999981596,1.0002397812596335
10.759999999981593,1.000239813605246
10.76099999998159,1.0002398460834026
10.761999999981589,1.000239878905883
10.762999999981586,1.000239912252988
10.763999999981584,1.000239946248111
10.764999999981582,1.000239980940319
10.76599999998158,1.0002400162973788
10.766999999981577,1.000240052210206
10.767999999981575,1.000240088508109
10.768999999981572,1.0002401249826705
10.76999999998157,1.0002401614169176
10.770999999981568,1.0002401976156763
10.771999999981565,1.0002402334328455
10.772999999981563,1.0002402687917653
10.77399999998156,1.0002403036958227
10.774999999981558,1.0002403382277916
10.775999999981556,1.000240372538025
10.776999999981554,1.0002404068231379
10.777999999981551,1.0002404412982058
10.778999999981549,1.0002404761663681
10.779999999981547,1.0002405115901307
10.780999999981544,1.0002405476683818
10.781999999981542,1.0002405844223603
10.78299999998154,1.0002406217925304
10.783999999981537,1.0002406596468076
10.784999999981535,1.000240697798966
10.785999999981533,1.0002407360346501
10.78699999998153,1.0002407741413306
10.787999999981528,1.0002408119379917
10.788999999981526,1.000240849300386
10.789999999981523,1.0002408861783005
10.790999999981521,1.0002409226024123
10.791999999981519,1.0002409586797776
10.792999999981516,1.000240994578593
10.793999999981514,1.000241030504379
10.794999999981512,1.00024106667093
10.79599999998151,1.0002411032701226
10.796999999981507,1.0002411404448153
10.797999999981505,1.0002411782686462
10.798999999981502,1.0002412167355679
10.7999999999815,1.0002412557605806
10.800999999981498,1.0002412951915685
10.801999999981495,1.000241334830557
10.802999999981493,1.0002413744614151
10.80399999998149,1.0002414138800957
10.804999999981488,1.0002414529231636
10.805999999981486,1.0002414914906077
10.806999999981484,1.0002415295597342
10.807999999981481,1.000241567188187
10.808999999981479,1.000241604505691
10.809999999981477,1.000241641695659
10.810999999981474,1.0002416789692723
10.811999999981472,1.0002417165356574
10.81299999998147,1.0002417545723665
10.813999999981467,1.0002417932002978
10.814999999981465,1.0002418324665898
10.815999999981463,1.0002418723378792
10.81699999998146,1.0002419127048765
10.817999999981458,1.000241953397598
10.818999999981456,1.0002419942091143
10.819999999981453,1.0002420349244727
10.820999999981451,1.0002420753507335
10.821999999981449,1.000242115343896
10.822999999981446,1.0002421548289377
10.823999999981444,1.000242193810151
10.824999999981442,1.0002422323703297
10.82599999998144,1.000242270658919
10.826999999981437,1.0002423088707957
10.827999999981435,1.000242347218677
10.828999999981432,1.0002423859030236
10.82999999998143,1.0002424250836826
10.830999999981428,1.000242464857249
10.831999999981425,1.0002425052433195
10.832999999981423,1.0002425461815665
10.83399999998142,1.0002425875400434
10.834999999981418,1.0002426291335385
10.835999999981416,1.0002426707494152
10.836999999981414,1.0002427121772928
10.837999999981411,1.0002427532384002
10.838999999981409,1.000242793810488
10.839999999981407,1.00024283384478
10.840999999981404,1.000242873372599
10.841999999981402,1.0002429125007377
10.8429999999814,1.0002429513962274
10.843999999981397,1.000242990262654
10.844999999981395,1.0002430293113544
10.845999999981393,1.000243068731542
10.84699999998139,1.0002431086635504
10.847999999981388,1.00024314917896
10.848999999981386,1.0002431902703932
10.849999999981383,1.0002432318524064
10.850999999981381,1.0002432737733593
10.851999999981379,1.0002433158365824
10.852999999981376,1.0002433578278669
10.853999999981374,1.0002433995454076
10.854999999981372,1.000243440827991
10.85599999998137,1.0002434815774728
10.856999999981367,1.0002435217723797
10.857999999981365,1.0002435614707375
10.858999999981362,1.0002436008017348
10.85999999998136,1.0002436399473855
10.860999999981358,1.000243679116779
10.861999999981355,1.0002437185165314
10.862999999981353,1.0002437583215935
10.86399999998135,1.0002437986505162
10.864999999981348,1.0002438395486497
10.865999999981346,1.0002438809816359
10.866999999981344,1.000243922840093
10.867999999981341,1.0002439649548478
10.86899999998134,1.000244007120542
10.869999999981337,1.0002440491243194
10.870999999981334,1.0002440907755406
10.871999999981332,1.0002441319323703
10.87299999998133,1.0002441725214928
10.873999999981327,1.0002442125481892
10.874999999981325,1.0002442520953676
10.875999999981323,1.0002442913116785
10.87699999998132,1.0002443303903912
10.877999999981318,1.0002443695420073
10.878999999981316,1.0002444089644635
10.879999999981314,1.0002444488151103
10.880999999981311,1.0002444891884053
10.881999999981309,1.0002445301024527
10.882999999981307,1.0002445714962733
10.883999999981304,1.0002446132381788
10.884999999981302,1.00024465514408
10.8859999999813,1.0002446970031504
10.886999999981297,1.0002447386072366
10.887999999981295,1.0002447797798897
10.888999999981293,1.0002448204009318
10.88999999998129,1.0002448604231058
10.890999999981288,1.000244899878476
10.891999999981286,1.0002449388736805
10.892999999981283,1.0002449775747106
10.89399999998128,1.000245016183363
10.894999999981279,1.000245054908674
10.895999999981276,1.0002450939373597
10.896999999981274,1.000245133407398
10.897999999981272,1.0002451733884776
10.89899999998127,1.0002452138720441
10.899999999981267,1.0002452547723528
10.900999999981265,1.0002452959383672
10.901999999981262,1.0002453371748323
10.90299999998126,1.0002453782695557
10.903999999981258,1.0002454190230605
10.904999999981255,1.000245459276439
10.905999999981253,1.0002454989334941
10.90699999998125,1.0002455379740667
10.907999999981248,1.0002455764566711
10.908999999981246,1.000245614510081
10.909999999981244,1.0002456523150511
10.910999999981241,1.000245690078733
10.911999999981239,1.0002457280054007
10.912999999981237,1.0002457662675783
10.913999999981234,1.000245804981644
10.914999999981232,1.0002458441913311
10.91599999998123,1.0002458838614419
10.916999999981227,1.0002459238826489
10.917999999981225,1.0002459640867147
10.918999999981223,1.000246004269967
10.91999999998122,1.0002460442217391
10.920999999981218,1.0002460837537843
10.921999999981216,1.0002461227265205
10.922999999981213,1.000246161068429
10.923999999981211,1.0002461987858815
10.924999999981209,1.0002462359620166
10.925999999981206,1.0002462727448205
10.926999999981204,1.0002463093261043
10.927999999981202,1.0002463459143207
10.9289999999812,1.0002463827050558
10.929999999981197,1.0002464198533416
10.930999999981195,1.0002464574516785
10.931999999981192,1.0002464955168506
10.93299999998119,1.000246533987383
10.933999999981188,1.0002465727319907
10.934999999981185,1.0002466115678321
10.935999999981183,1.000246650286
10.93699999998118,1.000246688680669
10.937999999981178,1.0002467265778023
10.938999999981176,1.0002467638593853
10.939999999981174,1.0002468004797775
10.940999999981171,1.0002468364718922
10.941999999981169,1.0002468719423365
10.942999999981167,1.0002469070562021
10.943999999981164,1.0002469420136515
10.944999999981162,1.0002469770215943
10.94599999998116,1.000247012264426
10.946999999981157,1.0002470478779515
10.947999999981155,1.0002470839301438
10.948999999981153,1.0002471204114445
10.94999999998115,1.0002471572359608
10.950999999981148,1.0002471942533986
10.951999999981146,1.0002472312700388
10.952999999981143,1.0002472680758148
10.953999999981141,1.0002473044736744
10.954999999981139,1.0002473403071062
10.955999999981136,1.000247375481957
10.956999999981134,1.000247409979481
10.957999999981132,1.000247443858792
10.95899999998113,1.0002474772483823
10.959999999981127,1.0002475103278874
10.960999999981125,1.000247543302687
10.961999999981122,1.0002475763748835
10.96299999998112,1.0002476097147537
10.963999999981118,1.0002476434366847
10.964999999981115,1.0002476775829676
10.965999999981113,1.0002477121177296
10.96699999998111,1.0002477469318478
10.967999999981108,1.0002477818581512
10.968999999981106,1.0002478166947675
10.969999999981104,1.000247851233326
10.970999999981101,1.000247885288064
10.971999999981099,1.000247918721744
10.972999999981097,1.0002479514647384
10.973999999981094,1.0002479835246114
10.974999999981092,1.0002480149848463
10.97599999998109,1.0002480459929
10.976999999981087,1.0002480767392725
10.977999999981085,1.00024810743053
10.978999999981083,1.0002481382600807
10.97999999998108,1.0002481693808178
10.980999999981078,1.0002482008834581
10.981999999981076,1.0002482327836355
10.982999999981073,1.0002482650195343
10.983999999981071,1.0002482974604125
10.984999999981069,1.0002483299248
10.985999999981066,1.0002483622058187
10.986999999981064,1.0002483941000644
10.987999999981062,1.0002484254360013
10.98899999998106,1.0002484560978662
10.989999999981057,1.0002484860417262
10.990999999981055,1.0002485153014478
10.991999999981052,1.0002485439837225
10.99299999998105,1.0002485722528758
10.993999999981048,1.0002486003075848
10.994999999981045,1.00024862835279
10.995999999981043,1.0002486565707376
10.99699999998104,1.0002486850952315
10.997999999981038,1.0002487139926985
10.998999999981036,1.0002487432527325
10.999999999981034,1.00024877278944
11.000999999981032,1.0002488024533975
11.00199999998103,1.0002488320525342
11.002999999981027,1.0002488613790055
11.003999999981025,1.0002488902382716
11.004999999981022,1.0002489184762982
11.00599999998102,1.0002489460010577
11.006999999981018,1.0002489727953072
11.007999999981015,1.0002489989188623
11.008999999981013,1.0002490245000428
11.00999999998101,1.0002490497175038
11.010999999981008,1.0002490747749937
11.011999999981006,1.0002490998726001
11.012999999981004,1.0002491251785175
11.013999999981001,1.0002491508053024
11.014999999980999,1.0002491767939614
11.015999999980997,1.0002492031080925
11.016999999980994,1.000249229638909
11.017999999980992,1.0002492562204226
11.01899999998099,1.000249282652659
11.019999999980987,1.0002493087296285
11.020999999980985,1.00024933426813
11.021999999980983,1.0002493591333417
11.02299999998098,1.000249383257604
11.023999999980978,1.000249406649758
11.024999999980976,1.0002494293937287
11.025999999980973,1.000249451636554
11.026999999980971,1.0002494735675507
11.027999999980969,1.000249495391536
11.028999999980966,1.000249517299891
11.029999999980964,1.0002495394435218
11.030999999980962,1.0002495619115153
11.03199999998096,1.0002495847184936
11.032999999980957,1.0002496078024363
11.033999999980955,1.0002496310332603
11.034999999980952,1.000249654230964
11.03599999998095,1.0002496771907807
11.036999999980948,1.000249699711803
11.037999999980945,1.0002497216250603
11.038999999980943,1.000249742817103
11.03999999998094,1.0002497632457765
11.040999999980938,1.0002497829459738
11.041999999980936,1.0002498020245643
11.042999999980934,1.0002498206452128
11.043999999980931,1.0002498390052315
11.044999999980929,1.0002498573077225
11.045999999980927,1.0002498757329226
11.046999999980924,1.000249894412774
11.047999999980922,1.0002499134122937
11.04899999998092,1.0002499327203556
11.049999999980917,1.0002499522511792
11.050999999980915,1.0002499718563094
11.051999999980913,1.000249991345406
11.05299999998091,1.0002500105129144
11.053999999980908,1.0002500291668641
11.054999999980906,1.0002500471557516
11.055999999980903,1.000250064389727
11.056999999980901,1.0002500808531098
11.057999999980899,1.0002500966064853
11.058999999980896,1.0002501117780886
11.059999999980894,1.0002501265456867
11.060999999980892,1.0002501411115101
11.06199999998089,1.0002501556737529
11.062999999980887,1.000250170398651
11.063999999980885,1.0002501853970596
11.064999999980882,1.0002502007088185
11.06599999998088,1.0002502162971074
11.066999999980878,1.000250232053568
11.067999999980875,1.0002502478134756
11.068999999980873,1.0002502633788173
11.06999999998087,1.0002502785460345
11.070999999980868,1.00025029313453
11.071999999980866,1.0002503070119386
11.072999999980864,1.0002503201126087
11.073999999980861,1.0002503324467074
11.074999999980859,1.0002503440986619
11.075999999980857,1.0002503552151663
11.076999999980854,1.0002503659844413
11.077999999980852,1.0002503766096569
11.07899999998085,1.0002503872802748
11.079999999980847,1.000250398145325
11.080999999980845,1.000250409292372
11.081999999980843,1.0002504207351322
11.08299999998084,1.0002504324114656
11.083999999980838,1.0002504441920228
11.084999999980836,1.000250455898331
11.085999999980833,1.0002504673277808
11.086999999980831,1.0002504782819928
11.087999999980829,1.0002504885945884
11.088999999980826,1.000250498154458
11.089999999980824,1.0002505069212528
11.090999999980822,1.000250514930935
11.09199999998082,1.0002505222905995
11.092999999980817,1.0002505291633144
11.093999999980815,1.0002505357451035
11.094999999980812,1.0002505422373213
11.09599999998081,1.0002505488182856
11.096999999980808,1.000250555618174
11.097999999980805,1.0002505627006848
11.098999999980803,1.0002505700540536
11.0999999999808,1.0002505775926802
11.100999999980798,1.0002505851691326
11.101999999980796,1.0002505925948386
11.102999999980794,1.000250599666558
11.103999999980791,1.0002506061949075
11.10499999998079,1.0002506120309236
11.105999999980787,1.000250617086946
11.106999999980784,1.0002506213488738
11.107999999980782,1.0002506248780907
11.10899999998078,1.0002506278027838
11.109999999980777,1.0002506302998884
11.110999999980775,1.0002506325701805
11.111999999980773,1.0002506348100348
11.11299999998077,1.000250637183809
11.113999999980768,1.000250639800731
11.114999999980766,1.0002506426995472
11.115999999980763,1.0002506458430784
11.116999999980761,1.0002506491234435
11.117999999980759,1.0002506523772114
11.118999999980756,1.0002506554083497
11.119999999980754,1.000250658015736
11.120999999980752,1.000250660021376
11.12199999998075,1.0002506612953557
11.122999999980747,1.0002506617740305
11.123999999980745,1.000250661468898
11.124999999980743,1.0002506604649049
11.12599999998074,1.0002506589084295
11.126999999980738,1.0002506569866367
11.127999999980736,1.0002506549011028
11.128999999980733,1.0002506528394288
11.12999999998073,1.000250650948829
11.130999999980729,1.0002506493154069
11.131999999980726,1.0002506479520223
11.132999999980724,1.0002506467964563
11.133999999980722,1.0002506457201168
11.13499999998072,1.000250644546073
11.135999999980717,1.0002506430738685
11.136999999980715,1.000250641107639
11.137999999980712,1.0002506384835819
11.13899999998071,1.0002506350929066
11.139999999980708,1.0002506308970573
11.140999999980705,1.0002506259330552
11.141999999980703,1.0002506203082284
11.1429999999807,1.0002506141850656
11.143999999980698,1.000250607758332
11.144999999980696,1.0002506012276704
11.145999999980694,1.0002505947695268
11.146999999980691,1.0002505885123552
11.147999999980689,1.0002505825185763
11.148999999980687,1.0002505767758185
11.149999999980684,1.0002505711986793
11.150999999980682,1.0002505656407534
11.15199999998068,1.000250559915228
11.152999999980677,1.000250553821157
11.153999999980675,1.000250547171711
11.154999999980673,1.0002505398204353
11.15599999998067,1.0002505316818258
11.156999999980668,1.0002505227433327
11.157999999980666,1.0002505130671204
11.158999999980663,1.0002505027813253
11.159999999980661,1.000250492062054
11.160999999980659,1.000250481108646
11.161999999980656,1.0002504701156807
11.162999999980654,1.0002504592456647
11.163999999980652,1.000250448606227
11.16499999998065,1.0002504382350415
11.165999999980647,1.0002504280945803
11.166999999980645,1.0002504180774356
11.167999999980642,1.0002504080214547
11.16899999998064,1.000250397732557
11.169999999980638,1.0002503870120174
11.170999999980635,1.0002503756843968
11.171999999980633,1.0002503636221844
11.17299999998063,1.0002503507636982
11.173999999980628,1.0002503371217277
11.174999999980626,1.0002503227817103
11.175999999980624,1.0002503078896932
11.176999999980621,1.0002502926317813
11.177999999980619,1.0002502772079604
11.178999999980617,1.0002502618039824
11.179999999980614,1.0002502465652598
11.180999999980612,1.0002502315764426
11.18199999998061,1.0002502168495366
11.182999999980607,1.0002502023222348
11.183999999980605,1.0002501878666834
11.184999999980603,1.000250173307455
11.1859999999806,1.0002501584462002
11.186999999980598,1.0002501430895165
11.187999999980596,1.0002501270761128
11.188999999980593,1.0002501102994592
11.189999999980591,1.0002500927227342
11.190999999980589,1.0002500743839726
11.191999999980586,1.0002500553906968
11.192999999980584,1.00025003590479
11.193999999980582,1.0002500161197445
11.19499999998058,1.000249996233484
11.195999999980577,1.0002499764205801
11.196999999980575,1.0002499568077639
11.197999999980572,1.0002499374561677
11.19899999998057,1.0002499183527982
11.199999999980568,1.000249899412424
11.200999999980565,1.000249880489627
11.201999999980563,1.0002498613993003
11.20299999998056,1.0002498419427288
11.203999999980558,1.0002498219355682
11.204999999980556,1.0002498012337981
11.205999999980554,1.0002497797539982
11.206999999980551,1.000249757485107
11.207999999980549,1.0002497344900119
11.208999999980547,1.000249710896751
11.209999999980544,1.000249686880569
11.210999999980542,1.0002496626393442
11.21199999998054,1.0002496383658457
11.212999999980537,1.0002496142207107
11.213999999980535,1.0002495903099533
11.214999999980533,1.000249566670152
11.21599999998053,1.000249543263399
11.216999999980528,1.000249519982717
11.217999999980526,1.0002494966671756
11.218999999980523,1.0002494731245757
11.219999999980521,1.0002494491585139
11.220999999980519,1.0002494245960243
11.221999999980516,1.0002493993119155
11.222999999980514,1.000249373246387
11.223999999980512,1.000249346413448
11.22499999998051,1.0002493188989632
11.225999999980507,1.0002492908485952
11.226999999980505,1.0002492624473482
11.227999999980502,1.000249233893585
11.2289999999805,1.0002492053711798
11.229999999980498,1.000249177023717
11.230999999980495,1.000249148934363
11.231999999980493,1.0002491211142341
11.23299999998049,1.0002490935008879
11.233999999980488,1.0002490659671492
11.234999999980486,1.0002490383390241
11.235999999980484,1.0002490104201898
11.236999999980481,1.0002489820196143
11.23799999998048,1.000248952978428
11.238999999980477,1.0002489231922702
11.239999999980474,1.000248892625967
11.240999999980472,1.000248861318488
11.24199999998047,1.0002488293774812
11.242999999980468,1.0002487969641676
11.243999999980465,1.0002487642707172
11.244999999980463,1.0002487314932964
11.24599999998046,1.0002486988045645
11.246999999980458,1.0002486663294905
11.247999999980456,1.0002486341278807
11.248999999980454,1.0002486021860688
11.249999999980451,1.0002485704189361
11.250999999980449,1.0002485386819777
11.251999999980447,1.0002485067917122
11.252999999980444,1.0002484745515623
11.253999999980442,1.0002484417795718
11.25499999998044,1.0002484083340533
11.255999999980437,1.0002483741335757
11.256999999980435,1.0002483391684736
11.257999999980433,1.0002483035022747
11.25899999998043,1.000248267262848
11.259999999980428,1.0002482306245153
11.260999999980426,1.0002481937836418
11.261999999980423,1.0002481569311361
11.262999999980421,1.0002481202257258
11.263999999980419,1.000248083771764
11.264999999980416,1.0002480476046807
11.265999999980414,1.000248011686128
11.266999999980412,1.0002479759094876
11.26799999998041,1.000247940114969
11.268999999980407,1.0002479041121635
11.269999999980405,1.000247867706889
11.270999999980402,1.0002478307285485
11.2719999999804,1.000247793054167
11.272999999980398,1.0002477546257234
11.273999999980395,1.0002477154583547
11.274999999980393,1.0002476756382683
11.27599999998039,1.0002476353106693
11.276999999980388,1.0002475946593978
11.277999999980386,1.000247553881137
11.278999999980384,1.000247513157833
11.279999999980381,1.0002474726311907
11.280999999980379,1.0002474323828414
11.281999999980377,1.0002473924229496
11.282999999980374,1.0002473526888698
11.283999999980372,1.000247313054024
11.28499999998037,1.0002472733457626
11.285999999980367,1.0002472333696901
11.286999999980365,1.0002471929370405
11.287999999980363,1.0002471518912563
11.28899999998036,1.0002471101300385
11.289999999980358,1.0002470676197617
11.290999999980356,1.0002470244002353
11.291999999980353,1.0002469805791505
11.292999999980351,1.0002469363169921
11.293999999980349,1.0002468918045442
11.294999999980346,1.0002468472361576
11.295999999980344,1.0002468027825255
11.296999999980342,1.000246758566801
11.29799999998034,1.0002467146474028
11.298999999980337,1.0002466710099256
11.299999999980335,1.0002466275692863
11.300999999980332,1.000246584181809
11.30199999998033,1.0002465406655388
11.302999999980328,1.0002464968259333
11.303999999980325,1.0002464524833155
11.304999999980323,1.0002464074982242
11.30599999998032,1.0002463617911097
11.306999999980318,1.000246315353601
11.307999999980316,1.0002462682497772
11.308999999980314,1.0002462206072564
11.309999999980311,1.0002461725993654
11.310999999980309,1.0002461244208916
11.311999999980307,1.0002460762608265
11.312999999980304,1.000246028275932
11.313999999980302,1.0002459805688402
11.3149999999803,1.00024593317377
11.315999999980297,1.0002458860518613
11.316999999980295,1.0002458390967743
11.317999999980293,1.0002457921497672
11.31899999998029,1.0002457450221218
11.319999999980288,1.000245697521771
11.320999999980286,1.0002456494803784
11.321999999980283,1.0002456007770761
11.322999999980281,1.0002455513555208
11.323999999980279,1.0002455012318785
11.324999999980276,1.000245450492613
11.325999999980274,1.000245399282395
11.326999999980272,1.00024534778383
11.32799999998027,1.0002452961918615
11.328999999980267,1.0002452446864487
11.329999999980265,1.000245193407362
11.330999999980262,1.0002451424346344
11.33199999998026,1.0002450917774142
11.332999999980258,1.0002450413727764
11.333999999980255,1.0002449910946583
11.334999999980253,1.00024494077166
11.33599999998025,1.0002448902112127
11.336999999980248,1.0002448392267094
11.337999999980246,1.0002447876638
11.338999999980244,1.0002447354221433
11.339999999980241,1.000244682469561
11.340999999980239,1.0002446288466127
11.341999999980237,1.0002445746609498
11.342999999980234,1.000244520072249
11.343999999980232,1.0002444652698443
11.34499999998023,1.0002444104462107
11.345999999980227,1.0002443557700198
11.346999999980225,1.000244301362552
11.347999999980223,1.0002442472807789
11.34899999998022,1.0002441935094875
11.349999999980218,1.0002441399635549
11.350999999980216,1.0002440865000477
11.351999999980213,1.0002440329384457
11.352999999980211,1.0002439790861422
11.353999999980209,1.0002439247656356
11.354999999980206,1.0002438698395888
11.355999999980204,1.0002438142302323
11.356999999980202,1.0002437579303998
11.3579999999802,1.000243701004635
11.358999999980197,1.0002436435802302
11.359999999980195,1.0002435858294514
11.360999999980192,1.0002435279454494
11.36199999998019,1.000243470115243
11.362999999980188,1.000243412493574
11.363999999980186,1.0002433551813004
11.364999999980183,1.0002432982113694
11.36599999998018,1.0002432415443412
11.366999999980179,1.0002431850740785
11.367999999980176,1.000243128642803
11.368999999980174,1.0002430720633977
11.369999999980172,1.0002430151458122
11.37099999998017,1.0002429577238736
11.371999999980167,1.0002428996787243
11.372999999980165,1.0002428409556061
11.373999999980162,1.0002427815716293
11.37499999998016,1.0002427216134377
11.375999999980158,1.0002426612251
11.376999999980155,1.0002426005879281
11.377999999980153,1.0002425398950707
11.37899999998015,1.0002424793244524
11.379999999980148,1.0002424190138577
11.380999999980146,1.0002423590416711
11.381999999980144,1.0002422994159652
11.382999999980141,1.0002422400734698
11.383999999980139,1.000242180888562
11.384999999980137,1.000242121691011
11.385999999980134,1.0002420622899846
11.386999999980132,1.000242002500947
11.38799999998013,1.0002419421716626
11.388999999980127,1.0002418812036575
11.389999999980125,1.000241819566117
11.390999999980123,1.0002417573002744
11.39199999998012,1.0002416945136752
11.392999999980118,1.0002416313651266
11.393999999980116,1.000241568042462
11.394999999980113,1.0002415047362354
11.395999999980111,1.0002414416130518
11.396999999980109,1.0002413787922733
11.397999999980106,1.0002413163293737
11.398999999980104,1.0002412542082786
11.399999999980102,1.0002411923437609
11.4009999999801,1.00024113059356
11.401999999980097,1.0002410687785108
11.402999999980095,1.0002410067078593
11.403999999980092,1.0002409442061964
11.40499999998009,1.0002408811382208
11.405999999980088,1.0002408174278667
11.406999999980085,1.000240753069096
11.407999999980083,1.000240688126851
11.40899999998008,1.0002406227280407
11.409999999980078,1.000240557043819
11.410999999980076,1.0002404912656568
11.411999999980074,1.0002404255785622
11.412999999980071,1.0002403601352177
11.413999999980069,1.0002402950346643
11.414999999980067,1.0002402303085338
11.415999999980064,1.0002401659167548
11.416999999980062,1.0002401017533311
11.41799999998006,1.0002400376613836
11.418999999980057,1.00023997345532
11.419999999980055,1.0002399089470335
11.420999999980053,1.000239843972434
11.42199999998005,1.0002397784146
11.422999999980048,1.0002397122202857
11.423999999980046,1.0002396454074836
11.424999999980043,1.0002395780629605
11.425999999980041,1.0002395103301334
11.426999999980039,1.0002394423889813
11.427999999980036,1.0002393744308251
11.428999999980034,1.0002393066315185
11.429999999980032,1.0002392391268284
11.43099999998003,1.0002391719934536
11.431999999980027,1.0002391052383501
11.432999999980025,1.000239038797855
11.433999999980022,1.0002389725467302
11.43499999998002,1.0002389063158506
11.435999999980018,1.0002388399160567
11.436999999980015,1.0002387731648108
11.437999999980013,1.0002387059119224
11.43899999998001,1.0002386380607193
11.439999999980008,1.0002385695816898
11.440999999980006,1.0002385005166874
11.441999999980004,1.0002384309731038
11.442999999980001,1.0002383611088421
11.443999999979999,1.0002382911102012
11.444999999979997,1.000238221165786
11.445999999979994,1.0002381514401089
11.446999999979992,1.000238082050586
11.44799999997999,1.000238013051164
11.448999999979987,1.0002379444248684
11.449999999979985,1.0002378760863242
11.450999999979983,1.0002378078938927
11.45199999997998,1.0002377396697093
11.452999999979978,1.0002376712248113
11.453999999979976,1.0002376023858184
11.454999999979973,1.0002375330194069
11.455999999979971,1.0002374630511566
11.456999999979969,1.0002373924761065
11.457999999979966,1.000237321359555
11.458999999979964,1.0002372498279912
11.459999999979962,1.000237178051429
11.46099999997996,1.0002371062196362
11.461999999979957,1.0002370345155893
11.462999999979955,1.0002369630898917
11.463999999979952,1.000236892039747
11.46499999997995,1.000236821395443
11.465999999979948,1.0002367511162433
11.466999999979945,1.000236681096257
11.467999999979943,1.0002366111794556
11.46899999997994,1.0002365411817227
11.469999999979938,1.0002364709168385
11.470999999979936,1.000236400222746
11.471999999979934,1.000236328984405
11.472999999979931,1.0002362571500372
11.47399999997993,1.0002361847384738
11.474999999979927,1.0002361118365732
11.475999999979924,1.000236038587074
11.476999999979922,1.0002359651686035
11.47799999997992,1.000235891770636
11.478999999979917,1.0002358185669438
11.479999999979915,1.0002357456912614
11.480999999979913,1.0002356732185858
11.48199999997991,1.0002356011547333
11.482999999979908,1.0002355294356204
11.483999999979906,1.0002354579363584
11.484999999979904,1.0002353864888882
11.485999999979901,1.0002353149056764
11.486999999979899,1.0002352430061388
11.487999999979897,1.0002351706420833
11.488999999979894,1.0002350977185954
11.489999999979892,1.0002350242074298
11.49099999997989,1.0002349501510281
11.491999999979887,1.000234875656606
11.492999999979885,1.0002348008811428
11.493999999979883,1.0002347260093916
11.49499999997988,1.0002346512280007
11.495999999979878,1.000234576699382
11.496999999979876,1.0002345025389987
11.497999999979873,1.0002344287992553
11.49899999997987,1.0002343554622593
11.499999999979869,1.0002342824424648
11.500999999979866,1.0002342095988233
11.501999999979864,1.000234136754734
11.502999999979862,1.000234063722988
11.50399999997986,1.0002339903321933
11.504999999979857,1.000233916450966
11.505999999979855,1.0002338420064956
11.506999999979852,1.0002337669948704
11.50799999997985,1.0002336914817216
11.508999999979848,1.000233615593103
11.509999999979845,1.0002335394978807
11.510999999979843,1.0002334633841126
11.51199999997984,1.000233387432741
11.512999999979838,1.0002333117922895
11.513999999979836,1.0002332365581175
11.514999999979834,1.0002331617591622
11.515999999979831,1.000233087354008
11.516999999979829,1.000233013236845
11.517999999979827,1.0002329392524691
11.518999999979824,1.0002328652182109
11.519999999979822,1.0002327909497037
11.52099999997982,1.0002327162868871
11.521999999979817,1.0002326411165732
11.522999999979815,1.000232565388423
11.523999999979813,1.000232489122087
11.52499999997981,1.0002324124044981
11.525999999979808,1.0002323353777118
11.526999999979806,1.0002322582189975
11.527999999979803,1.000232181115987
11.528999999979801,1.0002321042403728
11.529999999979799,1.0002320277238588
11.530999999979796,1.0002319516397375
11.531999999979794,1.000231875992681
11.532999999979792,1.0002318007181712
11.53399999997979,1.000231725691651
11.534999999979787,1.0002316507461062
11.535999999979785,1.0002315756956
11.536999999979782,1.000231500361473
11.53799999997978,1.0002314245975048
11.538999999979778,1.0002313483105134
11.539999999979775,1.0002312714734989
11.540999999979773,1.0002311941294764
11.54199999997977,1.0002311163854785
11.542999999979768,1.0002310383975592
11.543999999979766,1.0002309603489299
11.544999999979764,1.0002308824242871
11.545999999979761,1.0002308047839492
11.546999999979759,1.0002307275414282
11.547999999979757,1.0002306507475895
11.548999999979754,1.000230574383619
11.549999999979752,1.000230498363788
11.55099999997975,1.0002304225476226
11.551999999979747,1.0002303467597664
11.552999999979745,1.0002302708147388
11.553999999979743,1.0002301945431122
11.55499999997974,1.0002301178154192
11.555999999979738,1.00023004056044
11.556999999979736,1.0002299627752973
11.557999999979733,1.0002298845259467
11.558999999979731,1.000229805938005
11.559999999979729,1.0002297271791927
11.560999999979726,1.0002296484358668
11.561999999979724,1.0002295698869452
11.562999999979722,1.0002294916788783
11.56399999997972,1.00022941390519
11.564999999979717,1.0002293365934667
11.565999999979715,1.0002292597016105
11.566999999979712,1.000229183123884
11.56799999997971,1.0002291067058953
11.568999999979708,1.0002290302663983
11.569999999979705,1.0002289536228617
11.570999999979703,1.0002288766171996
11.5719999999797,1.000228799138057
11.572999999979698,1.0002287211365197
11.573999999979696,1.000228642633046
11.574999999979694,1.0002285637146417
11.575999999979691,1.000228484522679
11.576999999979689,1.0002284052330797
11.577999999979687,1.000228326031641
11.578999999979684,1.000228247087988
11.579999999979682,1.0002281685318037
11.58099999997968,1.000228090434685
11.581999999979677,1.0002280128001606
11.582999999979675,1.0002279355632753
11.583999999979673,1.0002278585997961
11.58499999997967,1.000227781743734
11.585999999979668,1.0002277048107364
11.586999999979666,1.000227627624048
11.587999999979663,1.0002275500394
11.588999999979661,1.000227471965328
11.589999999979659,1.0002273933760644
11.590999999979656,1.0002273143151947
11.591999999979654,1.0002272348895656
11.592999999979652,1.000227155254312
11.59399999997965,1.000227075591113
11.594999999979647,1.0002269960827255
11.595999999979645,1.0002269168873874
11.596999999979642,1.0002268381166708
11.59799999997964,1.0002267598199082
11.598999999979638,1.0002266819773649
11.599999999979635,1.0002266045031254
11.600999999979633,1.000226527257282
11.60199999997963,1.0002264500657059
11.602999999979628,1.00022637274463
11.603999999979626,1.0002262951265715
11.604999999979624,1.0002262170839622
11.605999999979622,1.0002261385471585
11.60699999997962,1.0002260595143075
11.607999999979617,1.0002259800516886
11.608999999979615,1.000225900284482
11.609999999979612,1.00022582037927
11.61099999997961,1.0002257405207193
11.611999999979608,1.0002256608857365
11.612999999979605,1.0002255816187111
11.613999999979603,1.0002255028113425
11.6149999999796,1.0002254244898712
11.615999999979598,1.0002253466115165
11.616999999979596,1.0002252690706093
11.617999999979594,1.000225191713555
11.618999999979591,1.0002251143605196
11.619999999979589,1.0002250368307866
11.620999999979587,1.0002249589682273
11.621999999979584,1.0002248806633027
11.622999999979582,1.0002248018685105
11.62399999997958,1.0002247226051104
11.624999999979577,1.0002246429601775
11.625999999979575,1.000224563074405
11.626999999979573,1.0002244831223746
11.62799999997957,1.0002244032880612
11.628999999979568,1.0002243237390331
11.629999999979566,1.000224244602966
11.630999999979563,1.0002241659497666
11.631999999979561,1.0002240877818247
11.632999999979559,1.0002240100337467
11.633999999979556,1.0002239325816127
11.634999999979554,1.0002238552604503
11.635999999979552,1.0002237778874703
11.63699999997955,1.000223700287803
11.637999999979547,1.0002236223191125
11.638999999979545,1.0002235438916354
11.639999999979542,1.0002234649808257
11.64099999997954,1.0002233856308287
11.641999999979538,1.0002233059483054
11.642999999979535,1.0002232260874757
11.643999999979533,1.0002231462284934
11.64499999997953,1.000223066552188
11.645999999979528,1.0002229872147257
11.646999999979526,1.00022290832575
11.647999999979524,1.0002228299330649
11.648999999979521,1.0002227520160163
11.649999999979519,1.0002226744884977
11.650999999979517,1.0002225972111531
11.651999999979514,1.0002225200110693
11.652999999979512,1.00022244270617
11.65399999997951,1.0002223651308975
11.654999999979507,1.0002222871595632
11.655999999979505,1.0002222087240809
11.656999999979503,1.0002221298236105
11.6579999999795,1.0002220505247457
11.658999999979498,1.0002219709522295
11.659999999979496,1.000221891271509
11.660999999979493,1.000221811665569
11.661999999979491,1.0002217323093128
11.662999999979489,1.0002216533450792
11.663999999979486,1.0002215748627468
11.664999999979484,1.0002214968872147
11.665999999979482,1.0002214193750176
11.66699999997948,1.0002213422205433
11.667999999979477,1.0002212652709823
11.668999999979475,1.0002211883478913
11.669999999979472,1.000221111272347
11.67099999997947,1.0002210338901536
11.671999999979468,1.0002209560935669
11.672999999979465,1.0002208778364778
11.673999999979463,1.0002207991409318
11.67499999997946,1.0002207200940667
11.675999999979458,1.000220640835894
11.676999999979456,1.0002205615396553
11.677999999979454,1.0002204823875114
11.678999999979451,1.000220403544981
11.679999999979449,1.0002203251377375
11.680999999979447,1.000220247234002
11.681999999979444,1.0002201698350237
11.682999999979442,1.0002200928749632
11.68399999997944,1.0002200162302022
11.684999999979437,1.0002199397367642
11.685999999979435,1.0002198632134018
11.686999999979433,1.000219786487104
11.68799999997943,1.0002197094174423
11.688999999979428,1.0002196319163303
11.689999999979426,1.0002195539604213
11.690999999979423,1.000219475594407
11.691999999979421,1.0002193969247528
11.692999999979419,1.0002193181047592
11.693999999979416,1.0002192393130553
11.694999999979414,1.000219160728547
11.695999999979412,1.000219082505335
11.69699999997941,1.0002190047511361
11.697999999979407,1.0002189275122269
11.698999999979405,1.0002188507670284
11.699999999979402,1.0002187744292301
11.7009999999794,1.0002186983600143
11.701999999979398,1.0002186223876555
11.702999999979395,1.000218546331744
11.703999999979393,1.0002184700286176
11.70499999997939,1.0002183933544369
11.705999999979388,1.0002183162426486
11.706999999979386,1.000218238693402
11.707999999979384,1.0002181607735874
11.708999999979381,1.0002180826075007
11.70999999997938,1.0002180043594486
11.710999999979377,1.000217926210732
11.711999999979374,1.0002178483342528
11.712999999979372,1.0002177708703022
11.71399999997937,1.0002176939069387
11.714999999979367,1.0002176174677169
11.715999999979365,1.0002175415084746
11.716999999979363,1.000217465923644
11.71799999997936,1.0002173905611773
11.718999999979358,1.0002173152439946
11.719999999979356,1.0002172397949334
11.720999999979353,1.0002171640617001
11.721999999979351,1.000217087938311
11.722999999979349,1.0002170113800217
11.723999999979346,1.0002169344096403
11.724999999979344,1.0002168571143473
11.725999999979342,1.000216779633461
11.72699999997934,1.0002167021388775
11.727999999979337,1.0002166248109383
11.728999999979335,1.000216547813115
11.729999999979333,1.0002164712690758
11.73099999997933,1.000216395245356
11.731999999979328,1.0002163197420555
11.732999999979326,1.0002162446928757
11.733999999979323,1.000216169974479
11.73499999997932,1.0002160954238597
11.735999999979319,1.0002160208612787
11.736999999979316,1.0002159461155502
11.737999999979314,1.0002158710481157
11.738999999979312,1.0002157955725302
11.73999999997931,1.000215719666616
11.740999999979307,1.0002156433755847
11.741999999979305,1.0002155668056867
11.742999999979302,1.0002154901092901
11.7439999999793,1.0002154134634926
11.744999999979298,1.0002153370452707
11.745999999979295,1.0002152610066584
11.746999999979293,1.000215185453443
11.74799999997929,1.0002151104303671
11.748999999979288,1.0002150359149171
11.749999999979286,1.0002149618205614
11.750999999979284,1.0002148880089943
11.751999999979281,1.000214814309649
11.752999999979279,1.0002147405437443
11.753999999979277,1.0002146665494764
11.754999999979274,1.0002145922048145
11.755999999979272,1.0002145174447017
11.75699999997927,1.0002144422702428
11.757999999979267,1.0002143667485988
11.758999999979265,1.000214291003597
11.759999999979263,1.0002142151983893
11.76099999997926,1.0002141395125856
11.761999999979258,1.0002140641170825
11.762999999979256,1.0002139891501176
11.763999999979253,1.0002139146979268
11.764999999979251,1.0002138407827086
11.765999999979249,1.0002137673595923
11.766999999979246,1.0002136943230306
11.767999999979244,1.0002136215217092
11.768999999979242,1.0002135487798778
11.76999999997924,1.000213475922096
11.770999999979237,1.0002134027979286
11.771999999979235,1.000213329303112
11.772999999979232,1.0002132553942256
11.77399999997923,1.0002131810948067
11.774999999979228,1.000213106492051
11.775999999979225,1.0002130317245617
11.776999999979223,1.0002129569628775
11.77799999997922,1.0002128823855119
11.778999999979218,1.0002128081538824
11.779999999979216,1.0002127343896494
11.780999999979214,1.0002126611576536
11.781999999979211,1.0002125884568354
11.782999999979209,1.000212516220419
11.783999999979207,1.0002124443253237
11.784999999979204,1.0002123726094807
11.785999999979202,1.0002123008946229
11.7869999999792,1.000212229011346
11.787999999979197,1.0002121568229163
11.788999999979195,1.0002120842444882
11.789999999979193,1.0002120112550117
11.79099999997919,1.0002119379001841
11.791999999979188,1.000211864286013
11.792999999979186,1.0002117905639145
11.793999999979183,1.0002117169094418
11.794999999979181,1.0002116434976345
11.795999999979179,1.000211570478454
11.796999999979176,1.0002114979557537
11.797999999979174,1.0002114259727346
11.798999999979172,1.000211354505933
11.79999999997917,1.0002112834685777
11.800999999979167,1.0002112127228462
11.801999999979165,1.0002111420992958
11.802999999979162,1.000211071420735
11.80399999997916,1.0002110005271705
11.804999999979158,1.000210929298335
11.805999999979155,1.0002108576706226
11.806999999979153,1.000210785646054
11.80799999997915,1.0002107132920262
11.808999999979148,1.0002106407318734
11.809999999979146,1.000210568127575
11.810999999979144,1.0002104956570375
11.811999999979141,1.0002104234891431
11.812999999979139,1.000210351760075
11.813999999979137,1.000210280554238
11.814999999979134,1.0002102098924683
11.815999999979132,1.0002101397291707
11.81699999997913,1.0002100699587966
11.817999999979127,1.0002100004307362
11.818999999979125,1.0002099309705295
11.819999999979123,1.000209861404416
11.82099999997912,1.0002097915837722
11.821999999979118,1.000209721406008
11.822999999979116,1.0002096508289815
11.823999999979113,1.0002095798769206
11.824999999979111,1.0002095086370038
11.825999999979109,1.000209437247097
11.826999999979106,1.0002093658763636
11.827999999979104,1.0002092947014807
11.828999999979102,1.0002092238818066
11.8299999999791,1.0002091535369924
11.830999999979097,1.0002090837301778
11.831999999979095,1.000209014459136
11.832999999979092,1.000208945656599
11.83399999997909,1.0002088771997188
11.834999999979088,1.0002088089273322
11.835999999979085,1.0002087406626032
11.836999999979083,1.000208672237866
11.83799999997908,1.0002086035181668
11.838999999979078,1.0002085344202098
11.839999999979076,1.0002084649240315
11.840999999979074,1.000208395075777
11.841999999979071,1.0002083249811824
11.84299999997907,1.000208254790691
11.843999999979067,1.0002081846782995
11.844999999979064,1.0002081148171056
11.845999999979062,1.0002080453549962
11.84699999997906,1.0002079763938885
11.847999999979058,1.0002079079754407
11.848999999979055,1.0002078400752303
11.849999999979053,1.0002077726062297
11.85099999997905,1.0002077054310772
11.851999999979048,1.0002076383814216
11.852999999979046,1.0002075712816179
11.853999999979044,1.0002075039734422
11.854999999979041,1.000207436338343
11.855999999979039,1.0002073683141202
11.856999999979037,1.0002072999036715
11.857999999979034,1.0002072311745962
11.858999999979032,1.000207162249709
11.85999999997903,1.000207093289801
11.860999999979027,1.000207024471068
11.861999999979025,1.0002069559603786
11.862999999979023,1.0002068878918606
11.86399999997902,1.0002068203480927
11.864999999979018,1.0002067533485441
11.865999999979016,1.0002066868468906
11.866999999979013,1.0002066207375662
11.867999999979011,1.0002065548706407
11.868999999979009,1.0002064890729128
11.869999999979006,1.0002064231722614
11.870999999979004,1.0002063570218311
11.871999999979002,1.0002062905206595
11.872999999979,1.0002062236278437
11.873999999978997,1.0002061563682638
11.874999999978995,1.000206088829054
11.875999999978992,1.0002060211473216
11.87699999997899,1.000205953490845
11.877999999978988,1.0002058860344636
11.878999999978985,1.00020581893548
11.879999999978983,1.000205752311541
11.88099999997898,1.0002056862240938
11.881999999978978,1.0002056206697434
11.882999999978976,1.0002055555807232
11.883999999978974,1.0002054908344045
11.884999999978971,1.0002054262705058
11.885999999978969,1.0002053617135929
11.886999999978967,1.0002052969976967
11.887999999978964,1.0002052319896022
11.888999999978962,1.000205166607522
11.88999999997896,1.0002051008325403
11.890999999978957,1.0002050347112197
11.891999999978955,1.0002049683490026
11.892999999978953,1.000204901895346
11.89399999997895,1.0002048355226854
11.894999999978948,1.0002047694021818
11.895999999978946,1.000204703679657
11.896999999978943,1.000204638455105
11.897999999978941,1.000204573768647
11.898999999978939,1.0002045095949095
11.899999999978936,1.0002044458466028
11.900999999978934,1.0002043823868136
11.901999999978932,1.00020431904826
11.90299999997893,1.0002042556568143
11.903999999978927,1.0002041920559832
11.904999999978925,1.0002041281288951
11.905999999978922,1.000204063814717
11.90699999997892,1.0002039991171896
11.907999999978918,1.0002039341040903
11.908999999978915,1.0002038688976986
11.909999999978913,1.0002038036576122
11.91099999997891,1.00020373855832
11.911999999978908,1.0002036737646884
11.912999999978906,1.000203609408806
11.913999999978904,1.0002035455714402
11.914999999978901,1.0002034822707102
11.915999999978899,1.000203419459567
11.916999999978897,1.0002033570324285
11.917999999978894,1.0002032948400326
11.918999999978892,1.000203232710416
11.91999999997889,1.0002031704730676
11.920999999978887,1.0002031079828688
11.921999999978885,1.0002030451404509
11.922999999978883,1.0002029819061162
11.92399999997888,1.0002029183053711
11.924999999978878,1.0002028544252866
11.925999999978876,1.0002027904022046
11.926999999978873,1.0002027264025226
11.927999999978871,1.0002026625992533
11.928999999978869,1.0002025991476635
11.929999999978866,1.0002025361634181
11.930999999978864,1.0002024737062918
11.931999999978862,1.000202411771742
11.93299999997886,1.0002023502915156
11.933999999978857,1.0002022891432036
11.934999999978855,1.0002022281673981
11.935999999978852,1.0002021671900467
11.93699999997885,1.0002021060468547
11.937999999978848,1.0002020446063156
11.938999999978845,1.0002019827881217
11.939999999978843,1.0002019205743784
11.94099999997884,1.0002018580120466
11.941999999978838,1.000201795206264
11.942999999978836,1.0002017323055055
11.943999999978834,1.0002016694806577
11.944999999978831,1.0002016069009643
11.945999999978829,1.0002015447102102
11.946999999978827,1.0002014830064936
11.947999999978824,1.0002014218284296
11.948999999978822,1.0002013611497131
11.94999999997882,1.0002013008828112
11.950999999978817,1.0002012408912615
11.951999999978815,1.000201181008845
11.952999999978813,1.000201121062938
11.95399999997881,1.0002010608987566
11.954999999978808,1.000201000401084
11.955999999978806,1.0002009395104308
11.956999999978803,1.000200878231363
11.957999999978801,1.000200816631824
11.958999999978799,1.0002007548335592
11.959999999978796,1.0002006929949836
11.960999999978794,1.0002006312888996
11.961999999978792,1.000200569878201
11.96299999997879,1.000200508892975
11.963999999978787,1.000200448412213
11.964999999978785,1.000200388452717
11.965999999978782,1.0002003289667427
11.96699999997878,1.000200269848708
11.967999999978778,1.0002002109500276
11.968999999978776,1.0002001520999737
11.969999999978773,1.000200093129636
11.97099999997877,1.000200033895613
11.971999999978769,1.0001999743001118
11.972999999978766,1.0001999143046227
11.973999999978764,1.0001998539352683
11.974999999978762,1.000199793279054
11.97599999997876,1.0001997324715672
11.976999999978757,1.0001996716778434
11.977999999978755,1.0001996110691005
11.978999999978752,1.0001995507986092
11.97999999997875,1.0001994909800949
11.980999999978748,1.0001994316717062
11.981999999978745,1.0001993728677894
11.982999999978743,1.000199314499636
11.98399999997874,1.0001992564450777
11.984999999978738,1.0001991985455934
11.985999999978736,1.0001991406285147
11.986999999978734,1.0001990825312117
11.987999999978731,1.0001990241238745
11.988999999978729,1.0001989653276626
11.989999999978727,1.0001989061256955
11.990999999978724,1.0001988465653275
11.991999999978722,1.0001987867514017
11.99299999997872,1.0001987268314272
11.993999999978717,1.0001986669747749
11.994999999978715,1.0001986073488123
11.995999999978713,1.0001985480953335
11.99699999997871,1.0001984893105949
11.997999999978708,1.0001984310317527
11.998999999978706,1.0001983732316162
11.999999999978703,1.000198315822443
12.000999999978701,1.000198258668248
12.001999999978699,1.0001982016038897
12.002999999978696,1.000198144458252
12.003999999978694,1.000198087078257
12.004999999978692,1.000198029350336
12.00599999997869,1.000197971216338
12.006999999978687,1.0001979126816511
12.007999999978685,1.0001978538143932
12.008999999978682,1.0001977947357927
12.00999999997868,1.0001977356031115
12.010999999978678,1.0001976765875078
12.011999999978675,1.000197617849954
12.012999999978673,1.000197559518587
12.01399999997867,1.0001975016706837
12.014999999978668,1.0001974443217843
12.015999999978666,1.0001973874234957
12.016999999978664,1.000197330870277
12.017999999978661,1.0001972745142467
12.018999999978659,1.0001972181859302
12.019999999978657,1.0001971617180245
12.020999999978654,1.0001971049688483
12.021999999978652,1.0001970478421818
12.02299999997865,1.0001969903007053
12.023999999978647,1.0001969323711626
12.024999999978645,1.0001968741405107
12.025999999978643,1.0001968157436105
12.02699999997864,1.0001967573441752
12.027999999978638,1.0001966991116786
12.028999999978636,1.0001966411974528
12.029999999978633,1.0001965837133497
12.030999999978631,1.000196526715952
12.031999999978629,1.0001964701985582
12.032999999978626,1.0001964140920567
12.033999999978624,1.0001963582745637
12.034999999978622,1.0001963025884721
12.03599999997862,1.0001962468625165
12.036999999978617,1.0001961909357466
12.037999999978615,1.0001961346800528
12.038999999978612,1.0001960780180656
12.03999999997861,1.0001960209339247
12.040999999978608,1.000195963475396
12.041999999978605,1.0001959057470524
12.042999999978603,1.000195847895476
12.0439999999786,1.0001957900885694
12.044999999978598,1.0001957324918835
12.045999999978596,1.000195675245291
12.046999999978594,1.0001956184432736
12.047999999978591,1.0001955621216005
12.048999999978589,1.0001955062522587
12.049999999978587,1.0001954507473505
12.050999999978584,1.000195395471412
12.051999999978582,1.0001953402604125
12.05299999997858,1.0001952849447653
12.053999999978577,1.0001952293731136
12.054999999978575,1.0001951734335457
12.055999999978573,1.0001951170692585
12.05699999997857,1.0001950602864784
12.057999999978568,1.0001950031535198
12.058999999978566,1.000194945791128
12.059999999978563,1.0001948883554597
12.060999999978561,1.000194831016085
12.061999999978559,1.0001947739321233
12.062999999978556,1.0001947172298387
12.063999999978554,1.0001946609848666
12.064999999978552,1.0001946052115591
12.06599999997855,1.0001945498609417
12.066999999978547,1.0001944948275698
12.067999999978545,1.0001944399643128
12.068999999978542,1.0001943851029824
12.06999999997854,1.0001943300779066
12.070999999978538,1.0001942747491408
12.071999999978535,1.0001942190220523
12.072999999978533,1.000194162860527
12.07399999997853,1.0001941062919524
12.074999999978528,1.000194049403269
12.075999999978526,1.00019399232865
12.076999999978524,1.0001939352305442
12.077999999978521,1.0001938782767474
12.07899999997852,1.0001938216167297
12.079999999978517,1.0001937653605468
12.080999999978514,1.0001937095632976
12.081999999978512,1.0001936542173073
12.08299999997851,1.0001935992531283
12.083999999978507,1.0001935445492203
12.084999999978505,1.000193489948937
12.085999999978503,1.0001934352824497
12.0869999999785,1.0001933803905123
12.087999999978498,1.0001933251467348
12.088999999978496,1.0001932694752382
12.089999999978494,1.0001932133612028
12.090999999978491,1.0001931568528342
12.091999999978489,1.0001931000544722
12.092999999978487,1.0001930431118229
12.093999999978484,1.0001929861913832
12.094999999978482,1.0001929294569627
12.09599999997848,1.0001928730465894
12.096999999978477,1.0001928170530578
12.097999999978475,1.0001927615108317
12.098999999978473,1.000192706391153
12.09999999997847,1.0001926516060389
12.100999999978468,1.0001925970206045
12.101999999978466,1.000192542471974
12.102999999978463,1.0001924877921238
12.10399999997846,1.0001924328314447
12.104999999978459,1.000192377479703
12.105999999978456,1.0001923216814665
12.106999999978454,1.0001922654438231
12.107999999978452,1.0001922088353192
12.10899999997845,1.0001921519762633
12.109999999978447,1.0001920950217609
12.110999999978445,1.0001920381398677
12.111999999978442,1.0001919814879257
12.11299999997844,1.0001919251904112
12.113999999978438,1.0001918693214065
12.114999999978435,1.0001918138941586
12.115999999978433,1.00019175885919
12.11699999997843,1.000191704111221
12.117999999978428,1.0001916495039254
12.118999999978426,1.0001915948704463
12.119999999978424,1.0001915400467771
12.120999999978421,1.0001914848947357
12.121999999978419,1.0001914293212992
12.122999999978417,1.000191373291583
12.123999999978414,1.0001913168336485
12.124999999978412,1.0001912600344585
12.12599999997841,1.0001912030275522
12.126999999978407,1.0001911459741744
12.127999999978405,1.0001910890405177
12.128999999978403,1.0001910323742724
12.1299999999784,1.0001909760837875
12.130999999978398,1.0001909202227663
12.131999999978396,1.000190864782645
12.132999999978393,1.0001908096937184
12.133999999978391,1.0001907548348516
12.134999999978389,1.0001907000504142
12.135999999978386,1.0001906451720555
12.136999999978384,1.000190590042265
12.137999999978382,1.000190534536399
12.13899999997838,1.000190478580092
12.139999999978377,1.0001904221595923
12.140999999978375,1.0001903653235775
12.141999999978372,1.0001903081762011
12.14299999997837,1.000190250862348
12.143999999978368,1.0001901935471778
12.144999999978365,1.000190136392835
12.145999999978363,1.0001900795355927
12.14699999997836,1.0001900230666454
12.147999999978358,1.0001899670192396
12.148999999978356,1.0001899113639552
12.149999999978354,1.0001898560127973
12.150999999978351,1.00018980083152
12.151999999978349,1.0001897456584534
12.152999999978347,1.0001896903271768
12.153999999978344,1.0001896346898564
12.154999999978342,1.0001895786379633
12.15599999997834,1.0001895221174586
12.156999999978337,1.0001894651363235
12.157999999978335,1.000189407763371
12.158999999978333,1.0001893501185202
12.15999999997833,1.000189292355887
12.160999999978328,1.0001892346420824
12.161999999978326,1.0001891771327531
12.162999999978323,1.0001891199506738
12.163999999978321,1.0001890631684622
12.164999999978319,1.0001890067983477
12.165999999978316,1.000188950790429
12.166999999978314,1.0001888950396596
12.167999999978312,1.0001888394005771
12.16899999997831,1.0001887837076981
12.169999999978307,1.0001887277987156
12.170999999978305,1.000188671537238
12.171999999978302,1.0001886148318762
12.1729999999783,1.0001885576490006
12.173999999978298,1.0001885000173756
12.174999999978295,1.0001884420240255
12.175999999978293,1.0001883838019041
12.17699999997829,1.0001883255111177
12.177999999978288,1.0001882673163287
12.178999999978286,1.0001882093635286
12.179999999978284,1.0001881517594473
12.180999999978281,1.000188094556479
12.181999999978279,1.0001880377452537
12.182999999978277,1.0001879812558812
12.183999999978274,1.0001879249676986
12.184999999978272,1.0001878687261407
12.18599999997827,1.0001878123643768
12.186999999978267,1.0001877557266603
12.187999999978265,1.0001876986901181
12.188999999978263,1.000187641181921
12.18999999997826,1.0001875831894085
12.190999999978258,1.0001875247617615
12.191999999978256,1.0001874660029866
12.192999999978253,1.000187407057199
12.193999999978251,1.0001873480882868
12.194999999978249,1.0001872892568044
12.195999999978246,1.0001872306973507
12.196999999978244,1.0001871724996043
12.197999999978242,1.0001871146956791
12.19899999997824,1.0001870572555696
12.199999999978237,1.0001870000913375
12.200999999978235,1.0001869430694357
12.201999999978232,1.000186886029442
12.20299999997823,1.0001868288065727
12.203999999978228,1.0001867712547954
12.204999999978225,1.0001867132673037
12.205999999978223,1.0001866547914728
12.20699999997822,1.0001865958362
12.207999999978218,1.0001865364705973
12.208999999978216,1.0001864768142341
12.209999999978214,1.0001864170202905
12.210999999978212,1.0001863572539957
12.21199999997821,1.0001862976693763
12.212999999978207,1.000186238387586
12.213999999978205,1.000186179479859
12.214999999978202,1.000186120957485
12.2159999999782,1.0001860627702095
12.216999999978198,1.0001860048132807
12.217999999978195,1.0001859469421492
12.218999999978193,1.0001858889927446
12.21999999997819,1.0001858308044855
12.220999999978188,1.00018577224279
12.221999999978186,1.000185713217918
12.222999999978184,1.0001856536975096
12.223999999978181,1.0001855937110566
12.224999999978179,1.000185533345673
12.225999999978177,1.0001854727337725
12.226999999978174,1.000185412034373
12.227999999978172,1.0001853514106696
12.22899999997817,1.0001852910070297
12.229999999978167,1.0001852309286374
12.230999999978165,1.0001851712266567
12.231999999978163,1.0001851118909832
12.23299999997816,1.0001850528516074
12.233999999978158,1.0001849939883893
12.234999999978156,1.000184935147871
12.235999999978153,1.0001848761647703
12.236999999978151,1.0001848168851237
12.237999999978149,1.0001847571878433
12.238999999978146,1.0001846970016457
12.239999999978144,1.000184636314976
12.240999999978142,1.0001845751775396
12.24199999997814,1.0001845136932244
12.242999999978137,1.000184452005419
12.243999999978135,1.0001843902767886
12.244999999978132,1.0001843286663608
12.24599999997813,1.0001842673071293
12.246999999978128,1.000184206287329
12.247999999978125,1.0001841456380112
12.248999999978123,1.0001840853286508
12.24999999997812,1.0001840252714211
12.250999999978118,1.0001839653335167
12.251999999978116,1.0001839053557982
12.252999999978114,1.0001838451751368
12.253999999978111,1.0001837846473147
12.254999999978109,1.0001837236672566
12.255999999978107,1.0001836621837583
12.256999999978104,1.000183600206641
12.257999999978102,1.0001835378053339
12.2589999999781,1.0001834750990863
12.259999999978097,1.0001834122401807
12.260999999978095,1.0001833493925159
12.261999999978093,1.0001832867085563
12.26299999997809,1.0001832243078987
12.263999999978088,1.000183162260461
12.264999999978086,1.0001831005766568
12.265999999978083,1.0001830392059345
12.266999999978081,1.000182978043884
12.267999999978079,1.0001829169469016
12.268999999978076,1.0001828557523533
12.269999999978074,1.0001827943013972
12.270999999978072,1.0001827324612635
12.27199999997807,1.0001826701438625
12.272999999978067,1.0001826073181075
12.273999999978065,1.0001825440142225
12.274999999978062,1.0001824803194301
12.27599999997806,1.000182416365625
12.276999999978058,1.0001823523107758
12.277999999978055,1.0001822883166596
12.278999999978053,1.0001822245260727
12.27999999997805,1.0001821610427164
12.280999999978048,1.000182097916581
12.281999999978046,1.0001820351368835
12.282999999978044,1.0001819726335417
12.283999999978041,1.0001819102869762
12.284999999978039,1.0001818479448603
12.285999999978037,1.000181785443473
12.286999999978034,1.0001817226306389
12.287999999978032,1.0001816593870523
12.28899999997803,1.0001815956429707
12.289999999978027,1.0001815313879412
12.290999999978025,1.0001814666721967
12.291999999978023,1.000181401599521
12.29299999997802,1.0001813363125975
12.293999999978018,1.0001812709729063
12.294999999978016,1.000181205737991
12.295999999978013,1.0001811407392893
12.296999999978011,1.00018107606365
12.297999999978009,1.0001810117411107
12.298999999978006,1.0001809477406747
12.299999999978004,1.0001808839746649
12.300999999978002,1.0001808203110414
12.301999999978,1.0001807565919614
12.302999999977997,1.0001806926559582
12.303999999977995,1.0001806283606214
12.304999999977992,1.0001805636025967
12.30599999997799,1.0001804983320899
12.306999999977988,1.00018043255984
12.307999999977985,1.0001803663555933
12.308999999977983,1.0001802998382878
12.30999999997798,1.0001802331593317
12.310999999977978,1.0001801664813235
12.311999999977976,1.0001800999552075
12.312999999977974,1.0001800336990685
12.313999999977971,1.0001799677815544
12.31499999997797,1.0001799022122464
12.315999999977967,1.0001798369403339
12.316999999977964,1.0001797718617755
12.317999999977962,1.0001797068339298
12.31899999997796,1.0001796416956026
12.319999999977957,1.0001795762896828
12.320999999977955,1.000179510485203
12.321999999977953,1.0001794441957077
12.32299999997795,1.0001793773913654
12.323999999977948,1.000179310103122
12.324999999977946,1.000179242418304
12.325999999977943,1.000179174468298
12.326999999977941,1.0001791064100398
12.327999999977939,1.000179038403918
12.328999999977936,1.0001789705911939
12.329999999977934,1.0001789030741246
12.330999999977932,1.000178835901568
12.33199999997793,1.0001787690620974
12.332999999977927,1.0001787024855848
12.333999999977925,1.0001786360530287
12.334999999977923,1.0001785696132404
12.33599999997792,1.0001785030040526
12.336999999977918,1.000178436075064
12.337999999977916,1.0001783687087284
12.338999999977913,1.0001783008368226
12.33999999997791,1.0001782324499773
12.340999999977909,1.0001781635989373
12.341999999977906,1.0001780943873748
12.342999999977904,1.000178024957276
12.343999999977902,1.0001779554689494
12.3449999999779,1.0001778860784798
12.345999999977897,1.000177816915783
12.346999999977895,1.00017774806635
12.347999999977892,1.0001776795592416
12.34899999997789,1.0001776113630148
12.349999999977888,1.0001775433901579
12.350999999977885,1.0001774755094066
12.351999999977883,1.0001774075642103
12.35299999997788,1.0001773393947466
12.353999999977878,1.00017727086039
12.354999999977876,1.00017720185948
12.355999999977874,1.0001771323436035
12.356999999977871,1.0001770623243929
12.357999999977869,1.0001769918718952
12.358999999977867,1.0001769211047296
12.359999999977864,1.0001768501734307
12.360999999977862,1.0001767792393115
12.36199999997786,1.0001767084518152
12.362999999977857,1.0001766379275427
12.363999999977855,1.0001765677338985
12.364999999977853,1.0001764978796568
12.36599999997785,1.0001764283137657
12.366999999977848,1.00017635893256
12.367999999977846,1.0001762895943584
12.368999999977843,1.0001762201393904
12.369999999977841,1.0001761504122548
12.370999999977839,1.0001760802837534
12.371999999977836,1.0001760096690309
12.372999999977834,1.0001759385394808
12.373999999977832,1.0001758669267413
12.37499999997783,1.0001757949182237
12.375999999977827,1.0001757226447958
12.376999999977825,1.0001756502623629
12.377999999977822,1.0001755779299322
12.37899999997782,1.00017550578725
12.379999999977818,1.0001754339351485
12.380999999977815,1.000175362421375
12.381999999977813,1.000175291233876
12.38299999997781,1.0001752203024885
12.383999999977808,1.0001751495087858
12.384999999977806,1.0001750787027042
12.385999999977804,1.0001750077236087
12.386999999977801,1.0001749364228398
12.387999999977799,1.000174864684575
12.388999999977797,1.0001747924420703
12.389999999977794,1.0001747196870028
12.390999999977792,1.0001746464705983
12.39199999997779,1.0001745728963993
12.392999999977787,1.0001744991056793
12.393999999977785,1.0001744252575766
12.394999999977783,1.000174351506725
12.39599999997778,1.0001742779815308
12.396999999977778,1.0001742047661455
12.397999999977776,1.0001741318886659
12.398999999977773,1.0001740593172113
12.399999999977771,1.0001739869644377
12.400999999977769,1.0001739146998465
12.401999999977766,1.0001738423681574
12.402999999977764,1.0001737698111604
12.403999999977762,1.0001736968899801
12.40499999997776,1.000173623504605
12.405999999977757,1.0001735496079598
12.406999999977755,1.0001734752125333
12.407999999977752,1.0001734003886376
12.40899999997775,1.0001733252545515
12.409999999977748,1.0001732499599247
12.410999999977745,1.0001731746647808
12.411999999977743,1.0001730995170695
12.41299999997774,1.000173024631916
12.413999999977738,1.0001729500754948
12.414999999977736,1.0001728758557793
12.415999999977734,1.0001728019214773
12.416999999977731,1.0001727281692945
12.417999999977729,1.0001726544584888
12.418999999977727,1.0001725806306883
12.419999999977724,1.000172506532163
12.420999999977722,1.0001724320354395
12.42199999997772,1.0001723570572163
12.422999999977717,1.0001722815700644
12.423999999977715,1.000172205606275
12.424999999977713,1.00017212925331
12.42599999997771,1.0001720526414954
12.426999999977708,1.000171975925693
12.427999999977706,1.0001718992635273
12.428999999977703,1.0001718227932295
12.429999999977701,1.000171746614216
12.430999999977699,1.0001716707731294
12.431999999977696,1.0001715952572925
12.432999999977694,1.0001715199965007
12.433999999977692,1.0001714448728873
12.43499999997769,1.0001713697374903
12.435999999977687,1.0001712944311705
12.436999999977685,1.0001712188069665
12.437999999977682,1.000171142750731
12.43899999997768,1.0001710661971495
12.439999999977678,1.0001709891388977
12.440999999977675,1.0001709116276432
12.441999999977673,1.0001708337667612
12.44299999997767,1.0001707556967938
12.443999999977668,1.0001706775756949
12.444999999977666,1.0001705995566421
12.445999999977664,1.000170521766534
12.446999999977661,1.000170444288187
12.44799999997766,1.0001703671487352
12.448999999977657,1.0001702903158574
12.449999999977654,1.0001702137023667
12.450999999977652,1.0001701371785068
12.45199999997765,1.0001700605902368
12.452999999977648,1.000169983780921
12.453999999977645,1.0001699066133813
12.454999999977643,1.0001698289892056
12.45599999997764,1.000169750862605
12.456999999977638,1.0001696722468745
12.457999999977636,1.0001695932125538
12.458999999977634,1.0001695138775482
12.459999999977631,1.0001694343905991
12.460999999977629,1.0001693549104298
12.461999999977627,1.00016927558349
12.462999999977624,1.0001691965234307
12.463999999977622,1.0001691177951948
12.46499999997762,1.0001690394059546
12.465999999977617,1.0001689613041713
12.466999999977615,1.0001688833869007
12.467999999977613,1.000168805514317
12.46899999997761,1.0001687275294067
12.469999999977608,1.0001686492800648
12.470999999977606,1.0001685706404928
12.471999999977603,1.0001684915288875
12.472999999977601,1.0001684119189471
12.473999999977599,1.000168331843567
12.474999999977596,1.0001682513902206
12.475999999977594,1.0001681706886616
12.476999999977592,1.0001680898926884
12.47799999997759,1.0001680091585292
12.478999999977587,1.0001679286228988
12.479999999977585,1.0001678483837952
12.480999999977582,1.0001677684867538
12.48199999997758,1.0001676889184672
12.482999999977578,1.0001676096086762
12.483999999977575,1.0001675304400561
12.484999999977573,1.0001674512647092
12.48599999997757,1.000167371924953
12.486999999977568,1.0001672922754758
12.487999999977566,1.000167212203751
12.488999999977564,1.0001671316458394
12.489999999977561,1.000167050595363
12.490999999977559,1.0001669691043849
12.491999999977557,1.0001668872760776
12.492999999977554,1.0001668052502226
12.493999999977552,1.000166723183571
12.49499999997755,1.0001666412278352
12.495999999977547,1.000166559508401
12.496999999977545,1.0001664781067467
12.497999999977543,1.0001663970490404
12.49899999997754,1.0001663163025125
12.499999999977538,1.0001662357801142
12.500999999977536,1.0001661553528067
12.501999999977533,1.000166074867752
12.502999999977531,1.0001659941698433
12.503999999977529,1.00016591312355
12.504999999977526,1.0001658316320041
12.505999999977524,1.00016574965065
12.506999999977522,1.000165667193539
12.50799999997752,1.000165584331393
12.508999999977517,1.0001655011817099
12.509999999977515,1.0001654178922996
12.510999999977512,1.0001653346205686
12.51199999997751,1.0001652515114583
12.512999999977508,1.0001651686771416
12.513999999977505,1.0001650861813272
12.514999999977503,1.0001650040303798
12.5159999999775,1.000164922172501
12.516999999977498,1.000164840505078
12.517999999977496,1.0001647588891696
12.518999999977494,1.000164677169083
12.519999999977491,1.0001645951942917
12.520999999977489,1.0001645128406194
12.521999999977487,1.0001644300277077
12.522999999977484,1.0001643467303278
12.523999999977482,1.0001642629819343
12.52499999997748,1.0001641788699704
12.525999999977477,1.0001640945235888
12.526999999977475,1.0001640100955012
12.527999999977473,1.0001639257405293
12.52899999997747,1.0001638415938612
12.529999999977468,1.0001637577520754
12.530999999977466,1.0001636742595963
12.531999999977463,1.0001635911024793
12.532999999977461,1.0001635082103961
12.533999999977459,1.0001634254665377
12.534999999977456,1.000163342724043
12.535999999977454,1.0001632598266446
12.536999999977452,1.00016317663063
12.53799999997745,1.000163093025043
12.538999999977447,1.0001630089472677
12.539999999977445,1.0001629243918224
12.540999999977442,1.0001628394111195
12.54199999997744,1.000162754108096
12.542999999977438,1.0001626686217449
12.543999999977435,1.0001625831075975
12.544999999977433,1.0001624977158916
12.54599999997743,1.0001624125704953
12.546999999977428,1.000162327751547
12.547999999977426,1.0001622432842445
12.548999999977424,1.0001621591353598
12.549999999977421,1.0001620752179674
12.550999999977419,1.000161991403721
12.551999999977417,1.0001619075409514
12.552999999977414,1.000161823476038
12.553999999977412,1.00016173907505
12.55499999997741,1.0001616542426126
12.555999999977407,1.000161568935353
12.556999999977405,1.0001614831680317
12.557999999977403,1.0001613970115153
12.5589999999774,1.0001613105828615
12.559999999977398,1.0001612240289273
12.560999999977396,1.000161137505789
12.561999999977393,1.0001610511568744
12.562999999977391,1.000160965092875
12.563999999977389,1.0001608793762635
12.564999999977386,1.0001607940125943
12.565999999977384,1.0001607089497975
12.566999999977382,1.0001606240855758
12.56799999997738,1.0001605392818465
12.568999999977377,1.0001604543842006
12.569999999977375,1.000160369243648
12.570999999977372,1.000160283737587
12.57199999997737,1.0001601977870576
12.572999999977368,1.000160111367855
12.573999999977366,1.0001600245139493
12.574999999977363,1.000159937312722
12.57599999997736,1.0001598498926958
12.576999999977359,1.0001597624054808
12.577999999977356,1.000159675004483
12.578999999977354,1.0001595878233611
12.579999999977352,1.0001595009572735
12.58099999997735,1.0001594144495318
12.581999999977347,1.0001593282855503
12.582999999977345,1.0001592423949228
12.583999999977342,1.0001591566613368
12.58499999997734,1.0001590709389396
12.585999999977338,1.0001589850728418
12.586999999977335,1.000158898920891
12.587999999977333,1.000158812373654
12.58899999997733,1.0001587253697921
12.589999999977328,1.0001586379046763
12.590999999977326,1.0001585500310337
12.591999999977324,1.0001584618515336
12.592999999977321,1.0001583735043615
12.593999999977319,1.0001582851438158
12.594999999977317,1.0001581969186568
12.595999999977314,1.0001581089512352
12.596999999977312,1.0001580213203494
12.59799999997731,1.0001579340502287
12.598999999977307,1.0001578471071824
12.599999999977305,1.0001577604043965
12.600999999977303,1.0001576738141982
12.6019999999773,1.000157587186058
12.602999999977298,1.000157500367806
12.603999999977296,1.0001574132270707
12.604999999977293,1.0001573256699283
12.605999999977291,1.000157237654144
12.606999999977289,1.0001571491951522
12.607999999977286,1.0001570603639294
12.608999999977284,1.0001569712770715
12.609999999977282,1.000156882080466
12.61099999997728,1.0001567929288533
12.611999999977277,1.0001567039641455
12.612999999977275,1.0001566152955566
12.613999999977272,1.000156526984328
12.61499999997727,1.0001564390352025
12.615999999977268,1.0001563513958367
12.616999999977265,1.0001562639642352
12.617999999977263,1.0001561766031528
12.61899999997726,1.000156089159439
12.619999999977258,1.0001560014856052
12.620999999977256,1.0001559134605844
12.621999999977254,1.0001558250067721
12.622999999977251,1.0001557361009519
12.623999999977249,1.0001556467775763
12.624999999977247,1.0001555571239367
12.625999999977244,1.0001554672679085
12.626999999977242,1.0001553773599903
12.62799999997724,1.0001552875521682
12.628999999977237,1.0001551979765775
12.629999999977235,1.0001551087269607
12.630999999977233,1.000155019845525
12.63199999997723,1.0001549313170424
12.632999999977228,1.0001548430710234
12.633999999977226,1.0001547549916425
12.634999999977223,1.0001546669340333
12.635999999977221,1.0001545787446575
12.636999999977219,1.0001544902828894
12.637999999977216,1.000154401440781
12.638999999977214,1.0001543121582335
12.639999999977212,1.0001542224314381
12.64099999997721,1.0001541323134076
12.641999999977207,1.0001540419065216
12.642999999977205,1.0001539513481452
12.643999999977202,1.0001538607913427
12.6449999999772,1.0001537703833943
12.645999999977198,1.0001536802451418
12.646999999977195,1.0001535904540537
12.647999999977193,1.0001535010333948
12.64899999997719,1.0001534119490143
12.649999999977188,1.000153323114206
12.650999999977186,1.000153234401956
12.651999999977184,1.0001531456628567
12.652999999977181,1.0001530567461614
12.653999999977179,1.0001529675210261
12.654999999977177,1.0001528778949416
12.655999999977174,1.0001527878267813
12.656999999977172,1.0001526973326196
12.65799999997717,1.0001526064835213
12.658999999977167,1.0001525153956052
12.659999999977165,1.000152424213783
12.660999999977163,1.0001523330914575
12.66199999997716,1.0001522421690323
12.662999999977158,1.000152151554254
12.663999999977156,1.0001520613071413
12.664999999977153,1.000151971431633
12.665999999977151,1.0001518818751145
12.666999999977149,1.0001517925358878
12.667999999977146,1.0001517032775329
12.668999999977144,1.0001516139481357
12.669999999977142,1.0001515244016823
12.67099999997714,1.0001514345186118
12.671999999977137,1.0001513442226442
12.672999999977135,1.000151253491521
12.673999999977132,1.0001511623601502
12.67499999997713,1.0001510709157164
12.675999999977128,1.0001509792854382
12.676999999977125,1.0001508876186993
12.677999999977123,1.0001507960660732
12.67899999997712,1.0001507047581788
12.679999999977118,1.000150613787355
12.680999999977116,1.0001505231947139
12.681999999977114,1.0001504329643958
12.682999999977111,1.0001503430258287
12.68399999997711,1.0001502532636677
12.684999999977107,1.0001501635340209
12.685999999977104,1.0001500736846802
12.686999999977102,1.0001499835765202
12.6879999999771,1.0001498931030515
12.688999999977097,1.0001498022053859
12.689999999977095,1.0001497108805093
12.690999999977093,1.0001496191816983
12.69199999997709,1.000149527211031
12.692999999977088,1.0001494351050473
12.693999999977086,1.0001493430155775
12.694999999977084,1.0001492510884324
12.695999999977081,1.000149159442956
12.696999999977079,1.0001490681553005
12.697999999977077,1.0001489772477792
12.698999999977074,1.0001488866857877
12.699999999977072,1.0001487963827294
12.70099999997707,1.0001487062122445
12.701999999977067,1.000148616026032
12.702999999977065,1.0001485256747493
12.703999999977063,1.0001484350290528
12.70499999997706,1.000148343997825
12.705999999977058,1.000148252541017
12.706999999977056,1.0001481606753255
12.707999999977053,1.0001480684718864
12.70899999997705,1.0001479760463323
12.709999999977049,1.0001478835425972
12.710999999977046,1.0001477911127545
12.711999999977044,1.0001476988957105
12.712999999977042,1.0001476069977568
12.71399999997704,1.0001475154777062
12.714999999977037,1.0001474243387056
12.715999999977035,1.0001473335278763
12.716999999977032,1.0001472429438176
12.71799999997703,1.000147152450928
12.718999999977028,1.000147061898516
12.719999999977025,1.000146971142022
12.720999999977023,1.0001468800633664
12.72199999997702,1.0001467885875683
12.722999999977018,1.000146696693305
12.723999999977016,1.0001466044159242
12.724999999977014,1.0001465118424897
12.725999999977011,1.0001464190995566
12.726999999977009,1.0001463263354002
12.727999999977007,1.0001462336991875
12.728999999977004,1.000146141320037
12.729999999977002,1.0001460492889003
12.730999999977,1.0001459576458092
12.731999999976997,1.0001458663742844
12.732999999976995,1.0001457754036773
12.733999999976993,1.0001456846191235
12.73499999997699,1.0001455938776955
12.735999999976988,1.0001455030285027
12.736999999976986,1.0001454119338988
12.737999999976983,1.0001453204888298
12.738999999976981,1.0001452286355952
12.739999999976979,1.0001451363719553
12.740999999976976,1.0001450437514356
12.741999999976974,1.0001449508758051
12.742999999976972,1.000144857880777
12.74399999997697,1.0001447649169535
12.744999999976967,1.000144672128689
12.745999999976965,1.0001445796338457
12.746999999976962,1.0001444875072756
12.74799999997696,1.0001443957703553
12.748999999976958,1.0001443043880403
12.749999999976955,1.0001442132738445
12.750999999976953,1.0001441223020613
12.75199999997695,1.0001440313254866
12.752999999976948,1.0001439401961654
12.753999999976946,1.0001438487862357
12.754999999976944,1.000143757005947
12.755999999976941,1.0001436648163118
12.756999999976939,1.0001435722346266
12.757999999976937,1.000143479332089
12.758999999976934,1.0001433862238382
12.759999999976932,1.0001432930528353
12.76099999997693,1.0001431999698311
12.761999999976927,1.0001431071122502
12.762999999976925,1.0001430145849457
12.763999999976923,1.0001429224455411
12.76499999997692,1.0001428306964064
12.765999999976918,1.0001427392844062
12.766999999976916,1.0001426481084421
12.767999999976913,1.0001425570337243
12.768999999976911,1.0001424659107734
12.769999999976909,1.000142374596467
12.770999999976906,1.0001422829741864
12.771999999976904,1.00014219097023
12.772999999976902,1.0001420985641896
12.7739999999769,1.000142005791835
12.774999999976897,1.0001419127401026
12.775999999976895,1.0001418195348835
12.776999999976892,1.000141726323346
12.77799999997689,1.000141633253264
12.778999999976888,1.0001415404522702
12.779999999976885,1.0001414480099444
12.780999999976883,1.000141355965257
12.78199999997688,1.00014126430112
12.782999999976878,1.0001411729468173
12.783999999976876,1.000141081787963
12.784999999976874,1.0001409906825898
12.785999999976871,1.0001408994811085
12.786999999976869,1.000140808047334
12.787999999976867,1.0001407162776277
12.788999999976864,1.0001406241154565
12.789999999976862,1.0001405315593357
12.79099999997686,1.000140438663028
12.791999999976857,1.0001403455279845
12.792999999976855,1.000140252289092
12.793999999976853,1.0001401590957333
12.79499999997685,1.0001400660908184
12.795999999976848,1.0001399733907421
12.796999999976846,1.0001398810690743
12.797999999976843,1.0001397891462704
12.798999999976841,1.0001396975868535
12.799999999976839,1.000139606304457
12.800999999976836,1.0001395151740233
12.801999999976834,1.0001394240494352
12.802999999976832,1.000139332784111
12.80399999997683,1.000139241251651
12.804999999976827,1.0001391493636487
12.805999999976825,1.000139057082156
12.806999999976822,1.0001389644250565
12.80799999997682,1.0001388714635948
12.808999999976818,1.0001387783124138
12.809999999976815,1.0001386851135015
12.810999999976813,1.0001385920162966
12.81199999997681,1.0001384991567541
12.812999999976808,1.0001384066383052
12.813999999976806,1.0001383145173997
12.814999999976804,1.0001382227956426
12.815999999976802,1.0001381314196525
12.8169999999768,1.000138040288632
12.817999999976797,1.000137949268601
12.818999999976795,1.0001378582112779
12.819999999976792,1.0001377669749605
12.82099999997679,1.0001376754444706
12.821999999976788,1.0001375835473616
12.822999999976785,1.0001374912641217
12.823999999976783,1.0001373986309283
12.82499999997678,1.0001373057345762
12.825999999976778,1.0001372127002912
12.826999999976776,1.0001371196741373
12.827999999976774,1.0001370268025052
12.828999999976771,1.0001369342115556
12.829999999976769,1.0001368419895134
12.830999999976767,1.000136750174299
12.831999999976764,1.0001366587482285
12.832999999976762,1.0001365676405218
12.83399999997676,1.000136476737272
12.834999999976757,1.0001363858974617
12.835999999976755,1.0001362949727894
12.836999999976753,1.0001362038285115
12.83799999997675,1.0001361123623815
12.838999999976748,1.000136020519012
12.839999999976746,1.0001359282976519
12.840999999976743,1.0001358357522854
12.841999999976741,1.0001357429840383
12.842999999976739,1.0001356501269694
12.843999999976736,1.0001355573292452
12.844999999976734,1.0001354647323417
12.845999999976732,1.0001353724512017
12.84699999997673,1.0001352805581247
12.847999999976727,1.0001351890726586
12.848999999976725,1.0001350979589023
12.849999999976722,1.0001350071306097
12.85099999997672,1.0001349164633668
12.851999999976718,1.0001348258121336
12.852999999976715,1.0001347350316805
12.853999999976713,1.0001346439970493
12.85499999997671,1.000134552621155
12.855999999976708,1.000134460867066
12.856999999976706,1.0001343687532303
12.857999999976704,1.000134276350926
12.858999999976701,1.0001341837742934
12.859999999976699,1.0001340911643464
12.860999999976697,1.0001339986692162
12.861999999976694,1.000133906423397
12.862999999976692,1.0001338145289136
12.86399999997669,1.0001337230410512
12.864999999976687,1.000133631960664
12.865999999976685,1.000133541234126
12.866999999976683,1.0001334507609407
12.86799999997668,1.0001333604079279
12.868999999976678,1.0001332700279897
12.869999999976676,1.000133179480823
12.870999999976673,1.0001330886526638
12.871999999976671,1.0001329974722983
12.872999999976669,1.0001329059210846
12.873999999976666,1.0001328140355878
12.874999999976664,1.0001327219024507
12.875999999976662,1.0001326296462232
12.87699999997666,1.000132537411868
12.877999999976657,1.000132445344398
12.878999999976655,1.0001323535685107
12.879999999976652,1.0001322621710875
12.88099999997665,1.0001321711890105
12.881999999976648,1.0001320806040055
12.882999999976645,1.0001319903452317
12.883999999976643,1.0001319002992537
12.88499999997664,1.0001318103259933
12.885999999976638,1.0001317202784168
12.886999999976636,1.0001316300232002
12.887999999976634,1.0001315394594599
12.888999999976631,1.0001314485329278
12.889999999976629,1.0001313572435646
12.890999999976627,1.0001312656455557
12.891999999976624,1.000131173839689
12.892999999976622,1.0001310819591898
12.89399999997662,1.0001309901510085
12.894999999976617,1.0001308985551935
12.895999999976615,1.0001308072852437
12.896999999976613,1.0001307164122009
12.89799999997661,1.0001306259547098
12.898999999976608,1.0001305358764525
12.899999999976606,1.0001304460913008
12.900999999976603,1.0001303564754755
12.901999999976601,1.0001302668849956
12.902999999976599,1.000130177175964
12.903999999976596,1.0001300872248362
12.904999999976594,1.0001299969458208
12.905999999976592,1.0001299063029747
12.90699999997659,1.000129815315287
12.907999999976587,1.000129724054051
12.908999999976585,1.00012963263289
12.909999999976582,1.00012954119184
12.91099999997658,1.0001294498777267
12.911999999976578,1.0001293588235909
12.912999999976575,1.0001292681300566
12.913999999976573,1.0001291778512567
12.91499999997657,1.0001290879872957
12.915999999976568,1.0001289984843071
12.916999999976566,1.000128909242089
12.917999999976564,1.0001288201282472
12.918999999976561,1.0001287309968492
12.91999999997656,1.0001286417089637
12.920999999976557,1.000128552152215
12.921999999976554,1.0001284622565891
12.922999999976552,1.0001283720042886
12.92399999997655,1.0001282814322416
12.924999999976547,1.0001281906269204
12.925999999976545,1.0001280997121897
12.926999999976543,1.0001280088319056
12.92799999997654,1.0001279181297036
12.928999999976538,1.0001278277288244
12.929999999976536,1.000127737714815
12.930999999976533,1.000127648123525
12.931999999976531,1.000127558936093
12.932999999976529,1.000127470081615
12.933999999976526,1.0001273814471199
12.934999999976524,1.0001272928934493
12.935999999976522,1.0001272042748162
12.93699999997652,1.000127115459286
12.937999999976517,1.0001270263473105
12.938999999976515,1.0001269368857095
12.939999999976513,1.0001268470751254
12.94099999997651,1.0001267569699233
12.941999999976508,1.0001266666705355
12.942999999976506,1.0001265763093428
12.943999999976503,1.000126486032077
12.9449999999765,1.0001263959773607
12.945999999976499,1.0001263062572563
12.946999999976496,1.0001262169415521
12.947999999976494,1.0001261280479987
12.948999999976492,1.0001260395398592
12.94999999997649,1.0001259513311171
12.950999999976487,1.0001258632986163
12.951999999976485,1.0001257752994153
12.952999999976482,1.0001256871909234
12.95399999997648,1.000125598850979
12.954999999976478,1.0001255101950528
12.955999999976475,1.000125421188158
12.956999999976473,1.0001253318497976
12.95799999997647,1.0001252422512572
12.958999999976468,1.0001251525056283
12.959999999976466,1.0001250627519593
12.960999999976464,1.0001249731357682
12.961999999976461,1.0001248837886458
12.962999999976459,1.000124794809821
12.963999999976457,1.0001247062522793
12.964999999976454,1.0001246181153798
12.965999999976452,1.0001245303450128
12.96699999997645,1.0001244428412626
12.967999999976447,1.0001243554725068
12.968999999976445,1.0001242680939515
12.969999999976443,1.0001241805680128
12.97099999997644,1.0001240927836672
12.971999999976438,1.0001240046720703
12.972999999976436,1.0001239162162359
12.973999999976433,1.0001238274534288
12.974999999976431,1.0001237384699284
12.975999999976429,1.0001236493888999
12.976999999976426,1.0001235603530862
12.977999999976424,1.0001234715047458
12.978999999976422,1.0001233829656686
12.97999999997642,1.000123294820069
12.980999999976417,1.00012320710277
12.981999999976415,1.000123119794325
12.982999999976412,1.0001230328237607
12.98399999997641,1.0001229460785586
12.984999999976408,1.000122859420464
12.985999999976405,1.0001227727049087
12.986999999976403,1.0001226858013175
12.9879999999764,1.0001225986114433
12.988999999976398,1.0001225110831595
12.989999999976396,1.0001224232177621
12.990999999976394,1.0001223350697679
12.991999999976391,1.0001222467392334
12.992999999976389,1.0001221583576847
12.993999999976387,1.0001220700696307
12.994999999976384,1.0001219820122687
12.995999999976382,1.000121894296227
12.99699999997638,1.0001218069900486
12.997999999976377,1.000121720110593
12.998999999976375,1.0001216336207017
12.999999999976373,1.0001215474344656
13.00099999997637,1.0001214614293372
13.001999999976368,1.0001213754633929
13.002999999976366,1.0001212893953202
13.003999999976363,1.0001212031043087
13.004999999976361,1.000121116507056
13.005999999976359,1.0001210295694996
13.006999999976356,1.0001209423116253
13.007999999976354,1.0001208548046878
13.008999999976352,1.0001207671612296
13.00999999997635,1.0001206795193025
13.010999999976347,1.0001205920231133
13.011999999976345,1.000120504802805
13.012999999976342,1.0001204179562182
13.01399999997634,1.000120331535196
13.014999999976338,1.000120245538356
13.015999999976335,1.000120159911341
13.016999999976333,1.0001200745545142
13.01799999997633,1.000119989337007
13.018999999976328,1.000119904115143
13.019999999976326,1.000119818752653
13.020999999976324,1.0001197331398357
13.021999999976321,1.0001196472089802
13.022999999976319,1.00011956094388
13.023999999976317,1.0001194743821085
13.024999999976314,1.0001193876097303
13.025999999976312,1.0001193007491977
13.02699999997631,1.0001192139421338
13.027999999976307,1.0001191273294199
13.028999999976305,1.0001190410313958
13.029999999976303,1.0001189551309537
13.0309999999763,1.0001188696618952
13.031999999976298,1.0001187846041895
13.032999999976296,1.000118699886792
13.033999999976293,1.0001186153976256
13.034999999976291,1.0001185309993184
13.035999999976289,1.0001184465484991
13.036999999976286,1.0001183619159202
13.037999999976284,1.0001182770046035
13.038999999976282,1.0001181917634419
13.03999999997628,1.0001181061943527
13.040999999976277,1.0001180203519802
13.041999999976275,1.0001179343359878
13.042999999976272,1.000117848277034
13.04399999997627,1.0001177623184014
13.044999999976268,1.000117676595866
13.045999999976265,1.0001175912186298
13.046999999976263,1.0001175062539953
13.04799999997626,1.0001174217179354
13.048999999976258,1.0001173375728765
13.049999999976256,1.0001172537330087
13.050999999976254,1.0001171700763811
13.051999999976251,1.0001170864620696
13.05299999997625,1.0001170027500124
13.053999999976247,1.0001169188207193
13.054999999976244,1.0001168345920832
13.055999999976242,1.0001167500309327
13.05699999997624,1.0001166651577096
13.057999999976238,1.0001165800436143
13.058999999976235,1.0001164948006251
13.059999999976233,1.0001164095657913
13.06099999997623,1.000116324482008
13.061999999976228,1.0001162396779766
13.062999999976226,1.0001161552501565
13.063999999976224,1.0001160712492576
13.064999999976221,1.000115987673161
13.065999999976219,1.0001159044672652
13.066999999976217,1.000115821532206
13.067999999976214,1.0001157387378545
13.068999999976212,1.0001156559416309
13.06999999997621,1.0001155730085554
13.070999999976207,1.000115489830217
13.071999999976205,1.0001154063400068
13.072999999976203,1.0001153225224688
13.0739999999762,1.0001152384154588
13.074999999976198,1.000115154104809
13.075999999976196,1.0001150697122476
13.076999999976193,1.0001149853782734
13.077999999976191,1.0001149012423958
13.078999999976189,1.0001148174235144
13.079999999976186,1.0001147340032075
13.080999999976184,1.0001146510142664
13.081999999976182,1.0001145684360822
13.08299999997618,1.0001144861975397
13.083999999976177,1.0001144041869965
13.084999999976175,1.0001143222679527
13.085999999976172,1.0001142402982077
13.08699999997617,1.0001141581498176
13.087999999976168,1.0001140757270426
13.088999999976165,1.0001139929797656
13.089999999976163,1.0001139099104985
13.09099999997616,1.0001138265739917
13.091999999976158,1.0001137430695013
13.092999999976156,1.0001136595268123
13.093999999976154,1.0001135760879818
13.094999999976151,1.0001134928873716
13.095999999976149,1.0001134100327675
13.096999999976147,1.0001133275902476
13.097999999976144,1.0001132455749098
13.098999999976142,1.0001131639487695
13.09999999997614,1.0001130826261198
13.100999999976137,1.0001130014855977
13.101999999976135,1.0001129203872627
13.102999999976133,1.0001128391922849
13.10399999997613,1.000112757782469
13.104999999976128,1.0001126760768733
13.105999999976126,1.00011259404319
13.106999999976123,1.0001125117022938
13.107999999976121,1.0001124291253143
13.108999999976119,1.0001123464236552
13.109999999976116,1.0001122637333613
13.110999999976114,1.0001121811960232
13.111999999976112,1.0001120989389116
13.11299999997611,1.000112017057121
13.113999999976107,1.0001119356002421
13.114999999976105,1.0001118545654326
13.115999999976102,1.0001117738978558
13.1169999999761,1.000111693498417
13.117999999976098,1.000111613237722
13.118999999976095,1.0001115329742725
13.119999999976093,1.0001114525743569
13.12099999997609,1.00011137193083
13.121999999976088,1.0001112909781595
13.122999999976086,1.0001112097016154
13.123999999976084,1.0001111281393156
13.124999999976081,1.0001110463768488
13.125999999976079,1.0001109645352146
13.126999999976077,1.0001108827537926
13.127999999976074,1.0001108011707276
13.128999999976072,1.000110719903495
13.12999999997607,1.000110639032379
13.130999999976067,1.0001105585891772
13.131999999976065,1.0001104785527168
13.132999999976063,1.0001103988518207
13.13399999997606,1.0001103193752818
13.134999999976058,1.0001102399874624
13.135999999976056,1.0001101605473213
13.136999999976053,1.0001100809281973
13.137999999976051,1.0001100010355637
13.138999999976049,1.0001099208202735
13.139999999976046,1.000109840285412
13.140999999976044,1.0001097594858204
13.141999999976042,1.0001096785203398
13.14299999997604,1.0001095975178826
13.143999999976037,1.0001095166192913
13.144999999976035,1.0001094359575264
13.145999999976032,1.0001093556389806
13.14699999997603,1.000109275728526
13.147999999976028,1.0001091962404043
13.148999999976025,1.0001091171362375
13.149999999976023,1.0001090383304274
13.15099999997602,1.0001089597022013
13.151999999976018,1.0001088811125975
13.152999999976016,1.0001088024240006
13.153999999976014,1.000108723519491
13.154999999976011,1.0001086443192726
13.155999999976009,1.000108564791884
13.156999999976007,1.0001084849586146
13.157999999976004,1.0001084048905136
13.158999999976002,1.0001083246984095
13.159999999976,1.000108244517348
13.160999999975997,1.0001081644876293
13.161999999975995,1.000108084735113
13.162999999975993,1.000108005353551
13.16399999997599,1.0001079263914412
13.164999999975988,1.0001078478452385
13.165999999975986,1.0001077696598846
13.166999999975983,1.000107691736567
13.167999999975981,1.0001076139466258
13.168999999975979,1.0001075361496385
13.169999999975976,1.0001074582131466
13.170999999975974,1.0001073800312545
13.171999999975972,1.0001073015394875
13.17299999997597,1.000107222723826
13.173999999975967,1.0001071436226412
13.174999999975965,1.0001070643212708
13.175999999975962,1.0001069849399902
13.17699999997596,1.00010690561707
13.177999999975958,1.0001068264893123
13.178999999975956,1.0001067476727943
13.179999999975953,1.000106669246531
13.18099999997595,1.000106591241351
13.181999999975949,1.0001065136355438
13.182999999975946,1.0001064363578849
13.183999999975944,1.0001063592976116
13.184999999975942,1.0001062823199507
13.18599999997594,1.0001062052850138
13.186999999975937,1.00010612806741
13.187999999975935,1.000106050573813
13.188999999975932,1.0001059727560284
13.18999999997593,1.0001058946177042
13.190999999975928,1.0001058162137657
13.191999999975925,1.0001057376426408
13.192999999975923,1.0001056590323787
13.19399999997592,1.0001055805226218
13.194999999975918,1.0001055022449579
13.195999999975916,1.0001054243044116
13.196999999975914,1.0001053467646803
13.197999999975911,1.000105269639181
13.198999999975909,1.0001051928891616
13.199999999975907,1.0001051164291532
13.200999999975904,1.000105040138983
13.201999999975902,1.0001049638806663
13.2029999999759,1.0001048875177996
13.203999999975897,1.000104810934729
13.204999999975895,1.000104734052791
13.205999999975893,1.0001046568413579
13.20699999997589,1.000104579322127
13.207999999975888,1.0001045015660646
13.208999999975886,1.0001044236834307
13.209999999975883,1.0001043458082877
13.210999999975881,1.0001042680796688
13.211999999975879,1.0001041906220507
13.212999999975876,1.0001041135278763
13.213999999975874,1.0001040368445808
13.214999999975872,1.0001039605679478
13.21599999997587,1.0001038846427224
13.216999999975867,1.0001038089703909
13.217999999975865,1.0001037334230383
13.218999999975862,1.0001036578613185
13.21999999997586,1.0001035821540227
13.220999999975858,1.0001035061964967
13.221999999975855,1.0001034299253133
13.222999999975853,1.000103353327154
13.22399999997585,1.0001032764406401
13.224999999975848,1.0001031993508636
13.225999999975846,1.0001031221773864
13.226999999975844,1.0001030450573918
13.227999999975841,1.000102968126367
13.228999999975839,1.0001028914990209
13.229999999975837,1.0001028152531366
13.230999999975834,1.0001027394186106
13.231999999975832,1.0001026639732236
13.23299999997583,1.0001025888457282
13.233999999975827,1.0001025139258262
13.234999999975825,1.0001024390796174
13.235999999975823,1.0001023641683684
13.23699999997582,1.0001022890679543
13.237999999975818,1.000102213686243
13.238999999975816,1.000102137975985
13.239999999975813,1.0001020619413872
13.240999999975811,1.0001019856374609
13.241999999975809,1.000101909162228
13.242999999975806,1.000101832642893
13.243999999975804,1.0001017562179253
13.244999999975802,1.0001016800175686
13.2459999999758,1.0001016041455189
13.246999999975797,1.0001015286643369
13.247999999975795,1.0001014535866488
13.248999999975792,1.000101378873364
13.24999999997579,1.000101304439166
13.250999999975788,1.000101230164499
13.251999999975785,1.000101155912365
13.252999999975783,1.0001010815475753
13.25399999997578,1.0001010069557377
13.254999999975778,1.0001009320593164
13.255999999975776,1.0001008568285128
13.256999999975774,1.0001007812854332
13.257999999975771,1.0001007055009672
13.258999999975769,1.00010062958482
13.259999999975767,1.000100553670092
13.260999999975764,1.0001004778945792
13.261999999975762,1.000100402381412
13.26299999997576,1.0001003272217632
13.263999999975757,1.000100252462048
13.264999999975755,1.0001001780974141
13.265999999975753,1.0001001040724418
13.26699999997575,1.000100030288942
13.267999999975748,1.0000999566197597
13.268999999975746,1.0000998829266345
13.269999999975743,1.0000998090796107
13.270999999975741,1.0000997349752716
13.271999999975739,1.0000996605512353
13.272999999975736,1.0000995857948842
13.273999999975734,1.000099510745091
13.274999999975732,1.0000994354867134
13.27599999997573,1.0000993601386186
13.276999999975727,1.0000992848369301
13.277999999975725,1.0000992097158523
13.278999999975722,1.0000991348887676
13.27999999997572,1.0000990604322677
13.280999999975718,1.000098986375359
13.281999999975715,1.0000989126953495
13.282999999975713,1.000098839321004
13.28399999997571,1.000098766142509
13.284999999975708,1.000098693026855
13.285999999975706,1.0000986198364707
13.286999999975704,1.0000985464485
13.287999999975701,1.0000984727720035
13.2889999999757,1.0000983987606757
13.289999999975697,1.0000983244192843
13.290999999975694,1.000098249802933
13.291999999975692,1.0000981750092524
13.29299999997569,1.0000981001646252
13.293999999975687,1.0000980254063794
13.294999999975685,1.0000979508634533
13.295999999975683,1.0000978766382544
13.29699999997568,1.0000978027922507
13.297999999975678,1.00009772933732
13.298999999975676,1.00009765623407
13.299999999975674,1.000097583397367
13.300999999975671,1.000097510708294
13.301999999975669,1.000097438030856
13.302999999975667,1.0000973652310852
13.303999999975664,1.0000972921958529
13.304999999975662,1.000097218848753
13.30599999997566,1.0000971451608136
13.306999999975657,1.0000970711545552
13.307999999975655,1.0000969969008013
13.308999999975653,1.0000969225087222
13.30999999997565,1.000096848110483
13.310999999975648,1.0000967738426751
13.311999999975646,1.0000966998271246
13.312999999975643,1.0000966261537785
13.31399999997564,1.000096552868074
13.314999999975639,1.0000964799645662
13.315999999975636,1.0000964073877068
13.316999999975634,1.00009633503966
13.317999999975632,1.0000962627940515
13.31899999997563,1.0000961905137191
13.319999999975627,1.000096118069966
13.320999999975625,1.0000960453606151
13.321999999975622,1.000095972324331
13.32299999997562,1.0000958989491975
13.323999999975618,1.0000958252743488
13.324999999975615,1.0000957513844202
13.325999999975613,1.0000956773976062
13.32699999997561,1.0000956034490005
13.327999999975608,1.0000955296715628
13.328999999975606,1.0000954561773923
13.329999999975604,1.0000953830419341
13.330999999975601,1.0000953102933465
13.331999999975599,1.0000952379085082
13.332999999975597,1.0000951658162278
13.333999999975594,1.0000950939072057
13.334999999975592,1.0000950220493392
13.33599999997559,1.0000949501062317
13.336999999975587,1.0000948779563001
13.337999999975585,1.0000948055097998
13.338999999975583,1.0000947327213705
13.33999999997558,1.0000946595963436
13.340999999975578,1.0000945861899255
13.341999999975576,1.000094512599374
13.342999999975573,1.0000944389502748
13.343999999975571,1.0000943653788457
13.344999999975569,1.0000942920127593
13.345999999975566,1.0000942189531803
13.346999999975564,1.0000941462605284
13.347999999975562,1.0000940739459758
13.34899999997556,1.0000940019698676
13.349999999975557,1.000093930247285
13.350999999975555,1.0000938586599746
13.351999999975552,1.0000937870729594
13.35299999997555,1.0000937153535003
13.353999999975548,1.0000936433897378
13.354999999975545,1.0000935711063934
13.355999999975543,1.000093498475329
13.35699999997554,1.0000934255194815
13.357999999975538,1.0000933523096214
13.358999999975536,1.0000932789544006
13.359999999975534,1.0000932055850786
13.360999999975531,1.0000931323370787
13.361999999975529,1.000093059330963
13.362999999975527,1.0000929866554962
13.363999999975524,1.000092914355183
13.364999999975522,1.000092842424027
13.36599999997552,1.0000927708063887
13.366999999975517,1.0000926994048125
13.367999999975515,1.000092628093728
13.368999999975513,1.000092556737083
13.36999999997551,1.0000924852074455
13.370999999975508,1.0000924134038818
13.371999999975506,1.0000923412661016
13.372999999975503,1.0000922687828955
13.373999999975501,1.0000921959936624
13.374999999975499,1.000092122982831
13.375999999975496,1.000092049867946
13.376999999975494,1.0000919767830987
13.377999999975492,1.0000919038600424
13.37899999997549,1.0000918312096323
13.379999999975487,1.0000917589062135
13.380999999975485,1.0000916869771397
13.381999999975482,1.000091615398898
13.38299999997548,1.0000915441003757
13.383999999975478,1.0000914729728116
13.384999999975475,1.0000914018850289
13.385999999975473,1.000091330701813
13.38699999997547,1.0000912593028601
13.387999999975468,1.0000911875996195
13.388999999975466,1.0000911155476764
13.389999999975464,1.0000910431529288
13.390999999975461,1.0000909704706953
13.391999999975459,1.0000908975978748
13.392999999975457,1.0000908246592792
13.393999999975454,1.000090751790048
13.394999999975452,1.0000906791166269
13.39599999997545,1.0000906067389776
13.396999999975447,1.0000905347165152
13.397999999975445,1.0000904630597485
13.398999999975443,1.0000903917287955
13.39999999997544,1.0000903206389828
13.400999999975438,1.0000902496727422
13.401999999975436,1.0000901786961278
13.402999999975433,1.0000901075776365
13.403999999975431,1.0000900362066778
13.404999999975429,1.000089964509102
13.405999999975426,1.0000898924576014
13.406999999975424,1.0000898200755344
13.407999999975422,1.0000897474336279
13.40899999997542,1.0000896746400323
13.409999999975417,1.0000896018251257
13.410999999975415,1.0000895291231964
13.411999999975412,1.000089456653579
13.41299999997541,1.0000893845038972
13.413999999975408,1.000089312717764
13.414999999975405,1.0000892412886708
13.415999999975403,1.0000891701609185
13.4169999999754,1.0000890992374603
13.417999999975398,1.0000890283935437
13.418999999975396,1.0000889574942382
13.419999999975394,1.000088886413379
13.420999999975392,1.0000888150512734
13.42199999997539,1.000088743348676
13.422999999975387,1.0000886712950798
13.423999999975385,1.0000885989301558
13.424999999975382,1.0000885263381334
13.42599999997538,1.0000884536359242
13.426999999975378,1.0000883809566468
13.427999999975375,1.0000883084308783
13.428999999975373,1.0000882361682686
13.42999999997537,1.0000881642420993
13.430999999975368,1.0000880926789606
13.431999999975366,1.0000880214549832
13.432999999975364,1.0000879504991615
13.433999999975361,1.0000878797032946
13.434999999975359,1.0000878089371417
13.435999999975357,1.0000877380666797
13.436999999975354,1.0000876669728795
13.437999999975352,1.0000875955683821
13.43899999997535,1.000087523809715
13.439999999975347,1.0000874517033425
13.440999999975345,1.0000873793046956
13.441999999975343,1.0000873067103278
13.44299999997534,1.000087234044294
13.443999999975338,1.0000871614406828
13.444999999975336,1.0000870890247453
13.445999999975333,1.0000870168952771
13.446999999975331,1.0000869451107257
13.447999999975329,1.0000868736809712
13.448999999975326,1.0000868025659368
13.449999999975324,1.000086731681218
13.450999999975322,1.0000866609099477
13.45199999997532,1.00008659011922
13.452999999975317,1.0000865191787687
13.453999999975315,1.000086447979269
13.454999999975312,1.0000863764476942
13.45599999997531,1.0000863045575614
13.456999999975308,1.0000862323326474
13.457999999975305,1.000086159843639
13.458999999975303,1.0000860871981976
13.4599999999753,1.0000860145258388
13.460999999975298,1.0000859419597403
13.461999999975296,1.0000858696180421
13.462999999975294,1.0000857975872628
13.463999999975291,1.0000857259101594
13.464999999975289,1.0000856545797412
13.465999999975287,1.000085583540278
13.466999999975284,1.0000855126951476
13.467999999975282,1.0000854419204297
13.46899999997528,1.0000853710823172
13.469999999975277,1.0000853000559105
13.470999999975275,1.0000852287427502
13.471999999975273,1.0000851570846272
13.47299999997527,1.000085085071732
13.473999999975268,1.000085012744002
13.474999999975266,1.0000849401854737
13.475999999975263,1.0000848675124376
13.476999999975261,1.000084794857056
13.477999999975259,1.0000847223487574
13.478999999975256,1.0000846500960168
13.479999999975254,1.0000845781710874
13.480999999975252,1.0000845065998245
13.48199999997525,1.0000844353580316
13.482999999975247,1.0000843643748314
13.483999999975245,1.0000842935425964
13.484999999975242,1.000084222732031
13.48599999997524,1.0000841518102994
13.486999999975238,1.0000840806596438
13.487999999975235,1.0000840091938845
13.488999999975233,1.0000839373704808
13.48999999997523,1.0000838651964543
13.490999999975228,1.000083792727348
13.491999999975226,1.0000837200593717
13.492999999975224,1.0000836473158383
13.493999999975221,1.0000835746298022
13.494999999975219,1.000083502125345
13.495999999975217,1.000083429900125
13.496999999975214,1.000083358011654
13.497999999975212,1.0000832864692113
13.49899999997521,1.0000832152325476
13.499999999975207,1.0000831442175455
13.500999999975205,1.000083073308048
13.501999999975203,1.0000830023721896
13.5029999999752,1.0000829312809358
13.503999999975198,1.0000828599262173
13.504999999975196,1.000082788236114
13.505999999975193,1.0000827161849595
13.506999999975191,1.0000826437969397
13.507999999975189,1.0000825711426962
13.508999999975186,1.0000824983294079
13.509999999975184,1.000082425485738
13.510999999975182,1.0000823527437737
13.51199999997518,1.0000822802204854
13.512999999975177,1.000082208001312
13.513999999975175,1.0000821361281804
13.514999999975172,1.0000820645936448
13.51599999997517,1.0000819933419598
13.516999999975168,1.0000819222769433
13.517999999975165,1.0000818512755085
13.518999999975163,1.0000817802049689
13.51999999997516,1.00008170894168
13.520999999975158,1.0000816373884018
13.521999999975156,1.0000815654879456
13.522999999975154,1.0000814932311846
13.523999999975151,1.0000814206583142
13.52499999997515,1.0000813478531754
13.525999999975147,1.0000812749314405
13.526999999975144,1.0000812020243295
13.527999999975142,1.0000811292601395
13.52899999997514,1.0000810567461935
13.529999999975137,1.0000809845537397
13.530999999975135,1.0000809127079242
13.531999999975133,1.000080841184242
13.53299999997513,1.0000807699119596
13.533999999975128,1.0000806987840294
13.534999999975126,1.0000806276720997
13.535999999975123,1.0000805564445128
13.536999999975121,1.0000804849847678
13.537999999975119,1.0000804132078485
13.538999999975116,1.0000803410721288
13.539999999975114,1.000080268585172
13.540999999975112,1.000080195802623
13.54199999997511,1.0000801228203458
13.542999999975107,1.0000800497609132
13.543999999975105,1.000079976756361
13.544999999975103,1.0000799039296169
13.5459999999751,1.0000798313772252
13.546999999975098,1.0000797591557806
13.547999999975096,1.000079687273985
13.548999999975093,1.0000796156914322
13.54999999997509,1.0000795443243002
13.550999999975089,1.0000794730571438
13.551999999975086,1.0000794017591332
13.552999999975084,1.0000793303024516
13.553999999975082,1.0000792585802674
13.55499999997508,1.000079186521749
13.555999999975077,1.0000791141020247
13.556999999975075,1.0000790413456748
13.557999999975072,1.000078968323289
13.55899999997507,1.0000788951415558
13.559999999975068,1.0000788219282948
13.560999999975065,1.000078748814514
13.561999999975063,1.00007867591603
13.56299999997506,1.000078603317221
13.563999999975058,1.0000785310592055
13.564999999975056,1.0000784591340963
13.565999999975054,1.0000783874861474
13.566999999975051,1.0000783160196183
13.567999999975049,1.0000782446122538
13.568999999975047,1.0000781731324768
13.569999999975044,1.000078101457881
13.570999999975042,1.0000780294924265
13.57199999997504,1.000077957179921
13.572999999975037,1.0000778845119025
13.573999999975035,1.0000778115288096
13.574999999975033,1.000077738314275
13.57599999997503,1.0000776649833527
13.576999999975028,1.0000775916663234
13.577999999975026,1.0000775184903656
13.578999999975023,1.0000774455616668
13.579999999975021,1.000077372950487
13.580999999975019,1.0000773006812809
13.581999999975016,1.0000772287292463
13.582999999975014,1.0000771570238014
13.583999999975012,1.0000770854584788
13.58499999997501,1.0000770139058615
13.585999999975007,1.000076942235456
13.586999999975005,1.0000768703319978
13.587999999975002,1.0000767981116114
13.588999999975,1.0000767255335599
13.589999999974998,1.0000766526059301
13.590999999974995,1.0000765793844533
13.591999999974993,1.0000765059646368
13.59299999997499,1.000076432468315
13.593999999974988,1.0000763590265072
13.594999999974986,1.0000762857610004
13.595999999974984,1.0000762127672378
13.596999999974981,1.000076140100916
13.597999999974979,1.00007606777017
13.598999999974977,1.0000759957344478
13.599999999974974,1.0000759239102244
13.600999999974972,1.0000758521827624
13.60199999997497,1.0000757804222542
13.602999999974967,1.0000757085020837
13.603999999974965,1.000075636316632
13.604999999974963,1.0000755637961338
13.60599999997496,1.0000754909164864
13.606999999974958,1.0000754177026445
13.607999999974956,1.0000753442251291
13.608999999974953,1.0000752705901337
13.609999999974951,1.0000751969246302
13.610999999974949,1.0000751233585536
13.611999999974946,1.0000750500065778
13.612999999974944,1.0000749769520354
13.613999999974942,1.0000749042352488
13.61499999997494,1.0000748318479011
13.615999999974937,1.00007475973425
13.616999999974935,1.0000746877989963
13.617999999974932,1.0000746159207068
13.61899999997493,1.0000745439688992
13.619999999974928,1.0000744718223824
13.620999999974925,1.0000743993862897
13.621999999974923,1.0000743266054022
13.62299999997492,1.0000742534718963
13.623999999974918,1.0000741800264317
13.624999999974916,1.000074106352422
13.625999999974914,1.0000740325642943
13.626999999974911,1.000073958791391
13.627999999974909,1.0000738851597784
13.628999999974907,1.0000738117745167
13.629999999974904,1.0000737387048937
13.630999999974902,1.0000736659746805
13.6319999999749,1.0000735935587899
13.632999999974897,1.00007352138679
13.633999999974895,1.0000734493527894
13.634999999974893,1.0000733773302923
13.63599999997489,1.0000733051899517
13.636999999974888,1.0000732328177144
13.637999999974886,1.0000731601308186
13.638999999974883,1.0000730870893912
13.639999999974881,1.000073013702016
13.640999999974879,1.0000729400244914
13.641999999974876,1.0000728661519582
13.642999999974874,1.0000727922055042
13.643999999974872,1.0000727183151334
13.64499999997487,1.000072644601501
13.645999999974867,1.0000725711589586
13.646999999974865,1.0000724980423146
13.647999999974862,1.0000724252591477
13.64899999997486,1.0000723527687634
13.649999999974858,1.0000722804879336
13.650999999974855,1.0000722083026192
13.651999999974853,1.0000721360840195
13.65299999997485,1.0000720637066953
13.653999999974848,1.0000719910662184
13.654999999974846,1.0000719180938582
13.655999999974844,1.0000718447662544
13.656999999974841,1.000071771108714
13.65799999997484,1.0000716971916703
13.658999999974837,1.0000716231208107
13.659999999974834,1.0000715490222565
13.660999999974832,1.0000714750248714
13.66199999997483,1.0000714012421947
13.662999999974828,1.0000713277565239
13.663999999974825,1.0000712546073927
13.664999999974823,1.0000711817860632
13.66599999997482,1.0000711092367975
13.666999999974818,1.0000710368647334
13.667999999974816,1.000070964549249
13.668999999974814,1.000070892160935
13.669999999974811,1.0000708195797945
13.670999999974809,1.0000707467121064
13.671999999974807,1.0000706735035942
13.672999999974804,1.0000705999470485
13.673999999974802,1.000070526083328
13.6749999999748,1.00007045199561
13.675999999974797,1.0000703777976858
13.676999999974795,1.0000703036179592
13.677999999974793,1.000070229581386
13.67899999997479,1.0000701557919092
13.679999999974788,1.0000700823178503
13.680999999974786,1.000070009182309
13.681999999974783,1.000069936359914
13.682999999974781,1.0000698637803853
13.683999999974779,1.0000697913383976
13.684999999974776,1.0000697189083647
13.685999999974774,1.0000696463620629
13.686999999974772,1.0000695735866256
13.68799999997477,1.0000695005003764
13.688999999974767,1.0000694270642778
13.689999999974765,1.0000693532873859
13.690999999974762,1.0000692792255452
13.69199999997476,1.0000692049735151
13.692999999974758,1.0000691306516305
13.693999999974755,1.0000690563888839
13.694999999974753,1.0000689823047981
13.69599999997475,1.0000689084926444
13.696999999974748,1.0000688350063511
13.697999999974746,1.000068761852948
13.698999999974744,1.0000686889916
13.699999999974741,1.0000686163393744
13.700999999974739,1.0000685437829189
13.701999999974737,1.0000684711944228
13.702999999974734,1.0000683984496024
13.703999999974732,1.00006832544519
13.70499999997473,1.0000682521134643
13.705999999974727,1.0000681784317804
13.706999999974725,1.0000681044257729
13.707999999974723,1.0000680301657698
13.70899999997472,1.0000679557569416
13.709999999974718,1.0000678813245534
13.710999999974716,1.0000678069964009
13.711999999974713,1.0000677328848937
13.712999999974711,1.0000676590713014
13.713999999974709,1.0000675855943804
13.714999999974706,1.0000675124449756
13.715999999974704,1.0000674395673559
13.716999999974702,1.0000673668670892
13.7179999999747,1.000067294224352
13.718999999974697,1.0000672215107913
13.719999999974695,1.0000671486075778
13.720999999974692,1.0000670754221097
13.72199999997469,1.000067001901027
13.722999999974688,1.0000669280377061
13.723999999974685,1.0000668538731854
13.724999999974683,1.000066779490388
13.72599999997468,1.0000667050024634
13.726999999974678,1.000066630536871
13.727999999974676,1.0000665562174635
13.728999999974674,1.0000664821470724
13.729999999974671,1.000066408393064
13.730999999974669,1.0000663349778705
13.731999999974667,1.0000662618758427
13.732999999974664,1.0000661890168516
13.733999999974662,1.000066116296133
13.73499999997466,1.0000660435889925
13.735999999974657,1.0000659707683104
13.736999999974655,1.000065897722381
13.737999999974653,1.000065824370587
13.73899999997465,1.0000657506746995
13.739999999974648,1.0000656766442235
13.740999999974646,1.000065602335032
13.741999999974643,1.0000655278414896
13.742999999974641,1.0000654532831723
13.743999999974639,1.0000653787880587
13.744999999974636,1.0000653044745487
13.745999999974634,1.0000652304348407
13.746999999974632,1.000065156721992
13.74799999997463,1.0000650833424902
13.748999999974627,1.0000650102553639
13.749999999974625,1.0000649373779695
13.750999999974622,1.000064864597635
13.75199999997462,1.0000647917875238
13.752999999974618,1.0000647188244856
13.753999999974615,1.0000646456063895
13.754999999974613,1.0000645720664956
13.75599999997461,1.0000644981828501
13.756999999974608,1.0000644239813934
13.757999999974606,1.000064349532333
13.758999999974604,1.000064274940311
13.759999999974601,1.0000642003297346
13.760999999974599,1.0000641258273342
13.761999999974597,1.0000640515443964
13.762999999974594,1.000063977561173
13.763999999974592,1.000063903915652
13.76499999997459,1.0000638305982676
13.765999999974587,1.0000637575532962
13.766999999974585,1.0000636846867332
13.767999999974583,1.000063611879541
13.76899999997458,1.0000635390044064
13.769999999974578,1.0000634659436456
13.770999999974576,1.0000633926057516
13.771999999974573,1.0000633189382562
13.772999999974571,1.0000632449350968
13.773999999974569,1.0000631706374725
13.774999999974566,1.0000630961280428
13.775999999974564,1.0000630215193052
13.776999999974562,1.0000629469377773
13.77799999997456,1.0000628725062102
13.778999999974557,1.0000627983263353
13.779999999974555,1.0000627244645715
13.780999999974552,1.0000626509426964
13.78199999997455,1.000062577734788
13.782999999974548,1.0000625047708662
13.783999999974546,1.0000624319467206
13.784999999974543,1.0000623591385394
13.78599999997454,1.0000622862202877
13.786999999974539,1.0000622130813996
13.787999999974536,1.0000621396422913
13.788999999974534,1.00006206586552
13.789999999974532,1.0000619917610187
13.79099999997453,1.000061917384672
13.791999999974527,1.0000618428304402
13.792999999974525,1.000061768217137
13.793999999974522,1.0000616936717313
13.79499999997452,1.0000616193115055
13.795999999974518,1.0000615452275954
13.796999999974515,1.000061471472199
13.797999999974513,1.0000613980512687
13.79899999997451,1.0000613249237027
13.799999999974508,1.0000612520071475
13.800999999974506,1.0000611791896026
13.801999999974504,1.0000611063451903
13.802999999974501,1.0000610333518767
13.803999999974499,1.0000609601086459
13.804999999974497,1.0000608865497163
13.805999999974494,1.0000608126538044
13.806999999974492,1.000060738447136
13.80799999997449,1.0000606639997855
13.808999999974487,1.0000605894158612
13.809999999974485,1.0000605148189115
13.810999999974483,1.0000604403346054
13.81199999997448,1.0000603660731182
13.812999999974478,1.0000602921136954
13.813999999974476,1.0000602184935659
13.814999999974473,1.0000601452027613
13.815999999974471,1.0000600721855695
13.816999999974469,1.000059999348411
13.817999999974466,1.0000599265730263
13.818999999974464,1.0000598537331267
13.819999999974462,1.0000597807121556
13.82099999997446,1.0000597074196795
13.821999999974457,1.0000596338040972
13.822999999974455,1.0000595598598936
13.823999999974452,1.0000594856284097
13.82499999997445,1.0000594111920296
13.825999999974448,1.0000593366625972
13.826999999974445,1.0000592621656905
13.827999999974443,1.000059187822968
13.82899999997444,1.000059113735071
13.829999999974438,1.0000590399674838
13.830999999974436,1.0000589665413386
13.831999999974434,1.0000588934304475
13.832999999974431,1.000058820564984
13.833999999974429,1.0000587478412881
13.834999999974427,1.0000586751364187
13.835999999974424,1.0000586023254123
13.836999999974422,1.0000585292988233
13.83799999997442,1.000058455978082
13.838999999974417,1.0000583823265115
13.839999999974415,1.0000583083544543
13.840999999974413,1.0000582341177953
13.84199999997441,1.0000581597100826
13.842999999974408,1.0000580852493683
13.843999999974406,1.0000580108616146
13.844999999974403,1.0000579366630002
13.845999999974401,1.0000578627436068
13.846999999974399,1.0000577891547875
13.847999999974396,1.000057715901971
13.848999999974394,1.00005764294393
13.849999999974392,1.0000575701986012
13.85099999997439,1.0000574975546515
13.851999999974387,1.0000574248871534
13.852999999974385,1.0000573520751732
13.853999999974382,1.0000572790187905
13.85499999997438,1.0000572056531625
13.855999999974378,1.000057131957657
13.856999999974375,1.0000570579587733
13.857999999974373,1.0000569837264417
13.85899999997437,1.0000569093642326
13.859999999974368,1.0000568349948387
13.860999999974366,1.000056760742875
13.861999999974364,1.0000566867174159
13.862999999974361,1.0000566129967134
13.863999999974359,1.0000565396172507
13.864999999974357,1.0000564665686684
13.865999999974354,1.0000563937952704
13.866999999974352,1.0000563212039006
13.86799999997435,1.0000562486770732
13.868999999974347,1.0000561760895115
13.869999999974345,1.0000561033257713
13.870999999974343,1.0000560302964738
13.87199999997434,1.0000559569508687
13.872999999974338,1.0000558832839674
13.873999999974336,1.0000558093372438
13.874999999974333,1.0000557351927999
13.875999999974331,1.0000556609618247
13.876999999974329,1.0000555867689607
13.877999999974326,1.0000555127347837
13.878999999974324,1.000055438958857
13.879999999974322,1.0000553655057454
13.88099999997432,1.0000552923959478
13.881999999974317,1.0000552196030197
13.882999999974315,1.0000551470572925
13.883999999974312,1.0000550746556551
13.88499999997431,1.0000550022760302
13.885999999974308,1.0000549297945132
13.886999999974305,1.000054857102762
13.887999999974303,1.0000547841232044
13.8889999999743,1.000054710819911
13.889999999974298,1.0000546372036208
13.890999999974296,1.0000545633302076
13.891999999974294,1.0000544892928054
13.892999999974291,1.0000544152087054
13.89399999997429,1.0000543412028717
13.894999999974287,1.0000542673903863
13.895999999974284,1.0000541938602963
13.896999999974282,1.0000541206631202
13.89799999997428,1.0000540478037772
13.898999999974277,1.000053975240921
13.899999999974275,1.0000539028927833
13.900999999974273,1.0000538306486941
13.90199999997427,1.0000537583846678
13.902999999974268,1.0000536859808566
13.903999999974266,1.0000536133384204
13.904999999974264,1.000053540393439
13.905999999974261,1.0000534671259158
13.906999999974259,1.0000533935626092
13.907999999974257,1.0000533197733004
13.908999999974254,1.0000532458610192
13.909999999974252,1.000053171947606
13.91099999997425,1.0000530981566336
13.911999999974247,1.0000530245960872
13.912999999974245,1.00005295134324
13.913999999974243,1.0000528784338427
13.91499999997424,1.0000528058571554
13.915999999974238,1.0000527335575056
13.916999999974236,1.000052661442162
13.917999999974233,1.0000525893944074
13.91899999997423,1.0000525172899677
13.919999999974229,1.0000524450144959
13.920999999974226,1.000052372479652
13.921999999974224,1.0000522996355212
13.922999999974222,1.0000522264776284
13.92399999997422,1.0000521530475681
13.924999999974217,1.0000520794271566
13.925999999974215,1.000052005726928
13.926999999974212,1.000051932070596
13.92799999997421,1.0000518585776648
13.928999999974208,1.0000517853466342
13.929999999974205,1.0000517124411623
13.930999999974203,1.0000516398811283
13.9319999999742,1.0000515676398418
13.932999999974198,1.0000514956477964
13.933999999974196,1.000051423802429
13.934999999974194,1.0000513519825212
13.935999999974191,1.0000512800652137
13.936999999974189,1.0000512079432569
13.937999999974187,1.000051135540057
13.938999999974184,1.0000510628204182
13.939999999974182,1.0000509897954641
13.94099999997418,1.0000509165210494
13.941999999974177,1.0000508430898896
13.942999999974175,1.000050769618519
13.943999999974173,1.0000506962309108
13.94499999997417,1.0000506230410653
13.945999999974168,1.0000505501370052
13.946999999974166,1.000050477568431
13.947999999974163,1.0000504053397627
13.948999999974161,1.0000503334095463
13.949999999974159,1.0000502616963092
13.950999999974156,1.0000501900900438
13.951999999974154,1.0000501184676969
13.952999999974152,1.0000500467104958
13.95399999997415,1.000049974720665
13.954999999974147,1.0000499024351908
13.955999999974145,1.0000498298346978
13.956999999974142,1.0000497569461944
13.95799999997414,1.000049683839304
13.958999999974138,1.0000496106165169
13.959999999974135,1.000049537398826
13.960999999974133,1.000049464308769
13.96199999997413,1.0000493914532556
13.962999999974128,1.0000493189085955
13.963999999974126,1.00004924670982
13.964999999974124,1.0000491748458196
13.965999999974121,1.0000491032609513
13.966999999974119,1.0000490318629114
13.967999999974117,1.000048960535745
13.968999999974114,1.0000488891561718
13.969999999974112,1.0000488176109295
13.97099999997411,1.000048745812701
13.971999999974107,1.00004867371239
13.972999999974105,1.0000486013060224
13.973999999974103,1.000048528635305
13.9749999999741,1.0000484557817615
13.975999999974098,1.000048382855274
13.976999999974096,1.000048309978634
13.977999999974093,1.0000482372702832
13.978999999974091,1.000048164827671
13.979999999974089,1.0000480927135642
13.980999999974086,1.000048020947234
13.981999999974084,1.0000479495017531
13.982999999974082,1.0000478783077815
13.98399999997408,1.000047807263304
13.984999999974077,1.0000477362479523
13.985999999974075,1.0000476651399055
13.986999999974072,1.000047593832988
13.98799999997407,1.0000475222515706
13.988999999974068,1.0000474503611756
13.989999999974065,1.0000473781732986
13.990999999974063,1.0000473057437675
13.99199999997406,1.0000472331648762
13.992999999974058,1.0000471605524046
13.993999999974056,1.000047088029344
13.994999999974054,1.0000470157086214
13.995999999974051,1.0000469436772508
13.996999999974049,1.0000468719841271
13.997999999974047,1.000046800633182
13.998999999974044,1.0000467295828601
13.999999999974042,1.000046658751988
14.00099999997404,1.0000465880312164
14.001999999974037,1.0000465172984172
14.002999999974035,1.000046446435879
14.003999999974033,1.0000463753468762
14.00499999997403,1.0000463039692857
14.005999999974028,1.000046232284339
14.006999999974026,1.000046160319282
14.007999999974023,1.0000460881435742
14.008999999974021,1.0000460158591635
14.009999999974019,1.0000459435862
14.010999999974016,1.0000458714461957
14.011999999974014,1.0000457995449978
14.012999999974012,1.000045727957961
14.01399999997401,1.0000456567194136
14.014999999974007,1.000045585817882
14.015999999974005,1.0000455151977603
14.016999999974002,1.0000454447671707
14.017999999974,1.0000453744109163
14.018999999973998,1.0000453040066997
14.019999999973995,1.0000452334423289
14.020999999973993,1.000045162631494
14.02199999997399,1.000045091525901
14.022999999973988,1.0000450201220614
14.023999999973986,1.0000449484617844
14.024999999973984,1.0000448766262973
14.025999999973982,1.0000448047248283
14.02699999997398,1.0000447328792508
14.027999999973977,1.0000446612069551
14.028999999973975,1.0000445898043506
14.029999999973972,1.0000445187333253
14.03099999997397,1.0000444480125525
14.031999999973968,1.000044377614876
14.032999999973965,1.0000443074711254
14.033999999973963,1.0000442374798293
14.03499999997396,1.0000441675214635
14.035999999973958,1.0000440974752314
14.036999999973956,1.0000440272360174
14.037999999973954,1.0000439567291384
14.038999999973951,1.000043885920821
14.039999999973949,1.0000438148229167
14.040999999973947,1.0000437434912164
14.041999999973944,1.0000436720175914
14.042999999973942,1.0000436005170663
14.04399999997394,1.0000435291116547
14.044999999973937,1.000043457913223
14.045999999973935,1.0000433870077856
14.046999999973933,1.000043316443444
14.04799999997393,1.00004324622365
14.048999999973928,1.0000431763067525
14.049999999973926,1.0000431066118785
14.050999999973923,1.0000430370303304
14.051999999973921,1.0000429674408955
14.052999999973919,1.0000428977269094
14.053999999973916,1.0000428277926798
14.054999999973914,1.0000427575769568
14.055999999973912,1.0000426870615613
14.05699999997391,1.0000426162739642
14.057999999973907,1.0000425452834538
14.058999999973905,1.0000424741914333
14.059999999973902,1.000042403117211
14.0609999999739,1.0000423321812795
14.061999999973898,1.0000422614884306
14.062999999973895,1.0000421911130797
14.063999999973893,1.0000421210888568
14.06499999997389,1.000042051403936
14.065999999973888,1.0000419820027493
14.066999999973886,1.0000419127938422
14.067999999973884,1.000041843662769
14.068999999973881,1.0000417744882029
14.069999999973879,1.0000417051590047
14.070999999973877,1.0000416355898545
14.071999999973874,1.0000415657332427
14.072999999973872,1.0000414955861523
14.07399999997387,1.0000414251904808
14.074999999973867,1.0000413546271512
14.075999999973865,1.0000412840047361
14.076999999973863,1.0000412134441954
14.07799999997386,1.0000411430618743
14.078999999973858,1.0000410729531517
14.079999999973856,1.0000410031790443
14.080999999973853,1.0000409337576386
14.081999999973851,1.0000408646615528
14.082999999973849,1.0000407958217872
14.083999999973846,1.0000407271374103
14.084999999973844,1.000040658489732
14.085999999973842,1.0000405897589641
14.08699999997384,1.0000405208410337
14.087999999973837,1.0000404516621877
14.088999999973835,1.000040382189334
14.089999999973832,1.0000403124346684
14.09099999997383,1.0000402424539354
14.091999999973828,1.0000401723385726
14.092999999973825,1.0000401022028507
14.093999999973823,1.0000400321678096
14.09499999997382,1.0000399623442615
14.095999999973818,1.0000398928172314
14.096999999973816,1.0000398236340347
14.097999999973814,1.0000397547976507
14.098999999973811,1.0000396862663363
14.099999999973809,1.0000396179595141
14.100999999973807,1.0000395497691348
14.101999999973804,1.0000394815748872
14.102999999973802,1.0000394132611377
14.1039999999738,1.0000393447332088
14.104999999973797,1.0000392759307029
14.105999999973795,1.0000392068360144
14.106999999973793,1.0000391374768252
14.10799999997379,1.00003906792224
14.108999999973788,1.0000389982731122
14.109999999973786,1.0000389286479086
14.110999999973783,1.0000388591661067
14.111999999973781,1.0000387899314522
14.112999999973779,1.0000387210174266
14.113999999973776,1.0000386524569713
14.114999999973774,1.0000385842379123
14.115999999973772,1.0000385163047198
14.11699999997377,1.000038448566359
14.117999999973767,1.000038380909125
14.118999999973765,1.0000383132126474
14.119999999973762,1.0000382453668235
14.12099999997376,1.0000381772873017
14.121999999973758,1.0000381089273394
14.122999999973755,1.0000380402843707
14.123999999973753,1.0000379714003693
14.12499999997375,1.000037902355944
14.125999999973748,1.0000378332590083
14.126999999973746,1.0000377642296086
14.127999999973744,1.000037695383049
14.128999999973741,1.0000376268136864
14.12999999997374,1.0000375585816756
14.130999999973737,1.0000374907045209
14.131999999973734,1.0000374231546199
14.132999999973732,1.00003735586314
14.13399999997373,1.0000372887296836
14.134999999973727,1.0000372216363824
14.135999999973725,1.0000371544644413
14.136999999973723,1.00003708711081
14.13799999997372,1.0000370195026445
14.138999999973718,1.0000369516075172
14.139999999973716,1.0000368834379485
14.140999999973713,1.0000368150496226
14.141999999973711,1.000036746533538
14.142999999973709,1.0000366780032073
14.143999999973706,1.0000366095787003
14.144999999973704,1.000036541369779
14.145999999973702,1.0000364734604856
14.1469999999737,1.0000364058973576
14.147999999973697,1.0000363386829079
14.148999999973695,1.0000362717752997
14.149999999973693,1.0000362050942513
14.15099999997369,1.00003613853235
14.151999999973688,1.0000360719701722
14.152999999973686,1.0000360052930983
14.153999999973683,1.000035938407445
14.15499999997368,1.0000358712536472
14.155999999973679,1.000035803814653
14.156999999973676,1.0000357361183376
14.157999999973674,1.0000356682336118
14.158999999973672,1.0000356002607722
14.15999999997367,1.0000355323174435
14.160999999973667,1.0000354645220901
14.161999999973665,1.0000353969774174
14.162999999973662,1.0000353297559808
14.16399999997366,1.0000352628900393
14.164999999973658,1.000035196367073
14.165999999973655,1.0000351301315908
14.166999999973653,1.0000350640929732
14.16799999997365,1.000034998138243
14.168999999973648,1.0000349321479705
14.169999999973646,1.0000348660130707
14.170999999973644,1.0000347996501402
14.171999999973641,1.0000347330131802
14.172999999973639,1.0000346661000599
14.173999999973637,1.000034598952812
14.174999999973634,1.0000345316517232
14.175999999973632,1.0000344643040426
14.17699999997363,1.000034397028902
14.177999999973627,1.000034329940569
14.178999999973625,1.0000342631323837
14.179999999973623,1.000034196663647
14.18099999997362,1.0000341305512852
14.181999999973618,1.0000340647674766
14.182999999973616,1.0000339992435547
14.183999999973613,1.0000339338796482
14.184999999973611,1.0000338685586965
14.185999999973609,1.000033803162881
14.186999999973606,1.000033737590155
14.187999999973604,1.0000336717685603
14.188999999973602,1.0000336056663146
14.1899999999736,1.0000335392962458
14.190999999973597,1.0000334727139644
14.191999999973595,1.0000334060100204
14.192999999973592,1.0000333392971659
14.19399999997359,1.000033272694501
14.194999999973588,1.000033206310742
14.195999999973585,1.0000331402289568
14.196999999973583,1.0000330744949095
14.19799999997358,1.0000330091106509
14.198999999973578,1.0000329440342528
14.199999999973576,1.000032879185724
14.200999999973574,1.0000328144582769
14.201999999973571,1.000032749733365
14.202999999973569,1.0000326848973624
14.203999999973567,1.0000326198575582
14.204999999973564,1.000032554555201
14.205999999973562,1.000032488973771
14.20699999997356,1.0000324231413216
14.207999999973557,1.000032357126558
14.208999999973555,1.0000322910292128
14.209999999973553,1.0000322249660665
14.21099999997355,1.0000321590545758
14.211999999973548,1.0000320933964082
14.212999999973546,1.0000320280632007
14.213999999973543,1.000031963086537
14.214999999973541,1.0000318984535543
14.215999999973539,1.000031834108799
14.216999999973536,1.0000317699620596
14.217999999973534,1.0000317059010777
14.218999999973532,1.000031641807349
14.21999999997353,1.000031577572786
14.220999999973527,1.0000315131149127
14.221999999973525,1.0000314483884558
14.222999999973522,1.000031383391698
14.22399999997352,1.0000313181667186
14.224999999973518,1.0000312527934703
14.225999999973515,1.0000311873785328
14.226999999973513,1.0000311220401246
14.22799999997351,1.0000310568914812
14.228999999973508,1.0000309920249335
14.229999999973506,1.0000309274989327
14.230999999973504,1.0000308633298347
14.231999999973501,1.000030799489601
14.232999999973499,1.0000307359097285
14.233999999973497,1.0000306724908647
14.234999999973494,1.0000306091167468
14.235999999973492,1.0000305456705134
14.23699999997349,1.0000304820511028
14.237999999973487,1.000030418187424
14.238999999973485,1.0000303540483175
14.239999999973483,1.000030289646903
14.24099999997348,1.0000302250387023
14.241999999973478,1.0000301603138124
14.242999999973476,1.0000300955842207
14.243999999973473,1.0000300309680596
14.244999999973471,1.0000299665730068
14.245999999973469,1.0000299024811619
14.246999999973466,1.0000298387375233
14.247999999973464,1.0000297753436855
14.248999999973462,1.0000297122576287
14.24999999997346,1.0000296493996494
14.250999999973457,1.0000295866635807
14.251999999973455,1.0000295239317347
14.252999999973452,1.000029461091465
14.25399999997345,1.0000293980510133
14.254999999973448,1.00002933475242
14.255999999973445,1.0000292711796825
14.256999999973443,1.0000292073610149
14.25799999997344,1.0000291433649056
14.258999999973438,1.0000290792905202
14.259999999973436,1.0000290152537936
14.260999999973434,1.0000289513711764
14.261999999973431,1.0000288877433088
14.26299999997343,1.000028824440917
14.263999999973427,1.000028761494915
14.264999999973424,1.0000286988921037
14.265999999973422,1.000028636577066
14.26699999997342,1.000028574459996
14.267999999973418,1.0000285124293447
14.268999999973415,1.000028450367517
14.269999999973413,1.0000283881674068
14.27099999997341,1.0000283257474483
14.271999999973408,1.0000282630630697
14.272999999973406,1.0000282001129535
14.273999999973404,1.0000281369392128
14.274999999973401,1.0000280736214573
14.275999999973399,1.0000280102655965
14.276999999973397,1.0000279469889368
14.277999999973394,1.0000278839036871
14.278999999973392,1.000027821101177
14.27999999997339,1.000027758639019
14.280999999973387,1.000027696533004
14.281999999973385,1.0000276347548809
14.282999999973383,1.0000275732363113
14.28399999997338,1.0000275118784556
14.284999999973378,1.0000274505658375
14.285999999973376,1.0000273891825404
14.286999999973373,1.000027327628469
14.287999999973371,1.0000272658333806
14.288999999973369,1.0000272037667228
14.289999999973366,1.00002714144189
14.290999999973364,1.0000270789143082
14.291999999973362,1.0000270162736116
14.29299999997336,1.0000269536310258
14.293999999973357,1.0000268911037193
14.294999999973355,1.0000268287983385
14.295999999973352,1.0000267667960252
14.29699999997335,1.0000267051410228
14.297999999973348,1.0000266438344747
14.298999999973345,1.0000265828342763
14.299999999973343,1.0000265220610085
14.30099999997334,1.000026461409118
14.301999999973338,1.0000264007617679
14.302999999973336,1.000026340007275
14.303999999973334,1.0000262790548178
14.304999999973331,1.0000262178472101
14.305999999973329,1.0000261563689485
14.306999999973327,1.000026094648399
14.307999999973324,1.0000260327538248
14.308999999973322,1.0000259707838195
14.30999999997332,1.0000259088534769
14.310999999973317,1.0000258470782497
14.311999999973315,1.000025785557759
14.312999999973313,1.0000257243618311
14.31399999997331,1.0000256635207212
14.314999999973308,1.0000256030208994
14.315999999973306,1.0000255428069922
14.316999999973303,1.0000254827895938
14.317999999973301,1.0000254228578587
14.318999999973299,1.0000253628950926
14.319999999973296,1.0000253027951547
14.320999999973294,1.00002524247737
14.321999999973292,1.0000251818978572
14.32299999997329,1.000025121055685
14.323999999973287,1.0000250599929867
14.324999999973285,1.0000249987890273
14.325999999973282,1.0000249375490426
14.32699999997328,1.0000248763894346
14.327999999973278,1.0000248154213938
14.328999999973275,1.0000247547352608
14.329999999973273,1.0000246943878206
14.33099999997327,1.0000246343943113
14.331999999973268,1.0000245747262764
14.332999999973266,1.0000245153155436
14.333999999973264,1.0000244560637856
14.334999999973261,1.000024396856304
14.335999999973259,1.000024337578117
14.336999999973257,1.0000242781300814
14.337999999973254,1.0000242184427872
14.338999999973252,1.0000241584862744
14.33999999997325,1.0000240982742032
14.340999999973247,1.000024037861894
14.341999999973245,1.0000239773385198
14.342999999973243,1.0000239168145437
14.34399999997324,1.0000238564061792
14.344999999973238,1.0000237962190544
14.345999999973236,1.0000237363333637
14.346999999973233,1.0000236767926096
14.347999999973231,1.0000236175974961
14.348999999973229,1.0000235587058393
14.349999999973226,1.0000235000385096
14.350999999973224,1.0000234414905644
14.351999999973222,1.0000233829460095
14.35299999997322,1.000023324294112
14.353999999973217,1.000023265444975
14.354999999973215,1.0000232063421748
14.355999999973212,1.0000231469706933
14.35699999997321,1.000023087359038
14.357999999973208,1.0000230275752442
14.358999999973205,1.0000229677173351
14.359999999973203,1.000022907899568
14.3609999999732,1.000022848236407
14.361999999973198,1.00002278882647
14.362999999973196,1.0000227297386963
14.363999999973194,1.0000226710026963
14.364999999973191,1.0000226126046219
14.365999999973189,1.0000225544891472
14.366999999973187,1.0000224965672717
14.367999999973184,1.0000224387288492
14.368999999973182,1.0000223808580775
14.36999999997318,1.000022322849771
14.370999999973177,1.0000222646241343
14.371999999973175,1.0000222061379636
14.372999999973173,1.0000221473907018
14.37399999997317,1.0000220884245006
14.374999999973168,1.0000220293182747
14.375999999973166,1.0000219701765942
14.376999999973163,1.0000219111149617
14.377999999973161,1.0000218522435653
14.378999999973159,1.0000217936517704
14.379999999973156,1.0000217353955494
14.380999999973154,1.0000216774896027
14.381999999973152,1.0000216199052785
14.38299999997315,1.0000215625745794
14.383999999973147,1.000021505399689
14.384999999973145,1.0000214482666863
14.385999999973142,1.0000213910615157
14.38699999997314,1.0000213336859753
14.387999999973138,1.0000212760714768
14.388999999973136,1.0000212181886434
14.389999999973133,1.0000211600513926
14.39099999997313,1.0000211017149359
14.391999999973129,1.0000210432679846
14.392999999973126,1.0000209848202497
14.393999999973124,1.0000209264870017
14.394999999973122,1.0000208683728617
14.39599999997312,1.0000208105570967
14.396999999973117,1.0000207530824834
14.397999999973115,1.0000206959493008
14.398999999973112,1.0000206391152993
14.39999999997311,1.0000205825016428
14.400999999973108,1.0000205260039994
14.401999999973105,1.0000204695072137
14.402999999973103,1.0000204129014998
14.4039999999731,1.0000203560978738
14.404999999973098,1.0000202990406617
14.405999999973096,1.0000202417153257
14.406999999973094,1.0000201841505103
14.407999999973091,1.0000201264140207
14.408999999973089,1.0000200686033138
14.409999999973087,1.0000200108318218
14.410999999973084,1.0000199532130345
14.411999999973082,1.0000198958445812
14.41299999997308,1.0000198387945343
14.413999999973077,1.0000197820918753
14.414999999973075,1.0000197257224532
14.415999999973073,1.0000196696310009
14.41699999997307,1.0000196137289274
14.417999999973068,1.0000195579067885
14.418999999973066,1.0000195020496687
14.419999999973063,1.00001944605333
14.420999999973061,1.0000193898388494
14.421999999973059,1.0000193333636922
14.422999999973056,1.0000192766276685
14.423999999973054,1.0000192196729443
14.424999999973052,1.0000191625780896
14.42599999997305,1.0000191054470131
14.426999999973047,1.0000190483943343
14.427999999973045,1.0000189915292514
14.428999999973042,1.0000189349401747
14.42999999997304,1.0000188786822832
14.430999999973038,1.0000188227697566
14.431999999973035,1.0000187671737633
14.432999999973033,1.0000187118264894
14.43399999997303,1.0000186566306368
14.434999999973028,1.00001860147306
14.435999999973026,1.0000185462406264
14.436999999973024,1.000018490836068
14.437999999973021,1.0000184351916122
14.438999999973019,1.000018379278456
14.439999999973017,1.0000183231107709
14.440999999973014,1.000018266743662
14.441999999973012,1.0000182102653838
14.44299999997301,1.0000181537849022
14.443999999973007,1.00001809741656
14.444999999973005,1.0000180412639925
14.445999999973003,1.000017985405558
14.446999999973,1.0000179298833272
14.447999999972998,1.0000178746971726
14.448999999972996,1.0000178198047902
14.449999999972993,1.000017765127647
14.450999999972991,1.0000177105620291
14.451999999972989,1.0000176559936196
14.452999999972986,1.0000176013135713
14.453999999972984,1.0000175464338097
14.454999999972982,1.0000174912994049
14.45599999997298,1.0000174358962934
14.456999999972977,1.0000173802532528
14.457999999972975,1.0000173244378627
14.458999999972972,1.000017268547023
14.45999999997297,1.0000172126933509
14.460999999972968,1.0000171569893812
14.461999999972965,1.0000171015317725
14.462999999972963,1.0000170463877516
14.46399999997296,1.0000169915856931
14.464999999972958,1.0000169371111582
14.465999999972956,1.0000168829089522
14.466999999972954,1.0000168288909048
14.467999999972951,1.000016774948273
14.468999999972949,1.0000167209670296
14.469999999972947,1.0000166668438812
14.470999999972944,1.0000166125007692
14.471999999972942,1.0000165578958211
14.47299999997294,1.0000165030292147
14.473999999972937,1.0000164479431284
14.474999999972935,1.0000163927157923
14.475999999972933,1.0000163374504667
14.47699999997293,1.0000162822609004
14.477999999972928,1.0000162272553221
14.478999999972926,1.0000161725212062
14.479999999972923,1.0000161181129619
14.480999999972921,1.0000160640442675
14.481999999972919,1.0000160102861275
14.482999999972916,1.0000159567709253
14.483999999972914,1.0000159034018883
14.484999999972912,1.0000158500666487
14.48599999997291,1.0000157966529943
14.486999999972907,1.0000157430645893
14.487999999972905,1.0000156892344692
14.488999999972902,1.0000156351344034
14.4899999999729,1.0000155807788134
14.490999999972898,1.0000155262226997
14.491999999972895,1.0000154715538683
14.492999999972893,1.0000154168805553
14.49399999997289,1.0000153623161911
14.494999999972888,1.0000153079634444
14.495999999972886,1.000015253899788
14.496999999972884,1.0000152001666083
14.497999999972881,1.00001514676339
14.49899999997288,1.0000150936477905
14.499999999972877,1.000015040741594
14.500999999972874,1.0000149879417077
14.501999999972872,1.0000149351346552
14.50299999997287,1.0000148822125292
14.503999999972867,1.000014829088157
14.504999999972865,1.0000147757073494
14.505999999972863,1.000014722056514
14.50699999997286,1.0000146681645623
14.507999999972858,1.0000146140988526
14.508999999972856,1.000014559955736
14.509999999972854,1.0000145058470318
14.510999999972851,1.0000144518843366
14.511999999972849,1.0000143981633616
14.512999999972847,1.0000143447505108
14.513999999972844,1.0000142916735701
14.514999999972842,1.000014238917834
14.51599999997284,1.0000141864281957
14.516999999972837,1.0000141341169124
14.517999999972835,1.0000140818759506
14.518999999972833,1.0000140295921718
14.51999999997283,1.0000139771632215
14.520999999972828,1.0000139245119037
14.521999999972826,1.0000138715970055
14.522999999972823,1.0000138184190674
14.52399999997282,1.000013765020286
14.524999999972819,1.0000137114785563
14.525999999972816,1.0000136578964995
14.526999999972814,1.0000136043870114
14.527999999972812,1.0000135510573713
14.52899999997281,1.0000134979941429
14.529999999972807,1.0000134452509846
14.530999999972805,1.0000133928410941
14.531999999972802,1.0000133407353324
14.5329999999728,1.0000132888662907
14.533999999972798,1.0000132371377308
14.534999999972795,1.000013185438068
14.535999999972793,1.0000131336560094
14.53699999997279,1.0000130816961483
14.537999999972788,1.0000130294923237
14.538999999972786,1.000012977016873
14.539999999972784,1.0000129242844702
14.540999999972781,1.0000128713500136
14.541999999972779,1.0000128183008687
14.542999999972777,1.0000127652445547
14.543999999972774,1.0000127122936082
14.544999999972772,1.0000126595497532
14.54599999997277,1.0000126070895965
14.546999999972767,1.0000125549538632
14.547999999972765,1.000012503141671
14.548999999972763,1.000012451610656
14.54999999997276,1.00001240028293
14.550999999972758,1.0000123490560293
14.551999999972756,1.0000122978173192
14.552999999972753,1.0000122464598304
14.553999999972751,1.00001219489729
14.554999999972749,1.000012143076245
14.555999999972746,1.00001209098357
14.556999999972744,1.0000120386483133
14.557999999972742,1.0000119861376162
14.55899999997274,1.000011933547291
14.559999999972737,1.0000118809883736
14.560999999972735,1.0000118285715407
14.561999999972732,1.000011776391578
14.56299999997273,1.0000117245140876
14.563999999972728,1.0000116729662913
14.564999999972725,1.0000116217332344
14.565999999972723,1.0000115707599109
14.56699999997272,1.0000115199590178
14.567999999972718,1.0000114692232347
14.568999999972716,1.000011418440311
14.569999999972714,1.000011367508833
14.570999999972711,1.0000113163524598
14.571999999972709,1.0000112649306345
14.572999999972707,1.00001121324426
14.573999999972704,1.0000111613355502
14.574999999972702,1.0000111092820738
14.5759999999727,1.0000110571858245
14.576999999972697,1.0000110051588609
14.577999999972695,1.000010953307532
14.578999999972693,1.0000109017175096
14.57999999997269,1.0000108504417258
14.580999999972688,1.0000107994929186
14.581999999972686,1.000010748841821
14.582999999972683,1.0000106984212473
14.583999999972681,1.0000106481355
14.584999999972679,1.0000105978737799
14.585999999972676,1.0000105475257133
14.586999999972674,1.0000104969968182
14.587999999972672,1.0000104462217343
14.58899999997267,1.0000103951733639
14.589999999972667,1.00001034386663
14.590999999972665,1.0000102923563325
14.591999999972662,1.0000102407294056
14.59299999997266,1.0000101890926623
14.593999999972658,1.0000101375577628
14.594999999972655,1.0000100862255046
14.595999999972653,1.000010035171653
14.59699999997265,1.0000099844362909
14.597999999972648,1.000009934018189
14.598999999972646,1.000009883874977
14.599999999972644,1.0000098339291044
14.600999999972641,1.000009784078742
14.601999999972639,1.0000097342121004
14.602999999972637,1.0000096842231436
14.603999999972634,1.0000096340264946
14.604999999972632,1.0000095835694307
14.60599999997263,1.0000095328392924
14.606999999972627,1.0000094818652625
14.607999999972625,1.0000094307142704
14.608999999972623,1.0000093794815985
14.60999999997262,1.0000093282775127
14.610999999972618,1.0000092772117863
14.611999999972616,1.0000092263783
14.612999999972613,1.0000091758418752
14.613999999972611,1.000009125629188
14.614999999972609,1.0000090757250522
14.615999999972606,1.0000090260745773
14.616999999972604,1.0000089765909064
14.617999999972602,1.0000089271674368
14.6189999999726,1.0000088776928062
14.619999999972597,1.000008828066535
14.620999999972595,1.0000087782131342
14.621999999972592,1.0000087280926966
14.62299999997259,1.0000086777064854
14.623999999972588,1.0000086270967323
14.624999999972585,1.0000085763406832
14.625999999972583,1.0000085255397138
14.62699999997258,1.0000084748050604
14.627999999972578,1.0000084242421603
14.628999999972576,1.0000083739358128
14.629999999972574,1.0000083239382425
14.630999999972572,1.0000082742617473
14.63199999997257,1.0000082248769466
14.632999999972567,1.0000081757168868
14.633999999972565,1.0000081266864191
14.634999999972562,1.0000080776755311
14.63599999997256,1.0000080285747657
14.636999999972558,1.00000797929056
14.637999999972555,1.0000079297583477
14.638999999972553,1.0000078799515908
14.63999999997255,1.0000078298854589
14.640999999972548,1.000007779614655
14.641999999972546,1.0000077292256866
14.642999999972544,1.0000076788246728
14.643999999972541,1.00000762852241
14.644999999972539,1.0000075784187883
14.645999999972537,1.0000075285887504
14.646999999972534,1.0000074790717568
14.647999999972532,1.0000074298662456
14.64899999997253,1.0000073809298535
14.649999999972527,1.0000073321853764
14.650999999972525,1.0000072835316236
14.651999999972523,1.0000072348576488
14.65299999997252,1.0000071860583457
14.653999999972518,1.0000071370492254
14.654999999972516,1.0000070877782905
14.655999999972513,1.0000070382333417
14.656999999972511,1.0000069884436942
14.657999999972509,1.000006938476066
14.658999999972506,1.000006888425217
14.659999999972504,1.0000068384006524
14.660999999972502,1.0000067885112596
14.6619999999725,1.0000067388500304
14.662999999972497,1.000006689481024
14.663999999972495,1.0000066404303878
14.664999999972492,1.0000065916827188
14.66599999997249,1.0000065431832512
14.666999999972488,1.0000064948455816
14.667999999972485,1.000006446563826
14.668999999972483,1.0000063982275063
14.66999999997248,1.0000063497370706
14.670999999972478,1.0000063010178748
14.671999999972476,1.0000062520306552
14.672999999972474,1.0000062027770271
14.673999999972471,1.0000061532992393
14.674999999972469,1.0000061036742172
14.675999999972467,1.000006054002728
14.676999999972464,1.000006004395195
14.677999999972462,1.000005954956158
14.67899999997246,1.0000059057695607
14.679999999972457,1.0000058568869403
14.680999999972455,1.0000058083201657
14.681999999972453,1.000005760039758
14.68299999997245,1.0000057119790038
14.683999999972448,1.000005664043305
14.684999999972446,1.0000056161234352
14.685999999972443,1.0000055681108484
14.686999999972441,1.0000055199128923
14.687999999972439,1.000005471465787
14.688999999972436,1.0000054227435458
14.689999999972434,1.0000053737615806
14.690999999972432,1.000005324574496
14.69199999997243,1.0000052752683752
14.692999999972427,1.0000052259486507
14.693999999972425,1.0000051767252685
14.694999999972422,1.0000051276972255
14.69599999997242,1.0000050789386563
14.696999999972418,1.0000050304884152
14.697999999972415,1.0000049823446218
14.698999999972413,1.0000049344649307
14.69999999997241,1.0000048867724882
14.700999999972408,1.0000048391667438
14.701999999972406,1.0000047915375891
14.702999999972404,1.0000047437808421
14.703999999972401,1.0000046958128936
14.704999999972399,1.0000046475824602
14.705999999972397,1.0000045990777944
14.706999999972394,1.0000045503283395
14.707999999972392,1.0000045014006012
14.70899999997239,1.0000044523888207
14.709999999972387,1.0000044034017521
14.710999999972385,1.0000043545474069
14.711999999972383,1.0000043059179038
14.71299999997238,1.0000042575765533
14.713999999972378,1.0000042095489894
14.714999999972376,1.0000041618196018
14.715999999972373,1.0000041143337604
14.716999999972371,1.0000040670055157
14.717999999972369,1.0000040197297009
14.718999999972366,1.0000039723967158
14.719999999972364,1.0000039249079284
14.720999999972362,1.0000038771895288
14.72199999997236,1.0000038292028852
14.722999999972357,1.000003780949959
14.723999999972355,1.0000037324730116
14.724999999972352,1.0000036838486472
14.72599999997235,1.000003635177027
14.726999999972348,1.0000035865677723
14.727999999972345,1.0000035381245371
14.728999999972343,1.0000034899304246
14.72999999997234,1.0000034420362944
14.730999999972338,1.0000033944536029
14.731999999972336,1.000003347152778
14.732999999972334,1.0000033000673538
14.733999999972331,1.0000032531032839
14.73499999997233,1.0000032061521222
14.735999999972327,1.0000031591062266
14.736999999972324,1.000003111873846
14.737999999972322,1.0000030643919744
14.73899999997232,1.0000030166351657
14.739999999972317,1.000002968619067
14.740999999972315,1.00000292039818
14.741999999972313,1.0000028720581642
14.74299999997231,1.000002823703771
14.743999999972308,1.0000027754441052
14.744999999972306,1.0000027273772822
14.745999999972303,1.0000026795766412
14.746999999972301,1.0000026320804438
14.747999999972299,1.0000025848865004
14.748999999972296,1.0000025379524895
14.749999999972294,1.0000024912019123
14.750999999972292,1.0000024445348554
14.75199999997229,1.0000023978420427
14.752999999972287,1.000002351020206
14.753999999972285,1.0000023039866035
14.754999999972283,1.0000022566906552
14.75599999997228,1.0000022091210545
14.756999999972278,1.0000021613073655
14.757999999972276,1.0000021133158792
14.758999999972273,1.0000020652403183
14.75999999997227,1.0000020171886908
14.760999999972269,1.0000019692681432
14.761999999972266,1.0000019215699305
14.762999999972264,1.000001874156628
14.763999999972262,1.0000018270533675
14.76499999997226,1.0000017802443413
14.765999999972257,1.000001733675055
14.766999999972255,1.0000016872600173
14.767999999972252,1.0000016408947707
14.76899999997225,1.0000015944705876
14.769999999972248,1.0000015478897442
14.770999999972245,1.0000015010792507
14.771999999972243,1.000001454001096
14.77299999997224,1.0000014066575766
14.773999999972238,1.0000013590909598
14.774999999972236,1.0000013113775275
14.775999999972234,1.0000012636168367
14.776999999972231,1.0000012159177116
14.777999999972229,1.0000011683829295
14.778999999972227,1.000001121094763
14.779999999972224,1.0000010741034087
14.780999999972222,1.0000010274199176
14.78199999997222,1.000000981014632
14.782999999972217,1.0000009348213361
14.783999999972215,1.0000008887465313
14.784999999972213,1.0000008426825462
14.78599999997221,1.0000007965226323
14.786999999972208,1.0000007501759267
14.787999999972206,1.0000007035801846
14.788999999972203,1.000000656710489
14.789999999972201,1.0000006095827116
14.790999999972199,1.000000562251245
14.791999999972196,1.000000514801324
14.792999999972194,1.0000004673370222
14.793999999972192,1.0000004199666077
14.79499999997219,1.000000372787325
14.795999999972187,1.0000003258717294
14.796999999972185,1.0000002792574967
14.797999999972182,1.0000002329421391
14.79899999997218,1.0000001868833635
14.799999999972178,1.000000141005025
14.800999999972175,1.000000095207842
14.801999999972173,1.0000000493833647
14.80299999997217,1.0000000034292253
14.803999999972168,0.999999957263536
14.804999999972166,0.9999999108364063
14.805999999972164,0.9999998641369596
14.806999999972161,0.9999998171948713
14.807999999972159,0.999999770076212
14.808999999972157,0.9999997228741853
14.809999999972154,0.9999996756960579
14.810999999972152,0.9999996286481163
14.81199999997215,0.9999995818207633
14.812999999972147,0.9999995352758483
14.813999999972145,0.9999994890380077
14.814999999972143,0.9999994430912441
14.81599999997214,0.9999993973812021
14.816999999972138,0.9999993518228448
14.817999999972136,0.9999993063124217
14.818999999972133,0.9999992607420626
14.819999999972131,0.9999992150149406
14.820999999972129,0.9999991690588729
14.821999999972126,0.9999991228364555
14.822999999972124,0.9999990763503082
14.823999999972122,0.9999990296426958
14.82499999997212,0.9999989827895726
14.825999999972117,0.9999989358898925
14.826999999972115,0.9999988890516865
14.827999999972112,0.9999988423768641
14.82899999997211,0.9999987959468777
14.829999999972108,0.999998749811266
14.830999999972105,0.9999987039806842
14.831999999972103,0.999998658425395
14.8329999999721,0.9999986130794308
14.833999999972098,0.9999985678498384
14.834999999972096,0.999998522629713
14.835999999972094,0.9999984773131874
14.836999999972091,0.9999984318102733
14.837999999972089,0.9999983860594738
14.838999999972087,0.9999983400363862
14.839999999972084,0.9999982937570969
14.840999999972082,0.9999982472758816
14.84199999997208,0.9999982006775489
14.842999999972077,0.9999981540654925
14.843999999972075,0.9999981075471538
14.844999999972073,0.9999980612189117
14.84599999997207,0.9999980151525456
14.846999999972068,0.9999979693851564
14.847999999972066,0.9999979239139622
14.848999999972063,0.9999978786967018
14.849999999972061,0.9999978336575824
14.850999999972059,0.9999977886979506
14.851999999972056,0.9999977437101705
14.852999999972054,0.9999976985927626
14.853999999972052,0.9999976532646805
14.85499999997205,0.999997607676709
14.855999999972047,0.9999975618183866
14.856999999972045,0.999997515719491
14.857999999972042,0.9999974694458663
14.85899999997204,0.9999974230901963
14.859999999972038,0.9999973767590091
14.860999999972035,0.999997330557737
14.861999999972033,0.9999972845759373
14.86299999997203,0.9999972388747419
14.863999999972028,0.9999971934783027
14.864999999972026,0.999997148370433
14.865999999972024,0.9999971034969212
14.866999999972021,0.999997058773181
14.86799999997202,0.9999970140961589
14.868999999972017,0.9999969693588351
14.869999999972014,0.9999969244652644
14.870999999972012,0.999996879344055
14.87199999997201,0.9999968339583973
14.872999999972008,0.999996788311223
14.873999999972005,0.9999967424447845
14.874999999972003,0.9999966964347048
14.875999999972,0.9999966503793355
14.876999999971998,0.9999966043859175
14.877999999971996,0.9999965585554984
14.878999999971994,0.9999965129687166
14.879999999971991,0.9999964676744647
14.880999999971989,0.999996422683008
14.881999999971987,0.9999963779645321
14.882999999971984,0.9999963334533172
14.883999999971982,0.9999962890569509
14.88499999997198,0.9999962446692863
14.885999999971977,0.9999962001853263
14.886999999971975,0.9999961555159439
14.887999999971973,0.9999961106003723
14.88899999997197,0.9999960654147131
14.889999999971968,0.9999960199752548
14.890999999971966,0.9999959743361503
14.891999999971963,0.9999959285817775
14.892999999971961,0.9999958828148546
14.893999999971959,0.999995837141995
14.894999999971956,0.9999957916587241
14.895999999971954,0.9999957464360534
14.896999999971952,0.9999957015105151
14.89799999997195,0.9999956568790401
14.898999999971947,0.999995612499398
14.899999999971945,0.9999955682961512
14.900999999971942,0.9999955241712657
14.90199999997194,0.9999954800179095
14.902999999971938,0.9999954357354817
14.903999999971935,0.9999953912437606
14.904999999971933,0.9999953464941906
14.90599999997193,0.9999953014767162
14.906999999971928,0.9999952562212059
14.907999999971926,0.9999952107932728
14.908999999971924,0.9999951652850786
14.909999999971921,0.9999951198024145
14.910999999971919,0.9999950744498656
14.911999999971917,0.9999950293161509
14.912999999971914,0.9999949844616947
14.913999999971912,0.9999949399101675
14.91499999997191,0.9999948956452024
14.915999999971907,0.9999948516127304
14.916999999971905,0.9999948077286113
14.917999999971903,0.9999947638904848
14.9189999999719,0.9999947199921678
14.919999999971898,0.9999946759385837
14.920999999971896,0.9999946316591205
14.921999999971893,0.9999945871175463
14.922999999971891,0.9999945423170944
14.923999999971889,0.9999944972999981
14.924999999971886,0.9999944521415449
14.925999999971884,0.9999944069394817
14.926999999971882,0.9999943618002641
14.92799999997188,0.9999943168240849
14.928999999971877,0.9999942720907784
14.929999999971875,0.9999942276485975
14.930999999971872,0.9999941835074224
14.93199999997187,0.9999941396373659
14.932999999971868,0.9999940959729569
14.933999999971865,0.9999940524223195
14.934999999971863,0.999994008880056
14.93599999997186,0.9999939652420271
14.936999999971858,0.9999939214199538
14.937999999971856,0.9999938773537888
14.938999999971854,0.9999938330201226
14.939999999971851,0.9999937884354361
14.940999999971849,0.9999937436537529
14.941999999971847,0.999993698759018
14.942999999971844,0.9999936538532754
14.943999999971842,0.9999936090423197
14.94499999997184,0.9999935644208242
14.945999999971837,0.999993520059043
14.946999999971835,0.999993475992949
14.947999999971833,0.9999934322191887
14.94899999997183,0.9999933886955702
14.949999999971828,0.9999933453470038
14.950999999971826,0.9999933020760722
14.951999999971823,0.9999932587767382
14.952999999971821,0.9999932153492644
14.953999999971819,0.9999931717142434
14.954999999971816,0.9999931278237684
14.955999999971814,0.9999930836681747
14.956999999971812,0.9999930392774151
14.95799999997181,0.9999929947168658
14.958999999971807,0.9999929500781655
14.959999999971805,0.999992905466372
14.960999999971802,0.9999928609852303
14.9619999999718,0.9999928167226303
14.962999999971798,0.999992772738294
14.963999999971795,0.9999927290554214
14.964999999971793,0.9999926856574685
14.96599999997179,0.9999926424905091
14.966999999971788,0.9999925994708481
14.967999999971786,0.9999925564968095
14.968999999971784,0.9999925134630391
14.969999999971781,0.999992470275318
14.970999999971779,0.9999924268637975
14.971999999971777,0.9999923831928155
14.972999999971774,0.9999923392658935
14.973999999971772,0.9999922951252391
14.97499999997177,0.9999922508458016
14.975999999971767,0.9999922065247253
14.976999999971765,0.999992162267686
14.977999999971763,0.9999921181740274
14.97899999997176,0.9999920743227881
14.979999999971758,0.9999920307615886
14.980999999971756,0.9999919874999333
14.981999999971753,0.999991944507865
14.982999999971751,0.9999919017201625
14.983999999971749,0.9999918590454823
14.984999999971746,0.9999918163791677
14.985999999971744,0.9999917736179281
14.986999999971742,0.9999917306743208
14.98799999997174,0.9999916874890025
14.988999999971737,0.9999916440390428
14.989999999971735,0.999991600341107
14.990999999971732,0.9999915564490848
14.99199999997173,0.9999915124464863
14.992999999971728,0.9999914684346842
14.993999999971726,0.9999914245186585
14.994999999971723,0.9999913807922424
14.99599999997172,0.999991337324939
14.996999999971719,0.9999912941521696
14.997999999971716,0.999991251270305
14.998999999971714,0.9999912086371922
14.999999999971712,0.9999911661780891
