time,#Gen35.IT:0
0.0,3.999298810050119e-06
0.0010000000000000002,0.001139319962333944
0.0019999999999999987,0.004856788587236337
0.0030000000000000014,0.010000908824369577
0.0040000000000000036,0.01624182366188375
0.0049999999999999975,0.023669333541963433
0.0059999999999999915,0.0321102240931847
0.006999999999999985,0.039000299853892265
0.00799999999999998,0.04882873427890936
0.008999999999999973,0.05915598377455346
0.009999999999999967,0.0698194617026487
0.010999999999999961,0.08062913680567729
0.011999999999999955,0.09146198553363624
0.012999999999999949,0.10224971621287975
0.013999999999999943,0.11031369403214136
0.014999999999999937,0.12103755111326212
0.015999999999999945,0.13183673687535827
0.016999999999999973,0.14283061814827022
0.018000000000000002,0.15414919082299908
0.01900000000000003,0.16587534055251063
0.02000000000000006,0.17496956890331813
0.021000000000000088,0.1874946514501967
0.022000000000000117,0.20045116770515223
0.023000000000000145,0.21379672936190622
0.024000000000000174,0.2274318012167053
0.025000000000000203,0.2412304845905496
0.02600000000000023,0.25161329219836553
0.02700000000000026,0.2654262408440611
0.02800000000000029,0.2791532980166486
0.029000000000000317,0.2927309973151818
0.030000000000000346,0.30615087589645157
0.031000000000000374,0.3194158319583189
0.0320000000000004,0.3292756930351254
0.03300000000000043,0.3423709895620506
0.03400000000000046,0.3554523298598604
0.03500000000000049,0.36858187117537006
0.03600000000000052,0.3818269833002337
0.037000000000000546,0.39520061843591847
0.038000000000000575,0.4087251733718013
0.039000000000000604,0.4189843148020541
0.04000000000000063,0.43275055261480244
0.04100000000000066,0.4466047932617451
0.04200000000000069,0.46050502682622796
0.04300000000000072,0.47439671455496707
0.04400000000000075,0.4882465453555981
0.045000000000000775,0.4985808804451165
0.046000000000000804,0.5122596919382423
0.04700000000000083,0.5258290123725445
0.04800000000000086,0.5393147944040866
0.04900000000000089,0.5527433179588115
0.05000000000000092,0.5661418425108526
0.05100000000000095,0.5759552599771187
0.052000000000000976,0.5881189197578465
0.053000000000001005,0.5992740496187873
0.05400000000000103,0.6094779794714058
0.05500000000000106,0.6186342779740138
0.05600000000000109,0.6267068189756905
0.05700000000000112,0.632036101158107
0.05800000000000115,0.6382319531091873
0.059000000000001177,0.6434310542755644
0.060000000000001205,0.6477351657477582
0.061000000000001234,0.6512474947376193
0.06200000000000126,0.6540645401661309
0.06300000000000122,0.6562752601467821
0.06400000000000111,0.6575677140617412
0.065000000000001,0.6588026636332011
0.06600000000000089,0.659457015014899
0.06700000000000078,0.659468211626824
0.06800000000000067,0.659306866382418
0.06900000000000056,0.659287523334749
0.07000000000000045,0.6592535562337133
0.07100000000000034,0.6591726557295511
0.07200000000000023,0.6590928604458749
0.07300000000000012,0.6590245439828214
0.07400000000000001,0.6589801122198758
0.0749999999999999,0.6589573302738055
0.07599999999999979,0.6589608466768434
0.07699999999999968,0.658988144094972
0.07799999999999957,0.6590379368786582
0.07899999999999946,0.659100395100919
0.07999999999999935,0.6591670127679439
0.08099999999999924,0.6592272585232721
0.08199999999999913,0.6592622545475901
0.08299999999999902,0.6592918802504271
0.08399999999999891,0.6592973986403923
0.0849999999999988,0.6592799315891937
0.08599999999999869,0.659242625663604
0.08699999999999858,0.6591915527384028
0.08799999999999847,0.659135524783411
0.08899999999999836,0.6590950328692988
0.08999999999999825,0.6590499933150948
0.09099999999999814,0.6590201423355493
0.09199999999999803,0.6590100491587142
0.09299999999999792,0.6590197445189391
0.09399999999999781,0.6590465928434878
0.0949999999999977,0.6590755914085477
0.09599999999999759,0.6591207039610719
0.09699999999999748,0.6591665218915869
0.09799999999999737,0.6592060633646449
0.09899999999999726,0.6592341404246844
0.09999999999999715,0.659246925652412
0.10099999999999704,0.6592454659653949
0.10199999999999693,0.6592293964669407
0.10299999999999682,0.659201027258656
0.1039999999999967,0.6591649361112866
0.1049999999999966,0.6591266463119576
0.10599999999999649,0.6590919270232075
0.10699999999999638,0.6590717409603483
0.10799999999999627,0.6590549218807218
0.10899999999999616,0.6590514337944163
0.10999999999999605,0.6590609947499014
0.11099999999999594,0.6590817791842404
0.11199999999999583,0.6591101835148925
0.11299999999999571,0.6591413655036773
0.1139999999999956,0.659163737592576
0.1149999999999955,0.6591886963061293
0.11599999999999538,0.6592051555309458
0.11699999999999527,0.6592106727226578
0.11799999999999516,0.6592052729630327
0.11899999999999505,0.6591903570315948
0.11999999999999494,0.6591743632969649
0.12099999999999483,0.6591495661100849
0.12199999999999472,0.6591244480785574
0.12299999999999461,0.6591027918690513
0.1239999999999945,0.6590874717610608
0.1249999999999944,0.6590805261368551
0.12599999999999428,0.6590813028406566
0.12699999999999417,0.6590898842921084
0.12799999999999406,0.6591051548692073
0.12899999999999395,0.6591245922242032
0.12999999999999384,0.6591451294468619
0.13099999999999373,0.6591636622430314
0.13199999999999362,0.6591744290684272
0.1329999999999935,0.6591833550214362
0.1339999999999934,0.659185163052706
0.1349999999999933,0.6591799816131505
0.13599999999999318,0.6591688850639221
0.13699999999999307,0.6591538620454562
0.13799999999999296,0.6591374050600128
0.13899999999999285,0.6591256238692794
0.13999999999999274,0.6591125208132917
0.14099999999999263,0.6591039394420992
0.14199999999999252,0.6591010474715884
0.1429999999999924,0.6591038329434923
0.1439999999999923,0.6591116095444479
0.1449999999999922,0.6591198809788082
0.14599999999999208,0.659132649604967
0.14699999999999197,0.6591455478934748
0.14799999999999186,0.659156656305189
0.14899999999999175,0.6591644740150284
0.14999999999999164,0.6591679779584991
0.15099999999999153,0.6591675787061899
0.15199999999999142,0.6591633093510934
0.1529999999999913,0.6591556126171813
0.1539999999999912,0.6591457898374982
0.1549999999999911,0.6591354652077969
0.15599999999999098,0.6591261995757578
0.15699999999999087,0.6591208040565624
0.15799999999999076,0.6591163272897691
0.15899999999999065,0.659115384005208
0.15999999999999054,0.659117943761433
0.16099999999999043,0.6591233942357906
0.16199999999999032,0.6591306910284224
0.1629999999999902,0.6591386840925542
0.1639999999999901,0.6591444011676615
0.16499999999999,0.6591507425539854
0.16599999999998988,0.659154868334582
0.16699999999998977,0.6591563057295315
0.16799999999998966,0.6591550523095889
0.16899999999998955,0.6591513798769516
0.16999999999998944,0.6591475129373869
0.17099999999998933,0.6591415723365024
0.17199999999998922,0.6591355792437181
0.1729999999999891,0.6591304027619685
0.173999999999989,0.6591267644463048
0.1749999999999889,0.6591251302297602
0.17599999999998878,0.6591252649417972
0.17699999999998867,0.6591270523236717
0.17799999999998856,0.6591304377162005
0.17899999999998845,0.6591348208338811
0.17999999999998834,0.6591394015099061
0.18099999999998823,0.65914348497565
0.18199999999998812,0.6591458857814988
0.182999999999988,0.6591479090367964
0.1839999999999879,0.6591484134672004
0.18499999999998779,0.6591473703877271
0.18599999999998768,0.6591451118387256
0.18699999999998757,0.6591421431018991
0.18799999999998745,0.6591388699009035
0.18899999999998734,0.659136519359711
0.18999999999998723,0.6591339133545352
0.19099999999998712,0.6591322205642315
0.19199999999998701,0.6591315526577636
0.1929999999999869,0.659131922177338
0.1939999999999868,0.6591332890392076
0.19499999999998668,0.6591347073213847
0.19599999999998657,0.6591368731884335
0.19699999999998646,0.6591390671494022
0.19799999999998635,0.6591409946700847
0.19899999999998624,0.6591423669777094
0.19999999999998613,0.659143012911819
0.20099999999998602,0.6591430481881126
0.2019999999999859,0.6591426406204214
0.2029999999999858,0.6591416342092203
0.2039999999999857,0.6591402363763914
0.20499999999998558,0.6591387881422363
0.20599999999998547,0.6591375133945931
0.20699999999998536,0.6591367344768345
0.20799999999998525,0.6591360263823451
0.20899999999998514,0.6591357415747673
0.20999999999998503,0.6591359410878085
0.21099999999998492,0.6591364599887253
0.2119999999999848,0.6591370910546699
0.2129999999999847,0.6591378244846081
0.2139999999999846,0.659138371369551
0.21499999999998448,0.6591389853535465
0.21599999999998437,0.6591393974264699
0.21699999999998426,0.6591396704195442
0.21799999999998415,0.6591397879136157
0.21899999999998404,0.6591396671832443
0.21999999999998393,0.6591395576911184
0.22099999999998382,0.6591393979329261
0.2219999999999837,0.6591392142917133
0.2229999999999836,0.6591390004668968
0.2239999999999835,0.6591388117671015
0.22499999999998338,0.6591386722191995
0.22599999999998327,0.6591385415691703
0.22699999999998316,0.6591382278379124
0.22799999999998305,0.6591379881142538
0.22899999999998294,0.6591378269652426
0.22999999999998283,0.6591376498383295
0.23099999999998272,0.659137476637771
0.2319999999999826,0.6591374164004802
0.2329999999999825,0.6591374503728391
0.2339999999999824,0.6591376266896098
0.23499999999998228,0.6591378697368564
0.23599999999998217,0.6591382469160352
0.23699999999998206,0.6591388085736242
0.23799999999998195,0.6591393680908901
0.23899999999998184,0.6591397359339204
0.23999999999998173,0.6591401291561669
0.24099999999998162,0.6591403567204482
0.2419999999999815,0.6591402832505678
0.2429999999999814,0.6591399235381904
0.2439999999999813,0.6591394191897925
0.24499999999998118,0.6591388788030214
0.24599999999998107,0.6591380471479302
0.24699999999998096,0.6591372401506137
0.24799999999998085,0.6591366100140315
0.24899999999998074,0.6591362217889726
0.24999999999998063,0.6591361173304321
0.2509999999999805,0.6591362925940759
0.2519999999999804,0.6591369452226944
0.2529999999999803,0.6591377817158617
0.2539999999999802,0.6591386901750451
0.2549999999999801,0.6591396408968911
0.25599999999997997,0.6591404985155322
0.25699999999997986,0.6591409614388806
0.25799999999997975,0.6591412501504846
0.25899999999997964,0.6591411312300914
0.2599999999999795,0.6591406836364722
0.2609999999999794,0.65913989504257
0.2619999999999793,0.6591387905364245
0.2629999999999792,0.6591376411552596
0.2639999999999791,0.659136856888751
0.264999999999979,0.6591360048144634
0.26599999999997886,0.6591354892262142
0.26699999999997875,0.6591354642993054
0.26799999999997864,0.6591359208355411
0.26899999999997853,0.6591366949884366
0.2699999999999784,0.6591375130654111
0.2709999999999783,0.6591387670167517
0.2719999999999782,0.6591399963047678
0.2729999999999781,0.6591409886317685
0.273999999999978,0.659141621775635
0.2749999999999779,0.6591418314252764
0.27599999999997776,0.6591416447019844
0.27699999999997765,0.6591408701904193
0.27799999999997754,0.6591398009647779
0.27899999999997743,0.6591385967708854
0.2799999999999773,0.6591373426448324
0.2809999999999772,0.6591362186091368
0.2819999999999771,0.659135590611009
0.282999999999977,0.6591351668332117
0.2839999999999769,0.6591352497484745
0.28499999999997677,0.659135763749139
0.28599999999997666,0.6591366916998687
0.28699999999997655,0.6591379789600318
0.28799999999997644,0.6591393310594554
0.28899999999997633,0.659140258932613
0.2899999999999762,0.6591412713824103
0.2909999999999761,0.6591418862302538
0.291999999999976,0.6591419572420939
0.2929999999999759,0.6591414856256841
0.2939999999999758,0.6591406372097044
0.29499999999997567,0.6591397439949342
0.29599999999997556,0.6591383753422465
0.29699999999997545,0.6591370288632435
0.29799999999997534,0.6591359310127152
0.29899999999997523,0.6591352266962734
0.2999999999999751,0.6591349805711801
0.300999999999975,0.6591351568191688
0.3019999999999749,0.6591359325935606
0.3029999999999748,0.6591370354039443
0.3039999999999747,0.6591382905421046
0.30499999999997457,0.6591395954112228
0.30599999999997446,0.6591407629640806
0.30699999999997435,0.6591414292193007
0.30799999999997424,0.6591418888625372
0.30899999999997413,0.6591418312156693
0.309999999999974,0.6591413248839318
0.3109999999999739,0.6591404012578963
0.3119999999999738,0.6591391196149422
0.3129999999999737,0.6591377662657697
0.3139999999999736,0.6591368357202744
0.31499999999997347,0.6591358156379352
0.31599999999997336,0.6591351954665792
0.31699999999997325,0.6591351016305087
0.31799999999997314,0.6591355420326769
0.318999999999973,0.659136359377753
0.3199999999999729,0.6591372207932643
0.3209999999999728,0.6591385433314535
0.3219999999999727,0.6591398485334965
0.3229999999999726,0.659140919039847
0.3239999999999725,0.6591416054386094
0.32499999999997237,0.659141853065498
0.32599999999997226,0.6591416980693604
0.32699999999997215,0.6591409806452553
0.32799999999997204,0.6591399436805497
0.3289999999999719,0.659138759449388
0.3299999999999718,0.6591375283572737
0.3309999999999717,0.6591364257293896
0.3319999999999716,0.6591357827994608
0.3329999999999715,0.6591353337787682
0.3339999999999714,0.6591353686614244
0.33499999999997127,0.659135827514677
0.33599999999997116,0.6591366735051781
0.33699999999997104,0.6591378554063057
0.33799999999997093,0.6591391099611703
0.3389999999999708,0.6591399736094511
0.3399999999999707,0.6591409260784524
0.3409999999999706,0.6591415057256697
0.3419999999999705,0.6591416098999986
0.3429999999999704,0.6591412213898035
0.3439999999999703,0.6591404841059441
0.34499999999997016,0.6591397037755518
0.34599999999997005,0.6591385009750608
0.34699999999996994,0.6591373090443714
0.34799999999996983,0.659136325695996
0.3489999999999697,0.6591356958408973
0.3499999999999696,0.6591354601832926
0.3509999999999695,0.6591355875258341
0.3519999999999694,0.6591362184860114
0.3529999999999693,0.6591371431713291
0.3539999999999692,0.65913820021975
0.35499999999996906,0.6591393008995922
0.35599999999996895,0.6591402898123649
0.35699999999996884,0.659140880888931
0.35799999999996873,0.6591412974536107
0.3589999999999686,0.6591412826032643
0.3599999999999685,0.659140887153809
0.3609999999999684,0.6591401484510243
0.3619999999999683,0.6591391039653939
0.3629999999999682,0.6591379882314087
0.36399999999996807,0.6591372189611919
0.36499999999996796,0.6591363633857359
0.36599999999996785,0.6591358408482968
0.36699999999996774,0.6591357303108333
0.36799999999996763,0.6591360578867658
0.3689999999999675,0.6591366946605345
0.3699999999999674,0.6591373742861732
0.3709999999999673,0.659138428623584
0.3719999999999672,0.6591394794036932
0.3729999999999671,0.6591403522095931
0.37399999999996697,0.6591409106138686
0.37499999999996686,0.6591411285592013
0.37599999999996675,0.6591410299220058
0.37699999999996664,0.6591404926386323
0.37799999999996653,0.659139694179594
0.3789999999999664,0.6591387815173704
0.3799999999999663,0.6591378279443111
0.3809999999999662,0.659136966440999
0.3819999999999661,0.6591364358636622
0.382999999999966,0.6591360578565539
0.38399999999996587,0.659136053271535
0.38499999999996576,0.6591363801237959
0.38599999999996565,0.6591370031420904
0.38699999999996554,0.659137900415757
0.38799999999996543,0.6591388668576621
0.3889999999999653,0.659139534683969
0.3899999999999652,0.6591402856726907
0.3909999999999651,0.6591407469487184
0.391999999999965,0.6591408612872244
0.3929999999999649,0.6591405944409792
0.39399999999996477,0.6591400604671255
0.39499999999996466,0.6591394833471699
0.39599999999996455,0.6591385798413879
0.39699999999996444,0.6591376723922435
0.3979999999999643,0.6591369120762267
0.3989999999999642,0.6591364255522397
0.3999999999999641,0.6591362251472379
0.400999999999964,0.6591362954372689
0.4019999999999639,0.6591367408157734
0.4029999999999638,0.6591374141181309
0.40399999999996367,0.6591381835048251
0.40499999999996356,0.6591389918082361
0.40599999999996345,0.659139728009182
0.40699999999996334,0.6591401979654856
0.4079999999999632,0.659140537009818
0.4089999999999631,0.6591405591384057
0.409999999999963,0.6591402981824029
0.4109999999999629,0.6591397861300887
0.4119999999999628,0.6591390295930895
0.4129999999999627,0.6591382059382028
0.41399999999996256,0.6591376349036524
0.41499999999996245,0.659136983562079
0.41599999999996234,0.6591365798911707
0.41699999999996223,0.6591364620589645
0.4179999999999621,0.6591366715046814
0.418999999999962,0.6591371079897055
0.4199999999999619,0.6591375884963043
0.4209999999999618,0.6591383502169966
0.4219999999999617,0.6591391231083289
0.4229999999999616,0.6591397777453087
0.42399999999996146,0.6591401971634652
0.42499999999996135,0.6591403811904671
0.42599999999996124,0.6591403368530334
0.42699999999996113,0.6591399756163429
0.427999999999961,0.6591394175309476
0.4289999999999609,0.6591387799568446
0.4299999999999608,0.6591381048038502
0.4309999999999607,0.659137482979747
0.4319999999999606,0.6591370687175602
0.43299999999996047,0.6591367651179498
0.43399999999996036,0.6591367267537236
0.43499999999996025,0.6591369270855691
0.43599999999996014,0.6591373378170798
0.43699999999996003,0.6591379663511417
0.4379999999999599,0.6591386602274791
0.4389999999999598,0.6591391434641132
0.4399999999999597,0.6591397044644776
0.4409999999999596,0.6591400562686771
0.4419999999999595,0.659140176967793
0.44299999999995937,0.6591400189321933
0.44399999999995926,0.6591396700033133
0.44499999999995915,0.6591392759833645
0.44599999999995904,0.6591386409623574
0.44699999999995893,0.6591379881139411
0.4479999999999588,0.6591374276104458
0.4489999999999587,0.6591370674381333
0.4499999999999586,0.6591368973772302
0.4509999999999585,0.6591369183501595
0.4519999999999584,0.6591372047249231
0.45299999999995827,0.6591376602541474
0.45399999999995816,0.6591381807496797
0.45499999999995805,0.6591387379895375
0.45599999999995794,0.6591392587916418
0.45699999999995783,0.6591396235564043
0.4579999999999577,0.6591398957698749
0.4589999999999576,0.6591399483478307
0.4599999999999575,0.6591398014531865
0.4609999999999574,0.6591394797162362
0.4619999999999573,0.6591389634211722
0.46299999999995717,0.659138383254757
0.46399999999995706,0.6591379767756623
0.46499999999995695,0.6591374946310307
0.46599999999995684,0.6591371876762054
0.4669999999999567,0.6591370641966282
0.4679999999999566,0.6591371770324976
0.4689999999999565,0.6591374492081948
0.4699999999999564,0.6591377676771102
0.4709999999999563,0.6591382921937258
0.4719999999999562,0.6591388404670332
0.47299999999995607,0.6591393190178674
0.47399999999995596,0.659139627883409
0.47499999999995585,0.6591397859729011
0.47599999999995574,0.6591397852496635
0.4769999999999556,0.6591395636056062
0.4779999999999555,0.6591391968295045
0.4789999999999554,0.6591387774716355
0.4799999999999553,0.6591383218631613
0.4809999999999552,0.6591378879283334
0.4819999999999551,0.6591375658840581
0.48299999999995497,0.659137320506114
0.48399999999995486,0.6591372554332744
0.48499999999995475,0.659137355987628
0.48599999999995463,0.6591376009482055
0.4869999999999545,0.6591380205500235
0.4879999999999544,0.6591385028091837
0.4889999999999543,0.6591388432981182
0.4899999999999542,0.6591392576518783
0.4909999999999541,0.6591395262277693
0.491999999999954,0.659139652018853
0.49299999999995386,0.6591395778891677
0.49399999999995375,0.6591393714310445
0.49499999999995364,0.6591391175601786
0.49599999999995353,0.6591386874644096
0.4969999999999534,0.6591382284715727
0.4979999999999533,0.6591378198146214
0.4989999999999532,0.6591375544294515
0.4999999999999531,0.6591375548943833
0.500999999999953,0.6591375489829562
0.5019999999999529,0.6591393328950624
0.5029999999999528,0.6591463655809969
0.5039999999999527,0.6591547378481352
0.5049999999999526,0.6591644304768749
0.5059999999999525,0.6591752617089282
0.5069999999999524,0.6591837097776017
0.5079999999999523,0.6591949237642747
0.5089999999999522,0.6592055925911248
0.509999999999952,0.6592151986619077
0.5109999999999519,0.6592234570798129
0.5119999999999518,0.6592301716042704
0.5129999999999517,0.6592355094785958
0.5139999999999516,0.6592388065159315
0.5149999999999515,0.6592426181233599
0.5159999999999514,0.6592463036060527
0.5169999999999513,0.6592502037112915
0.5179999999999512,0.6592547999483357
0.5189999999999511,0.659257021901172
0.519999999999951,0.6592567699722212
0.5209999999999508,0.6592572623082448
0.5219999999999507,0.6592575524270279
0.5229999999999506,0.6592575954675348
0.5239999999999505,0.6592576346966654
0.5249999999999504,0.6592574618449802
0.5259999999999503,0.6592573633173193
0.5269999999999502,0.6592571426099894
0.5279999999999501,0.6592569505122419
0.52899999999995,0.659256853666132
0.5299999999999498,0.6592568592935653
0.5309999999999497,0.6592569700694979
0.5319999999999496,0.6592570673709721
0.5329999999999495,0.6592573317012727
0.5339999999999494,0.6592576721056108
0.5349999999999493,0.6592580456377737
0.5359999999999492,0.659258397339874
0.5369999999999491,0.659258740929419
0.537999999999949,0.6592590215032778
0.5389999999999489,0.6592591587617946
0.5399999999999487,0.659259274367792
0.5409999999999486,0.6592592715905814
0.5419999999999485,0.6592592244111158
0.5429999999999484,0.6592591161547414
0.5439999999999483,0.6592590140855694
0.5449999999999482,0.6592589492834312
0.5459999999999481,0.6592588952095916
0.546999999999948,0.6592589083185136
0.5479999999999479,0.6592590061023539
0.5489999999999478,0.6592592276449944
0.5499999999999476,0.6592595000899895
0.5509999999999475,0.6592597203508663
0.5519999999999474,0.6592600562349852
0.5529999999999473,0.6592603867451341
0.5539999999999472,0.6592606461731574
0.5549999999999471,0.6592608419977478
0.555999999999947,0.6592609742910638
0.5569999999999469,0.6592610892078505
0.5579999999999468,0.6592611350668375
0.5589999999999467,0.6592611269154296
0.5599999999999465,0.6592610910484251
0.5609999999999464,0.6592610679551506
0.5619999999999463,0.6592610269751559
0.5629999999999462,0.659261013143377
0.5639999999999461,0.6592610490273924
0.564999999999946,0.6592611279160092
0.5659999999999459,0.6592612899222166
0.5669999999999458,0.6592614679986788
0.5679999999999457,0.6592616938304532
0.5689999999999455,0.6592619140767625
0.5699999999999454,0.6592620755934365
0.5709999999999453,0.659262278329675
0.5719999999999452,0.6592624433150774
0.5729999999999451,0.6592625549639
0.573999999999945,0.659262570469302
0.5749999999999449,0.6592625564990641
0.5759999999999448,0.6592625382923722
0.5769999999999447,0.6592624724435695
0.5779999999999446,0.6592624012587098
0.5789999999999444,0.6592623809631598
0.5799999999999443,0.6592623968071127
0.5809999999999442,0.6592624454418385
0.5819999999999441,0.6592624448425416
0.582999999999944,0.659262530302281
0.5839999999999439,0.6592626521302519
0.5849999999999438,0.6592627944629077
0.5859999999999437,0.6592629265575839
0.5869999999999436,0.6592630892484981
0.5879999999999435,0.6592632447870121
0.5889999999999433,0.6592633306352316
0.5899999999999432,0.659263434905491
0.5909999999999431,0.6592634765165851
0.591999999999943,0.6592635175749906
0.5929999999999429,0.6592635171530007
0.5939999999999428,0.6592635195826455
0.5949999999999427,0.6592635181443616
0.5959999999999426,0.6592635138148635
0.5969999999999425,0.6592635255045747
0.5979999999999424,0.6592635674456843
0.5989999999999422,0.6592636850286427
0.5999999999999421,0.6592638154786347
0.600999999999942,0.6592639138413203
0.6019999999999419,0.659264083403144
0.6029999999999418,0.6592642630550686
0.6039999999999417,0.6592644029594517
0.6049999999999416,0.659264522485908
0.6059999999999415,0.659264627315677
0.6069999999999414,0.6592647554244386
0.6079999999999413,0.6592648526871133
0.6089999999999411,0.6592649236883203
0.609999999999941,0.6592649776625797
0.6109999999999409,0.6592650388427412
0.6119999999999408,0.6592650596740584
0.6129999999999407,0.6592650731027151
0.6139999999999406,0.6592651028402501
0.6149999999999405,0.6592651375848064
0.6159999999999404,0.6592652200511132
0.6169999999999403,0.6592652909488772
0.6179999999999402,0.6592653974276926
0.61899999999994,0.6592655014391784
0.6199999999999399,0.6592655860609942
0.6209999999999398,0.6592657097724033
0.6219999999999397,0.6592658303938764
0.6229999999999396,0.659265934815204
0.6239999999999395,0.6592659763479909
0.6249999999999394,0.6592660150248949
0.6259999999999393,0.6592660476328902
0.6269999999999392,0.6592660540199713
0.627999999999939,0.659266046516568
0.6289999999999389,0.659266070601618
0.6299999999999388,0.6592661037382387
0.6309999999999387,0.6592661386365282
0.6319999999999386,0.6592661062101309
0.6329999999999385,0.6592661271610377
0.6339999999999384,0.6592661664608357
0.6349999999999383,0.6592662194885925
0.6359999999999382,0.6592662661338831
0.6369999999999381,0.6592663581253514
0.637999999999938,0.6592664661040407
0.6389999999999378,0.65926653425284
0.6399999999999377,0.6592666392134202
0.6409999999999376,0.6592667058492164
0.6419999999999375,0.6592667912789127
0.6429999999999374,0.6592668445490404
0.6439999999999373,0.6592668995628957
0.6449999999999372,0.6592669315657071
0.6459999999999371,0.6592669571776542
0.646999999999937,0.6592669765842458
0.6479999999999368,0.6592670020207887
0.6489999999999367,0.6592670810815197
0.6499999999999366,0.6592671554455674
0.6509999999999365,0.6592672041409455
0.6519999999999364,0.6592673040308825
0.6529999999999363,0.6592674195616757
0.6539999999999362,0.6592675082648731
0.6549999999999361,0.65926759458343
0.655999999999936,0.6592676869537684
0.6569999999999359,0.6592678200940496
0.6579999999999357,0.6592679394434265
0.6589999999999356,0.6592680452392657
0.6599999999999355,0.6592681391699639
0.6609999999999354,0.6592682384608282
0.6619999999999353,0.6592682885758318
0.6629999999999352,0.6592683164281063
0.6639999999999351,0.65926834517168
0.664999999999935,0.659268362622119
0.6659999999999349,0.6592684114373839
0.6669999999999348,0.6592684355939764
0.6679999999999346,0.6592684886548477
0.6689999999999345,0.6592685397694482
0.6699999999999344,0.6592685884239547
0.6709999999999343,0.6592686736590849
0.6719999999999342,0.6592687705475099
0.6729999999999341,0.6592688675840427
0.673999999999934,0.6592689168939638
0.6749999999999339,0.6592689754434163
0.6759999999999338,0.6592690283990358
0.6769999999999337,0.6592690650522643
0.6779999999999335,0.659269084585246
0.6789999999999334,0.6592691273061453
0.6799999999999333,0.6592691674008042
0.6809999999999332,0.6592691956096737
0.6819999999999331,0.6592691487779502
0.682999999999933,0.6592691398384305
0.6839999999999329,0.6592691404143095
0.6849999999999328,0.6592691509763566
0.6859999999999327,0.6592691560755332
0.6869999999999326,0.6592692118664472
0.6879999999999324,0.6592692934058775
0.6889999999999323,0.6592693496898707
0.6899999999999322,0.659269449572506
0.6909999999999321,0.6592695224580101
0.691999999999932,0.6592696233227189
0.6929999999999319,0.6592696971349662
0.6939999999999318,0.6592697726993567
0.6949999999999317,0.6592698180276478
0.6959999999999316,0.6592698554742322
0.6969999999999315,0.6592698770730244
0.6979999999999313,0.6592698937284943
0.6989999999999312,0.6592699535344765
0.6999999999999311,0.659270000368119
0.700999999999931,0.659270024564128
0.7019999999999309,0.6592700891110401
0.7029999999999308,0.6592701712039607
0.7039999999999307,0.6592702320898325
0.7049999999999306,0.6592702983127996
0.7059999999999305,0.6592703797303333
0.7069999999999304,0.6592705108734802
0.7079999999999302,0.6592706352315088
0.7089999999999301,0.6592707524080632
0.70999999999993,0.659270860592351
0.7109999999999299,0.659270973903421
0.7119999999999298,0.6592710350917704
0.7129999999999297,0.6592710677220666
0.7139999999999296,0.6592710946925358
0.7149999999999295,0.6592711026063113
0.7159999999999294,0.6592711339920387
0.7169999999999292,0.6592711343022337
0.7179999999999291,0.6592711596149246
0.718999999999929,0.6592711827684112
0.7199999999999289,0.6592712115981585
0.7209999999999288,0.6592712741374926
0.7219999999999287,0.6592713547436029
0.7229999999999286,0.6592714430314086
0.7239999999999285,0.6592714910434402
0.7249999999999284,0.6592715541168004
0.7259999999999283,0.6592716133073757
0.7269999999999281,0.659271660709808
0.727999999999928,0.6592716900044818
0.7289999999999279,0.6592717387508249
0.7299999999999278,0.6592717798375447
0.7309999999999277,0.6592718029634893
0.7319999999999276,0.6592717483104035
0.7329999999999275,0.6592717233439607
0.7339999999999274,0.6592717032810004
0.7349999999999273,0.6592716910193298
0.7359999999999272,0.6592716732188341
0.736999999999927,0.6592717076323296
0.7379999999999269,0.6592717719163541
0.7389999999999268,0.6592718189552657
0.7399999999999267,0.6592719114030028
0.7409999999999266,0.6592719825279586
0.7419999999999265,0.6592720862802861
0.7429999999999264,0.6592721661268218
0.7439999999999263,0.6592722481038086
0.7449999999999262,0.6592722977559599
0.7459999999999261,0.6592723387391085
0.746999999999926,0.6592723596712694
0.7479999999999258,0.6592723704924122
0.7489999999999257,0.6592724190892366
0.7499999999999256,0.6592724506273135
0.7509999999999255,0.6592724612708003
0.7519999999999254,0.6592725056156813
0.7529999999999253,0.6592725679835787
0.7539999999999252,0.6592726117274744
0.7549999999999251,0.6592726641681975
0.755999999999925,0.6592727359361522
0.7569999999999248,0.65927286245491
0.7579999999999247,0.6592729849055923
0.7589999999999246,0.6592731036642896
0.7599999999999245,0.6592732151863403
0.7609999999999244,0.6592733321532832
0.7619999999999243,0.6592733964807339
0.7629999999999242,0.6592734296300495
0.7639999999999241,0.6592734544358224
0.764999999999924,0.6592734561618617
0.7659999999999239,0.6592734772258482
0.7669999999999237,0.6592734638693039
0.7679999999999236,0.6592734729793066
0.7689999999999235,0.6592734795310475
0.7699999999999234,0.6592734960421635
0.7709999999999233,0.6592735434819255
0.7719999999999232,0.6592736118169231
0.7729999999999231,0.6592736915047903
0.773999999999923,0.6592737349616143
0.7749999999999229,0.6592737964631799
0.7759999999999228,0.6592738560816924
0.7769999999999226,0.6592739060327768
0.7779999999999225,0.6592739377669312
0.7789999999999224,0.659273987167394
0.7799999999999223,0.6592740267133285
0.7809999999999222,0.6592740455213593
0.7819999999999221,0.6592739860314203
0.782999999999922,0.6592739513035138
0.7839999999999219,0.6592739188313537
0.7849999999999218,0.6592738927686961
0.7859999999999217,0.659273860793189
0.7869999999999215,0.6592738810012515
0.7879999999999214,0.6592739327902503
0.7889999999999213,0.6592739723017031
0.7899999999999212,0.6592740570212146
0.7909999999999211,0.6592741235716293
0.791999999999921,0.6592742252828787
0.7929999999999209,0.6592743052557368
0.7939999999999208,0.6592743877974411
0.7949999999999207,0.6592744380066377
0.7959999999999205,0.6592744790527603
0.7969999999999204,0.65927449819068
0.7979999999999203,0.6592745046102223
0.7989999999999202,0.6592745456998284
0.7999999999999201,0.6592745675649994
0.80099999999992,0.659274569734021
0.8019999999999199,0.6592746010163666
0.8029999999999198,0.6592746502582133
0.8039999999999197,0.6592746822027359
0.8049999999999196,0.6592747243490813
0.8059999999999194,0.6592747877715762
0.8069999999999193,0.6592749090119756
0.8079999999999192,0.6592750271380626
0.8089999999999191,0.6592751437004479
0.809999999999919,0.6592752542011845
0.8109999999999189,0.6592753705916065
0.8119999999999188,0.6592754347899884
0.8129999999999187,0.659275466755656
0.8139999999999186,0.6592754893357939
0.8149999999999185,0.6592754865095104
0.8159999999999183,0.659275500572424
0.8169999999999182,0.6592754783254196
0.8179999999999181,0.6592754767082639
0.818999999999918,0.6592754721359113
0.8199999999999179,0.6592754800610025
0.8209999999999178,0.659275516380647
0.8219999999999177,0.6592755748804753
0.8229999999999176,0.6592756466937002
0.8239999999999175,0.6592756847977065
0.8249999999999174,0.6592757426116415
0.8259999999999172,0.6592758004553103
0.8269999999999171,0.6592758497041721
0.827999999999917,0.6592758809408678
0.8289999999999169,0.6592759288501067
0.8299999999999168,0.6592759659041493
0.8309999999999167,0.6592759808768739
0.8319999999999166,0.6592759180139262
0.8329999999999165,0.6592758765177456
0.8339999999999164,0.6592758355714584
0.8349999999999163,0.6592758000646888
0.8359999999999161,0.6592757582363505
0.836999999999916,0.6592757679633772
0.8379999999999159,0.6592758099598861
0.8389999999999158,0.659275843167955
0.8399999999999157,0.659275920639428
0.8409999999999156,0.6592759819586496
0.8419999999999155,0.6592760799479374
0.8429999999999154,0.6592761578498315
0.8439999999999153,0.6592762387135945
0.8449999999999152,0.6592762880085007
0.845999999999915,0.6592763277813513
0.8469999999999149,0.6592763447909864
0.8479999999999148,0.6592763476099809
0.8489999999999147,0.6592763830096029
0.8499999999999146,0.6592763979214079
0.8509999999999145,0.6592763940955094
0.8519999999999144,0.6592764158778067
0.8529999999999143,0.6592764553765311
0.8539999999999142,0.6592764784064712
0.854999999999914,0.6592765123716179
0.8559999999999139,0.6592765686133002
0.8569999999999138,0.6592766846902827
0.8579999999999137,0.659276797934572
0.8589999999999136,0.6592769110756849
0.8599999999999135,0.659277019011746
0.8609999999999134,0.6592771332526094
0.8619999999999133,0.6592771960972561
0.8629999999999132,0.6592772263085223
0.8639999999999131,0.6592772467580214
0.864999999999913,0.6592772402728386
0.8659999999999128,0.6592772489902747
0.8669999999999127,0.6592772202283576
0.8679999999999126,0.6592772106379653
0.8689999999999125,0.6592771977550994
0.8699999999999124,0.6592771990906242
0.8709999999999123,0.6592772265587677
0.8719999999999122,0.6592772768355509
0.8729999999999121,0.6592773416229346
0.873999999999912,0.6592773745369842
0.8749999999999118,0.6592774281943143
0.8759999999999117,0.6592774835851903
0.8769999999999116,0.6592775310051134
0.8779999999999115,0.6592775607053646
0.8789999999999114,0.6592776063842143
0.8799999999999113,0.6592776406919704
0.8809999999999112,0.6592776521931447
0.8819999999999111,0.6592775867502295
0.882999999999911,0.6592775400251258
0.8839999999999109,0.6592774926158872
0.8849999999999107,0.6592774499133163
0.8859999999999106,0.6592774005371084
0.8869999999999105,0.6592774018873853
0.8879999999999104,0.6592774357725174
0.8889999999999103,0.6592774635933866
0.8899999999999102,0.6592775345184065
0.8909999999999101,0.6592775907887837
0.89199999999991,0.6592776847141952
0.8929999999999099,0.6592777599128253
0.8939999999999098,0.6592778383949102
0.8949999999999096,0.659277886294061
0.8959999999999095,0.6592779243862673
0.8969999999999094,0.6592779392808479
0.8979999999999093,0.6592779390207313
0.8989999999999092,0.6592779697106999
0.8999999999999091,0.6592779790902463
0.900999999999909,0.6592779705762394
0.9019999999999089,0.6592779847856438
0.9029999999999088,0.6592780164297372
0.9039999999999087,0.6592780322538014
0.9049999999999085,0.6592780594392776
0.9059999999999084,0.6592781094918883
0.9069999999999083,0.6592782207793908
0.9079999999999082,0.6592783293060652
0.9089999999999081,0.6592784388434823
0.909999999999908,0.6592785438466073
0.9109999999999079,0.6592786554918769
0.9119999999999078,0.6592787166344056
0.9129999999999077,0.6592787450078742
0.9139999999999076,0.6592787634867586
0.9149999999999074,0.6592787539051005
0.9159999999999073,0.6592787581904143
0.9169999999999072,0.6592787242082301
0.9179999999999071,0.6592787081590553
0.918999999999907,0.659278688548672
0.9199999999999069,0.6592786844704028
0.9209999999999068,0.6592787045136669
0.9219999999999067,0.659278747718352
0.9229999999999066,0.6592788062824542
0.9239999999999065,0.6592788344944815
0.9249999999999063,0.6592788841631113
0.9259999999999062,0.6592789370392542
0.9269999999999061,0.6592789823836713
0.927999999999906,0.6592790103046933
0.9289999999999059,0.6592790536081281
0.9299999999999058,0.6592790852097163
0.9309999999999057,0.6592790935455134
0.9319999999999056,0.6592790260147522
0.9329999999999055,0.6592789749476589
0.9339999999999054,0.6592789222159655
0.9349999999999052,0.6592788736007585
0.9359999999999051,0.6592788180395038
0.936999999999905,0.6592788123322197
0.9379999999999049,0.6592788392537527
0.9389999999999048,0.6592788624001362
0.9399999999999047,0.6592789274850226
0.9409999999999046,0.6592789791675402
0.9419999999999045,0.6592790691971253
0.9429999999999044,0.6592791416835652
0.9439999999999042,0.6592792177061584
0.9449999999999041,0.6592792641370528
0.945999999999904,0.6592793005276854
0.9469999999999039,0.6592793134615722
0.9479999999999038,0.65927931051356
0.9489999999999037,0.6592793370990981
0.9499999999999036,0.6592793417834228
0.9509999999999035,0.6592793293544507
0.9519999999999034,0.6592793371599807
0.9529999999999033,0.6592793621286225
0.9539999999999031,0.6592793718731292
0.954999999999903,0.659279393290103
0.9559999999999029,0.6592794379842981
0.9569999999999028,0.6592795449069142
0.9579999999999027,0.6592796491156236
0.9589999999999026,0.6592797552521282
0.9599999999999025,0.6592798574082475
0.9609999999999024,0.6592799664600865
0.9619999999999023,0.6592800259065145
0.9629999999999022,0.6592800525541118
0.963999999999902,0.6592800692427616
0.9649999999999019,0.6592800569745221
0.9659999999999018,0.6592800574084549
0.9669999999999017,0.6592800190114163
0.9679999999999016,0.6592799974484218
0.9689999999999015,0.6592799721164129
0.9699999999999014,0.6592799634019729
0.9709999999999013,0.6592799770149607
0.9719999999999012,0.6592800140233828
0.972999999999901,0.6592800670685213
0.973999999999901,0.6592800911292899
0.9749999999999008,0.6592801371807915
0.9759999999999007,0.6592801877003674
0.9769999999999006,0.6592802310549225
0.9779999999999005,0.6592802572610216
0.9789999999999004,0.6592802982749403
0.9799999999999003,0.6592803273222374
0.9809999999999002,0.6592803327647576
0.9819999999999001,0.6592802635003749
0.9829999999999,0.6592802086837714
0.9839999999998998,0.6592801513741161
0.9849999999998997,0.6592800976837474
0.9859999999998996,0.6592800368518558
0.9869999999998995,0.6592800250123255
0.9879999999998994,0.6592800458235208
0.9889999999998993,0.6592800648674721
0.9899999999998992,0.6592801247475989
0.9909999999998991,0.6592801723503742
0.991999999999899,0.6592802588067522
0.9929999999998989,0.6592803287850271
0.9939999999998987,0.6592804024944553
0.9949999999998986,0.6592804475355981
0.9959999999998985,0.6592804823469105
0.9969999999998984,0.6592804935207508
0.9979999999998983,0.6592804882099025
0.9989999999998982,0.6592805111264861
0.9999999999998981,0.6592805116892042
1.0009999999999002,0.6592804957745272
1.0019999999999023,0.6592804973354298
1.0029999999999044,0.659280515194185
1.0039999999999065,0.659280518455938
1.0049999999999086,0.65928053475302
1.0059999999999107,0.6592805770903348
1.0069999999999129,0.6592806843048428
1.007999999999915,0.6592807952041522
1.008999999999917,0.659280915939378
1.0099999999999192,0.6592810420490407
1.0109999999999213,0.6592811854609824
1.0119999999999234,0.6592812915170339
1.0129999999999255,0.6592813769940855
1.0139999999999276,0.659281445849109
1.0149999999999297,0.6592815141879591
1.0159999999999318,0.6592816074304318
1.016999999999934,0.6592816746694466
1.017999999999936,0.6592817714905372
1.0189999999999382,0.6592818790573279
1.0199999999999403,0.6592819794723475
1.0209999999999424,0.6592821514126844
1.0219999999999445,0.659282362238275
1.0229999999999466,0.659282604912677
1.0239999999999487,0.6592828354517526
1.0249999999999508,0.6592831038062993
1.025999999999953,0.6592833313513452
1.026999999999955,0.6592836251147283
1.0279999999999572,0.6592839176695586
1.0289999999999593,0.6592842401560125
1.0299999999999614,0.6592845657933055
1.0309999999999635,0.6592848828805257
1.0319999999999656,0.6592850576105982
1.0329999999999677,0.6592853405459345
1.0339999999999698,0.659285635542083
1.034999999999972,0.6592859493361456
1.035999999999974,0.6592862711092051
1.0369999999999762,0.6592866560682442
1.0379999999999783,0.6592870888057427
1.0389999999999804,0.6592874273832908
1.0399999999999825,0.6592879264565166
1.0409999999999846,0.6592884296657566
1.0419999999999867,0.6592889866463052
1.0429999999999888,0.6592895427832538
1.043999999999991,0.6592901178129008
1.044999999999993,0.6592905484547207
1.0459999999999952,0.6592911099818468
1.0469999999999973,0.6592916620024304
1.0479999999999994,0.6592922109574186
1.0490000000000015,0.6592928012007873
1.0500000000000036,0.6592933823759473
1.0510000000000057,0.6592938104564519
1.0520000000000078,0.6592944147815946
1.05300000000001,0.6592950495319163
1.054000000000012,0.6592957161625012
1.0550000000000141,0.6592963756388786
1.0560000000000163,0.6592970718235125
1.0570000000000184,0.6592976739565286
1.0580000000000205,0.6592984527976921
1.0590000000000226,0.6592992474528582
1.0600000000000247,0.6593000498365632
1.0610000000000268,0.6593008735145303
1.062000000000029,0.6593016606914084
1.063000000000031,0.6593024268214696
1.0640000000000331,0.6593030050832669
1.0650000000000353,0.6593037509045637
1.0660000000000374,0.6593044877616494
1.0670000000000395,0.6593052269190188
1.0680000000000416,0.6593059917179541
1.0690000000000437,0.6593067636159733
1.0700000000000458,0.6593073264166711
1.071000000000048,0.6593081532371164
1.07200000000005,0.659309057819906
1.0730000000000521,0.6593099449647815
1.0740000000000542,0.6593108155884769
1.0750000000000564,0.6593117179621049
1.0760000000000585,0.6593124166094305
1.0770000000000606,0.6593133347899127
1.0780000000000627,0.6593142432394916
1.0790000000000648,0.6593151408125186
1.080000000000067,0.6593160669335241
1.081000000000069,0.659316976420635
1.0820000000000711,0.6593175901089873
1.0830000000000732,0.6593184815386663
1.0840000000000753,0.6593193445869053
1.0850000000000775,0.6593202184488991
1.0860000000000796,0.6593210909653934
1.0870000000000817,0.6593220166361861
1.0880000000000838,0.6593229812589712
1.089000000000086,0.6593236693075408
1.090000000000088,0.6593246855477269
1.0910000000000901,0.6593257283682987
1.0920000000000922,0.6593267866188379
1.0930000000000943,0.6593278366925936
1.0940000000000965,0.6593288980572657
1.0950000000000986,0.6593297216251897
1.0960000000001007,0.6593307561894967
1.0970000000001028,0.6593317284118305
1.098000000000105,0.6593327351091902
1.099000000000107,0.6593337752120755
1.1000000000001091,0.659334799159771
1.1010000000001112,0.659335554621174
1.1020000000001133,0.659336587748937
1.1030000000001154,0.6593376455373332
1.1040000000001176,0.659338728796931
1.1050000000001197,0.6593397998804229
1.1060000000001218,0.6593409017470225
1.1070000000001239,0.6593418030285156
1.108000000000126,0.6593429472576628
1.109000000000128,0.6593441316180622
1.1100000000001302,0.6593453182152815
1.1110000000001323,0.65934652018293
1.1120000000001344,0.6593476800586732
1.1130000000001365,0.6593488128053543
1.1140000000001387,0.659349706745665
1.1150000000001408,0.659350807501016
1.1160000000001429,0.6593518922792951
1.117000000000145,0.6593529719333465
1.118000000000147,0.6593540694819224
1.1190000000001492,0.6593551671725446
1.1200000000001513,0.6593559701304023
1.1210000000001534,0.6593571090818762
1.1220000000001555,0.6593583173193227
1.1230000000001576,0.6593595019381343
1.1240000000001598,0.6593606636770107
1.1250000000001619,0.6593618496444568
1.126000000000164,0.6593627558956812
1.127000000000166,0.6593639446859019
1.1280000000001682,0.6593651162309075
1.1290000000001703,0.6593662691999024
1.1300000000001724,0.6593674421582626
1.1310000000001745,0.659368590508023
1.1320000000001766,0.6593693786579224
1.1330000000001788,0.6593704945611403
1.1340000000001809,0.6593715740816334
1.135000000000183,0.6593726563033204
1.136000000000185,0.659373729863946
1.1370000000001872,0.659374848084448
1.1380000000001893,0.6593759977601363
1.1390000000001914,0.6593768210970793
1.1400000000001935,0.6593780100930983
1.1410000000001956,0.6593792189534329
1.1420000000001977,0.6593804366888351
1.1430000000001999,0.6593816401167121
1.144000000000202,0.6593828481215276
1.145000000000204,0.6593837768663271
1.1460000000002062,0.6593849468020082
1.1470000000002083,0.6593860484303322
1.1480000000002104,0.6593871769103827
1.1490000000002125,0.6593883313296725
1.1500000000002146,0.659389463082473
1.1510000000002167,0.659390295163831
1.1520000000002188,0.659391424341469
1.153000000000221,0.6593925716649826
1.154000000000223,0.6593937383728555
1.1550000000002252,0.6593948879294436
1.1560000000002273,0.659396062629875
1.1570000000002294,0.6593970139664613
1.1580000000002315,0.6593982217956638
1.1590000000002336,0.6593994642332273
1.1600000000002357,0.6594007039679642
1.1610000000002378,0.659401953623651
1.16200000000024,0.6594031567159907
1.163000000000242,0.6594043276744814
1.1640000000002442,0.6594052458136084
1.1650000000002463,0.6594063755193653
1.1660000000002484,0.6594074839680192
1.1670000000002505,0.6594085818992328
1.1680000000002526,0.6594096922387691
1.1690000000002547,0.6594107980363987
1.1700000000002568,0.659411604551759
1.171000000000259,0.6594127431262505
1.172000000000261,0.6594139458273737
1.1730000000002632,0.6594151217838203
1.1740000000002653,0.6594162717418643
1.1750000000002674,0.6594174419984007
1.1760000000002695,0.6594183339157209
1.1770000000002716,0.6594195008280819
1.1780000000002737,0.6594206469706176
1.1790000000002758,0.6594217708938099
1.180000000000278,0.6594229102205252
1.18100000000028,0.659424021217298
1.1820000000002822,0.6594247798452058
1.1830000000002843,0.6594258516352086
1.1840000000002864,0.6594268836604966
1.1850000000002885,0.6594279146589598
1.1860000000002906,0.6594289338885543
1.1870000000002927,0.6594299938740952
1.1880000000002948,0.6594310821513335
1.189000000000297,0.6594318585757637
1.190000000000299,0.6594329814516343
1.1910000000003012,0.6594341217453361
1.1920000000003033,0.6594352686580638
1.1930000000003054,0.6594363993668
1.1940000000003075,0.6594375320376301
1.1950000000003096,0.6594384021588768
1.1960000000003117,0.6594394930547084
1.1970000000003138,0.6594405140966798
1.198000000000316,0.6594415584540227
1.199000000000318,0.6594426253578296
1.2000000000003201,0.6594436672845099
1.2010000000003223,0.6594444305884648
1.2020000000003244,0.6594454656362604
1.2030000000003265,0.6594465164646529
1.2040000000003286,0.6594475846435425
1.2050000000003307,0.6594486345908328
1.2060000000003328,0.659449708003313
1.207000000000335,0.6594505815527987
1.208000000000337,0.6594516857013702
1.2090000000003391,0.6594528229086143
1.2100000000003412,0.6594539562880523
1.2110000000003434,0.6594550978511914
1.2120000000003455,0.6594561922977664
1.2130000000003476,0.6594572533871035
1.2140000000003497,0.6594580870095806
1.2150000000003518,0.6594591042011819
1.216000000000354,0.6594600985910541
1.217000000000356,0.6594610808189021
1.2180000000003581,0.6594620736269295
1.2190000000003602,0.6594630607337653
1.2200000000003624,0.659463777994968
1.2210000000003645,0.6594647956981428
1.2220000000003666,0.6594658759175898
1.2230000000003687,0.6594669295932546
1.2240000000003708,0.6594679574460258
1.225000000000373,0.6594690049760237
1.226000000000375,0.6594698044803674
1.2270000000003771,0.6594708482856048
1.2280000000003792,0.6594718710743779
1.2290000000003813,0.6594728712257746
1.2300000000003835,0.6594738853543536
1.2310000000003856,0.6594748706253084
1.2320000000003877,0.6594755356636216
1.2330000000003898,0.659476480530235
1.234000000000392,0.6594773854568404
1.235000000000394,0.6594782886895637
1.2360000000003961,0.659479180002936
1.2370000000003982,0.6594801111873582
1.2380000000004003,0.6594810703658073
1.2390000000004024,0.659481750910573
1.2400000000004046,0.6594827448750964
1.2410000000004067,0.6594837565303678
1.2420000000004088,0.6594847752600578
1.2430000000004109,0.6594857785404633
1.244000000000413,0.6594867837872808
1.245000000000415,0.6594875579093619
1.2460000000004172,0.6594885222825515
1.2470000000004193,0.6594894179052556
1.2480000000004214,0.6594903358582106
1.2490000000004235,0.6594912754812152
1.2500000000004257,0.6594921903225995
1.2510000000004278,0.6594928585441302
1.2520000000004299,0.6594937665128516
1.253000000000432,0.6594946902739219
1.254000000000434,0.6594956316347698
1.2550000000004362,0.6594965558963678
1.2560000000004383,0.6594975041083124
1.2570000000004404,0.6594982833343315
1.2580000000004425,0.6594992635600229
1.2590000000004447,0.6595002773438349
1.2600000000004468,0.6595012881838579
1.2610000000004489,0.6595023074711402
1.262000000000451,0.6595032810832527
1.263000000000453,0.6595042220856586
1.2640000000004552,0.6595049648029211
1.2650000000004573,0.6595058626777137
1.2660000000004594,0.659506738108614
1.2670000000004615,0.6595076016153382
1.2680000000004636,0.6595084756781455
1.2690000000004658,0.6595093446240555
1.2700000000004679,0.6595099741337034
1.27100000000047,0.6595108744082542
1.272000000000472,0.6595118371523397
1.2730000000004742,0.6595127750731283
1.2740000000004763,0.6595136888303982
1.2750000000004784,0.6595146230691996
1.2760000000004805,0.6595153381445165
1.2770000000004826,0.6595162706936852
1.2780000000004847,0.6595171833673625
1.2790000000004869,0.6595180743464834
1.280000000000489,0.6595189792441557
1.281000000000491,0.6595198560858944
1.2820000000004932,0.6595204413678126
1.2830000000004953,0.6595212788865076
1.2840000000004974,0.659522077534471
1.2850000000004995,0.6595228750075748
1.2860000000005016,0.6595236615524509
1.2870000000005037,0.6595244881416013
1.2880000000005059,0.6595253434198045
1.289000000000508,0.6595259476379296
1.29000000000051,0.6595268395120446
1.2910000000005122,0.6595277502116835
1.2920000000005143,0.6595286692827594
1.2930000000005164,0.6595295744734013
1.2940000000005185,0.6595304824762398
1.2950000000005206,0.6595311837667598
1.2960000000005227,0.6595320531598792
1.2970000000005248,0.6595328556787614
1.298000000000527,0.6595336803421625
1.299000000000529,0.6595345265658211
1.3000000000005312,0.6595353489138045
1.3010000000005333,0.6595359484317105
1.3020000000005354,0.6595367650335104
1.3030000000005375,0.6595375980147046
1.3040000000005396,0.6595384493548054
1.3050000000005417,0.6595392852125491
1.3060000000005438,0.6595401459150471
1.307000000000546,0.659540859271827
1.308000000000548,0.6595417538854876
1.3090000000005502,0.6595426828393851
1.3100000000005523,0.6595436100424856
1.3110000000005544,0.6595445463005531
1.3120000000005565,0.6595454385960126
1.3130000000005586,0.6595462993385305
1.3140000000005607,0.659546981251764
1.3150000000005628,0.6595478001531836
1.316000000000565,0.6595485972359701
1.317000000000567,0.6595493828701956
1.3180000000005692,0.6595501792271867
1.3190000000005713,0.6595509712137659
1.3200000000005734,0.6595515439497085
1.3210000000005755,0.6595523680976877
1.3220000000005776,0.659553254632966
1.3230000000005797,0.6595541180534671
1.3240000000005818,0.6595549589359453
1.325000000000584,0.6595558210148011
1.326000000000586,0.6595564824224236
1.3270000000005882,0.6595573446287407
1.3280000000005903,0.6595581880028556
1.3290000000005924,0.6595590105337359
1.3300000000005945,0.6595598468659966
1.3310000000005966,0.6595606558481041
1.3320000000005987,0.6595611917008671
1.3330000000006008,0.6595619622464053
1.334000000000603,0.6595626948213189
1.335000000000605,0.6595634265542376
1.3360000000006071,0.6595641481399503
1.3370000000006093,0.6595649096419351
1.3380000000006114,0.659565700201869
1.3390000000006135,0.6595662572822205
1.3400000000006156,0.6595670855935719
1.3410000000006177,0.6595679334598715
1.3420000000006198,0.6595687905735925
1.343000000000622,0.6595696349609335
1.344000000000624,0.6595704826338231
1.3450000000006261,0.6595711385317846
1.3460000000006282,0.6595719491332458
1.3470000000006304,0.6595726943311697
1.3480000000006325,0.659573461134417
1.3490000000006346,0.6595742490166059
1.3500000000006367,0.6595750135189903
1.3510000000006388,0.6595755700274977
1.352000000000641,0.6595763291086714
1.353000000000643,0.6595771046491447
1.3540000000006451,0.6595778987672657
1.3550000000006472,0.6595786784632077
1.3560000000006494,0.6595794832966906
1.3570000000006515,0.6595801540580225
1.3580000000006536,0.6595809935933754
1.3590000000006557,0.6595818675813969
1.3600000000006578,0.6595827403846729
1.36100000000066,0.6595836222630393
1.362000000000662,0.6595844612631345
1.3630000000006641,0.6595852691905697
1.3640000000006662,0.6595859105292688
1.3650000000006683,0.6595866768995959
1.3660000000006705,0.6595874215028279
1.3670000000006726,0.6595881545374889
1.3680000000006747,0.65958889784841
1.3690000000006768,0.6595896368952352
1.370000000000679,0.6595901704384801
1.371000000000681,0.6595909412619554
1.3720000000006831,0.6595917736372876
1.3730000000006852,0.6595925838649009
1.3740000000006873,0.6595933724345044
1.3750000000006894,0.6595941821545195
1.3760000000006916,0.659594804237263
1.3770000000006937,0.6595956145672691
1.3780000000006958,0.6595964063785966
1.379000000000698,0.6595971774976508
1.3800000000007,0.6595979616288047
1.381000000000702,0.659598718441057
1.3820000000007042,0.6595992161842704
1.3830000000007063,0.6595999342722222
1.3840000000007084,0.6596006146008447
1.3850000000007106,0.6596012937189693
1.3860000000007127,0.6596019627411267
1.3870000000007148,0.659602670791288
1.3880000000007169,0.6596034074860335
1.389000000000719,0.6596039250510158
1.390000000000721,0.659604699240092
1.3910000000007232,0.6596054929020978
1.3920000000007253,0.6596062958725069
1.3930000000007274,0.6596070864815965
1.3940000000007295,0.6596078800924051
1.3950000000007317,0.659608494815115
1.3960000000007338,0.6596092515935398
1.3970000000007359,0.6596099437306632
1.398000000000738,0.6596106562486783
1.39900000000074,0.6596113886757708
1.4000000000007422,0.6596120975296178
1.4010000000007443,0.6596126122223296
1.4020000000007464,0.6596133147522062
1.4030000000007485,0.6596140330793294
1.4040000000007506,0.6596147694479191
1.4050000000007528,0.659615491672964
1.4060000000007549,0.6596162385459041
1.407000000000757,0.6596168646186961
1.408000000000759,0.6596176455984359
1.4090000000007612,0.6596184603610017
1.4100000000007633,0.6596192737514318
1.4110000000007654,0.6596200955084469
1.4120000000007675,0.6596208747642562
1.4130000000007696,0.659621622757747
1.4140000000007718,0.6596222177444648
1.4150000000007739,0.6596229233266601
1.416000000000776,0.6596236065590142
1.417000000000778,0.6596242774595412
1.4180000000007802,0.6596249575445244
1.4190000000007823,0.6596256327881883
1.4200000000007844,0.6596261185405983
1.4210000000007865,0.6596268239889822
1.4220000000007886,0.6596275894521435
1.4230000000007907,0.6596283330029189
1.4240000000007929,0.659629055052129
1.425000000000795,0.6596297975067121
1.426000000000797,0.65963036863721
1.4270000000007992,0.6596311110083835
1.4280000000008013,0.6596318345326452
1.4290000000008034,0.659632536910727
1.4300000000008055,0.6596332509199025
1.4310000000008076,0.6596339370796777
1.4320000000008097,0.6596343825179575
1.4330000000008118,0.6596350287120959
1.434000000000814,0.6596356368335867
1.435000000000816,0.659636242826426
1.4360000000008182,0.659636838184539
1.4370000000008203,0.6596374711245871
1.4380000000008224,0.6596381317022967
1.4390000000008245,0.6596385926436074
1.4400000000008266,0.6596392894033696
1.4410000000008287,0.6596400049591232
1.4420000000008308,0.6596407292964328
1.443000000000833,0.6596414410790683
1.444000000000835,0.6596421550368295
1.4450000000008372,0.6596427090555228
1.4460000000008393,0.6596433855742193
1.4470000000008414,0.6596439977799976
1.4480000000008435,0.6596446286950645
1.4490000000008456,0.6596452779066955
1.4500000000008477,0.6596459029348011
1.4510000000008498,0.6596463544188162
1.452000000000852,0.6596469715119073
1.453000000000854,0.6596476032987221
1.4540000000008562,0.6596482521417997
1.4550000000008583,0.6596488866316523
1.4560000000008604,0.6596495448197098
1.4570000000008625,0.6596501028881991
1.4580000000008646,0.6596507937853612
1.4590000000008667,0.65965151737662
1.4600000000008688,0.6596522389970292
1.461000000000871,0.659652967874039
1.462000000000873,0.6596536542890562
1.4630000000008752,0.6596543089313213
1.4640000000008773,0.6596548322761321
1.4650000000008794,0.6596554431381013
1.4660000000008815,0.659656030792766
1.4670000000008836,0.6596566050780466
1.4680000000008857,0.6596571871813423
1.4690000000008878,0.6596577635435585
1.47000000000089,0.6596581749857953
1.471000000000892,0.6596587794860483
1.4720000000008941,0.6596594421767387
1.4730000000008963,0.6596600828394208
1.4740000000008984,0.6596607018179464
1.4750000000009005,0.6596613401621229
1.4760000000009026,0.6596618325345996
1.4770000000009047,0.6596624696540779
1.4780000000009068,0.6596630873671436
1.479000000000909,0.6596636832811251
1.480000000000911,0.6596642892483838
1.4810000000009131,0.6596648666811119
1.4820000000009153,0.6596652312122873
1.4830000000009174,0.6596657672025541
1.4840000000009195,0.6596662647083796
1.4850000000009216,0.6596667590322106
1.4860000000009237,0.65966724199968
1.4870000000009258,0.6596677609826322
1.488000000000928,0.65966830642774
1.48900000000093,0.659668681328862
1.4900000000009321,0.6596692613410459
1.4910000000009342,0.6596698593068738
1.4920000000009364,0.6596704653739577
1.4930000000009385,0.6596710585618552
1.4940000000009406,0.6596716529732088
1.4950000000009427,0.6596721163060502
1.4960000000009448,0.6596726725795818
1.497000000000947,0.6596731648653978
1.498000000000949,0.6596736741547554
1.4990000000009511,0.6596742000989124
1.5000000000009532,0.6596747012504283
1.5010000000009553,0.659675059505839
1.5020000000009575,0.6596755511447312
1.5030000000009596,0.6596760563579077
1.5040000000009617,0.6596765776146172
1.5050000000009638,0.6596770842360116
1.506000000000966,0.6596776135684277
1.507000000000968,0.6596780735236646
1.5080000000009701,0.6596786341059838
1.5090000000009722,0.659679226304075
1.5100000000009743,0.6596798159366033
1.5110000000009765,0.659680411722971
1.5120000000009786,0.6596809651640191
1.5130000000009807,0.6596814864040077
1.5140000000009828,0.6596819081027508
1.515000000000985,0.6596823843808105
1.516000000000987,0.6596828367147682
1.5170000000009891,0.6596832747658102
1.5180000000009912,0.6596837193865556
1.5190000000009933,0.6596841574350006
1.5200000000009954,0.6596844650355358
1.5210000000009976,0.6596849293486243
1.5220000000009997,0.6596854501366566
1.5230000000010018,0.6596859488160014
1.5240000000010039,0.6596864256731505
1.525000000001006,0.6596869209442138
1.526000000001008,0.6596873054149157
1.5270000000010102,0.6596877985340845
1.5280000000010123,0.6596882718297458
1.5290000000010144,0.6596887228387321
1.5300000000010165,0.6596891824888556
1.5310000000010187,0.659689613119892
1.5320000000010208,0.6596898683699746
1.5330000000010229,0.6596902564603451
1.534000000001025,0.65969060590077
1.535000000001027,0.6596909513130006
1.5360000000010292,0.6596912848077684
1.5370000000010313,0.6596916529706717
1.5380000000010334,0.6596920465882721
1.5390000000010355,0.6596923079942112
1.5400000000010376,0.6596927348462905
1.5410000000010398,0.6596931789722428
1.5420000000010419,0.6596936306930152
1.543000000001044,0.6596940693965067
1.544000000001046,0.6596945085639536
1.5450000000010482,0.6596948545798875
1.5460000000010503,0.6596952553502257
1.5470000000010524,0.6596955927476321
1.5480000000010545,0.6596959457067917
1.5490000000010566,0.6596963139440097
1.5500000000010588,0.6596966570630637
1.5510000000010609,0.6596968966714845
1.552000000001063,0.6596972292152293
1.553000000001065,0.6596975744751897
1.5540000000010672,0.6596979350095454
1.5550000000010693,0.6596982808279125
1.5560000000010714,0.6596986485976412
1.5570000000010735,0.6596989860952632
1.5580000000010756,0.659699384050948
1.5590000000010777,0.6596998128047602
1.5600000000010799,0.6597002386497015
1.561000000001082,0.6597006698024033
1.562000000001084,0.6597010590336472
1.5630000000010862,0.659701415945873
1.5640000000010883,0.6597017129970199
1.5650000000010904,0.6597020243419014
1.5660000000010925,0.6597023113404591
1.5670000000010946,0.6597025834787403
1.5680000000010967,0.6597028612628817
1.5690000000010988,0.6597031319240118
1.570000000001101,0.6597033140541914
1.571000000001103,0.659703609640077
1.5720000000011052,0.6597039602835134
1.5730000000011073,0.6597042889712699
1.5740000000011094,0.6597045959378559
1.5750000000011115,0.659704920637287
1.5760000000011136,0.6597051767737954
1.5770000000011157,0.6597054989070338
1.5780000000011178,0.6597058011105279
1.57900000000112,0.6597060808655549
1.580000000001122,0.6597063681810499
1.5810000000011242,0.6597066263426397
1.5820000000011263,0.6597067533212032
1.5830000000011284,0.6597069684720396
1.5840000000011305,0.6597071451795833
1.5850000000011326,0.659707317352402
1.5860000000011347,0.6597074773470423
1.5870000000011368,0.6597076709996221
1.588000000001139,0.6597078893918372
1.589000000001141,0.6597080199109937
1.5900000000011432,0.6597082706977766
1.5910000000011453,0.6597085383558094
1.5920000000011474,0.6597088133873831
1.5930000000011495,0.6597090755543435
1.5940000000011516,0.6597093377279788
1.5950000000011537,0.6597095503245041
1.5960000000011558,0.6597097744318171
1.597000000001158,0.6597099361426403
1.59800000000116,0.6597101123283935
1.5990000000011622,0.6597103027674073
1.6000000000011643,0.6597104681162338
1.6010000000011664,0.6597105745107019
1.6020000000011685,0.6597107288400903
1.6030000000011706,0.6597108953521151
1.6040000000011727,0.6597110766728997
1.6050000000011748,0.6597112434661669
1.606000000001177,0.659711431733528
1.607000000001179,0.6597116335251232
1.6080000000011812,0.6597118513990167
1.6090000000011833,0.6597120995501236
1.6100000000011854,0.6597123447413522
1.6110000000011875,0.659712594698512
1.6120000000011896,0.6597128034848485
1.6130000000011917,0.6597129801698987
1.6140000000011938,0.659713140871584
1.615000000001196,0.6597132719945435
1.616000000001198,0.659713378717634
1.6170000000012001,0.6597134703504424
1.6180000000012023,0.6597135670387851
1.6190000000012044,0.6597136563521786
1.6200000000012065,0.6597137027262806
1.6210000000012086,0.6597138161541951
1.6220000000012107,0.6597139835129552
1.6230000000012128,0.6597141293131065
1.624000000001215,0.6597142537397972
1.625000000001217,0.6597143954842362
1.6260000000012191,0.6597145141803327
1.6270000000012212,0.6597146534294275
1.6280000000012234,0.659714772937554
1.6290000000012255,0.659714870141446
1.6300000000012276,0.6597149741449517
1.6310000000012297,0.6597150491819754
1.6320000000012318,0.6597150401186739
1.633000000001234,0.6597150722466659
1.634000000001236,0.659715066462323
1.6350000000012381,0.659715055939811
1.6360000000012402,0.6597150332519378
1.6370000000012424,0.6597150434996947
1.6380000000012445,0.6597150780260187
1.6390000000012466,0.6597150713206097
1.6400000000012487,0.6597151378234507
1.6410000000012508,0.6597152210298456
1.642000000001253,0.6597153116286337
1.643000000001255,0.6597153897585767
1.6440000000012571,0.6597154677000081
1.6450000000012592,0.6597155416295489
1.6460000000012613,0.6597155823185331
1.6470000000012635,0.6597155618770719
1.6480000000012656,0.6597155551279946
1.6490000000012677,0.6597155619066929
1.6500000000012698,0.6597155439104053
1.651000000001272,0.6597155130962027
1.652000000001274,0.6597154841261955
1.6530000000012761,0.6597154670620272
1.6540000000012782,0.6597154645776354
1.6550000000012803,0.6597154479655442
1.6560000000012824,0.6597154525657266
1.6570000000012846,0.659715515676587
1.6580000000012867,0.6597155496697152
1.6590000000012888,0.6597156136372218
1.6600000000012909,0.6597156748149087
1.661000000001293,0.6597157404571149
1.662000000001295,0.6597157659189886
1.6630000000012972,0.6597157597540663
1.6640000000012993,0.6597157823226554
1.6650000000013014,0.659715731068582
1.6660000000013035,0.659715655626582
1.6670000000013057,0.6597155651270689
1.6680000000013078,0.659715479343403
1.6690000000013099,0.6597153861583608
1.670000000001312,0.6597152960484164
1.671000000001314,0.6597152265450609
1.6720000000013162,0.6597152100483771
1.6730000000013183,0.6597151725630906
1.6740000000013204,0.6597151142273604
1.6750000000013225,0.6597150729812632
1.6760000000013247,0.6597150543351402
1.6770000000013268,0.6597150109999593
1.6780000000013289,0.6597149483237995
1.679000000001331,0.6597148637092702
1.680000000001333,0.6597147853768381
1.6810000000013352,0.6597146785005104
1.6820000000013373,0.6597145344514956
1.6830000000013394,0.659714385185027
1.6840000000013415,0.6597141987635569
1.6850000000013436,0.6597140076172566
1.6860000000013458,0.6597138045151623
1.6870000000013479,0.6597136338226697
1.68800000000135,0.6597134871211453
1.689000000001352,0.6597133452687444
1.6900000000013542,0.6597132304087191
1.6910000000013563,0.6597131322419308
1.6920000000013584,0.6597130416481813
1.6930000000013605,0.6597129391463091
1.6940000000013626,0.6597128364516862
1.6950000000013647,0.6597127745453326
1.6960000000013669,0.6597126357470903
1.697000000001369,0.659712437283063
1.698000000001371,0.6597122519600427
1.6990000000013732,0.659712079665856
1.7000000000013753,0.659711883118161
1.7010000000013774,0.6597117188203716
1.7020000000013795,0.659711511688654
1.7030000000013816,0.6597113163666072
1.7040000000013837,0.6597111355591135
1.7050000000013859,0.6597109411707353
1.706000000001388,0.65971076787964
1.70700000000139,0.6597106967372587
1.7080000000013922,0.6597105528746537
1.7090000000013943,0.6597104388296211
1.7100000000013964,0.6597103223205236
1.7110000000013985,0.6597102101561996
1.7120000000014006,0.6597100589677156
1.7130000000014027,0.6597098768166079
1.7140000000014048,0.6597097665495005
1.715000000001407,0.6597095401324949
1.716000000001409,0.6597092899391012
1.7170000000014112,0.6597090249186501
1.7180000000014133,0.6597087644631909
1.7190000000014154,0.6597084967525202
1.7200000000014175,0.6597082762385574
1.7210000000014196,0.6597080320493446
1.7220000000014217,0.6597078400874417
1.7230000000014238,0.659707627835794
1.724000000001426,0.6597073953894111
1.725000000001428,0.6597071799451381
1.7260000000014302,0.6597070306429885
1.7270000000014323,0.6597068137648442
1.7280000000014344,0.6597065781103354
1.7290000000014365,0.6597063210588441
1.7300000000014386,0.659706069976187
1.7310000000014407,0.6597057909615822
1.7320000000014428,0.6597055193646706
1.733000000001445,0.6597051988175183
1.734000000001447,0.6597048420492485
1.7350000000014492,0.6597044807466074
1.7360000000014513,0.6597041078636292
1.7370000000014534,0.6597037670205963
1.7380000000014555,0.6597034500241262
1.7390000000014576,0.6597031813112836
1.7400000000014597,0.6597028962566494
1.7410000000014618,0.6597026280179579
1.742000000001464,0.6597023676712401
1.743000000001466,0.6597020961191232
1.7440000000014682,0.6597018245443428
1.7450000000014703,0.6597016357420322
1.7460000000014724,0.6597013295020485
1.7470000000014745,0.6597009652297955
1.7480000000014766,0.6597006137634484
1.7490000000014787,0.6597002750399463
1.7500000000014808,0.659699912771455
1.751000000001483,0.6596996247281188
1.752000000001485,0.6596992525751068
1.7530000000014871,0.6596988923044644
1.7540000000014893,0.6596985466382222
1.7550000000014914,0.659698188084233
1.7560000000014935,0.6596978506560089
1.7570000000014956,0.6596976556633686
1.7580000000014977,0.659697347947323
1.7590000000014998,0.6596970700340591
1.760000000001502,0.6596967901396825
1.761000000001504,0.6596965146597603
1.7620000000015061,0.6596962014727842
1.7630000000015082,0.6596958581782186
1.7640000000015104,0.6596956263669287
1.7650000000015125,0.6596952399836237
1.7660000000015146,0.6596948304384128
1.7670000000015167,0.6596944064994934
1.7680000000015188,0.6596939871712957
1.769000000001521,0.6596935609229788
1.770000000001523,0.6596932221070863
1.7710000000015251,0.6596928195109327
1.7720000000015272,0.6596924685204101
1.7730000000015294,0.6596920980931357
1.7740000000015315,0.6596917082863234
1.7750000000015336,0.6596913355576647
1.7760000000015357,0.6596910683895038
1.7770000000015378,0.6596906951664167
1.77800000000154,0.659690303919591
1.779000000001542,0.659689892015654
1.7800000000015441,0.6596894860015086
1.7810000000015462,0.6596890528798819
1.7820000000015483,0.6596886673696926
1.7830000000015505,0.6596881939541361
1.7840000000015526,0.6596876854470192
1.7850000000015547,0.6596871728012622
1.7860000000015568,0.6596866491533961
1.787000000001559,0.6596861573594042
1.788000000001561,0.6596856894465072
1.7890000000015631,0.6596853085255044
1.7900000000015652,0.6596848729572771
1.7910000000015673,0.6596844545008188
1.7920000000015694,0.6596840444347075
1.7930000000015716,0.6596836240483321
1.7940000000015737,0.6596832040307624
1.7950000000015758,0.6596829038135519
1.796000000001578,0.6596824509220426
1.79700000000158,0.6596819418323437
1.798000000001582,0.659681445476408
1.7990000000015842,0.6596809618376435
1.8000000000015863,0.6596804555897283
1.8010000000015884,0.6596800602455307
1.8020000000015906,0.6596795451897631
1.8030000000015927,0.659679042303743
1.8040000000015948,0.65967855431427
1.8050000000015969,0.6596780543320343
1.806000000001599,0.6596775756981164
1.807000000001601,0.6596772741662807
1.8080000000016032,0.6596768258677084
1.8090000000016053,0.6596764075454769
1.8100000000016074,0.6596759879339945
1.8110000000016095,0.6596755730545178
1.8120000000016117,0.6596751219889718
1.8130000000016138,0.6596746419105081
1.8140000000016159,0.6596743070263097
1.815000000001618,0.6596737854753113
1.81600000000162,0.6596732416281778
1.8170000000016222,0.6596726840731686
1.8180000000016243,0.6596721314215249
1.8190000000016264,0.6596715724330173
1.8200000000016285,0.6596711348121133
1.8210000000016306,0.6596705999837108
1.8220000000016328,0.6596701163460063
1.8230000000016349,0.6596696143418682
1.824000000001637,0.6596690939963663
1.825000000001639,0.6596685910252331
1.8260000000016412,0.6596682264104577
1.8270000000016433,0.6596677242583547
1.8280000000016454,0.6596672050773729
1.8290000000016475,0.6596666662299673
1.8300000000016496,0.6596661334873681
1.8310000000016518,0.6596655747244963
1.8320000000016539,0.6596650967811133
1.833000000001656,0.6596644994308881
1.834000000001658,0.659663868355595
1.8350000000016602,0.6596632337928696
1.8360000000016623,0.6596625890682811
1.8370000000016644,0.6596619762396597
1.8380000000016665,0.6596613875586893
1.8390000000016686,0.6596609172036035
1.8400000000016707,0.6596603616666514
1.8410000000016729,0.6596598237637212
1.842000000001675,0.6596592949820257
1.843000000001677,0.6596587569984972
1.8440000000016792,0.6596582200546787
1.8450000000016813,0.6596578322490813
1.8460000000016834,0.6596572646499659
1.8470000000016855,0.6596566429231636
1.8480000000016876,0.6596560341738257
1.8490000000016897,0.6596554384285098
1.8500000000016918,0.6596548212792609
1.851000000001694,0.6596543436044369
1.852000000001696,0.6596537191662536
1.8530000000016982,0.6596531074431282
1.8540000000017003,0.6596525111540528
1.8550000000017024,0.6596519040205546
1.8560000000017045,0.659651318695109
1.8570000000017066,0.6596509366385362
1.8580000000017087,0.6596503826854826
1.8590000000017108,0.6596498591034522
1.860000000001713,0.6596493351717363
1.861000000001715,0.6596488165833654
1.8620000000017172,0.6596482635595138
1.8630000000017193,0.6596476828892472
1.8640000000017214,0.6596472723101391
1.8650000000017235,0.6596466522753266
1.8660000000017256,0.6596460110895375
1.8670000000017277,0.6596453571618573
1.8680000000017298,0.6596447087042357
1.869000000001732,0.6596440547771196
1.870000000001734,0.6596435468726893
1.8710000000017362,0.6596429180284158
1.8720000000017383,0.6596423401848451
1.8730000000017404,0.6596417452966267
1.8740000000017425,0.6596411333611624
1.8750000000017446,0.6596405393396341
1.8760000000017467,0.6596401068200352
1.8770000000017488,0.6596395153316559
1.878000000001751,0.6596389080684921
1.879000000001753,0.659638282394765
1.8800000000017552,0.6596376633567228
1.8810000000017573,0.6596370196583007
1.8820000000017594,0.6596364799323006
1.8830000000017615,0.6596357998343059
1.8840000000017636,0.6596350876108551
1.8850000000017657,0.6596343728118903
1.8860000000017678,0.6596336489671292
1.88700000000177,0.659632957283918
1.888000000001772,0.659632290250857
1.8890000000017741,0.6596317624490503
1.8900000000017763,0.6596311297601182
1.8910000000017784,0.6596305154543946
1.8920000000017805,0.6596299112317924
1.8930000000017826,0.6596292991550179
1.8940000000017847,0.65962868907089
1.8950000000017868,0.6596282467046126
1.896000000001789,0.6596276085842153
1.897000000001791,0.6596269186192925
1.8980000000017931,0.6596262421849522
1.8990000000017953,0.6596255793457736
1.9000000000017974,0.6596248965576248
1.9010000000017995,0.6596243706423025
1.9020000000018016,0.6596236824803003
1.9030000000018037,0.6596230078144201
1.9040000000018058,0.6596223493426989
1.905000000001808,0.6596216814129867
1.90600000000181,0.659621035963396
1.9070000000018121,0.6596206084067586
1.9080000000018142,0.6596199957329845
1.9090000000018164,0.6596194140074527
1.9100000000018185,0.6596188330868731
1.9110000000018206,0.6596182583881177
1.9120000000018227,0.6596176511864233
1.9130000000018248,0.6596170179353442
1.914000000001827,0.6596165678865527
1.915000000001829,0.6596158977924097
1.9160000000018311,0.6596152079245371
1.9170000000018332,0.6596145065115628
1.9180000000018353,0.6596138113597194
1.9190000000018375,0.6596131118474455
1.9200000000018396,0.6596125708149967
1.9210000000018417,0.6596118976231781
1.9220000000018438,0.6596112754054414
1.923000000001846,0.6596106376691543
1.924000000001848,0.6596099843865191
1.9250000000018501,0.6596093497420049
1.9260000000018522,0.6596088872418511
1.9270000000018543,0.6596082571278712
1.9280000000018565,0.6596076126852658
1.9290000000018586,0.659606951283911
1.9300000000018607,0.6596062973012543
1.9310000000018628,0.6596056202163971
1.932000000001865,0.6596050574275665
1.933000000001867,0.6596043464764724
1.9340000000018691,0.6596036051445056
1.9350000000018712,0.6596028623294443
1.9360000000018733,0.65960211178661
1.9370000000018754,0.6596013938043717
1.9380000000018776,0.6596007011280952
1.9390000000018797,0.6596001555399078
1.9400000000018818,0.6595994986596602
1.9410000000018839,0.6595988610516892
1.942000000001886,0.6595982346292977
1.943000000001888,0.6595976018375427
1.9440000000018902,0.6595969721853469
1.9450000000018923,0.6595965155661142
1.9460000000018944,0.6595958607169707
1.9470000000018965,0.6595951564086457
1.9480000000018987,0.6595944663960508
1.9490000000019008,0.6595937907747564
1.9500000000019029,0.6595930968013637
1.951000000001905,0.6595925635540514
1.952000000001907,0.6595918663200018
1.9530000000019092,0.659591183487676
1.9540000000019113,0.6595905177215398
1.9550000000019134,0.6595898440156844
1.9560000000019155,0.6595891935614118
1.9570000000019177,0.6595887618595221
1.9580000000019198,0.6595881457484996
1.9590000000019219,0.6595875612210572
1.960000000001924,0.6595869787478561
1.961000000001926,0.6595864035243322
1.9620000000019282,0.659585797779814
1.9630000000019303,0.6595851676852365
1.9640000000019324,0.6595847201084606
1.9650000000019345,0.6595840558754065
1.9660000000019366,0.6595833733448285
1.9670000000019388,0.6595826805610036
1.9680000000019409,0.6595819949191679
1.969000000001943,0.6595813061367883
1.970000000001945,0.659580774266407
1.9710000000019472,0.6595801131132524
1.9720000000019493,0.6595795029289361
1.9730000000019514,0.6595788788222107
1.9740000000019535,0.659578240740781
1.9750000000019556,0.6595776220650695
1.9760000000019577,0.659577172035866
1.9770000000019599,0.6595765599143408
1.978000000001962,0.6595759349531771
1.979000000001964,0.6595752945312918
1.9800000000019662,0.6595746624150269
1.9810000000019683,0.6595740087993824
1.9820000000019704,0.6595734655387204
1.9830000000019725,0.6595727806626331
1.9840000000019746,0.6595720671339346
1.9850000000019767,0.6595713532386872
1.9860000000019788,0.6595706329815308
1.987000000001981,0.6595699456567509
1.988000000001983,0.6595692842904985
1.9890000000019852,0.6595687636587879
1.9900000000019873,0.6595681395148134
1.9910000000019894,0.6595675355128261
1.9920000000019915,0.6595669437766735
1.9930000000019936,0.6595663471303355
1.9940000000019957,0.65956575480114
1.9950000000019978,0.6595653266182347
1.996000000002,0.659564711855677
1.997000000002002,0.6595640499481406
1.9980000000020042,0.6595634031441414
1.9990000000020063,0.6595627715622766
2.000000000002008,0.6595634528203972
2.001000000002006,0.6659554390123487
2.0020000000020035,0.7082225106716471
2.003000000002001,0.78487631805507
2.004000000001999,0.8880787212230432
2.0050000000019965,1.0053407521535769
2.006000000001994,1.1225149680395778
2.007000000001992,1.203859179345243
2.0080000000019895,1.2975311955197901
2.009000000001987,1.370903758003072
2.010000000001985,1.4233316527130642
2.0110000000019825,1.4563943589555208
2.01200000000198,1.4736081164723354
2.013000000001978,1.4789422051072867
2.0140000000019755,1.4776358845943132
2.015000000001973,1.4725719984310994
2.016000000001971,1.4679904680371447
2.0170000000019686,1.4689282755250976
2.018000000001966,1.4692704662226486
2.019000000001964,1.46660109791451
2.0200000000019616,1.4609821868902404
2.0210000000019592,1.4491105018331027
2.022000000001957,1.4329532692381453
2.0230000000019546,1.4145919729385237
2.0240000000019522,1.3962017744760993
2.02500000000195,1.3798827757811722
2.0260000000019476,1.3700394138221628
2.0270000000019452,1.3606015422687994
2.028000000001943,1.355176731336286
2.0290000000019406,1.3531102761923128
2.0300000000019383,1.353553754132182
2.031000000001936,1.355921264167409
2.0320000000019336,1.3584602250844673
2.0330000000019313,1.362132011088268
2.034000000001929,1.3650167816262693
2.0350000000019266,1.3659102843035518
2.0360000000019243,1.3638544017730199
2.037000000001922,1.3578665141508917
2.0380000000019196,1.3483593379594334
2.0390000000019173,1.3395270935439039
2.040000000001915,1.326429654762025
2.0410000000019126,1.3135240165402713
2.0420000000019103,1.302375229882663
2.043000000001908,1.2939633635731966
2.0440000000019056,1.2884635282976802
2.0450000000019033,1.2862133976449797
2.046000000001901,1.2856903177727745
2.0470000000018986,1.2872365469008156
2.0480000000018963,1.2900786242943452
2.049000000001894,1.2936211831134217
2.0500000000018916,1.297075768702072
2.0510000000018893,1.298971471185591
2.052000000001887,1.2997852188024603
2.0530000000018847,1.2980187580629785
2.0540000000018823,1.293383629634653
2.05500000000188,1.2862065684794342
2.0560000000018777,1.2771440513824417
2.0570000000018753,1.2699063700563953
2.058000000001873,1.2605447240545873
2.0590000000018707,1.2526674892021123
2.0600000000018683,1.2468930865346715
2.061000000001866,1.2433674501532839
2.0620000000018637,1.242231112955845
2.0630000000018613,1.2429613059338191
2.064000000001859,1.2444348135127834
2.0650000000018567,1.2473321086945233
2.0660000000018544,1.2506393988426157
2.067000000001852,1.2536150831751587
2.0680000000018497,1.255475567157226
2.0690000000018474,1.2556836299742278
2.070000000001845,1.2544607773969276
2.0710000000018427,1.2506298499487907
2.0720000000018404,1.2447997351496516
2.073000000001838,1.2377917885861998
2.0740000000018357,1.2304247790799918
2.0750000000018334,1.2236246818527636
2.076000000001831,1.2194290700604702
2.0770000000018287,1.2154016553611566
2.0780000000018264,1.213270346922801
2.079000000001824,1.2129213561789534
2.0800000000018217,1.2140380358420684
2.0810000000018194,1.2163140834545239
2.082000000001817,1.2184281585249113
2.0830000000018147,1.2214323414074086
2.0840000000018124,1.2239499846386535
2.08500000000181,1.2254075182015987
2.0860000000018077,1.2253811372738301
2.0870000000018054,1.2233947040300734
2.088000000001803,1.2196701919572108
2.0890000000018007,1.2159750864747645
2.0900000000017984,1.2103052312449314
2.091000000001796,1.2045367134883682
2.0920000000017938,1.19942449322265
2.0930000000017914,1.1955144370951762
2.094000000001789,1.193005064913095
2.0950000000017868,1.1921217968753737
2.0960000000017844,1.1923498560472303
2.097000000001782,1.193802949139127
2.0980000000017798,1.1960685314736916
2.0990000000017774,1.1987705032471565
2.100000000001775,1.2013890594209726
2.101000000001773,1.2028324345223889
2.1020000000017705,1.1984183483568673
2.103000000001768,1.177347666286589
2.104000000001766,1.1405822412642002
2.1050000000017635,1.0953725723317926
2.106000000001761,1.0480748456454005
2.107000000001759,1.0147561683708939
2.1080000000017565,0.9729582414353211
2.109000000001754,0.935845078474681
2.110000000001752,0.9049683787954245
2.1110000000017495,0.8813531919420491
2.112000000001747,0.8649819165149092
2.113000000001745,0.8543625076682623
2.1140000000017425,0.8488588290254545
2.11500000000174,0.8425104461130911
2.116000000001738,0.8344914703624324
2.1170000000017355,0.8217095673514785
2.118000000001733,0.8035950498266433
2.119000000001731,0.7935689450522958
2.1200000000017285,0.7957681037776922
2.121000000001726,0.8067937412033492
2.122000000001724,0.8184250800520415
2.1230000000017215,0.8251600550669497
2.124000000001719,0.8272271305156847
2.125000000001717,0.8284531187600773
2.1260000000017145,0.8294928422585695
2.127000000001712,0.831337946610039
2.12800000000171,0.8335371930597635
2.1290000000017075,0.8359053974413325
2.130000000001705,0.8383156868839026
2.131000000001703,0.8406143583321902
2.1320000000017005,0.8421358257408762
2.133000000001698,0.8439408130868523
2.134000000001696,0.8453347674524014
2.1350000000016935,0.8463400751322091
2.136000000001691,0.847011016622812
2.137000000001689,0.8474347766031454
2.1380000000016866,0.8477780855311834
2.139000000001684,0.8480483337576407
2.140000000001682,0.8486140001332342
2.1410000000016796,0.8494825491748169
2.1420000000016772,0.8507164443194084
2.143000000001675,0.8522955699735739
2.1440000000016726,0.8541484463894565
2.1450000000016702,0.8556741011549565
2.146000000001668,0.8577735455339115
2.1470000000016656,0.859808045221372
2.1480000000016632,0.8616966263193286
2.149000000001661,0.8633567940997415
2.1500000000016586,0.8647004363683176
2.1510000000016563,0.8654714042530711
2.152000000001654,0.8662193050604332
2.1530000000016516,0.8667105397840562
2.1540000000016493,0.8670525857621103
2.155000000001647,0.8673646280738351
2.1560000000016446,0.8677868923986455
2.1570000000016423,0.8682857096733194
2.15800000000164,0.8691562498512314
2.1590000000016376,0.8703599851963815
2.1600000000016353,0.8718440463351409
2.161000000001633,0.8735355984798306
2.1620000000016306,0.8753386663288913
2.1630000000016283,0.8771347586040231
2.164000000001626,0.8784415526482884
2.1650000000016236,0.8799972463768151
2.1660000000016213,0.8813094930050197
2.167000000001619,0.882336540283031
2.1680000000016166,0.8830882041642297
2.1690000000016143,0.8836116186511277
2.170000000001612,0.8838854476614291
2.1710000000016096,0.8841883012931873
2.1720000000016073,0.8845427895136538
2.173000000001605,0.8850226965197955
2.1740000000016027,0.8856945040646726
2.1750000000016003,0.8866142101883676
2.176000000001598,0.8874717807185015
2.1770000000015957,0.8887856755824466
2.1780000000015933,0.890225614788007
2.179000000001591,0.8917005826517957
2.1800000000015887,0.8931277469924289
2.1810000000015863,0.894412645792302
2.182000000001584,0.8952081105327991
2.1830000000015817,0.8960867407572268
2.1840000000015793,0.8966803523804281
2.185000000001577,0.8970283826283838
2.1860000000015747,0.8971865633691645
2.1870000000015724,0.8972358953064746
2.18800000000157,0.8972831375109429
2.1890000000015677,0.8973533059092995
2.1900000000015654,0.897606509867301
2.191000000001563,0.8980616517986418
2.1920000000015607,0.8987354589136852
2.1930000000015584,0.8995963044406811
2.194000000001556,0.9005890536510881
2.1950000000015537,0.901387307861536
2.1960000000015514,0.9024397262865087
2.197000000001549,0.9033944373660602
2.1980000000015467,0.9042087224214361
2.1990000000015444,0.9048389186322755
2.200000000001542,0.9052446604712984
2.2010000000015397,0.9053973148531395
2.2020000000015374,0.9054398746921467
2.203000000001535,0.9053546983326103
2.2040000000015327,0.9052213058461336
2.2050000000015304,0.9051147995055397
2.206000000001528,0.9051187108983855
2.2070000000015257,0.9052536056196433
2.2080000000015234,0.9055697572722458
2.209000000001521,0.9060863068585769
2.2100000000015187,0.9067547940025462
2.2110000000015164,0.9075195334378724
2.212000000001514,0.908308125632773
2.2130000000015118,0.9090455465194562
2.2140000000015094,0.9095439200262289
2.215000000001507,0.9100531890525195
2.2160000000015048,0.910379192000418
2.2170000000015024,0.9105123621438928
2.2180000000015,0.910478943325481
2.2190000000014978,0.9103239562390292
2.2200000000014954,0.9101564744679278
2.221000000001493,0.9099384111099532
2.222000000001491,0.9097995099111306
2.2230000000014885,0.9097754605762155
2.224000000001486,0.9098975739380732
2.225000000001484,0.9101874525161936
2.2260000000014815,0.910508743672804
2.227000000001479,0.9110323637169669
2.228000000001477,0.911614491085729
2.2290000000014745,0.912193322650081
2.230000000001472,0.9127172364573969
2.23100000000147,0.913129004973973
2.2320000000014675,0.9133224954732249
2.233000000001465,0.9134625203808179
2.234000000001463,0.9134342631132162
2.2350000000014605,0.9132772855825334
2.236000000001458,0.9130378025047217
2.237000000001456,0.9127789161124655
2.2380000000014535,0.9125651258906077
2.239000000001451,0.9124524730200644
2.240000000001449,0.9124315714216331
2.2410000000014465,0.9125557381930367
2.242000000001444,0.9128210687196862
2.243000000001442,0.9131950850648671
2.2440000000014395,0.9136356853198718
2.245000000001437,0.9139854979459245
2.246000000001435,0.9144199795347036
2.2470000000014325,0.9147686711917213
2.24800000000143,0.9150117649809396
2.249000000001428,0.9151296250262015
2.2500000000014255,0.9151081242007945
2.251000000001423,0.915006391979894
2.252000000001421,0.9147922921959711
2.2530000000014185,0.9145311019455018
2.254000000001416,0.9142759945483747
2.255000000001414,0.9140710230418846
2.2560000000014115,0.9139628662939673
2.257000000001409,0.9139757959388012
2.258000000001407,0.9140839881590508
2.2590000000014046,0.9143130601123205
2.260000000001402,0.9146236086422411
2.2610000000014,0.9149751031452121
2.2620000000013976,0.9153163691053535
2.2630000000013952,0.9156019628207002
2.264000000001393,0.9157686638468515
2.2650000000013906,0.91587953612053
2.2660000000013882,0.9158686039564308
2.267000000001386,0.9157407377599617
2.2680000000013836,0.9155231965728178
2.2690000000013812,0.9152512597755709
2.270000000001379,0.9150327879413902
2.2710000000013766,0.914771947902404
2.2720000000013743,0.9145861673172797
2.273000000001372,0.9144889526208823
2.2740000000013696,0.9144912879685972
2.2750000000013673,0.9145969872787872
2.276000000001365,0.914734199689937
2.2770000000013626,0.9149614097867894
2.2780000000013603,0.9152034906469692
2.279000000001358,0.9154198101368681
2.2800000000013556,0.9155792193917694
2.2810000000013533,0.9156489307358121
2.282000000001351,0.9156206837285515
2.2830000000013486,0.915503997568325
2.2840000000013463,0.9152857828846221
2.285000000001344,0.914998990995602
2.2860000000013416,0.9146781400011305
2.2870000000013393,0.9143678673631634
2.288000000001337,0.9141060905899153
2.2890000000013346,0.9139500304179023
2.2900000000013323,0.913832324268514
2.29100000000133,0.9138079022221463
2.2920000000013276,0.9138657895496315
2.2930000000013253,0.9139783679062471
2.294000000001323,0.9141144862696838
2.2950000000013207,0.9142146315758812
2.2960000000013183,0.9143072577623261
2.297000000001316,0.9143249201820914
2.2980000000013137,0.9142598744834057
2.2990000000013113,0.9141057784780044
2.300000000001309,0.9138618908637275
2.3010000000013067,0.9136291865761902
2.3020000000013043,0.9132805692283872
2.303000000001302,0.9129190235378759
2.3040000000012997,0.9125795079815799
2.3050000000012973,0.9122877130695697
2.306000000001295,0.9120689524841901
2.3070000000012927,0.9119676485841831
2.3080000000012904,0.9118893046367119
2.309000000001288,0.9118791651144454
2.3100000000012857,0.9119066885279227
2.3110000000012834,0.9119422393403288
2.312000000001281,0.9119506740085609
2.3130000000012787,0.9119043452814647
2.3140000000012764,0.9118279906964857
2.315000000001274,0.9116448713840494
2.3160000000012717,0.9113780576398668
2.3170000000012694,0.9110380657214899
2.318000000001267,0.9106490757430905
2.3190000000012647,0.9102380425039267
2.3200000000012624,0.9099307682510148
2.32100000000126,0.909555180629142
2.3220000000012577,0.9092406413445394
2.3230000000012554,0.9089907030783335
2.324000000001253,0.9088066050020912
2.3250000000012507,0.9086841392963392
2.3260000000012484,0.9086226175290215
2.327000000001246,0.9085563779423538
2.3280000000012437,0.9084824981757518
2.3290000000012414,0.908374129686719
2.330000000001239,0.908212252999985
2.3310000000012367,0.9079794626364978
2.3320000000012344,0.9077485693457783
2.333000000001232,0.907386476396905
2.3340000000012298,0.9069631874406453
2.3350000000012274,0.9065047426290994
2.336000000001225,0.9060367179124931
2.3370000000012228,0.9055898923096617
2.3380000000012204,0.9051866314246142
2.339000000001218,0.9049164597500823
2.3400000000012158,0.9046184418365469
2.3410000000012134,0.9043800893531364
2.342000000001211,0.9041886186702802
2.343000000001209,0.9040215890919581
2.3440000000012065,0.9038553389840317
2.345000000001204,0.9037186166873006
2.346000000001202,0.9034961485482718
2.3470000000011995,0.9032116566289803
2.348000000001197,0.9028628473997663
2.349000000001195,0.9024504619744699
2.3500000000011925,0.9019803872150879
2.35100000000119,0.901599437010452
2.352000000001188,0.9010746985231364
2.3530000000011855,0.9005529694399611
2.354000000001183,0.9000571147168424
2.355000000001181,0.8996020814131889
2.3560000000011785,0.8992005780763609
2.357000000001176,0.8989408781655084
2.358000000001174,0.8986294549508655
2.3590000000011715,0.8983547259456365
2.360000000001169,0.8980932589804378
2.361000000001167,0.8978229334733577
2.3620000000011645,0.8975206470460915
2.363000000001162,0.8971693539708435
2.36400000000116,0.8968705888850915
2.3650000000011575,0.8964139165905525
2.366000000001155,0.895899694370165
2.367000000001153,0.8953397124341347
2.3680000000011505,0.8947537996017586
2.369000000001148,0.8941623377787609
2.370000000001146,0.8937262716725591
2.3710000000011435,0.8931755497438703
2.372000000001141,0.8926718515665321
2.373000000001139,0.8922145730341198
2.3740000000011365,0.8918003273452443
2.375000000001134,0.8914215986018849
2.376000000001132,0.8911519272966844
2.3770000000011295,0.8907934689181597
2.378000000001127,0.8904176478096645
2.379000000001125,0.8900068059011614
2.3800000000011226,0.8895490974792919
2.38100000000112,0.8890367362128619
2.382000000001118,0.8886136951090273
2.3830000000011156,0.8880118410064829
2.3840000000011132,0.887373572983889
2.385000000001111,0.8867185368212672
2.3860000000011086,0.8860655143856528
2.3870000000011062,0.8854350374141012
2.388000000001104,0.8848404273967109
2.3890000000011016,0.8844195217990426
2.3900000000010992,0.8839003854572617
2.391000000001097,0.8834191105076703
2.3920000000010946,0.882963703185984
2.3930000000010923,0.8825166965680162
2.39400000000109,0.8820598550439726
2.3950000000010876,0.881701787761706
2.3960000000010853,0.8811901499708821
2.397000000001083,0.8806300269929336
2.3980000000010806,0.8800208117252865
2.3990000000010783,0.8793665175328758
2.400000000001076,0.8786756850750052
2.4010000000010736,0.8781419515307511
2.4020000000010713,0.8774246306726192
2.403000000001069,0.8767167146270495
2.4040000000010666,0.8760331434918343
2.4050000000010643,0.8753828045952678
2.406000000001062,0.874771218799007
2.4070000000010596,0.8743399196029342
2.4080000000010573,0.8737865735234706
2.409000000001055,0.873252536854828
2.4100000000010526,0.8727202155039907
2.4110000000010503,0.8721728962288281
2.412000000001048,0.8715964894072098
2.4130000000010456,0.8709800008625221
2.4140000000010433,0.8704890350460799
2.415000000001041,0.8697942621157939
2.4160000000010387,0.8690604884477389
2.4170000000010363,0.868298405891525
2.418000000001034,0.867523280594731
2.4190000000010317,0.8667504727167892
2.4200000000010293,0.8661804822660504
2.421000000001027,0.8654456063369076
2.4220000000010247,0.8647461838886957
2.4230000000010223,0.8640808244095537
2.42400000000102,0.8634446803285428
2.4250000000010177,0.8628297547621757
2.4260000000010153,0.8623754521106128
2.427000000001013,0.8617661762188862
2.4280000000010107,0.8611393735340372
2.4290000000010084,0.8604834516260093
2.430000000001006,0.8597905306086466
2.4310000000010037,0.8590584062222437
2.4320000000010014,0.8584842715420536
2.433000000000999,0.8576930729536667
2.4340000000009967,0.856881717431342
2.4350000000009944,0.8560643177387631
2.436000000000992,0.8552546697253243
2.4370000000009897,0.8544659908624571
2.4380000000009874,0.8537067039444944
2.439000000000985,0.8531574956131663
2.4400000000009827,0.8524547857829957
2.4410000000009804,0.8517782199812317
2.442000000000978,0.8511179534292234
2.4430000000009757,0.8504609959459948
2.4440000000009734,0.8497930956907008
2.445000000000971,0.8492784696446317
2.4460000000009687,0.8485677567366372
2.4470000000009664,0.8478228094188373
2.448000000000964,0.8470423778167222
2.4490000000009617,0.8462312039772429
2.4500000000009594,0.84539805175195
2.451000000000957,0.8447654234821368
2.4520000000009547,0.8439219273936758
2.4530000000009524,0.843089913292092
2.45400000000095,0.8422793729027764
2.4550000000009478,0.841496235868123
2.4560000000009454,0.8407423069951007
2.457000000000943,0.8401960595712635
2.4580000000009408,0.8394835723946942
2.4590000000009384,0.8387833187601438
2.460000000000936,0.8380824560346373
2.4610000000009338,0.837368140600564
2.4620000000009314,0.8366325921877428
2.463000000000929,0.8358678732710904
2.464000000000927,0.8352726718427662
2.4650000000009245,0.8344535239457971
2.466000000000922,0.8336089145743274
2.46700000000092,0.8327472656420889
2.4680000000009175,0.8318796075264333
2.469000000000915,0.8310175832018302
2.470000000000913,0.8303807444499517
2.4710000000009105,0.8295510462378286
2.472000000000908,0.8287479735306594
2.473000000000906,0.8279711236659972
2.4740000000009035,0.8272157574002201
2.475000000000901,0.826474490106629
2.476000000000899,0.825922582879322
2.4770000000008965,0.8251833535446905
2.478000000000894,0.8244301794586081
2.479000000000892,0.8236550058142257
2.4800000000008895,0.8228516038535499
2.481000000000887,0.8220204641164253
2.482000000000885,0.8213811292181853
2.4830000000008825,0.8205098296107967
2.48400000000088,0.8196266697451957
2.485000000000878,0.8187413071999203
2.4860000000008755,0.817864029329678
2.487000000000873,0.8170029421578282
2.488000000000871,0.8161640915157562
2.4890000000008685,0.8155508952020832
2.490000000000866,0.8147534856094734
2.491000000000864,0.8139745573614182
2.4920000000008615,0.8132067752772816
2.493000000000859,0.8124409160207644
2.494000000000857,0.8116656091866088
2.4950000000008545,0.811073020186191
2.496000000000852,0.8102667665503379
2.49700000000085,0.8094371543908842
2.4980000000008475,0.8085812819713754
2.499000000000845,0.8077033787592252
2.500000000000843,0.806811424050632
2.5010000000008406,0.8061381953577087
2.502000000000838,0.805241584228983
2.503000000000836,0.8043546282620008
2.5040000000008336,0.8034843598070692
2.5050000000008312,0.8026355316745455
2.506000000000829,0.8018081936304947
2.5070000000008266,0.8012010650751271
2.5080000000008242,0.8004040976308596
2.509000000000822,0.7996159185263927
2.5100000000008196,0.7988274543713968
2.5110000000008172,0.7980285889585891
2.512000000000815,0.7972158448013048
2.5130000000008126,0.7963827124583709
2.5140000000008103,0.7957412678043714
2.515000000000808,0.7948703961615248
2.5160000000008056,0.7939823148910348
2.5170000000008033,0.7930830903363193
2.518000000000801,0.7921803428187917
2.5190000000007986,0.7912831468160184
2.5200000000007963,0.7906185624201693
2.521000000000794,0.7897461488024584
2.5220000000007916,0.7888930792058825
2.5230000000007893,0.788060796650178
2.524000000000787,0.787245533677799
2.5250000000007846,0.786441065854848
2.5260000000007823,0.7858412581683981
2.52700000000078,0.7850406190518912
2.5280000000007776,0.7842312325149894
2.5290000000007753,0.7834072290824431
2.530000000000773,0.7825629743722486
2.5310000000007706,0.7817002207892677
2.5320000000007683,0.781043854341992
2.533000000000766,0.7801544533240049
2.5340000000007636,0.7792582824881341
2.5350000000007613,0.7783615764770877
2.536000000000759,0.7774722295989401
2.5370000000007566,0.7765948478551179
2.5380000000007543,0.7757344548559684
2.539000000000752,0.7751024683843195
2.5400000000007497,0.7742742264546162
2.5410000000007473,0.7734608380135747
2.542000000000745,0.7726573437996297
2.5430000000007427,0.771857508972622
2.5440000000007403,0.7710520331151874
2.545000000000738,0.7704402914081169
2.5460000000007357,0.7696164026321575
2.5470000000007333,0.7687784715050896
2.548000000000731,0.7679216424573089
2.5490000000007287,0.7670491127715144
2.5500000000007264,0.766167755937114
2.551000000000724,0.7655044353841085
2.5520000000007217,0.7646209059949324
2.5530000000007194,0.7637448828785925
2.554000000000717,0.7628816410294004
2.5550000000007147,0.7620357073130504
2.5560000000007124,0.7612063905608106
2.55700000000071,0.7605942945982
2.5580000000007077,0.759790022935836
2.5590000000007054,0.7589941043600333
2.560000000000703,0.7582004070586547
2.5610000000007007,0.7574007380166263
2.5620000000006984,0.7565944113544094
2.563000000000696,0.7557754800798892
2.5640000000006937,0.7551489452126778
2.5650000000006914,0.7543054732957354
2.566000000000689,0.7534506739136356
2.5670000000006867,0.7525885221212879
2.5680000000006844,0.7517239740656798
2.569000000000682,0.750864327572945
2.5700000000006797,0.7502266727360435
2.5710000000006774,0.7493857786764254
2.572000000000675,0.7485591621673715
2.5730000000006727,0.7477503110292589
2.5740000000006704,0.7469566282475341
2.575000000000668,0.7461729591279191
2.5760000000006658,0.7455895216029466
2.5770000000006634,0.7448140638243974
2.578000000000661,0.7440352770400902
2.5790000000006588,0.7432485072900692
2.5800000000006564,0.7424481079794343
2.581000000000654,0.7416362343812017
2.5820000000006518,0.7410227966190355
2.5830000000006494,0.7401935923792472
2.584000000000647,0.7393606324407461
2.585000000000645,0.7385276337558748
2.5860000000006425,0.7377009515779916
2.58700000000064,0.736882816338912
2.588000000000638,0.7360779699397648
2.5890000000006355,0.7354862208744777
2.590000000000633,0.734708089571986
2.591000000000631,0.7339434592842373
2.5920000000006285,0.733189370263928
2.593000000000626,0.7324418529035763
2.594000000000624,0.7316930977694119
2.5950000000006215,0.7311273082302439
2.596000000000619,0.7303713007267935
2.597000000000617,0.7296087393522172
2.5980000000006145,0.7288329919462547
2.599000000000612,0.728046185076212
2.60000000000061,0.7272542066391705
2.6010000000006075,0.7266592099490377
2.602000000000605,0.7258665361668448
2.603000000000603,0.7250798361025602
2.6040000000006005,0.7243034076613311
2.605000000000598,0.7235420665273166
2.606000000000596,0.7227948442643238
2.6070000000005935,0.7222424589829897
2.608000000000591,0.7215188810027054
2.609000000000589,0.720804808491684
2.6100000000005865,0.7200963128867394
2.611000000000584,0.7193864885237845
2.612000000000582,0.7186762403403664
2.6130000000005795,0.7179597485644391
2.614000000000577,0.7174133819748866
2.615000000000575,0.7166822758038679
2.6160000000005725,0.715943942362632
2.61700000000057,0.7152007011899588
2.618000000000568,0.7144555780373113
2.6190000000005655,0.713714786363932
2.620000000000563,0.7131654992791601
2.621000000000561,0.7124394337979137
2.6220000000005586,0.7117244749207239
2.623000000000556,0.7110261119220617
2.624000000000554,0.710342831515491
2.6250000000005516,0.7096701931320238
2.6260000000005492,0.7091712813643664
2.627000000000547,0.7085118488194017
2.6280000000005446,0.7078538555373862
2.6290000000005422,0.7071932110546885
2.63000000000054,0.7065239741878631
2.6310000000005376,0.7058482526564731
2.6320000000005352,0.7053401970959062
2.633000000000533,0.7046533028535952
2.6340000000005306,0.7039644308223688
2.6350000000005283,0.70327557133867
2.636000000000526,0.7025921953903543
2.6370000000005236,0.7019149272707937
2.6380000000005213,0.701248584219213
2.639000000000519,0.7007602050065608
2.6400000000005166,0.700117730727144
2.6410000000005143,0.6994885313843257
2.642000000000512,0.6988710702688526
2.6430000000005096,0.6982628886726335
2.6440000000005073,0.6976571215128181
2.645000000000505,0.6972010943472896
2.6460000000005026,0.6965958969981287
2.6470000000005003,0.695989050277432
2.648000000000498,0.6953724261085887
2.6490000000004956,0.6947471773687941
2.6500000000004933,0.694118444593801
2.651000000000491,0.6936462294702813
2.6520000000004886,0.693016391245766
2.6530000000004863,0.6923908197957972
2.654000000000484,0.6917733554500687
2.6550000000004816,0.6911693468098936
2.6560000000004793,0.6905777099729564
2.657000000000477,0.6901405120396382
2.6580000000004746,0.6895717071654264
2.6590000000004723,0.6890131104496162
2.66000000000047,0.6884623614902794
2.6610000000004677,0.6879133301855609
2.6620000000004653,0.6873676037839378
2.663000000000463,0.6868193104571156
2.6640000000004607,0.6864007489023297
2.6650000000004583,0.6858428425767107
2.666000000000456,0.6852793204832137
2.6670000000004537,0.6847113268302917
2.6680000000004513,0.6841406180308126
2.669000000000449,0.683572829525844
2.6700000000004467,0.6831522702780097
2.6710000000004444,0.6825950469479104
2.672000000000442,0.6820460492193126
2.6730000000004397,0.68151255331252
2.6740000000004374,0.680993904269573
2.675000000000435,0.6804859581073119
2.6760000000004327,0.680111032402197
2.6770000000004304,0.6796186395135836
2.678000000000428,0.6791301461931264
2.6790000000004257,0.6786416030979031
2.6800000000004234,0.6781466275979908
2.681000000000421,0.6776470699160957
2.6820000000004187,0.6772723776035892
2.6830000000004164,0.6767629712705072
2.684000000000414,0.6762511674273413
2.6850000000004117,0.6757378132236472
2.6860000000004094,0.6752279166067742
2.687000000000407,0.6747210759383556
2.6880000000004047,0.6742223096823418
2.6890000000004024,0.6738587096844838
2.6900000000004,0.6733800058466567
2.6910000000003977,0.6729133974166285
2.6920000000003954,0.6724582532540669
2.693000000000393,0.6720130716977931
2.6940000000003907,0.6715715390255823
2.6950000000003884,0.6712393778897208
2.696000000000386,0.6708007691135867
2.6970000000003838,0.6703619806494499
2.6980000000003814,0.6699136403706095
2.699000000000379,0.6694560666173894
2.7000000000003768,0.6689939200768432
2.7010000000003744,0.6686454553336628
2.702000000000372,0.668178094598435
2.7030000000003698,0.6677116883369383
2.7040000000003674,0.6672498984639392
2.705000000000365,0.6667986039544519
2.706000000000363,0.6663566756405184
2.7070000000003605,0.6660293316886139
2.708000000000358,0.6656065106481543
2.709000000000356,0.6651924010842195
2.7100000000003535,0.6647857991460715
2.711000000000351,0.6643810533632888
2.712000000000349,0.6639799983082886
2.7130000000003465,0.6635767071041162
2.714000000000344,0.6632664123918756
2.715000000000342,0.6628527219870082
2.7160000000003395,0.6624320044439359
2.717000000000337,0.6620045056433699
2.718000000000335,0.6615710850088851
2.7190000000003325,0.6611369198143356
2.72000000000033,0.6608142084860198
2.721000000000328,0.6603832638567669
2.7220000000003255,0.659955928668787
2.723000000000323,0.6595409122328931
2.724000000000321,0.6591382852673047
2.7250000000003185,0.6587440848993299
2.726000000000316,0.6584532407683608
2.727000000000314,0.6580721995430608
2.7280000000003115,0.6576945584136701
2.729000000000309,0.6573164833061601
2.730000000000307,0.6569311928458674
2.7310000000003045,0.6565403307387223
2.732000000000302,0.6562466484696984
2.7330000000003,0.6558426646719993
2.7340000000002975,0.655433587750841
2.735000000000295,0.6550192859997529
2.736000000000293,0.65460431148975
2.7370000000002905,0.654187640503768
2.738000000000288,0.6537743761158359
2.739000000000286,0.6534726242468302
2.7400000000002835,0.6530723534858145
2.741000000000281,0.6526810552289432
2.742000000000279,0.6522989151872564
2.7430000000002766,0.6519253758903656
2.744000000000274,0.6515547438930023
2.745000000000272,0.6512752284879842
2.7460000000002696,0.6509066472652566
2.7470000000002672,0.6505377323703265
2.748000000000265,0.6501580533020171
2.7490000000002626,0.6497672009333927
2.7500000000002602,0.6493695147123488
2.751000000000258,0.6490675749521913
2.7520000000002556,0.6486589601089628
2.7530000000002532,0.648247069999655
2.754000000000251,0.6478354016412874
2.7550000000002486,0.6474301921370428
2.7560000000002463,0.6470304398191884
2.757000000000244,0.6467318430955249
2.7580000000002416,0.6463458512809809
2.7590000000002393,0.6459662979919593
2.760000000000237,0.6455931741345148
2.7610000000002346,0.6452214559283633
2.7620000000002323,0.6448534018554836
2.76300000000023,0.6444832243569341
2.7640000000002276,0.6441972023871941
2.7650000000002253,0.6438157947836045
2.766000000000223,0.6434260448650948
2.7670000000002206,0.6430273408377952
2.7680000000002183,0.6426196410163123
2.769000000000216,0.6422074257973024
2.7700000000002136,0.6418986971020864
2.7710000000002113,0.6414824040689251
2.772000000000209,0.6410650794285173
2.7730000000002066,0.6406565114676508
2.7740000000002043,0.6402575612405743
2.775000000000202,0.6398646616650299
2.7760000000001996,0.6395735835250441
2.7770000000001973,0.6391915642079331
2.778000000000195,0.6388127345216765
2.7790000000001926,0.6384335558165892
2.7800000000001903,0.6380469868282836
2.781000000000188,0.6376545424054243
2.7820000000001857,0.6373597400963432
2.7830000000001833,0.6369521869545093
2.784000000000181,0.6365375708133852
2.7850000000001787,0.6361145552558567
2.7860000000001763,0.6356869089278697
2.787000000000174,0.63525311162055
2.7880000000001717,0.6348180041130563
2.7890000000001693,0.634497303517566
2.790000000000167,0.6340677620549022
2.7910000000001647,0.6336438265066858
2.7920000000001624,0.6332265625796791
2.79300000000016,0.6328164871571911
2.7940000000001577,0.6324087417860303
2.7950000000001554,0.6321011149365005
2.796000000000153,0.6316953844093994
2.7970000000001507,0.6312899093835389
2.7980000000001484,0.6308732715752893
2.799000000000146,0.6304442923591286
2.8000000000001437,0.6300069225548152
2.8010000000001414,0.6296738336004934
2.802000000000139,0.6292208147539441
2.8030000000001367,0.6287604704274071
2.8040000000001344,0.6282958691516464
2.805000000000132,0.6278332349299978
2.8060000000001297,0.6273717013948279
2.8070000000001274,0.6270236800450295
2.808000000000125,0.6265696173862567
2.8090000000001227,0.6261193780645741
2.8100000000001204,0.6256742795880391
2.811000000000118,0.6252301960395906
2.8120000000001157,0.6247901318382953
2.8130000000001134,0.624348727179676
2.814000000000111,0.6240092795734518
2.8150000000001087,0.6235574830856084
2.8160000000001064,0.6230970951450188
2.817000000000104,0.6226266207709144
2.8180000000001018,0.6221449723219361
2.8190000000000994,0.6216555543480106
2.820000000000097,0.6212866220707313
2.8210000000000948,0.6207864472266955
2.8220000000000924,0.6202806628825669
2.82300000000009,0.6197796907485937
2.8240000000000878,0.6192851807336486
2.8250000000000854,0.6187941884212184
2.826000000000083,0.6184283747821644
2.827000000000081,0.6179463086979102
2.8280000000000785,0.6174679261331341
2.829000000000076,0.616990430257329
2.830000000000074,0.6165069567618506
2.8310000000000715,0.6160192353269888
2.832000000000069,0.6156545492672828
2.833000000000067,0.615153717582704
2.8340000000000645,0.6146462819332618
2.835000000000062,0.6141295289785399
2.83600000000006,0.6136061292908925
2.8370000000000575,0.6130740340763183
2.838000000000055,0.6125373732485618
2.839000000000053,0.6121385912693801
2.8400000000000505,0.6116020155408038
2.841000000000048,0.6110685908293982
2.842000000000046,0.6105402932922551
2.8430000000000435,0.610018858671657
2.844000000000041,0.6095006041102556
2.845000000000039,0.6091110103254882
2.8460000000000365,0.6085982473467612
2.847000000000034,0.6080889622889712
2.848000000000032,0.6075711908764159
2.8490000000000295,0.6070432686954781
2.850000000000027,0.6065089068848405
2.851000000000025,0.6061040524982088
2.8520000000000225,0.6055555856481072
2.85300000000002,0.6049990934003728
2.854000000000018,0.6044368613477367
2.8550000000000155,0.6038746569474278
2.856000000000013,0.6033114689656913
2.857000000000011,0.6028855080330624
2.8580000000000085,0.6023267538481422
2.859000000000006,0.6017709097579474
2.860000000000004,0.6012206125677655
2.8610000000000015,0.6006728810211227
2.861999999999999,0.6001317572310253
2.862999999999997,0.5995927602216308
2.8639999999999946,0.5991822297433738
2.864999999999992,0.59863953938557
2.86599999999999,0.5980887509006457
2.8669999999999876,0.5975341064737264
2.8679999999999852,0.5969704213925228
2.868999999999983,0.5963999554898635
2.8699999999999806,0.5959705565207324
2.8709999999999782,0.5953895527999975
2.871999999999976,0.5948054631160478
2.8729999999999736,0.5942213940426034
2.8739999999999712,0.5936429829081571
2.874999999999969,0.593067552059869
2.8759999999999666,0.5926383821263156
2.8769999999999643,0.5920728268602724
2.877999999999962,0.5915131275191194
2.8789999999999596,0.5909539884894951
2.8799999999999573,0.590396076919748
2.880999999999955,0.5898382560645665
2.8819999999999526,0.5894245501600212
2.8829999999999503,0.5888647379400275
2.883999999999948,0.588299474832737
2.8849999999999456,0.5877278208095934
2.8859999999999433,0.5871520402310461
2.886999999999941,0.5865690932250607
2.8879999999999386,0.5859820379182044
2.8889999999999363,0.5855419437818369
2.889999999999934,0.584954736595155
2.8909999999999316,0.5843728626009362
2.8919999999999293,0.5837937551881374
2.892999999999927,0.5832223836708719
2.8939999999999246,0.5826561033096022
2.8949999999999223,0.5822356214147626
2.89599999999992,0.5816801583003802
2.8969999999999176,0.58112821553247
2.8979999999999153,0.5805771945274909
2.898999999999913,0.5800209510072805
2.8999999999999106,0.579463397819005
2.9009999999999083,0.579044469207531
2.901999999999906,0.5784812647190931
2.9029999999999037,0.5779132078029127
2.9039999999999013,0.577344589902794
2.904999999999899,0.576775311278434
2.9059999999998967,0.5762062590508015
2.9069999999998943,0.5757759783949081
2.907999999999892,0.575210038649081
2.9089999999998897,0.5746500354875692
2.9099999999998873,0.574096445397768
2.910999999999885,0.5735479981748886
2.9119999999998827,0.5730090425646253
2.9129999999998804,0.5724761670900269
2.913999999999878,0.5720777138244512
2.9149999999998757,0.5715497146464886
2.9159999999998734,0.5710189206954484
2.916999999999871,0.5704902049132206
2.9179999999998687,0.5699578409978653
2.9189999999998664,0.5694235584593393
2.919999999999864,0.569021634364314
2.9209999999998617,0.5684839886399977
2.9219999999998594,0.5679461831844588
2.922999999999857,0.567410538456881
2.9239999999998547,0.5668825714836896
2.9249999999998524,0.5663590941840458
2.92599999999985,0.5659697493185871
2.9269999999998477,0.5654593706729826
2.9279999999998454,0.5649569517827073
2.928999999999843,0.5644584553856604
2.9299999999998407,0.5639652282733265
2.9309999999998384,0.5634770147761767
2.931999999999836,0.5631195151375938
2.9329999999998337,0.5626398913049111
2.9339999999998314,0.5621611444340185
2.934999999999829,0.5616822351285699
2.9359999999998267,0.5612052934278877
2.9369999999998244,0.5607266271518464
2.937999999999822,0.560248432608497
2.9389999999998198,0.559892640500681
2.9399999999998174,0.5594205152459538
2.940999999999815,0.5589565450392164
2.9419999999998128,0.5584969857636716
2.9429999999998104,0.5580469290259933
2.943999999999808,0.5576039993063164
2.9449999999998058,0.5572772842998285
2.9459999999998034,0.5568490847930945
2.946999999999801,0.5564277712603
2.947999999999799,0.5560115386838264
2.9489999999997965,0.5555948717012652
2.949999999999794,0.5551824115222398
2.950999999999792,0.5548762550367895
2.9519999999997895,0.554468791630073
2.952999999999787,0.5540624192774858
2.953999999999785,0.5536611885309211
2.9549999999997825,0.5532642585836444
2.95599999999978,0.5528715959610644
2.956999999999778,0.5525751409756298
2.9579999999997755,0.5521899132519144
2.958999999999773,0.5518121272744564
2.959999999999771,0.5514420150492364
2.9609999999997685,0.5510777487672968
2.961999999999766,0.5507237817723615
2.962999999999764,0.5503774736417504
2.9639999999997615,0.5501204314619393
2.964999999999759,0.5497836545982856
2.965999999999757,0.5494480446673732
2.9669999999997545,0.5491194277904142
2.967999999999752,0.5487926218277029
2.96899999999975,0.5484698391924133
2.9699999999997475,0.548230379279095
2.970999999999745,0.5479141014505687
2.971999999999743,0.5476024770609772
2.9729999999997405,0.5472966992399658
2.973999999999738,0.5470014728213343
2.974999999999736,0.5467120196844533
2.9759999999997335,0.5464982084769128
2.976999999999731,0.5462211611868931
2.977999999999729,0.5459515799571618
2.9789999999997265,0.5456853193075318
2.979999999999724,0.5454239933621926
2.980999999999722,0.5451682426026891
2.9819999999997195,0.5449861287440388
2.982999999999717,0.5447428043169068
2.983999999999715,0.5445041869551106
2.9849999999997125,0.5442702675885573
2.98599999999971,0.5440436399325029
2.986999999999708,0.5438204035208736
2.9879999999997056,0.5436023540143207
2.9889999999997032,0.543444342016895
2.989999999999701,0.5432381814463824
2.9909999999996986,0.5430418726418805
2.9919999999996962,0.5428495183750011
2.992999999999694,0.5426653496246493
2.9939999999996916,0.5424863483178032
2.9949999999996892,0.542355795879709
2.995999999999687,0.5421870690493934
2.9969999999996846,0.5420235813361021
2.9979999999996823,0.5418646929361103
2.99899999999968,0.5417063444222879
2.9999999999996776,0.5415546181347413
3.0009999999996753,0.5414463707335208
3.001999999999673,0.5413066473881362
3.0029999999996706,0.5411734226648156
3.0039999999996683,0.5410509471944069
3.004999999999666,0.5409376153183975
3.0059999999996636,0.5408323001585937
3.0069999999996613,0.5407524447039671
3.007999999999659,0.5406571572084325
3.0089999999996566,0.5405687602659858
3.0099999999996543,0.540486394771084
3.010999999999652,0.5404070955544881
3.0119999999996496,0.5403349570311716
3.0129999999996473,0.5402679760333983
3.013999999999645,0.5402193642113563
3.0149999999996426,0.5401601801849419
3.0159999999996403,0.5401035030270014
3.016999999999638,0.5400566172431417
3.0179999999996356,0.5400159246067351
3.0189999999996333,0.5399850409260505
3.019999999999631,0.5399683625409479
3.0209999999996286,0.5399542120427172
3.0219999999996263,0.5399500294047338
3.022999999999624,0.5399556849513932
3.0239999999996217,0.5399745462147644
3.0249999999996193,0.5399996323586084
3.025999999999617,0.540020871588215
3.0269999999996147,0.5400549236758074
3.0279999999996123,0.5400935666603168
3.02899999999961,0.5401324108894044
3.0299999999996077,0.5401734708317634
3.0309999999996053,0.5402185325632306
3.031999999999603,0.5402616965933087
3.0329999999996007,0.5403202028639118
3.0339999999995984,0.5403865845031108
3.034999999999596,0.5404627342535416
3.0359999999995937,0.5405521075704207
3.0369999999995914,0.5406509139321442
3.037999999999589,0.5407609544124651
3.0389999999995867,0.540852541077168
3.0399999999995844,0.5409823047857582
3.040999999999582,0.5411241907674906
3.0419999999995797,0.5412696986645971
3.0429999999995774,0.5414215012133267
3.043999999999575,0.5415752503836279
3.0449999999995727,0.541691473520292
3.0459999999995704,0.5418481109575698
3.046999999999568,0.5420064452165223
3.0479999999995657,0.5421672096958037
3.0489999999995634,0.5423283843140212
3.049999999999561,0.5424979180911114
3.0509999999995587,0.5426327034846408
3.0519999999995564,0.542820692761377
3.052999999999554,0.5430210808677666
3.0539999999995517,0.5432383502612642
3.0549999999995494,0.5434698271915844
3.055999999999547,0.543713006019108
3.0569999999995447,0.5438954135897024
3.0579999999995424,0.5441501723423634
3.05899999999954,0.5444098835910253
3.0599999999995378,0.5446719674499336
3.0609999999995354,0.5449320519585505
3.061999999999533,0.5451936521441055
3.0629999999995308,0.5454552078390975
3.0639999999995284,0.5456502249512665
3.064999999999526,0.545913484638257
3.0659999999995238,0.5461785842517778
3.0669999999995214,0.5464542425714024
3.067999999999519,0.5467388416462423
3.068999999999517,0.5470377114587088
3.0699999999995145,0.5472711363181008
3.070999999999512,0.5475941002008202
3.07199999999951,0.5479305367826445
3.0729999999995075,0.5482787270899251
3.073999999999505,0.5486401715795559
3.074999999999503,0.5490053309303373
3.0759999999995005,0.5492787198721532
3.076999999999498,0.5496438219539923
3.077999999999496,0.5500069172896662
3.0789999999994935,0.5503634299934363
3.079999999999491,0.550716119300288
3.080999999999489,0.5510682480424509
3.0819999999994865,0.5513394199941599
3.082999999999484,0.5517012165562294
3.083999999999482,0.5520716351645812
3.0849999999994795,0.5524545588759526
3.085999999999477,0.5528539459373413
3.086999999999475,0.5532657332296349
3.0879999999994725,0.5536915833553819
3.08899999999947,0.5540211893919927
3.089999999999468,0.5544681688562912
3.0909999999994655,0.5549255645361785
3.091999999999463,0.5553826532288494
3.092999999999461,0.5558406960758909
3.0939999999994585,0.5562942497453147
3.094999999999456,0.5566309717570217
3.095999999999454,0.5570762512685734
3.0969999999994515,0.5575180601398227
3.097999999999449,0.5579587313411388
3.098999999999447,0.5583985135202435
3.0999999999994445,0.5588471390100733
3.100999999999442,0.5591923061557502
3.10199999999944,0.5596628013511807
3.1029999999994375,0.5601497037593705
3.103999999999435,0.5606573400824187
3.104999999999433,0.5611816195230033
3.1059999999994305,0.5617185522920273
3.106999999999428,0.5621206456479112
3.107999999999426,0.5626664474782198
3.1089999999994236,0.5632132184959912
3.1099999999994212,0.5637569625730551
3.110999999999419,0.5642927044318374
3.1119999999994166,0.5648240282740706
3.1129999999994142,0.5653499984048121
3.113999999999412,0.5657406494690527
3.1149999999994096,0.566262535592159
3.1159999999994072,0.5667856759504991
3.116999999999405,0.5673196850184347
3.1179999999994026,0.5678645225025575
3.1189999999994003,0.5684267938278985
3.119999999999398,0.5688592991284857
3.1209999999993956,0.5694494534726317
3.1219999999993933,0.570054309457835
3.122999999999391,0.5706707292104264
3.1239999999993886,0.5712984796575973
3.1249999999993863,0.5719261518161864
3.125999999999384,0.5723932256404943
3.1269999999993816,0.5730117531957557
3.1279999999993793,0.5736221638636473
3.128999999999377,0.5742202950425103
3.1299999999993746,0.5748100882345027
3.1309999999993723,0.5753961818219859
3.13199999999937,0.5758411568166036
3.1329999999993676,0.5764344468372401
3.1339999999993653,0.5770369860409065
3.134999999999363,0.5776540028770607
3.1359999999993606,0.5782892070594006
3.1369999999993583,0.5789378052654063
3.137999999999356,0.5796012447969122
3.1389999999993536,0.5801088335109216
3.1399999999993513,0.5807914687150142
3.140999999999349,0.5814813358356302
3.1419999999993466,0.5821665101763919
3.1429999999993443,0.5828473180177209
3.143999999999342,0.5835176029912711
3.1449999999993397,0.5840132294767105
3.1459999999993373,0.5846659614064589
3.146999999999335,0.5853109073757422
3.1479999999993327,0.5859515128062561
3.1489999999993303,0.5865896555191044
3.149999999999328,0.5872359496573916
3.1509999999993257,0.5877290383078324
3.1519999999993233,0.5883961559387816
3.152999999999321,0.5890801904315011
3.1539999999993187,0.5897847863782514
3.1549999999993164,0.590504311009748
3.155999999999314,0.5912335808229885
3.1569999999993117,0.5917774096136658
3.1579999999993094,0.5925079901600089
3.158999999999307,0.593233962186991
3.1599999999993047,0.5939506373479877
3.1609999999993024,0.5946534137542181
3.1619999999993,0.5953465025689628
3.1629999999992977,0.5960294687777771
3.1639999999992954,0.5965353821425464
3.164999999999293,0.5972085205467609
3.1659999999992907,0.5978812673610903
3.1669999999992884,0.5985630817826592
3.167999999999286,0.5992545658786749
3.1689999999992837,0.5999627452443709
3.1699999999992814,0.6005033141175947
3.170999999999279,0.6012353284244644
3.1719999999992767,0.6019788438729244
3.1729999999992744,0.6027299436784973
3.173999999999272,0.603487295037633
3.1749999999992697,0.6042388712054405
3.1759999999992674,0.6047951934210619
3.176999999999265,0.6055281291534962
3.1779999999992627,0.6062472902648418
3.1789999999992604,0.606949334427692
3.179999999999258,0.6076394463177583
3.1809999999992558,0.6083230991257714
3.1819999999992534,0.6088393208812205
3.182999999999251,0.6095260736144628
3.1839999999992488,0.610220254265878
3.1849999999992464,0.6109273497545565
3.185999999999244,0.6116500679716493
3.1869999999992418,0.612382570681679
3.1879999999992394,0.6131261025092503
3.188999999999237,0.6136907052927691
3.189999999999235,0.6144447821378844
3.1909999999992325,0.6152002898882645
3.19199999999923,0.6159457539325534
3.192999999999228,0.6166815365553618
3.1939999999992255,0.6174015650020986
3.194999999999223,0.6179319522434097
3.195999999999221,0.6186281336525462
3.1969999999992185,0.6193136601598387
3.197999999999216,0.6199924076424245
3.198999999999214,0.6206668882712727
3.1999999999992115,0.6213475462979393
3.200999999999209,0.6218646179445936
3.201999999999207,0.6225605155179799
3.2029999999992045,0.6232701365603144
3.203999999999202,0.6239962098875599
3.2049999999992,0.6247319840726285
3.2059999999991975,0.625471801824504
3.206999999999195,0.6260201032809221
3.207999999999193,0.626751595602246
3.2089999999991905,0.6274733143943946
3.209999999999188,0.6281808231395647
3.210999999999186,0.6288708774036382
3.2119999999991835,0.6295487828165968
3.212999999999181,0.6302143217833602
3.213999999999179,0.6307060222717349
3.2149999999991765,0.6313588925053296
3.215999999999174,0.632009914966096
3.216999999999172,0.6326674332336694
3.2179999999991695,0.6333316623578041
3.218999999999167,0.6340091965239261
3.219999999999165,0.6345236184055483
3.2209999999991625,0.6352162255442856
3.22199999999916,0.6359148762590067
3.222999999999158,0.6366157878777368
3.2239999999991555,0.6373174679747007
3.224999999999153,0.638008699059359
3.225999999999151,0.6385175088630909
3.2269999999991485,0.6391851793276855
3.227999999999146,0.6398366051950033
3.228999999999144,0.6404694022827567
3.2299999999991416,0.6410897301455992
3.2309999999991392,0.6417031481054667
3.231999999999137,0.6421658298792973
3.2329999999991346,0.6427799772193441
3.2339999999991322,0.6433992639573226
3.23499999999913,0.644028515214492
3.2359999999991276,0.6446691104154837
3.2369999999991252,0.6453143018648342
3.237999999999123,0.645965373507548
3.2389999999991206,0.6464570794230831
3.2399999999991183,0.6471096488168055
3.240999999999116,0.6477589443072456
3.2419999999991136,0.6483953166175201
3.2429999999991113,0.6490198605168072
3.243999999999109,0.6496270824707874
3.2449999999991066,0.6500729374541276
3.2459999999991043,0.6506567620689202
3.246999999999102,0.651230268607515
3.2479999999990996,0.651796930488739
3.2489999999990973,0.6523588789878384
3.249999999999095,0.6529255444362402
3.2509999999990926,0.6533552946751033
3.2519999999990903,0.6539312648414728
3.252999999999088,0.6545169286306657
3.2539999999990856,0.6551142866691458
3.2549999999990833,0.6557161926946158
3.255999999999081,0.6563173361847742
3.2569999999990786,0.6567595381207556
3.2579999999990763,0.6573466787398615
3.258999999999074,0.6579222251312916
3.2599999999990716,0.6584824844125464
3.2609999999990693,0.6590258346388657
3.261999999999067,0.6595585676379726
3.2629999999990646,0.6600801429090868
3.2639999999990623,0.6604645839753324
3.26499999999906,0.6609749217959366
3.2659999999990577,0.6614831782262625
3.2669999999990553,0.6619960833722741
3.267999999999053,0.6625129123926823
3.2689999999990507,0.6630394830600085
3.2699999999990483,0.6634376346059715
3.270999999999046,0.6639710756958631
3.2719999999990437,0.6645060431223687
3.2729999999990413,0.6650395522395461
3.273999999999039,0.6655706000314332
3.2749999999990367,0.6660895076336626
3.2759999999990344,0.6664690623839641
3.276999999999032,0.6669656424079375
3.2779999999990297,0.6674470112750501
3.2789999999990274,0.667911453096103
3.279999999999025,0.6683655785538793
3.2809999999990227,0.6688144142323444
3.2819999999990204,0.6691539090114835
3.282999999999018,0.6696034548994347
3.2839999999990157,0.6700565409236307
3.2849999999990134,0.6705170239677213
3.285999999999011,0.6709851176863981
3.2869999999990087,0.6714535630946186
3.2879999999990064,0.6719239474241441
3.288999999999004,0.6722776900712225
3.2899999999990017,0.6727439389121115
3.2909999999989994,0.6732048135231564
3.291999999998997,0.6736529100211167
3.2929999999989947,0.6740901554473534
3.2939999999989924,0.6745116430932757
3.29499999999899,0.6748201654517821
3.2959999999989877,0.6752234433169924
3.2969999999989854,0.6756188854165751
3.297999999998983,0.6760090910744608
3.2989999999989807,0.6763953273154586
3.2999999999989784,0.6767857444921418
3.300999999998976,0.6770820686018585
3.3019999999989738,0.6774775445912782
3.3029999999989714,0.6778795715034578
3.303999999998969,0.6782897114926674
3.3049999999989668,0.6787009075360635
3.3059999999989644,0.6791085737441763
3.306999999998962,0.679405133571965
3.3079999999989598,0.6797973800701919
3.3089999999989574,0.6801788235017859
3.309999999998955,0.68054653197009
3.310999999998953,0.6809002758432215
3.3119999999989505,0.6812470142059417
3.312999999998948,0.6815855874432033
3.313999999998946,0.6818344608890194
3.3149999999989435,0.6821655503497678
3.315999999998941,0.6824952797020685
3.316999999998939,0.6828288259705828
3.3179999999989365,0.683164510685924
3.318999999998934,0.6835074337514803
3.319999999998932,0.6837657644354929
3.3209999999989295,0.6841101096593917
3.321999999998927,0.6844533934596885
3.322999999998925,0.6847936243801852
3.3239999999989225,0.6851304941633357
3.32499999999892,0.6854559194496501
3.325999999998918,0.6856918263146942
3.3269999999989155,0.6859998858902149
3.327999999998913,0.686295676051931
3.328999999998911,0.6865778207012945
3.3299999999989085,0.6868529866775095
3.330999999998906,0.6871254183355863
3.331999999998904,0.6873334550436402
3.3329999999989015,0.6876080597805965
3.333999999998899,0.6878854630208496
3.334999999998897,0.6881686446236297
3.3359999999988945,0.6884569651655136
3.336999999998892,0.6887429917292436
3.33799999999889,0.6890287460503597
3.3389999999988875,0.6892428457157005
3.339999999998885,0.6895222989845317
3.340999999998883,0.689796344310014
3.3419999999988805,0.6900596045321113
3.342999999998878,0.690314647660444
3.343999999998876,0.6905569680789145
3.3449999999988735,0.6907337613523586
3.345999999998871,0.6909646593071203
3.346999999998869,0.6911908424251659
3.3479999999988665,0.6914139290266776
3.348999999998864,0.6916342725377933
3.349999999998862,0.691858845339237
3.3509999999988596,0.6920300914414815
3.3519999999988572,0.6922571997558808
3.352999999998855,0.6924889263957107
3.3539999999988526,0.6927266588681854
3.3549999999988502,0.6929636728145067
3.355999999998848,0.6931961874950876
3.3569999999988456,0.693361928136986
3.3579999999988432,0.6935804852516559
3.358999999998841,0.693790405771095
3.3599999999988386,0.6939893139874084
3.3609999999988363,0.694177943864009
3.361999999998834,0.6943635601806301
3.3629999999988316,0.6945442806170873
3.3639999999988293,0.6946765646117282
3.364999999998827,0.694853841277832
3.3659999999988246,0.6950307353008216
3.3669999999988223,0.695211148415626
3.36799999999882,0.6953926821785952
3.3689999999988176,0.6955799407814076
3.3699999999988153,0.695720298521825
3.370999999998813,0.695905935883934
3.3719999999988106,0.6960894289916607
3.3729999999988083,0.6962696985750135
3.373999999998806,0.6964470686159838
3.3749999999988036,0.6966147548973837
3.3759999999988013,0.6967342691937227
3.376999999998799,0.6968903997994604
3.3779999999987966,0.6970374514240785
3.3789999999987943,0.6971741211858835
3.379999999998792,0.6973068901514077
3.3809999999987896,0.6974392122604832
3.3819999999987873,0.6975429310014404
3.382999999998785,0.6976788402127836
3.3839999999987826,0.697817104734557
3.3849999999987803,0.6979600719836982
3.385999999998778,0.6981065499653875
3.3869999999987757,0.6982491376688029
3.3879999999987733,0.6983903046099681
3.388999999998771,0.6984954993206118
3.3899999999987687,0.6986299314347637
3.3909999999987663,0.6987596930258916
3.391999999998764,0.6988809520322998
3.3929999999987617,0.698996656201377
3.3939999999987593,0.6991024945699404
3.394999999998757,0.6991791879576381
3.3959999999987547,0.6992792880386408
3.3969999999987524,0.699377126517529
3.39799999999875,0.699473454721772
3.3989999999987477,0.6995678692595907
3.3999999999987454,0.6996664050059644
3.400999999998743,0.6997425216591371
3.4019999999987407,0.6998415616735137
3.4029999999987384,0.6999438059316965
3.403999999998736,0.7000506159028269
3.4049999999987337,0.7001556534210938
3.4059999999987314,0.7002558479961624
3.406999999998729,0.7003230730061994
3.4079999999987267,0.7004112157523096
3.4089999999987244,0.7004927791102932
3.409999999998722,0.7005657362475921
3.4109999999987197,0.7006314267324735
3.4119999999987174,0.7006971815582818
3.412999999998715,0.700760454656005
3.4139999999987127,0.7008059132185087
3.4149999999987104,0.7008684517505059
3.415999999998708,0.7009310877134024
3.4169999999987057,0.7009967549148778
3.4179999999987034,0.7010625813104285
3.418999999998701,0.7011328667959474
3.4199999999986987,0.7011845688910578
3.4209999999986964,0.7012510273192976
3.421999999998694,0.7013147317979126
3.4229999999986918,0.7013753743100402
3.4239999999986894,0.7014338049697646
3.424999999998687,0.7014842481712404
3.4259999999986848,0.7015174904540126
3.4269999999986824,0.7015612654540524
3.42799999999868,0.7015985528566296
3.4289999999986778,0.7016280064050231
3.4299999999986754,0.7016558423674489
3.430999999998673,0.7016848345935708
3.431999999998671,0.7017115083307073
3.4329999999986685,0.7017448606349542
3.433999999998666,0.7017801015302226
3.434999999998664,0.7018191647318346
3.4359999999986615,0.7018605463339577
3.436999999998659,0.7018970152320255
3.437999999998657,0.7019314864429621
3.4389999999986545,0.7019565673635719
3.439999999998652,0.7019847361536253
3.44099999999865,0.7020093049771604
3.4419999999986475,0.7020276052813369
3.442999999998645,0.7020428094205415
3.443999999998643,0.7020506877387078
3.4449999999986405,0.7020557798944033
3.445999999998638,0.7020625451213491
3.446999999998636,0.7020689441608483
3.4479999999986335,0.7020749943647493
3.448999999998631,0.7020796860878241
3.449999999998629,0.7020883316392411
3.4509999999986265,0.7020965539281507
3.451999999998624,0.702104202272717
3.452999999998622,0.7021141473991922
3.4539999999986195,0.70212785978957
3.454999999998617,0.7021394389064011
3.455999999998615,0.7021464623685791
3.4569999999986125,0.7021447565020307
3.45799999999861,0.7021422460658912
3.458999999998608,0.7021352997714958
3.4599999999986055,0.7021220939123097
3.460999999998603,0.7021042856096409
3.461999999998601,0.7020890862632092
3.4629999999985985,0.7020733365442561
3.463999999998596,0.7020604862152096
3.464999999998594,0.7020459879470842
3.4659999999985915,0.7020318596103223
3.466999999998589,0.7020203162444928
3.467999999998587,0.7020082124808303
3.4689999999985845,0.7019997178490824
3.469999999998582,0.7019917977156032
3.47099999999858,0.7019783516369243
3.4719999999985776,0.7019621794602768
3.4729999999985752,0.7019436332970677
3.473999999998573,0.7019240138440238
3.4749999999985706,0.7018982860023438
3.4759999999985682,0.7018759878861853
3.476999999998566,0.7018480511082625
3.4779999999985636,0.7018158773801526
3.4789999999985612,0.7017779350888075
3.479999999998559,0.7017400666179765
3.4809999999985566,0.7017044236831319
3.4819999999985543,0.7016828215162912
3.482999999998552,0.7016517813083362
3.4839999999985496,0.7016221330386997
3.4849999999985473,0.7015955885585792
3.485999999998545,0.7015705440790373
3.4869999999985426,0.7015400552582288
3.4879999999985403,0.7015074948789348
3.488999999998538,0.7014825425784984
3.4899999999985356,0.701444877093822
3.4909999999985333,0.7014049748271395
3.491999999998531,0.7013609636779362
3.4929999999985286,0.701316098768472
3.4939999999985263,0.701266114830382
3.494999999998524,0.7012292820937601
3.4959999999985216,0.7011817286407943
3.4969999999985193,0.7011351040853949
3.497999999998517,0.701088797497823
3.4989999999985146,0.7010413133169813
3.4999999999985123,0.7009974249499572
3.50099999999851,0.7009657817177266
3.5019999999985076,0.7009195792907116
3.5029999999985053,0.7008750338857908
3.503999999998503,0.7008338242383945
3.5049999999985006,0.7007904990440579
3.5059999999984983,0.7007431975411598
3.506999999998496,0.7007016883504078
3.5079999999984937,0.7006473739381174
3.5089999999984913,0.7005905219336185
3.509999999998489,0.7005293799857283
3.5109999999984867,0.7004656706152705
3.5119999999984843,0.700406334778055
3.512999999998482,0.7003476577979514
3.5139999999984797,0.700303108592503
3.5149999999984773,0.7002465197756975
3.515999999998475,0.7001900877554126
3.5169999999984727,0.7001355165904953
3.5179999999984704,0.7000795309382267
3.518999999998468,0.7000262827598848
3.5199999999984657,0.6999843196295454
3.5209999999984634,0.6999251577949309
3.521999999998461,0.6998633427015093
3.5229999999984587,0.6997997667115126
3.5239999999984564,0.6997361037031183
3.524999999998454,0.6996678300483067
3.5259999999984517,0.6996148072964431
3.5269999999984494,0.6995475378239087
3.527999999998447,0.6994775458580573
3.5289999999984447,0.6994030265867136
3.5299999999984424,0.6993293909395293
3.53099999999844,0.6992582360189094
3.5319999999984377,0.699209762565114
3.5329999999984354,0.6991423608069326
3.533999999998433,0.6990754158016298
3.5349999999984307,0.6990105186004728
3.5359999999984284,0.6989460954573407
3.536999999998426,0.698875525198969
3.5379999999984237,0.6988025978393858
3.5389999999984214,0.6987474481833832
3.539999999998419,0.6986700847371604
3.5409999999984167,0.6985914342638379
3.5419999999984144,0.6985101553508696
3.542999999998412,0.6984295286153019
3.5439999999984098,0.6983452083670824
3.5449999999984074,0.6982834771461875
3.545999999998405,0.6982035067356706
3.5469999999984028,0.6981248907613515
3.5479999999984004,0.6980464854287836
3.548999999998398,0.6979663693511247
3.5499999999983958,0.69788890694758
3.5509999999983934,0.6978313244528361
3.551999999998391,0.6977495323836069
3.552999999998389,0.697668393518114
3.5539999999983864,0.6975898492327799
3.554999999998384,0.6975089173700805
3.555999999998382,0.6974242534510475
3.5569999999983795,0.69735531854467
3.557999999998377,0.6972653109199081
3.558999999998375,0.6971741041569174
3.5599999999983725,0.6970800036413165
3.56099999999837,0.6969846958761972
3.561999999998368,0.6968948230976562
3.5629999999983655,0.6968062105341993
3.563999999998363,0.6967393293461975
3.564999999998361,0.6966527151980647
3.5659999999983585,0.6965656154731688
3.566999999998356,0.6964793871033412
3.567999999998354,0.696390676227276
3.5689999999983515,0.6963036551455095
3.569999999998349,0.6962358334824036
3.570999999998347,0.696141798388313
3.5719999999983445,0.6960450788873617
3.572999999998342,0.6959470656167068
3.57399999999834,0.6958498185121855
3.5749999999983375,0.6957492436139017
3.575999999998335,0.6956729794533583
3.576999999998333,0.6955760391214839
3.5779999999983305,0.6954776489349682
3.578999999998328,0.6953757196911271
3.579999999998326,0.6952752266069894
3.5809999999983235,0.695177275072315
3.581999999998321,0.6951084351042109
3.582999999998319,0.6950132889929108
3.5839999999983165,0.6949176906764918
3.584999999998314,0.6948231376709874
3.585999999998312,0.6947281729150498
3.5869999999983095,0.6946265201195259
3.587999999998307,0.6945223417645849
3.588999999998305,0.6944439080566965
3.5899999999983025,0.6943361225309014
3.5909999999983,0.6942280734131198
3.591999999998298,0.6941188068124968
3.5929999999982956,0.6940116473671462
3.5939999999982932,0.6939021941984108
3.594999999998291,0.6938223974158416
3.5959999999982886,0.6937190687216223
3.5969999999982862,0.6936175199274239
3.597999999998284,0.6935161441299815
3.5989999999982816,0.6934126180525748
3.5999999999982792,0.6933109793898818
3.600999999998277,0.6932346787549871
3.6019999999982746,0.6931272026034766
3.6029999999982723,0.6930196295709162
3.60399999999827,0.6929141868655566
3.6049999999982676,0.6928063632119638
3.6059999999982653,0.692695283076845
3.606999999998263,0.6926071768296281
3.6079999999982606,0.6924926106675754
3.6089999999982583,0.6923782395568656
3.609999999998256,0.6922624312006418
3.6109999999982536,0.6921467525011398
3.6119999999982513,0.692037530244075
3.612999999998249,0.6919302038686469
3.6139999999982466,0.691849445334172
3.6149999999982443,0.6917441717718323
3.615999999998242,0.6916379069196957
3.6169999999982396,0.6915317798773277
3.6179999999982373,0.6914223646470006
3.618999999998235,0.6913138529420246
3.6199999999982326,0.691229588030392
3.6209999999982303,0.6911134678596362
3.621999999998228,0.6909948476231209
3.6229999999982256,0.690875539577193
3.6239999999982233,0.6907579771925499
3.624999999998221,0.690638393157766
3.6259999999982186,0.6905488057487186
3.6269999999982163,0.6904352964308865
3.627999999998214,0.6903215792623214
3.6289999999982117,0.6902052676771432
3.6299999999982093,0.6900908944006293
3.630999999998207,0.6899791331090136
3.6319999999982047,0.6898997573885087
3.6329999999982023,0.6897900922562625
3.6339999999982,0.6896792711263079
3.6349999999981977,0.6895687146489394
3.6359999999981953,0.6894571352570275
3.636999999998193,0.6893385877696024
3.6379999999981907,0.689217534337421
3.6389999999981884,0.6891266997117457
3.639999999998186,0.6890030636331156
3.6409999999981837,0.6888802382684965
3.6419999999981814,0.6887574907531533
3.642999999998179,0.6886381947204979
3.6439999999981767,0.688517915395909
3.6449999999981744,0.6884306745782951
3.645999999998172,0.6883180545235762
3.6469999999981697,0.6882076031990993
3.6479999999981674,0.6880973347853327
3.648999999998165,0.6879845692143999
3.6499999999981627,0.687873100897233
3.6509999999981604,0.687789009431924
3.651999999998158,0.6876706752261464
3.6529999999981557,0.6875517219804603
3.6539999999981534,0.687434652514706
3.654999999998151,0.687315386075001
3.6559999999981487,0.687193433918351
3.6569999999981464,0.6870977527573213
3.657999999998144,0.6869740565336789
3.6589999999981417,0.6868518117312691
3.6599999999981394,0.6867294527241896
3.660999999998137,0.6866083625435555
3.6619999999981347,0.6864945593792031
3.6629999999981324,0.6863832044486151
3.66399999999813,0.6862995666223366
3.6649999999981278,0.6861903437379583
3.6659999999981254,0.6860797365281286
3.666999999998123,0.6859687630105166
3.6679999999981208,0.6858539387718672
3.6689999999981184,0.6857394655683742
3.669999999998116,0.6856505665011794
3.6709999999981138,0.6855282635645623
3.6719999999981114,0.6854037397436018
3.672999999998109,0.6852791214727424
3.673999999998107,0.6851571714730914
3.6749999999981044,0.6850343360036703
3.675999999998102,0.6849430690513086
3.6769999999981,0.6848282395134068
3.6779999999980975,0.6847142556520208
3.678999999998095,0.6845984600285892
3.679999999998093,0.6844849779473396
3.6809999999980905,0.6843741462322519
3.681999999998088,0.6842953577020598
3.682999999998086,0.6841861248354879
3.6839999999980835,0.684075236159445
3.684999999998081,0.6839640465794886
3.685999999998079,0.6838514568183073
3.6869999999980765,0.683731802448106
3.687999999998074,0.6836097401315433
3.688999999998072,0.6835184064382066
3.6899999999980695,0.683394695933655
3.690999999998067,0.6832727178669761
3.691999999998065,0.6831517983078811
3.6929999999980625,0.6830353665101302
3.69399999999806,0.6829189915743533
3.694999999998058,0.6828351522077574
3.6959999999980555,0.6827275076117398
3.696999999998053,0.682622300005217
3.697999999998051,0.6825172771198891
3.6989999999980485,0.682409473762356
3.699999999998046,0.6823025231548697
3.700999999998044,0.68222153891289
3.7019999999980415,0.6821070754391136
3.702999999998039,0.6819916194464566
3.703999999998037,0.6818778983371654
3.7049999999980345,0.6817621818524859
3.705999999998032,0.6816442563822339
3.70699999999803,0.68155198828547
3.7079999999980275,0.6814335817150541
3.708999999998025,0.6813175327261749
3.709999999998023,0.6812023535682078
3.7109999999980205,0.6810892161412737
3.711999999998018,0.6809838676461214
3.712999999998016,0.6808813224146438
3.7139999999980136,0.6808043600703761
3.7149999999980112,0.6807039097801296
3.715999999998009,0.680601732609389
3.7169999999980066,0.680498832899311
3.7179999999980042,0.6803916736431007
3.718999999998002,0.6802844354560695
3.7199999999979996,0.6802008662971041
3.7209999999979972,0.6800856772419034
3.721999999997995,0.6799684524574103
3.7229999999979926,0.6798515131438084
3.7239999999979903,0.6797378866351245
3.724999999997988,0.6796241358197249
3.7259999999979856,0.6795401480548219
3.7269999999979833,0.6794355289356627
3.727999999997981,0.6793324630182186
3.7289999999979786,0.6792280801147377
3.7299999999979763,0.6791261623627328
3.730999999997974,0.6790268147783994
3.7319999999979716,0.6789565323941738
3.7329999999979693,0.6788583305681932
3.733999999997967,0.6787580669823983
3.7349999999979646,0.6786570239588432
3.7359999999979623,0.678554280303768
3.73699999999796,0.6784443851198056
3.7379999999979576,0.6783320751883134
3.7389999999979553,0.6782481852814697
3.739999999997953,0.6781347350617325
3.7409999999979506,0.6780235931478393
3.7419999999979483,0.6779140279932285
3.742999999997946,0.6778095402182542
3.7439999999979436,0.677705753981627
3.7449999999979413,0.6776315708924754
3.745999999997939,0.6775369797110686
3.7469999999979366,0.6774448951889714
3.7479999999979343,0.677352906010786
3.748999999997932,0.6772578260117034
3.7499999999979297,0.6771631871364846
3.7509999999979273,0.6770912026297791
3.751999999997925,0.6769885278570977
3.7529999999979227,0.6768844712155024
3.7539999999979203,0.67678191908676
3.754999999997918,0.6766774140521288
3.7559999999979157,0.6765709193274051
3.7569999999979133,0.6764873591233731
3.757999999997911,0.6763809544580666
3.7589999999979087,0.6762773723076028
3.7599999999979064,0.6761752270576947
3.760999999997904,0.6760754902432883
3.7619999999979017,0.6759836924236265
3.7629999999978994,0.6758948195040936
3.763999999997897,0.6758280767736924
3.7649999999978947,0.6757410548186135
3.7659999999978924,0.6756519316072459
3.76699999999789,0.6755617625400686
3.7679999999978877,0.6754669459840734
3.7689999999978854,0.6753715936489336
3.769999999997883,0.6752968077899649
3.7709999999978807,0.675193221889281
3.7719999999978784,0.6750875629783425
3.772999999997876,0.6749822593185554
3.7739999999978737,0.6748805540977391
3.7749999999978714,0.6747790792463078
3.775999999997869,0.6747044779589941
3.7769999999978667,0.6746124996096543
3.7779999999978644,0.6745224525411667
3.778999999997862,0.6744313182589038
3.7799999999978597,0.6743425989459743
3.7809999999978574,0.674256247537767
3.781999999997855,0.6741955842345704
3.7829999999978527,0.6741098802096914
3.7839999999978504,0.6740217112934511
3.784999999997848,0.6739322596621239
3.7859999999978458,0.6738407623054942
3.7869999999978434,0.6737419288314598
3.787999999997841,0.6736404843399539
3.7889999999978388,0.6735647039579147
3.7899999999978364,0.6734621306241514
3.790999999997834,0.673362097025515
3.7919999999978318,0.6732637657821497
3.7929999999978294,0.6731707355023772
3.793999999997827,0.6730787400138488
3.794999999997825,0.6730134277550759
3.7959999999978224,0.6729306592274267
3.79699999999782,0.6728503305719707
3.797999999997818,0.6727699431710424
3.7989999999978155,0.6726861203577547
3.799999999997813,0.6726023205186058
3.800999999997811,0.6725382363074485
3.8019999999978085,0.672445882234749
3.802999999997806,0.6723516696440401
3.803999999997804,0.672258590641995
3.8049999999978015,0.672163415857936
3.805999999997799,0.6720662274360947
3.806999999997797,0.6719895808900621
3.8079999999977945,0.6718925088180925
3.808999999997792,0.6717984069901457
3.80999999999779,0.6717060252795022
3.8109999999977875,0.6716161665858431
3.811999999997785,0.6715341972824248
3.812999999997783,0.6714551565195405
3.8139999999977805,0.6713957083765276
3.814999999997778,0.6713181937613607
3.815999999997776,0.6712381934637578
3.8169999999977735,0.6711568486861241
3.817999999997771,0.671070464911181
3.818999999997769,0.6709830324511964
3.8199999999977665,0.6709140097897568
3.820999999997764,0.6708178911790441
3.821999999997762,0.6707194794026142
3.8229999999977595,0.6706212631727227
3.823999999997757,0.6705266791133191
3.824999999997755,0.6704324241392305
3.8259999999977525,0.6703632508165427
3.82699999999775,0.6702784306705816
3.827999999997748,0.6701957574114953
3.8289999999977455,0.6701121165217487
3.829999999997743,0.6700307756714468
3.830999999997741,0.6699515815569642
3.8319999999977385,0.6698961836893979
3.832999999997736,0.6698171908604043
3.833999999997734,0.6697353540102904
3.8349999999977316,0.6696517167073144
3.8359999999977292,0.6695656558675349
3.836999999997727,0.6694720098271717
3.8379999999977246,0.6693754268227967
3.8389999999977222,0.669303141205502
3.83999999999772,0.6692051271142151
3.8409999999977176,0.6691096789498245
3.8419999999977152,0.6690158496192046
3.842999999997713,0.6689273624006659
3.8439999999977106,0.6688401076475784
3.8449999999977083,0.6687783109498527
3.845999999997706,0.6687001785700329
3.8469999999977036,0.6686244129829161
3.8479999999977013,0.6685484676441327
3.848999999997699,0.6684687802810492
3.8499999999976966,0.6683887422665402
3.8509999999976943,0.668327280106026
3.851999999997692,0.6682382385089594
3.8529999999976896,0.6681468176624347
3.8539999999976873,0.6680560758421586
3.854999999997685,0.6679629899039428
3.8559999999976826,0.66786772916325
3.8569999999976803,0.667792358781233
3.857999999997678,0.6676969507679138
3.8589999999976756,0.6676045041526175
3.8599999999976733,0.6675139347298507
3.860999999997671,0.6674259111405388
3.8619999999976686,0.6673456789686298
3.8629999999976663,0.66726838362352
3.863999999997664,0.6672101886342244
3.8649999999976616,0.6671341781764694
3.8659999999976593,0.6670553540463927
3.866999999997657,0.6669749620237544
3.8679999999976546,0.6668891809690088
3.8689999999976523,0.6668018294998378
3.86999999999765,0.6667326801975424
3.8709999999976477,0.6666361243759183
3.8719999999976453,0.6665369549580108
3.872999999997643,0.6664376913064822
3.8739999999976407,0.6663419487474992
3.8749999999976383,0.6662464987234843
3.875999999997636,0.6661763610101342
3.8769999999976337,0.6660900873059518
3.8779999999976313,0.666006122413204
3.878999999997629,0.6659212982660488
3.8799999999976267,0.6658386838525727
3.8809999999976244,0.665758049893982
3.881999999997622,0.6657015331148287
3.8829999999976197,0.6656208006760517
3.8839999999976174,0.6655369110290872
3.884999999997615,0.665450729141857
3.8859999999976127,0.6653617521546936
3.8869999999976104,0.6652649212608169
3.887999999997608,0.665164751736719
3.8889999999976057,0.6650895527939439
3.8899999999976034,0.6649874482564246
3.890999999997601,0.6648877984045808
3.8919999999975987,0.6647895551871938
3.8929999999975964,0.6646965863500433
3.893999999997594,0.6646049769600986
3.8949999999975917,0.6645398510537034
3.8959999999975894,0.6644572329248026
3.896999999997587,0.6643769510544395
3.8979999999975847,0.6642964408576584
3.8989999999975824,0.6642119551371254
3.89999999999758,0.6641268187985346
3.9009999999975777,0.6640613784545913
3.9019999999975754,0.6639668960539578
3.902999999997573,0.6638694937364745
3.9039999999975707,0.6637722548592411
3.9049999999975684,0.6636723394509702
3.905999999997566,0.6635699733661677
3.9069999999975638,0.6634890225903617
3.9079999999975614,0.6633860038355907
3.908999999997559,0.6632858056071221
3.9099999999975568,0.66318753460686
3.9109999999975544,0.6630917634607046
3.911999999997552,0.663003661232566
3.9129999999975498,0.662918525858233
3.9139999999975474,0.6628544296070219
3.914999999997545,0.6627704497891873
3.915999999997543,0.6626833997440029
3.9169999999975404,0.6625946419842234
3.917999999997538,0.6625001934752965
3.918999999997536,0.6624036486538228
3.9199999999975335,0.6623274040584846
3.920999999997531,0.6622210625206706
3.921999999997529,0.6621116773352351
3.9229999999975265,0.6620017665671385
3.923999999997524,0.6618951025578129
3.924999999997522,0.6617885426883936
3.9259999999975195,0.6617099157434809
3.926999999997517,0.6616120609003658
3.927999999997515,0.6615166077916178
3.9289999999975125,0.6614203830452883
3.92999999999751,0.6613263014625979
3.930999999997508,0.6612340912479008
3.9319999999975055,0.6611689166822178
3.932999999997503,0.6610764571547136
3.933999999997501,0.6609805929929379
3.9349999999974985,0.6608819674130872
3.935999999997496,0.6607801680624146
3.936999999997494,0.6606702046602967
3.9379999999974915,0.66055639828469
3.938999999997489,0.6604706530914094
3.939999999997487,0.6603541425397157
3.9409999999974845,0.6602397941628182
3.941999999997482,0.6601264779745041
3.94299999999748,0.6600182259648848
3.9439999999974775,0.6599113579242529
3.944999999997475,0.6598346913246668
3.945999999997473,0.6597366346902424
3.9469999999974705,0.6596409218592332
3.947999999997468,0.6595450052476786
3.948999999997466,0.6594449589373778
3.9499999999974635,0.6593440408430203
3.950999999997461,0.659266653774649
3.951999999997459,0.659156144763298
3.9529999999974565,0.659042142426427
3.953999999997454,0.6589277023433545
3.954999999997452,0.6588101338972332
3.9559999999974496,0.6586896827467782
3.9569999999974472,0.6585948129744633
3.957999999997445,0.6584728930013466
3.9589999999974426,0.6583534843075651
3.9599999999974402,0.658235912715743
3.960999999997438,0.6581207101668267
3.9619999999974356,0.6580130283126623
3.9629999999974332,0.6579083697067887
3.963999999997431,0.6578296540455696
3.9649999999974286,0.6577261649407657
3.9659999999974263,0.6576194453654355
3.966999999997424,0.6575109815764905
3.9679999999974216,0.6573965897431218
3.9689999999974193,0.6572795810570379
3.969999999997417,0.6571877732405533
3.9709999999974146,0.6570602890339157
3.9719999999974123,0.6569292045505174
3.97299999999741,0.6567970017339242
3.9739999999974076,0.6566675827124707
3.9749999999974053,0.6565379101439458
3.975999999997403,0.656441699980032
3.9769999999974006,0.6563200522185296
3.9779999999973983,0.656200837751625
3.978999999997396,0.6560809414492289
3.9799999999973936,0.65596318544858
3.9809999999973913,0.6558472980823901
3.981999999997389,0.6557644864528784
3.9829999999973866,0.655648441306188
3.9839999999973843,0.6555288633428
3.984999999997382,0.6554061284081456
3.9859999999973796,0.6552798738798481
3.9869999999973773,0.655145135528093
3.987999999997375,0.6550059745069081
3.9889999999973726,0.6549008135824372
3.9899999999973703,0.6547579506513984
3.990999999997368,0.654616793936833
3.9919999999973657,0.6544761657321267
3.9929999999973633,0.6543402854618794
3.993999999997361,0.654205753907219
3.9949999999973587,0.6541082503375983
3.9959999999973563,0.6539824172767029
3.996999999997354,0.6538590524134249
3.9979999999973517,0.6537356667734563
3.9989999999973493,0.6536081722210487
3.999999999997347,0.653479760374633
4.000999999997345,0.6533817479739341
4.001999999997342,0.6532437587982254
4.00299999999734,0.6531017646774819
4.003999999997338,0.652958734036506
4.004999999997335,0.6528120840324863
4.005999999997333,0.6526620409122106
4.006999999997331,0.6525445749272443
4.007999999997328,0.6523920802091016
4.008999999997326,0.6522417024015187
4.009999999997324,0.6520930163822563
4.010999999997321,0.6519465801763114
4.011999999997319,0.6518075968102862
4.012999999997317,0.6516718287707749
4.013999999997314,0.6515699278255085
4.014999999997312,0.6514357025772537
4.01599999999731,0.6512983214585983
4.016999999997307,0.6511593997783841
4.017999999997305,0.6510145228104598
4.018999999997303,0.6508666681878243
4.0199999999973,0.6507515924793462
4.020999999997298,0.6505927566293894
4.021999999997296,0.6504297890888003
4.022999999997293,0.6502650979329493
4.023999999997291,0.6501026824797433
4.024999999997289,0.6499396268891474
4.025999999997286,0.6498181314165489
4.026999999997284,0.6496624585169993
4.027999999997282,0.6495093226393867
4.028999999997279,0.6493557346616599
4.029999999997277,0.649204491745901
4.030999999997275,0.6490553724260977
4.031999999997272,0.6489479510574938
4.03299999999727,0.6487992925035759
4.033999999997268,0.6486472748401846
4.034999999997265,0.6484919814342736
4.035999999997263,0.6483330611599218
4.036999999997261,0.6481655384295308
4.0379999999972584,0.6479931583277406
4.038999999997256,0.6478627485977511
4.039999999997254,0.6476858203716421
4.0409999999972515,0.6475101853714429
4.041999999997249,0.6473346413752286
4.042999999997247,0.6471636026963836
4.0439999999972445,0.6469939855043062
4.044999999997242,0.6468701904151748
4.04599999999724,0.6467094992647235
4.0469999999972375,0.646551673647335
4.047999999997235,0.6463943298128395
4.048999999997233,0.646233259322085
4.0499999999972305,0.646071600998441
4.050999999997228,0.6459488935283816
4.051999999997226,0.6457783163336276
4.0529999999972235,0.6456035541247185
4.053999999997221,0.6454274414972723
4.054999999997219,0.6452474576974537
4.0559999999972165,0.6450637676845815
4.056999999997214,0.6449207892888535
4.057999999997212,0.6447339514257174
4.0589999999972095,0.6445489772879075
4.059999999997207,0.6443656973234427
4.060999999997205,0.6441847355997072
4.0619999999972025,0.6440113919541891
4.0629999999972,0.6438417347960759
4.063999999997198,0.6437147867537752
4.0649999999971955,0.6435476717586149
4.065999999997193,0.6433778999332262
4.066999999997191,0.6432072292659632
4.0679999999971885,0.6430310284367396
4.068999999997186,0.642851938034575
4.069999999997184,0.6427135771482329
4.0709999999971815,0.6425237054969278
4.071999999997179,0.6423295251950194
4.072999999997177,0.6421333226065868
4.0739999999971745,0.6419391457863193
4.074999999997172,0.6417441757204996
4.07599999999717,0.6415986440235297
4.076999999997168,0.6414108091006008
4.077999999997165,0.6412258462316872
4.078999999997163,0.6410409343802714
4.079999999997161,0.6408588939379036
4.080999999997158,0.6406796062482719
4.081999999997156,0.6405501338047184
4.082999999997154,0.6403726970947976
4.083999999997151,0.6401925767380128
4.084999999997149,0.6400096000462527
4.085999999997147,0.6398234161255598
4.086999999997144,0.6396290246792291
4.087999999997142,0.6394298310916339
4.08899999999714,0.6392792750087228
4.089999999997137,0.6390754327276299
4.090999999997135,0.6388728223218464
4.091999999997133,0.638670178251603
4.09299999999713,0.6384720676401087
4.093999999997128,0.638275709911604
4.094999999997126,0.6381320558734056
4.095999999997123,0.6379453314779516
4.096999999997121,0.637762197532264
4.097999999997119,0.6375804259987307
4.098999999997116,0.6373957744867648
4.099999999997114,0.6372113721185968
4.100999999997112,0.6370722015139785
4.101999999997109,0.6368805140345383
4.102999999997107,0.6366850928517512
4.103999999997105,0.6364886295403911
4.104999999997102,0.6362886201179727
4.1059999999971,0.6360851221259812
4.106999999997098,0.6359273245575684
4.107999999997095,0.6357207687751143
4.108999999997093,0.6355161751965647
4.109999999997091,0.6353135786982453
4.110999999997088,0.6351136344819904
4.111999999997086,0.6349217185780792
4.112999999997084,0.6347342258915444
4.113999999997081,0.6345944827064764
4.114999999997079,0.6344111301205035
4.115999999997077,0.6342260858459206
4.116999999997074,0.6340412820413794
4.117999999997072,0.6338519670233735
4.11899999999707,0.6336605254930127
4.119999999997067,0.6335134781863065
4.120999999997065,0.633312623970928
4.121999999997063,0.6331079492750061
4.12299999999706,0.6329015578917164
4.123999999997058,0.6326974724746817
4.124999999997056,0.6324928708209897
4.125999999997053,0.632340242750328
4.126999999997051,0.6321430663624398
4.127999999997049,0.631949329117383
4.128999999997046,0.6317563641379442
4.129999999997044,0.6315670188583075
4.130999999997042,0.6313813243017196
4.131999999997039,0.631247797437785
4.132999999997037,0.631065977964415
4.133999999997035,0.6308826629566168
4.134999999997032,0.6306975506273039
4.13599999999703,0.6305103263629669
4.136999999997028,0.6303159904846928
4.137999999997025,0.6301176382986088
4.138999999997023,0.6299681432722021
4.139999999997021,0.6297662029034112
4.140999999997018,0.629565981474704
4.141999999997016,0.6293660173094572
4.142999999997014,0.6291709183469503
4.143999999997011,0.6289781231154092
4.144999999997009,0.6288374272520093
4.145999999997007,0.6286551892409614
4.146999999997004,0.6284773952246947
4.147999999997002,0.628302023583113
4.148999999997,0.6281249318540911
4.149999999996997,0.627949319104976
4.150999999996995,0.6278176451784406
4.151999999996993,0.6276372798700419
4.15299999999699,0.6274543604753028
4.153999999996988,0.627271478146717
4.154999999996986,0.6270861080306015
4.155999999996983,0.6268981536768816
4.156999999996981,0.6267524310407719
4.157999999996979,0.6265624702423593
4.1589999999969764,0.626374935613755
4.159999999996974,0.6261899435411061
4.160999999996972,0.6260080531259548
4.1619999999969695,0.625834611937234
4.162999999996967,0.6256663266159759
4.163999999996965,0.6255415939308264
4.1649999999969625,0.6253791452335306
4.16599999999696,0.6252162026240301
4.166999999996958,0.6250549212272273
4.1679999999969555,0.6248906123257968
4.168999999996953,0.6247255745555593
4.169999999996951,0.6245993305919711
4.1709999999969485,0.6244274286098247
4.171999999996946,0.6242529182904021
4.172999999996944,0.6240776555823414
4.1739999999969415,0.6239055408996412
4.174999999996939,0.6237335770178618
4.175999999996937,0.6236057079150605
4.1769999999969345,0.6234417278976786
4.177999999996932,0.623281747560666
4.17899999999693,0.6231231792746641
4.1799999999969275,0.6229688537757955
4.180999999996925,0.622818985386624
4.181999999996923,0.622712999272415
4.1829999999969205,0.6225690559211663
4.183999999996918,0.6224250462068643
4.184999999996916,0.6222807425263961
4.1859999999969135,0.6221359463934895
4.186999999996911,0.6219857186517272
4.187999999996909,0.6218329267018352
4.1889999999969065,0.6217184650343528
4.189999999996904,0.6215642009893114
4.190999999996902,0.6214126043260342
4.1919999999968995,0.6212618133313073
4.192999999996897,0.6211163112697708
4.193999999996895,0.6209736095879071
4.1949999999968925,0.620870634490306
4.19599999999689,0.6207389950488206
4.196999999996888,0.6206123684132154
4.197999999996886,0.6204889849956448
4.198999999996883,0.6203649608281625
4.199999999996881,0.6202436671557594
4.200999999996879,0.6201537211406322
4.201999999996876,0.6200305320077492
4.202999999996874,0.6199064655933548
4.203999999996872,0.6197840927390964
4.204999999996869,0.6196608406421364
4.205999999996867,0.6195364181957919
4.206999999996865,0.6194390081045665
4.207999999996862,0.6193142349712922
4.20899999999686,0.6191924687473462
4.209999999996858,0.6190737391366598
4.210999999996855,0.618958329668736
4.211999999996853,0.6188514033286453
4.212999999996851,0.6187499359006075
4.213999999996848,0.6186756511895157
4.214999999996846,0.6185810324733692
4.215999999996844,0.6184869176580594
4.216999999996841,0.6183957350551444
4.217999999996839,0.6183030825333343
4.218999999996837,0.6182113823980792
4.219999999996834,0.6181413414791364
4.220999999996832,0.6180459320548477
4.22199999999683,0.6179495514973574
4.222999999996827,0.6178537531471409
4.223999999996825,0.6177622130203533
4.224999999996823,0.6176715674319332
4.22599999999682,0.6176049018864934
4.226999999996818,0.6175224597734369
4.227999999996816,0.6174441862700251
4.228999999996813,0.6173674720224478
4.229999999996811,0.6172950692185113
4.230999999996809,0.6172273949895308
4.231999999996806,0.6171833421939529
4.232999999996804,0.6171228658663809
4.233999999996802,0.6170635439471926
4.234999999996799,0.6170054369869579
4.235999999996797,0.6169485491396873
4.236999999996795,0.6168880661656223
4.237999999996792,0.6168267300735062
4.23899999999679,0.6167818914558884
4.239999999996788,0.6167215608455877
4.240999999996785,0.6166649195386393
4.241999999996783,0.6166095110967881
4.242999999996781,0.6165595310111466
4.243999999996778,0.6165124079908403
4.244999999996776,0.6164808810510516
4.245999999996774,0.6164442319549287
4.246999999996771,0.6164124730225315
4.247999999996769,0.616384121429226
4.248999999996767,0.6163556908125274
4.249999999996764,0.6163308136765637
4.250999999996762,0.6163139460426623
4.25199999999676,0.6162895202159497
4.252999999996757,0.616265896569523
4.253999999996755,0.6162456993590192
4.254999999996753,0.6162262856690607
4.25599999999675,0.6162071407715819
4.256999999996748,0.6161893013828295
4.257999999996746,0.6161712765275228
4.258999999996743,0.6161565452046522
4.259999999996741,0.616144900907125
4.260999999996739,0.6161362081859713
4.261999999996736,0.6161353134787083
4.262999999996734,0.6161394147958043
4.263999999996732,0.6161441396138427
4.264999999996729,0.6161547958062085
4.265999999996727,0.6161663527471593
4.266999999996725,0.6161815341121242
4.267999999996722,0.6161964019111279
4.26899999999672,0.6162136651187411
4.269999999996718,0.6162263911560624
4.270999999996715,0.6162427490756632
4.271999999996713,0.6162596365231224
4.272999999996711,0.6162782770396934
4.273999999996708,0.6163020437854299
4.274999999996706,0.6163270790996147
4.275999999996704,0.6163470726855541
4.276999999996701,0.6163795791284211
4.277999999996699,0.6164157243251187
4.278999999996697,0.6164528093504075
4.2799999999966944,0.6164934736732502
4.280999999996692,0.6165383443435568
4.28199999999669,0.6165784304327273
4.2829999999966875,0.616630449530493
4.283999999996685,0.6166842365277421
4.284999999996683,0.616740274071959
4.2859999999966805,0.6167988080849593
4.286999999996678,0.6168551780458191
4.287999999996676,0.6169120774446691
4.2889999999966735,0.6169567246333316
4.289999999996671,0.6170164776244823
4.290999999996669,0.6170805064959978
4.2919999999966665,0.6171456779570508
4.292999999996664,0.6172158102482699
4.293999999996662,0.6172881549197372
4.2949999999966595,0.6173454961547079
4.295999999996657,0.6174263663648873
4.296999999996655,0.6175111765435182
4.2979999999966525,0.6175987436639477
4.29899999999665,0.6176860475387946
4.299999999996648,0.6177770132068653
4.3009999999966455,0.6178473380933108
4.301999999996643,0.6179399067153194
4.302999999996641,0.6180344241342418
4.3039999999966385,0.6181335900263152
4.304999999996636,0.6182346711925415
4.305999999996634,0.6183369223027122
4.3069999999966315,0.6184103841698546
4.307999999996629,0.6185142338448815
4.308999999996627,0.6186210384717333
4.3099999999966245,0.6187302932276431
4.310999999996622,0.6188414219674256
4.31199999999662,0.6189589188490244
4.3129999999966175,0.6190801722638993
4.313999999996615,0.6191720789136212
4.314999999996613,0.6192982323473412
4.3159999999966105,0.6194249428754321
4.316999999996608,0.6195551948910053
4.317999999996606,0.6196855657864347
4.318999999996604,0.6198190922842122
4.319999999996601,0.6199195886492167
4.320999999996599,0.6200537794638362
4.321999999996597,0.6201893170605262
4.322999999996594,0.6203271136390808
4.323999999996592,0.6204702170342956
4.32499999999659,0.6206142838228801
4.325999999996587,0.6207230177220199
4.326999999996585,0.6208726806494881
4.327999999996583,0.6210247514193071
4.32899999999658,0.6211764474284506
4.329999999996578,0.6213303143448718
4.330999999996576,0.621487178022798
4.331999999996573,0.6216105012449237
4.332999999996571,0.6217731784717625
4.333999999996569,0.6219374887701656
4.334999999996566,0.6221043283786106
4.335999999996564,0.6222741449864593
4.336999999996562,0.6224424075341911
4.337999999996559,0.6226117866522302
4.338999999996557,0.6227410737085488
4.339999999996555,0.6229137806286206
4.340999999996552,0.623090587704692
4.34199999999655,0.6232677798150568
4.342999999996548,0.6234488238745961
4.343999999996545,0.6236308026052914
4.344999999996543,0.6237692740294816
4.345999999996541,0.623956865861263
4.346999999996538,0.6241468743481977
4.347999999996536,0.6243383914289296
4.348999999996534,0.6245288274642826
4.349999999996531,0.6247223469307197
4.350999999996529,0.624869399997549
4.351999999996527,0.6250642869266606
4.352999999996524,0.6252614252562817
4.353999999996522,0.625463549969089
4.35499999999652,0.6256678305463718
4.355999999996517,0.6258733204423476
4.356999999996515,0.6260239785173686
4.357999999996513,0.6262302312248177
4.35899999999651,0.626438458345199
4.359999999996508,0.6266479087477884
4.360999999996506,0.6268576864987618
4.361999999996503,0.6270720093666343
4.362999999996501,0.6272884362373563
4.363999999996499,0.6274507545576115
4.364999999996496,0.6276696420063588
4.365999999996494,0.6278881950472596
4.366999999996492,0.6281095627825096
4.367999999996489,0.6283307414525776
4.368999999996487,0.6285550019913222
4.369999999996485,0.6287235339832294
4.370999999996482,0.6289484445298855
4.37199999999648,0.6291746048062429
4.372999999996478,0.6294026883765507
4.373999999996475,0.6296354668236839
4.374999999996473,0.6298682656963382
4.375999999996471,0.6300427005697522
4.376999999996468,0.6302785068738715
4.377999999996466,0.6305151400734773
4.378999999996464,0.6307498033655512
4.379999999996461,0.6309850044692614
4.380999999996459,0.6312217276293804
4.381999999996457,0.6314039769261734
4.382999999996454,0.6316444775175646
4.383999999996452,0.6318858984768411
4.38499999999645,0.6321294073440749
4.385999999996447,0.6323755516929379
4.386999999996445,0.6326198732718696
4.387999999996443,0.6328650044501631
4.38899999999644,0.6330508025188517
4.389999999996438,0.6332982889160295
4.390999999996436,0.6335489965718212
4.391999999996433,0.6337988776528992
4.392999999996431,0.634051169859768
4.393999999996429,0.6343028803998865
4.394999999996426,0.6344925163900956
4.395999999996424,0.6347468473839305
4.396999999996422,0.6350020116208874
4.397999999996419,0.6352573052834469
4.398999999996417,0.6355104373794165
4.399999999996415,0.6357656881964502
4.4009999999964124,0.6359585083379418
4.40199999999641,0.6362138610373319
4.402999999996408,0.6364709738505736
4.4039999999964055,0.6367325455091435
4.404999999996403,0.6369956704554011
4.405999999996401,0.6372592709093141
4.4069999999963985,0.6374529157117361
4.407999999996396,0.6377154820384976
4.408999999996394,0.6379787228105106
4.4099999999963915,0.6382417720552646
4.410999999996389,0.6385036182298514
4.411999999996387,0.638768340675351
4.4129999999963845,0.6390336424195614
4.413999999996382,0.6392317031326609
4.41499999999638,0.6394971130111
4.4159999999963775,0.6397611402343528
4.416999999996375,0.6400269703410605
4.417999999996373,0.640291825127845
4.4189999999963705,0.6405590370925335
4.419999999996368,0.6407593047301263
4.420999999996366,0.6410258852968651
4.4219999999963635,0.6412928864700658
4.422999999996361,0.6415608557708441
4.423999999996359,0.641832392645792
4.4249999999963565,0.6421027313560864
4.425999999996354,0.6423044416350621
4.426999999996352,0.642575297566268
4.4279999999963495,0.6428455616119015
4.428999999996347,0.6431125077200817
4.429999999996345,0.6433786582050438
4.4309999999963425,0.6436450846273155
4.43199999999634,0.643848757216356
4.432999999996338,0.6441169983024193
4.4339999999963355,0.6443852234350641
4.434999999996333,0.6446546663843153
4.435999999996331,0.6449258617763106
4.4369999999963285,0.6451943738667193
4.437999999996326,0.6454627693484799
4.438999999996324,0.645665327788504
4.4399999999963216,0.6459342230239513
4.440999999996319,0.6462051361053707
4.441999999996317,0.6464739923049996
4.442999999996315,0.6467439543279525
4.443999999996312,0.6470120740115461
4.44499999999631,0.6472131772527737
4.445999999996308,0.6474817265091234
4.446999999996305,0.6477499526856471
4.447999999996303,0.6480172525203625
4.448999999996301,0.6482814538572081
4.449999999996298,0.6485468051043282
4.450999999996296,0.6487465687001384
4.451999999996294,0.6490103752480497
4.452999999996291,0.6492749826286697
4.453999999996289,0.6495429930327072
4.454999999996287,0.6498114800025098
4.455999999996284,0.6500793292430169
4.456999999996282,0.6502754766516768
4.45799999999628,0.6505402835351342
4.458999999996277,0.6508045975930014
4.459999999996275,0.6510675827054848
4.460999999996273,0.6513283068473551
4.46199999999627,0.6515908394090223
4.462999999996268,0.6518529837456131
4.463999999996266,0.6520480872630781
4.464999999996263,0.6523087719865864
4.465999999996261,0.652567233657819
4.466999999996259,0.6528265772582389
4.467999999996256,0.6530840443974996
4.468999999996254,0.6533428568539393
4.469999999996252,0.6535361446978725
4.470999999996249,0.6537924812351952
4.471999999996247,0.6540481024558145
4.472999999996245,0.6543035492056993
4.473999999996242,0.6545613693708893
4.47499999999624,0.654816939272944
4.475999999996238,0.6550069395498919
4.476999999996235,0.6552613556625202
4.477999999996233,0.6555143198802575
4.478999999996231,0.655763232082187
4.479999999996228,0.6560106477643042
4.480999999996226,0.6562576392091495
4.481999999996224,0.6564462098698445
4.482999999996221,0.6566936927038999
4.483999999996219,0.6569403340484682
4.484999999996217,0.6571872480743913
4.485999999996214,0.6574348781412651
4.486999999996212,0.6576787924589006
4.48799999999621,0.6579214752037206
4.488999999996207,0.6581039727525314
4.489999999996205,0.6583451954396218
4.490999999996203,0.6585873474390738
4.4919999999962,0.6588265829350034
4.492999999996198,0.6590661143776051
4.493999999996196,0.659303132063284
4.494999999996193,0.6594805439804946
4.495999999996191,0.6597170604654141
4.496999999996189,0.6599527650398658
4.497999999996186,0.6601870469583013
4.498999999996184,0.6604176843479467
4.499999999996182,0.6606487699709113
4.500999999996179,0.6608223051690023
4.501999999996177,0.6610503975389228
4.502999999996175,0.6612782449202658
4.503999999996172,0.6615083282627127
4.50499999999617,0.6617377709733919
4.505999999996168,0.6619655145090205
4.506999999996165,0.662131061391701
4.507999999996163,0.6623542173118588
4.508999999996161,0.662576171397374
4.509999999996158,0.6627962235474294
4.510999999996156,0.6630136424544867
4.511999999996154,0.6632325604666763
4.512999999996151,0.663450827096952
4.513999999996149,0.6636128520574258
4.514999999996147,0.6638291288918107
4.515999999996144,0.6640427327339883
4.516999999996142,0.6642566129107027
4.51799999999614,0.6644678780867941
4.518999999996137,0.664679522015002
4.519999999996135,0.6648367934831225
4.520999999996133,0.6650442187436926
4.5219999999961304,0.6652498873305313
4.522999999996128,0.6654544276304986
4.523999999996126,0.6656604372632605
4.5249999999961235,0.6658635949924062
4.525999999996121,0.6660140342627878
4.526999999996119,0.6662154821948089
4.5279999999961165,0.6664153020012071
4.528999999996114,0.6666110290990674
4.529999999996112,0.6668052323070932
4.5309999999961095,0.6669989052386897
4.531999999996107,0.6671473317637171
4.532999999996105,0.6673409856975948
4.5339999999961025,0.6675332613314692
4.5349999999961,0.6677250352457791
4.535999999996098,0.6679166321505295
4.5369999999960955,0.6681036378533672
4.537999999996093,0.6682884535572808
4.538999999996091,0.6684269153223152
4.5399999999960885,0.6686087748948448
4.540999999996086,0.6687908656545138
4.541999999996084,0.6689697164163175
4.5429999999960815,0.6691486574645775
4.543999999996079,0.6693250641363355
4.544999999996077,0.6694571116809486
4.5459999999960745,0.6696332863851222
4.546999999996072,0.6698087869172311
4.54799999999607,0.669982910238752
4.5489999999960675,0.6701532671181908
4.549999999996065,0.670323720622865
4.550999999996063,0.6704514477360288
4.5519999999960605,0.6706179521731842
4.552999999996058,0.6707833390847084
4.553999999996056,0.6709499782202651
4.5549999999960535,0.6711151091393426
4.555999999996051,0.6712777967738802
4.556999999996049,0.671394308524169
4.5579999999960465,0.6715516348664226
4.558999999996044,0.6717075922867671
4.559999999996042,0.6718616680177519
4.5609999999960396,0.6720133648237928
4.561999999996037,0.6721668893666324
4.562999999996035,0.6723200898500828
4.563999999996033,0.6724334970821358
4.56499999999603,0.6725850579302984
4.565999999996028,0.6727338737713069
4.566999999996026,0.6728827121879375
4.567999999996023,0.6730284723375589
4.568999999996021,0.6731738709975702
4.569999999996019,0.6732809925528012
4.570999999996016,0.6734209031516012
4.571999999996014,0.6735583285845869
4.572999999996012,0.6736940381822724
4.573999999996009,0.6738307439838958
4.574999999996007,0.6739644955496624
4.575999999996005,0.674062983923677
4.576999999996002,0.6741954446395163
4.577999999996,0.6743266669999108
4.578999999995998,0.6744542968057939
4.579999999995995,0.6745808728016229
4.580999999995993,0.6747072550518325
4.581999999995991,0.6748053416758024
4.582999999995988,0.6749318597523085
4.583999999995986,0.6750567639880091
4.584999999995984,0.6751806496302397
4.585999999995981,0.6753037373352422
4.586999999995979,0.6754216617011463
4.587999999995977,0.6755367508981529
4.588999999995974,0.6756225185023361
4.589999999995972,0.6757338228161959
4.59099999999597,0.6758451054340762
4.591999999995967,0.675953302421192
4.592999999995965,0.6760618788356485
4.593999999995963,0.6761684016811809
4.59499999999596,0.6762484437363127
4.595999999995958,0.6763558127294808
4.596999999995956,0.6764630607906669
4.597999999995953,0.6765693451587753
4.598999999995951,0.6766720529264872
4.599999999995949,0.6767747941768103
4.600999999995946,0.6768515916361892
4.601999999995944,0.6769499407878341
4.602999999995942,0.6770465679297585
4.603999999995939,0.6771437617940276
4.604999999995937,0.6772389255089245
4.605999999995935,0.6773312823364324
4.606999999995932,0.6773950636438235
4.60799999999593,0.6774820104546733
4.608999999995928,0.6775678547334991
4.609999999995925,0.6776522779981903
4.610999999995923,0.6777349847255768
4.611999999995921,0.6778202251512883
4.612999999995918,0.677905818802827
4.613999999995916,0.6779689110194508
4.614999999995914,0.6780537398802987
4.615999999995911,0.6781360060794206
4.616999999995909,0.6782183083754962
4.617999999995907,0.6782973254862092
4.618999999995904,0.6783755015440879
4.619999999995902,0.6784319405035293
4.6209999999959,0.6785039084908215
4.621999999995897,0.6785730104022922
4.622999999995895,0.6786401706420618
4.623999999995893,0.6787082442195363
4.62499999999589,0.678773644745783
4.625999999995888,0.6788212092131973
4.626999999995886,0.6788863417000567
4.627999999995883,0.6789509617746161
4.628999999995881,0.6790127857455591
4.629999999995879,0.6790742740519974
4.630999999995876,0.6791361282691056
4.631999999995874,0.6791860975510867
4.632999999995872,0.6792486267937882
4.633999999995869,0.6793095264335515
4.634999999995867,0.6793691215936664
4.635999999995865,0.6794275666889287
4.636999999995862,0.6794805784833441
4.63799999999586,0.6795304239972696
4.638999999995858,0.6795670842157133
4.639999999995855,0.6796129119621533
4.640999999995853,0.6796588184381779
4.641999999995851,0.6797020981262113
4.6429999999958484,0.6797463362843967
4.643999999995846,0.6797892761414636
4.644999999995844,0.6798221759265657
4.6459999999958415,0.6798673866811502
4.646999999995839,0.6799132038495186
4.647999999995837,0.679958633858587
4.6489999999958345,0.6800008342503637
4.649999999995832,0.6800431759949143
4.65099999999583,0.6800746614290206
4.6519999999958275,0.680112553639522
4.652999999995825,0.6801483680520458
4.653999999995823,0.6801843476593139
4.6549999999958205,0.6802180841559695
4.655999999995818,0.6802489650535113
4.656999999995816,0.6802668329436907
4.6579999999958135,0.6802927514526182
4.658999999995811,0.680318084651153
4.659999999995809,0.680342690226887
4.6609999999958065,0.6803664085019275
4.661999999995804,0.6803934845382726
4.662999999995802,0.6804217049865727
4.6639999999957995,0.6804422246925991
4.664999999995797,0.6804707290583857
4.665999999995795,0.6804969664193932
4.6669999999957925,0.6805234025065817
4.66799999999579,0.6805465259045792
4.668999999995788,0.6805685421037623
4.6699999999957855,0.6805827611695833
4.670999999995783,0.6805983051974228
4.671999999995781,0.6806108813893373
4.6729999999957785,0.68062155546581
4.673999999995776,0.6806333277784935
4.674999999995774,0.680642924430549
4.6759999999957715,0.680649077282587
4.676999999995769,0.6806596500219713
4.677999999995767,0.6806705521922556
4.6789999999957645,0.6806795316152356
4.679999999995762,0.6806889294731076
4.68099999999576,0.6806992889913194
4.6819999999957576,0.6807109514795192
4.682999999995755,0.680722650197489
4.683999999995753,0.6807328229615927
4.684999999995751,0.6807415656042479
4.685999999995748,0.6807490108519274
4.686999999995746,0.6807509845001322
4.687999999995744,0.6807497010474464
4.688999999995741,0.6807480048418216
4.689999999995739,0.6807428830856526
4.690999999995737,0.6807381568813753
4.691999999995734,0.680731388227973
4.692999999995732,0.6807262550283789
4.69399999999573,0.6807206544957848
4.694999999995727,0.6807176924124173
4.695999999995725,0.6807157735869637
4.696999999995723,0.6807151785622452
4.69799999999572,0.6807147777774167
4.698999999995718,0.6807115247339953
4.699999999995716,0.6807085852138938
4.700999999995713,0.6807061698067357
4.701999999995711,0.6806989538962448
4.702999999995709,0.680689488264801
4.703999999995706,0.6806800014051171
4.704999999995704,0.6806682804126639
4.705999999995702,0.6806538639189023
4.706999999995699,0.6806380370064711
4.707999999995697,0.6806193560651516
4.708999999995695,0.6806006940188146
4.709999999995692,0.6805820576461892
4.71099999999569,0.6805633492719706
4.711999999995688,0.6805487589931173
4.712999999995685,0.6805360542787572
4.713999999995683,0.6805263074850442
4.714999999995681,0.68051486629572
4.715999999995678,0.6805014615203481
4.716999999995676,0.68048847002529
4.717999999995674,0.6804722387423912
4.718999999995671,0.6804547786806358
4.719999999995669,0.6804394046213867
4.720999999995667,0.68041552264401
4.721999999995664,0.6803887555759541
4.722999999995662,0.680360281990301
4.72399999999566,0.6803332352679821
4.724999999995657,0.6803045847984222
4.725999999995655,0.6802824950357627
4.726999999995653,0.6802560115896675
4.72799999999565,0.6802306638217032
4.728999999995648,0.6802042002542069
4.729999999995646,0.6801788131279349
4.730999999995643,0.6801549031373186
4.731999999995641,0.6801411404358859
4.732999999995639,0.6801191868896096
4.733999999995636,0.6800958520403941
4.734999999995634,0.6800710528175253
4.735999999995632,0.6800449415127428
4.736999999995629,0.6800134710368128
4.737999999995627,0.6799788072970309
4.738999999995625,0.6799521669339301
4.739999999995622,0.6799140757781155
4.74099999999562,0.679876795207603
4.741999999995618,0.6798380527650816
4.742999999995615,0.6798015900244518
4.743999999995613,0.6797654376286283
4.744999999995611,0.6797400215618239
4.745999999995608,0.6797087380945872
4.746999999995606,0.679679381120874
4.747999999995604,0.6796507135290192
4.748999999995601,0.6796195242886904
4.749999999995599,0.6795888141498232
4.750999999995597,0.679565657772186
4.751999999995594,0.6795309511944603
4.752999999995592,0.6794939397007627
4.75399999999559,0.6794568608735532
4.754999999995587,0.6794176924653809
4.755999999995585,0.6793761017132349
4.756999999995583,0.6793401888091147
4.75799999999558,0.6792950957494377
4.758999999995578,0.6792506024123621
4.759999999995576,0.6792068379609558
4.760999999995573,0.6791636995197671
4.761999999995571,0.6791252797098264
4.762999999995569,0.6790893504646186
4.7639999999955664,0.679062531923036
4.764999999995564,0.6790286494839393
4.765999999995562,0.6789930539847986
4.7669999999955595,0.678958076249311
4.767999999995557,0.6789199724752716
4.768999999995555,0.6788806013987044
4.7699999999955525,0.6788488754413178
4.77099999999555,0.6788033177348984
4.771999999995548,0.6787550583570748
4.7729999999955455,0.6787053554204908
4.773999999995543,0.6786574566853844
4.774999999995541,0.6786085056689803
4.7759999999955385,0.6785715748337494
4.776999999995536,0.67852577357831
4.777999999995534,0.678481796097967
4.7789999999955315,0.67843737060184
4.779999999995529,0.6783945214978128
4.780999999995527,0.6783535299087698
4.7819999999955245,0.6783271599940219
4.782999999995522,0.6782886049039305
4.78399999999552,0.6782488036969617
4.7849999999955175,0.6782075419885123
4.785999999995515,0.6781650247821442
4.786999999995513,0.6781173420115203
4.7879999999955105,0.6780666102262569
4.788999999995508,0.6780280569822987
4.789999999995506,0.6779743964276982
4.7909999999955035,0.6779219736556608
4.791999999995501,0.6778685873829247
4.792999999995499,0.6778180177289063
4.7939999999954965,0.6777684131354522
4.794999999995494,0.6777332469452461
4.795999999995492,0.6776893812327217
4.7969999999954895,0.6776478845055726
4.797999999995487,0.6776074449995653
4.798999999995485,0.6775647290032429
4.7999999999954825,0.6775226101581558
4.80099999999548,0.6774909803755416
4.801999999995478,0.6774451634495668
4.8029999999954756,0.6773970445828407
4.803999999995473,0.6773488852270233
4.804999999995471,0.6772988424800788
4.805999999995469,0.6772466864691689
4.806999999995466,0.6772031145467863
4.807999999995464,0.6771481535578235
4.808999999995462,0.6770942819563477
4.809999999995459,0.6770417290482562
4.810999999995457,0.6769903331549098
4.811999999995455,0.6769440575928667
4.812999999995452,0.6769007061756962
4.81399999999545,0.676868566362281
4.814999999995448,0.6768277962855139
4.815999999995445,0.6767854797189345
4.816999999995443,0.6767439379496696
4.817999999995441,0.6766993807667524
4.818999999995438,0.6766535481317529
4.819999999995436,0.6766170843522246
4.820999999995434,0.6765653731641341
4.821999999995431,0.6765111727671924
4.822999999995429,0.676455788035245
4.823999999995427,0.676402560385745
4.824999999995424,0.6763487478629545
4.825999999995422,0.6763084627550314
4.82699999999542,0.6762584936876345
4.827999999995417,0.6762108768909474
4.828999999995415,0.6761633090395485
4.829999999995413,0.6761176377727333
4.83099999999541,0.6760740495675392
4.831999999995408,0.6760458491302893
4.832999999995406,0.6760049970773012
4.833999999995403,0.6759629906099663
4.834999999995401,0.6759195218637595
4.835999999995399,0.6758748714478641
4.836999999995396,0.6758252688243833
4.837999999995394,0.6757727752981605
4.838999999995392,0.675733038936561
4.839999999995389,0.6756780819298106
4.840999999995387,0.6756247341253133
4.841999999995385,0.6755707887366461
4.842999999995382,0.6755200453177083
4.84399999999538,0.6754707605656072
4.844999999995378,0.6754360387709911
4.845999999995375,0.6753930134490602
4.846999999995373,0.6753526249980957
4.847999999995371,0.6753135194507799
4.848999999995368,0.6752722780459576
4.849999999995366,0.6752316788360495
4.850999999995364,0.675201245070564
4.851999999995361,0.6751571948777209
4.852999999995359,0.6751108488965294
4.853999999995357,0.6750644976549975
4.854999999995354,0.6750164625598059
4.855999999995352,0.6749665907780846
4.85699999999535,0.67492493209384
4.857999999995347,0.6748727868127679
4.858999999995345,0.6748220825899178
4.859999999995343,0.6747731330284196
4.86099999999534,0.6747256816347413
4.861999999995338,0.6746835435497862
4.862999999995336,0.6746445823939252
4.863999999995333,0.6746158740989626
4.864999999995331,0.674579765967188
4.865999999995329,0.6745421776574155
4.866999999995326,0.6745054492860704
4.867999999995324,0.674465776698815
4.868999999995322,0.6744248017248345
4.869999999995319,0.6743920792106004
4.870999999995317,0.6743455018992135
4.871999999995315,0.674296610366486
4.872999999995312,0.6742467267231373
4.87399999999531,0.6741992652978922
4.874999999995308,0.6741515540788119
4.875999999995305,0.6741160232917746
4.876999999995303,0.6740725175771479
4.877999999995301,0.6740317128483879
4.878999999995298,0.6739912732251757
4.879999999995296,0.6739528708302297
4.880999999995294,0.6739166219915882
4.881999999995291,0.67389395468024
4.882999999995289,0.6738605454960188
4.883999999995287,0.6738260060084492
4.8849999999952844,0.6737899587498228
4.885999999995282,0.6737527717053177
4.88699999999528,0.6737108095977743
4.8879999999952775,0.6736660667833816
4.888999999995275,0.6736322385772142
4.889999999995273,0.6735853565993415
4.8909999999952705,0.6735403421843534
4.891999999995268,0.6734949302732356
4.892999999995266,0.6734529282338694
4.8939999999952635,0.6734126985384168
4.894999999995261,0.6733848393119423
4.895999999995259,0.6733510471095647
4.8969999999952565,0.6733199912864434
4.897999999995254,0.6732903052566195
4.898999999995252,0.6732585148294254
4.8999999999952495,0.6732273257153607
4.900999999995247,0.6732039631927491
4.901999999995245,0.6731694675629696
4.9029999999952425,0.6731326363333842
4.90399999999524,0.6730957845707902
4.904999999995238,0.673057381364464
4.9059999999952355,0.6730173269593545
4.906999999995233,0.6729831412870217
4.907999999995231,0.6729411033151103
4.9089999999952285,0.6729006910158463
4.909999999995226,0.6728622942964616
4.910999999995224,0.6728255460437265
4.9119999999952215,0.6727941091299583
4.912999999995219,0.6727659337000139
4.913999999995217,0.6727453552999196
4.9149999999952145,0.6727200624360218
4.915999999995212,0.6726932549031185
4.91699999999521,0.6726673116373991
4.9179999999952075,0.6726384320556168
4.918999999995205,0.6726081654841707
4.919999999995203,0.6725835323904366
4.9209999999952005,0.6725478238643557
4.921999999995198,0.672509885100792
4.922999999995196,0.6724710311237805
4.9239999999951936,0.6724347302199992
4.924999999995191,0.6723983541467584
4.925999999995189,0.6723713835026032
4.926999999995187,0.6723392427940184
4.927999999995184,0.6723099756837679
4.928999999995182,0.6722812229101557
4.92999999999518,0.672254492376537
4.930999999995177,0.6722298528752134
4.931999999995175,0.6722158465039729
4.932999999995173,0.6721939740311612
4.93399999999517,0.6721709210771609
4.934999999995168,0.6721462486458526
4.935999999995166,0.6721204132603642
4.936999999995163,0.6720899052500964
4.937999999995161,0.6720566347818524
4.938999999995159,0.672031432639885
4.939999999995156,0.6719961347913561
4.940999999995154,0.6719628155966998
4.941999999995152,0.6719291258700979
4.942999999995149,0.67189887735906
4.943999999995147,0.671870543213516
4.944999999995145,0.6718515632734535
4.945999999995142,0.6718295570610009
4.94699999999514,0.6718102505161584
4.947999999995138,0.6717922893752332
4.948999999995135,0.6717721635299283
4.949999999995133,0.6717525207409303
4.950999999995131,0.671737787314332
4.951999999995128,0.6717148665772256
4.952999999995126,0.6716894962259732
4.953999999995124,0.6716640030195477
4.954999999995121,0.6716369877579318
4.955999999995119,0.6716083835686982
4.956999999995117,0.6715827990180108
4.957999999995114,0.6715522347324298
4.958999999995112,0.6715233147962822
4.95999999999511,0.6714965055814938
4.960999999995107,0.6714713332204499
4.961999999995105,0.6714513184409924
4.962999999995103,0.6714345217429151
4.9639999999951,0.6714224455143695
4.964999999995098,0.671408384653893
4.965999999995096,0.6713926972259323
4.966999999995093,0.671377813293424
4.967999999995091,0.6713599381464394
4.968999999995089,0.6713405201185015
4.969999999995086,0.6713240301210802
4.970999999995084,0.6712991799890722
4.971999999995082,0.6712720698757918
4.972999999995079,0.6712439897447956
4.973999999995077,0.671218446248483
4.974999999995075,0.6711928471606539
4.975999999995072,0.6711739139947116
4.97699999999507,0.6711523041135112
4.977999999995068,0.6711335990576879
4.978999999995065,0.6711154335025417
4.979999999995063,0.6710991702363466
4.980999999995061,0.6710848498708736
4.981999999995058,0.671078492416858
4.982999999995056,0.6710667542587555
4.983999999995054,0.6710537299584421
4.984999999995051,0.6710389128181073
4.985999999995049,0.6710228406946124
4.986999999995047,0.6710021168376035
4.987999999995044,0.6709785462224923
4.988999999995042,0.6709605607015876
4.98999999999504,0.6709348528259919
4.990999999995037,0.6709110899016822
4.991999999995035,0.6708868372950316
4.992999999995033,0.6708659145138036
4.99399999999503,0.6708469160724412
4.994999999995028,0.6708348195882909
4.995999999995026,0.6708218532259977
4.996999999995023,0.6708114700927462
4.997999999995021,0.6708023472915227
4.998999999995019,0.6707909483636891
4.999999999995016,0.6707798695351419
5.000999999995014,0.6707714995100271
5.001999999995012,0.6707570898808708
5.002999999995009,0.6707400456670018
5.003999999995007,0.6707226872051344
5.004999999995005,0.6707037333503092
5.0059999999950024,0.6706831346260432
5.006999999995,0.6706634874016273
5.007999999994998,0.6706407232103827
5.0089999999949955,0.6706194902880309
5.009999999994993,0.6706003378145842
5.010999999994991,0.6705827037116988
5.0119999999949885,0.6705699868588175
5.012999999994986,0.6705603774597227
5.013999999994984,0.6705536258528497
5.0149999999949815,0.670546528206874
5.015999999994979,0.6705376582949315
5.016999999994977,0.6705295035263014
5.0179999999949745,0.6705182654959115
5.018999999994972,0.6705052731657258
5.01999999999497,0.670493566988702
5.0209999999949675,0.6704750246815152
5.021999999994965,0.6704540922134274
5.022999999994963,0.6704320223529925
5.0239999999949605,0.6704123481121232
5.024999999994958,0.6703925195162558
5.025999999994956,0.6703777977652084
5.0269999999949535,0.6703615343040649
5.027999999994951,0.670348121339242
5.028999999994949,0.6703352089815441
5.0299999999949465,0.6703240378618547
5.030999999994944,0.6703146357431864
5.031999999994942,0.6703118702270233
5.0329999999949395,0.670304842012774
5.033999999994937,0.6702964039367857
5.034999999994935,0.6702859660597238
5.0359999999949325,0.6702741354665902
5.03699999999493,0.6702576151152918
5.037999999994928,0.6702380826122074
5.0389999999949255,0.670223002743701
5.039999999994923,0.6702010489123472
5.040999999994921,0.6701808948589865
5.0419999999949185,0.6701600359339269
5.042999999994916,0.6701423062382649
5.043999999994914,0.670126434806104
5.0449999999949116,0.6701165329570936
5.045999999994909,0.6701063265447198
5.046999999994907,0.6700985694997368
5.047999999994905,0.6700919835685866
5.048999999994902,0.6700830082793533
5.0499999999949,0.6700741892015223
5.050999999994898,0.6700674504717062
5.051999999994895,0.6700552294937232
5.052999999994893,0.6700401455770029
5.053999999994891,0.6700244927627528
5.054999999994888,0.670007096978393
5.055999999994886,0.6699879147735187
5.056999999994884,0.669969212981471
5.057999999994881,0.6699475077497142
5.058999999994879,0.6699271396722908
5.059999999994877,0.6699087496361235
5.060999999994874,0.6698917130139267
5.061999999994872,0.6698793314242827
5.06299999999487,0.6698699390573114
5.063999999994867,0.6698632879540505
5.064999999994865,0.6698562024387681
5.065999999994863,0.6698472118333314
5.06699999999486,0.6698388633280601
5.067999999994858,0.6698273392140666
5.068999999994856,0.669813826778832
5.069999999994853,0.6698016746071757
5.070999999994851,0.669782424513759
5.071999999994849,0.6697605893309891
5.072999999994846,0.6697373763974865
5.073999999994844,0.6697163354568964
5.074999999994842,0.6696949720011516
5.075999999994839,0.6696789477360139
5.076999999994837,0.6696606487375459
5.077999999994835,0.6696451151262406
5.078999999994832,0.6696300340886728
5.07999999999483,0.6696165471660421
5.080999999994828,0.6696046810288511
5.081999999994825,0.6695999967159117
5.082999999994823,0.6695903527870826
5.083999999994821,0.6695791966609104
5.084999999994818,0.6695658365415308
5.085999999994816,0.6695509352877933
5.086999999994814,0.6695312836846183
5.087999999994811,0.6695084110470562
5.088999999994809,0.6694906648513704
5.089999999994807,0.6694649857979831
5.090999999994804,0.6694408948377353
5.091999999994802,0.6694158398268001
5.0929999999948,0.6693936760806004
5.093999999994797,0.6693732793852751
5.094999999994795,0.6693598359683032
5.095999999994793,0.6693447575951662
5.09699999999479,0.6693320254371383
5.097999999994788,0.6693204150211401
5.098999999994786,0.6693063411658061
5.099999999994783,0.6692922973708184
5.100999999994781,0.6692815968038264
5.101999999994779,0.6692641258889576
5.102999999994776,0.6692435569610158
5.103999999994774,0.669222139036795
5.104999999994772,0.6691987961596373
5.105999999994769,0.669173482171122
5.106999999994767,0.669150045884916
5.107999999994765,0.6691217817266372
5.108999999994762,0.6690946276890258
5.10999999999476,0.6690693243388854
5.110999999994758,0.6690452103951207
5.111999999994755,0.6690255139751053
5.112999999994753,0.6690087231779741
5.113999999994751,0.6689964910875525
5.114999999994748,0.6689818897236954
5.115999999994746,0.668965299612242
5.116999999994744,0.6689493287626898
5.117999999994741,0.6689301246145685
5.118999999994739,0.6689087122102536
5.119999999994737,0.668890583435554
5.120999999994734,0.668863243646467
5.121999999994732,0.6688331017502729
5.12299999999473,0.6688013131355754
5.123999999994727,0.668771435435335
5.124999999994725,0.6687410432326095
5.125999999994723,0.6687180910766689
5.1269999999947204,0.6686902653503854
5.127999999994718,0.6686651296638805
5.128999999994716,0.6686404273723675
5.1299999999947135,0.668617221780457
5.130999999994711,0.6685955480159076
5.131999999994709,0.668583483687048
5.1329999999947065,0.6685639927402219
5.133999999994704,0.6685429410950047
5.134999999994702,0.6685195191637474
5.1359999999946995,0.668494433593154
5.136999999994697,0.6684645535829307
5.137999999994695,0.6684312424490647
5.1389999999946925,0.6684054972780843
5.13999999999469,0.6683689717991825
5.140999999994688,0.6683338012249224
5.1419999999946855,0.6682974074008317
5.142999999994683,0.6682636706016148
5.143999999994681,0.6682316223515817
5.1449999999946785,0.6682093185998618
5.145999999994676,0.6681823206127103
5.146999999994674,0.6681576259779579
5.1479999999946715,0.6681340711630003
5.148999999994669,0.6681080467789707
5.149999999994667,0.6680819935384374
5.1509999999946645,0.6680622830812302
5.151999999994662,0.6680328795732422
5.15299999999466,0.6680001757171465
5.1539999999946575,0.6679663600744938
5.154999999994655,0.6679304470100715
5.155999999994653,0.6678923802338645
5.1569999999946505,0.6678592541856174
5.157999999994648,0.6678178188724379
5.158999999994646,0.6677772749294597
5.1599999999946435,0.6677384672420774
5.160999999994641,0.667700719061731
5.161999999994639,0.6676672043721933
5.1629999999946365,0.6676365719214353
5.163999999994634,0.667613972786893
5.164999999994632,0.6675855420416461
5.1659999999946296,0.6675551147231844
5.166999999994627,0.6675253610739197
5.167999999994625,0.6674923833468628
5.168999999994623,0.6674570302093931
5.16999999999462,0.6674284248727664
5.170999999994618,0.6673870259233211
5.171999999994616,0.6673426328302207
5.172999999994613,0.6672963426599539
5.173999999994611,0.6672517117927024
5.174999999994609,0.6672063929848271
5.175999999994606,0.6671721094319242
5.176999999994604,0.667128923761093
5.177999999994602,0.667088392340994
5.178999999994599,0.6670483295230913
5.179999999994597,0.6670097374820303
5.180999999994595,0.6669726684335464
5.181999999994592,0.6669490917999489
5.18299999999459,0.6669143174146654
5.183999999994588,0.6668780161948509
5.184999999994585,0.6668392523234435
5.185999999994583,0.666798767777822
5.186999999994581,0.6667535041223738
5.187999999994578,0.6667046461695015
5.188999999994576,0.6666670953328176
5.189999999994574,0.6666146788048393
5.190999999994571,0.666563410518422
5.191999999994569,0.6665107006437031
5.192999999994567,0.6664604533996075
5.193999999994564,0.6664118601165714
5.194999999994562,0.6663770675316971
5.19599999999456,0.666333373572175
5.196999999994557,0.6662920189276258
5.197999999994555,0.6662519076629877
5.198999999994553,0.6662094113547214
5.19999999999455,0.6661669199896014
5.200999999994548,0.6661349377944785
5.201999999994546,0.6660893301970933
5.202999999994543,0.6660402981400725
5.203999999994541,0.6659899596046798
5.204999999994539,0.6659374120943193
5.205999999994536,0.6658825824696627
5.206999999994534,0.6658368002392917
5.207999999994532,0.6657782767276575
5.208999999994529,0.6657204753991268
5.209999999994527,0.6656643448915487
5.210999999994525,0.665609205325334
5.211999999994522,0.6655581882680118
5.21299999999452,0.6655101071027282
5.213999999994518,0.6654744928218647
5.214999999994515,0.6654287835566862
5.215999999994513,0.6653811683446895
5.216999999994511,0.6653343821132128
5.217999999994508,0.6652844812177392
5.218999999994506,0.6652321346225182
5.219999999994504,0.6651908237636193
5.220999999994501,0.6651324689388413
5.221999999994499,0.6650710085068322
5.222999999994497,0.6650074742715507
5.223999999994494,0.6649454115335145
5.224999999994492,0.6648825517756121
5.22599999999449,0.6648350205805856
5.226999999994487,0.6647739833144546
5.227999999994485,0.6647156303441006
5.228999999994483,0.6646578554764346
5.22999999999448,0.6646016109569981
5.230999999994478,0.6645469740182367
5.231999999994476,0.6645103200303976
5.232999999994473,0.66445826904349
5.233999999994471,0.6644048341928583
5.234999999994469,0.6643489568356609
5.235999999994466,0.6642914110300248
5.236999999994464,0.6642292090548425
5.237999999994462,0.6641633525967744
5.238999999994459,0.6641129711548104
5.239999999994457,0.6640433760426158
5.240999999994455,0.6639748042465615
5.241999999994452,0.6639046562711973
5.24299999999445,0.6638368526784083
5.243999999994448,0.6637707417572132
5.244999999994445,0.6637227838974714
5.245999999994443,0.6636615644345637
5.246999999994441,0.6636028091141067
5.2479999999944384,0.6635454958580401
5.248999999994436,0.663485989396434
5.249999999994434,0.6634266348033947
5.2509999999944315,0.6633821385054955
5.251999999994429,0.663320109108666
5.252999999994427,0.6632546587770252
5.2539999999944245,0.6631878323795288
5.254999999994422,0.6631188039402303
5.25599999999442,0.6630474776478699
5.2569999999944175,0.6629893124226853
5.257999999994415,0.6629141512033048
5.258999999994413,0.6628396351637342
5.2599999999944105,0.6627668089199762
5.260999999994408,0.6626949885829077
5.261999999994406,0.6626272633906649
5.2629999999944035,0.6625626116897426
5.263999999994401,0.6625147019201943
5.264999999994399,0.6624527592538405
5.2659999999943965,0.6623891135240806
5.266999999994394,0.6623265672470015
5.267999999994392,0.6622611435892949
5.2689999999943895,0.6621933433757974
5.269999999994387,0.6621405714573743
5.270999999994385,0.6620670407821861
5.2719999999943825,0.6619904317045351
5.27299999999438,0.6619117034460993
5.273999999994378,0.6618343798919548
5.2749999999943755,0.6617562599739365
5.275999999994373,0.6616972584018301
5.276999999994371,0.6616208212684581
5.2779999999943685,0.6615471828111079
5.278999999994366,0.6614743154700312
5.279999999994364,0.6614031237850639
5.2809999999943615,0.661333716107239
5.281999999994359,0.6612861413198334
5.282999999994357,0.6612197914513372
5.2839999999943545,0.661152323822765
5.284999999994352,0.6610825756505403
5.28599999999435,0.6610113563101115
5.2869999999943476,0.6609357525121207
5.287999999994345,0.6608565891883961
5.288999999994343,0.6607962472099945
5.289999999994341,0.6607134243148761
5.290999999994338,0.6606316337549137
5.291999999994336,0.6605482520499963
5.292999999994334,0.6604672003827033
5.293999999994331,0.6603879719674303
5.294999999994329,0.6603302033549189
5.295999999994327,0.6602559991446556
5.296999999994324,0.6601844636995559
5.297999999994322,0.6601146535987797
5.29899999999432,0.6600429466152283
5.299999999994317,0.659971652322088
5.300999999994315,0.6599184151938385
5.301999999994313,0.659845111979312
5.30299999999431,0.6597685547244329
5.303999999994308,0.6596907222064173
5.304999999994306,0.659610859285648
5.305999999994303,0.6595288432855912
5.306999999994301,0.6594627478906213
5.307999999994299,0.6593770112401298
5.308999999994296,0.6592919646136257
5.309999999994294,0.6592087319649659
5.310999999994292,0.6591266079803303
5.311999999994289,0.6590486245330265
5.312999999994287,0.6589739199586943
5.313999999994285,0.6589186514127547
5.314999999994282,0.658847124328106
5.31599999999428,0.6587741974622571
5.316999999994278,0.6587027427920512
5.317999999994275,0.6586287783547856
5.318999999994273,0.6585526654967011
5.319999999994271,0.6584938915727483
5.320999999994268,0.6584126113179366
5.321999999994266,0.6583284564212413
5.322999999994264,0.6582423068633927
5.323999999994261,0.658157654803519
5.324999999994259,0.658072342204821
5.325999999994257,0.6580079956440408
5.326999999994254,0.6579244060959525
5.327999999994252,0.6578438082988806
5.32899999999425,0.6577642409813105
5.329999999994247,0.6576865519674193
5.330999999994245,0.6576108833002524
5.331999999994243,0.657558801364176
5.33299999999424,0.6574867870326202
5.333999999994238,0.6574140255849976
5.334999999994236,0.6573392846977378
5.335999999994233,0.6572634189193625
5.336999999994231,0.6571835984955837
5.337999999994229,0.6571004908236786
5.338999999994226,0.6570373296874007
5.339999999994224,0.6569509448646382
5.340999999994222,0.656865759441876
5.341999999994219,0.6567790948133233
5.342999999994217,0.6566948490187849
5.343999999994215,0.6566126379205088
5.344999999994212,0.6565526952802816
5.34599999999421,0.6564757245062698
5.346999999994208,0.656401664081602
5.347999999994205,0.6563296513146357
5.348999999994203,0.6562561030453846
5.349999999994201,0.6561833051863777
5.350999999994198,0.6561292135522602
5.351999999994196,0.6560552448774686
5.352999999994194,0.6559783484531324
5.353999999994191,0.6559004535644369
5.354999999994189,0.655820871517051
5.355999999994187,0.6557394509104012
5.356999999994184,0.655673986083128
5.357999999994182,0.6555892199758755
5.35899999999418,0.6555053044718228
5.359999999994177,0.655423417551613
5.360999999994175,0.6553427993732323
5.361999999994173,0.6552663944202944
5.36299999999417,0.6551934898497631
5.363999999994168,0.6551397635831899
5.364999999994166,0.6550705350196827
5.365999999994163,0.6550002581389334
5.366999999994161,0.6549318736446593
5.367999999994159,0.6548614357540568
5.3689999999941564,0.6547892098595838
5.369999999994154,0.654733669789149
5.370999999994152,0.6546570871927417
5.3719999999941495,0.6545779999647748
5.372999999994147,0.6544972042987331
5.373999999994145,0.6544181509436137
5.3749999999941425,0.6543386900079582
5.37599999999414,0.6542788378045795
5.376999999994138,0.6542012598808449
5.3779999999941355,0.6541269011234325
5.378999999994133,0.6540538436515657
5.379999999994131,0.6539828596202513
5.3809999999941285,0.6539141229740193
5.381999999994126,0.6538674081817704
5.382999999994124,0.6538029210432993
5.3839999999941215,0.6537380991223217
5.384999999994119,0.6536716867717287
5.385999999994117,0.6536045981674949
5.3869999999941145,0.653534099663641
5.387999999994112,0.653460731519632
5.38899999999411,0.6534051153335401
5.3899999999941075,0.6533291053958609
5.390999999994105,0.6532545915862197
5.391999999994103,0.6531787978095714
5.3929999999941005,0.6531055701765411
5.393999999994098,0.6530346167187925
5.394999999994096,0.6529831731972211
5.3959999999940935,0.6529176400732872
5.396999999994091,0.6528552180645165
5.397999999994089,0.6527951242182704
5.3989999999940865,0.6527338427338311
5.399999999994084,0.6526736482338065
5.400999999994082,0.6526292911941033
5.4019999999940795,0.652568803607636
5.402999999994077,0.6525058150873789
5.403999999994075,0.6524422282088317
5.4049999999940725,0.6523774173863385
5.40599999999407,0.6523112029664954
5.406999999994068,0.6522573879710342
5.4079999999940656,0.6521883740905668
5.408999999994063,0.6521204320593711
5.409999999994061,0.6520547632946648
5.410999999994059,0.6519905121000181
5.411999999994056,0.651930496966211
5.412999999994054,0.6518741377686822
5.413999999994052,0.6518329670078804
5.414999999994049,0.6517806585406508
5.415999999994047,0.6517276139562924
5.416999999994045,0.6516768385385201
5.417999999994042,0.6516244698278966
5.41899999999404,0.6515707275846303
5.419999999994038,0.6515294030133638
5.420999999994035,0.6514722283130012
5.421999999994033,0.6514130145138205
5.422999999994031,0.6513524727022866
5.423999999994028,0.6512940035712236
5.424999999994026,0.6512354274637571
5.425999999994024,0.6511913532224319
5.426999999994021,0.6511348103356602
5.427999999994019,0.6510816694026603
5.428999999994017,0.6510300282107654
5.429999999994014,0.6509805606559038
5.430999999994012,0.6509334675648097
5.43199999999401,0.6509030699518854
5.432999999994007,0.6508606531230247
5.433999999994005,0.650818260797298
5.434999999994003,0.6507746622520866
5.435999999994,0.6507308458829487
5.436999999993998,0.650684186175134
5.437999999993996,0.6506351315966675
5.438999999993993,0.6505980347416933
5.439999999993991,0.6505470759066261
5.440999999993989,0.6504979556488459
5.441999999993986,0.6504477586748624
5.442999999993984,0.6504002513534068
5.443999999993982,0.650355201035332
5.444999999993979,0.6503231782328419
5.445999999993977,0.6502835431627464
5.446999999993975,0.6502470895094982
5.447999999993972,0.650213111076484
5.44899999999397,0.6501781846608933
5.449999999993968,0.6501445842758167
5.450999999993965,0.650120398595124
5.451999999993963,0.6500872452824964
5.452999999993961,0.6500520166099086
5.453999999993958,0.650016610721941
5.454999999993956,0.6499804618086442
5.455999999993954,0.6499433638161988
5.456999999993951,0.6499116285967536
5.457999999993949,0.6498722784887017
5.458999999993947,0.6498341903276962
5.459999999993944,0.6497985595410546
5.460999999993942,0.6497643981681313
5.46199999999394,0.6497343636145204
5.462999999993937,0.6497079909572684
5.463999999993935,0.649689353904156
5.464999999993933,0.6496671320223504
5.46599999999393,0.6496443549573236
5.466999999993928,0.6496240853119933
5.467999999993926,0.6496025854892418
5.468999999993923,0.6495800744340032
5.469999999993921,0.6495624884603451
5.470999999993919,0.6495373901558295
5.471999999993916,0.6495107010107147
5.472999999993914,0.649483049157342
5.473999999993912,0.649457777878921
5.474999999993909,0.6494326472976708
5.475999999993907,0.6494137197824699
5.476999999993905,0.6493906091619377
5.477999999993902,0.6493709538274474
5.4789999999939,0.6493528438592817
5.479999999993898,0.6493368382853282
5.480999999993895,0.6493231593768517
5.481999999993893,0.6493177752248146
5.482999999993891,0.6493088903191759
5.483999999993888,0.6493002459034847
5.484999999993886,0.6492906742066601
5.485999999993884,0.6492812468708231
5.486999999993881,0.6492694531327843
5.487999999993879,0.6492556808528609
5.488999999993877,0.6492452957326991
5.4899999999938744,0.6492302568109022
5.490999999993872,0.6492173330305304
5.49199999999387,0.6492034433787113
5.4929999999938675,0.6491922547511043
5.493999999993865,0.649183566566203
5.494999999993863,0.6491787021743861
5.4959999999938605,0.6491751261514701
5.496999999993858,0.6491746100061441
5.497999999993856,0.6491765210647099
5.4989999999938535,0.6491775456513416
5.499999999993851,0.649179964029559
5.500999999993849,0.6491829086773625
5.5019999999938465,0.6491862267027596
5.502999999993844,0.6491877873380544
5.503999999993842,0.6491894985072736
5.5049999999938395,0.6491908495536707
5.505999999993837,0.6491916099094793
5.506999999993835,0.649188440636341
5.5079999999938325,0.6491873131665298
5.50899999999383,0.6491875151344403
5.509999999993828,0.6491902150134256
5.5109999999938255,0.649194274832006
5.511999999993823,0.6492021723449732
5.512999999993821,0.649213543053319
5.5139999999938185,0.6492231252735194
5.514999999993816,0.649238396323405
5.515999999993814,0.6492531071439381
5.5169999999938115,0.6492703683134297
5.517999999993809,0.6492865916139685
5.518999999993807,0.6493020225393481
5.5199999999938045,0.6493131079439811
5.520999999993802,0.6493265427464684
5.5219999999938,0.6493387066633013
5.5229999999937975,0.649350149939925
5.523999999993795,0.6493641527456627
5.524999999993793,0.6493784014798719
5.5259999999937905,0.6493889725418658
5.526999999993788,0.6494049572420147
5.527999999993786,0.6494242705811668
5.5289999999937836,0.6494449843841383
5.529999999993781,0.6494675405076259
5.530999999993779,0.6494921795530392
5.531999999993777,0.6495153468230741
5.532999999993774,0.6495445429141278
5.533999999993772,0.6495740070799618
5.53499999999377,0.6496026521885142
5.535999999993767,0.6496316320931909
5.536999999993765,0.6496585486130093
5.537999999993763,0.6496837479321772
5.53899999999376,0.6497027401452065
5.539999999993758,0.6497270393936577
5.540999999993756,0.6497535718293528
5.541999999993753,0.6497790903835152
5.542999999993751,0.649807155942441
5.543999999993749,0.6498375849478313
5.544999999993746,0.6498618293419663
5.545999999993744,0.6498967530368159
5.546999999993742,0.6499344232730634
5.547999999993739,0.6499742784263632
5.548999999993737,0.6500131194058582
5.549999999993735,0.6500532341744678
5.550999999993732,0.6500844405230191
5.55199999999373,0.6501255630174115
5.552999999993728,0.650165071024316
5.553999999993725,0.6502048834974863
5.554999999993723,0.6502445385151352
5.555999999993721,0.6502837821037017
5.556999999993718,0.6503095349861955
5.557999999993716,0.6503469519576132
5.558999999993714,0.6503855935908334
5.559999999993711,0.6504265937741485
5.560999999993709,0.6504686731777897
5.561999999993707,0.6505141353797418
5.562999999993704,0.650562706720592
5.563999999993702,0.6505999836256912
5.5649999999937,0.6506518957352191
5.565999999993697,0.6507030655180545
5.566999999993695,0.6507566412034428
5.567999999993693,0.6508091849164328
5.56899999999369,0.6508609722032542
5.569999999993688,0.6508994108741857
5.570999999993686,0.6509494517081831
5.571999999993683,0.6509983485200919
5.572999999993681,0.6510465807676722
5.573999999993679,0.6510973620237127
5.574999999993676,0.6511483127321128
5.575999999993674,0.651186264765622
5.576999999993672,0.6512383884454785
5.577999999993669,0.6512935439381746
5.578999999993667,0.6513497904949211
5.579999999993665,0.6514074673198768
5.580999999993662,0.651466833401649
5.58199999999366,0.651515756998652
5.582999999993658,0.651579161380235
5.583999999993655,0.6516426918346276
5.584999999993653,0.6517053355672464
5.585999999993651,0.6517683165198891
5.586999999993648,0.6518293380626408
5.587999999993646,0.6518887080285167
5.588999999993644,0.6519333449763502
5.589999999993641,0.6519918372317426
5.590999999993639,0.6520524860655041
5.591999999993637,0.6521119065425326
5.592999999993634,0.6521735608948882
5.593999999993632,0.6522372818789859
5.59499999999363,0.6522861821422552
5.595999999993627,0.652353559964436
5.596999999993625,0.6524232438338325
5.597999999993623,0.6524947409516114
5.59899999999362,0.652564959275623
5.599999999993618,0.6526361899510056
5.600999999993616,0.6526906199063951
5.601999999993613,0.6527626764211997
5.602999999993611,0.6528330801540179
5.603999999993609,0.6529037494902451
5.604999999993606,0.6529742639069425
5.605999999993604,0.653044346599651
5.606999999993602,0.6530931749539356
5.607999999993599,0.6531611785979689
5.608999999993597,0.6532301418074352
5.609999999993595,0.6533011698386716
5.6109999999935924,0.6533728750758246
5.61199999999359,0.6534474147842463
5.612999999993588,0.6535246013580165
5.6139999999935855,0.6535830690301577
5.614999999993583,0.6536628690022743
5.615999999993581,0.6537416336977404
5.6169999999935785,0.6538225384921349
5.617999999993576,0.6539022743353123
5.618999999993574,0.6539811281252355
5.6199999999935715,0.6540398364614862
5.620999999993569,0.654116875514745
5.621999999993567,0.6541927049899088
5.6229999999935645,0.654267741905505
5.623999999993562,0.6543451325538032
5.62499999999356,0.6544224578824694
5.6259999999935575,0.6544799634406271
5.626999999993555,0.6545577113613794
5.627999999993553,0.6546380893159308
5.6289999999935505,0.6547191628063931
5.629999999993548,0.6548011953354227
5.630999999993546,0.6548844661146919
5.6319999999935435,0.6549509948325062
5.632999999993541,0.655037659084437
5.633999999993539,0.6551242068172505
5.6349999999935365,0.6552096732792846
5.635999999993534,0.6552953322156116
5.636999999993532,0.6553789719257344
5.6379999999935295,0.6554608520248029
5.638999999993527,0.6555222688812424
5.639999999993525,0.6556029887340603
5.6409999999935225,0.655685621592097
5.64199999999352,0.6557666943595231
5.642999999993518,0.6558495881154651
5.6439999999935155,0.6559341627058164
5.644999999993513,0.6559983651505338
5.645999999993511,0.656085701672291
5.6469999999935085,0.6561748774858547
5.647999999993506,0.6562654651649211
5.648999999993504,0.6563544618974106
5.6499999999935016,0.6564441523029445
5.650999999993499,0.6565122620494316
5.651999999993497,0.6566024367478003
5.652999999993495,0.6566907858509398
5.653999999993492,0.6567792073776874
5.65499999999349,0.6568673158041818
5.655999999993488,0.6569548125475491
5.656999999993485,0.6570165687029006
5.657999999993483,0.6571015082845162
5.658999999993481,0.657187044164585
5.659999999993478,0.6572742685482225
5.660999999993476,0.6573617329863006
5.661999999993474,0.6574514894281085
5.662999999993471,0.6575434339601529
5.663999999993469,0.6576127023553151
5.664999999993467,0.6577065442926013
5.665999999993464,0.6577990385249931
5.666999999993462,0.6578933774182878
5.66799999999346,0.6579863443704664
5.668999999993457,0.6580782048782213
5.669999999993455,0.6581465637212802
5.670999999993453,0.658236328813681
5.67199999999345,0.6583246802042629
5.672999999993448,0.6584119814716135
5.673999999993446,0.6585013139797987
5.674999999993443,0.6585902565696696
5.675999999993441,0.6586562170122167
5.676999999993439,0.6587447902528157
5.677999999993436,0.6588355777495629
5.678999999993434,0.658926675960895
5.679999999993432,0.6590183036069482
5.680999999993429,0.6591107613593619
5.681999999993427,0.6591838917575675
5.682999999993425,0.6592791431308062
5.683999999993422,0.6593740206092317
5.68499999999342,0.6594675703856456
5.685999999993418,0.6595610928440316
5.686999999993415,0.6596524438479768
5.687999999993413,0.6597418179273979
5.688999999993411,0.6598086756933274
5.689999999993408,0.65989641849435
5.690999999993406,0.6599857341637757
5.691999999993404,0.6600731200667758
5.692999999993401,0.66016189778282
5.693999999993399,0.6602519708221044
5.694999999993397,0.660319996254672
5.695999999993394,0.660412045971939
5.696999999993392,0.6605055393422998
5.69799999999339,0.6606001084568618
5.698999999993387,0.6606928161336563
5.699999999993385,0.6607859274817027
5.700999999993383,0.6608564414487871
5.70199999999338,0.6609496824335772
5.702999999993378,0.6610408623264501
5.703999999993376,0.6611318373166829
5.704999999993373,0.6612222531658226
5.705999999993371,0.6613117920314698
5.706999999993369,0.6613749197281358
5.707999999993366,0.6614613348509929
5.708999999993364,0.6615479669242943
5.709999999993362,0.6616359145235446
5.710999999993359,0.6617237173509098
5.711999999993357,0.6618133643258897
5.712999999993355,0.6619048328243946
5.713999999993352,0.6619735373191497
5.71499999999335,0.6620663498239843
5.715999999993348,0.6621575639307817
5.716999999993345,0.6622503795976415
5.717999999993343,0.662341631884038
5.718999999993341,0.6624315286011091
5.719999999993338,0.6624982866674556
5.720999999993336,0.6625857297781396
5.721999999993334,0.662671494140421
5.722999999993331,0.6627558989676751
5.723999999993329,0.6628419657702621
5.724999999993327,0.6629273102390898
5.725999999993324,0.6629903368553259
5.726999999993322,0.6630746200596855
5.72799999999332,0.6631607705825322
5.728999999993317,0.6632469388490919
5.729999999993315,0.6633333253836888
5.730999999993313,0.6634202511905948
5.7319999999933104,0.6634890278585116
5.732999999993308,0.6635783214387858
5.733999999993306,0.6636670405872898
5.7349999999933035,0.6637542048226209
5.735999999993301,0.6638411203588528
5.736999999993299,0.6639256967258453
5.7379999999932965,0.6640080462576969
5.738999999993294,0.6640694316062861
5.739999999993292,0.6641496298098519
5.7409999999932895,0.6642310458909716
5.741999999993287,0.6643102022930316
5.742999999993285,0.6643903812980048
5.7439999999932825,0.6644715467984792
5.74499999999328,0.6645326730369472
5.745999999993278,0.6646152574327128
5.7469999999932755,0.6646990259106021
5.747999999993273,0.6647836618066411
5.748999999993271,0.6648662694012681
5.7499999999932685,0.6649490804463998
5.750999999993266,0.6650117529802859
5.751999999993264,0.6650944410000453
5.7529999999932615,0.6651748391392771
5.753999999993259,0.6652547442259755
5.754999999993257,0.6653338330245547
5.7559999999932545,0.6654117727515196
5.756999999993252,0.6654660624597302
5.75799999999325,0.6655403569369772
5.7589999999932475,0.6656145456643798
5.759999999993245,0.6656897516845262
5.760999999993243,0.6657645427411409
5.7619999999932405,0.665840878631065
5.762999999993238,0.6659188143211071
5.763999999993236,0.6659772567229559
5.7649999999932335,0.6660562312758653
5.765999999993231,0.6661334684746871
5.766999999993229,0.666212167555633
5.7679999999932265,0.6662891794406628
5.768999999993224,0.666364623427278
5.769999999993222,0.6664204340748485
5.7709999999932196,0.6664931079507881
5.771999999993217,0.6665638508354004
5.772999999993215,0.6666329460598722
5.773999999993213,0.6667033622523129
5.77499999999321,0.6667727846787024
5.775999999993208,0.6668236968504689
5.776999999993206,0.6668915629158908
5.777999999993203,0.6669610714822303
5.778999999993201,0.6670304431115239
5.779999999993199,0.6670998771074805
5.780999999993196,0.6671697109080154
5.781999999993194,0.6672255674658276
5.782999999993192,0.667297579096579
5.783999999993189,0.6673689142817333
5.784999999993187,0.6674385357965631
5.785999999993185,0.6675077407034483
5.786999999993182,0.6675744840341444
5.78799999999318,0.6676387835390534
5.788999999993178,0.667686448820264
5.789999999993175,0.6677481472964134
5.790999999993173,0.6678107620631623
5.791999999993171,0.6678708818359606
5.792999999993168,0.6679317647045359
5.793999999993166,0.6679934479416948
5.794999999993164,0.6680398460180584
5.795999999993161,0.6681026662140485
5.796999999993159,0.6681665701345011
5.797999999993157,0.6682312827246621
5.798999999993154,0.6682939294637577
5.799999999993152,0.668356696220058
5.80099999999315,0.6684042858799427
5.801999999993147,0.6684668419311
5.802999999993145,0.6685269364491272
5.803999999993143,0.6685862964619448
5.80499999999314,0.6686446324549423
5.805999999993138,0.6687016024073915
5.806999999993136,0.6687400813561202
5.807999999993133,0.6687930257499043
5.808999999993131,0.6688456450418224
5.809999999993129,0.6688991002329223
5.810999999993126,0.6689520119524801
5.811999999993124,0.6690063311309449
5.812999999993122,0.6690621853868794
5.813999999993119,0.6691040554920894
5.814999999993117,0.6691609071373903
5.815999999993115,0.6692160090745809
5.816999999993112,0.6692725527454594
5.81799999999311,0.6693273802073435
5.818999999993108,0.669380502321601
5.819999999993105,0.6694195116270742
5.820999999993103,0.6694696686508591
5.821999999993101,0.669517708619158
5.822999999993098,0.6695638862126642
5.823999999993096,0.6696111249602403
5.824999999993094,0.6696572015307954
5.825999999993091,0.669690512832495
5.826999999993089,0.6697347733132275
5.827999999993087,0.6697805918155898
5.828999999993084,0.6698262663442002
5.829999999993082,0.6698720006842573
5.83099999999308,0.6699181427250916
5.831999999993077,0.669956226719547
5.832999999993075,0.6700045908133374
5.833999999993073,0.6700522855075918
5.83499999999307,0.6700981987400488
5.835999999993068,0.6701436105181656
5.836999999993066,0.6701865191903863
5.837999999993063,0.6702268426746031
5.838999999993061,0.6702563955718476
5.839999999993059,0.6702938160825301
5.840999999993056,0.670331947362196
5.841999999993054,0.670367467644634
5.842999999993052,0.6704036193869287
5.843999999993049,0.6704405207673332
5.844999999993047,0.6704683140881199
5.845999999993045,0.6705063313128479
5.846999999993042,0.6705454779690321
5.84799999999304,0.6705855110616833
5.848999999993038,0.6706235637090436
5.849999999993035,0.6706617661369988
5.850999999993033,0.6706909513438895
5.851999999993031,0.6707290322723557
5.8529999999930284,0.6707645632881316
5.853999999993026,0.6707991989605362
5.854999999993024,0.6708326880477499
5.8559999999930215,0.6708646855500868
5.856999999993019,0.6708844220723306
5.857999999993017,0.6709122019589095
5.8589999999930145,0.6709395576059517
5.859999999993012,0.6709676955367345
5.86099999999301,0.6709952977590471
5.8619999999930075,0.6710243119279279
5.862999999993005,0.6710549328548819
5.863999999993003,0.6710779537248497
5.8649999999930005,0.671109754578775
5.865999999992998,0.6711399061693808
5.866999999992996,0.6711715862549491
5.8679999999929935,0.6712016166896495
5.868999999992991,0.6712298926298627
5.869999999992989,0.6712502661680372
5.8709999999929865,0.671275538445796
5.871999999992984,0.6712986011877613
5.872999999992982,0.6713196859546317
5.8739999999929795,0.6713416787087758
5.874999999992977,0.6713624570372614
5.875999999992975,0.6713767842913401
5.8769999999929725,0.6713957084451094
5.87799999999297,0.6714162346023547
5.878999999992968,0.6714367370831198
5.8799999999929655,0.671457419706332
5.880999999992963,0.6714786338699986
5.881999999992961,0.6714980911852795
5.8829999999929585,0.6715217576214562
5.883999999992956,0.6715448564861208
5.884999999992954,0.6715661956612266
5.8859999999929515,0.671587036745698
5.886999999992949,0.6716054240671012
5.887999999992947,0.671621177805154
5.8889999999929445,0.6716322384806885
5.889999999992942,0.6716449655981129
5.89099999999294,0.6716583088552823
5.8919999999929376,0.6716690412587528
5.892999999992935,0.6716803918748845
5.893999999992933,0.6716925616974354
5.894999999992931,0.6717018648615952
5.895999999992928,0.6717153301222666
5.896999999992926,0.6717300787201115
5.897999999992924,0.6717458914828931
5.898999999992921,0.6717599031943857
5.899999999992919,0.6717741820483614
5.900999999992917,0.6717854990125086
5.901999999992914,0.6717998942270573
5.902999999992912,0.6718117374159436
5.90399999999291,0.671822614714434
5.904999999992907,0.6718323182068128
5.905999999992905,0.671840505851282
5.906999999992903,0.6718424401688824
5.9079999999929,0.6718464067407066
5.908999999992898,0.671849960795829
5.909999999992896,0.6718543561402615
5.910999999992893,0.6718583304336453
5.911999999992891,0.6718638210371664
5.912999999992889,0.6718710847345938
5.913999999992886,0.6718767226971205
5.914999999992884,0.6718854987578324
5.915999999992882,0.6718928058078873
5.916999999992879,0.6719018030432455
5.917999999992877,0.6719092933501215
5.918999999992875,0.6719150603944452
5.919999999992872,0.6719186057803818
5.92099999999287,0.6719214809304331
5.921999999992868,0.6719221498271227
5.922999999992865,0.6719208245948959
5.923999999992863,0.6719203600191886
5.924999999992861,0.6719187329767339
5.925999999992858,0.6719163114304979
5.926999999992856,0.6719129615467409
5.927999999992854,0.6719113527808159
5.928999999992851,0.6719099281278642
5.929999999992849,0.6719088796467335
5.930999999992847,0.6719085554289974
5.931999999992844,0.6719119672393686
5.932999999992842,0.6719144360602732
5.93399999999284,0.6719165029170752
5.934999999992837,0.6719169015151318
5.935999999992835,0.6719168786485612
5.936999999992833,0.6719145303498627
5.93799999999283,0.6719095871302788
5.938999999992828,0.6719051226019159
5.939999999992826,0.6718971950558749
5.940999999992823,0.6718898897003097
5.941999999992821,0.6718800648246078
5.942999999992819,0.6718709332623986
5.943999999992816,0.6718627759608359
5.944999999992814,0.6718569378696604
5.945999999992812,0.6718503706997271
5.946999999992809,0.6718452980038664
5.947999999992807,0.6718415182885061
5.948999999992805,0.6718361688783963
5.949999999992802,0.6718312528683056
5.9509999999928,0.6718282814793797
5.951999999992798,0.6718238130873311
5.952999999992795,0.6718168604974144
5.953999999992793,0.6718089499784949
5.954999999992791,0.6717999213631811
5.955999999992788,0.6717894404426674
5.956999999992786,0.6717774811111069
5.957999999992784,0.671762926242927
5.958999999992781,0.6717480520887602
5.959999999992779,0.6717341567054178
5.960999999992777,0.6717200177132902
5.961999999992774,0.6717075464878309
5.962999999992772,0.6716970573453237
5.96399999999277,0.6716895408850926
5.964999999992767,0.6716809567023817
5.965999999992765,0.6716711203557368
5.966999999992763,0.6716631685358191
5.96799999999276,0.6716538960027102
5.968999999992758,0.6716429875175832
5.969999999992756,0.6716341186508957
5.970999999992753,0.6716205415631911
5.971999999992751,0.6716048380607506
5.972999999992749,0.6715872027584058
5.9739999999927464,0.6715704637935468
5.974999999992744,0.6715526874511187
5.975999999992742,0.6715382490381461
5.9769999999927395,0.6715189747162565
5.977999999992737,0.6715016297717573
5.978999999992735,0.6714847144260879
5.9799999999927325,0.671468393517457
5.98099999999273,0.6714530060782948
5.981999999992728,0.67144523173066
5.9829999999927255,0.6714330030476733
5.983999999992723,0.6714205619815831
5.984999999992721,0.6714065815541808
5.9859999999927185,0.6713923002742362
5.986999999992716,0.6713758727459194
5.987999999992714,0.6713569514727237
5.9889999999927115,0.6713420469767878
5.989999999992709,0.6713203028885293
5.990999999992707,0.6712992577121759
5.9919999999927045,0.6712758360576664
5.992999999992702,0.6712532283283068
5.9939999999927,0.6712317891962566
5.9949999999926975,0.6712161045359419
5.995999999992695,0.6711965717448202
5.996999999992693,0.671178747906404
5.9979999999926905,0.6711624455770175
5.998999999992688,0.6711448105538994
5.999999999992686,0.6711277807016168
6.0009999999926835,0.6711158385826407
6.001999999992681,0.6710996124783482
6.002999999992679,0.6710810099157707
6.0039999999926765,0.6710615077953814
6.004999999992674,0.6710409966912523
6.005999999992672,0.6710191534712842
6.0069999999926695,0.6709988080990537
6.007999999992667,0.6709731239047103
6.008999999992665,0.6709472532336197
6.0099999999926625,0.6709225320799885
6.01099999999266,0.6708977576923087
6.011999999992658,0.6708747960039158
6.0129999999926556,0.6708540155718427
6.013999999992653,0.6708389320596795
6.014999999992651,0.6708204208840475
6.015999999992649,0.6708008661538684
6.016999999992646,0.6707833792361204
6.017999999992644,0.6707647630549676
6.018999999992642,0.6707446202807379
6.019999999992639,0.6707289341722514
6.020999999992637,0.6707063979782002
6.021999999992635,0.6706818576751191
6.022999999992632,0.6706554907400898
6.02399999999263,0.670630100797488
6.024999999992628,0.6706038292113845
6.025999999992625,0.6705831240180639
6.026999999992623,0.6705555888561249
6.027999999992621,0.6705301708868481
6.028999999992618,0.6705054153244651
6.029999999992616,0.6704814446240285
6.030999999992614,0.6704585848817142
6.031999999992611,0.6704452889723723
6.032999999992609,0.6704258993795532
6.033999999992607,0.670406470846546
6.034999999992604,0.6703856325575084
6.035999999992602,0.6703646221174406
6.0369999999926,0.6703416589835748
6.037999999992597,0.6703163300206618
6.038999999992595,0.6702966846533999
6.039999999992593,0.6702687460313888
6.04099999999259,0.670241611905909
6.041999999992588,0.6702122508818081
6.042999999992586,0.6701838232574711
6.043999999992583,0.6701567495421619
6.044999999992581,0.6701369324473784
6.045999999992579,0.6701120182934548
6.046999999992576,0.6700889839107779
6.047999999992574,0.6700676549696588
6.048999999992572,0.6700451944785495
6.049999999992569,0.6700234773635464
6.050999999992567,0.6700081164926096
6.051999999992565,0.6699875181921928
6.052999999992562,0.669964655578384
6.05399999999256,0.6699409660208736
6.054999999992558,0.6699163919672534
6.055999999992555,0.6698906226131164
6.056999999992553,0.6698674687031716
6.057999999992551,0.6698381019589613
6.058999999992548,0.6698086760942454
6.059999999992546,0.6697805571849724
6.060999999992544,0.6697525425396562
6.061999999992541,0.669726434442626
6.062999999992539,0.6697026537983143
6.063999999992537,0.6696854352628204
6.064999999992534,0.6696641895195886
6.065999999992532,0.6696420633977693
6.06699999999253,0.669622141651512
6.067999999992527,0.6696012526812669
6.068999999992525,0.6695789338482584
6.069999999992523,0.669561716706441
6.07099999999252,0.6695372677915746
6.071999999992518,0.6695109403826146
6.072999999992516,0.6694828938809773
6.073999999992513,0.6694559068905604
6.074999999992511,0.6694281809997498
6.075999999992509,0.6694064710061339
6.076999999992506,0.6693776511608659
6.077999999992504,0.6693510928967071
6.078999999992502,0.6693253762367983
6.079999999992499,0.6693005699458586
6.080999999992497,0.6692769857998022
6.081999999992495,0.6692631797975853
6.082999999992492,0.6692432664462354
6.08399999999249,0.6692234404295608
6.084999999992488,0.6692023031827267
6.085999999992485,0.6691810979115553
6.086999999992483,0.6691581133488964
6.087999999992481,0.6691328810498578
6.088999999992478,0.6691133684654017
6.089999999992476,0.6690857219196463
6.090999999992474,0.6690589718733861
6.091999999992471,0.6690301109379301
6.092999999992469,0.6690022618678149
6.093999999992467,0.6689759031722419
6.0949999999924644,0.6689566718000836
6.095999999992462,0.6689326043191727
6.09699999999246,0.668910513049236
6.0979999999924575,0.668890238421994
6.098999999992455,0.668868970017104
6.099999999992453,0.668848523949788
6.1009999999924505,0.6688341781297793
6.101999999992448,0.6688150783709077
6.102999999992446,0.668793800196019
6.1039999999924435,0.6687717485672171
6.104999999992441,0.6687489170122412
6.105999999992439,0.6687250062423984
6.1069999999924365,0.6687033595962534
6.107999999992434,0.6686760398761351
6.108999999992432,0.6686487458972367
6.1099999999924295,0.6686228660709969
6.110999999992427,0.6685971833387525
6.111999999992425,0.6685734234487415
6.1129999999924225,0.6685520592107266
6.11399999999242,0.6685367165610718
6.114999999992418,0.6685180166862
6.1159999999924155,0.6684985332006079
6.116999999992413,0.668481324832608
6.117999999992411,0.6684632600260825
6.1189999999924085,0.668443824149108
6.119999999992406,0.6684288453135422
6.120999999992404,0.6684074817248217
6.1219999999924015,0.6683843359409171
6.122999999992399,0.6683595473190729
6.123999999992397,0.6683358664484326
6.1249999999923945,0.6683115429528523
6.125999999992392,0.668292432553654
6.12699999999239,0.6682670724457168
6.1279999999923875,0.6682440481452075
6.128999999992385,0.6682219683432872
6.129999999992383,0.6682008429724681
6.1309999999923805,0.6681809707933455
6.131999999992378,0.6681699265313562
6.132999999992376,0.6681537938675053
6.1339999999923736,0.6681378134750686
6.134999999992371,0.6681205713017946
6.135999999992369,0.6681033206147898
6.136999999992367,0.6680844213519149
6.137999999992364,0.6680633561333797
6.138999999992362,0.6680470050216093
6.13999999999236,0.6680236519681222
6.140999999992357,0.6680012424387645
6.141999999992355,0.6679767794386795
6.142999999992353,0.6679533421835204
6.14399999999235,0.6679314607066789
6.144999999992348,0.6679155838011365
6.145999999992346,0.6678959826397449
6.146999999992343,0.6678783712704016
6.147999999992341,0.667862608600838
6.148999999992339,0.6678459190395422
6.149999999992336,0.6678300651674286
6.150999999992334,0.6678191853661278
6.151999999992332,0.6678048023966081
6.152999999992329,0.6677882837477384
6.153999999992327,0.6677710053095376
6.154999999992325,0.6677530092380946
6.155999999992322,0.6677340051603797
6.15699999999232,0.6677161164463056
6.157999999992318,0.6676937977484306
6.158999999992315,0.6676715271608444
6.159999999992313,0.6676507089842127
6.160999999992311,0.6676301048426306
6.161999999992308,0.6676113585158389
6.162999999992306,0.667594995448688
6.163999999992304,0.6675834152148203
6.164999999992301,0.6675697112533466
6.165999999992299,0.6675552533963784
6.166999999992297,0.66754307679128
6.167999999992294,0.6675300994280733
6.168999999992292,0.6675157626799245
6.16999999999229,0.6675046526209008
6.170999999992287,0.6674885082757114
6.171999999992285,0.6674706315381417
6.172999999992283,0.6674511390475742
6.17399999999228,0.6674327484668107
6.174999999992278,0.6674137497005053
6.175999999992276,0.6673986360929279
6.176999999992273,0.6673785344330895
6.177999999992271,0.6673607670477613
6.178999999992269,0.6673439698291862
6.179999999992266,0.6673280953669672
6.180999999992264,0.6673134330008115
6.181999999992262,0.6673062270894741
6.182999999992259,0.6672952567333954
6.183999999992257,0.6672844471410966
6.184999999992255,0.667272375785734
6.185999999992252,0.6672603079674532
6.18699999999225,0.667246674317681
6.187999999992248,0.6672309103492285
6.188999999992245,0.6672185389705245
6.189999999992243,0.6672005238321732
6.190999999992241,0.6671834411844366
6.191999999992238,0.6671642987513469
6.192999999992236,0.6671461281406534
6.193999999992234,0.6671295063783983
6.194999999992231,0.6671175232597997
6.195999999992229,0.6671030450530903
6.196999999992227,0.6670905001476777
6.197999999992224,0.6670797708065194
6.198999999992222,0.6670681224118492
6.19999999999222,0.667057269688874
6.200999999992217,0.6670501296579936
6.201999999992215,0.6670407857573422
6.202999999992213,0.6670293057653036
6.20399999999221,0.6670170361259703
6.204999999992208,0.6670040640226476
6.205999999992206,0.6669901041853546
6.206999999992203,0.6669760409098962
6.207999999992201,0.6669587612580626
6.208999999992199,0.666941489406592
6.209999999992196,0.6669256408857362
6.210999999992194,0.6669099564532248
6.211999999992192,0.6668959997598718
6.212999999992189,0.6668843501842447
6.213999999992187,0.6668762765874694
6.214999999992185,0.6668671799516142
6.2159999999921824,0.6668573088139509
6.21699999999218,0.6668496785621861
6.217999999992178,0.6668412606555506
6.2189999999921755,0.6668314551276148
6.219999999992173,0.6668237604752042
6.220999999992171,0.6668121933843822
6.2219999999921685,0.6667988977624586
6.222999999992166,0.6667839645282292
6.223999999992164,0.66677007243915
6.2249999999921615,0.666755548504214
6.225999999992159,0.6667437557269156
6.226999999992157,0.6667279605374834
6.2279999999921545,0.6667144354890239
6.228999999992152,0.6667018461263888
6.22999999999215,0.6666900945115825
6.2309999999921475,0.6666794655432646
6.231999999992145,0.6666751872994213
6.232999999992143,0.6666681284268062
6.2339999999921405,0.6666612016792521
6.234999999992138,0.6666529781183125
6.235999999992136,0.6666447348149463
6.2369999999921335,0.6666349707522288
6.237999999992131,0.6666230723668836
6.238999999992129,0.6666135747961369
6.2399999999921265,0.6665993818820858
6.240999999992124,0.6665860576236385
6.241999999992122,0.6665706158686286
6.2429999999921195,0.6665560382815223
6.243999999992117,0.6665429461227427
6.244999999992115,0.666533527030118
6.2459999999921125,0.6665223583648778
6.24699999999211,0.666513022875732
6.247999999992108,0.6665054311740187
6.2489999999921055,0.666496893416187
6.249999999992103,0.666489081886295
6.250999999992101,0.6664841933175302
6.2519999999920985,0.6664778790055841
6.252999999992096,0.6664693986613385
6.253999999992094,0.6664600662334853
6.2549999999920916,0.666450009807036
6.255999999992089,0.6664389449340322
6.256999999992087,0.6664270692166643
6.257999999992085,0.6664126025425918
6.258999999992082,0.6663980562709262
6.25999999999208,0.6663848541208118
6.260999999992078,0.6663717218460506
6.261999999992075,0.6663601500583526
6.262999999992073,0.6663507732128013
6.263999999992071,0.6663443543572873
6.264999999992068,0.666337373728303
6.265999999992066,0.6663295736504747
6.266999999992064,0.6663239541674705
6.267999999992061,0.6663175396139566
6.268999999992059,0.6663096874474616
6.269999999992057,0.6663034590483333
6.270999999992054,0.6662938463524698
6.271999999992052,0.6662824773756154
6.27299999999205,0.6662694143943358
6.273999999992047,0.6662572911495881
6.274999999992045,0.6662444720469818
6.275999999992043,0.6662338982873678
6.27699999999204,0.6662195793138972
6.277999999992038,0.6662074281218247
6.278999999992036,0.6661961446307746
6.279999999992033,0.6661855901410383
6.280999999992031,0.6661760503867233
6.281999999992029,0.6661724844566318
6.282999999992026,0.666166369627728
6.283999999992024,0.6661603465931425
6.284999999992022,0.6661529786892025
6.285999999992019,0.6661455530119575
6.286999999992017,0.6661366336387196
6.287999999992015,0.6661255538437534
6.288999999992012,0.6661166269679283
6.28999999999201,0.6661031602891407
6.290999999992008,0.6660904639020802
6.291999999992005,0.6660755638087384
6.292999999992003,0.6660613905412169
6.293999999992001,0.6660486079527769
6.294999999991998,0.6660393249813512
6.295999999991996,0.6660282144413662
6.296999999991994,0.6660188236033882
6.297999999991991,0.6660110956325118
6.298999999991989,0.6660023873360807
6.299999999991987,0.6659943332597206
6.300999999991984,0.6659892318073756
6.301999999991982,0.6659826575219211
6.30299999999198,0.6659738784965706
6.303999999991977,0.6659641720096988
6.304999999991975,0.6659537030055785
6.305999999991973,0.6659421838657416
6.30699999999197,0.665929972986035
6.307999999991968,0.6659149325264647
6.308999999991966,0.6658997021790724
6.309999999991963,0.6658857118794006
6.310999999991961,0.6658716807439512
6.311999999991959,0.6658590357985659
6.312999999991956,0.6658484669497708
6.313999999991954,0.6658411022233136
6.314999999991952,0.6658327730582216
6.315999999991949,0.6658235819030395
6.316999999991947,0.6658165176319508
6.317999999991945,0.6658086543527394
6.318999999991942,0.6657993040605116
6.31999999999194,0.6657919521788798
6.320999999991938,0.6657808357556215
6.321999999991935,0.6657679254965859
6.322999999991933,0.6657532525995153
6.323999999991931,0.6657394004057051
6.324999999991928,0.6657247727553294
6.325999999991926,0.6657127761174608
6.326999999991924,0.6656964079848707
6.327999999991921,0.6656820946521953
6.328999999991919,0.6656685755139253
6.329999999991917,0.6656556812226686
6.330999999991914,0.6656437029581297
6.331999999991912,0.6656382145936304
6.33299999999191,0.6656295391680186
6.333999999991907,0.6656209277691346
6.334999999991905,0.6656109334913236
6.335999999991903,0.6656008511732165
6.3369999999919004,0.6655893067581933
6.337999999991898,0.6655755761879869
6.338999999991896,0.665564615468216
6.3399999999918935,0.6655483980309636
6.340999999991891,0.6655328428642058
6.341999999991889,0.6655149957520857
6.3429999999918865,0.6654977353739532
6.343999999991884,0.6654817668421709
6.344999999991882,0.6654700037388523
6.3459999999918795,0.6654554725606647
6.346999999991877,0.6654425609725946
6.347999999991875,0.6654312475047262
6.3489999999918725,0.6654189363772257
6.34999999999187,0.6654072281784149
6.350999999991868,0.6653993684422809
6.3519999999918655,0.665389156026296
6.352999999991863,0.665376713583734
6.353999999991861,0.6653632780390262
6.3549999999918585,0.6653490477147893
6.355999999991856,0.6653337287676646
6.356999999991854,0.6653186792195002
6.3579999999918515,0.6652997268848595
6.358999999991849,0.6652804779777514
6.359999999991847,0.6652623670925306
6.3609999999918445,0.6652441146466862
6.361999999991842,0.665227093015739
6.36299999999184,0.6652120467607694
6.3639999999918375,0.6652012858768319
6.364999999991835,0.6651883637247769
6.365999999991833,0.6651745614277261
6.3669999999918305,0.6651628598729097
6.367999999991828,0.6651503795897897
6.368999999991826,0.6651363849435332
6.3699999999918235,0.6651255629704851
6.370999999991821,0.6651098285008796
6.371999999991819,0.6650922767722488
6.3729999999918165,0.6650729063061863
6.373999999991814,0.6650542460869319
6.374999999991812,0.6650347413821263
6.3759999999918096,0.6650190306327401
6.376999999991807,0.6649975778082926
6.377999999991805,0.6649780815292158
6.378999999991803,0.6649593244466515
6.3799999999918,0.6649411147552471
6.380999999991798,0.6649237523094863
6.381999999991796,0.6649141556904604
6.382999999991793,0.6649000307389937
6.383999999991791,0.664885973374027
6.384999999991789,0.6648705248984108
6.385999999991786,0.6648549859387336
6.386999999991784,0.6648380418650204
6.387999999991782,0.6648189089636208
6.388999999991779,0.6648038643867868
6.389999999991777,0.6647821801004006
6.390999999991775,0.6647610667797373
6.391999999991772,0.6647375963725873
6.39299999999177,0.664714594875742
6.393999999991768,0.6646928068822849
6.394999999991765,0.6646766082900439
6.395999999991763,0.6646560767386787
6.396999999991761,0.6646370972654921
6.397999999991758,0.664619684830704
6.398999999991756,0.6646012916002303
6.399999999991754,0.6645834869964165
6.400999999991751,0.6645710611105513
6.401999999991749,0.664554830245831
6.402999999991747,0.6645363772131788
6.403999999991744,0.6645168967560225
6.404999999991742,0.66449661793922
6.40599999999174,0.6644752390541423
6.406999999991737,0.6644556763033714
6.407999999991735,0.6644306022339134
6.408999999991733,0.6644051529312015
6.40999999999173,0.6643807659133262
6.410999999991728,0.6643561679729841
6.411999999991726,0.6643326828723574
6.412999999991723,0.6643111076167084
6.413999999991721,0.6642954360589481
6.414999999991719,0.6642759360639381
6.415999999991716,0.6642555765361586
6.416999999991714,0.6642373319125594
6.417999999991712,0.6642183675214939
6.418999999991709,0.664197900665776
6.419999999991707,0.6641822621617202
6.420999999991705,0.6641601459441313
6.421999999991702,0.6641362250935898
6.4229999999917,0.66411046497713
6.423999999991698,0.6640853381832251
6.424999999991695,0.6640593318330629
6.425999999991693,0.6640387127672812
6.426999999991691,0.6640106191431956
6.427999999991688,0.6639844181999963
6.428999999991686,0.6639589369987845
6.429999999991684,0.663933965842902
6.430999999991681,0.6639098146196473
6.431999999991679,0.6638950850249952
6.432999999991677,0.6638741798687683
6.433999999991674,0.6638533880041654
6.434999999991672,0.6638312400916708
6.43599999999167,0.6638090415162006
6.436999999991667,0.6637855358645114
6.437999999991665,0.6637598808236433
6.438999999991663,0.6637399403935335
6.43999999999166,0.6637117424213247
6.440999999991658,0.6636840643364853
6.441999999991656,0.663654007170297
6.442999999991653,0.663624342906007
6.443999999991651,0.6635958527848324
6.444999999991649,0.663574585350308
6.445999999991646,0.6635472462779869
6.446999999991644,0.6635214340367503
6.447999999991642,0.6634971991509518
6.448999999991639,0.6634720427246324
6.449999999991637,0.6634475047864178
6.450999999991635,0.6634300636984908
6.451999999991632,0.6634072529503763
6.45299999999163,0.6633822748871061
6.453999999991628,0.663356283013051
6.454999999991625,0.6633295354150696
6.455999999991623,0.663301722553344
6.456999999991621,0.6632773975056572
6.4579999999916184,0.663245911363246
6.458999999991616,0.6632140178215609
6.459999999991614,0.6631831549510306
6.4609999999916115,0.6631520564842294
6.461999999991609,0.6631219990952932
6.462999999991607,0.6630938284769914
6.4639999999916045,0.6630732243696557
6.464999999991602,0.6630471545803148
6.4659999999916,0.6630202893446885
6.4669999999915975,0.6629955960129134
6.467999999991595,0.6629702861523242
6.468999999991593,0.6629435346200385
6.4699999999915905,0.6629232510019987
6.470999999991588,0.6628950241690779
6.471999999991586,0.6628650568850509
6.4729999999915835,0.662833282187719
6.473999999991581,0.6628021163822629
6.474999999991579,0.6627700862764507
6.4759999999915765,0.6627449503401307
6.476999999991574,0.6627107826124292
6.477999999991572,0.6626784888897073
6.4789999999915695,0.6626469383674416
6.479999999991567,0.6626159034490062
6.480999999991565,0.6625857032712122
6.4819999999915625,0.6625664217616023
6.48299999999156,0.6625395478855617
6.483999999991558,0.6625128757555486
6.4849999999915555,0.6624849302055456
6.485999999991553,0.6624570215184337
6.486999999991551,0.6624279515723569
6.4879999999915485,0.6623968247730246
6.488999999991546,0.6623728131715579
6.489999999991544,0.6623392484092383
6.4909999999915415,0.6623062083007984
6.491999999991539,0.6622708211610474
6.492999999991537,0.6622358029750774
6.4939999999915345,0.6622019673473253
6.494999999991532,0.6621766789174108
6.49599999999153,0.662143966978428
6.4969999999915276,0.6621127971140376
6.497999999991525,0.6620832526140624
6.498999999991523,0.6620528852891743
6.499999999991521,0.6620232065362319
6.500999999991518,0.6620019708260549
6.501999999991516,0.6619742423956072
6.502999999991514,0.6619444525290546
6.503999999991511,0.6619137175011937
6.504999999991509,0.6618823234889041
6.505999999991507,0.6618499548184136
6.506999999991504,0.6618223115326629
6.507999999991502,0.6617863908687199
6.5089999999915,0.6617500852350069
6.509999999991497,0.6617148299802803
6.510999999991495,0.6616793612624899
6.511999999991493,0.6616449051148008
6.51299999999149,0.6616123506369278
6.513999999991488,0.6615884963433625
6.514999999991486,0.661558129468835
6.515999999991483,0.6615270677492637
6.516999999991481,0.6614982684018478
6.517999999991479,0.661468994167505
6.518999999991476,0.6614383864360481
6.519999999991474,0.6614153086390444
6.520999999991472,0.6613834828589232
6.521999999991469,0.6613500365026118
6.522999999991467,0.6613148724470874
6.523999999991465,0.6612803528559478
6.524999999991462,0.6612450391428703
6.52599999999146,0.6612174753841501
6.526999999991458,0.6611800616007824
6.527999999991455,0.6611445469630682
6.528999999991453,0.6611098370024525
6.529999999991451,0.6610756816920135
6.530999999991448,0.6610424065564041
6.531999999991446,0.6610208192473253
6.532999999991444,0.6609909986856126
6.533999999991441,0.6609614996330718
6.534999999991439,0.6609308495393874
6.535999999991437,0.6609003647776802
6.536999999991434,0.6608689065381524
6.537999999991432,0.6608355354880335
6.53899999999143,0.660809910755268
6.539999999991427,0.6607743041022501
6.540999999991425,0.6607392851302171
6.541999999991423,0.6607020029242929
6.54299999999142,0.6606651149611789
6.543999999991418,0.6606294613953866
6.544999999991416,0.6606028213913668
6.545999999991413,0.6605683226315271
6.546999999991411,0.6605354074340788
6.547999999991409,0.6605041874363548
6.548999999991406,0.6604722676014904
6.549999999991404,0.660441130598813
6.550999999991402,0.6604188778971063
6.551999999991399,0.6603899564776756
6.552999999991397,0.6603591214637219
6.553999999991395,0.660327458534148
6.554999999991392,0.660295281514043
6.55599999999139,0.660262271608013
6.556999999991388,0.6602342762174062
6.557999999991385,0.6601979255360348
6.558999999991383,0.6601612608186632
6.559999999991381,0.6601257105166073
6.560999999991378,0.6600900044012906
6.561999999991376,0.6600553100112451
6.562999999991374,0.6600225533506189
6.563999999991371,0.6599985966549755
6.564999999991369,0.6599681415443955
6.565999999991367,0.6599371097215391
6.566999999991364,0.659908443118078
6.567999999991362,0.6598794634582201
6.56899999999136,0.6598492911233027
6.569999999991357,0.6598266573932433
6.570999999991355,0.6597955829360264
6.571999999991353,0.659763052705446
6.57299999999135,0.6597289427430746
6.573999999991348,0.6596955646879712
6.574999999991346,0.659661507101452
6.575999999991343,0.6596349457269705
6.576999999991341,0.6595988882276078
6.577999999991339,0.6595647837236887
6.5789999999913364,0.6595315655738447
6.579999999991334,0.6594989535559495
6.580999999991332,0.659467275196829
6.5819999999913295,0.6594468844121276
6.582999999991327,0.6594187944984973
6.583999999991325,0.6593911544240475
6.5849999999913225,0.6593625051881317
6.58599999999132,0.6593341710724265
6.586999999991318,0.6593050738816011
6.5879999999913155,0.659274243168342
6.588999999991313,0.6592506213594498
6.589999999991311,0.6592178284755349
6.5909999999913085,0.6591857307821429
6.591999999991306,0.6591514883342489
6.592999999991304,0.6591176974697353
6.5939999999913015,0.6590852179070766
6.594999999991299,0.6590609795919996
6.595999999991297,0.6590297048660602
6.5969999999912945,0.6590000567102944
6.597999999991292,0.6589721698082527
6.59899999999129,0.6589437049656223
6.5999999999912875,0.6589161155706998
6.600999999991285,0.6588965989442268
6.601999999991283,0.6588714869581317
6.6029999999912805,0.658844629127756
6.603999999991278,0.6588170886077122
6.604999999991276,0.6587892064996393
6.6059999999912735,0.6587606645231779
6.606999999991271,0.6587361645898361
6.607999999991269,0.6587045470439515
6.6089999999912665,0.6586727142086258
6.609999999991264,0.6586420828809915
6.610999999991262,0.658611365498639
6.6119999999912595,0.6585816611354315
6.612999999991257,0.6585539256321994
6.613999999991255,0.6585337776166644
6.6149999999912525,0.6585084365831164
6.61599999999125,0.6584826270498947
6.616999999991248,0.6584592693762515
6.6179999999912456,0.6584357533495188
6.618999999991243,0.6584111922855638
6.619999999991241,0.6583928867060543
6.620999999991239,0.6583677527943318
6.621999999991236,0.6583413480472576
6.622999999991234,0.6583135256941304
6.623999999991232,0.6582865510015531
6.624999999991229,0.6582590311908753
6.625999999991227,0.6582374421306838
6.626999999991225,0.658208039768961
6.627999999991222,0.6581806468471193
6.62899999999122,0.6581542150341058
6.629999999991218,0.6581284253325033
6.630999999991215,0.6581036024263961
6.631999999991213,0.6580883313427232
6.632999999991211,0.6580671852130808
6.633999999991208,0.6580465969860007
6.634999999991206,0.658025132610969
6.635999999991204,0.6580041260908476
6.636999999991201,0.6579825605998008
6.637999999991199,0.6579594481410311
6.638999999991197,0.6579417218551177
6.639999999991194,0.6579169427422924
6.640999999991192,0.6578929831017061
6.64199999999119,0.6578670034799141
6.642999999991187,0.6578415369179036
6.643999999991185,0.6578174553267174
6.644999999991183,0.6577995273194496
6.64599999999118,0.6577766699051406
6.646999999991178,0.657755454849012
6.647999999991176,0.6577360347684504
6.648999999991173,0.6577161286393581
6.649999999991171,0.6576971601701085
6.650999999991169,0.6576841641979689
6.651999999991166,0.6576678799141493
6.652999999991164,0.657650007722011
6.653999999991162,0.6576315960662779
6.654999999991159,0.6576130125682452
6.655999999991157,0.6575939428161865
6.656999999991155,0.6575766869542458
6.657999999991152,0.6575548068712755
6.65899999999115,0.657532807828337
6.659999999991148,0.6575120902351528
6.660999999991145,0.6574913391900872
6.661999999991143,0.6574715763560744
6.662999999991141,0.6574537806886441
6.663999999991138,0.6574411054386143
6.664999999991136,0.6574257278353648
6.665999999991134,0.6574099520353106
6.666999999991131,0.6573966708621234
6.667999999991129,0.6573833502995086
6.668999999991127,0.657369109381156
6.669999999991124,0.6573586458985843
6.670999999991122,0.657344121069242
6.67199999999112,0.6573284982640375
6.672999999991117,0.6573116119486222
6.673999999991115,0.6572956846067659
6.674999999991113,0.6572793344266281
6.67599999999111,0.6572661800877498
6.676999999991108,0.6572480294983626
6.677999999991106,0.6572319179438385
6.678999999991103,0.6572168070687109
6.679999999991101,0.6572023326342155
6.680999999991099,0.6571888124963005
6.681999999991096,0.6571819604308621
6.682999999991094,0.6571721162340317
6.683999999991092,0.6571628917921659
6.684999999991089,0.6571528874871296
6.685999999991087,0.657143448166863
6.686999999991085,0.6571336178230399
6.687999999991082,0.6571224028059947
6.68899999999108,0.6571136938265829
6.689999999991078,0.6571010723301659
6.690999999991075,0.6570893777799747
6.691999999991073,0.6570757631268579
6.692999999991071,0.6570626970284804
6.693999999991068,0.657051056868028
6.694999999991066,0.6570424455264808
6.695999999991064,0.6570319746614197
6.696999999991061,0.6570231114811399
6.697999999991059,0.6570160226945877
6.698999999991057,0.6570084868078004
6.6999999999910544,0.6570018982138803
6.700999999991052,0.6569982068533678
6.70199999999105,0.6569944134079019
6.7029999999910475,0.6569891520965719
6.703999999991045,0.6569834624771845
6.704999999991043,0.6569777371834058
6.7059999999910405,0.6569716678782692
6.706999999991038,0.6569642778884635
6.707999999991036,0.6569556082900283
6.7089999999910335,0.6569468834150884
6.709999999991031,0.6569394833033217
6.710999999991029,0.656932059700695
6.7119999999910265,0.6569255520620325
6.712999999991024,0.6569209569612109
6.713999999991022,0.6569181624402896
6.7149999999910195,0.6569159080661762
6.715999999991017,0.6569132689500408
6.716999999991015,0.6569131061927141
6.7179999999910125,0.656912966971763
6.71899999999101,0.6569119851428715
6.719999999991008,0.6569115343440676
6.7209999999910055,0.6569104725332311
6.721999999991003,0.6569084441191244
6.722999999991001,0.6569052681794925
6.7239999999909985,0.6569031265385771
6.724999999990996,0.6569006431880774
6.725999999990994,0.6568979179847823
6.7269999999909915,0.6568936391909139
6.727999999990989,0.6568913793883906
6.728999999990987,0.6568901050114965
6.7299999999909845,0.6568894046745115
6.730999999990982,0.6568895873814022
6.73199999999098,0.656892912589504
6.7329999999909775,0.6568966607935839
6.733999999990975,0.6569010303775965
6.734999999990973,0.656904661691255
6.7359999999909705,0.6569089103103508
6.736999999990968,0.6569128787347279
6.737999999990966,0.6569155756205902
6.7389999999909636,0.6569173640863378
6.739999999990961,0.6569188319254946
6.740999999990959,0.656921288758259
6.741999999990957,0.6569218767730376
6.742999999990954,0.6569230006264113
6.743999999990952,0.656925538060663
6.74499999999095,0.6569275101300217
6.745999999990947,0.6569310657876941
6.746999999990945,0.6569361346887114
6.747999999990943,0.6569428957328516
6.74899999999094,0.6569491868871059
6.749999999990938,0.6569563746788775
6.750999999990936,0.6569629946582878
6.751999999990933,0.656972976985868
6.752999999990931,0.6569815563419852
6.753999999990929,0.6569897660030874
6.754999999990926,0.6569980212121295
6.755999999990924,0.6570060202384518
6.756999999990922,0.6570092598566561
6.757999999990919,0.6570147747898215
6.758999999990917,0.657020245206447
6.759999999990915,0.6570270281577956
6.760999999990912,0.6570337419926537
6.76199999999091,0.6570412453172423
6.762999999990908,0.6570505485751069
6.763999999990905,0.6570581183252704
6.764999999990903,0.6570695807085495
6.765999999990901,0.6570806117563025
6.766999999990898,0.6570940393253184
6.767999999990896,0.6571074921751513
6.768999999990894,0.657120122798179
6.769999999990891,0.6571299092766403
6.770999999990889,0.6571425574467545
6.771999999990887,0.6571543115162097
6.772999999990884,0.6571649773933246
6.773999999990882,0.6571766965004656
6.77499999999088,0.6571880970895346
6.775999999990877,0.6571957770966034
6.776999999990875,0.6572052924352292
6.777999999990873,0.6572167486438679
6.77899999999087,0.6572291159621698
6.779999999990868,0.6572419395853829
6.780999999990866,0.6572555200545731
6.781999999990863,0.6572687582349731
6.782999999990861,0.6572856942412239
6.783999999990859,0.6573031955909592
6.784999999990856,0.6573199431390728
6.785999999990854,0.6573373015709895
6.786999999990852,0.6573544278399774
6.787999999990849,0.6573703357403118
6.788999999990847,0.6573820562705708
6.789999999990845,0.6573968067063806
6.790999999990842,0.657412547799778
6.79199999999084,0.6574264138918315
6.792999999990838,0.6574407475476053
6.793999999990835,0.6574564239255494
6.794999999990833,0.6574681666820699
6.795999999990831,0.6574846210210852
6.796999999990828,0.6575024422505223
6.797999999990826,0.6575218215044875
6.798999999990824,0.6575406544944221
6.799999999990821,0.6575602822851491
6.800999999990819,0.6575761762798735
6.801999999990817,0.6575985001683524
6.802999999990814,0.6576194291534938
6.803999999990812,0.6576399892837927
6.80499999999081,0.6576606152590971
6.805999999990807,0.6576810108066906
6.806999999990805,0.6576935867209496
6.807999999990803,0.657711509440685
6.8089999999908,0.6577293410092904
6.809999999990798,0.6577484145418274
6.810999999990796,0.6577673211737568
6.811999999990793,0.6577868463860465
6.812999999990791,0.6578080124853445
6.813999999990789,0.6578243888993744
6.814999999990786,0.6578474539751658
6.815999999990784,0.657869994207841
6.816999999990782,0.6578948053736634
6.817999999990779,0.657919593286927
6.818999999990777,0.6579435273606095
6.819999999990775,0.6579617827017026
6.8209999999907724,0.6579857321516522
6.82199999999077,0.6580087999756632
6.822999999990768,0.6580307798710017
6.8239999999907655,0.6580537714728875
6.824999999990763,0.6580764095137905
6.825999999990761,0.6580924756021951
6.8269999999907585,0.6581130547527939
6.827999999990756,0.6581354465138987
6.828999999990754,0.6581586279748701
6.8299999999907515,0.6581821096465861
6.830999999990749,0.6582061860673343
6.831999999990747,0.6582271413871346
6.8329999999907445,0.6582543002681381
6.833999999990742,0.658281928232306
6.83499999999074,0.6583087423779024
6.8359999999907375,0.6583361134925722
6.836999999990735,0.658363247655658
6.837999999990733,0.6583891617220038
6.8389999999907305,0.6584083727635189
6.839999999990728,0.6584331006707175
6.840999999990726,0.65845876233475
6.8419999999907235,0.6584824927504785
6.842999999990721,0.6585065755515829
6.843999999990719,0.658531882570253
6.8449999999907165,0.6585507424260826
6.845999999990714,0.6585765303816398
6.846999999990712,0.6586035088200344
6.8479999999907095,0.6586318824813923
6.848999999990707,0.658659601539617
6.849999999990705,0.6586879844279061
6.8509999999907025,0.6587103678658279
6.8519999999907,0.6587412874589815
6.852999999990698,0.6587707760767615
6.8539999999906955,0.6587998486475792
6.854999999990693,0.6588289558299643
6.855999999990691,0.6588578044781628
6.8569999999906885,0.6588767275124935
6.857999999990686,0.6589030264402856
6.858999999990684,0.658929141334612
6.8599999999906816,0.6589563820367358
6.860999999990679,0.658983323467452
6.861999999990677,0.6590106905248556
6.862999999990675,0.6590395166572359
6.863999999990672,0.6590615332367603
6.86499999999067,0.6590919649568141
6.865999999990668,0.6591217557330555
6.866999999990665,0.6591536723314366
6.867999999990663,0.6591854890778815
6.868999999990661,0.6592163861541669
6.869999999990658,0.6592398304048284
6.870999999990656,0.6592706705434975
6.871999999990654,0.6593005948610933
6.872999999990651,0.6593293848261249
6.873999999990649,0.6593590959834169
6.874999999990647,0.6593883747778958
6.875999999990644,0.659409356618028
6.876999999990642,0.6594363526037555
6.87799999999064,0.6594650034287195
6.878999999990637,0.6594942988921472
6.879999999990635,0.6595237265827759
6.880999999990633,0.6595535786345572
6.88199999999063,0.6595787117785897
6.882999999990628,0.6596113601581008
6.883999999990626,0.6596443669644301
6.884999999990623,0.6596764777764287
6.885999999990621,0.6597090655268795
6.886999999990619,0.6597413795972701
6.887999999990616,0.6597724343389039
6.888999999990614,0.6597954595050086
6.889999999990612,0.6598252280523279
6.890999999990609,0.6598558308737664
6.891999999990607,0.6598844158529721
6.892999999990605,0.6599132116112976
6.893999999990602,0.659943087685343
6.8949999999906,0.6599652630902056
6.895999999990598,0.6599953127387944
6.896999999990595,0.6600263749231086
6.897999999990593,0.6600586697514332
6.898999999990591,0.660090197395245
6.899999999990588,0.6601222562203464
6.900999999990586,0.660147316604707
6.901999999990584,0.6601817389109622
6.902999999990581,0.6602146716059505
6.903999999990579,0.6602471129352097
6.904999999990577,0.6602795261936336
6.905999999990574,0.6603116186449829
6.906999999990572,0.6603329647213191
6.90799999999057,0.6603623788448488
6.908999999990567,0.6603914916236632
6.909999999990565,0.6604215915444934
6.910999999990563,0.660451250641041
6.91199999999056,0.6604811479449856
6.912999999990558,0.6605123279436361
6.913999999990556,0.6605360097396167
6.914999999990553,0.6605685193580128
6.915999999990551,0.6606002770246334
6.916999999990549,0.6606340242487144
6.917999999990546,0.6606675930686152
6.918999999990544,0.6607001658355725
6.919999999990542,0.6607248248665769
6.920999999990539,0.6607572395846121
6.921999999990537,0.660788679877704
6.922999999990535,0.6608189145155703
6.923999999990532,0.6608499526804302
6.92499999999053,0.6608804594312179
6.925999999990528,0.6609022908741918
6.926999999990525,0.6609302850560138
6.927999999990523,0.6609597732445857
6.928999999990521,0.6609897648776542
6.929999999990518,0.6610197368321411
6.930999999990516,0.6610499824388267
6.931999999990514,0.6610752767259404
6.932999999990511,0.6611080685094906
6.933999999990509,0.6611411200596241
6.934999999990507,0.6611731961135449
6.935999999990504,0.6612056674617272
6.936999999990502,0.661237821302291
6.9379999999905,0.661268662504741
6.938999999990497,0.6612914743410431
6.939999999990495,0.6613208994863526
6.940999999990493,0.6613510409467807
6.9419999999904904,0.6613790729061603
6.942999999990488,0.661407173103327
6.943999999990486,0.6614362108969617
6.9449999999904835,0.6614576585597367
6.945999999990481,0.6614865990640929
6.946999999990479,0.6615163997633233
6.9479999999904765,0.6615472973797286
6.948999999990474,0.6615773370439754
6.949999999990472,0.661607798737461
6.9509999999904695,0.6616315945444078
6.951999999990467,0.6616642767307722
6.952999999990465,0.6616954118140598
6.9539999999904625,0.6617259756293169
6.95499999999046,0.6617564414232401
6.955999999990458,0.6617865145811416
6.9569999999904555,0.6618063358360958
6.957999999990453,0.661833594540934
6.958999999990451,0.6618604357437301
6.9599999999904485,0.6618881292423852
6.960999999990446,0.6619152570864971
6.961999999990444,0.6619424664510561
6.9629999999904415,0.6619708127551414
6.963999999990439,0.6619922903365529
6.964999999990437,0.6620217505774765
6.9659999999904345,0.6620503767596889
6.966999999990432,0.662080888315972
6.96799999999043,0.6621111640205658
6.9689999999904275,0.6621403796092279
6.969999999990425,0.6621624855421923
6.970999999990423,0.662191454484228
6.9719999999904205,0.662219390422509
6.972999999990418,0.6622460490622853
6.973999999990416,0.6622733918512846
6.9749999999904135,0.6623001094967448
6.975999999990411,0.662319037605826
6.976999999990409,0.6623430499656777
6.9779999999904065,0.66236841759001
6.978999999990404,0.6623941758183245
6.979999999990402,0.6624198010670294
6.9809999999903996,0.6624455904905876
6.981999999990397,0.6624674416042022
6.982999999990395,0.6624955994260128
6.983999999990393,0.6625239509097673
6.98499999999039,0.6625512711006905
6.985999999990388,0.662578924644634
6.986999999990386,0.6626062320726578
6.987999999990383,0.662632182467635
6.988999999990381,0.6626512771460168
6.989999999990379,0.6626756941781979
6.990999999990376,0.6627007164561677
6.991999999990374,0.6627235564926981
6.992999999990372,0.6627463450075554
6.993999999990369,0.6627699536485228
6.994999999990367,0.6627872564862795
6.995999999990365,0.6628105694956444
6.996999999990362,0.6628346355360767
6.99799999999036,0.6628597080494345
6.998999999990358,0.6628838722091308
6.999999999990355,0.6629083900449741
7.000999999990353,0.6629276858957067
7.001999999990351,0.6629543426257821
7.002999999990348,0.6629794159010391
7.003999999990346,0.6630038545745817
7.004999999990344,0.66302814006445
7.005999999990341,0.6630519746205387
7.006999999990339,0.6630671204386122
7.007999999990337,0.663088037348196
7.008999999990334,0.6631084445601577
7.009999999990332,0.6631295960569469
7.01099999999033,0.6631500940573892
7.011999999990327,0.6631705647997104
7.012999999990325,0.6631920740989384
7.013999999990323,0.663208376805255
7.01499999999032,0.6632308708733626
7.015999999990318,0.6632524926888619
7.016999999990316,0.6632759412461768
7.017999999990313,0.6632991327693709
7.018999999990311,0.6633212293731442
7.019999999990309,0.6633379790395832
7.020999999990306,0.6633597847271526
7.021999999990304,0.6633805195304899
7.022999999990302,0.6633999262500265
7.023999999990299,0.6634199186904458
7.024999999990297,0.6634392190009654
7.025999999990295,0.6634525451639326
7.026999999990292,0.663469015945391
7.02799999999029,0.6634867435896724
7.028999999990288,0.6635047936194501
7.029999999990285,0.6635226485983422
7.030999999990283,0.6635406105575712
7.031999999990281,0.663556528054425
7.032999999990278,0.6635767701741477
7.033999999990276,0.663597183278823
7.034999999990274,0.6636165459882049
7.035999999990271,0.6636362135532425
7.036999999990269,0.6636555367082339
7.037999999990267,0.6636734847195784
7.038999999990264,0.6636865453326616
7.039999999990262,0.6637028886434484
7.04099999999026,0.6637197536528187
7.041999999990257,0.6637343998553317
7.042999999990255,0.6637489142141453
7.043999999990253,0.6637641728437687
7.04499999999025,0.6637751736789556
7.045999999990248,0.6637900290943941
7.046999999990246,0.6638055840584192
7.047999999990243,0.6638221074636275
7.048999999990241,0.6638377203485808
7.049999999990239,0.6638536659142747
7.050999999990236,0.6638665196414701
7.051999999990234,0.6638845968684266
7.052999999990232,0.6639010876877824
7.053999999990229,0.6639169114117981
7.054999999990227,0.6639325567787407
7.055999999990225,0.6639477229390287
7.056999999990222,0.6639563940252625
7.05799999999022,0.6639686000972916
7.058999999990218,0.663980243327499
7.059999999990215,0.6639925644887414
7.060999999990213,0.6640041919257387
7.061999999990211,0.664015737341439
7.062999999990208,0.6640282758064819
7.063999999990206,0.6640378380264134
7.064999999990204,0.6640513243024649
7.0659999999902015,0.6640639479862901
7.066999999990199,0.6640783872412478
7.067999999990197,0.6640925894177538
7.0689999999901945,0.6641056990567202
7.069999999990192,0.6641157150041366
7.07099999999019,0.6641285501187021
7.0719999999901875,0.664140309823184
7.072999999990185,0.6641507248966643
7.073999999990183,0.6641616632008945
7.0749999999901805,0.6641718819353022
7.075999999990178,0.6641783869801868
7.076999999990176,0.6641857342918066
7.0779999999901735,0.6641942883437217
7.078999999990171,0.6642031464572173
7.079999999990169,0.664211799618408
7.0809999999901665,0.6642205540675166
7.081999999990164,0.6642295376597304
7.082999999990162,0.664240569875482
7.0839999999901595,0.6642517937099579
7.084999999990157,0.6642619876927038
7.085999999990155,0.6642724954330105
7.0869999999901525,0.6642826961086501
7.08799999999015,0.6642915382412842
7.088999999990148,0.6642977607877034
7.0899999999901455,0.6643049905998597
7.090999999990143,0.664312697727483
7.091999999990141,0.6643181928565702
7.0929999999901385,0.6643235216836282
7.093999999990136,0.6643295662248441
7.094999999990134,0.6643336503113845
7.0959999999901315,0.664339272801564
7.096999999990129,0.6643455916606599
7.097999999990127,0.6643528887410022
7.0989999999901245,0.6643593179135365
7.099999999990122,0.6643661016053787
7.10099999999012,0.6643720974602284
7.1019999999901176,0.6643810738479888
7.102999999990115,0.6643884968270006
7.103999999990113,0.6643952558986086
7.104999999990111,0.6644018470224499
7.105999999990108,0.6644079674852548
7.106999999990106,0.6644099062733664
7.107999999990104,0.6644130949256896
7.108999999990101,0.6644157112231683
7.109999999990099,0.6644189847116828
7.110999999990097,0.6644215712450331
7.111999999990094,0.6644240695787645
7.112999999990092,0.6644275623435092
7.11399999999009,0.6644303580208712
7.114999999990087,0.6644348396238093
7.115999999990085,0.6644385091827179
7.116999999990083,0.6644440216771543
7.11799999999008,0.6644493527080436
7.118999999990078,0.6644536287456722
7.119999999990076,0.6644570482140986
7.120999999990073,0.6644611254807102
7.121999999990071,0.6644641586711417
7.122999999990069,0.6644658681140275
7.123999999990066,0.6644680787619369
7.124999999990064,0.6644695839189556
7.125999999990062,0.6644695720654531
7.126999999990059,0.6644682407296019
7.127999999990057,0.6644681109224516
7.128999999990055,0.6644683107132645
7.129999999990052,0.6644683377927942
7.13099999999005,0.6644685005009936
7.131999999990048,0.6644710366478302
7.132999999990045,0.6644735386747138
7.133999999990043,0.6644762861813386
7.134999999990041,0.6644780571603282
7.135999999990038,0.6644801823780111
7.136999999990036,0.6644820688129107
7.137999999990034,0.664482646387791
7.138999999990031,0.6644826854549332
7.139999999990029,0.6644817061906675
7.140999999990027,0.6644811997308413
7.141999999990024,0.6644785277123617
7.142999999990022,0.6644756962594182
7.14399999999002,0.6644735937528758
7.144999999990017,0.6644715875369134
7.145999999990015,0.6644691124977223
7.146999999990013,0.6644673673312724
7.14799999999001,0.6644666436014313
7.148999999990008,0.6644651262565575
7.149999999990006,0.664464014428555
7.150999999990003,0.664464120015438
7.151999999990001,0.6644653081373734
7.152999999989999,0.664465004901705
7.153999999989996,0.6644640717425749
7.154999999989994,0.6644630122006072
7.155999999989992,0.6644615237535467
7.156999999989989,0.6644578288226706
7.157999999989987,0.664453498836563
7.158999999989985,0.6644486244147025
7.159999999989982,0.6644444250300949
7.16099999998998,0.6644395815076395
7.161999999989978,0.6644346772064179
7.162999999989975,0.6644308002830385
7.163999999989973,0.6644281058466028
7.164999999989971,0.6644253072890125
7.165999999989968,0.664421772654828
7.166999999989966,0.6644201300262337
7.167999999989964,0.664418383525281
7.168999999989961,0.6644156440746045
7.169999999989959,0.6644138458213449
7.170999999989957,0.6644110257442523
7.171999999989954,0.6644072214906891
7.172999999989952,0.6644021449643507
7.17399999998995,0.6643975819716459
7.174999999989947,0.664392360646791
7.175999999989945,0.6643873431300429
7.176999999989943,0.6643793747688417
7.17799999998994,0.6643726345188057
7.178999999989938,0.6643662780823355
7.179999999989936,0.6643598053401948
7.180999999989933,0.6643535237894108
7.181999999989931,0.6643512335928808
7.182999999989929,0.6643473831521675
7.183999999989926,0.6643438483723814
7.184999999989924,0.6643394089055036
7.185999999989922,0.6643353824000819
7.1869999999899195,0.6643312037047044
7.187999999989917,0.6643257885901185
7.188999999989915,0.6643213654466437
7.1899999999899125,0.6643144949846026
7.19099999998991,0.6643081232715666
7.191999999989908,0.6642996591591218
7.1929999999899055,0.6642910701887444
7.193999999989903,0.6642832505946049
7.194999999989901,0.6642769906913298
7.1959999999898985,0.6642688835953279
7.196999999989896,0.6642615565355918
7.197999999989894,0.6642553074330401
7.1989999999898915,0.6642483517113748
7.199999999989889,0.6642418627508005
7.200999999989887,0.6642379727009435
7.2019999999898845,0.664233905850674
7.202999999989882,0.6642284249493418
7.20399999998988,0.6642223664365856
7.2049999999898775,0.6642162419343899
7.205999999989875,0.6642097514377268
7.206999999989873,0.6642023894564975
7.2079999999898705,0.6641931861551825
7.208999999989868,0.664183489207242
7.209999999989866,0.6641745082956165
7.2109999999898635,0.6641649441855376
7.211999999989861,0.6641553599262483
7.212999999989859,0.664146847134108
7.2139999999898565,0.6641407186191913
7.214999999989854,0.6641333854903283
7.215999999989852,0.6641253980232867
7.2169999999898495,0.6641193532999498
7.217999999989847,0.6641132864616812
7.218999999989845,0.6641062973658115
7.2199999999898425,0.6641013605287527
7.22099999998984,0.6640944246209511
7.221999999989838,0.6640865788161642
7.2229999999898356,0.6640775287179296
7.223999999989833,0.6640690247130059
7.224999999989831,0.66405992686159
7.225999999989829,0.6640520505943766
7.226999999989826,0.6640403174202939
7.227999999989824,0.6640298518139602
7.228999999989822,0.6640198329343011
7.229999999989819,0.66400975724434
7.230999999989817,0.6639999283967947
7.231999999989815,0.6639949805822802
7.232999999989812,0.663987668432195
7.23399999998981,0.6639807394812482
7.234999999989808,0.6639729788148044
7.235999999989805,0.6639656913952466
7.236999999989803,0.663958340289334
7.237999999989801,0.6639498326143974
7.238999999989798,0.6639431296187049
7.239999999989796,0.6639332868294635
7.240999999989794,0.6639239831655668
7.241999999989791,0.6639126690574034
7.242999999989789,0.663901273910435
7.243999999989787,0.6638906965174385
7.244999999989784,0.6638824029540888
7.245999999989782,0.6638716222539381
7.24699999998978,0.6638616673394772
7.247999999989777,0.6638528396926822
7.248999999989775,0.6638433854523255
7.249999999989773,0.663834450495656
7.25099999998977,0.6638287569928562
7.251999999989768,0.6638223496037363
7.252999999989766,0.6638146044309862
7.253999999989763,0.6638063364446636
7.254999999989761,0.6637980657218762
7.255999999989759,0.6637894968089062
7.256999999989756,0.6637806605906503
7.257999999989754,0.6637695155963024
7.258999999989752,0.6637579323250177
7.259999999989749,0.6637471101898177
7.260999999989747,0.6637357641523157
7.261999999989745,0.6637244314907071
7.262999999989742,0.6637142054844718
7.26399999998974,0.663706827398239
7.264999999989738,0.6636978598738278
7.265999999989735,0.6636883070414229
7.266999999989733,0.6636807315600004
7.267999999989731,0.6636732030717091
7.268999999989728,0.6636648154704665
7.269999999989726,0.6636588726165027
7.270999999989724,0.6636506597285093
7.271999999989721,0.6636416093017249
7.272999999989719,0.6636314224843598
7.273999999989717,0.6636218172174555
7.274999999989714,0.6636116818957672
7.275999999989712,0.6636030734368329
7.27699999998971,0.6635904039031649
7.277999999989707,0.6635790349775901
7.278999999989705,0.6635681651473804
7.279999999989703,0.6635572824957262
7.2809999999897,0.6635466845024858
7.281999999989698,0.6635411475357191
7.282999999989696,0.6635331160438362
7.283999999989693,0.6635255168587731
7.284999999989691,0.6635171446244524
7.285999999989689,0.6635092924879952
7.286999999989686,0.6635014519995224
7.287999999989684,0.6634925268225457
7.288999999989682,0.6634855469061973
7.289999999989679,0.663475397120776
7.290999999989677,0.6634658239020874
7.291999999989675,0.6634543134879062
7.292999999989672,0.6634427572394116
7.29399999998967,0.6634320567422727
7.294999999989668,0.6634236946036242
7.295999999989665,0.6634128439716261
7.296999999989663,0.6634028438300847
7.297999999989661,0.6633939974766522
7.298999999989658,0.6633845824473867
7.299999999989656,0.6633757165364823
7.300999999989654,0.6633700909485785
7.301999999989651,0.6633638182178965
7.302999999989649,0.6633562691099121
7.303999999989647,0.6633482402774509
7.304999999989644,0.6633402603274011
7.305999999989642,0.6633320396654185
7.30699999998964,0.6633235393861845
7.3079999999896375,0.6633128594168615
7.308999999989635,0.6633017845929227
7.309999999989633,0.6632915030346088
7.3109999999896305,0.6632807390744174
7.311999999989628,0.6632699999415125
7.312999999989626,0.6632603792556632
7.3139999999896235,0.6632534738205621
7.314999999989621,0.6632451448637822
7.315999999989619,0.6632362744297615
7.3169999999896165,0.6632293888592687
7.317999999989614,0.6632225955356958
7.318999999989612,0.6632149868761703
7.3199999999896095,0.6632096577432348
7.320999999989607,0.6632023122371526
7.321999999989605,0.6631941863099989
7.3229999999896025,0.6631849779204847
7.3239999999896,0.6631763743136286
7.324999999989598,0.6631672888448348
7.3259999999895955,0.6631595015155265
7.326999999989593,0.6631479479382396
7.327999999989591,0.6631377071747118
7.3289999999895885,0.6631279938668045
7.329999999989586,0.6631182847048432
7.330999999989584,0.6631088698249639
7.3319999999895815,0.6631041874947305
7.332999999989579,0.6630973375795208
7.333999999989577,0.6630909420671176
7.3349999999895745,0.6630838085833597
7.335999999989572,0.6630772195024772
7.33699999998957,0.6630706948096874
7.3379999999895675,0.6630631385431004
7.338999999989565,0.6630572102484934
7.339999999989563,0.663048509078506
7.3409999999895605,0.6630404054929568
7.341999999989558,0.6630304170726159
7.342999999989556,0.6630203970461538
7.3439999999895536,0.6630112478919276
7.344999999989551,0.6630040554852816
7.345999999989549,0.6629947616083014
7.346999999989547,0.6629863135654197
7.347999999989544,0.6629790159565192
7.348999999989542,0.6629711784499142
7.34999999998954,0.6629638915058373
7.350999999989537,0.6629594479631613
7.351999999989535,0.6629547709072264
7.352999999989533,0.6629488564759857
7.35399999998953,0.6629424852179133
7.354999999989528,0.662936193982971
7.355999999989526,0.662929699416667
7.356999999989523,0.662922552949546
7.357999999989521,0.6629136783023734
7.358999999989519,0.6629044299674737
7.359999999989516,0.6628959834740319
7.360999999989514,0.6628870696824452
7.361999999989512,0.6628781637796219
7.362999999989509,0.662870358923518
7.363999999989507,0.6628648140561686
7.364999999989505,0.6628582814165057
7.365999999989502,0.6628512220905635
7.3669999999895,0.6628461261099132
7.367999999989498,0.6628411406991133
7.368999999989495,0.6628353598524662
7.369999999989493,0.66283141505298
7.370999999989491,0.662825944405813
7.371999999989488,0.6628197284814689
7.372999999989486,0.6628124625986384
7.373999999989484,0.6628058037186001
7.374999999989481,0.6627986876313936
7.375999999989479,0.6627923944887273
7.376999999989477,0.6627828310697056
7.377999999989474,0.6627745655664442
7.378999999989472,0.6627668270308835
7.37999999998947,0.6627590802555279
7.380999999989467,0.6627516081370337
7.381999999989465,0.662748331008222
7.382999999989463,0.6627433717776692
7.38399999998946,0.6627388621213177
7.384999999989458,0.6627336247345859
7.385999999989456,0.6627289322063846
7.386999999989453,0.6627243325132153
7.387999999989451,0.6627187319975937
7.388999999989449,0.6627142809821425
7.389999999989446,0.6627075760022075
7.390999999989444,0.6627014669563711
7.391999999989442,0.6626935003905344
7.392999999989439,0.6626854912712247
7.393999999989437,0.6626783412066529
7.394999999989435,0.6626726361931904
7.395999999989432,0.6626652983091447
7.39699999998943,0.662658773247647
7.397999999989428,0.6626533674688607
7.398999999989425,0.6626474232619572
7.399999999989423,0.6626420056499416
7.400999999989421,0.6626389457899786
7.401999999989418,0.6626361115505656
7.402999999989416,0.6626320566365597
7.403999999989414,0.6626275465673578
7.404999999989411,0.6626231258266367
7.405999999989409,0.6626185168135924
7.406999999989407,0.6626128278217461
7.407999999989404,0.6626058767184811
7.408999999989402,0.6625985487365399
7.4099999999894,0.6625920054921021
7.410999999989397,0.6625849838095401
7.411999999989395,0.6625779273897753
7.412999999989393,0.6625719285384084
7.41399999998939,0.6625677194939897
7.414999999989388,0.6625629287802394
7.415999999989386,0.6625576016895819
7.416999999989383,0.662554193690518
7.417999999989381,0.6625508924114052
7.418999999989379,0.6625467947967756
7.419999999989376,0.6625441121325166
7.420999999989374,0.6625403352245903
7.421999999989372,0.6625358270849894
7.422999999989369,0.6625302802812243
7.423999999989367,0.6625253208102245
7.424999999989365,0.6625199054578245
7.425999999989362,0.6625148894816547
7.42699999998936,0.6625070066703528
7.427999999989358,0.6625003820739672
7.4289999999893555,0.6624942588191134
7.429999999989353,0.6624880915735244
7.430999999989351,0.6624821571332006
7.4319999999893485,0.6624799685649034
7.432999999989346,0.6624764587364281
7.433999999989344,0.6624733741374585
7.4349999999893415,0.6624695531634577
7.435999999989339,0.6624662594002027
7.436999999989337,0.6624630680235747
7.4379999999893345,0.6624588878018366
7.438999999989332,0.6624554997190539
7.43999999998933,0.6624502208900181
7.4409999999893275,0.6624455153333042
7.441999999989325,0.6624389582928614
7.442999999989323,0.6624323264000085
7.4439999999893205,0.6624265189254931
7.444999999989318,0.6624217953118339
7.445999999989316,0.6624157211983418
7.4469999999893135,0.6624104070370005
7.447999999989311,0.6624061623604194
7.448999999989309,0.6624013621633958
7.4499999999893065,0.6623970486371359
7.450999999989304,0.6623947886624596
7.451999999989302,0.6623930053340407
7.4529999999892995,0.6623900023144774
7.453999999989297,0.6623865301948179
7.454999999989295,0.6623831402717553
7.4559999999892925,0.6623795596226221
7.45699999998929,0.6623746734292678
7.457999999989288,0.6623687565339303
7.4589999999892855,0.662362440588998
7.459999999989283,0.6623568721448847
7.460999999989281,0.6623507952953933
7.4619999999892785,0.6623446248650562
7.462999999989276,0.662339452120315
7.463999999989274,0.6623358333694482
7.4649999999892716,0.6623317788760964
7.465999999989269,0.662327164165045
7.466999999989267,0.6623244130229047
7.467999999989265,0.6623217526251466
7.468999999989262,0.6623182828469968
7.46999999998926,0.6623160628692264
7.470999999989258,0.6623129024386734
7.471999999989255,0.6623090108126597
7.472999999989253,0.6623040772561899
7.473999999989251,0.6622996955287881
7.474999999989248,0.6622948429285203
7.475999999989246,0.6622902404531549
7.476999999989244,0.6622828749253958
7.477999999989241,0.6622767119469062
7.478999999989239,0.6622710093755743
7.479999999989237,0.662265214984257
7.480999999989234,0.6622596011644492
7.481999999989232,0.6622575844057701
7.48299999998923,0.6622542924654208
7.483999999989227,0.6622513934288825
7.484999999989225,0.6622477408933671
7.485999999989223,0.6622445899577782
7.48699999998922,0.6622415419896558
7.487999999989218,0.6622375070864438
7.488999999989216,0.6622342183835319
7.489999999989213,0.6622290707028562
7.490999999989211,0.6622244605219407
7.491999999989209,0.6622179930361882
7.492999999989206,0.6622114065914466
7.493999999989204,0.6622055969912231
7.494999999989202,0.6622008402402721
7.495999999989199,0.662194670117847
7.496999999989197,0.6621891996861022
7.497999999989195,0.66218474289227
7.498999999989192,0.6621797071131432
7.49999999998919,0.6621751144738681
7.500999999989188,0.6621726151552788
7.501999999989185,0.6621704941375893
7.502999999989183,0.66216714901308
7.503999999989181,0.6621633149894249
7.504999999989178,0.6621595492862846
7.505999999989176,0.6621555823888525
7.506999999989174,0.6621504331405395
7.507999999989171,0.6621441211895607
7.508999999989169,0.6621373793196552
7.509999999989167,0.6621313381488109
7.510999999989164,0.6621247513464238
7.511999999989162,0.6621180085438246
7.51299999998916,0.6621121997573094
7.513999999989157,0.6621080725691365
7.514999999989155,0.6621032889941466
7.515999999989153,0.662097919670263
7.51699999998915,0.6620943598981798
7.517999999989148,0.6620908746269869
7.518999999989146,0.6620865659038468
7.519999999989143,0.6620837079769312
7.520999999989141,0.6620796945208677
7.521999999989139,0.6620749464241976
7.522999999989136,0.66206914896964
7.523999999989134,0.662063862415873
7.524999999989132,0.6620580846558178
7.525999999989129,0.6620527771799882
7.526999999989127,0.6620444366324231
7.527999999989125,0.6620372390968773
7.528999999989122,0.6620304581848713
7.52999999998912,0.6620235383694086
7.530999999989118,0.6620167493414422
7.531999999989115,0.6620137872394716
7.532999999989113,0.6620092252255197
7.533999999989111,0.6620050278418506
7.534999999989108,0.6620000628690306
7.535999999989106,0.6619955771866893
7.536999999989104,0.6619911972893521
7.537999999989101,0.6619858331470563
7.538999999989099,0.661981537812042
7.539999999989097,0.6619750459817225
7.540999999989094,0.661969054022587
7.541999999989092,0.6619611989214257
7.54299999998909,0.6619531809553294
7.543999999989087,0.6619458916207036
7.544999999989085,0.6619399958283467
7.545999999989083,0.6619322591116245
7.54699999998908,0.6619251670969382
7.547999999989078,0.6619190391335393
7.548999999989076,0.6619123143654824
7.5499999999890735,0.6619059972666331
7.550999999989071,0.6619021802429483
7.551999999989069,0.6618982906028074
7.5529999999890665,0.6618931779671343
7.553999999989064,0.6618875616706134
7.554999999989062,0.6618820040236165
7.5559999999890595,0.6618762378517696
7.556999999989057,0.6618697683805268
7.557999999989055,0.6618616540382577
7.5589999999890525,0.6618530821486472
7.55999999998905,0.6618451668582753
7.560999999989048,0.6618366736995638
7.5619999999890455,0.6618279707441633
7.562999999989043,0.6618201463377893
7.563999999989041,0.661814481744857
7.5649999999890385,0.6618076066765786
7.565999999989036,0.661800129817645
7.566999999989034,0.6617944206818382
7.5679999999890315,0.6617887799833573
7.568999999989029,0.6617823112292671
7.569999999989027,0.6617778307906544
7.5709999999890245,0.6617716587337306
7.571999999989022,0.6617647560115291
7.57299999998902,0.6617568034303545
7.5739999999890175,0.6617493270434354
7.574999999989015,0.6617413454884659
7.575999999989013,0.6617343791588085
7.5769999999890105,0.6617238010233285
7.577999999989008,0.6617143144548819
7.578999999989006,0.6617052095654695
7.5799999999890035,0.6616959304412985
7.580999999989001,0.6616867453056359
7.581999999988999,0.6616819332605134
7.5829999999889965,0.6616749054590362
7.583999999988994,0.6616682275689518
7.584999999988992,0.6616607806960738
7.5859999999889896,0.6616538035828359
7.586999999988987,0.6616469468582855
7.587999999988985,0.661639119416357
7.588999999988983,0.6616329738449213
7.58999999998898,0.6616240217746986
7.590999999988978,0.6616155415571146
7.591999999988976,0.661605203410664
7.592999999988973,0.6615946699535823
7.593999999988971,0.6615848277218032
7.594999999988969,0.6615769972092177
7.595999999988966,0.6615666457522235
7.596999999988964,0.6615568990572802
7.597999999988962,0.6615480821637244
7.598999999988959,0.6615386652549626
7.599999999988957,0.6615296368471064
7.600999999988955,0.6615237728001007
7.601999999988952,0.661517155795872
7.60299999998895,0.6615093312493135
7.603999999988948,0.6615010025701955
7.604999999988945,0.6614927364617871
7.605999999988943,0.661484267528171
7.606999999988941,0.6614758090015022
7.607999999988938,0.661465012374731
7.608999999988936,0.6614537443345734
7.609999999988934,0.661443102319646
7.610999999988931,0.6614318650983138
7.611999999988929,0.6614203817969889
7.612999999988927,0.661409738351086
7.613999999988924,0.6614019448932356
7.614999999988922,0.6613922054781445
7.61599999998892,0.6613818650930633
7.616999999988917,0.661373269042349
7.617999999988915,0.6613647522121009
7.618999999988913,0.6613554195985881
7.61999999998891,0.6613487996750734
7.620999999988908,0.6613397936533653
7.621999999988906,0.6613300769300539
7.622999999988903,0.6613193257671848
7.623999999988901,0.6613090322418682
7.624999999988899,0.661298235485175
7.625999999988896,0.6612891627692158
7.626999999988894,0.6612757667955338
7.627999999988892,0.6612634280276102
7.628999999988889,0.6612514530460801
7.629999999988887,0.6612392870191572
7.630999999988885,0.6612271971501235
7.631999999988882,0.6612201675382632
7.63299999998888,0.6612101992168142
7.633999999988878,0.6612005845893363
7.634999999988875,0.6611902179495742
7.635999999988873,0.6611803298738655
7.636999999988871,0.6611705942663223
7.637999999988868,0.661159919165218
7.638999999988866,0.6611516471536664
7.639999999988864,0.6611398820199951
7.640999999988861,0.6611285791741814
7.641999999988859,0.661115442317068
7.642999999988857,0.6611020970189483
7.643999999988854,0.6610894242605605
7.644999999988852,0.6610794639665604
7.64599999998885,0.6610662551601624
7.646999999988847,0.6610536310669924
7.647999999988845,0.6610419218538909
7.648999999988843,0.66102962807233
7.64999999998884,0.6610177230808678
7.650999999988838,0.6610097006889238
7.651999999988836,0.6610002239202201
7.652999999988833,0.6609895741080308
7.653999999988831,0.6609784394303928
7.654999999988829,0.6609673904313208
7.655999999988826,0.6609561635814438
7.656999999988824,0.660945686827756
7.657999999988822,0.660932187535745
7.658999999988819,0.660918223341609
7.659999999988817,0.6609048749628493
7.660999999988815,0.6608909342918025
7.661999999988812,0.6608767325018577
7.66299999998881,0.6608633520348243
7.663999999988808,0.6608535041839255
7.664999999988805,0.6608410168550928
7.665999999988803,0.6608279483281234
7.666999999988801,0.6608166198368607
7.667999999988798,0.6608053997119686
7.668999999988796,0.6607933956394874
7.669999999988794,0.660784792887988
7.6709999999887915,0.660773178493226
7.671999999988789,0.6607608935331806
7.672999999988787,0.6607476102025307
7.6739999999887845,0.6607347878923081
7.674999999988782,0.6607214852506396
7.67599999998878,0.6607105519065312
7.6769999999887775,0.6606946848988704
7.677999999988775,0.6606798618226392
7.678999999988773,0.6606654046540813
7.6799999999887705,0.6606507593410456
7.680999999988768,0.6606361916302579
7.681999999988766,0.660627277249444
7.6829999999887635,0.6606148277585286
7.683999999988761,0.660602753690469
7.684999999988759,0.6605899634114606
7.6859999999887565,0.6605776792558533
7.686999999988754,0.6605655976579187
7.687999999988752,0.6605526274971929
7.6889999999887495,0.6605426575192351
7.689999999988747,0.6605286685567282
7.690999999988745,0.6605151548124919
7.6919999999887425,0.6604998521172412
7.69299999998874,0.6604843497935092
7.693999999988738,0.6604695226079009
7.6949999999887355,0.6604579529931209
7.695999999988733,0.6604425979533053
7.696999999988731,0.6604278264706057
7.6979999999887285,0.6604139724853555
7.698999999988726,0.6603995664103555
7.699999999988724,0.6603855664013819
7.7009999999887215,0.6603759826242087
7.701999999988719,0.6603644555197071
7.702999999988717,0.6603518083995183
7.7039999999887145,0.6603387157250681
7.704999999988712,0.6603257514287864
7.70599999998871,0.6603126545496912
7.7069999999887076,0.6603008374849302
7.707999999988705,0.6602855598686922
7.708999999988703,0.6602698453416761
7.709999999988701,0.6602547579974735
7.710999999988698,0.6602391011299226
7.711999999988696,0.6602231872129185
7.712999999988694,0.6602080938272937
7.713999999988691,0.6601969706203255
7.714999999988689,0.6601827876341427
7.715999999988687,0.6601680586308957
7.716999999988684,0.660155079527986
7.717999999988682,0.6601422523879971
7.71899999998868,0.6601286900246319
7.719999999988677,0.6601189495937015
7.720999999988675,0.6601058684879079
7.721999999988673,0.6600921758167342
7.72299999998867,0.6600775407066674
7.723999999988668,0.6600633920703501
7.724999999988666,0.6600488062725253
7.725999999988663,0.6600369420441922
7.726999999988661,0.6600198603180588
7.727999999988659,0.6600038284264215
7.728999999988656,0.6599881816575865
7.729999999988654,0.6599723648338411
7.730999999988652,0.6599566410533546
7.731999999988649,0.6599468411071588
7.732999999988647,0.6599332537338067
7.733999999988645,0.659920075623712
7.734999999988642,0.6599062310953275
7.73599999998864,0.6598929341648581
7.736999999988638,0.6598799030856928
7.737999999988635,0.6598660506412132
7.738999999988633,0.6598554545251601
7.739999999988631,0.6598406863037174
7.740999999988628,0.6598264268418577
7.741999999988626,0.6598104412033305
7.742999999988624,0.6597942834221792
7.743999999988621,0.6597788212396616
7.744999999988619,0.6597667917482238
7.745999999988617,0.6597508350877913
7.746999999988614,0.6597354732504925
7.747999999988612,0.659721042059312
7.74899999998861,0.65970610146701
7.749999999988607,0.6596915937913597
7.750999999988605,0.6596816449041698
7.751999999988603,0.6596696691849822
7.7529999999886,0.6596566393101096
7.753999999988598,0.6596432181981822
7.754999999988596,0.6596299827393437
7.755999999988593,0.6596166756568166
7.756999999988591,0.6596047713390809
7.757999999988589,0.6595894032451485
7.758999999988586,0.6595736429533167
7.759999999988584,0.6595585380216886
7.760999999988582,0.6595429001562626
7.761999999988579,0.6595270210347658
7.762999999988577,0.6595119718577531
7.763999999988575,0.6595008968074567
7.764999999988572,0.6594867888061787
7.76599999998857,0.6594721771378553
7.766999999988568,0.6594593301907942
7.767999999988565,0.6594466848839574
7.768999999988563,0.6594333625256722
7.769999999988561,0.6594238382561587
7.770999999988558,0.659411104120314
7.771999999988556,0.6593978296693641
7.772999999988554,0.6593836823299624
7.773999999988551,0.6593700632864548
7.774999999988549,0.6593560641494836
7.775999999988547,0.6593446794443222
7.776999999988544,0.6593282732322154
7.777999999988542,0.6593129345981789
7.77899999998854,0.6592980093658698
7.779999999988537,0.6592829383430373
7.780999999988535,0.659267980359846
7.781999999988533,0.6592587371239128
7.78299999998853,0.6592459377099575
7.783999999988528,0.6592335838979574
7.784999999988526,0.659220618494271
7.785999999988523,0.6592082471508934
7.786999999988521,0.6591962091554897
7.787999999988519,0.6591834251251872
7.788999999988516,0.6591736729936621
7.789999999988514,0.6591600942437766
7.790999999988512,0.6591470709602317
7.7919999999885095,0.6591323935161413
7.792999999988507,0.6591175817314159
7.793999999988505,0.6591034953310869
7.7949999999885025,0.6590925176047165
7.7959999999885,0.6590779782651216
7.796999999988498,0.6590640472434397
7.7979999999884955,0.6590510602110259
7.798999999988493,0.65903760646241
7.799999999988491,0.6590246116575397
7.8009999999884885,0.6590158119435457
7.801999999988486,0.6590054040573801
7.802999999988484,0.6589940112296716
7.8039999999884815,0.6589822873129864
7.804999999988479,0.6589708116656003
7.805999999988477,0.6589593319166839
7.8069999999884745,0.6589488702084726
7.807999999988472,0.6589354607170474
7.80899999998847,0.6589217110452111
7.8099999999884675,0.6589086522019986
7.810999999988465,0.658895100773917
7.811999999988463,0.6588813249879379
7.8129999999884605,0.6588683881711471
7.813999999988458,0.6588589109150995
7.814999999988456,0.6588469405440939
7.8159999999884535,0.6588345053023619
7.816999999988451,0.658823843555007
7.817999999988449,0.6588134285909397
7.8189999999884465,0.6588023939108986
7.819999999988444,0.6587946197899381
7.820999999988442,0.6587842775384768
7.8219999999884395,0.6587734682289033
7.822999999988437,0.6587618590806513
7.823999999988435,0.6587508263316377
7.8249999999884325,0.6587394740670374
7.82599999998843,0.6587301150975119
7.826999999988428,0.6587164461364289
7.8279999999884256,0.6587038635768324
7.828999999988423,0.6586917208339914
7.829999999988421,0.6586794517371884
7.830999999988419,0.6586673092485286
7.831999999988416,0.6586601535833395
7.832999999988414,0.6586501765178766
7.833999999988412,0.6586406731231522
7.834999999988409,0.658630607328068
7.835999999988407,0.6586211764172855
7.836999999988405,0.6586121397580803
7.837999999988402,0.658602429842094
7.8389999999884,0.6585950259050908
7.839999999988398,0.658584641309921
7.840999999988395,0.6585748610252651
7.841999999988393,0.6585634966223136
7.842999999988391,0.6585520348462035
7.843999999988388,0.658541326280429
7.844999999988386,0.658532898075251
7.845999999988384,0.6585217668556291
7.846999999988381,0.6585112486426918
7.847999999988379,0.6585016772104916
7.848999999988377,0.6584916710002509
7.849999999988374,0.6584821384586973
7.850999999988372,0.6584759420175889
7.85199999998837,0.6584690289670236
7.852999999988367,0.6584611928608076
7.853999999988365,0.6584530808129312
7.854999999988363,0.6584452740433732
7.85599999998836,0.6584375260817469
7.856999999988358,0.6584299296649115
7.857999999988356,0.6584203747699203
7.858999999988353,0.6584105275562658
7.859999999988351,0.6584014023278973
7.860999999988349,0.658391817385175
7.861999999988346,0.6583820152699708
7.862999999988344,0.6583730501488985
7.863999999988342,0.6583665567670167
7.864999999988339,0.6583585599068471
7.865999999988337,0.6583501232643916
7.866999999988335,0.6583434531729395
7.867999999988332,0.658337060602175
7.86899999998833,0.6583300945489607
7.869999999988328,0.6583253978195571
7.870999999988325,0.6583192075056896
7.871999999988323,0.6583126143541617
7.872999999988321,0.658305286719734
7.873999999988318,0.6582985781993343
7.874999999988316,0.6582916027641873
7.875999999988314,0.6582855607040766
7.876999999988311,0.658276341245576
7.877999999988309,0.658268216999393
7.878999999988307,0.6582605464532802
7.879999999988304,0.6582527543631204
7.880999999988302,0.65824508668464
7.8819999999883,0.6582412512134082
7.882999999988297,0.6582357250633046
7.883999999988295,0.6582306835466535
7.884999999988293,0.6582251138290838
7.88599999998829,0.658220204857961
7.886999999988288,0.6582157349002468
7.887999999988286,0.6582106516644041
7.888999999988283,0.6582067531027875
7.889999999988281,0.6582010952122009
7.890999999988279,0.6581960811086002
7.891999999988276,0.6581895401862965
7.892999999988274,0.6581829272730516
7.893999999988272,0.6581770826585642
7.894999999988269,0.6581723085466099
7.895999999988267,0.6581660441581071
7.896999999988265,0.6581603800129944
7.897999999988262,0.6581556468790754
7.89899999998826,0.6581504920098147
7.899999999988258,0.6581458067083858
7.900999999988255,0.6581432395293707
7.901999999988253,0.6581411710287542
7.902999999988251,0.6581382251607681
7.903999999988248,0.6581350440529694
7.904999999988246,0.6581322100427305
7.905999999988244,0.6581294830601985
7.906999999988241,0.6581257070007237
7.907999999988239,0.658121269569591
7.908999999988237,0.6581165732936081
7.909999999988234,0.6581126154960341
7.910999999988232,0.6581082142192403
7.91199999998823,0.658103585386202
7.9129999999882275,0.6580997730537564
7.913999999988225,0.6580971362331488
7.914999999988223,0.6580942589093123
7.9159999999882205,0.6580909465497821
7.916999999988218,0.6580893725570462
7.917999999988216,0.6580880861206084
7.9189999999882135,0.6580862539912193
7.919999999988211,0.658085420538782
7.920999999988209,0.6580844135504045
7.9219999999882065,0.6580830501601277
7.922999999988204,0.6580810008198341
7.923999999988202,0.6580795979482817
7.9249999999881995,0.6580779634562075
7.925999999988197,0.6580759494887384
7.926999999988195,0.6580721118755631
7.9279999999881925,0.6580693600519514
7.92899999998819,0.6580670559711649
7.929999999988188,0.6580646147936453
7.9309999999881855,0.6580622750996524
7.931999999988183,0.6580623858247565
7.932999999988181,0.6580621259052523
7.9339999999881785,0.658062340102107
7.934999999988176,0.6580620399000132
7.935999999988174,0.6580624059370599
7.9369999999881715,0.6580632339733976
7.937999999988169,0.6580634889400585
7.938999999988167,0.6580636169447772
7.9399999999881645,0.6580633635823693
7.940999999988162,0.6580637753348586
7.94199999998816,0.6580626975244163
7.9429999999881575,0.6580615542017365
7.943999999988155,0.658061174322033
7.944999999988153,0.6580604915354308
7.9459999999881505,0.6580596591009352
7.946999999988148,0.6580593929280069
7.947999999988146,0.6580600204689812
7.9489999999881435,0.6580602171884373
7.949999999988141,0.658060858102485
7.950999999988139,0.6580622652431738
7.951999999988137,0.6580654811475105
7.952999999988134,0.6580678445333163
7.953999999988132,0.658069993431824
7.95499999998813,0.6580725104353042
7.955999999988127,0.6580751617507572
7.956999999988125,0.6580754589195198
7.957999999988123,0.6580764590873808
7.95899999998812,0.6580772133020536
7.959999999988118,0.6580787015877656
7.960999999988116,0.6580797414675199
7.961999999988113,0.6580805231388938
7.962999999988111,0.6580820799835252
7.963999999988109,0.6580834477268623
7.964999999988106,0.6580858692284577
7.965999999988104,0.6580878388076528
7.966999999988102,0.6580914974463108
7.967999999988099,0.6580954319336927
7.968999999988097,0.6580988275819183
7.969999999988095,0.6581019133793029
7.970999999988092,0.6581061451666257
7.97199999998809,0.6581100450302881
7.972999999988088,0.658113285974946
7.973999999988085,0.6581171797321681
7.974999999988083,0.6581208551546186
7.975999999988081,0.6581228317275494
7.976999999988078,0.65812430799436
7.977999999988076,0.6581268392550421
7.978999999988074,0.658129790481389
7.979999999988071,0.658132568555535
7.980999999988069,0.6581354051676537
7.981999999988067,0.6581393363846615
7.982999999988064,0.6581441561969701
7.983999999988062,0.6581494193040323
7.98499999998806,0.6581541612920933
7.985999999988057,0.658159554462864
7.986999999988055,0.6581654104879874
7.987999999988053,0.6581707118928447
7.98899999998805,0.6581746332377056
7.989999999988048,0.6581794539567181
7.990999999988046,0.6581849391164797
7.991999999988043,0.6581889499118633
7.992999999988041,0.6581928807228143
7.993999999988039,0.6581975483710084
7.994999999988036,0.6582006310271736
7.995999999988034,0.6582047793514259
7.996999999988032,0.6582094407527185
7.997999999988029,0.6582149397977032
7.998999999988027,0.6582199792161042
7.999999999988025,0.6582254193002687
8.000999999988023,0.6582303934996186
8.001999999988021,0.6582383334905985
8.002999999988019,0.658245425556842
8.003999999988016,0.6582523035845355
8.004999999988014,0.6582595494947892
8.005999999988012,0.6582669350620128
8.00699999998801,0.658270807612303
8.007999999988007,0.6582765627567964
8.008999999988005,0.6582820635241905
8.009999999988002,0.6582882723848965
8.010999999988,0.6582940078629864
8.011999999987998,0.6582994371883392
8.012999999987995,0.6583055828408748
8.013999999987993,0.6583103581597839
8.01499999998799,0.6583172687516817
8.015999999987988,0.658323693065373
8.016999999987986,0.6583317414861045
8.017999999987984,0.6583400365204226
8.018999999987981,0.658347781338561
8.019999999987979,0.658354115115575
8.020999999987977,0.6583626733161533
8.021999999987974,0.6583709032733367
8.022999999987972,0.6583784805031563
8.02399999998797,0.6583866956969627
8.024999999987967,0.6583946846816087
8.025999999987965,0.6583998915264241
8.026999999987963,0.658405652945049
8.02799999998796,0.6584124196795973
8.028999999987958,0.6584195603882669
8.029999999987956,0.658426476608908
8.030999999987953,0.6584333943340609
8.031999999987951,0.6584403178851158
8.032999999987949,0.6584490992859788
8.033999999987946,0.6584582789461274
8.034999999987944,0.6584669150715816
8.035999999987942,0.6584761714919358
8.03699999998794,0.6584858741243671
8.037999999987937,0.6584950219304024
8.038999999987935,0.6585018237168508
8.039999999987932,0.6585104840838033
8.04099999998793,0.6585197878786597
8.041999999987928,0.6585276138562686
8.042999999987925,0.658535327801427
8.043999999987923,0.6585437339342088
8.04499999998792,0.6585495910410478
8.045999999987918,0.6585573876542784
8.046999999987916,0.658565631895328
8.047999999987914,0.6585746463659992
8.048999999987911,0.658583159765248
8.049999999987909,0.6585920196485807
8.050999999987907,0.6585995194061816
8.051999999987904,0.6586107842036425
8.052999999987902,0.6586211906302026
8.0539999999879,0.658631367579271
8.054999999987897,0.6586418953868804
8.055999999987895,0.6586525502840493
8.056999999987893,0.6586588882408951
8.05799999998789,0.6586679024786062
8.058999999987888,0.6586766370641353
8.059999999987886,0.6586860368285863
8.060999999987883,0.6586949242382887
8.061999999987881,0.6587034477461596
8.062999999987879,0.65871261893239
8.063999999987876,0.6587196230617671
8.064999999987874,0.6587294449648038
8.065999999987872,0.6587387369282904
8.06699999998787,0.658749581446193
8.067999999987867,0.6587606337945748
8.068999999987865,0.6587711130651538
8.069999999987862,0.6587794761676542
8.07099999998786,0.6587907240939782
8.071999999987858,0.6588016323470149
8.072999999987855,0.658811878546318
8.073999999987853,0.6588227314751073
8.07499999998785,0.6588333348472439
8.075999999987848,0.6588404888732243
8.076999999987846,0.6588488161973334
8.077999999987844,0.6588580873199804
8.078999999987841,0.658867676069508
8.07999999998784,0.6588769825783767
8.080999999987837,0.6588862287241595
8.081999999987834,0.658894830204073
8.082999999987832,0.6589058145766927
8.08399999998783,0.6589171470223062
8.084999999987827,0.6589279059336498
8.085999999987825,0.658939246389117
8.086999999987823,0.6589510069101601
8.08799999998782,0.6589622006527076
8.088999999987818,0.6589705239395386
8.089999999987816,0.6589812006484544
8.090999999987813,0.6589924856525059
8.091999999987811,0.6590022782005355
8.092999999987809,0.6590119165464032
8.093999999987807,0.6590221922030874
8.094999999987804,0.6590294187588622
8.095999999987802,0.6590389873422685
8.0969999999878,0.6590489355717869
8.097999999987797,0.6590595851506572
8.098999999987795,0.6590696891757168
8.099999999987793,0.6590800844869775
8.10099999998779,0.6590886958675475
8.101999999987788,0.6591013980746931
8.102999999987786,0.6591132245086465
8.103999999987783,0.6591247977269072
8.10499999998778,0.659136695655255
8.105999999987779,0.6591486977386988
8.106999999987776,0.6591560537724982
8.107999999987774,0.6591663878305978
8.108999999987772,0.6591764081614228
8.10999999998777,0.6591870421187155
8.110999999987767,0.6591971198096155
8.111999999987765,0.6592067757861582
8.112999999987762,0.6592170108260442
8.11399999998776,0.659224772855963
8.114999999987758,0.6592355476073247
8.115999999987755,0.6592457492578203
8.116999999987753,0.6592574353747183
8.11799999998775,0.6592692904217509
8.118999999987748,0.6592805467624355
8.119999999987746,0.6592894694171085
8.120999999987744,0.6593014430191608
8.121999999987741,0.6593130587539006
8.122999999987739,0.659323995774257
8.123999999987737,0.6593354999975267
8.124999999987734,0.6593467244938075
8.125999999987732,0.6593543280079334
8.12699999998773,0.6593632241700136
8.127999999987727,0.6593730002301569
8.128999999987725,0.6593830370369175
8.129999999987723,0.659392737453827
8.13099999998772,0.6594023208337345
8.131999999987718,0.6594111137057624
8.132999999987716,0.6594223215150556
8.133999999987713,0.6594338316143297
8.134999999987711,0.659444739693065
8.135999999987709,0.6594561916512737
8.136999999987706,0.6594680370995486
8.137999999987704,0.6594793007070492
8.138999999987702,0.6594876605393117
8.1399999999877,0.659498369928835
8.140999999987697,0.6595096471513434
8.141999999987695,0.6595194153921011
8.142999999987692,0.6595289864522937
8.14399999998769,0.6595391393673106
8.144999999987688,0.6595462443373261
8.145999999987685,0.659555602431343
8.146999999987683,0.6595652795836573
8.14799999998768,0.659575597470769
8.148999999987678,0.659585331879662
8.149999999987676,0.6595953106092364
8.150999999987674,0.6596035749288306
8.151999999987671,0.6596157755220653
8.152999999987669,0.6596270846935136
8.153999999987667,0.6596381172031616
8.154999999987664,0.6596494478864229
8.155999999987662,0.6596608583039631
8.15699999998766,0.659667778602878
8.157999999987657,0.6596774925721376
8.158999999987655,0.6596868592719665
8.159999999987653,0.6596967890195754
8.16099999998765,0.6597061232431042
8.161999999987648,0.6597149873051201
8.162999999987646,0.6597243712571714
8.163999999987643,0.6597314615492363
8.164999999987641,0.6597412935231823
8.165999999987639,0.6597505187031242
8.166999999987636,0.6597611723187865
8.167999999987634,0.6597719643499663
8.168999999987632,0.6597821376865783
8.16999999998763,0.6597902286421703
8.170999999987627,0.6598010759932544
8.171999999987625,0.6598115492521305
8.172999999987622,0.6598213285877184
8.17399999998762,0.6598316364061032
8.174999999987618,0.6598416367497497
8.175999999987615,0.6598483090858119
8.176999999987613,0.6598559409260097
8.17799999998761,0.6598643957691894
8.178999999987608,0.6598730632254206
8.179999999987606,0.6598813524379142
8.180999999987604,0.659889481488547
8.181999999987601,0.659897133944378
8.182999999987599,0.6599067992050741
8.183999999987597,0.6599167331238806
8.184999999987594,0.659926045884428
8.185999999987592,0.6599358736588559
8.18699999998759,0.6599460758287996
8.187999999987587,0.65995568612082
8.188999999987585,0.6599627928149452
8.189999999987583,0.6599718190526784
8.19099999998758,0.6599813763359571
8.191999999987578,0.65998941495086
8.192999999987576,0.6599972213572198
8.193999999987573,0.6600055625995961
8.194999999987571,0.6600112878267153
8.195999999987569,0.6600187703783142
8.196999999987566,0.6600265265561434
8.197999999987564,0.660034878438124
8.198999999987562,0.6600426228271205
8.19999999998756,0.6600505795302763
8.200999999987557,0.6600573023035894
8.201999999987555,0.6600674203056807
8.202999999987552,0.6600766402126342
8.20399999998755,0.6600855677596413
8.204999999987548,0.660094774178541
8.205999999987545,0.6601040424033426
8.206999999987543,0.6601093694551544
8.20799999998754,0.6601169260147891
8.208999999987538,0.660124110558453
8.209999999987536,0.6601318170625838
8.210999999987534,0.6601389012414456
8.211999999987531,0.6601454830718312
8.21299999998753,0.6601525418612325
8.213999999987527,0.6601578657883117
8.214999999987525,0.660165311079312
8.215999999987522,0.6601721314720058
8.21699999998752,0.6601803415809907
8.217999999987518,0.6601886736622513
8.218999999987515,0.6601963788524292
8.219999999987513,0.6602026069949206
8.22099999998751,0.6602109620011788
8.221999999987508,0.6602189356774413
8.222999999987506,0.6602262089133318
8.223999999987504,0.6602339805516371
8.224999999987501,0.6602414269742709
8.225999999987499,0.6602461787588962
8.226999999987497,0.660251240415596
8.227999999987494,0.6602570822876448
8.228999999987492,0.6602631039902316
8.22999999998749,0.6602687233260793
8.230999999987487,0.6602741577960417
8.231999999987485,0.6602797537702694
8.232999999987483,0.6602866691677776
8.23399999998748,0.6602938360479657
8.234999999987478,0.6603003768379448
8.235999999987476,0.6603074173602141
8.236999999987473,0.66031482567456
8.237999999987471,0.6603216428605722
8.238999999987469,0.660326648466009
8.239999999987466,0.660332870213325
8.240999999987464,0.6603395969392378
8.241999999987462,0.6603448082668156
8.24299999998746,0.6603497664605442
8.243999999987457,0.6603552272064834
8.244999999987455,0.6603587827304707
8.245999999987452,0.6603633526897562
8.24699999998745,0.6603681699546067
8.247999999987448,0.6603735568806501
8.248999999987445,0.660378329805027
8.249999999987443,0.6603833008518324
8.25099999998744,0.6603877706809402
8.251999999987438,0.6603948716257636
8.252999999987436,0.6604010809457634
8.253999999987434,0.6604069946080889
8.254999999987431,0.6604131798806949
8.255999999987429,0.6604194207865052
8.256999999987427,0.6604224990829227
8.257999999987424,0.6604270355167533
8.258999999987422,0.6604311892844307
8.25999999998742,0.6604358388961225
8.260999999987417,0.6604398561353788
8.261999999987415,0.6604433580128437
8.262999999987413,0.6604473129578978
8.26399999998741,0.6604502990724862
8.264999999987408,0.6604546126635944
8.265999999987406,0.6604583009262038
8.266999999987403,0.6604633584737153
8.267999999987401,0.6604685374123633
8.268999999987399,0.6604730956942488
8.269999999987396,0.6604769612491703
8.270999999987394,0.6604821689665683
8.271999999987392,0.6604870008869353
8.27299999998739,0.660491138635072
8.273999999987387,0.6604957581316666
8.274999999987385,0.6605000489214561
8.275999999987382,0.6605024391008891
8.27699999998738,0.6605043579105504
8.277999999987378,0.6605070315531432
8.278999999987375,0.6605098701698461
8.279999999987373,0.6605123011727715
8.28099999998737,0.660514541538215
8.281999999987368,0.6605177197023585
8.282999999987366,0.660521418246689
8.283999999987364,0.6605253676959685
8.284999999987361,0.6605287013089698
8.285999999987359,0.6605325339308825
8.286999999987357,0.6605367414195843
8.287999999987354,0.6605403715343697
8.288999999987352,0.6605429893599732
8.28999999998735,0.6605460360323017
8.290999999987347,0.6605495758820487
8.291999999987345,0.6605516188017199
8.292999999987343,0.6605534040198353
8.29399999998734,0.6605556765170411
8.294999999987338,0.6605568434545189
8.295999999987336,0.6605582251226533
8.296999999987333,0.6605598463811413
8.297999999987331,0.6605620292326779
8.298999999987329,0.6605636083715111
8.299999999987326,0.6605653878712294
8.300999999987324,0.6605674606409054
8.301999999987322,0.6605713651783264
8.30299999998732,0.6605743980763006
8.303999999987317,0.660577145377416
8.304999999987315,0.6605801701397452
8.305999999987312,0.6605832576283267
8.30699999998731,0.6605840012540664
8.307999999987308,0.66058541620497
8.308999999987305,0.6605864532177417
8.309999999987303,0.6605879762760835
8.3109999999873,0.6605888736823652
8.311999999987298,0.6605892603913106
8.312999999987296,0.6605900937282256
8.313999999987294,0.6605907399918841
8.314999999987291,0.660591933632654
8.31599999998729,0.6605925170525202
8.316999999987287,0.6605944644187963
8.317999999987284,0.6605965462463043
8.318999999987282,0.660598026855191
8.31999999998728,0.6605995900467081
8.320999999987277,0.6606017415445637
8.321999999987275,0.6606035354562447
8.322999999987273,0.6606046544611511
8.32399999998727,0.6606062528021562
8.324999999987268,0.6606075333325233
8.325999999987266,0.6606076806873908
8.326999999987263,0.6606066287959269
8.327999999987261,0.660606322730943
8.328999999987259,0.660606182930255
8.329999999987256,0.6606056460266664
8.330999999987254,0.6606049279844867
8.331999999987252,0.6606058749604556
8.33299999998725,0.6606066173914458
8.333999999987247,0.6606076230157628
8.334999999987245,0.6606080354137828
8.335999999987243,0.6606089578942979
8.33699999998724,0.6606102734076978
8.337999999987238,0.6606110367445265
8.338999999987236,0.6606115151148393
8.339999999987233,0.6606117284598151
8.34099999998723,0.6606124369089735
8.341999999987229,0.6606116802182432
8.342999999987226,0.6606106757101795
8.343999999987224,0.6606101582192512
8.344999999987222,0.6606092447570224
8.34599999998722,0.6606078615685423
8.346999999987217,0.6606067243281305
8.347999999987215,0.6606061537219317
8.348999999987212,0.6606050019714421
8.34999999998721,0.6606040642768444
8.350999999987208,0.6606041027479199
8.351999999987205,0.6606053030652322
8.352999999987203,0.6606056620415395
8.3539999999872,0.6606057561768246
8.354999999987198,0.6606061441423263
8.355999999987196,0.6606066129128597
8.356999999987194,0.6606054293987625
8.357999999987191,0.6606042777799085
8.358999999987189,0.6606027656004329
8.359999999987187,0.6606017431965439
8.360999999987184,0.66060011467512
8.361999999987182,0.660597992559614
8.36299999998718,0.6605963228084448
8.363999999987177,0.660595100724643
8.364999999987175,0.6605938122095988
8.365999999987173,0.6605919385998964
8.36699999998717,0.660591432425086
8.367999999987168,0.6605910820928003
8.368999999987166,0.6605901587131794
8.369999999987163,0.660589930025123
8.370999999987161,0.6605897131891028
8.371999999987159,0.6605891660681837
8.372999999987156,0.66058797293607
8.373999999987154,0.6605872679635045
8.374999999987152,0.6605862668244533
8.37599999998715,0.6605847246595141
8.376999999987147,0.6605814488843054
8.377999999987145,0.6605789215407569
8.378999999987142,0.660576572539397
8.37999999998714,0.6605738463978025
8.380999999987138,0.6605709572505373
8.381999999987135,0.6605702682766934
8.382999999987133,0.6605688547316667
8.38399999998713,0.6605677231627429
8.384999999987128,0.6605660277142301
8.385999999987126,0.6605648597399112
8.386999999987124,0.6605641087062484
8.387999999987121,0.6605628375524908
8.388999999987119,0.6605618059602478
8.389999999987117,0.660560032091295
8.390999999987114,0.6605587648836282
8.391999999987112,0.660556072497358
8.39299999998711,0.6605531513942491
8.393999999987107,0.6605507266451515
8.394999999987105,0.6605483999836366
8.395999999987103,0.6605451480523945
8.3969999999871,0.6605421553653746
8.397999999987098,0.6605397402440366
8.398999999987096,0.6605367719263228
8.399999999987093,0.6605340357761625
8.400999999987091,0.6605327314257199
8.401999999987089,0.6605321520264767
8.402999999987086,0.660530766270361
8.403999999987084,0.66052914186877
8.404999999987082,0.660527832961942
8.40599999998708,0.6605266288333679
8.406999999987077,0.6605242302305602
8.407999999987075,0.6605214685360726
8.408999999987072,0.6605183706438845
8.40999999998707,0.6605157739507435
8.410999999987068,0.6605125969079902
8.411999999987065,0.6605089484333967
8.412999999987063,0.6605057628836475
8.41399999998706,0.6605034155804996
8.414999999987058,0.6605006381875145
8.415999999987056,0.6604973036114805
8.416999999987054,0.6604953412845869
8.417999999987051,0.660493557669384
8.418999999987049,0.66049123165234
8.419999999987047,0.6604899631691423
8.420999999987044,0.6604883828337131
8.421999999987042,0.6604865028361563
8.42299999998704,0.66048400967024
8.423999999987037,0.6604820190844886
8.424999999987035,0.660479758644707
8.425999999987033,0.6604772962811176
8.42699999998703,0.6604728251779309
8.427999999987028,0.6604691097827149
8.428999999987026,0.6604655883400856
8.429999999987023,0.6604617115352528
8.430999999987021,0.6604576907978371
8.431999999987019,0.6604561449631113
8.432999999987016,0.660453614350965
8.433999999987014,0.6604513838503092
8.434999999987012,0.6604486188659936
8.43599999998701,0.6604463985738614
8.436999999987007,0.660444618471479
8.437999999987005,0.660442351112344
8.438999999987002,0.6604405895660715
8.439999999987,0.6604378699364115
8.440999999986998,0.6604356719800664
8.441999999986995,0.6604320902505287
8.442999999986993,0.6604283012545896
8.44399999998699,0.6604250204686088
8.444999999986988,0.6604220692232319
8.445999999986986,0.6604179999070766
8.446999999986984,0.660414202379463
8.447999999986981,0.6604109917151186
8.44899999998698,0.6604072538925267
8.449999999986977,0.6604037636607601
8.450999999986974,0.660401897660873
8.451999999986972,0.6604005767403517
8.45299999998697,0.6603984828429668
8.453999999986967,0.6603961757910861
8.454999999986965,0.6603942050629882
8.455999999986963,0.6603923627914209
8.45699999998696,0.6603895235928349
8.457999999986958,0.6603861858485416
8.458999999986956,0.6603825364877987
8.459999999986954,0.6603794004358975
8.460999999986951,0.6603757088156696
8.461999999986949,0.6603715655654916
8.462999999986947,0.6603678932860259
8.463999999986944,0.6603651903895451
8.464999999986942,0.6603619465442726
8.46599999998694,0.6603581693120965
8.466999999986937,0.6603557638063007
8.467999999986935,0.6603535550293401
8.468999999986933,0.6603508308024213
8.46999999998693,0.6603492729458268
8.470999999986928,0.6603473265089027
8.471999999986926,0.6603451082590481
8.472999999986923,0.6603423074778128
8.47399999998692,0.6603400228848492
8.474999999986919,0.6603374928401393
8.475999999986916,0.6603348506687642
8.476999999986914,0.6603301681742334
8.477999999986912,0.6603262462891016
8.47899999998691,0.6603225304548848
8.479999999986907,0.6603184760015194
8.480999999986905,0.6603142909753846
8.481999999986902,0.6603126090609734
8.4829999999869,0.6603099170273175
8.483999999986898,0.6603075366584651
8.484999999986895,0.6603046454194106
8.485999999986893,0.6603023103045889
8.48699999998689,0.6603004324250255
8.487999999986888,0.6602980953140023
8.488999999986886,0.6602962960710996
8.489999999986884,0.6602935499778166
8.490999999986881,0.6602913377453176
8.491999999986879,0.6602877783195191
8.492999999986877,0.6602840289800443
8.493999999986874,0.6602807955763502
8.494999999986872,0.6602778933172766
8.49599999998687,0.6602738991104786
8.496999999986867,0.6602701823107492
8.497999999986865,0.660267054212815
8.498999999986863,0.6602634173815378
8.49999999998686,0.6602600356022998
8.500999999986858,0.6602582494714314
8.501999999986856,0.6602570348024837
8.502999999986853,0.6602550738188238
8.503999999986851,0.6602529192789122
8.504999999986849,0.6602511158771064
8.505999999986846,0.6602494589316067
8.506999999986844,0.6602467917258723
8.507999999986842,0.6602436908473348
8.50899999998684,0.6602402972939526
8.509999999986837,0.6602374237332644
8.510999999986835,0.6602340125660912
8.511999999986832,0.6602301617213233
8.51299999998683,0.66022678199386
8.513999999986828,0.6602243023368225
8.514999999986825,0.6602213559655348
8.515999999986823,0.6602178911319357
8.51699999998682,0.6602157880375004
8.517999999986818,0.6602138906731938
8.518999999986816,0.6602114967615506
8.519999999986814,0.6602101903446127
8.520999999986811,0.6602085919800355
8.521999999986809,0.6602067422604789
8.522999999986807,0.660204333650093
8.523999999986804,0.6602024487729794
8.524999999986802,0.6602003357836007
8.5259999999868,0.6601980236314975
8.526999999986797,0.6601938020771616
8.527999999986795,0.6601903384428305
8.528999999986793,0.6601870844926134
8.52999999998679,0.6601834993014847
8.530999999986788,0.6601797872188065
8.531999999986786,0.6601784404228392
8.532999999986783,0.6601762065639258
8.533999999986781,0.6601742860982452
8.534999999986779,0.6601718691484734
8.535999999986776,0.6601700107274083
8.536999999986774,0.6601686171963762
8.537999999986772,0.6601667839811679
8.53899999998677,0.6601653720414736
8.539999999986767,0.6601631589527891
8.540999999986765,0.6601614845274906
8.541999999986762,0.6601584905732265
8.54299999998676,0.6601553156811626
8.543999999986758,0.6601526558911743
8.544999999986755,0.6601501909080201
8.545999999986753,0.6601467809614845
8.54699999998675,0.660143643928401
8.547999999986748,0.6601410872080713
8.548999999986746,0.6601380298080471
8.549999999986744,0.6601352247368998
8.550999999986741,0.6601338630244811
8.551999999986739,0.6601332048796414
8.552999999986737,0.6601318177621134
8.553999999986734,0.6601302479606111
8.554999999986732,0.6601290352772022
8.55599999998673,0.6601279782779677
8.556999999986727,0.6601257873038634
8.557999999986725,0.6601233217715531
8.558999999986723,0.6601205734726056
8.55999999998672,0.6601183428158532
8.560999999986718,0.6601155826893053
8.561999999986716,0.6601123846731464
8.562999999986713,0.6601096478014291
8.563999999986711,0.6601076471741205
8.564999999986709,0.6601053302919186
8.565999999986706,0.6601024994260504
8.566999999986704,0.6601010100774757
8.567999999986702,0.6600997253677267
8.5689999999867,0.660097953455048
8.569999999986697,0.6600971108939669
8.570999999986695,0.6600961355691699
8.571999999986692,0.6600949200031783
8.57299999998669,0.6600931600071688
8.573999999986688,0.660091922523537
8.574999999986685,0.6600904647868736
8.575999999986683,0.6600886547757584
8.57699999998668,0.6600851148194279
8.577999999986679,0.6600823203323692
8.578999999986676,0.6600797289313814
8.579999999986674,0.6600768033432849
8.580999999986672,0.6600737443152418
8.58199999998667,0.6600728613471474
8.582999999986667,0.6600712482075077
8.583999999986665,0.6600699403828292
8.584999999986662,0.6600681408653154
8.58599999998666,0.6600668930356476
8.586999999986658,0.6600661081893585
8.587999999986655,0.6600648939333632
8.588999999986653,0.6600639495677858
8.58999999998665,0.6600623683226698
8.590999999986648,0.6600613214367925
8.591999999986646,0.6600589727642197
8.592999999986644,0.6600564425788337
8.593999999986641,0.6600544168511675
8.594999999986639,0.6600524279318511
8.595999999986637,0.6600496454054763
8.596999999986634,0.6600471214597359
8.597999999986632,0.6600451598488746
8.59899999998663,0.6600426958079972
8.599999999986627,0.6600404722423298
8.600999999986625,0.6600395327589248
8.601999999986623,0.6600394203427925
8.60299999998662,0.6600385873471327
8.603999999986618,0.6600375738938469
8.604999999986616,0.6600369148037243
8.605999999986613,0.6600364116953235
8.606999999986611,0.6600346559955709
8.607999999986609,0.66003276338357
8.608999999986606,0.6600305886163308
8.609999999986604,0.6600289197078913
8.610999999986602,0.6600267199345856
8.6119999999866,0.6600240749641367
8.612999999986597,0.6600218721727542
8.613999999986595,0.6600202629618558
8.614999999986592,0.6600184513754396
8.61599999998659,0.6600161214669711
8.616999999986588,0.6600151049854869
8.617999999986585,0.6600142838961065
8.618999999986583,0.6600129768270855
8.61999999998658,0.6600124750614328
8.620999999986578,0.6600119516225417
8.621999999986576,0.6600111906967383
8.622999999986574,0.6600098913861626
8.623999999986571,0.6600091049321687
8.624999999986569,0.6600080972873861
8.625999999986567,0.6600066297364016
8.626999999986564,0.6600035510487811
8.627999999986562,0.6600011967035226
8.62899999998656,0.6599990301043175
8.629999999986557,0.6599965182639609
8.630999999986555,0.6599938587550209
8.631999999986553,0.6599932453944253
8.63299999998655,0.6599919871593994
8.633999999986548,0.659991019215497
8.634999999986546,0.6599895572207984
8.635999999986543,0.6599886333461
8.636999999986541,0.6599881635446423
8.637999999986539,0.6599872673042969
8.638999999986536,0.6599865598744319
8.639999999986534,0.6599852962765093
8.640999999986532,0.6599845549121466
8.64199999998653,0.659982521573357
8.642999999986527,0.6599802984711741
8.643999999986525,0.6599785612457661
8.644999999986522,0.6599767844806994
8.64599999998652,0.6599742715219201
8.646999999986518,0.6599719961575259
8.647999999986515,0.6599702589688232
8.648999999986513,0.6599680110964304
8.64999999998651,0.6599659863290377
8.650999999986508,0.6599651787224786
8.651999999986506,0.659965220378556
8.652999999986504,0.6599645438077629
8.653999999986501,0.6599636830149128
8.654999999986499,0.6599631677712305
8.655999999986497,0.6599628023804786
8.656999999986494,0.6599611654280618
8.657999999986492,0.6599594177767283
8.65899999998649,0.6599573818539411
8.659999999986487,0.6599558331051091
8.660999999986485,0.6599537456534402
8.661999999986483,0.6599512003038525
8.66299999998648,0.6599490728881318
8.663999999986478,0.6599475076071772
8.664999999986476,0.6599457342958471
8.665999999986473,0.6599434334764115
8.666999999986471,0.659942414567768
8.667999999986469,0.659941577698358
8.668999999986466,0.6599402516002659
8.669999999986464,0.65993972506568
8.670999999986462,0.6599391621222763
8.67199999998646,0.6599383594201229
8.672999999986457,0.6599370191430963
8.673999999986455,0.6599361765724077
8.674999999986452,0.6599351063145362
8.67599999998645,0.6599335932268033
8.676999999986448,0.6599304545406871
8.677999999986445,0.659928014026372
8.678999999986443,0.6599257410924748
8.67999999998644,0.6599231081164978
8.680999999986438,0.659920310098698
8.681999999986436,0.6599195621097632
8.682999999986434,0.6599181168356537
8.683999999986431,0.6599169444466234
8.68499999998643,0.6599152727575208
8.685999999986427,0.6599141231429354
8.686999999986424,0.6599134159657437
8.687999999986422,0.6599122819119513
8.68899999998642,0.6599113920957906
8.689999999986417,0.6599098836941283
8.690999999986415,0.6599088811896686
8.691999999986413,0.6599065926860158
8.69299999998641,0.6599041025381119
8.693999999986408,0.659902075855427
8.694999999986406,0.6599000760672721
8.695999999986403,0.6598972505787578
8.696999999986401,0.6598946398887592
8.697999999986399,0.6598925419146049
8.698999999986397,0.6598899232873334
8.699999999986394,0.6598875097430503
8.700999999986392,0.6598863932140521
8.70199999998639,0.6598860009806674
8.702999999986387,0.6598848912091049
8.703999999986385,0.6598835916950054
8.704999999986383,0.6598826271060957
8.70599999998638,0.6598818040156739
8.706999999986378,0.6598798378338244
8.707999999986376,0.6598776355560877
8.708999999986373,0.6598751365405112
8.70999999998637,0.6598731035439923
8.710999999986369,0.6598705222640762
8.711999999986366,0.6598674699784504
8.712999999986364,0.6598648110560961
8.713999999986362,0.6598628344129331
8.71499999998636,0.6598604930316575
8.715999999986357,0.6598576150522678
8.716999999986355,0.6598559890902436
8.717999999986352,0.6598545325239124
8.71899999998635,0.6598525836393522
8.719999999986348,0.6598515799346101
8.720999999986345,0.6598503742929613
8.721999999986343,0.6598489261300503
8.72299999998634,0.6598469404492386
8.723999999986338,0.659845436310575
8.724999999986336,0.6598436970642534
8.725999999986334,0.6598416833352998
8.726999999986331,0.6598378782602119
8.727999999986329,0.6598347450371727
8.728999999986327,0.6598317593920425
8.729999999986324,0.6598284002092902
8.730999999986322,0.6598248605074993
8.73199999998632,0.6598235281412187
8.732999999986317,0.659821297519984
8.733999999986315,0.6598193248264244
8.734999999986313,0.6598168494172792
8.73599999998631,0.6598148822081128
8.736999999986308,0.6598133477352378
8.737999999986306,0.6598113871166722
8.738999999986303,0.6598098739589342
8.739999999986301,0.6598075335114191
8.740999999986299,0.6598056831391486
8.741999999986296,0.6598025537620638
8.742999999986294,0.6597992121097144
8.743999999986292,0.6597963126580488
8.74499999998629,0.6597936539411422
8.745999999986287,0.6597899371941118
8.746999999986285,0.6597864156277022
8.747999999986282,0.6597833848690674
8.74899999998628,0.6597798265831216
8.749999999986278,0.6597764593639194
8.750999999986275,0.6597746131137587
8.751999999986273,0.6597732296597326
8.75299999998627,0.6597711322203202
8.753999999986268,0.659768842291154
8.754999999986266,0.6597668793821203
8.755999999986264,0.6597650519946909
8.756999999986261,0.6597623482638547
8.757999999986259,0.659759148883013
8.758999999986257,0.6597556467646867
8.759999999986254,0.6597525919771304
8.760999999986252,0.6597489824459725
8.76199999998625,0.6597448931622923
8.762999999986247,0.6597411770567738
8.763999999986245,0.6597383977584059
8.764999999986243,0.659734971173809
8.76599999998624,0.6597310034787705
8.766999999986238,0.659728263751766
8.767999999986236,0.6597256856959338
8.768999999986233,0.6597226166765665
8.769999999986231,0.6597207659488097
8.770999999986229,0.6597184281881662
8.771999999986226,0.6597158490652403
8.772999999986224,0.6597127361898631
8.773999999986222,0.6597100923532976
8.77499999998622,0.6597072097106845
8.775999999986217,0.6597043422287573
8.776999999986215,0.6596994043159068
8.777999999986212,0.659695116491552
8.77899999998621,0.6596909610072499
8.779999999986208,0.6596864240955549
8.780999999986205,0.659681697210228
8.781999999986203,0.6596794513996233
8.7829999999862,0.6596760015784636
8.783999999986198,0.6596728009501179
8.784999999986196,0.6596690999138064
8.785999999986194,0.6596658991438872
8.786999999986191,0.6596631271039695
8.787999999986189,0.6596599347948852
8.788999999986187,0.6596574978275387
8.789999999986184,0.6596539290372938
8.790999999986182,0.6596508394862957
8.79199999998618,0.6596464831798194
8.792999999986177,0.6596419095348554
8.793999999986175,0.659637762395272
8.794999999986173,0.6596341677610406
8.79599999998617,0.659629196282857
8.796999999986168,0.6596244073106758
8.797999999986166,0.6596200943033342
8.798999999986163,0.6596152535293112
8.799999999986161,0.6596105970301211
8.800999999986159,0.6596077742266304
8.801999999986156,0.659605076775121
8.802999999986154,0.6596016752193634
8.803999999986152,0.6595980847954432
8.80499999998615,0.6595948197797983
8.805999999986147,0.6595916904235762
8.806999999986145,0.6595880297916739
8.807999999986142,0.65958354642796
8.80899999998614,0.6595787607103195
8.809999999986138,0.6595744101652373
8.810999999986135,0.6595695052294878
8.811999999986133,0.6595641194286967
8.81299999998613,0.6595590942182465
8.813999999986128,0.6595553283337522
8.814999999986126,0.6595505782364611
8.815999999986124,0.6595452899519215
8.816999999986121,0.6595412137586263
8.81799999998612,0.6595372989596362
8.818999999986117,0.659532901822361
8.819999999986115,0.6595300529418873
8.820999999986112,0.6595263877379244
8.82199999998611,0.6595224893666259
8.822999999986108,0.6595180679577791
8.823999999986105,0.6595141103381463
8.824999999986103,0.6595099173336066
8.8259999999861,0.6595060756480988
8.826999999986098,0.6594998511703324
8.827999999986096,0.6594942628287831
8.828999999986094,0.659488799352461
8.829999999986091,0.6594829546096407
8.830999999986089,0.6594769186330798
8.831999999986087,0.6594736739246784
8.832999999986084,0.6594688977510869
8.833999999986082,0.6594643700455958
8.83499999998608,0.6594593520424143
8.835999999986077,0.6594548342606681
8.836999999986075,0.6594507488110765
8.837999999986073,0.6594462564639784
8.83899999998607,0.6594428495536144
8.839999999986068,0.6594379974866607
8.840999999986066,0.6594336218303692
8.841999999986063,0.6594279994285339
8.842999999986061,0.659422162812969
8.843999999986059,0.6594167452794869
8.844999999986056,0.6594122031931774
8.845999999986054,0.6594059690004033
8.846999999986052,0.6593999131946302
8.84799999998605,0.6593943268981961
8.848999999986047,0.6593882206386037
8.849999999986045,0.6593823001042765
8.850999999986042,0.6593785250866966
8.85199999998604,0.6593745530500952
8.852999999986038,0.6593698946599924
8.853999999986035,0.6593650591456024
8.854999999986033,0.6593605554316743
8.85599999998603,0.6593561955371512
8.856999999986028,0.6593516364102876
8.857999999986026,0.659345954617176
8.858999999986024,0.6593399792381709
8.859999999986021,0.6593344355375407
8.860999999986019,0.6593283462021479
8.861999999986017,0.6593217835087875
8.862999999986014,0.6593155773533528
8.863999999986012,0.6593109265246496
8.86499999998601,0.6593049956404372
8.865999999986007,0.6592985374969365
8.866999999986005,0.6592932836686007
8.867999999986003,0.6592881986752763
8.868999999986,0.6592826479325914
8.869999999985998,0.6592789368977523
8.870999999985996,0.6592741323849094
8.871999999985993,0.6592691109729921
8.872999999985991,0.6592635853866428
8.873999999985989,0.6592585271753577
8.874999999985986,0.6592532454017597
8.875999999985984,0.6592486011036469
8.876999999985982,0.6592413261802232
8.87799999998598,0.6592346822464313
8.878999999985977,0.65922816413366
8.879999999985975,0.6592212729987447
8.880999999985972,0.6592141973073875
8.88199999998597,0.6592101609642274
8.882999999985968,0.6592043413783116
8.883999999985965,0.6591987769748454
8.884999999985963,0.6591927399904237
8.88599999998596,0.6591872107604496
8.886999999985958,0.6591821247078368
8.887999999985956,0.6591766527788515
8.888999999985954,0.6591725216930887
8.889999999985951,0.6591667209297944
8.890999999985949,0.6591614025573808
8.891999999985947,0.6591548653754781
8.892999999985944,0.6591481255736409
8.893999999985942,0.6591418060241735
8.89499999998594,0.6591365979423428
8.895999999985937,0.6591294831108073
8.896999999985935,0.6591225502334201
8.897999999985933,0.6591160876814104
8.89899999998593,0.6591091200142974
8.899999999985928,0.6591023464159442
8.900999999985926,0.6590979318141605
8.901999999985923,0.6590931075664767
8.902999999985921,0.659087621863579
8.903999999985919,0.6590819784051041
8.904999999985916,0.6590766805888807
8.905999999985914,0.6590715423911977
8.906999999985912,0.6590664281626138
8.90799999998591,0.6590600134922053
8.908999999985907,0.6590533219947959
8.909999999985905,0.659047067035858
8.910999999985902,0.6590402827385075
8.9119999999859,0.6590330397391189
8.912999999985898,0.6590261562694287
8.913999999985895,0.659021002647676
8.914999999985893,0.6590144059362413
8.91599999998589,0.6590072991233712
8.916999999985888,0.6590013946001013
8.917999999985886,0.65899567209636
8.918999999985884,0.6589895068422722
8.919999999985881,0.6589853418789281
8.92099999998588,0.6589799478246542
8.921999999985877,0.6589743599473192
8.922999999985874,0.6589682937906832
8.923999999985872,0.6589627066193202
8.92499999998587,0.6589569149854222
8.925999999985867,0.6589519066947837
8.926999999985865,0.6589441718403904
8.927999999985863,0.6589370701733439
8.92899999998586,0.6589301019527234
8.929999999985858,0.6589227747444877
8.930999999985856,0.6589152750753592
8.931999999985853,0.6589109119897425
8.932999999985851,0.658904673292232
8.933999999985849,0.6588987012398528
8.934999999985846,0.658892279583069
8.935999999985844,0.6588863783721978
8.936999999985842,0.6588809359423574
8.93799999998584,0.658875134274841
8.938999999985837,0.6588707706168898
8.939999999985835,0.6588646818517234
8.940999999985833,0.6588590886752748
8.94199999998583,0.6588523103935777
8.942999999985828,0.6588453474840877
8.943999999985826,0.6588388125111194
8.944999999985823,0.6588334567561726
8.94599999998582,0.6588261566776581
8.946999999985819,0.658819046779701
8.947999999985816,0.658812412130348
8.948999999985814,0.6588052912059366
8.949999999985812,0.6587983763143361
8.95099999998581,0.65879385813578
8.951999999985807,0.6587888988538219
8.952999999985805,0.658783307424725
8.953999999985802,0.6587775826643357
8.9549999999858,0.6587722222105896
8.955999999985798,0.6587670422854227
8.956999999985795,0.658761927642274
8.957999999985793,0.6587555253485828
8.95899999998579,0.658748868350483
8.959999999985788,0.6587426584941699
8.960999999985786,0.658735940126006
8.961999999985784,0.6587287814137194
8.962999999985781,0.6587219888306637
8.963999999985779,0.6587169106452602
8.964999999985777,0.6587104212275554
8.965999999985774,0.6587034415308425
8.966999999985772,0.6586976639267479
8.96799999998577,0.6586920836468283
8.968999999985767,0.6586860866950814
8.969999999985765,0.6586820565030793
8.970999999985763,0.6586768604094154
8.97199999998576,0.6586714971895388
8.972999999985758,0.6586656855280495
8.973999999985756,0.6586603695414176
8.974999999985753,0.6586548722924493
8.975999999985751,0.6586501053918057
8.976999999985749,0.6586427202324588
8.977999999985746,0.6586359743469297
8.978999999985744,0.6586293725618192
8.979999999985742,0.6586224276922915
8.98099999998574,0.6586153238522223
8.981999999985737,0.6586112490624382
8.982999999985735,0.6586054122920204
8.983999999985732,0.6585998543546452
8.98499999998573,0.6585938712367668
8.985999999985728,0.6585884225844202
8.986999999985725,0.6585834491847427
8.987999999985723,0.6585781451714368
8.98899999998572,0.6585741713478444
8.989999999985718,0.6585686265190596
8.990999999985716,0.6585635941817797
8.991999999985714,0.658557412368751
8.992999999985711,0.6585510665141624
8.993999999985709,0.6585451589384222
8.994999999985707,0.6585402882688468
8.995999999985704,0.658533647244199
8.996999999985702,0.6585272049939642
8.9979999999857,0.6585212427357947
8.998999999985697,0.6585148128181042
8.999999999985695,0.6585086002651579
9.000999999985693,0.6585046106074618
9.00199999998569,0.6585003578078259
9.002999999985688,0.6584955026035259
9.003999999985686,0.6584905396344538
9.004999999985683,0.6584859605032487
9.005999999985681,0.6584815839674255
9.006999999985679,0.6584771022575738
9.007999999985676,0.6584715589979684
9.008999999985674,0.6584657844225897
9.009999999985672,0.6584604691870635
9.01099999998567,0.6584546665189287
9.011999999985667,0.6584484411471285
9.012999999985665,0.6584425877293875
9.013999999985662,0.6584382203442924
9.01499999998566,0.6584326836886886
9.015999999985658,0.6584266749084566
9.016999999985655,0.6584218654711662
9.017999999985653,0.6584172665334392
9.01899999998565,0.6584122759118002
9.019999999985648,0.6584090078271474
9.020999999985646,0.6584048450648307
9.021999999985644,0.6584005412804598
9.022999999985641,0.658395818643399
9.023999999985639,0.658391609206695
9.024999999985637,0.6583872414865454
9.025999999985634,0.6583833416533175
9.026999999985632,0.6583771389721574
9.02799999998563,0.6583715810882583
9.028999999985627,0.6583661765180482
9.029999999985625,0.6583604422130775
9.030999999985623,0.6583545594462129
9.03199999998562,0.6583513892200732
9.032999999985618,0.6583467732673733
9.033999999985616,0.6583424448376028
9.034999999985613,0.658337712888518
9.035999999985611,0.6583335265785545
9.036999999985609,0.6583298286466307
9.037999999985606,0.6583258264892115
9.038999999985604,0.6583228446585504
9.039999999985602,0.6583186449383283
9.0409999999856,0.6583149738722566
9.041999999985597,0.6583101864464358
9.042999999985595,0.6583052537039704
9.043999999985592,0.6583007677108487
9.04499999998559,0.6582969755144988
9.045999999985588,0.658291781558246
9.046999999985585,0.6582867910023302
9.047999999985583,0.6582822808071717
9.04899999998558,0.6582773171537986
9.049999999985578,0.6582725775230713
9.050999999985576,0.6582696910893352
9.051999999985574,0.6582669062835423
9.052999999985571,0.6582635451373
9.05399999998557,0.65826009875787
9.054999999985567,0.658257052422865
9.055999999985564,0.658254227623286
9.056999999985562,0.6582509368545323
9.05799999998556,0.6582469948734093
9.058999999985557,0.6582428418152881
9.059999999985555,0.6582391573755894
9.060999999985553,0.6582350025017079
9.06199999998555,0.6582304377049197
9.062999999985548,0.6582262458220394
9.063999999985546,0.658223127495625
9.064999999985544,0.6582192562830612
9.065999999985541,0.6582149255435037
9.066999999985539,0.6582117852173925
9.067999999985537,0.6582088627347744
9.068999999985534,0.658205568601792
9.069999999985532,0.6582035765855875
9.07099999998553,0.6582011279626861
9.071999999985527,0.6581985597451311
9.072999999985525,0.658195597875703
9.073999999985523,0.6581931631982761
9.07499999998552,0.6581905887297224
9.075999999985518,0.6581880503610676
9.076999999985516,0.6581836844253969
9.077999999985513,0.6581799640473232
9.07899999998551,0.6581764007122468
9.079999999985509,0.658172514753229
9.080999999985506,0.6581684843493758
9.081999999985504,0.6581666874848331
9.082999999985502,0.6581639115427446
9.0839999999855,0.6581614250499583
9.084999999985497,0.6581585504772646
9.085999999985495,0.6581562264857305
9.086999999985492,0.6581543972559138
9.08799999998549,0.6581522842874175
9.088999999985488,0.6581507313813765
9.089999999985485,0.6581484542904816
9.090999999985483,0.6581467171147348
9.09199999998548,0.6581438903688647
9.092999999985478,0.6581409312927872
9.093999999985476,0.6581384216149755
9.094999999985474,0.6581361194388418
9.095999999985471,0.658132915248639
9.096999999985469,0.6581299119348438
9.097999999985467,0.658127382025756
9.098999999985464,0.6581244054298069
9.099999999985462,0.6581216521053883
9.10099999998546,0.6581202489904434
9.101999999985457,0.6581194319678251
9.102999999985455,0.6581180578418624
9.103999999985453,0.658116614653477
9.10499999998545,0.6581155810843828
9.105999999985448,0.6581147813997821
9.106999999985446,0.6581130313191478
9.107999999985443,0.6581111518068659
9.108999999985441,0.6581090747704126
9.109999999985439,0.6581074690608733
9.110999999985436,0.6581054026285219
9.111999999985434,0.6581029314577523
9.112999999985432,0.6581008266109489
9.11399999998543,0.6580992712526809
9.114999999985427,0.6580974771303727
9.115999999985425,0.6580952281215643
9.116999999985422,0.6580941525054579
9.11799999998542,0.658093294068531
9.118999999985418,0.6580920765187185
9.119999999985415,0.6580916404596356
9.120999999985413,0.6580912724313399
9.12199999998541,0.6580907986766124
9.122999999985408,0.6580899490856157
9.123999999985406,0.658089633803396
9.124999999985404,0.6580891896610724
9.125999999985401,0.6580882603423432
9.126999999985399,0.6580860542156257
9.127999999985397,0.6580844868196919
9.128999999985394,0.6580830721781535
9.129999999985392,0.658081333818146
9.13099999998539,0.6580794468242381
9.131999999985387,0.658079236297962
9.132999999985385,0.6580785769134901
9.133999999985383,0.6580782006767897
9.13499999998538,0.658077443758798
9.135999999985378,0.6580772343985841
9.136999999985376,0.658077517730126
9.137999999985373,0.6580775297355032
9.138999999985371,0.6580775773882459
9.139999999985369,0.6580774446500735
9.140999999985366,0.6580778553841871
9.141999999985364,0.6580771948131301
9.142999999985362,0.6580764068686848
9.14399999998536,0.658076062811729
9.144999999985357,0.65807538710868
9.145999999985355,0.65807434739846
9.146999999985352,0.6580734976822121
9.14799999998535,0.6580731061381049
9.148999999985348,0.6580722661732822
9.149999999985345,0.6580716405724493
9.150999999985343,0.6580718215059173
9.15199999998534,0.6580730991052156
9.152999999985338,0.6580738306024215
9.153999999985336,0.6580745011913232
9.154999999985334,0.6580755827348895
9.155999999985331,0.6580769021350446
9.156999999985329,0.6580767571306188
9.157999999985327,0.658077018857268
9.158999999985324,0.6580770881577512
9.159999999985322,0.6580776230578539
9.16099999998532,0.6580776983862944
9.161999999985317,0.6580773659110645
9.162999999985315,0.6580773850043432
9.163999999985313,0.6580774147707478
9.16499999998531,0.6580777203456474
9.165999999985308,0.6580775673807638
9.166999999985306,0.658078562936012
9.167999999985303,0.6580797668490093
9.168999999985301,0.6580806160623149
9.169999999985299,0.6580817231855289
9.170999999985296,0.6580834113953915
9.171999999985294,0.6580849991830247
9.172999999985292,0.6580862204182243
9.17399999998529,0.6580879746907774
9.174999999985287,0.6580896023245326
9.175999999985285,0.6580902324199221
9.176999999985282,0.6580901125991642
9.17799999998528,0.6580906163224075
9.178999999985278,0.6580912600696837
9.179999999985275,0.658091570998957
9.180999999985273,0.6580917213571728
9.18199999998527,0.6580930131561482
9.182999999985269,0.6580943511962032
9.183999999985266,0.6580959584870355
9.184999999985264,0.6580971846570858
9.185999999985262,0.6580989476678292
9.18699999998526,0.658101193165852
9.187999999985257,0.6581031714608032
9.188999999985255,0.6581046951150059
9.189999999985252,0.6581065331978861
9.19099999998525,0.658108909793252
9.191999999985248,0.6581102247190486
9.192999999985245,0.6581114089974315
9.193999999985243,0.6581130232860255
9.19499999998524,0.6581138134853238
9.195999999985238,0.6581147176492264
9.196999999985236,0.6581157935541329
9.197999999985234,0.6581173053233952
9.198999999985231,0.6581183594817022
9.199999999985229,0.6581196122702838
9.200999999985227,0.6581211858762839
9.201999999985224,0.6581242968023105
9.202999999985222,0.6581268649697516
9.20399999998522,0.6581293726853296
9.204999999985217,0.6581322848365515
9.205999999985215,0.6581354306720291
9.206999999985213,0.6581366657305481
9.20799999998521,0.6581387614804725
9.208999999985208,0.6581406617869286
9.209999999985206,0.6581430138171049
9.210999999985203,0.658144899746439
9.211999999985201,0.6581463680451671
9.212999999985199,0.6581481664953587
9.213999999985196,0.6581495185218512
9.214999999985194,0.6581515681139093
9.215999999985192,0.658153148918201
9.21699999998519,0.6581558477262335
9.217999999985187,0.6581587397074871
9.218999999985185,0.6581612745915993
9.219999999985182,0.6581636347083349
9.22099999998518,0.6581669860175714
9.221999999985178,0.6581702346348648
9.222999999985175,0.6581731183100203
9.223999999985173,0.658176525921373
9.22499999998517,0.6581798013423352
9.225999999985168,0.6581816680003426
9.226999999985166,0.6581831982282367
9.227999999985164,0.6581853298001061
9.228999999985161,0.6581875818940727
9.229999999985159,0.6581894862586982
9.230999999985157,0.6581912127567502
9.231999999985154,0.6581936585213793
9.232999999985152,0.6581965243638969
9.23399999998515,0.6581996404009547
9.234999999985147,0.6582023690718747
9.235999999985145,0.6582056182371597
9.236999999985143,0.6582093336765212
9.23799999998514,0.6582127793936893
9.238999999985138,0.6582154002947125
9.239999999985136,0.6582186980910744
9.240999999985133,0.6582225221471869
9.241999999985131,0.6582252874078146
9.242999999985129,0.6582279123071532
9.243999999985126,0.6582309468042444
9.244999999985124,0.6582327958412535
9.245999999985122,0.6582350969307282
9.24699999998512,0.6582375469366778
9.247999999985117,0.6582404063421924
9.248999999985115,0.6582427942633426
9.249999999985112,0.6582453611890525
9.25099999998511,0.658247901876036
9.251999999985108,0.6582522752300111
9.252999999985105,0.6582561037759023
9.253999999985103,0.6582598666794268
9.2549999999851,0.6582640217654588
9.255999999985098,0.6582684002487442
9.256999999985096,0.6582705661911492
9.257999999985094,0.6582738914460889
9.258999999985091,0.6582770123263627
9.259999999985089,0.6582805651129183
9.260999999985087,0.658283640250809
9.261999999985084,0.6582862842799417
9.262999999985082,0.6582892334868811
9.26399999998508,0.6582914340236063
9.264999999985077,0.6582945937368901
9.265999999985075,0.6582972709899747
9.266999999985073,0.6583010335741207
9.26799999998507,0.6583049709311494
9.268999999985068,0.6583085447553619
9.269999999985066,0.6583116703972153
9.270999999985063,0.6583160310145664
9.271999999985061,0.6583202816681339
9.272999999985059,0.6583241637969095
9.273999999985056,0.6583285552440284
9.274999999985054,0.6583328037978957
9.275999999985052,0.6583353980772079
9.27699999998505,0.6583378967964658
9.277999999985047,0.6583409706186825
9.278999999985045,0.6583441418889739
9.279999999985042,0.6583469482081751
9.28099999998504,0.6583495575991124
9.281999999985038,0.6583526375585085
9.282999999985035,0.658356336064734
9.283999999985033,0.65836026405159
9.28499999998503,0.6583637958331339
9.285999999985028,0.6583678293322762
9.286999999985026,0.6583723101445327
9.287999999985024,0.6583765150160813
9.288999999985021,0.6583796992334231
9.28999999998502,0.6583837412972652
9.290999999985017,0.6583882928555534
9.291999999985014,0.6583917849490976
9.292999999985012,0.6583951237046252
9.29399999998501,0.6583988483665879
9.294999999985007,0.6584012076371463
9.295999999985005,0.6584041732123805
9.296999999985003,0.6584072640940638
9.297999999985,0.658410737544148
9.298999999984998,0.6584137246409875
9.299999999984996,0.6584168709164171
9.300999999984993,0.6584198276139304
9.301999999984991,0.658424728455836
9.302999999984989,0.6584290802963468
9.303999999984987,0.6584333587789695
9.304999999984984,0.6584380146373461
9.305999999984982,0.658442880660693
9.30699999998498,0.6584454171237972
9.307999999984977,0.6584492218633995
9.308999999984975,0.6584528107461454
9.309999999984973,0.6584568092002538
9.31099999998497,0.6584603170865143
9.311999999984968,0.6584633805746011
9.312999999984966,0.6584667245310312
9.313999999984963,0.6584692068344428
9.31499999998496,0.6584727221495029
9.315999999984959,0.6584757416598939
9.316999999984956,0.6584798154854123
9.317999999984954,0.6584840460897313
9.318999999984952,0.6584879061129528
9.31999999998495,0.6584912326072676
9.320999999984947,0.6584958487771378
9.321999999984945,0.6585003460913947
9.322999999984942,0.6585044694539229
9.32399999998494,0.6585090853395016
9.324999999984938,0.658513545995541
9.325999999984935,0.6585162965715788
9.326999999984933,0.6585190023533285
9.32799999998493,0.658522256692266
9.328999999984928,0.6585255856600271
9.329999999984926,0.6585285339973408
9.330999999984924,0.6585312684033008
9.331999999984921,0.6585344168381643
9.332999999984919,0.6585381948761952
9.333999999984917,0.6585421836519347
9.334999999984914,0.6585457682978092
9.335999999984912,0.6585498369082722
9.33699999998491,0.6585543346289333
9.337999999984907,0.658558549895172
9.338999999984905,0.6585617353944032
9.339999999984903,0.6585657718456762
9.3409999999849,0.6585703000275435
9.341999999984898,0.6585737681972391
9.342999999984896,0.6585770704537123
9.343999999984893,0.6585807354130685
9.344999999984891,0.6585830439296035
9.345999999984889,0.6585859283194158
9.346999999984886,0.6585889173944446
9.347999999984884,0.6585922655155833
9.348999999984882,0.6585951150569795
9.34999999998488,0.6585981072425923
9.350999999984877,0.6586009321384082
9.351999999984875,0.6586056328806967
9.352999999984872,0.6586097816408931
9.35399999998487,0.6586138501355157
9.354999999984868,0.6586182820153156
9.355999999984865,0.6586229113160633
9.356999999984863,0.6586252758826014
9.35799999998486,0.6586288371368422
9.358999999984858,0.6586321721013896
9.359999999984856,0.6586358954852463
9.360999999984854,0.6586391176732196
9.361999999984851,0.6586418859350419
9.362999999984849,0.6586449137712082
9.363999999984847,0.6586471472929062
9.364999999984844,0.6586503148752176
9.365999999984842,0.6586529770190341
9.36699999998484,0.6586566673102581
9.367999999984837,0.6586604999765113
9.368999999984835,0.6586639575908526
9.369999999984833,0.6586669704345192
9.37099999998483,0.6586711580830439
9.371999999984828,0.6586752196608816
9.372999999984826,0.6586789033371574
9.373999999984823,0.6586830640176254
9.374999999984821,0.6586870589764673
9.375999999984819,0.658689459210214
9.376999999984816,0.6586916998155284
9.377999999984814,0.6586944656540346
9.378999999984812,0.6586972870337551
9.37999999998481,0.6586997168902842
9.380999999984807,0.6587019209862074
9.381999999984805,0.6587046509233456
9.382999999984802,0.6587078630636867
9.3839999999848,0.6587112720419414
9.384999999984798,0.658714272811796
9.385999999984795,0.6587177436680423
9.386999999984793,0.6587216290744619
9.38799999998479,0.6587252282154917
9.388999999984788,0.6587279467095012
9.389999999984786,0.6587313553962115
9.390999999984784,0.6587352403727524
9.391999999984781,0.6587380680921295
9.392999999984779,0.6587407209378839
9.393999999984777,0.6587437170881232
9.394999999984774,0.6587455214006606
9.395999999984772,0.6587477248492702
9.39699999998477,0.6587500182026071
9.397999999984767,0.6587526530740906
9.398999999984765,0.6587547825020015
9.399999999984763,0.6587570437993409
9.40099999998476,0.6587593081083951
9.401999999984758,0.6587632419212704
9.402999999984756,0.6587666246252698
9.403999999984753,0.6587699236758592
9.404999999984751,0.6587735756599639
9.405999999984749,0.6587774156477143
9.406999999984746,0.6587791964145335
9.407999999984744,0.6587819679318014
9.408999999984742,0.6587845067130068
9.40999999998474,0.6587874169942965
9.410999999984737,0.6587898205289685
9.411999999984735,0.6587917668282902
9.412999999984732,0.6587939580678763
9.41399999998473,0.658795556631393
9.414999999984728,0.6587978674558077
9.415999999984725,0.6587996691504205
9.416999999984723,0.6588024795283065
9.41799999998472,0.6588054234872873
9.418999999984718,0.6588079927026885
9.419999999984716,0.658810330712773
9.420999999984714,0.6588136121375534
9.421999999984711,0.6588167643700795
9.42299999998471,0.6588195387134292
9.423999999984707,0.6588227785279077
9.424999999984705,0.6588258465649519
9.425999999984702,0.6588275538335016
9.4269999999847,0.6588288776001773
9.427999999984698,0.6588307089726229
9.428999999984695,0.6588325828449311
9.429999999984693,0.6588340609891521
9.43099999998469,0.6588353084293921
9.431999999984688,0.6588373053823114
9.432999999984686,0.6588395377208058
9.433999999984684,0.6588419593295228
9.434999999984681,0.6588439741917087
9.435999999984679,0.6588464507460134
9.436999999984677,0.6588493325571052
9.437999999984674,0.6588519288927325
9.438999999984672,0.6588538933552213
9.43999999998467,0.6588562955925035
9.440999999984667,0.6588591633311413
9.441999999984665,0.6588609818306939
9.442999999984663,0.6588626221219698
9.44399999998466,0.6588645922202446
9.444999999984658,0.6588656287886357
9.445999999984656,0.6588668059823338
9.446999999984653,0.6588680654551434
9.447999999984651,0.6588696560419793
9.448999999984649,0.6588707409094691
9.449999999984646,0.6588719535645655
9.450999999984644,0.6588734233166859
9.451999999984642,0.6588762838156274
9.45299999998464,0.6588785992779296
9.453999999984637,0.658880832698478
9.454999999984635,0.6588834136069526
9.455999999984632,0.6588861780300175
9.45699999998463,0.6588871636786965
9.457999999984628,0.6588888682983357
9.458999999984625,0.6588903393306056
9.459999999984623,0.6588921708826173
9.46099999998462,0.6588934965163015
9.461999999984618,0.6588943686544074
9.462999999984616,0.6588954781913554
9.463999999984614,0.6588962626407447
9.464999999984611,0.6588974840632695
9.465999999984609,0.6588981992450872
9.466999999984607,0.6588999105326315
9.467999999984604,0.6589017526844734
9.468999999984602,0.658903225940252
9.4699999999846,0.658904737132848
9.470999999984597,0.6589069142643499
9.471999999984595,0.6589089641976926
9.472999999984593,0.6589106413273609
9.47399999998459,0.6589127777392826
9.474999999984588,0.6589147419004702
9.475999999984586,0.6589156273602432
9.476999999984583,0.6589158681203467
9.477999999984581,0.6589166054577521
9.478999999984579,0.658917378984303
9.479999999984576,0.6589177594702668
9.480999999984574,0.6589179112012735
9.481999999984572,0.6589190757287543
9.48299999998457,0.6589202011929327
9.483999999984567,0.6589215145531798
9.484999999984565,0.6589224283175794
9.485999999984562,0.6589238009442018
9.48699999998456,0.6589255748818047
9.487999999984558,0.6589270691646725
9.488999999984555,0.6589282085577862
9.489999999984553,0.6589295141306771
9.49099999998455,0.6589312799144827
9.491999999984548,0.6589320101039543
9.492999999984546,0.6589325647878103
9.493999999984544,0.6589334421429901
9.494999999984541,0.6589336652271612
9.495999999984539,0.6589337609820967
9.496999999984537,0.6589339381254663
9.497999999984534,0.6589344425292571
9.498999999984532,0.6589344470845127
9.49999999998453,0.6589345813369893
9.500999999984527,0.6589352380303302
9.501999999984525,0.6589370054049609
9.502999999984523,0.6589382388448448
9.50399999998452,0.6589393968414788
9.504999999984518,0.6589409018480998
9.505999999984516,0.6589425908889835
9.506999999984513,0.6589427847112399
9.507999999984511,0.6589434316896514
9.508999999984509,0.6589438498209772
9.509999999984506,0.6589446234858063
9.510999999984504,0.6589448980611158
9.511999999984502,0.6589447290585364
9.5129999999845,0.6589447961541326
9.513999999984497,0.6589447999871997
9.514999999984495,0.658944981829245
9.515999999984492,0.6589446659225344
9.51699999998449,0.6589453390379779
9.517999999984488,0.6589461453150172
9.518999999984485,0.6589465933379632
9.519999999984483,0.6589473338377921
9.52099999998448,0.6589484854827915
9.521999999984478,0.658949516541338
9.522999999984476,0.6589501845406096
9.523999999984474,0.6589513107661129
9.524999999984471,0.6589522693968188
9.52599999998447,0.6589524101929725
9.526999999984467,0.6589516754586953
9.527999999984464,0.6589514321124741
9.528999999984462,0.658951224400614
9.52999999998446,0.65895063182694
9.530999999984457,0.6589498177804162
9.531999999984455,0.6589502507793447
9.532999999984453,0.6589504081812471
9.53399999998445,0.6589507567079226
9.534999999984448,0.6589507171788053
9.535999999984446,0.6589511379145905
9.536999999984443,0.6589519600278025
9.537999999984441,0.6589525123303441
9.538999999984439,0.658952949539293
9.539999999984436,0.6589533259844448
9.540999999984434,0.658954162135712
9.541999999984432,0.6589539807874691
9.54299999998443,0.6589536315241576
9.543999999984427,0.6589536030152393
9.544999999984425,0.6589531559373466
9.545999999984423,0.6589523655761685
9.54699999998442,0.6589516605441392
9.547999999984418,0.6589512834804951
9.548999999984416,0.6589504167331691
9.549999999984413,0.6589496855622742
9.55099999998441,0.658949691388557
9.551999999984409,0.6589505849378263
9.552999999984406,0.6589509591826029
9.553999999984404,0.6589512682060135
9.554999999984402,0.6589519273405108
9.5559999999844,0.6589527747265355
9.556999999984397,0.6589523540713292
9.557999999984395,0.658952183697447
9.558999999984392,0.6589517933455868
9.55999999998439,0.6589517580795581
9.560999999984388,0.6589512347419293
9.561999999984385,0.658950281712243
9.562999999984383,0.6589495675425493
9.56399999998438,0.6589489892095989
9.564999999984378,0.6589483991190728
9.565999999984376,0.658947323169612
9.566999999984374,0.6589472321716242
9.567999999984371,0.6589472794624711
9.568999999984369,0.6589469820140353
9.569999999984367,0.6589471633803021
9.570999999984364,0.6589475739701277
9.571999999984362,0.6589478734647868
9.57299999998436,0.6589478226234841
9.573999999984357,0.6589482325137777
9.574999999984355,0.6589484828172536
9.575999999984353,0.658948103916784
9.57699999998435,0.6589466962732815
9.577999999984348,0.6589457785929042
9.578999999984346,0.6589448995143818
9.579999999984343,0.6589436467323704
9.580999999984341,0.6589421824965839
9.581999999984339,0.6589421221608124
9.582999999984336,0.6589416312405546
9.583999999984334,0.6589413367691002
9.584999999984332,0.6589406678900748
9.58599999998433,0.6589404626427715
9.586999999984327,0.6589406605873432
9.587999999984325,0.658940600551608
9.588999999984322,0.6589405843391
9.58999999998432,0.6589403652661326
9.590999999984318,0.6589406082545392
9.591999999984315,0.658939854030769
9.592999999984313,0.6589389421069789
9.59399999998431,0.6589383519422165
9.594999999984308,0.6589374942803676
9.595999999984306,0.6589361657691258
9.596999999984304,0.65893492858847
9.597999999984301,0.6589340218734878
9.598999999984299,0.6589326372730616
9.599999999984297,0.6589313953903154
9.600999999984294,0.6589310170701483
9.601999999984292,0.6589313931258588
9.60299999998429,0.6589312657250783
9.603999999984287,0.6589310847261354
9.604999999984285,0.6589312582851983
9.605999999984283,0.6589316258013178
9.60699999998428,0.6589308624587034
9.607999999984278,0.658930238994766
9.608999999984276,0.6589294061606876
9.609999999984273,0.658928930069885
9.610999999984271,0.6589279784791694
9.611999999984269,0.6589266121907612
9.612999999984266,0.6589254887625556
9.613999999984264,0.6589246079517596
9.614999999984262,0.6589236193787934
9.61599999998426,0.6589221574845546
9.616999999984257,0.6589216766521975
9.617999999984255,0.6589213394370516
9.618999999984252,0.6589206713913555
9.61999999998425,0.6589205748700537
9.620999999984248,0.6589206196484259
9.621999999984245,0.6589205633204624
9.622999999984243,0.6589201699973406
9.62399999998424,0.6589202411052123
9.624999999984238,0.6589201614987622
9.625999999984236,0.6589195470570215
9.626999999984234,0.65891784556338
9.627999999984231,0.6589166336560206
9.628999999984229,0.658915464054103
9.629999999984227,0.6589139320179092
9.630999999984224,0.6589121984163736
9.631999999984222,0.6589119299207268
9.63299999998422,0.6589111706677939
9.633999999984217,0.6589106125998899
9.634999999984215,0.6589096933150386
9.635999999984213,0.6589092404828923
9.63699999998421,0.6589091919161697
9.637999999984208,0.6589088967790891
9.638999999984206,0.6589087100021513
9.639999999984203,0.6589082723464886
9.640999999984201,0.658908299480934
9.641999999984199,0.6589073492644145
9.642999999984196,0.6589062515273112
9.643999999984194,0.6589054767532213
9.644999999984192,0.6589044908644958
9.64599999998419,0.6589030000801347
9.646999999984187,0.6589016058540385
9.647999999984185,0.6589005436198117
9.648999999984182,0.6588990142384331
9.64999999998418,0.6588976333578571
9.650999999984178,0.6588971486890357
9.651999999984175,0.6588973761647791
9.652999999984173,0.658897114836868
9.65399999998417,0.6588968105484188
9.654999999984168,0.6588968642347421
9.655999999984166,0.6588971166695127
9.656999999984164,0.6588962830733771
9.657999999984161,0.6588955694164219
9.65899999998416,0.6588946561653118
9.659999999984157,0.6588941007689132
9.660999999984154,0.6588930813261725
9.661999999984152,0.6588916605930266
9.66299999998415,0.658890485293005
9.663999999984147,0.6588895689748275
9.664999999984145,0.6588885361876099
9.665999999984143,0.6588870407489471
9.66699999998414,0.6588865202595953
9.667999999984138,0.6588861465918021
9.668999999984136,0.6588854540881238
9.669999999984134,0.658885337901787
9.670999999984131,0.6588853594609272
9.671999999984129,0.6588852881048509
9.672999999984127,0.6588848913989871
9.673999999984124,0.6588849615969585
9.674999999984122,0.6588848883826396
9.67599999998412,0.65888428935788
9.676999999984117,0.6588826266436543
9.677999999984115,0.6588814516269226
9.678999999984113,0.6588803208187888
9.67999999998411,0.6588788365237803
9.680999999984108,0.658877158062775
9.681999999984106,0.6588769229021302
9.682999999984103,0.6588762150820275
9.6839999999841,0.6588757104704734
9.684999999984099,0.6588748552487685
9.685999999984096,0.6588744667141717
9.686999999984094,0.6588744807777199
9.687999999984092,0.6588742571972002
9.68899999998409,0.6588741283569203
9.689999999984087,0.6588737747159978
9.690999999984085,0.658873886676984
9.691999999984082,0.6588730385058811
9.69299999998408,0.6588720506716906
9.693999999984078,0.6588713848444289
9.694999999984075,0.6588704890157114
9.695999999984073,0.6588691245143147
9.69699999998407,0.6588678588843148
9.697999999984068,0.6588669237821395
9.698999999984066,0.6588655292087212
9.699999999984064,0.6588642857180789
9.700999999984061,0.6588638998646114
9.701999999984059,0.6588642493732865
9.702999999984057,0.6588641217023368
9.703999999984054,0.6588639588579487
9.704999999984052,0.6588641545431813
9.70599999998405,0.6588645509614488
9.706999999984047,0.658863839093241
9.707999999984045,0.6588632890260825
9.708999999984043,0.6588625462937807
9.70999999998404,0.6588621598704404
9.710999999984038,0.6588613177605346
9.711999999984036,0.6588600843517285
9.712999999984033,0.6588590957095555
9.713999999984031,0.6588583205456421
9.714999999984029,0.6588574760247737
9.715999999984026,0.6588561760252797
9.716999999984024,0.6588558412622508
9.717999999984022,0.6588556529843699
9.71899999998402,0.6588551544377308
9.719999999984017,0.658855180113148
9.720999999984015,0.6588553908526986
9.721999999984012,0.6588555135085702
9.72299999998401,0.658855319156028
9.723999999984008,0.6588555911747453
9.724999999984005,0.6588557238134002
9.725999999984003,0.6588552874713558
9.726999999984,0.6588538565827667
9.727999999983998,0.6588529082730059
9.728999999983996,0.6588520026521363
9.729999999983994,0.6588507487790948
9.730999999983991,0.6588493043762825
9.731999999983989,0.658849234239284
9.732999999983987,0.6588487501299057
9.733999999983984,0.6588484674922979
9.734999999983982,0.6588478411236875
9.73599999998398,0.6588476780403583
9.736999999983977,0.658847912153512
9.737999999983975,0.6588479139021591
9.738999999983973,0.6588479559846349
9.73999999998397,0.658847833850484
9.740999999983968,0.6588481747544286
9.741999999983966,0.6588475688728406
9.742999999983963,0.6588468275497752
9.743999999983961,0.6588464037375784
9.744999999983959,0.6588456951863993
9.745999999983956,0.6588445832203828
9.746999999983954,0.6588435685771672
9.747999999983952,0.6588428791910607
9.74899999998395,0.6588417341055136
9.749999999983947,0.6588407388339668
9.750999999983945,0.6588405324416635
9.751999999983942,0.6588411081760033
9.75299999998394,0.6588412145330493
9.753999999983938,0.6588412897917363
9.754999999983935,0.658841720459201
9.755999999983933,0.6588423501512418
9.75699999998393,0.6588418242397441
9.757999999983928,0.6588415202323206
9.758999999983926,0.65884102669551
9.759999999983924,0.6588408842305451
9.760999999983921,0.6588402905375413
9.761999999983919,0.6588393115593193
9.762999999983917,0.6588385728794146
9.763999999983914,0.6588379837839223
9.764999999983912,0.6588373840950593
9.76599999998391,0.65883633220942
9.766999999983907,0.6588362321587004
9.767999999983905,0.6588362745065272
9.768999999983903,0.6588360113533631
9.7699999999839,0.6588362075506169
9.770999999983898,0.6588366424355342
9.771999999983896,0.6588369902619333
9.772999999983893,0.6588370256105452
9.773999999983891,0.6588375231051822
9.774999999983889,0.6588378814308126
9.775999999983886,0.6588376200474242
9.776999999983884,0.6588364338346236
9.777999999983882,0.6588357213631129
9.77899999998388,0.6588350462774074
9.779999999983877,0.6588340243737811
9.780999999983875,0.6588328118464332
9.781999999983872,0.658832902875357
9.78299999998387,0.6588326340519388
9.783999999983868,0.6588325614062724
9.784999999983865,0.6588321482402245
9.785999999983863,0.658832191461003
9.78699999998386,0.6588326229429277
9.787999999983859,0.6588328236826042
9.788999999983856,0.658833014504056
9.789999999983854,0.6588330910757972
9.790999999983852,0.6588336244602744
9.79199999998385,0.6588332205412686
9.792999999983847,0.658832681694554
9.793999999983845,0.6588324522061825
9.794999999983842,0.6588318927364044
9.79599999998384,0.6588309792698614
9.796999999983838,0.6588301580846841
9.797999999983835,0.6588296535511367
9.798999999983833,0.6588286936093722
9.79999999998383,0.6588278789536091
9.800999999983828,0.6588277992964876
9.801999999983826,0.6588285282863132
9.802999999983824,0.6588287922555588
9.803999999983821,0.6588290257873206
9.804999999983819,0.6588296082788111
9.805999999983817,0.6588303846796414
9.806999999983814,0.6588299774315598
9.807999999983812,0.6588298266815383
9.80899999998381,0.6588294860312264
9.809999999983807,0.6588294877507037
9.810999999983805,0.6588290392611672
9.811999999983803,0.658828208237477
9.8129999999838,0.6588276099417767
9.813999999983798,0.658827122671417
9.814999999983796,0.6588266529819747
9.815999999983793,0.6588257313025215
9.816999999983791,0.6588257454499785
9.817999999983789,0.6588258950932409
9.818999999983786,0.6588257409712113
9.819999999983784,0.6588260111047128
9.820999999983782,0.6588265388054934
9.82199999998378,0.6588269773671963
9.822999999983777,0.6588271048159321
9.823999999983775,0.6588276869973264
9.824999999983772,0.6588281270465196
9.82599999998377,0.6588279305698468
9.826999999983768,0.6588268396259527
9.827999999983765,0.6588262106146124
9.828999999983763,0.6588256107684056
9.82999999998376,0.6588246628301213
9.830999999983758,0.6588235216256496
9.831999999983756,0.6588236521731761
9.832999999983754,0.6588234341658918
9.833999999983751,0.6588234047512916
9.834999999983749,0.6588230354880911
9.835999999983747,0.658823113395478
9.836999999983744,0.6588235683271564
9.837999999983742,0.658823791529805
9.83899999998374,0.6588239969025439
9.839999999983737,0.6588240909255235
9.840999999983735,0.6588246327409171
9.841999999983733,0.6588242439973654
9.84299999998373,0.6588237182000166
9.843999999983728,0.6588234910045556
9.844999999983726,0.6588229350430544
9.845999999983723,0.658822024074185
9.846999999983721,0.6588211982869514
9.847999999983719,0.6588206786958929
9.848999999983716,0.6588197019440021
9.849999999983714,0.658818864227248
9.850999999983712,0.6588187575696217
9.85199999998371,0.6588194336027515
9.852999999983707,0.6588196468646552
9.853999999983705,0.6588198282127744
9.854999999983702,0.658820350058442
9.8559999999837,0.6588210585732737
9.856999999983698,0.6588206076605339
9.857999999983695,0.6588203916919233
9.858999999983693,0.658819983270694
9.85999999998369,0.65881990635585
9.860999999983688,0.6588193782836637
9.861999999983686,0.6588184688180116
9.862999999983684,0.6588177830363361
9.863999999983681,0.6588172257348242
9.864999999983679,0.6588166559258175
9.865999999983677,0.6588156329319557
9.866999999983674,0.6588155289780592
9.867999999983672,0.6588155525084746
9.86899999998367,0.658815272569383
9.869999999983667,0.6588154397956694
9.870999999983665,0.6588158233740626
9.871999999983663,0.6588161141866413
9.87299999998366,0.6588160936076057
9.873999999983658,0.6588165186161665
9.874999999983656,0.6588167969137723
9.875999999983653,0.6588164817482259
9.876999999983651,0.658815240167203
9.877999999983649,0.6588144473913143
9.878999999983646,0.6588136743674405
9.879999999983644,0.658812551109384
9.880999999983642,0.6588112312709958
9.88199999998364,0.658811213975684
9.882999999983637,0.6588107963082269
9.883999999983635,0.6588105592293486
9.884999999983632,0.6588099822246075
9.88599999998363,0.6588098426553847
9.886999999983628,0.6588100684052799
9.887999999983625,0.658810060561261
9.888999999983623,0.658810089690288
9.88999999998362,0.6588099459454383
9.890999999983618,0.6588102398608993
9.891999999983616,0.6588096090556997
9.892999999983614,0.6588088382344409
9.893999999983611,0.6588083544716613
9.89499999998361,0.6588076076030657
9.895999999983607,0.6588064397153967
9.896999999983604,0.658805349838495
9.897999999983602,0.6588045558290749
9.8989999999836,0.6588033028121456
9.899999999983597,0.6588021828165644
9.900999999983595,0.6588018550568404
9.901999999983593,0.6588022198374258
9.90299999998359,0.6588021238407273
9.903999999983588,0.65880199414303
9.904999999983586,0.6588021963097707
9.905999999983583,0.6588025776242856
9.906999999983581,0.6588018884583786
9.907999999983579,0.6588013474031892
9.908999999983577,0.6588006110657777
9.909999999983574,0.658800195131262
9.910999999983572,0.6587993270985657
9.91199999998357,0.6587980792330328
9.912999999983567,0.6587970465403774
9.913999999983565,0.6587962250232815
9.914999999983563,0.658795296952931
9.91599999998356,0.6587939150851355
9.916999999983558,0.6587934366812774
9.917999999983556,0.6587930785798113
9.918999999983553,0.6587924177748579
9.91999999998355,0.6587922913621069
9.920999999983549,0.6587922770235786
9.921999999983546,0.6587921666684422
9.922999999983544,0.6587917449106702
9.923999999983542,0.6587917597945746
9.92499999998354,0.658791623735207
9.925999999983537,0.6587910007436706
9.926999999983535,0.6587893569985467
9.927999999983532,0.6587881496256394
9.92899999998353,0.6587869534211418
9.929999999983528,0.658785405972202
9.930999999983525,0.6587836599351787
9.931999999983523,0.6587833105049623
9.93299999998352,0.6587824485082778
9.933999999983518,0.6587817605801825
9.934999999983516,0.658780733801491
9.935999999983514,0.6587801360767782
9.936999999983511,0.6587798933784259
9.937999999983509,0.6587794162293743
9.938999999983507,0.65877909103005
9.939999999983504,0.6587784729188761
9.940999999983502,0.65877828319585
9.9419999999835,0.6587771756517312
9.942999999983497,0.6587759262669296
9.943999999983495,0.6587749536187246
9.944999999983493,0.6587738426191643
9.94599999998349,0.6587721883370304
9.946999999983488,0.6587706067532071
9.947999999983486,0.6587693127028863
9.948999999983483,0.6587675595787613
9.949999999983481,0.6587659354992602
9.950999999983479,0.6587652217494786
9.951999999983476,0.6587650574627348
9.952999999983474,0.6587644359566633
9.953999999983472,0.6587637804866673
9.95499999998347,0.6587634499015318
9.955999999983467,0.658763292518415
9.956999999983465,0.6587622075673123
9.957999999983462,0.6587611326783905
9.95899999998346,0.6587598613080621
9.959999999983458,0.6587589009509867
9.960999999983455,0.6587574894440934
9.961999999983453,0.658755701886724
9.96299999998345,0.6587541233103367
9.963999999983448,0.6587528899060661
9.964999999983446,0.6587514089036381
9.965999999983444,0.6587494757893648
9.966999999983441,0.6587484333550725
9.967999999983439,0.6587475064853734
9.968999999983437,0.6587462798290146
9.969999999983434,0.6587457226512012
9.970999999983432,0.6587451295218566
9.97199999998343,0.6587444392324793
9.972999999983427,0.6587434395433857
9.973999999983425,0.6587428695878338
9.974999999983423,0.6587421465937023
9.97599999998342,0.6587410878004473
9.976999999983418,0.6587388733751416
9.977999999983416,0.6587370853648056
9.978999999983413,0.6587353024962876
9.979999999983411,0.6587331700871366
9.980999999983409,0.6587308399023127
9.981999999983406,0.6587300421101008
9.982999999983404,0.6587285832010801
9.983999999983402,0.6587272947272875
9.9849999999834,0.6587256711126878
9.985999999983397,0.6587244709491078
9.986999999983395,0.6587236183383587
9.987999999983392,0.658722532941878
9.98899999998339,0.658721750872538
9.989999999983388,0.6587205238824666
9.990999999983385,0.6587197185638187
9.991999999983383,0.6587180049304343
9.99299999998338,0.6587161503489438
9.993999999983378,0.6587145650271358
9.994999999983376,0.658712998996953
9.995999999983374,0.6587107397981294
9.996999999983371,0.6587085511749673
9.997999999983369,0.6587066449866813
9.998999999983367,0.6587042827201308
9.999999999983364,0.6587020487078805
10.000999999983362,0.6587008717535621
10.00199999998336,0.6587000783933664
10.002999999983357,0.658698834226827
10.003999999983355,0.658697558699229
10.004999999983353,0.6586966040368016
10.00599999998335,0.6586958195636915
10.006999999983348,0.6586942744066214
10.007999999983346,0.6586925824072508
10.008999999983343,0.6586906957365478
10.009999999983341,0.658689113841313
10.010999999983339,0.6586870848995995
10.011999999983336,0.6586846869904716
10.012999999983334,0.6586824952660635
10.013999999983332,0.6586808017744128
10.01499999998333,0.6586787065677274
10.015999999983327,0.658676164220773
10.016999999983325,0.6586745033186518
10.017999999983322,0.6586729565522511
10.01899999998332,0.6586711160711424
10.019999999983318,0.6586700943368838
10.020999999983315,0.6586688801686755
10.021999999983313,0.6586675708803843
10.02299999998331,0.6586659573189302
10.023999999983308,0.6586647698635322
10.024999999983306,0.658663430542098
10.025999999983304,0.6586619160264091
10.026999999983301,0.6586591072423663
10.0279999999833,0.6586567184547286
10.028999999983297,0.6586543323049274
10.029999999983295,0.6586516017771983
10.030999999983292,0.6586486777588689
10.03199999998329,0.6586474267900392
10.032999999983288,0.6586453675391688
10.033999999983285,0.6586434785192853
10.034999999983283,0.6586412613823224
10.03599999998328,0.6586394654831679
10.036999999983278,0.6586380130546309
10.037999999983276,0.6586363327729896
10.038999999983274,0.6586351060815301
10.039999999983271,0.6586332894434818
10.040999999983269,0.6586318912796028
10.041999999983267,0.658629597629912
10.042999999983264,0.6586271674070668
10.043999999983262,0.6586250026166967
10.04499999998326,0.658623008728995
10.045999999983257,0.6586201839051935
10.046999999983255,0.6586174311165115
10.047999999983253,0.6586149591996268
10.04899999998325,0.6586120376269551
10.049999999983248,0.6586092469199056
10.050999999983246,0.6586076489484095
10.051999999983243,0.6586062857836121
10.052999999983241,0.6586044815172445
10.053999999983239,0.6586026518638304
10.054999999983236,0.6586011424706388
10.055999999983234,0.6585998036953953
10.056999999983232,0.6585978549721597
10.05799999998323,0.6585956245840359
10.058999999983227,0.6585932048361163
10.059999999983225,0.6585910873238793
10.060999999983222,0.6585885303500694
10.06199999998322,0.6585856148823027
10.062999999983218,0.6585829062990043
10.063999999983215,0.6585808272227806
10.064999999983213,0.6585782200491578
10.06599999998321,0.6585751740156963
10.066999999983208,0.658573003503615
10.067999999983206,0.6585709489211282
10.068999999983204,0.6585686099368346
10.069999999983201,0.6585672122832196
10.070999999983199,0.6585654981079336
10.071999999983197,0.6585636941907272
10.072999999983194,0.6585615944467547
10.073999999983192,0.6585599207917876
10.07499999998319,0.6585580998980392
10.075999999983187,0.6585562328776793
10.076999999983185,0.6585529701258711
10.077999999983183,0.6585501245711307
10.07899999998318,0.6585472826419598
10.079999999983178,0.6585441046948145
10.080999999983176,0.6585407406642256
10.081999999983173,0.6585391538790771
10.082999999983171,0.6585366534984862
10.083999999983169,0.6585343261459934
10.084999999983166,0.658531680741137
10.085999999983164,0.6585294574161374
10.086999999983162,0.658527576487277
10.08799999998316,0.65852547571196
10.088999999983157,0.6585239373506623
10.089999999983155,0.6585217110916896
10.090999999983152,0.6585199036247469
10.09199999998315,0.658517216546198
10.092999999983148,0.6585144005239755
10.093999999983145,0.6585118495527373
10.094999999983143,0.6585095747056535
10.09599999998314,0.6585063826885529
10.096999999983138,0.6585032671318956
10.097999999983136,0.658500433735505
10.098999999983134,0.6584971599200534
10.099999999983131,0.6584940222447129
10.100999999983129,0.658492162278912
10.101999999983127,0.6584904436076756
10.102999999983124,0.6584882963295656
10.103999999983122,0.658486132573609
10.10499999998312,0.6584842913989609
10.105999999983117,0.6584826242638124
10.106999999983115,0.658480443024223
10.107999999983113,0.658477905228526
10.10899999998311,0.6584751863894535
10.109999999983108,0.6584727704810126
10.110999999983106,0.6584699255110906
10.111999999983103,0.6584667350256782
10.112999999983101,0.6584637547550326
10.113999999983099,0.6584614756599019
10.114999999983096,0.6584586059415971
10.115999999983094,0.6584553080429411
10.116999999983092,0.658452881926553
10.11799999998309,0.6584505757797199
10.118999999983087,0.6584479969639534
10.119999999983085,0.6584464189143059
10.120999999983082,0.6584444675339841
10.12199999998308,0.6584424343524342
10.122999999983078,0.6584401163718537
10.123999999983075,0.6584382274310624
10.124999999983073,0.6584361985583357
10.12599999998307,0.6584341857851741
10.126999999983068,0.6584307465724729
10.127999999983066,0.6584277244877128
10.128999999983064,0.6584247095254667
10.129999999983061,0.6584213689442501
10.13099999998306,0.6584178515894287
10.131999999983057,0.6584161450225884
10.132999999983054,0.6584134932729888
10.133999999983052,0.6584110191046276
10.13499999998305,0.6584082388734182
10.135999999983047,0.6584058834635839
10.136999999983045,0.6584038711814783
10.137999999983043,0.658401649085109
10.13899999998304,0.6584000249351816
10.139999999983038,0.6583976920777411
10.140999999983036,0.6583957809050932
10.141999999983033,0.6583930078808375
10.142999999983031,0.6583901156727868
10.143999999983029,0.6583874904576625
10.144999999983026,0.6583851696512576
10.145999999983024,0.6583819251385272
10.146999999983022,0.6583787630579122
10.14799999998302,0.6583758858319241
10.148999999983017,0.6583725788499837
10.149999999983015,0.6583694144889668
10.150999999983013,0.6583675334862441
10.15199999998301,0.6583657815099524
10.152999999983008,0.6583636149385343
10.153999999983006,0.6583614425048988
10.154999999983003,0.6583595966300333
10.155999999983,0.6583579299561994
10.156999999982999,0.6583557634684942
10.157999999982996,0.658353249817802
10.158999999982994,0.658350565127998
10.159999999982992,0.6583481859855257
10.16099999998299,0.6583453895543177
10.161999999982987,0.6583422615078747
10.162999999982985,0.6583393480761811
10.163999999982982,0.6583371234940805
10.16499999998298,0.658334331178774
10.165999999982978,0.6583311221994286
10.166999999982975,0.6583287817667073
10.167999999982973,0.658326566017174
10.16899999998297,0.6583240902754605
10.169999999982968,0.6583225895065299
10.170999999982966,0.6583207452892823
10.171999999982964,0.6583188283067418
10.172999999982961,0.6583166386905435
10.173999999982959,0.6583148826217167
10.174999999982957,0.6583129951121248
10.175999999982954,0.6583110991157163
10.176999999982952,0.6583078338576738
10.17799999998295,0.6583049868045425
10.178999999982947,0.6583021512462581
10.179999999982945,0.6582990007997024
10.180999999982943,0.6582956830663534
10.18199999998294,0.6582941212327916
10.182999999982938,0.6582916710408143
10.183999999982936,0.6582894030408108
10.184999999982933,0.6582868412616423
10.185999999982931,0.6582847073052912
10.186999999982929,0.6582829173444256
10.187999999982926,0.6582809280329289
10.188999999982924,0.6582794841243301
10.189999999982922,0.6582773998158866
10.19099999998292,0.6582757410665039
10.191999999982917,0.658273238414127
10.192999999982915,0.6582706267829311
10.193999999982912,0.6582682847046075
10.19499999998291,0.6582661858489363
10.195999999982908,0.6582632458575313
10.196999999982905,0.6582603940072139
10.197999999982903,0.658257829322931
10.1989999999829,0.6582548452113781
10.199999999982898,0.6582520096504313
10.200999999982896,0.6582503738159942
10.201999999982894,0.658248942846316
10.202999999982891,0.6582471111324201
10.203999999982889,0.6582452842105079
10.204999999982887,0.6582437877952303
10.205999999982884,0.6582424757865059
10.206999999982882,0.658240589200772
10.20799999998288,0.6582384535784703
10.208999999982877,0.65823615685476
10.209999999982875,0.6582341684370328
10.210999999982873,0.6582317740754544
10.21199999998287,0.6582290610945906
10.212999999982868,0.6582265663892557
10.213999999982866,0.6582246596723197
10.214999999982863,0.658222294912818
10.215999999982861,0.6582195240713684
10.216999999982859,0.6582176172809511
10.217999999982856,0.6582158388343854
10.218999999982854,0.6582138123008551
10.219999999982852,0.6582126477792474
10.22099999998285,0.658211255313989
10.221999999982847,0.6582097984698712
10.222999999982845,0.6582080805553749
10.223999999982842,0.6582068004750584
10.22499999998284,0.6582053968399671
10.225999999982838,0.6582038738480286
10.226999999982835,0.658201122979031
10.227999999982833,0.6581987907099041
10.22899999998283,0.6581964733621369
10.229999999982828,0.6581938504134038
10.230999999982826,0.6581910680936623
10.231999999982824,0.6581899015285807
10.232999999982821,0.6581879856607588
10.233999999982819,0.658186254971941
10.234999999982817,0.658184241388762
10.235999999982814,0.6581826572186706
10.236999999982812,0.6581814163699014
10.23799999998281,0.6581799853675842
10.238999999982807,0.6581789651407635
10.239999999982805,0.6581774528977383
10.240999999982803,0.6581763692689517
10.2419999999828,0.6581744581144119
10.242999999982798,0.6581724468568309
10.243999999982796,0.6581707065198017
10.244999999982793,0.6581690673094709
10.245999999982791,0.6581667470849553
10.246999999982789,0.6581645187504607
10.247999999982786,0.6581625778714414
10.248999999982784,0.6581602259105163
10.249999999982782,0.6581580263006661
10.25099999998278,0.6581568645756192
10.251999999982777,0.658156057894862
10.252999999982775,0.6581548625344424
10.253999999982772,0.6581536810064758
10.25499999998277,0.6581528322606056
10.255999999982768,0.6581521714956658
10.256999999982765,0.6581507856902737
10.257999999982763,0.6581493213970329
10.25899999998276,0.6581477041652941
10.259999999982758,0.6581463963849217
10.260999999982756,0.6581446919154011
10.261999999982754,0.6581426793497317
10.262999999982751,0.6581408864187401
10.26399999998275,0.6581395082653475
10.264999999982747,0.658137849749599
10.265999999982744,0.6581357932991271
10.266999999982742,0.6581345937697239
10.26799999998274,0.6581335237731563
10.268999999982737,0.6581322153281794
10.269999999982735,0.6581315871405685
10.270999999982733,0.6581309112176283
10.27199999998273,0.6581301770988783
10.272999999982728,0.6581291913038484
10.273999999982726,0.6581286457455052
10.274999999982724,0.6581279823142185
10.275999999982721,0.6581270229137921
10.276999999982719,0.658125038078516
10.277999999982717,0.6581234699792405
10.278999999982714,0.658121917765885
10.279999999982712,0.6581200664296039
10.28099999998271,0.6581180607637407
10.281999999982707,0.6581174683655446
10.282999999982705,0.6581163229100748
10.283999999982703,0.6581153627752845
10.2849999999827,0.6581141279223434
10.285999999982698,0.6581133213966108
10.286999999982696,0.6581128547290687
10.287999999982693,0.6581122044834965
10.28899999998269,0.658111773120388
10.289999999982689,0.6581110508976801
10.290999999982686,0.658110757995811
10.291999999982684,0.6581096510190065
10.292999999982682,0.6581084500944991
10.29399999998268,0.6581075188329686
10.294999999982677,0.6581064927162666
10.295999999982675,0.658104994160001
10.296999999982672,0.6581035881431353
10.29799999998267,0.6581024667880074
10.298999999982668,0.6581009396058977
10.299999999982665,0.6580995654544018
10.300999999982663,0.6580990179346646
10.30199999998266,0.6580990195731612
10.302999999982658,0.6580986416555022
10.303999999982656,0.6580982837855769
10.304999999982654,0.6580982581239577
10.305999999982651,0.6580984211650484
10.306999999982649,0.6580976633276464
10.307999999982647,0.6580970375517631
10.308999999982644,0.6580962640082213
10.309999999982642,0.6580957981754092
10.31099999998264,0.6580949417261802
10.311999999982637,0.6580937843248666
10.312999999982635,0.658092844701643
10.313999999982633,0.6580921065888632
10.31499999998263,0.6580913000642571
10.315999999982628,0.6580901004675771
10.316999999982626,0.6580897473841035
10.317999999982623,0.658089521794146
10.318999999982621,0.658089064227222
10.319999999982619,0.658089069877847
10.320999999982616,0.658089237748579
10.321999999982614,0.6580893504302436
10.322999999982612,0.6580892176611455
10.32399999998261,0.6580895245189708
10.324999999982607,0.6580897159784925
10.325999999982605,0.6580894039496687
10.326999999982602,0.6580882937440451
10.3279999999826,0.6580875952255177
10.328999999982598,0.6580869102669643
10.329999999982595,0.65808592923787
10.330999999982593,0.6580847955089932
10.33199999998259,0.6580848465492205
10.332999999982588,0.6580845609050051
10.333999999982586,0.6580844574098653
10.334999999982584,0.6580840840546163
10.335999999982581,0.6580841347089046
10.336999999982579,0.6580845184513272
10.337999999982577,0.6580847218856121
10.338999999982574,0.6580849319076778
10.339999999982572,0.6580850668208136
10.34099999998257,0.658085628530397
10.341999999982567,0.6580853860701442
10.342999999982565,0.6580850524293833
10.343999999982563,0.6580849838646706
10.34499999998256,0.6580846087425319
10.345999999982558,0.6580839793881473
10.346999999982556,0.6580834398114076
10.347999999982553,0.6580831787840483
10.348999999982551,0.6580825137880131
10.349999999982549,0.6580819992016428
10.350999999982546,0.6580820893577924
10.351999999982544,0.6580829277804797
10.352999999982542,0.6580833924119703
10.35399999998254,0.658083879991223
10.354999999982537,0.6580846959164308
10.355999999982535,0.658085697929872
10.356999999982532,0.6580855770523532
10.35799999998253,0.6580857988399036
10.358999999982528,0.6580858745971102
10.359999999982525,0.6580862529475922
10.360999999982523,0.6580862433034781
10.36199999998252,0.6580859364302309
10.362999999982518,0.6580858422003734
10.363999999982516,0.6580857360015914
10.364999999982514,0.658085767848018
10.365999999982511,0.6580854081846013
10.366999999982509,0.6580858815617746
10.367999999982507,0.6580864772257011
10.368999999982504,0.6580868441029027
10.369999999982502,0.6580874616946004
10.3709999999825,0.6580884413362761
10.371999999982497,0.6580893654370095
10.372999999982495,0.6580900469297284
10.373999999982493,0.6580911640854336
10.37499999998249,0.6580921649227849
10.375999999982488,0.658092463872331
10.376999999982486,0.6580921767813588
10.377999999982483,0.6580922930673073
10.378999999982481,0.6580924173298138
10.379999999982479,0.6580922453998
10.380999999982476,0.6580919193133095
10.381999999982474,0.6580925637961489
10.382999999982472,0.6580930685565768
10.38399999998247,0.6580937493415524
10.384999999982467,0.6580941620066979
10.385999999982465,0.6580949913803257
10.386999999982462,0.6580961440611752
10.38799999998246,0.6580971165127782
10.388999999982458,0.6580979022694731
10.389999999982455,0.6580988039566036
10.390999999982453,0.6581001266276336
10.39199999998245,0.6581006517171922
10.392999999982449,0.6581010851856923
10.393999999982446,0.6581017759725576
10.394999999982444,0.6581019723261422
10.395999999982442,0.658102103591517
10.39699999998244,0.6581023190100478
10.397999999982437,0.6581028041495935
10.398999999982435,0.658102884306482
10.399999999982432,0.6581031095797679
10.40099999998243,0.6581037459709231
10.401999999982428,0.6581052970603165
10.402999999982425,0.658106477137927
10.403999999982423,0.658107680049708
10.40499999998242,0.6581092045125619
10.405999999982418,0.6581109094362039
10.406999999982416,0.6581113214741205
10.407999999982414,0.6581122493426151
10.408999999982411,0.6581130298782435
10.409999999982409,0.6581141048753696
10.410999999982407,0.6581147916193837
10.411999999982404,0.6581151822171731
10.412999999982402,0.658115777798877
10.4139999999824,0.6581161851566198
10.414999999982397,0.6581168955611397
10.415999999982395,0.6581172134862043
10.416999999982393,0.6581183488759393
10.41799999998239,0.6581195989863342
10.418999999982388,0.6581206208628708
10.419999999982386,0.6581217217454046
10.420999999982383,0.6581233393838282
10.421999999982381,0.6581248983660423
10.422999999982379,0.6581262147665655
10.423999999982376,0.6581279599816161
10.424999999982374,0.6581295851806085
10.425999999982372,0.6581303545850511
10.42699999998237,0.6581307010534677
10.427999999982367,0.6581314400623035
10.428999999982365,0.6581321790365025
10.429999999982362,0.6581326195224034
10.43099999998236,0.6581329023591556
10.431999999982358,0.6581339903205738
10.432999999982355,0.6581350836391159
10.433999999982353,0.6581363449462149
10.43499999998235,0.6581373376567994
10.435999999982348,0.6581387377219576
10.436999999982346,0.6581404492791838
10.437999999982344,0.6581419783183518
10.438999999982341,0.6581431788388965
10.439999999982339,0.6581446305652942
10.440999999982337,0.6581464948922569
10.441999999982334,0.6581475658685536
10.442999999982332,0.6581485424971503
10.44399999998233,0.6581497664352752
10.444999999982327,0.658150363362828
10.445999999982325,0.6581510258530184
10.446999999982323,0.6581517652224762
10.44799999998232,0.6581527640020968
10.448999999982318,0.6581533550790167
10.449999999982316,0.6581540845285143
10.450999999982313,0.6581550895514949
10.451999999982311,0.6581571154300803
10.452999999982309,0.6581587710989002
10.453999999982306,0.6581604474281239
10.454999999982304,0.6581624365799149
10.455999999982302,0.6581645985372454
10.4569999999823,0.6581653578693866
10.457999999982297,0.6581667423817037
10.458999999982295,0.6581679762853353
10.459999999982292,0.6581694945645333
10.46099999998229,0.6581706226587869
10.461999999982288,0.6581714544011484
10.462999999982285,0.6581724822669197
10.463999999982283,0.658173209254481
10.46499999998228,0.6581743388621756
10.465999999982278,0.6581750737936929
10.466999999982276,0.6581766099270883
10.467999999982274,0.6581782521539021
10.468999999982271,0.6581796652430228
10.469999999982269,0.6581810508396647
10.470999999982267,0.6581830405107865
10.471999999982264,0.6581849668078859
10.472999999982262,0.6581866488748922
10.47399999998226,0.658188751119352
10.474999999982257,0.6581907280763352
10.475999999982255,0.6581917625757183
10.476999999982253,0.6581924678296815
10.47799999998225,0.6581935535623239
10.478999999982248,0.6581946301822791
10.479999999982246,0.6581954052914035
10.480999999982243,0.658196018685152
10.481999999982241,0.6581973414682672
10.482999999982239,0.6581987444672881
10.483999999982236,0.6582003069198697
10.484999999982234,0.6582015994037821
10.485999999982232,0.6582032891619048
10.48699999998223,0.6582052779234258
10.487999999982227,0.6582070807787609
10.488999999982225,0.6582084831620734
10.489999999982222,0.6582102000771289
10.49099999998222,0.6582123198858643
10.491999999982218,0.6582136496102705
10.492999999982215,0.6582148813483165
10.493999999982213,0.6582163495276647
10.49499999998221,0.6582171300844118
10.495999999982208,0.6582180343322775
10.496999999982206,0.6582190080641843
10.497999999982204,0.6582202309251252
10.498999999982201,0.6582210431282483
10.4999999999822,0.6582219869767766
10.500999999982197,0.65822314342051
10.501999999982194,0.658225354698165
10.502999999982192,0.6582271959304813
10.50399999998219,0.6582290549010438
10.504999999982187,0.6582312173708834
10.505999999982185,0.6582335443090612
10.506999999982183,0.6582344316393527
10.50799999998218,0.6582359796431282
10.508999999982178,0.6582373732076804
10.509999999982176,0.6582390405446065
10.510999999982173,0.6582403155855644
10.511999999982171,0.6582412943237089
10.512999999982169,0.6582424606466037
10.513999999982166,0.6582432871250038
10.514999999982164,0.6582445429500291
10.515999999982162,0.6582454021519937
10.51699999998216,0.6582470470928538
10.517999999982157,0.6582487898673081
10.518999999982155,0.658250302523116
10.519999999982153,0.6582517542854499
10.52099999998215,0.6582538246034435
10.521999999982148,0.6582558266167208
10.522999999982146,0.6582575824604157
10.523999999982143,0.6582597494498673
10.52499999998214,0.6582617857492081
10.525999999982139,0.6582628660947593
10.526999999982136,0.6582636381627397
10.527999999982134,0.6582647789208474
10.528999999982132,0.658265901934984
10.52999999998213,0.658266721190881
10.530999999982127,0.6582673755735198
10.531999999982125,0.6582687170836188
10.532999999982122,0.6582701422379481
10.53399999998212,0.6582717192175537
10.534999999982118,0.658273025341097
10.535999999982115,0.6582747192927066
10.536999999982113,0.6582767004625915
10.53799999998211,0.6582784925994002
10.538999999982108,0.6582798835350469
10.539999999982106,0.658281581456966
10.540999999982104,0.6582836726619858
10.541999999982101,0.6582849775303385
10.542999999982099,0.6582861813089215
10.543999999982097,0.6582876112809999
10.544999999982094,0.658288364325776
10.545999999982092,0.6582892298601717
10.54699999998209,0.6582901588035931
10.547999999982087,0.6582913280218766
10.548999999982085,0.6582920847819812
10.549999999982083,0.6582929678086303
10.55099999998208,0.6582940702346315
10.551999999982078,0.6582961943584058
10.552999999982076,0.6582979492747543
10.553999999982073,0.65829971957108
10.554999999982071,0.6583017847654723
10.555999999982069,0.6583040067499809
10.556999999982066,0.6583048202517777
10.557999999982064,0.6583062631134164
10.558999999982062,0.6583075485388417
10.55999999998206,0.6583090980411309
10.560999999982057,0.6583102543455713
10.561999999982055,0.6583111159898243
10.562999999982052,0.6583121583329884
10.56399999998205,0.6583128885819896
10.564999999982048,0.6583140112855884
10.565999999982045,0.6583147369415082
10.566999999982043,0.6583162348598768
10.56799999998204,0.6583178239166763
10.568999999982038,0.6583191830166318
10.569999999982036,0.6583205120687208
10.570999999982034,0.6583224122674521
10.571999999982031,0.6583242402715462
10.572999999982029,0.658325821135831
10.573999999982027,0.6583278050370761
10.574999999982024,0.6583296540168457
10.575999999982022,0.6583305961114266
10.57699999998202,0.6583311909678693
10.577999999982017,0.6583321443073119
10.578999999982015,0.6583330729991073
10.579999999982013,0.6583336976437567
10.58099999998201,0.6583341563018076
10.581999999982008,0.6583353407404645
10.582999999982006,0.6583365552518707
10.583999999982003,0.658337915921724
10.584999999982001,0.6583390064261668
10.585999999981999,0.6583404770026912
10.586999999981996,0.658342224769266
10.587999999981994,0.6583437817445145
10.588999999981992,0.6583449937560193
10.58999999998199,0.658346450610437
10.590999999981987,0.6583482924564374
10.591999999981985,0.6583493533308405
10.592999999981982,0.6583503117019095
10.59399999998198,0.6583514878329118
10.594999999981978,0.6583520530279315
10.595999999981975,0.658352668008272
10.596999999981973,0.6583533426511465
10.59799999998197,0.6583542510913523
10.598999999981968,0.6583547474029038
10.599999999981966,0.6583553668312145
10.600999999981964,0.6583562646820603
10.601999999981961,0.658358102991681
10.602999999981959,0.6583595745653064
10.603999999981957,0.6583610607102924
10.604999999981954,0.6583628348440292
10.605999999981952,0.6583647597519305
10.60699999998195,0.658365356551657
10.607999999981947,0.6583665051986889
10.608999999981945,0.6583674952616503
10.609999999981943,0.6583687416736627
10.61099999998194,0.6583695961437763
10.611999999981938,0.6583701600113289
10.612999999981936,0.6583709001726603
10.613999999981933,0.6583714021847807
10.614999999981931,0.6583722179899537
10.615999999981929,0.6583726386182737
10.616999999981926,0.6583738206411052
10.617999999981924,0.6583750893640361
10.618999999981922,0.6583761302065285
10.61999999998192,0.6583772144457387
10.620999999981917,0.6583787834478461
10.621999999981915,0.6583802782245395
10.622999999981912,0.6583815266947798
10.62399999998191,0.6583831719342079
10.624999999981908,0.6583846800434087
10.625999999981905,0.6583853701302494
10.626999999981903,0.6583856381245448
10.6279999999819,0.6583862567863005
10.628999999981898,0.6583868463767427
10.629999999981896,0.6583871341909008
10.630999999981894,0.6583872574907684
10.631999999981891,0.6583881820823947
10.63299999998189,0.6583890510228286
10.633999999981887,0.6583900628916859
10.634999999981884,0.6583908074249628
10.635999999981882,0.658391926481434
10.63699999998188,0.6583933149561166
10.637999999981878,0.6583945128519364
10.638999999981875,0.6583954542963558
10.639999999981873,0.6583965496691115
10.64099999998187,0.6583980237983739
10.641999999981868,0.6583987245108724
10.642999999981866,0.6583993235965361
10.643999999981864,0.6584001344594496
10.644999999981861,0.6584004299013192
10.645999999981859,0.6584006874051956
10.646999999981857,0.6584010035180846
10.647999999981854,0.6584015496353818
10.648999999981852,0.6584016864408178
10.64999999998185,0.6584019456949085
10.650999999981847,0.6584025681962054
10.651999999981845,0.658404028566808
10.652999999981843,0.6584051267082305
10.65399999998184,0.6584062406041878
10.654999999981838,0.6584076376843166
10.655999999981836,0.6584091816314939
10.656999999981833,0.6584095002229472
10.657999999981831,0.6584102745443591
10.658999999981829,0.6584108914062283
10.659999999981826,0.6584117593206601
10.660999999981824,0.6584122390200278
10.661999999981822,0.6584124347355131
10.66299999998182,0.6584128049849379
10.663999999981817,0.6584130297018198
10.664999999981815,0.6584134754560996
10.665999999981812,0.6584135303276551
10.66699999998181,0.65841433828922
10.667999999981808,0.6584152308317801
10.668999999981805,0.6584158996569486
10.669999999981803,0.6584167002386386
10.6709999999818,0.6584178881100573
10.671999999981798,0.6584190018036841
10.672999999981796,0.6584198720668741
10.673999999981794,0.6584211349970849
10.674999999981791,0.6584222608404267
10.675999999981789,0.6584226693615743
10.676999999981787,0.6584225731043339
10.677999999981784,0.6584228222458197
10.678999999981782,0.6584230404576588
10.67999999998178,0.6584229616466272
10.680999999981777,0.6584227222449092
10.681999999981775,0.6584233681892389
10.682999999981773,0.6584238685321028
10.68399999998177,0.6584245108416127
10.684999999981768,0.6584248907223658
10.685999999981766,0.6584256416834531
10.686999999981763,0.6584266564219026
10.687999999981761,0.6584274827586554
10.688999999981759,0.6584281456060369
10.689999999981756,0.6584288705744509
10.690999999981754,0.6584299702327122
10.691999999981752,0.6584303061377839
10.69299999998175,0.658430543529181
10.693999999981747,0.6584309891380352
10.694999999981745,0.658431016338692
10.695999999981742,0.6584309204155072
10.69699999998174,0.6584308844296445
10.697999999981738,0.658431076988799
10.698999999981735,0.6584308652484342
10.699999999981733,0.658430777389748
10.70099999998173,0.6584311357184046
10.701999999981728,0.658432234906712
10.702999999981726,0.6584329782035689
10.703999999981724,0.6584337402681166
10.704999999981721,0.6584347826228287
10.705999999981719,0.6584359698780564
10.706999999981717,0.6584360296457014
10.707999999981714,0.658436457297524
10.708999999981712,0.6584367306678703
10.70999999998171,0.6584372520330405
10.710999999981707,0.6584373910400423
10.711999999981705,0.658437254739344
10.712999999981703,0.6584372933798872
10.7139999999817,0.6584372709391666
10.714999999981698,0.658437388572764
10.715999999981696,0.6584371215523948
10.716999999981693,0.6584376012431691
10.717999999981691,0.6584381651927151
10.718999999981689,0.6584385112604852
10.719999999981686,0.6584390662775989
10.720999999981684,0.6584399252940043
10.721999999981682,0.6584407118829304
10.72299999998168,0.6584412596025085
10.723999999981677,0.6584421977592599
10.724999999981675,0.6584430007361042
10.725999999981672,0.6584431734076567
10.72699999998167,0.6584427753368285
10.727999999981668,0.6584427194668168
10.728999999981665,0.6584426328354
10.729999999981663,0.6584422557451475
10.73099999998166,0.6584417237267481
10.731999999981658,0.6584421447002622
10.732999999981656,0.6584423494890739
10.733999999981654,0.6584426968430549
10.734999999981651,0.6584427881424888
10.735999999981649,0.6584432485525231
10.736999999981647,0.6584439685754212
10.737999999981644,0.6584445037876397
10.738999999981642,0.6584449493548413
10.73999999998164,0.6584453869786266
10.740999999981637,0.6584461969151683
10.741999999981635,0.6584462542233956
10.742999999981633,0.6584462177388747
10.74399999998163,0.6584463877153888
10.744999999981628,0.6584462148673104
10.745999999981626,0.6584458577568533
10.746999999981623,0.6584455634506474
10.747999999981621,0.6584454977057201
10.748999999981619,0.6584450340655824
10.749999999981616,0.6584446969849782
10.750999999981614,0.6584448653641577
10.751999999981612,0.658445703410595
10.75299999998161,0.6584461930365706
10.753999999981607,0.6584467056098786
10.754999999981605,0.6584474968014951
10.755999999981602,0.6584484321923163
10.7569999999816,0.6584483124051439
10.757999999981598,0.6584485003228617
10.758999999981596,0.6584485384518225
10.759999999981593,0.6584488230241937
10.76099999998159,0.6584487323835007
10.761999999981589,0.6584483762068246
10.762999999981586,0.658448196609277
10.763999999981584,0.6584480128219136
10.764999999981582,0.6584479176285677
10.76599999998158,0.6584474450247585
10.766999999981577,0.6584477136691563
10.767999999981575,0.658448067132784
10.768999999981572,0.6584482093882926
10.76999999998157,0.6584486086152129
10.770999999981568,0.65844925923094
10.771999999981565,0.6584498400620534
10.772999999981563,0.6584501874718994
10.77399999998156,0.6584509241914158
10.774999999981558,0.658451528661372
10.775999999981556,0.6584515593191093
10.776999999981554,0.6584509851521397
10.777999999981551,0.658450751138569
10.778999999981549,0.6584504875974919
10.779999999981547,0.6584499409366715
10.780999999981544,0.6584492456978907
10.781999999981542,0.6584495390993625
10.78299999998154,0.6584495788046708
10.783999999981537,0.6584497622229905
10.784999999981535,0.6584496964844734
10.785999999981533,0.6584499984141735
10.78699999998153,0.6584505563119679
10.787999999981528,0.6584509335108892
10.788999999981526,0.6584512620392632
10.789999999981523,0.6584515464888834
10.790999999981521,0.6584522016831467
10.791999999981519,0.6584521158510138
10.792999999981516,0.658451941574243
10.793999999981514,0.6584519728174598
10.794999999981512,0.6584517028583039
10.79599999998151,0.6584512221737429
10.796999999981507,0.658450807594198
10.797999999981505,0.658450621974973
10.798999999981502,0.6584500452011758
10.7999999999815,0.6584495978466177
10.800999999981498,0.6584496805970622
10.801999999981495,0.658450396746979
10.802999999981493,0.6584507721250232
10.80399999998149,0.6584511748594234
10.804999999981488,0.6584518548154691
10.805999999981486,0.658452678586871
10.806999999981484,0.6584524844079417
10.807999999981481,0.6584525732079098
10.808999999981479,0.658452517018315
10.809999999981477,0.6584527062051917
10.810999999981474,0.6584525275422201
10.811999999981472,0.6584520930863322
10.81299999998147,0.658451836972881
10.813999999981467,0.6584515981806268
10.814999999981465,0.6584514318657487
10.815999999981463,0.6584508953313423
10.81699999998146,0.6584510944170955
10.817999999981458,0.6584513787401264
10.818999999981456,0.6584514583763255
10.819999999981453,0.6584518076175593
10.820999999981451,0.6584523908078926
10.821999999981449,0.6584529067690994
10.822999999981446,0.6584531946678511
10.823999999981444,0.6584538708628502
10.824999999981442,0.6584544177441058
10.82599999998144,0.6584544119532418
10.826999999981437,0.6584538020922762
10.827999999981435,0.6584535304129399
10.828999999981432,0.6584532304198562
10.82999999998143,0.6584526543300444
10.830999999981428,0.6584519356187752
10.831999999981425,0.6584522058965248
10.832999999981423,0.6584522194758309
10.83399999998142,0.6584523774489449
10.834999999981418,0.6584522926939014
10.835999999981416,0.6584525737189043
10.836999999981414,0.6584531066184864
10.837999999981411,0.6584534624954207
10.838999999981409,0.65845377626887
10.839999999981407,0.658454043589005
10.840999999981404,0.6584546798949837
10.841999999981402,0.6584545862340413
10.8429999999814,0.6584544090716197
10.843999999981397,0.6584544362505288
10.844999999981395,0.6584541697530063
10.845999999981393,0.6584536990397718
10.84699999998139,0.6584532971174399
10.847999999981388,0.6584531239210994
10.848999999981386,0.6584525656450163
10.849999999981383,0.6584521388623172
10.850999999981381,0.6584522336104458
10.851999999981379,0.6584529573745441
10.852999999981376,0.6584533472656269
10.853999999981374,0.6584537682252863
10.854999999981372,0.6584544643669094
10.85599999998137,0.6584553033273466
10.856999999981367,0.6584551292369069
10.857999999981365,0.6584552444300303
10.858999999981362,0.6584552187648812
10.85999999998136,0.6584554368904398
10.860999999981358,0.6584552937606429
10.861999999981355,0.6584549035808053
10.862999999981353,0.6584546926689618
10.86399999998135,0.6584544895774104
10.864999999981348,0.6584543722044806
10.865999999981346,0.6584538908356556
10.866999999981344,0.6584541384365517
10.867999999981341,0.6584544707025096
10.86899999998134,0.6584546037902611
10.869999999981337,0.6584549894669935
10.870999999981334,0.6584556196359423
10.871999999981332,0.6584561841838946
10.87299999998133,0.658456525074281
10.873999999981327,0.6584572524520553
10.874999999981325,0.6584578525615215
10.875999999981323,0.6584578927307978
10.87699999998132,0.6584573559390708
10.877999999981318,0.6584571545108866
10.878999999981316,0.6584569250578477
10.879999999981314,0.6584564253654435
10.880999999981311,0.6584557877941185
10.881999999981309,0.6584561125611146
10.882999999981307,0.6584562024866272
10.883999999981304,0.6584564362727262
10.884999999981302,0.6584564325250235
10.8859999999813,0.6584567914930151
10.886999999981297,0.6584573970829923
10.887999999981295,0.6584578281452529
10.888999999981293,0.6584581987940048
10.88999999998129,0.6584585434923106
10.890999999981288,0.6584592544003207
10.891999999981286,0.6584592450897275
10.892999999981283,0.658459156021239
10.89399999998128,0.6584592690553444
10.894999999981279,0.6584590725428541
10.895999999981276,0.6584586993135225
10.896999999981274,0.6584583962289869
10.897999999981272,0.6584583203279631
10.89899999998127,0.6584578640731973
10.899999999981267,0.6584575399801555
10.900999999981265,0.6584577074261032
10.901999999981262,0.6584585185977413
10.90299999998126,0.658459001402298
10.903999999981258,0.6584595176344831
10.904999999981255,0.6584603057326348
10.905999999981253,0.6584612343892162
10.90699999998125,0.6584611352637615
10.907999999981248,0.6584613489210817
10.908999999981246,0.6584614245113516
10.909999999981244,0.6584617410797552
10.910999999981241,0.6584617015772226
10.911999999981239,0.6584614221951708
10.912999999981237,0.6584613215933739
10.913999999981234,0.6584612020795282
10.914999999981232,0.6584611961786041
10.91599999998123,0.6584608310094251
10.916999999981227,0.6584611867133856
10.917999999981225,0.658461625065522
10.918999999981223,0.6584618682326878
10.91999999998122,0.658462331896958
10.920999999981218,0.6584630632155491
10.921999999981216,0.6584637290671371
10.922999999981213,0.6584641741944564
10.923999999981211,0.6584650026249397
10.924999999981209,0.6584657044092691
10.925999999981206,0.6584658258494407
10.926999999981204,0.6584654077108439
10.927999999981202,0.6584653207414181
10.9289999999812,0.6584652046175357
10.929999999981197,0.6584648225437848
10.930999999981195,0.6584643057557389
10.931999999981192,0.6584647137499968
10.93299999998119,0.6584649170032822
10.933999999981188,0.6584652620709708
10.934999999981185,0.6584653732183137
10.935999999981183,0.6584658425350092
10.93699999998118,0.6584665517868056
10.937999999981178,0.6584670874830593
10.938999999981176,0.6584675360904765
10.939999999981174,0.6584679849702965
10.940999999981171,0.6584687958325572
10.941999999981169,0.6584688945881266
10.942999999981167,0.6584689157718632
10.943999999981164,0.6584691353741561
10.944999999981162,0.658469023296004
10.94599999998116,0.6584687654221539
10.946999999981157,0.6584685774909849
10.947999999981155,0.6584686137082955
10.948999999981153,0.6584682727412356
10.94999999998115,0.6584680630613226
10.950999999981148,0.6584683110484457
10.951999999981146,0.6584692188929777
10.952999999981143,0.658469802281397
10.953999999981141,0.6584704198805611
10.954999999981139,0.6584713045616316
10.955999999981136,0.6584723260674765
10.956999999981134,0.6584723032052767
10.957999999981132,0.6584726157130112
10.95899999998113,0.6584727913970781
10.959999999981127,0.6584732037788317
10.960999999981125,0.6584732637127514
10.961999999981122,0.6584730893086596
10.96299999998112,0.6584730917142991
10.963999999981118,0.6584730493115643
10.964999999981115,0.658473144970836
10.965999999981113,0.6584728845593063
10.96699999998111,0.6584733355619282
10.967999999981108,0.6584738657808624
10.968999999981106,0.6584742032584
10.969999999981104,0.6584747321917586
10.970999999981101,0.6584755464720171
10.971999999981099,0.6584762939479036
10.972999999981097,0.6584768221103144
10.973999999981094,0.6584777289045574
10.974999999981092,0.6584785082015747
10.97599999998109,0.658478691773169
10.976999999981087,0.6584783653402382
10.977999999981085,0.6584783644786378
10.978999999981083,0.6584783319292992
10.97999999998108,0.6584780362626858
10.980999999981078,0.6584776076149306
10.981999999981076,0.6584780735520315
10.982999999981073,0.6584783551959604
10.983999999981071,0.658478775285556
10.984999999981069,0.6584789636205656
10.985999999981066,0.6584795042657372
10.986999999981064,0.6584802769271997
10.987999999981062,0.6584808756114039
10.98899999998106,0.6584813700019172
10.989999999981057,0.6584818789631209
10.990999999981055,0.658482744280125
10.991999999981052,0.6584829041378815
10.99299999998105,0.6584829871928641
10.993999999981048,0.6584832636575526
10.994999999981045,0.6584831978135517
10.995999999981043,0.6584830031989678
10.99699999998104,0.6584828770507272
10.997999999981038,0.6584829708316874
10.998999999981036,0.6584826893215139
10.999999999981034,0.6584825370197651
11.000999999981032,0.658482822068605
11.00199999998103,0.6584837677756356
11.002999999981027,0.6584843916048004
11.003999999981025,0.6584850490938426
11.004999999981022,0.6584859676842395
11.00599999998102,0.6584870181517123
11.006999999981018,0.6584870228154924
11.007999999981015,0.6584873680265405
11.008999999981013,0.6584875763862447
11.00999999998101,0.6584880159493028
11.010999999981008,0.6584881054626737
11.011999999981006,0.6584879649744063
11.012999999981004,0.6584879982490082
11.013999999981001,0.6584879781423416
11.014999999980999,0.6584881013983187
11.015999999980997,0.6584878706755141
11.016999999980994,0.6584883410660367
11.017999999980992,0.6584888862905837
11.01899999998099,0.6584892400754199
11.019999999980987,0.6584897751932698
11.020999999980985,0.6584905928060715
11.021999999980983,0.6584913411953786
11.02299999998098,0.6584918705563114
11.023999999980978,0.6584927727447618
11.024999999980976,0.6584935455211233
11.025999999980973,0.6584937274851164
11.026999999980971,0.6584934068038629
11.027999999980969,0.6584934051313847
11.028999999980966,0.6584933683071045
11.029999999980964,0.6584930702853536
11.030999999980962,0.6584926401513113
11.03199999998096,0.6584930964537633
11.032999999980957,0.6584933656381101
11.033999999980955,0.6584937691611183
11.034999999980952,0.6584939421857854
11.03599999998095,0.6584944609090844
11.036999999980948,0.6584952030857307
11.037999999980945,0.658495769999956
11.038999999980943,0.6584962385021558
11.03999999998094,0.6584967112486592
11.040999999980938,0.6584975338131389
11.041999999980936,0.6584976566825895
11.042999999980934,0.6584977026597335
11.043999999980931,0.6584979362628581
11.044999999980929,0.6584978413607371
11.045999999980927,0.6584976090189257
11.046999999980924,0.6584974430543886
11.047999999980922,0.6584974922845905
11.04899999998092,0.6584971674887703
11.049999999980917,0.6584969692973622
11.050999999980915,0.6584972137121969
11.051999999980913,0.6584980934789977
11.05299999998091,0.6584986532343208
11.053999999980908,0.658499245372634
11.054999999980906,0.6585000920627994
11.055999999980903,0.6585010650917804
11.056999999980901,0.6585010171210318
11.057999999980899,0.6585012875183441
11.058999999980896,0.6585014204119525
11.059999999980894,0.658501778439421
11.060999999980892,0.6585017882783466
11.06199999998089,0.6585015719882362
11.062999999980887,0.6585015260629573
11.063999999980885,0.6585014454756074
11.064999999980882,0.658501485740366
11.06599999998088,0.6585011737395325
11.066999999980878,0.6585015524835525
11.067999999980875,0.6585020014649245
11.068999999980873,0.6585022598716253
11.06999999998087,0.6585027173126504
11.070999999980868,0.6585034262206074
11.071999999980866,0.6585040631168955
11.072999999980864,0.6585044808480284
11.073999999980861,0.6585052651590743
11.074999999980859,0.6585059178000356
11.075999999980857,0.6585060127240584
11.076999999980854,0.6585055836039811
11.077999999980852,0.658505466708917
11.07899999998085,0.6585053110269976
11.079999999980847,0.6585048959409684
11.080999999980845,0.6585043495389792
11.081999999980843,0.6585047103110787
11.08299999998084,0.6585048524430639
11.083999999980838,0.6585051248523521
11.084999999980836,0.6585051678745826
11.085999999980833,0.6585055499999986
11.086999999980831,0.6585061471545528
11.087999999980829,0.658506567656689
11.088999999980826,0.6585069241884437
11.089999999980824,0.6585072458782627
11.090999999980822,0.6585079106965022
11.09199999998082,0.6585078814980413
11.092999999980817,0.6585077752470084
11.093999999980815,0.6585078508551503
11.094999999980812,0.6585076405835859
11.09599999998081,0.6585072555481739
11.096999999980808,0.6585069350108965
11.097999999980805,0.6585068252300195
11.098999999980803,0.658506342865334
11.0999999999808,0.6585059847781366
11.100999999980798,0.6585061033357856
11.101999999980796,0.6585068040307778
11.102999999980794,0.6585071866533385
11.103999999980791,0.6585076004390756
11.10499999998079,0.6585082624450873
11.105999999980787,0.6585090454524325
11.106999999980784,0.6585088605827386
11.107999999980782,0.6585089438823087
11.10899999998078,0.6585088892100309
11.109999999980777,0.6585090538436079
11.110999999980775,0.6585088724315625
11.111999999980773,0.6585084691224573
11.11299999998077,0.6585082332422872
11.113999999980768,0.6585080094229707
11.114999999980766,0.6585078568400329
11.115999999980763,0.6585073541283923
11.116999999980761,0.6585075325164358
11.117999999980759,0.6585077771142376
11.118999999980756,0.6585078323543191
11.119999999980754,0.6585081316945031
11.120999999980752,0.6585086251283347
11.12199999998075,0.6585090441931902
11.122999999980747,0.6585092443308308
11.123999999980745,0.6585098051702691
11.124999999980743,0.6585102325483122
11.12599999998074,0.6585101618952842
11.126999999980738,0.6585095200445572
11.127999999980736,0.6585091842307617
11.128999999980733,0.6585088066353398
11.12999999998073,0.6585081720903695
11.130999999980729,0.6585074077289386
11.131999999980726,0.6585075973797898
11.132999999980724,0.6585075122874001
11.133999999980722,0.6585075542071798
11.13499999998072,0.6585073684709017
11.135999999980717,0.6585075160087869
11.136999999980715,0.6585078710389307
11.137999999980712,0.658508048685555
11.13899999998071,0.658508221332007
11.139999999980708,0.6585082966864466
11.140999999980705,0.6585087091313542
11.141999999980703,0.658508433927772
11.1429999999807,0.6585080822213405
11.143999999980698,0.6585079074188385
11.144999999980696,0.658507512998482
11.145999999980694,0.6585068843250171
11.146999999980691,0.6585063192196704
11.147999999980689,0.6585059614424116
11.148999999980687,0.6585052334267323
11.149999999980684,0.6585046283315552
11.150999999980682,0.6585045564217625
11.15199999998068,0.6585049929806116
11.152999999980677,0.6585051142016008
11.153999999980675,0.658505266156181
11.154999999980673,0.6585056609372923
11.15599999998067,0.6585061723136939
11.156999999980668,0.658505789963266
11.157999999980666,0.6585056061339444
11.158999999980663,0.6585052847838843
11.159999999980661,0.6585051779075775
11.160999999980659,0.6585047281202335
11.161999999980656,0.6585040616926203
11.162999999980654,0.6585035608850373
11.163999999980652,0.6585031383571487
11.16499999998065,0.6585027199734286
11.165999999980647,0.6585019546707838
11.166999999980645,0.6585018621302979
11.167999999980642,0.6585018329513863
11.16899999998064,0.6585016166338442
11.169999999980638,0.6585017073973561
11.170999999980635,0.6585019190693284
11.171999999980633,0.6585020551078671
11.17299999998063,0.6585019734961026
11.173999999980628,0.6585022477816402
11.174999999980626,0.6585023879490524
11.175999999980624,0.6585021059827646
11.176999999980621,0.6585011913656665
11.177999999980619,0.6585005778487818
11.178999999980617,0.6584999208264083
11.179999999980614,0.6584990105360699
11.180999999980612,0.6584979731732546
11.18199999998061,0.6584979513901392
11.182999999980607,0.6584975864293674
11.183999999980605,0.6584973465218895
11.184999999980603,0.6584968818632013
11.1859999999806,0.6584967459424582
11.186999999980598,0.6584968113738193
11.187999999980596,0.6584966999082542
11.188999999980593,0.658496654785396
11.189999999980591,0.6584964397258
11.190999999980589,0.6584965569929416
11.191999999980586,0.6584959942081124
11.192999999980584,0.6584953567352873
11.193999999980582,0.6584948925967875
11.19499999998058,0.6584942856780596
11.195999999980577,0.6584933767289771
11.196999999980575,0.6584925318185002
11.197999999980572,0.6584918922383967
11.19899999998057,0.6584908861169314
11.199999999980568,0.65849000292512
11.200999999980565,0.6584897181952518
11.201999999980563,0.6584898622003006
11.20299999998056,0.6584896948642944
11.203999999980558,0.6584895591080852
11.204999999980556,0.6584896621812101
11.205999999980554,0.6584898788469243
11.206999999980551,0.6584892825807132
11.207999999980549,0.6584888109153972
11.208999999980547,0.6584882035597994
11.209999999980544,0.6584878073263105
11.210999999980542,0.658487072715115
11.21199999998054,0.6584861280731503
11.212999999980537,0.6584853487057997
11.213999999980535,0.6584847182155209
11.214999999980533,0.6584840229423938
11.21599999998053,0.6584829853561758
11.216999999980528,0.6584826137272717
11.217999999980526,0.6584823040685542
11.218999999980523,0.6584818108335153
11.219999999980521,0.6584816899990477
11.220999999980519,0.6584816171658704
11.221999999980516,0.6584814688769778
11.222999999980514,0.6584811056095319
11.223999999980512,0.6584810949153665
11.22499999998051,0.658480950928381
11.225999999980507,0.6584804608571729
11.226999999980505,0.6584792788982209
11.227999999980502,0.6584783946728074
11.2289999999805,0.658477466770791
11.229999999980498,0.6584762907051792
11.230999999980495,0.6584749917221547
11.231999999980493,0.6584747680315773
11.23299999998049,0.6584741371840009
11.233999999980488,0.6584736308771155
11.234999999980486,0.6584729040998071
11.235999999980484,0.6584725029859412
11.236999999980481,0.6584722986222086
11.23799999998048,0.6584719192765984
11.238999999980477,0.6584716732794131
11.239999999980474,0.6584711916162748
11.240999999980472,0.658471039069206
11.24199999998047,0.6584702154576338
11.242999999980468,0.6584693204235784
11.243999999980465,0.6584685967433621
11.244999999980463,0.6584678005675904
11.24599999998046,0.6584666435471098
11.246999999980458,0.6584655524864019
11.247999999980456,0.6584646662117875
11.248999999980454,0.658463418503942
11.249999999980451,0.6584622951046432
11.250999999980449,0.6584618269157739
11.251999999980447,0.6584617188527104
11.252999999980444,0.6584613048030712
11.253999999980442,0.6584609245726207
11.25499999998044,0.6584607806547323
11.255999999980437,0.6584607488254663
11.256999999980435,0.6584599741669134
11.257999999980433,0.6584592633665524
11.25899999998043,0.6584584201556085
11.259999999980428,0.6584577862875136
11.260999999980426,0.6584568199776668
11.261999999980423,0.6584556515123087
11.262999999980421,0.6584546493676554
11.263999999980419,0.6584538536685162
11.264999999980416,0.6584529396391997
11.265999999980414,0.6584516892209227
11.266999999980412,0.658451099306455
11.26799999998041,0.6584505713103874
11.268999999980407,0.6584498645964952
11.269999999980405,0.6584495806637726
11.270999999980402,0.658449289207622
11.2719999999804,0.6584489238706115
11.272999999980398,0.6584483475852443
11.273999999980395,0.6584481220404751
11.274999999980393,0.6584477654548982
11.27599999998039,0.6584471217852585
11.276999999980388,0.6584457461440774
11.277999999980386,0.6584446663466654
11.278999999980384,0.6584435441230241
11.279999999980381,0.6584421800490934
11.280999999980379,0.6584406983846516
11.281999999980377,0.6584403327381392
11.282999999980374,0.658439517040275
11.283999999980372,0.6584388265635648
11.28499999998037,0.6584379210832612
11.285999999980367,0.6584373394339924
11.286999999980365,0.6584369512209727
11.287999999980363,0.6584363911896635
11.28899999998036,0.6584360105841233
11.289999999980358,0.6584353517936768
11.290999999980356,0.6584350203344987
11.291999999980353,0.6584340279463163
11.292999999980351,0.6584329686312945
11.293999999980349,0.6584320800697672
11.294999999980346,0.6584311663140671
11.295999999980344,0.6584298577129879
11.296999999980342,0.6584286180937109
11.29799999998034,0.658427583803392
11.298999999980337,0.6584261942682239
11.299999999980335,0.6584249314156698
11.300999999980332,0.6584243560138043
11.30199999998033,0.6584240985082151
11.302999999980328,0.6584235414419329
11.303999999980325,0.6584230215601076
11.304999999980323,0.6584227366556641
11.30599999998032,0.6584225635423209
11.306999999980318,0.6584216914992419
11.307999999980316,0.6584208506866862
11.308999999980314,0.6584198818680791
11.309999999980311,0.6584191218742951
11.310999999980309,0.658418036391926
11.311999999980307,0.6584167574324475
11.312999999980304,0.6584156467852491
11.313999999980302,0.6584147721993479
11.3149999999803,0.6584137552079825
11.315999999980297,0.6584124086277885
11.316999999980295,0.6584117179257479
11.317999999980293,0.6584110899649238
11.31899999998029,0.6584102890340617
11.319999999980288,0.6584099320642117
11.320999999980286,0.6584095429040095
11.321999999980283,0.658409082423006
11.322999999980281,0.6584084159786859
11.323999999980279,0.6584080995606904
11.324999999980276,0.6584076553524991
11.325999999980274,0.6584069523422194
11.326999999980272,0.6584055092123949
11.32799999998027,0.6584043610486059
11.328999999980267,0.658403172636464
11.329999999980265,0.6584017493457928
11.330999999980262,0.6584002143980329
11.33199999998026,0.658399804158641
11.332999999980258,0.6583989340600901
11.333999999980255,0.658398190492755
11.334999999980253,0.6583972380591123
11.33599999998025,0.6583966083318498
11.336999999980248,0.6583961694551015
11.337999999980246,0.6583955626649087
11.338999999980244,0.6583951484397433
11.339999999980241,0.6583944478436247
11.340999999980239,0.6583940737360118
11.341999999980237,0.6583930494154022
11.342999999980234,0.6583919633418299
11.343999999980232,0.6583910482513027
11.34499999998023,0.6583901209504961
11.345999999980227,0.6583887998526364
11.346999999980225,0.6583875512184957
11.347999999980223,0.6583865089005438
11.34899999998022,0.6583851179886626
11.349999999980218,0.6583838564906508
11.350999999980216,0.6583832797336229
11.351999999980213,0.658383014306816
11.352999999980211,0.6583824562399267
11.353999999980209,0.6583819392829489
11.354999999980206,0.6583816565625292
11.355999999980204,0.6583814859549104
11.356999999980202,0.6583806245380938
11.3579999999802,0.6583797983355868
11.358999999980197,0.6583788490395105
11.359999999980195,0.6583781086954065
11.360999999980192,0.6583770501763881
11.36199999998019,0.6583758069621692
11.362999999980188,0.6583747343106464
11.363999999980186,0.6583738908697946
11.364999999980183,0.658372917710537
11.36599999998018,0.6583716219635863
11.366999999980179,0.6583709775837221
11.367999999980176,0.6583703969665685
11.368999999980174,0.6583696493718895
11.369999999980172,0.6583693302002583
11.37099999998017,0.6583689913785766
11.371999999980167,0.6583685841261389
11.372999999980165,0.6583679762011466
11.373999999980162,0.6583677180637932
11.37499999998016,0.6583673357128507
11.375999999980158,0.6583666855395337
11.376999999980155,0.6583653243719219
11.377999999980153,0.65836425760587
11.37899999998015,0.6583631529852964
11.379999999980148,0.6583618203890585
11.380999999980146,0.6583603819474783
11.381999999980144,0.6583600392717042
11.382999999980141,0.6583592643226777
11.383999999980139,0.6583586171321888
11.384999999980137,0.6583577671911655
11.385999999980134,0.6583572388441437
11.386999999980132,0.6583568987802042
11.38799999998013,0.65835639476129
11.388999999980127,0.6583560591504968
11.389999999980125,0.6583554664539764
11.390999999980123,0.658355199646713
11.39199999998012,0.6583542931946579
11.392999999980118,0.6583533301182748
11.393999999980116,0.6583525383519945
11.394999999980113,0.6583517096753281
11.395999999980111,0.6583505253602675
11.396999999980109,0.6583494167001385
11.397999999980106,0.6583485150495887
11.398999999980104,0.6583472711884827
11.399999999980102,0.6583461591073299
11.4009999999801,0.6583456918205478
11.401999999980097,0.658345565979982
11.402999999980095,0.6583451542110478
11.403999999980092,0.6583447873345009
11.40499999998009,0.6583446538383947
11.405999999980088,0.6583446326801605
11.406999999980085,0.6583438917863743
11.407999999980083,0.6583432266899097
11.40899999998008,0.6583424431857954
11.409999999980078,0.6583418686596954
11.410999999980076,0.6583409828896252
11.411999999980074,0.6583399205684476
11.412999999980071,0.6583390305831541
11.413999999980069,0.6583383264604632
11.414999999980067,0.65833754082307
11.415999999980064,0.6583364390795027
11.416999999980062,0.6583359835987649
11.41799999998006,0.658335592399924
11.418999999980057,0.6583350397572328
11.419999999980055,0.6583348643056178
11.420999999980053,0.6583347167000818
11.42199999998005,0.6583345031669617
11.422999999980048,0.65833409384359
11.423999999980046,0.6583340338116234
11.424999999980043,0.6583338527384609
11.425999999980041,0.6583333595597137
11.426999999980039,0.6583322184834758
11.427999999980036,0.6583313708181463
11.428999999980034,0.6583304871749105
11.429999999980032,0.6583293816847671
11.43099999998003,0.6583281753467163
11.431999999980027,0.6583280013141297
11.432999999980025,0.6583274556861642
11.433999999980022,0.6583270382926012
11.43499999998002,0.6583264235624203
11.435999999980018,0.6583261286575567
11.436999999980015,0.6583260188180626
11.437999999980013,0.6583257483545737
11.43899999998001,0.6583255890694435
11.439999999980008,0.6583252340117143
11.440999999980006,0.6583252037655323
11.441999999980004,0.6583245436039427
11.442999999980001,0.6583238312034604
11.443999999979999,0.6583232898223591
11.444999999979997,0.658322654406277
11.445999999979994,0.6583217322019573
11.446999999979992,0.658320887894318
11.44799999997999,0.6583202503593293
11.448999999979987,0.6583192760823751
11.449999999979985,0.6583184349715601
11.450999999979983,0.6583181677055758
11.45199999997998,0.6583183014052603
11.452999999979978,0.6583181550366917
11.453999999979976,0.6583180565473954
11.454999999979973,0.6583181898241438
11.455999999979971,0.6583184349139107
11.456999999979969,0.6583179014308365
11.457999999979966,0.6583175126528524
11.458999999979964,0.658317009271128
11.459999999979962,0.6583167141157017
11.46099999997996,0.658316113632806
11.461999999979957,0.6583153435184361
11.462999999979955,0.6583147464447164
11.463999999979952,0.6583142636048045
11.46499999997995,0.658313773758782
11.465999999979948,0.6583129731911178
11.466999999979945,0.6583128126697663
11.467999999979943,0.6583127159032961
11.46899999997994,0.6583124621893385
11.469999999979938,0.6583125077928301
11.470999999979936,0.6583126536734657
11.471999999979934,0.6583127351518754
11.472999999979931,0.6583126247220122
11.47399999997993,0.6583128621995133
11.474999999979927,0.6583129808077287
11.475999999979924,0.6583127176499957
11.476999999979922,0.6583118928291082
11.47799999997992,0.6583113594155034
11.478999999979917,0.658310790819391
11.479999999979915,0.6583100052302124
11.480999999979913,0.6583091224972994
11.48199999997991,0.6583091848596262
11.482999999979908,0.6583089578484074
11.483999999979906,0.6583088583410152
11.484999999979904,0.6583085657143873
11.485999999979901,0.6583085900164798
11.486999999979899,0.6583087950579802
11.487999999979897,0.6583088416785295
11.488999999979894,0.6583089206384737
11.489999999979892,0.6583088847956335
11.49099999997989,0.6583091716488135
11.491999999979887,0.6583088370003608
11.492999999979885,0.658308453261782
11.493999999979883,0.6583082391190751
11.49499999997988,0.6583078536696901
11.495999999979878,0.6583072679765257
11.496999999979876,0.6583067610711627
11.497999999979873,0.6583064593955342
11.49899999997987,0.6583058251293428
11.499999999979869,0.6583053240809961
11.500999999979866,0.6583053078239866
11.501999999979864,0.658305767991909
11.502999999979862,0.6583059526787758
11.50399999997986,0.6583061869975032
11.504999999979857,0.6583066502934322
11.505999999979855,0.6583072236999128
11.506999999979852,0.6583069432455412
11.50799999997985,0.658306890555782
11.508999999979848,0.6583067257716203
11.509999999979845,0.6583067672465837
11.510999999979843,0.6583065079327055
11.51199999997984,0.6583060843945684
11.512999999979838,0.6583058332318067
11.513999999979836,0.6583056105085355
11.514999999979834,0.6583054670051988
11.515999999979831,0.6583050167736219
11.516999999979829,0.6583051990521136
11.517999999979827,0.6583054432553548
11.518999999979824,0.6583055336565176
11.519999999979822,0.6583058333881451
11.52099999997982,0.6583063157563478
11.521999999979817,0.6583067339474887
11.522999999979815,0.6583069627858493
11.523999999979813,0.6583075368860333
11.52499999997981,0.6583079929703827
11.525999999979808,0.6583079872306523
11.526999999979806,0.6583075138130229
11.527999999979803,0.6583073284930492
11.528999999979801,0.6583071074445085
11.529999999979799,0.6583066728028901
11.530999999979796,0.6583061432743655
11.531999999979794,0.6583064633338586
11.532999999979792,0.6583065821361108
11.53399999997979,0.6583068263674428
11.534999999979787,0.6583068803056566
11.535999999979785,0.6583072469810334
11.536999999979782,0.658307788817542
11.53799999997978,0.6583081731038878
11.538999999979778,0.6583085048623719
11.539999999979775,0.6583088064790145
11.540999999979773,0.6583094273727795
11.54199999997977,0.6583094337096896
11.542999999979768,0.6583093926933639
11.543999999979766,0.6583095185207811
11.544999999979764,0.6583093916038083
11.545999999979761,0.6583091525802798
11.546999999979759,0.6583089918292873
11.547999999979757,0.6583090334250132
11.548999999979754,0.6583087451944152
11.549999999979752,0.6583085888790806
11.55099999997975,0.6583088263077824
11.551999999979747,0.6583096154796721
11.552999999979745,0.6583101323767564
11.553999999979743,0.6583106992955378
11.55499999997974,0.6583114911289023
11.555999999979738,0.6583123900837139
11.556999999979736,0.6583123596497469
11.557999999979733,0.6583126378474389
11.558999999979731,0.6583128050851569
11.559999999979729,0.6583131752960535
11.560999999979726,0.6583132478599398
11.561999999979724,0.6583131601615305
11.562999999979722,0.6583132428506118
11.56399999997972,0.6583132703191996
11.564999999979717,0.6583134587907116
11.565999999979715,0.6583133431820353
11.566999999979712,0.6583138513650418
11.56799999997971,0.6583144184159772
11.568999999979708,0.6583148334716424
11.569999999979705,0.658315371968163
11.570999999979703,0.6583161692778736
11.5719999999797,0.6583169013443793
11.572999999979698,0.6583174452906427
11.573999999979696,0.658318330550628
11.574999999979694,0.658319097351689
11.575999999979691,0.6583193280654472
11.576999999979689,0.6583191768484858
11.577999999979687,0.6583193091690192
11.578999999979684,0.6583194039631408
11.579999999979682,0.6583192872787857
11.58099999997968,0.6583190767067408
11.581999999979677,0.6583196280828899
11.582999999979675,0.6583200564482847
11.583999999979673,0.658320607017279
11.58499999997967,0.6583209688615848
11.585999999979668,0.6583216381149823
11.586999999979666,0.658322475883307
11.587999999979663,0.6583231557620366
11.588999999979661,0.658323707944794
11.589999999979659,0.6583243028078073
11.590999999979656,0.658325212299096
11.591999999979654,0.6583255128964646
11.592999999979652,0.6583257666312041
11.59399999997965,0.6583261832794702
11.594999999979647,0.6583262772240485
11.595999999979645,0.658326333618931
11.596999999979642,0.6583264666461526
11.59799999997964,0.6583267980908312
11.598999999979638,0.6583268013439029
11.599999999979635,0.6583269341529664
11.600999999979633,0.6583273829444979
11.60199999997963,0.6583284439525481
11.602999999979628,0.6583292347203882
11.603999999979626,0.6583300747276636
11.604999999979624,0.6583311345318789
11.605999999979622,0.6583322973949287
11.60699999997962,0.6583324700288479
11.607999999979617,0.6583330154790777
11.608999999979615,0.658333449977005
11.609999999979612,0.6583340830759846
11.61099999997961,0.658334420579625
11.611999999979608,0.6583346007199182
11.612999999979605,0.6583349482983185
11.613999999979603,0.6583351735986321
11.6149999999796,0.6583356234485724
11.615999999979598,0.65833577087143
11.616999999979596,0.6583365326098879
11.617999999979594,0.6583373492993371
11.618999999979591,0.6583380147724397
11.619999999979589,0.6583387358270353
11.620999999979587,0.6583397723647222
11.621999999979584,0.6583407416140864
11.622999999979582,0.6583415229597724
11.62399999997958,0.6583426406440807
11.624999999979577,0.6583436384604793
11.625999999979575,0.6583440452079157
11.626999999979573,0.6583441347675979
11.62799999997957,0.6583445024184481
11.628999999979568,0.6583448298849924
11.629999999979566,0.6583449471518603
11.630999999979563,0.6583449707348468
11.631999999979561,0.6583456894942232
11.632999999979559,0.6583463414738531
11.633999999979556,0.6583471117329359
11.634999999979554,0.6583476939815103
11.635999999979552,0.6583485775938515
11.63699999997955,0.6583496224484506
11.637999999979547,0.6583505082558053
11.638999999979545,0.658351213045311
11.639999999979542,0.6583520100349741
11.64099999997954,0.6583531161405749
11.641999999979538,0.6583536181885506
11.642999999979535,0.6583540730573311
11.643999999979533,0.6583546861639462
11.64499999997953,0.6583549297274565
11.645999999979528,0.6583551859793438
11.646999999979526,0.6583555166225132
11.647999999979524,0.6583560412323363
11.648999999979521,0.6583562386522211
11.649999999979519,0.6583565627292554
11.650999999979517,0.6583571492218471
11.651999999979514,0.6583583835873597
11.652999999979512,0.6583593490242001
11.65399999997951,0.6583603621818065
11.654999999979507,0.6583615894196324
11.655999999979505,0.6583629150355531
11.656999999979503,0.658363214497626
11.6579999999795,0.6583639249036654
11.658999999979498,0.6583645237267647
11.659999999979496,0.6583653161759532
11.660999999979493,0.6583658145220445
11.661999999979491,0.6583661579197132
11.662999999979489,0.658366665405868
11.663999999979486,0.6583670095367279
11.664999999979484,0.6583676151517892
11.665999999979482,0.658367919542088
11.66699999997948,0.6583688285980309
11.667999999979477,0.6583697883703277
11.668999999979475,0.6583705971842778
11.669999999979472,0.6583714203139741
11.67099999997947,0.6583725884510516
11.671999999979468,0.6583736867879044
11.672999999979465,0.6583745969297967
11.673999999979463,0.658375837904279
11.67499999997946,0.6583769571670806
11.675999999979458,0.6583774574974974
11.676999999979456,0.6583776775594772
11.677999999979454,0.6583781699373606
11.678999999979451,0.6583786191850288
11.679999999979449,0.658378859273284
11.680999999979447,0.6583790056849143
11.681999999979444,0.6583798084205763
11.682999999979442,0.6583805726028388
11.68399999997944,0.658381451019285
11.684999999979437,0.6583821418354877
11.685999999979435,0.6583831278065947
11.686999999979433,0.6583842676877202
11.68799999997943,0.658385247086562
11.688999999979428,0.6583860200170143
11.689999999979426,0.6583869062972599
11.690999999979423,0.6583880958596985
11.691999999979421,0.6583886859617717
11.692999999979419,0.658389228341096
11.693999999979416,0.6583899241200845
11.694999999979414,0.6583902318973912
11.695999999979412,0.6583905740975444
11.69699999997941,0.6583909884642801
11.697999999979407,0.6583915924321705
11.698999999979405,0.6583918701711825
11.699999999979402,0.6583922717192705
11.7009999999794,0.658392910682549
11.701999999979398,0.6583942050220691
11.702999999979395,0.6583952315765753
11.703999999979393,0.6583963041469056
11.70499999997939,0.6583975850398689
11.705999999979388,0.6583989595743078
11.706999999979386,0.6583993005057543
11.707999999979384,0.6584000619117998
11.708999999979381,0.6584007110517949
11.70999999997938,0.6584015488314341
11.710999999979377,0.6584020940445914
11.711999999979374,0.6584024868562659
11.712999999979372,0.6584030406120969
11.71399999997937,0.6584034184807733
11.714999999979367,0.6584040666452909
11.715999999979365,0.658404414923127
11.716999999979363,0.6584053586280691
11.71799999997936,0.6584063490653577
11.718999999979358,0.6584071888407795
11.719999999979356,0.6584080299554769
11.720999999979353,0.6584092177417644
11.721999999979351,0.6584103333149182
11.722999999979349,0.6584112604578388
11.723999999979346,0.6584125129682142
11.724999999979344,0.6584136420691652
11.725999999979342,0.6584141523882289
11.72699999997934,0.6584143916740438
11.727999999979337,0.6584148977656875
11.728999999979335,0.6584153580875163
11.729999999979333,0.6584156106360057
11.73099999997933,0.6584157698941507
11.731999999979328,0.6584165745770296
11.732999999979326,0.6584173418834468
11.733999999979323,0.6584182198063389
11.73499999997932,0.658418910782276
11.735999999979319,0.6584198910786255
11.736999999979316,0.6584210184328021
11.737999999979314,0.6584219841328471
11.738999999979312,0.6584227448881177
11.73999999997931,0.658423613634825
11.740999999979307,0.6584247800736398
11.741999999979305,0.6584253519716653
11.742999999979302,0.6584258759399466
11.7439999999793,0.6584265488812556
11.744999999979298,0.658426842039751
11.745999999979295,0.6584271655223884
11.746999999979293,0.6584275595123819
11.74799999997929,0.6584281393547214
11.748999999979288,0.6584283944213718
11.749999999979286,0.6584287710103097
11.750999999979284,0.6584293860658558
11.751999999979281,0.658430639230944
11.752999999979279,0.6584316260995419
11.753999999979277,0.6584326576083149
11.754999999979274,0.658433892151878
11.755999999979272,0.6584352160620859
11.75699999997927,0.6584355241528305
11.757999999979267,0.6584362378097627
11.758999999979265,0.6584368389923682
11.759999999979263,0.6584376243576466
11.76099999997926,0.6584381192570098
11.761999999979258,0.6584384649307289
11.762999999979256,0.6584389691048735
11.763999999979253,0.6584393092850261
11.764999999979251,0.6584399054098558
11.765999999979249,0.6584402036008585
11.766999999979246,0.6584410888330243
11.767999999979244,0.6584420175141799
11.768999999979242,0.6584427963350356
11.76999999997924,0.6584435869843448
11.770999999979237,0.6584447037193921
11.771999999979235,0.6584457463991893
11.772999999979232,0.6584466009417038
11.77399999997923,0.6584477759232713
11.774999999979228,0.658448826423286
11.775999999979225,0.6584492808172885
11.776999999979223,0.6584494520103366
11.77799999997922,0.6584498852427634
11.778999999979218,0.6584502708378536
11.779999999979216,0.6584504508186291
11.780999999979214,0.6584505386856361
11.781999999979211,0.6584512828273049
11.782999999979209,0.6584519706002647
11.783999999979207,0.6584527661851145
11.784999999979204,0.6584533761259451
11.785999999979202,0.6584542703154517
11.7869999999792,0.6584553055699239
11.787999999979197,0.6584561786655115
11.788999999979195,0.6584568684972304
11.789999999979193,0.6584576419992244
11.79099999997919,0.6584587082894303
11.791999999979188,0.6584591856771737
11.792999999979186,0.658459615671189
11.793999999979183,0.6584601910443373
11.794999999979181,0.6584604140745215
11.795999999979179,0.6584606455799787
11.796999999979176,0.6584609468493158
11.797999999979174,0.6584614311692298
11.798999999979172,0.6584615930041583
11.79999999997917,0.6584618749464005
11.800999999979167,0.6584624144636502
11.801999999979165,0.6584635585477884
11.802999999979162,0.6584644385136917
11.80399999997916,0.6584653624269948
11.804999999979158,0.6584664848950975
11.805999999979155,0.6584676932628387
11.806999999979153,0.6584679203637718
11.80799999997915,0.6584685227356771
11.808999999979148,0.6584690132406726
11.809999999979146,0.6584696843591602
11.810999999979144,0.6584700679887849
11.811999999979141,0.6584703064619962
11.812999999979139,0.6584707019637346
11.813999999979137,0.6584709607766119
11.814999999979134,0.6584714474687041
11.815999999979132,0.6584716390560714
11.81699999997913,0.658472410351528
11.817999999979127,0.6584732227430348
11.818999999979125,0.6584738868454257
11.819999999979123,0.6584745873410546
11.82099999997912,0.6584755808876481
11.821999999979118,0.6584764993745442
11.822999999979116,0.65847723081453
11.823999999979113,0.6584782786024211
11.824999999979111,0.6584792017285259
11.825999999979109,0.6584795641860446
11.826999999979106,0.6584796200091603
11.827999999979104,0.6584799341014265
11.828999999979102,0.6584801996928163
11.8299999999791,0.6584802627794835
11.830999999979097,0.6584802358786388
11.831999999979095,0.6584808876863438
11.832999999979092,0.6584814543530749
11.83399999997909,0.658482126981083
11.834999999979088,0.6584826160943437
11.835999999979085,0.6584833853020124
11.836999999979083,0.6584842905794048
11.83799999997908,0.6584850340378101
11.838999999979078,0.6584856257332704
11.839999999979076,0.6584862684809982
11.840999999979074,0.6584872000178746
11.841999999979071,0.6584875491562749
11.84299999997907,0.6584878523411906
11.843999999979067,0.6584882983200591
11.844999999979064,0.6584884279540443
11.845999999979062,0.6584885372877123
11.84699999997906,0.6584887166396504
11.847999999979058,0.6584890772527604
11.848999999979055,0.6584891185978444
11.849999999979053,0.6584892795583954
11.85099999997905,0.6584897244408945
11.851999999979048,0.6584907349298552
11.852999999979046,0.65849148427379
11.853999999979044,0.6584922776720031
11.854999999979041,0.658493266048805
11.855999999979039,0.6584943377686111
11.856999999979037,0.6584944686100249
11.857999999979034,0.6584949401176476
11.858999999979032,0.658495301267004
11.85999999997903,0.6584958404501952
11.860999999979027,0.6584960960441815
11.861999999979025,0.6584962114321294
11.862999999979023,0.6584964833486534
11.86399999997902,0.6584966502463908
11.864999999979018,0.6584970142506712
11.865999999979016,0.658497086854172
11.866999999979013,0.6584977328176612
11.867999999979011,0.6584984184272009
11.868999999979009,0.6584989581029185
11.869999999979006,0.6584995617784714
11.870999999979004,0.6585004240226009
11.871999999979002,0.6585012110539166
11.872999999979,0.6585018129432159
11.873999999978997,0.6585027279734679
11.874999999978995,0.6585035190592042
11.875999999978992,0.6585037866262018
11.87699999997899,0.6585037238087557
11.877999999978988,0.6585039164704822
11.878999999978985,0.6585040607333568
11.879999999978983,0.6585040064589992
11.88099999997898,0.6585038651646937
11.881999999978978,0.658504425532005
11.882999999978976,0.6585048730298234
11.883999999978974,0.65850542547656
11.884999999978971,0.6585057972882282
11.885999999978969,0.6585064458618121
11.886999999978967,0.6585072263932614
11.887999999978964,0.6585078462182308
11.888999999978962,0.6585083448055736
11.88999999997896,0.6585088642098594
11.890999999978957,0.6585096692693626
11.891999999978955,0.6585098991845856
11.892999999978953,0.6585100853894962
11.89399999997895,0.6585104127214662
11.894999999978948,0.658510457510917
11.895999999978946,0.6585104567516272
11.896999999978943,0.6585105270823637
11.897999999978941,0.6585107777070485
11.898999999978939,0.6585107130416818
11.899999999978936,0.6585107682276848
11.900999999978934,0.6585111303960367
11.901999999978932,0.6585120239335185
11.90299999997893,0.6585126599563588
11.903999999978927,0.6585133408132408
11.904999999978925,0.6585142138293499
11.905999999978922,0.65851516839912
11.90699999997892,0.6585152180234917
11.907999999978918,0.6585155793976554
11.908999999978915,0.6585158326570294
11.909999999978913,0.6585162622044798
11.91099999997891,0.6585164127794474
11.911999999978908,0.6585164287217243
11.912999999978906,0.6585166014204259
11.913999999978904,0.6585166951516143
11.914999999978901,0.6585169620354613
11.915999999978899,0.6585169418595435
11.916999999978897,0.6585174893886168
11.917999999978894,0.6585180757647935
11.918999999978892,0.6585185191321811
11.91999999997889,0.658519047525467
11.920999999978887,0.6585198077567269
11.921999999978885,0.6585204932558935
11.922999999978883,0.6585209961185882
11.92399999997888,0.65852180960616
11.924999999978878,0.6585225005339678
11.925999999978876,0.6585226974940764
11.926999999978873,0.6585225488150692
11.927999999978871,0.6585226535518948
11.928999999978869,0.6585227106856554
11.929999999978866,0.6585225737956344
11.930999999978864,0.6585223533731505
11.931999999978862,0.6585228491082588
11.93299999997886,0.6585232136681232
11.933999999978857,0.6585236826862073
11.934999999978855,0.6585239744158461
11.935999999978852,0.6585245401007904
11.93699999997885,0.6585252342039707
11.937999999978848,0.6585257692085777
11.938999999978845,0.6585262041457213
11.939999999978843,0.658526639942015
11.94099999997884,0.6585273588635041
11.941999999978838,0.65852751032449
11.942999999978836,0.6585276208105753
11.943999999978834,0.6585278713687404
11.944999999978831,0.6585278629714778
11.945999999978829,0.6585277946873971
11.946999999978827,0.6585277990124657
11.947999999978824,0.6585279831156697
11.948999999978822,0.6585278563170663
11.94999999997882,0.6585278499670377
11.950999999978817,0.658528162869018
11.951999999978815,0.6585289844651591
11.952999999978813,0.6585295525144866
11.95399999997881,0.6585301665385784
11.954999999978808,0.6585309703334145
11.955999999978806,0.6585318543343142
11.956999999978803,0.6585318578497964
11.957999999978801,0.6585321562967347
11.958999999978799,0.6585323492585652
11.959999999978796,0.6585327172506832
11.960999999978794,0.6585328112263445
11.961999999978792,0.6585327763538527
11.96299999997879,0.6585328987933434
11.963999999978787,0.6585329562840955
11.964999999978785,0.6585331754920278
11.965999999978782,0.6585331122302182
11.96699999997878,0.6585336112946949
11.967999999978778,0.6585341486711264
11.968999999978776,0.6585345461703608
11.969999999978773,0.6585350373078118
11.97099999997877,0.6585357464764577
11.971999999978769,0.6585363816607398
11.972999999978766,0.6585368369507932
11.973999999978764,0.6585376006832226
11.974999999978762,0.6585382435278166
11.97599999997876,0.6585384090450108
11.976999999978757,0.6585382267501064
11.977999999978755,0.6585382961340684
11.978999999978752,0.6585383189945152
11.97999999997875,0.6585381524634895
11.980999999978748,0.6585379059789126
11.981999999978745,0.6585383769396889
11.982999999978743,0.6585387118328412
11.98399999997874,0.6585391508016387
11.984999999978738,0.6585394159009609
11.985999999978736,0.6585399522778831
11.986999999978734,0.6585406137007789
11.987999999978731,0.6585411177415342
11.988999999978729,0.6585415295131577
11.989999999978727,0.658541935795234
11.990999999978724,0.6585426228866162
11.991999999978722,0.6585427502119308
11.99299999997872,0.6585428393741846
11.993999999978717,0.6585430677466488
11.994999999978715,0.6585430470671074
11.995999999978713,0.6585429657712552
11.99699999997871,0.6585429586084467
11.997999999978708,0.6585431307241926
11.998999999978706,0.6585429963121363
11.999999999978703,0.6585429828841574
12.000999999978701,0.658543287355328
12.001999999978699,0.6585440914996116
12.002999999978696,0.6585446460052942
12.003999999978694,0.6585452475934822
12.004999999978692,0.6585460365961947
12.00599999997869,0.6585469044979773
12.006999999978687,0.65854690265357
12.007999999978685,0.6585471925422922
12.008999999978682,0.6585473795434985
12.00999999997868,0.658547740381345
12.010999999978678,0.6585478320666591
12.011999999978675,0.6585478004593417
12.012999999978673,0.658547926613344
12.01399999997867,0.658547988264021
12.014999999978668,0.6585482135008839
12.015999999978666,0.6585481606874264
12.016999999978664,0.6585486646797652
12.017999999978661,0.6585492063077325
12.018999999978659,0.6585496109979215
12.019999999978657,0.6585501046075567
12.020999999978654,0.6585508155868293
12.021999999978652,0.6585514531956166
12.02299999997865,0.6585519134898209
12.023999999978647,0.6585526799704443
12.024999999978645,0.6585533271104983
12.025999999978643,0.6585535003035871
12.02699999997864,0.6585533362093319
12.027999999978638,0.6585534219589283
12.028999999978636,0.6585534621240936
12.029999999978633,0.6585533172325073
12.030999999978631,0.6585530956474197
12.031999999978629,0.6585535798498866
12.032999999978626,0.6585539355390698
12.033999999978624,0.658554394640119
12.034999999978622,0.6585546829755855
12.03599999997862,0.6585552396600229
12.036999999978617,0.6585559178069574
12.037999999978615,0.6585564400175107
12.038999999978612,0.6585568653100878
12.03999999997861,0.6585572907720332
12.040999999978608,0.6585579945433138
12.041999999978605,0.6585581458607612
12.042999999978603,0.6585582615062799
12.0439999999786,0.658558515286974
12.044999999978598,0.6585585177261092
12.045999999978596,0.6585584702543266
12.046999999978594,0.658558498055321
12.047999999978591,0.6585587042753519
12.048999999978589,0.6585586079511604
12.049999999978587,0.6585586327253883
12.050999999978584,0.658558962488577
12.051999999978582,0.6585597938856561
12.05299999997858,0.658560379135505
12.053999999978577,0.6585610121839436
12.054999999978575,0.6585618299693607
12.055999999978573,0.6585627250294428
12.05699999997857,0.6585627499394281
12.057999999978568,0.6585630737951489
12.058999999978566,0.6585632969628701
12.059999999978563,0.6585636924598688
12.060999999978561,0.6585638232139635
12.061999999978559,0.6585638356553069
12.062999999978556,0.6585640058540272
12.063999999978554,0.6585641016038807
12.064999999978552,0.6585643723437489
12.06599999997855,0.6585643689483222
12.066999999978547,0.6585649163908293
12.067999999978545,0.6585655003416382
12.068999999978542,0.658565949781629
12.06999999997854,0.6585664737674857
12.070999999978538,0.6585672233962592
12.071999999978535,0.6585678998149559
12.072999999978533,0.6585684010164388
12.07399999997853,0.6585692057366537
12.074999999978528,0.658569892212876
12.075999999978526,0.6585700989910745
12.076999999978524,0.6585699870379554
12.077999999978521,0.6585701226657477
12.07899999997852,0.6585702131865417
12.079999999978517,0.6585701223942484
12.080999999978514,0.6585699575674143
12.081999999978512,0.6585704785420301
12.08299999997851,0.6585708859260286
12.083999999978507,0.6585713955164642
12.084999999978505,0.6585717368567877
12.085999999978503,0.6585723431079568
12.0869999999785,0.6585730667777542
12.087999999978498,0.658573635420678
12.088999999978496,0.658574095083272
12.089999999978494,0.6585745670692247
12.090999999978491,0.6585753143864819
12.091999999978489,0.6585755159201309
12.092999999978487,0.6585756836822352
12.093999999978484,0.6585759880086767
12.094999999978482,0.6585760319667667
12.09599999997848,0.6585760422813579
12.096999999978477,0.6585761283901395
12.097999999978475,0.6585763914785137
12.098999999978473,0.658576355386953
12.09999999997847,0.6585764398841245
12.100999999978468,0.6585768107197503
12.101999999978466,0.6585776899966241
12.102999999978463,0.6585783259805219
12.10399999997846,0.6585790098624426
12.104999999978459,0.6585798752698179
12.105999999978456,0.6585808157925769
12.106999999978454,0.6585808807399011
12.107999999978452,0.6585812557670488
12.10899999997845,0.6585815316917103
12.109999999978447,0.6585819778939097
12.110999999978445,0.6585821631094179
12.111999999978442,0.6585822342498592
12.11299999997844,0.6585824625173667
12.113999999978438,0.6585826024634251
12.114999999978435,0.658582931599978
12.115999999978433,0.658582989848421
12.11699999997843,0.6585835924004033
12.117999999978428,0.658584229745592
12.118999999978426,0.6585847343362087
12.119999999978424,0.6585852961491914
12.120999999978421,0.65858609387276
12.121999999978419,0.6585868179387836
12.122999999978417,0.6585873682468008
12.123999999978414,0.6585882188148993
12.124999999978412,0.6585889516291242
12.12599999997841,0.6585891967851635
12.126999999978407,0.6585891426643266
12.127999999978405,0.658589333281379
12.128999999978403,0.6585894786686101
12.1299999999784,0.6585894457943902
12.130999999978398,0.658589340855353
12.131999999978396,0.6585899005656545
12.132999999978393,0.6585903617007244
12.133999999978391,0.658590923224798
12.134999999978389,0.6585913183340172
12.135999999978386,0.6585919743319752
12.136999999978384,0.6585927431841557
12.137999999978382,0.6585933572972835
12.13899999997838,0.6585938501950489
12.139999999978377,0.6585943666639179
12.140999999978375,0.6585951548934641
12.141999999978372,0.6585954033027399
12.14299999997837,0.6585956191720546
12.143999999978368,0.6585959694483334
12.144999999978365,0.6585960510016512
12.145999999978363,0.6585961132717756
12.14699999997836,0.6585962512105342
12.147999999978358,0.6585965640924115
12.148999999978356,0.6585965805086939
12.149999999978354,0.658596716376819
12.150999999978351,0.6585971216695864
12.151999999978349,0.6585980396154353
12.152999999978347,0.6585987164543218
12.153999999978344,0.6585994406370121
12.154999999978342,0.6586003425778248
12.15599999997834,0.6586013169141745
12.156999999978337,0.6586014127332277
12.157999999978335,0.6586018261622348
12.158999999978333,0.6586021414431562
12.15999999997833,0.6586026243747338
12.160999999978328,0.6586028494279723
12.161999999978326,0.6586029639453843
12.162999999978323,0.6586032343666426
12.163999999978321,0.6586034061759389
12.164999999978319,0.6586037767510905
12.165999999978316,0.6586038790558436
12.166999999978314,0.6586045186477345
12.167999999978312,0.6586051907908644
12.16899999997831,0.6586057313017456
12.169999999978307,0.6586063162142026
12.170999999978305,0.6586071419541968
12.171999999978302,0.6586078930242747
12.1729999999783,0.65860847119788
12.173999999978298,0.6586093458012634
12.174999999978295,0.6586101025798372
12.175999999978293,0.6586103689212732
12.17699999997829,0.6586103490976581
12.177999999978288,0.6586105706421996
12.178999999978286,0.6586107463010693
12.179999999978284,0.6586107461611563
12.180999999978281,0.6586106753507631
12.181999999978279,0.6586112542052986
12.182999999978277,0.6586117424956311
12.183999999978274,0.6586123288700119
12.184999999978272,0.6586127500871902
12.18599999997827,0.6586134277044875
12.186999999978267,0.6586142132232079
12.187999999978265,0.6586148437757918
12.188999999978263,0.658615347786502
12.18999999997826,0.658615878810255
12.190999999978258,0.6586166775163312
12.191999999978256,0.6586169417921001
12.192999999978253,0.6586171742117322
12.193999999978251,0.6586175384058234
12.194999999978249,0.6586176331594807
12.195999999978246,0.6586177144024152
12.196999999978244,0.6586178707089124
12.197999999978242,0.6586181994985708
12.19899999997824,0.6586182340475972
12.199999999978237,0.6586183864662845
12.200999999978235,0.6586187998774761
12.201999999978232,0.6586197211641293
12.20299999997823,0.6586204030163048
12.203999999978228,0.6586211311542699
12.204999999978225,0.6586220328900045
12.205999999978223,0.658623003901604
12.20699999997822,0.6586231024451727
12.207999999978218,0.6586235163255502
12.208999999978216,0.6586238325531967
12.209999999978214,0.6586243133923201
12.210999999978212,0.6586245390060754
12.21199999997821,0.6586246571492392
12.212999999978207,0.6586249295937183
12.213999999978205,0.6586251029149996
12.214999999978202,0.6586254741502877
12.2159999999782,0.6586255793177549
12.216999999978198,0.6586262145227318
12.217999999978195,0.6586268797376714
12.218999999978193,0.6586274140179991
12.21999999997819,0.658627990264913
12.220999999978188,0.658628801420291
12.221999999978186,0.6586295365444063
12.222999999978184,0.6586300992490105
12.223999999978181,0.6586309541813222
12.224999999978179,0.658631690876713
12.225999999978177,0.6586319451130651
12.226999999978174,0.6586319148178539
12.227999999978172,0.6586321222227101
12.22899999997817,0.6586322827912271
12.229999999978167,0.6586322696966517
12.230999999978165,0.6586321870186828
12.231999999978163,0.6586327504490755
12.23299999997816,0.6586332195549888
12.233999999978158,0.6586337842230601
12.234999999978156,0.6586341846699008
12.235999999978153,0.6586348368259075
12.236999999978151,0.6586355918168976
12.237999999978149,0.6586361913572446
12.238999999978146,0.6586366707107534
12.239999999978144,0.6586371683921858
12.240999999978142,0.6586379294179422
12.24199999997814,0.6586381611105796
12.242999999978137,0.6586383613552651
12.243999999978135,0.6586386905344196
12.244999999978132,0.6586387616140713
12.24599999997813,0.6586388124683416
12.246999999978128,0.6586389376031204
12.247999999978125,0.6586392326386322
12.248999999978123,0.6586392354624377
12.24999999997812,0.6586393544316175
12.250999999978118,0.6586397384406182
12.251999999978116,0.6586406131071023
12.252999999978114,0.6586412497847223
12.253999999978111,0.6586419314707924
12.254999999978109,0.6586427824921735
12.255999999978107,0.6586436995608862
12.256999999978104,0.6586437627801088
12.257999999978102,0.6586441262114301
12.2589999999781,0.6586443923267989
12.259999999978097,0.6586448198998429
12.260999999978095,0.6586449947570693
12.261999999978093,0.6586450650635484
12.26299999997809,0.6586452880098664
12.263999999978088,0.6586454241621655
12.264999999978086,0.6586457444578251
12.265999999978083,0.6586458007916105
12.266999999978081,0.658646380011738
12.267999999978079,0.6586469867210931
12.268999999978076,0.6586474630824007
12.269999999978074,0.6586479919572608
12.270999999978072,0.6586487369488965
12.27199999997807,0.6586494045177712
12.272999999978067,0.6586499000758383
12.273999999978065,0.6586506836020286
12.274999999978062,0.6586513484597415
12.27599999997806,0.6586515517370469
12.276999999978058,0.6586514590820615
12.277999999978055,0.658651600487918
12.278999999978053,0.6586516941422594
12.27999999997805,0.6586516162782454
12.280999999978048,0.6586514699470161
12.281999999978046,0.6586519792697038
12.282999999978044,0.6586523776556525
12.283999999978041,0.6586528691967942
12.284999999978039,0.6586531974604144
12.285999999978037,0.6586537728688632
12.286999999978034,0.6586544462644068
12.287999999978032,0.6586549637957004
12.28899999997803,0.6586553802822726
12.289999999978027,0.6586557937599866
12.290999999978025,0.6586564663172177
12.291999999978023,0.6586566146855986
12.29299999997802,0.6586567320759299
12.293999999978018,0.6586569756918477
12.294999999978016,0.6586569852363655
12.295999999978013,0.6586569553214162
12.296999999978011,0.6586569990675811
12.297999999978009,0.6586572103448245
12.298999999978006,0.6586571315789782
12.299999999978004,0.658657167424419
12.300999999978002,0.658657484971489
12.301999999978,0.6586582639601565
12.302999999977997,0.6586588065112409
12.303999999977995,0.6586593929079037
12.304999999977992,0.658660144606786
12.30599999997799,0.6586609593488402
12.306999999977988,0.6586609510890191
12.307999999977985,0.658661215996123
12.308999999977983,0.6586613841026359
12.30999999997798,0.6586617107392556
12.310999999977978,0.6586617873622679
12.311999999977976,0.6586617625423005
12.312999999977974,0.6586618889716312
12.313999999977971,0.6586619528699112
12.31499999997797,0.6586621757015215
12.315999999977967,0.6586621369083572
12.316999999977964,0.6586626142655166
12.317999999977962,0.6586631169298172
12.31899999997796,0.6586634900478662
12.319999999977957,0.6586639378258418
12.320999999977955,0.6586645719962643
12.321999999977953,0.658665127650436
12.32299999997795,0.6586655119607514
12.323999999977948,0.6586661802575782
12.324999999977946,0.658666729762879
12.325999999977943,0.6586668496188427
12.326999999977941,0.6586666515169936
12.327999999977939,0.6586666841939104
12.328999999977936,0.6586666685635753
12.329999999977934,0.6586664838797135
12.330999999977932,0.6586662321800216
12.33199999997793,0.6586666564514703
12.332999999977927,0.6586669431740454
12.333999999977925,0.658667321057184
12.334999999977923,0.6586675369227266
12.33599999997792,0.6586679957949072
12.336999999977918,0.6586685483191993
12.337999999977916,0.6586689449416736
12.338999999977913,0.6586692696321084
12.33999999997791,0.6586695606846849
12.340999999977909,0.6586701069462423
12.341999999977906,0.6586701345111533
12.342999999977904,0.6586701319343753
12.343999999977902,0.6586702533160681
12.3449999999779,0.6586701740610755
12.345999999977897,0.6586700273725751
12.346999999977895,0.6586699541728669
12.347999999977892,0.6586700466207931
12.34899999997789,0.6586698516164178
12.349999999977888,0.6586697701470821
12.350999999977885,0.6586699959541105
12.351999999977883,0.6586706461361079
12.35299999997788,0.6586710618228518
12.353999999977878,0.6586715205964574
12.354999999977876,0.6586721411473446
12.355999999977874,0.6586728222430066
12.356999999977871,0.6586727193145409
12.357999999977869,0.6586728551711681
12.358999999977867,0.6586728951992725
12.359999999977864,0.6586730913428566
12.360999999977862,0.6586730406324891
12.36199999997786,0.6586728920190581
12.362999999977857,0.6586728937816321
12.363999999977855,0.6586728646556474
12.364999999977853,0.6586729627834647
12.36599999997785,0.6586728021005887
12.366999999977848,0.6586731514613452
12.367999999977846,0.6586735245143555
12.368999999977843,0.6586737692875536
12.369999999977841,0.6586741175586847
12.370999999977839,0.6586746168749027
12.371999999977836,0.658675037126452
12.372999999977834,0.6586752872059214
12.373999999977832,0.6586758178318137
12.37499999997783,0.6586762300945119
12.375999999977827,0.6586762504334304
12.376999999977825,0.6586759258021111
12.377999999977822,0.6586758292622401
12.37899999997782,0.6586756844460937
12.379999999977818,0.658675373561759
12.380999999977815,0.6586749976403081
12.381999999977813,0.6586753231601932
12.38299999997781,0.6586754804459137
12.383999999977808,0.6586757274925975
12.384999999977806,0.6586758143023537
12.385999999977804,0.6586761405963149
12.386999999977801,0.6586765568974745
12.387999999977799,0.6586768178350264
12.388999999977797,0.6586770400329514
12.389999999977794,0.6586771949205523
12.390999999977792,0.6586776017625892
12.39199999997779,0.6586774959284803
12.392999999977787,0.6586773613447023
12.393999999977785,0.6586773490916354
12.394999999977783,0.6586771728273343
12.39599999997778,0.6586768988983224
12.396999999977778,0.6586766988818904
12.397999999977776,0.6586766632543327
12.398999999977773,0.658676343341339
12.399999999977771,0.6586761364774805
12.400999999977769,0.6586762649273612
12.401999999977766,0.6586767794817736
12.402999999977764,0.6586770620375271
12.403999999977762,0.6586773874949934
12.40499999997776,0.6586778718654416
12.405999999977757,0.6586784149430044
12.406999999977755,0.6586782144391758
12.407999999977752,0.6586782179175616
12.40899999997775,0.658678127141291
12.409999999977748,0.6586781907344825
12.410999999977745,0.658678011214037
12.411999999977743,0.658677737853996
12.41299999997774,0.6586776146119024
12.413999999977738,0.6586774926146088
12.414999999977736,0.658677466761185
12.415999999977734,0.6586771854884464
12.416999999977731,0.6586774088391386
12.417999999977729,0.6586776549150539
12.418999999977727,0.6586777745511251
12.419999999977724,0.6586780261870255
12.420999999977722,0.658678395068999
12.42199999997772,0.6586786849854481
12.422999999977717,0.6586788065096263
12.423999999977715,0.6586792058047577
12.424999999977713,0.6586794878111693
12.42599999997771,0.6586794142411676
12.426999999977708,0.6586789709760283
12.427999999977706,0.6586787537949148
12.428999999977703,0.6586784890270166
12.429999999977701,0.6586780617360304
12.430999999977699,0.6586775719442329
12.431999999977696,0.6586778068990924
12.432999999977694,0.6586778461980662
12.433999999977692,0.6586779744766078
12.43499999997769,0.6586779448698596
12.435999999977687,0.6586781518738772
12.436999999977685,0.6586784459468374
12.437999999977682,0.6586785858152016
12.43899999997768,0.6586787169056865
12.439999999977678,0.6586787513642388
12.440999999977675,0.6586790352051016
12.441999999977673,0.6586788129342069
12.44299999997767,0.6586785638881785
12.443999999977668,0.6586784362192978
12.444999999977666,0.6586781769408631
12.445999999977664,0.658677794895015
12.446999999977661,0.6586774877608462
12.44799999997766,0.6586773443524473
12.448999999977657,0.6586769203904388
12.449999999977654,0.6586766095492389
12.450999999977652,0.658676657116141
12.45199999997765,0.6586770586231158
12.452999999977648,0.6586772311852257
12.453999999977645,0.6586774470468147
12.454999999977643,0.6586778196081724
12.45599999997764,0.6586782496916356
12.456999999977638,0.6586779707133732
12.457999999977636,0.6586778678393557
12.458999999977634,0.6586776728644038
12.459999999977631,0.6586776311688907
12.460999999977629,0.6586773506343372
12.461999999977627,0.6586769807670845
12.462999999977624,0.65867676130373
12.463999999977622,0.6586765683810905
12.46499999997762,0.65867644824528
12.465999999977617,0.6586760765926781
12.466999999977615,0.6586762047206876
12.467999999977613,0.6586763551718273
12.46899999997761,0.6586763815422145
12.469999999977608,0.6586765608541473
12.470999999977606,0.6586768322427663
12.471999999977603,0.6586770253490914
12.472999999977601,0.6586770523892252
12.473999999977599,0.658677355044955
12.474999999977596,0.6586775420594705
12.475999999977594,0.6586774013334622
12.476999999977592,0.6586768754156936
12.47799999997759,0.658676574169819
12.478999999977587,0.6586762265878505
12.479999999977585,0.6586757204614679
12.480999999977582,0.6586751547948722
12.48199999997758,0.6586753279830194
12.482999999977578,0.6586752881254442
12.483999999977575,0.6586753369482267
12.484999999977573,0.6586752306976971
12.48599999997757,0.6586753587080559
12.486999999977568,0.658675571413559
12.487999999977566,0.6586756315791411
12.488999999977564,0.658675702939672
12.489999999977561,0.6586756592546746
12.490999999977559,0.6586758629620071
12.491999999977557,0.6586755675191585
12.492999999977554,0.6586752477220129
12.493999999977552,0.6586750488914842
12.49499999997755,0.6586747400065555
12.495999999977547,0.658674294697752
12.496999999977545,0.6586739256966251
12.497999999977543,0.6586737201715585
12.49899999997754,0.6586732382232078
12.499999999977538,0.6586728698425467
12.500999999977536,0.6586728716385448
12.501999999977533,0.6586732073473979
12.502999999977531,0.6586733175714089
12.503999999977529,0.6586734719295702
12.504999999977526,0.6586737812629787
12.505999999977524,0.6586741474237684
12.506999999977522,0.6586738269722381
12.50799999997752,0.6586736675075884
12.508999999977517,0.6586734184992469
12.509999999977515,0.6586733221653195
12.510999999977512,0.6586729916043681
12.51199999997751,0.6586725764378999
12.512999999977508,0.658672312290411
12.513999999977505,0.6586720873105596
12.514999999977503,0.6586719249547688
12.5159999999775,0.6586715152877317
12.516999999977498,0.6586716008960252
12.517999999977496,0.6586717087724813
12.518999999977494,0.6586716952504731
12.519999999977491,0.6586718425299659
12.520999999977489,0.6586720704882917
12.521999999977487,0.6586722212260211
12.522999999977484,0.6586722085666152
12.523999999977482,0.6586724697943459
12.52499999997748,0.6586726173865698
12.525999999977477,0.6586724513338389
12.526999999977475,0.6586718986265505
12.527999999977473,0.6586715695489985
12.52899999997747,0.6586711957131024
12.529999999977468,0.6586706674936702
12.530999999977466,0.6586700828642632
12.531999999977463,0.6586702370817218
12.532999999977461,0.6586701753486894
12.533999999977459,0.6586702022263748
12.534999999977456,0.6586700770679613
12.535999999977454,0.6586701840999061
12.536999999977452,0.6586703737604039
12.53799999997745,0.6586704128132967
12.538999999977447,0.6586704685837087
12.539999999977445,0.6586704058433802
12.540999999977442,0.6586705888540306
12.54199999997744,0.6586702798099194
12.542999999977438,0.6586699490223678
12.543999999977435,0.6586697390779619
12.544999999977433,0.6586694256556977
12.54599999997743,0.6586689772425497
12.546999999977428,0.6586686066475305
12.547999999977426,0.6586683994109911
12.548999999977424,0.6586679200085439
12.549999999977421,0.6586675547184253
12.550999999977419,0.6586675563134227
12.551999999977417,0.6586678871609916
12.552999999977414,0.6586679961318123
12.553999999977412,0.6586681502525971
12.55499999997741,0.6586684578468072
12.555999999977407,0.6586688217964799
12.556999999977405,0.6586685061610669
12.557999999977403,0.6586683520203669
12.5589999999774,0.6586681110189769
12.559999999977398,0.6586680222939664
12.560999999977396,0.6586677040021298
12.561999999977393,0.6586673057512443
12.562999999977391,0.6586670591675388
12.563999999977389,0.6586668488350401
12.564999999977386,0.6586667065101053
12.565999999977384,0.658666321093187
12.566999999977382,0.658666426481622
12.56799999997738,0.6586665541404629
12.568999999977377,0.658666563126754
12.569999999977375,0.6586667252436638
12.570999999977372,0.6586669723547992
12.57199999997737,0.6586671433978132
12.572999999977368,0.658667153770481
12.573999999977366,0.6586674364439611
12.574999999977363,0.6586676075515742
12.57599999997736,0.6586674633300735
12.576999999977359,0.6586669465320635
12.577999999977356,0.6586666523903894
12.578999999977354,0.6586663150910755
12.579999999977352,0.658665827446095
12.58099999997735,0.6586652863870338
12.581999999977347,0.6586654684403959
12.582999999977345,0.65866544719751
12.583999999977342,0.6586655144271018
12.58499999997734,0.6586654325906119
12.585999999977338,0.658665580859217
12.586999999977335,0.6586658096964811
12.587999999977333,0.658665889832753
12.58899999997733,0.6586659766614844
12.589999999977328,0.6586659570388147
12.590999999977326,0.6586661815744422
12.591999999977324,0.6586659209787326
12.592999999977321,0.6586656411364614
12.593999999977319,0.6586654819921308
12.594999999977317,0.6586652102991671
12.595999999977314,0.6586648202699643
12.596999999977312,0.6586645093756067
12.59799999997731,0.6586643615516122
12.598999999977307,0.6586639456449799
12.599999999977305,0.6586636441970907
12.600999999977303,0.6586636910583195
12.6019999999773,0.6586640775828263
12.602999999977298,0.6586642456935144
12.603999999977296,0.6586644598572181
12.604999999977293,0.6586648259192138
12.605999999977291,0.6586652477889968
12.606999999977289,0.6586649818778212
12.607999999977286,0.6586648928668947
12.608999999977284,0.658664719501757
12.609999999977282,0.6586646979138103
12.61099999997728,0.6586644511652977
12.611999999977277,0.6586641287269583
12.612999999977275,0.6586639583405396
12.613999999977272,0.6586638064523335
12.61499999997727,0.6586637422816636
12.615999999977268,0.6586634389602254
12.616999999977265,0.6586636217258128
12.617999999977263,0.6586638265373309
12.61899999997726,0.6586639151589897
12.619999999977258,0.6586641348412233
12.620999999977256,0.6586644579162059
12.621999999977254,0.6586647058746447
12.622999999977251,0.658664795657743
12.623999999977249,0.6586651559990413
12.624999999977247,0.6586654066140236
12.625999999977244,0.6586653259835198
12.626999999977242,0.6586649003501781
12.62799999997724,0.6586646961725708
12.628999999977237,0.6586644501684884
12.629999999977235,0.6586640574561665
12.630999999977233,0.6586636139191095
12.63199999997723,0.6586638640117234
12.632999999977228,0.6586639365771143
12.633999999977226,0.6586640971433275
12.634999999977223,0.6586641112747299
12.635999999977221,0.6586643531452832
12.636999999977219,0.6586646732663395
12.637999999977216,0.658664846296736
12.638999999977214,0.6586650028592335
12.639999999977212,0.6586650776591596
12.64099999997721,0.6586653947871532
12.641999999977207,0.6586652332679458
12.642999999977205,0.6586650546141675
12.643999999977202,0.6586649962115042
12.6449999999772,0.6586648033678525
12.645999999977198,0.6586645207955758
12.646999999977195,0.6586643182278391
12.647999999977193,0.6586642780264769
12.64899999997719,0.6586639733994882
12.649999999977188,0.658663783141962
12.650999999977186,0.658663910532392
12.651999999977184,0.658664399465935
12.652999999977181,0.658664673052083
12.653999999977179,0.6586649932268097
12.654999999977177,0.6586654634023604
12.655999999977174,0.658665988510309
12.656999999977172,0.6586658059719005
12.65799999997717,0.6586658266512845
12.658999999977167,0.6586657650582599
12.659999999977165,0.6586658543838837
12.660999999977163,0.6586657224643572
12.66199999997716,0.6586655185313388
12.662999999977158,0.658665466550422
12.663999999977156,0.6586654044378897
12.664999999977153,0.6586654597469123
12.665999999977151,0.6586652793487927
12.666999999977149,0.6586655798772544
12.667999999977146,0.6586659017944235
12.668999999977144,0.6586661095407197
12.669999999977142,0.6586664161536117
12.67099999997714,0.6586668540019762
12.671999999977137,0.658667217263169
12.672999999977135,0.6586674243924159
12.673999999977132,0.658667899945454
12.67499999997713,0.6586682671626116
12.675999999977128,0.6586682775774262
12.676999999977125,0.6586679791300042
12.677999999977123,0.6586679004947038
12.67899999997712,0.6586677808872524
12.679999999977118,0.6586675176283393
12.680999999977116,0.6586672055549556
12.681999999977114,0.6586675487944992
12.682999999977111,0.6586677481958698
12.68399999997711,0.6586680346269628
12.684999999977107,0.658668176732899
12.685999999977104,0.6586685437592352
12.686999999977102,0.6586689862949981
12.6879999999771,0.6586692828734729
12.688999999977097,0.6586695318513474
12.689999999977095,0.6586697308977776
12.690999999977093,0.658670170003568
12.69199999997709,0.6586701363442442
12.692999999977088,0.6586700871067591
12.693999999977086,0.6586701571899995
12.694999999977084,0.6586700635760014
12.695999999977081,0.658669915094907
12.696999999977079,0.6586698469039609
12.697999999977077,0.6586699398304754
12.698999999977074,0.658669771419926
12.699999999977072,0.6586697167317705
12.70099999997707,0.6586699426141046
12.701999999977067,0.6586705575292945
12.702999999977065,0.658670959618542
12.703999999977063,0.6586714083108896
12.70499999997706,0.6586720046420297
12.705999999977058,0.6586726545576238
12.706999999977056,0.658672571160884
12.707999999977053,0.6586727221102907
12.70899999997705,0.658672792309976
12.709999999977049,0.6586730120641057
12.710999999977046,0.6586730138822181
12.711999999977044,0.6586729466860998
12.712999999977042,0.6586730307636726
12.71399999997704,0.6586730712794823
12.714999999977037,0.6586732626921599
12.715999999977035,0.6586732212475092
12.716999999977032,0.6586736550664998
12.71799999997703,0.6586741091030278
12.718999999977028,0.6586744504212624
12.719999999977025,0.6586748544972653
12.720999999977023,0.6586754207401437
12.72199999997702,0.6586759124030461
12.722999999977018,0.6586762494264906
12.723999999977016,0.658676852229938
12.724999999977014,0.6586773475450124
12.725999999977011,0.6586774572140323
12.726999999977009,0.6586772962745392
12.727999999977007,0.6586773529739783
12.728999999977004,0.658677369003312
12.729999999977002,0.6586772438141094
12.730999999977,0.6586770712064164
12.731999999976997,0.6586775132542746
12.732999999976995,0.6586778465440467
12.733999999976993,0.6586782653611454
12.73499999997699,0.6586785413872279
12.735999999976988,0.6586790390208371
12.736999999976986,0.65867960896981
12.737999999976983,0.6586800335663727
12.738999999976981,0.6586803779625163
12.739999999976979,0.6586807048001132
12.740999999976976,0.6586812689185855
12.741999999976974,0.6586813655280612
12.742999999976972,0.6586814475262178
12.74399999997697,0.6586816473860825
12.744999999976967,0.6586816535445676
12.745999999976965,0.658681639344267
12.746999999976962,0.6586817051420012
12.74799999997696,0.6586819302755633
12.748999999976958,0.6586818965884195
12.749999999976955,0.6586819754353866
12.750999999976953,0.6586822979803595
12.75199999997695,0.6586830360915614
12.752999999976948,0.6586835633378054
12.753999999976946,0.6586841366596051
12.754999999976944,0.6586848547859667
12.755999999976941,0.6586856246669344
12.756999999976939,0.6586856363968472
12.757999999976937,0.6586859117961208
12.758999999976934,0.6586861074143346
12.759999999976932,0.6586864507113227
12.76099999997693,0.6586865788020482
12.761999999976927,0.6586866402611045
12.762999999976925,0.6586868517851064
12.763999999976923,0.6586869881151263
12.76499999997692,0.6586873060922792
12.765999999976918,0.6586873935108505
12.766999999976916,0.6586879501065867
12.767999999976913,0.6586885252897677
12.768999999976911,0.6586889886731903
12.769999999976909,0.6586894813172893
12.770999999976906,0.6586901637129695
12.771999999976904,0.6586907710510447
12.772999999976902,0.658691224728497
12.7739999999769,0.6586919410536485
12.774999999976897,0.6586925502406639
12.775999999976895,0.6586927481273542
12.776999999976892,0.6586927094420498
12.77799999997689,0.6586928857477429
12.778999999976888,0.6586930211987778
12.779999999976885,0.6586930173356489
12.780999999976883,0.6586929669373783
12.78199999997688,0.6586934946078224
12.782999999976878,0.6586939437812225
12.783999999976876,0.6586944765489161
12.784999999976874,0.6586948675632912
12.785999999976871,0.6586954764681636
12.786999999976869,0.6586961541429213
12.787999999976867,0.6586966866221498
12.788999999976864,0.658697111033622
12.789999999976862,0.6586975447412903
12.79099999997686,0.658698212507458
12.791999999976857,0.6586984175056265
12.792999999976855,0.6586986083709524
12.793999999976853,0.658698915202943
12.79499999997685,0.6586990036951026
12.795999999976848,0.6586991001096334
12.796999999976846,0.658699275790358
12.797999999976843,0.6586996086327485
12.798999999976841,0.6586996847239087
12.799999999976839,0.6586998717606346
12.800999999976836,0.6587002717536357
12.801999999976834,0.6587011072318708
12.802999999976832,0.6587017333565875
12.80399999997683,0.6587024045935111
12.804999999976827,0.6587032174464995
12.805999999976825,0.6587040798597806
12.806999999976822,0.6587041658629252
12.80799999997682,0.6587045375351157
12.808999999976818,0.6587048299734029
12.809999999976815,0.6587052678281885
12.810999999976813,0.6587054927788586
12.81199999997681,0.65870565304342
12.812999999976808,0.6587059618017852
12.813999999976806,0.658706171043064
12.814999999976804,0.6587065847517711
12.815999999976802,0.6587067698100433
12.8169999999768,0.6587074177234495
12.817999999976797,0.6587080823019915
12.818999999976795,0.6587086356138759
12.819999999976792,0.6587091925692994
12.82099999997679,0.6587099585325181
12.821999999976788,0.658710648629534
12.822999999976785,0.6587111856842941
12.823999999976783,0.6587119819082838
12.82499999997678,0.6587126710092449
12.825999999976778,0.6587129313972374
12.826999999976776,0.6587129803174099
12.827999999976774,0.6587132412769531
12.828999999976771,0.6587134608897305
12.829999999976769,0.6587135427637671
12.830999999976767,0.6587135786762566
12.831999999976764,0.658714164955989
12.832999999976762,0.6587146937353152
12.83399999997676,0.6587153039427226
12.834999999976757,0.6587157731195846
12.835999999976755,0.658716456253566
12.836999999976753,0.6587172044570624
12.83799999997675,0.6587178073550758
12.838999999976748,0.6587182835001002
12.839999999976746,0.6587187861477971
12.840999999976743,0.6587195193623337
12.841999999976741,0.6587197942417289
12.842999999976739,0.6587200551784904
12.843999999976736,0.6587204299462509
12.844999999976734,0.6587205713072225
12.845999999976732,0.6587207388316167
12.84699999997673,0.6587209846754916
12.847999999976727,0.6587213853373017
12.848999999976725,0.6587215310830772
12.849999999976722,0.6587217860058516
12.85099999997672,0.658722233160507
12.851999999976718,0.6587231256142773
12.852999999976715,0.6587238099752512
12.853999999976713,0.6587245382451935
12.85499999997671,0.6587254047912627
12.855999999976708,0.6587263185422931
12.856999999976706,0.658726447795694
12.857999999976704,0.6587268741806508
12.858999999976701,0.658727221673155
12.859999999976699,0.6587277121460116
12.860999999976697,0.6587279918176747
12.861999999976694,0.6587282085568043
12.862999999976692,0.658728572092163
12.86399999997669,0.6587288223139381
12.864999999976687,0.6587292890936507
12.865999999976685,0.6587295289687822
12.866999999976683,0.6587302253824618
12.86799999997668,0.6587309364738054
12.868999999976678,0.6587315366637077
12.869999999976676,0.6587321256374664
12.870999999976673,0.6587329320614189
12.871999999976671,0.6587336617007673
12.872999999976669,0.6587342387760435
12.873999999976666,0.6587350714128907
12.874999999976664,0.6587357968342087
12.875999999976662,0.6587360869368918
12.87699999997666,0.6587361796064672
12.877999999976657,0.6587364812942198
12.878999999976655,0.6587367410731853
12.879999999976652,0.6587368646053864
12.88099999997665,0.6587369426850685
12.881999999976648,0.6587375545460004
12.882999999976645,0.6587381188401783
12.883999999976643,0.6587387623995519
12.88499999997664,0.6587392655657064
12.885999999976638,0.6587399787689802
12.886999999976636,0.6587407534197915
12.887999999976634,0.6587413826153037
12.888999999976631,0.6587418773698407
12.889999999976629,0.6587424047724195
12.890999999976627,0.6587431592099793
12.891999999976624,0.6587434596799079
12.892999999976622,0.6587437463492034
12.89399999997662,0.6587441447129555
12.894999999976617,0.6587443056645133
12.895999999976615,0.6587444999256842
12.896999999976613,0.6587447715929343
12.89799999997661,0.6587451958077675
12.898999999976608,0.65874536694653
12.899999999976606,0.6587456455512989
12.900999999976603,0.6587461068107823
12.901999999976601,0.6587470123611736
12.902999999976599,0.6587477110573605
12.903999999976596,0.6587484524472133
12.904999999976594,0.6587493288501758
12.905999999976592,0.658750250171519
12.90699999997659,0.6587503898786503
12.907999999976587,0.658750827257296
12.908999999976585,0.6587511861163304
12.909999999976582,0.6587516855844149
12.91099999997658,0.6587519763958888
12.911999999976578,0.6587522060802625
12.912999999976575,0.6587525809758609
12.913999999976573,0.6587528396858945
12.91499999997657,0.6587533163316202
12.915999999976568,0.6587535678892087
12.916999999976566,0.6587542699030713
12.917999999976564,0.658754984766649
12.918999999976561,0.6587555891513948
12.91999999997656,0.6587561782720412
12.920999999976557,0.6587569828057737
12.921999999976554,0.6587577097527204
12.922999999976552,0.6587582846988147
12.92399999997655,0.658759111698957
12.924999999976547,0.6587598315125149
12.925999999976545,0.6587601199433056
12.926999999976543,0.6587602145755973
12.92799999997654,0.6587605153674579
12.928999999976538,0.6587607738495184
12.929999999976536,0.6587608977192874
12.930999999976533,0.6587609768035062
12.931999999976531,0.6587615835934919
12.932999999976529,0.6587621426723457
12.933999999976526,0.6587627790693271
12.934999999976524,0.6587632758400646
12.935999999976522,0.6587639789508003
12.93699999997652,0.658764740172658
12.937999999976517,0.6587653559602374
12.938999999976515,0.6587658396545741
12.939999999976513,0.6587663524173661
12.94099999997651,0.6587670888629026
12.941999999976508,0.658767375856932
12.942999999976506,0.6587676493597405
12.943999999976503,0.6587680326386015
12.9449999999765,0.6587681842847096
12.945999999976499,0.6587683669334672
12.946999999976496,0.6587686263153557
12.947999999976494,0.65876903624789
12.948999999976492,0.6587691951518637
12.94999999997649,0.6587694600620526
12.950999999976487,0.6587699076129429
12.951999999976485,0.6587707895323438
12.952999999976482,0.6587714660114561
12.95399999997648,0.6587721841555034
12.954999999976478,0.6587730343195558
12.955999999976475,0.6587739273788557
12.956999999976473,0.6587740508151364
12.95799999997647,0.6587744637442169
12.958999999976468,0.6587747987539715
12.959999999976466,0.658775272267573
12.960999999976464,0.6587755395021231
12.961999999976461,0.658775747648662
12.962999999976459,0.6587760997155804
12.963999999976457,0.6587763414624804
12.964999999976454,0.6587767943052216
12.965999999976452,0.6587770241250951
12.96699999997645,0.6587776987133985
12.967999999976447,0.6587783846484323
12.968999999976445,0.6587789607595713
12.969999999976443,0.658779525922657
12.97099999997644,0.6587802967156194
12.971999999976438,0.6587809894081726
12.972999999976436,0.6587815309200903
12.973999999976433,0.6587823212601263
12.974999999976431,0.6587830047357216
12.975999999976429,0.6587832686141002
12.976999999976426,0.6587833349003698
12.977999999976424,0.6587836048213035
12.978999999976422,0.6587838323584408
12.97999999997642,0.65878392721161
12.980999999976417,0.6587839782501639
12.981999999976415,0.6587845584806247
12.982999999976412,0.6587850839638627
12.98399999997641,0.658785685170755
12.984999999976408,0.6587861477953334
12.985999999976405,0.6587868134232479
12.986999999976403,0.6587875342416513
12.9879999999764,0.65878810995941
12.988999999976398,0.6587885628046853
12.989999999976396,0.6587890348297067
12.990999999976394,0.6587897275194918
12.991999999976391,0.6587899755559163
12.992999999976389,0.6587902107164929
12.993999999976387,0.6587905540968858
12.994999999976384,0.6587906780215419
12.995999999976382,0.6587908247854367
12.99699999997638,0.6587910479676101
12.997999999976377,0.6587914200874604
12.998999999976375,0.658791543552287
12.999999999976373,0.6587917719195396
13.00099999997637,0.6587921889071552
13.001999999976368,0.6587930251565759
13.002999999976366,0.6587936576735284
13.003999999976363,0.6587943311343252
13.004999999976361,0.658795134002993
13.005999999976359,0.6587959781197434
13.006999999976356,0.6587960699821985
13.007999999976354,0.6587964383572921
13.008999999976352,0.6587967297493812
13.00999999997635,0.6587971579216776
13.010999999976347,0.6587973825232527
13.011999999976345,0.6587975503896148
13.012999999976342,0.6587978612632495
13.01399999997634,0.658798072518907
13.014999999976338,0.6587984838474797
13.015999999976335,0.6587986745506914
13.016999999976333,0.6587993047860458
13.01799999997633,0.6587999452595203
13.018999999976328,0.6588004768808786
13.019999999976326,0.6588010062134608
13.020999999976324,0.6588017277860999
13.021999999976321,0.6588023711124528
13.022999999976319,0.6588028644147593
13.023999999976317,0.6588036036919471
13.024999999976314,0.6588042367955912
13.025999999976312,0.6588044658041925
13.02699999997631,0.6588044902289768
13.027999999976307,0.6588047161690351
13.028999999976305,0.6588049000430163
13.029999999976303,0.6588049535007922
13.0309999999763,0.6588049644587911
13.031999999976298,0.6588055094068549
13.032999999976296,0.6588059899778259
13.033999999976293,0.6588065450639718
13.034999999976291,0.6588069629369313
13.035999999976289,0.6588075808740439
13.036999999976286,0.6588082515235966
13.037999999976284,0.6588087777614962
13.038999999976282,0.6588091929404378
13.03999999997628,0.6588096154591588
13.040999999976277,0.6588102560143598
13.041999999976275,0.6588104570228395
13.042999999976272,0.6588106461101527
13.04399999997627,0.6588109422622139
13.044999999976268,0.6588110331688893
13.045999999976265,0.6588111372752093
13.046999999976263,0.658811317849987
13.04799999997626,0.6588116461350032
13.048999999976258,0.6588117284765296
13.049999999976256,0.65881191497056
13.050999999976254,0.6588122976708873
13.051999999976251,0.6588130837007719
13.05299999997625,0.6588136680166559
13.053999999976247,0.6588142928825713
13.054999999976244,0.6588150449332263
13.055999999976242,0.6588158369696296
13.05699999997624,0.6588158950984477
13.057999999976238,0.6588162163575852
13.058999999976235,0.6588164619076224
13.059999999976233,0.6588168429036594
13.06099999997623,0.6588170233563758
13.061999999976228,0.6588171497086787
13.062999999976226,0.6588174185067631
13.063999999976224,0.6588175988372348
13.064999999976221,0.6588179683648757
13.065999999976219,0.6588181199734509
13.066999999976217,0.6588187062790624
13.067999999976214,0.6588193020733483
13.068999999976212,0.6588197902851902
13.06999999997621,0.6588202848603367
13.070999999976207,0.6588209589663062
13.071999999976205,0.6588215550222225
13.072999999976203,0.6588220025221856
13.0739999999762,0.6588226935020913
13.074999999976198,0.6588232793371473
13.075999999976196,0.6588234759820705
13.076999999976193,0.6588234620750825
13.077999999976191,0.6588236479330516
13.078999999976189,0.6588237923908904
13.079999999976186,0.6588238089786143
13.080999999976184,0.6588237846597482
13.081999999976182,0.6588242981673083
13.08299999997618,0.6588247392136846
13.083999999976177,0.6588252538843349
13.084999999976175,0.6588256329825756
13.085999999976172,0.6588262095398957
13.08699999997617,0.6588268367004716
13.087999999976168,0.6588273204359294
13.088999999976165,0.6588277033868779
13.089999999976163,0.6588280839170936
13.09099999997616,0.6588286801964855
13.091999999976158,0.6588288422678176
13.092999999976156,0.6588289936420348
13.093999999976154,0.6588292512611379
13.094999999976151,0.6588293158119272
13.095999999976149,0.658829386351779
13.096999999976147,0.658829533681006
13.097999999976144,0.6588298277817288
13.098999999976142,0.6588298789015685
13.09999999997614,0.6588300336802313
13.100999999976137,0.6588303899160814
13.101999999976135,0.6588311364733412
13.102999999976133,0.6588316835663401
13.10399999997613,0.6588322710659457
13.104999999976128,0.6588329838290573
13.105999999976126,0.658833735613357
13.106999999976123,0.6588337689986956
13.107999999976121,0.6588340553772812
13.108999999976119,0.6588342675631146
13.109999999976116,0.6588346141589919
13.110999999976114,0.6588347634510662
13.111999999976112,0.658834861436125
13.11299999997611,0.6588351015392366
13.113999999976107,0.6588352611294359
13.114999999976105,0.6588356026174991
13.115999999976102,0.6588357290882038
13.1169999999761,0.6588362856880703
13.117999999976098,0.6588368512661054
13.118999999976095,0.6588373107223138
13.119999999976093,0.6588377817120417
13.12099999997609,0.6588384234679455
13.121999999976088,0.6588389875988423
13.122999999976086,0.6588394048413173
13.123999999976084,0.658840063321476
13.124999999976081,0.6588406179045592
13.125999999976079,0.6588407942917758
13.126999999976077,0.6588407582586082
13.127999999976074,0.6588409204847062
13.128999999976072,0.6588410421953171
13.12999999997607,0.6588410387194203
13.130999999976067,0.6588409960654961
13.131999999976065,0.65884149096941
13.132999999976063,0.658841909754037
13.13399999997606,0.6588424014477436
13.134999999976058,0.6588427593506999
13.135999999976056,0.6588433123048137
13.136999999976053,0.6588439139769697
13.137999999976051,0.6588443733751563
13.138999999976049,0.6588447378406864
13.139999999976046,0.6588450948528151
13.140999999976044,0.6588456655381798
13.141999999976042,0.6588458074376137
13.14299999997604,0.658845939989227
13.143999999976037,0.658846178157969
13.144999999976035,0.6588462307010314
13.145999999976032,0.6588462868750317
13.14699999997603,0.6588464202698222
13.147999999976028,0.658846699626369
13.148999999976025,0.6588467390628886
13.149999999976023,0.658846881763253
13.15099999997602,0.6588472263606726
13.151999999976018,0.6588479533836342
13.152999999976016,0.6588484832788504
13.153999999976014,0.6588490535445812
13.154999999976011,0.6588497473049458
13.155999999976009,0.6588504792695297
13.156999999976007,0.6588505032455524
13.157999999976004,0.6588507753082397
13.158999999976002,0.6588509747803041
13.159999999976,0.6588513077685104
13.160999999975997,0.6588514467405248
13.161999999975995,0.658851537184949
13.162999999975993,0.6588517694845214
13.16399999997599,0.6588519240405041
13.164999999975988,0.6588522584627714
13.165999999975986,0.6588523808008676
13.166999999975983,0.6588529287940439
13.167999999975981,0.6588534853291975
13.168999999975979,0.6588539372367577
13.169999999975976,0.6588544006188185
13.170999999975974,0.6588550314071943
13.171999999975972,0.6588555850626714
13.17299999997597,0.6588559935363875
13.173999999975967,0.6588566410988784
13.174999999975965,0.658857186065342
13.175999999975962,0.6588573584028431
13.17699999997596,0.6588573217642263
13.177999999975958,0.6588574819534119
13.178999999975956,0.6588576025581033
13.179999999975953,0.6588576006228439
13.18099999997595,0.6588575611993885
13.181999999975949,0.658858053684801
13.182999999975946,0.6588584717859793
13.183999999975944,0.6588589620867865
13.184999999975942,0.658859320354441
13.18599999997594,0.6588598712961142
13.186999999975937,0.6588604691244405
13.187999999975935,0.6588609258299715
13.188999999975932,0.6588612880526851
13.18999999997593,0.6588616432045126
13.190999999975928,0.6588622099975783
13.191999999975925,0.6588623533373036
13.192999999975923,0.6588624886319057
13.19399999997592,0.6588627289339205
13.194999999975918,0.6588627855775345
13.195999999975916,0.6588628487802296
13.196999999975914,0.6588629895692271
13.197999999975911,0.6588632754659396
13.198999999975909,0.6588633244308545
13.199999999975907,0.65886347619455
13.200999999975904,0.658863824997262
13.201999999975902,0.6588645536318716
13.2029999999759,0.6588650873982801
13.203999999975897,0.6588656614429047
13.204999999975895,0.6588663572004839
13.205999999975893,0.6588670903266118
13.20699999997589,0.6588671205286776
13.207999999975888,0.6588673990934186
13.208999999975886,0.6588676065860949
13.209999999975883,0.6588679466706872
13.210999999975881,0.6588680959040064
13.211999999975879,0.6588681992054654
13.212999999975876,0.6588684439948457
13.213999999975874,0.6588686086620718
13.214999999975872,0.6588689561013858
13.21599999997587,0.6588690942563084
13.216999999975867,0.6588696535238883
13.217999999975865,0.6588702208116175
13.218999999975862,0.6588706848400631
13.21999999997586,0.6588711553346335
13.220999999975858,0.6588717947227263
13.221999999975855,0.6588723573760408
13.222999999975853,0.6588727764337085
13.22399999997585,0.6588734323605691
13.224999999975848,0.6588739868828307
13.225999999975846,0.6588741694258282
13.226999999975844,0.6588741509598244
13.227999999975841,0.6588743277989286
13.228999999975839,0.6588744658667356
13.229999999975837,0.658874483846766
13.230999999975834,0.6588744658351059
13.231999999975832,0.6588749694522019
13.23299999997583,0.6588754047989063
13.233999999975827,0.6588759114927921
13.234999999975825,0.6588762877367776
13.235999999975823,0.6588768541612653
13.23699999997582,0.6588774655484607
13.237999999975818,0.658877936816407
13.238999999975816,0.6588783096467636
13.239999999975813,0.6588786799437659
13.240999999975811,0.6588792597386491
13.241999999975809,0.6588794211760595
13.242999999975806,0.6588795756750757
13.243999999975804,0.6588798344354785
13.244999999975802,0.6588799072500827
13.2459999999758,0.6588799933685064
13.246999999975797,0.6588801572302612
13.247999999975795,0.658880465163245
13.248999999975792,0.6588805389398584
13.24999999997579,0.6588807148476652
13.250999999975788,0.6588810790693075
13.251999999975785,0.6588818241768799
13.252999999975783,0.6588823764634137
13.25399999997578,0.6588829687433408
13.254999999975778,0.6588836808083214
13.255999999975776,0.658884429252846
13.256999999975774,0.6588844761170617
13.257999999975771,0.6588847749454386
13.258999999975769,0.6588850040029227
13.259999999975767,0.6588853645582972
13.260999999975764,0.6588855371749824
13.261999999975762,0.6588856661518457
13.26299999997576,0.658885936022372
13.263999999975757,0.6588861200886147
13.264999999975755,0.6588864927188104
13.265999999975753,0.6588866586110103
13.26699999997575,0.658887240898009
13.267999999975748,0.6588878304864275
13.268999999975746,0.6588883179412547
13.269999999975743,0.6588888039241942
13.270999999975741,0.6588894629231973
13.271999999975739,0.6588900453763183
13.272999999975736,0.6588904855851503
13.273999999975734,0.6588911602506659
13.274999999975732,0.6588917344786482
13.27599999997573,0.6588919346453117
13.276999999975727,0.6588919439278317
13.277999999975725,0.6588921467863376
13.278999999975722,0.6588923114576495
13.27999999997572,0.658892358201053
13.280999999975718,0.6588923701621322
13.281999999975715,0.6588928911963936
13.282999999975713,0.6588933519449417
13.28399999997571,0.658893882957281
13.284999999975708,0.6588942848341578
13.285999999975706,0.6588948741933045
13.286999999975704,0.6588955064148072
13.287999999975701,0.6588959992824825
13.2889999999757,0.6588963878446613
13.289999999975697,0.6588967799126862
13.290999999975694,0.6588973791232942
13.291999999975692,0.6588975647533392
13.29299999997569,0.6588977442687962
13.293999999975687,0.6588980270699373
13.294999999975685,0.6588981200210726
13.295999999975683,0.6588982340731624
13.29699999997568,0.6588984257451213
13.297999999975678,0.6588987602017351
13.298999999975676,0.6588988629917132
13.299999999975674,0.6588990669807724
13.300999999975671,0.6588994494404186
13.301999999975669,0.6589002146439227
13.302999999975667,0.6589007887902747
13.303999999975664,0.6589014023802525
13.304999999975662,0.6589021336145875
13.30599999997566,0.6589029000185611
13.306999999975657,0.6589029653131185
13.307999999975655,0.6589032865429372
13.308999999975653,0.6589035390221906
13.30999999997565,0.6589039216652853
13.310999999975648,0.6589041189743307
13.311999999975646,0.6589042745911814
13.312999999975643,0.6589045702344325
13.31399999997564,0.6589047740324011
13.314999999975639,0.6589051720570837
13.315999999975636,0.6589053655918177
13.316999999975634,0.6589059706012456
13.317999999975632,0.6589065819611963
13.31899999997563,0.6589070920267284
13.319999999975627,0.6589075927623121
13.320999999975625,0.6589082702033354
13.321999999975622,0.6589088710378823
13.32299999997562,0.6589093307049937
13.323999999975618,0.6589100221743478
13.324999999975615,0.6589106139108069
13.325999999975613,0.6589108298411748
13.32699999997561,0.6589108640643355
13.327999999975608,0.658911089891233
13.328999999975606,0.6589112778542929
13.329999999975604,0.6589113497411914
13.330999999975601,0.6589113877564352
13.331999999975599,0.6589119231414531
13.332999999975597,0.6589124049626229
13.333999999975594,0.6589129557260993
13.334999999975592,0.6589133783838034
13.33599999997559,0.6589139856118789
13.336999999975587,0.6589146334229398
13.337999999975585,0.6589151423957278
13.338999999975583,0.6589155424043085
13.33999999997558,0.658915950314952
13.340999999975578,0.6589165627796856
13.341999999975576,0.6589167661230295
13.342999999975573,0.6589169638880465
13.343999999975571,0.6589172637223999
13.344999999975569,0.6589173713414145
13.345999999975566,0.6589175057776218
13.346999999975564,0.6589177174429642
13.347999999975562,0.6589180703725216
13.34899999997556,0.6589181938493923
13.349999999975557,0.6589184173493848
13.350999999975555,0.6589188115030429
13.351999999975552,0.6589195879689591
13.35299999997555,0.6589201748679366
13.353999999975548,0.6589208004038452
13.354999999975545,0.6589215412450876
13.355999999975543,0.6589223158390676
13.35699999997554,0.6589223920482605
13.357999999975538,0.6589227254446801
13.358999999975536,0.6589229908498059
13.359999999975534,0.6589233848583942
13.360999999975531,0.6589235958582835
13.361999999975529,0.6589237668134412
13.362999999975527,0.6589240766925727
13.363999999975524,0.6589242914089964
13.364999999975522,0.6589247028789696
13.36599999997552,0.6589249118461367
13.366999999975517,0.6589255272206034
13.367999999975515,0.6589261478078292
13.368999999975513,0.6589266676901334
13.36999999997551,0.6589271734910847
13.370999999975508,0.6589278563086366
13.371999999975506,0.6589284622508981
13.372999999975503,0.6589289278693211
13.373999999975501,0.6589296224270565
13.374999999975499,0.6589302177381866
13.375999999975496,0.6589304388059192
13.376999999975494,0.6589304835322011
13.377999999975492,0.6589307176931656
13.37899999997549,0.6589309141039005
13.379999999975487,0.6589309960469578
13.380999999975485,0.658931044798487
13.381999999975482,0.658931582976774
13.38299999997548,0.658932070273494
13.383999999975478,0.6589326250231449
13.384999999975475,0.6589330524743893
13.385999999975473,0.6589336614383455
13.38699999997547,0.65893430860068
13.387999999975468,0.6589348172559581
13.388999999975466,0.6589352162710318
13.389999999975464,0.6589356232827235
13.390999999975461,0.658936232085846
13.391999999975459,0.6589364359878763
13.392999999975457,0.6589366346338998
13.393999999975454,0.6589369339610641
13.394999999975452,0.6589370429378092
13.39599999997545,0.6589371798303896
13.396999999975447,0.6589373933828763
13.397999999975445,0.658937746534912
13.398999999975443,0.658937872256916
13.39999999997544,0.6589380966744741
13.400999999975438,0.6589384885241405
13.401999999975436,0.6589392575680378
13.402999999975433,0.658939838344542
13.403999999975431,0.6589404567762384
13.404999999975429,0.6589411880624776
13.405999999975426,0.6589419515640654
13.406999999975424,0.6589420241061836
13.407999999975422,0.6589423500855175
13.40899999997542,0.6589426086640053
13.409999999975417,0.6589429941474847
13.410999999975415,0.6589431987675948
13.411999999975412,0.6589433648014782
13.41299999997541,0.6589436685270761
13.413999999975408,0.65894387877935
13.414999999975405,0.6589442830836244
13.415999999975403,0.6589444867156863
13.4169999999754,0.6589450916561851
13.417999999975398,0.6589457005930015
13.418999999975396,0.6589462092676941
13.419999999975394,0.6589467043465683
13.420999999975392,0.6589473714354097
13.42199999997539,0.6589479612785322
13.422999999975387,0.6589484115142905
13.423999999975385,0.6589490877197357
13.424999999975382,0.6589496650552915
13.42599999997538,0.6589498749981393
13.426999999975378,0.6589499083853089
13.427999999975375,0.6589501289523051
13.428999999975373,0.6589503117868445
13.42999999997537,0.6589503816411617
13.430999999975368,0.6589504188773477
13.431999999975366,0.6589509431802553
13.432999999975364,0.6589514136449003
13.433999999975361,0.6589519500284587
13.434999999975359,0.658952359817875
13.435999999975357,0.6589529480379849
13.436999999975354,0.6589535720914161
13.437999999975352,0.6589540579049432
13.43899999997535,0.6589544389896645
13.439999999975347,0.6589548224714599
13.440999999975345,0.6589554049262193
13.441999999975343,0.6589555865911737
13.44299999997534,0.6589557632351045
13.443999999975338,0.6589560391244451
13.444999999975336,0.6589561321948536
13.445999999975333,0.6589562484613513
13.446999999975331,0.6589564407748236
13.447999999975329,0.6589567710122887
13.448999999975326,0.658956875782285
13.449999999975324,0.6589570779026396
13.450999999975322,0.6589574500728664
13.45199999997532,0.6589581886264645
13.452999999975317,0.6589587401512662
13.453999999975315,0.6589593283039581
13.454999999975312,0.6589600268792388
13.45599999997531,0.6589607561429325
13.456999999975308,0.6589608076305232
13.457999999975305,0.6589611029834462
13.458999999975303,0.6589613314919452
13.4599999999753,0.6589616852025685
13.460999999975298,0.6589618601530767
13.461999999975296,0.6589619979301324
13.462999999975294,0.6589622721760467
13.463999999975291,0.6589624604716
13.464999999975289,0.6589628343082774
13.465999999975287,0.6589630092853661
13.466999999975284,0.6589635805812158
13.467999999975282,0.6589641547157264
13.46899999997528,0.658964629021704
13.469999999975277,0.658965096079146
13.470999999975275,0.6589657244378748
13.471999999975273,0.6589662752177534
13.47299999997527,0.6589666871178179
13.473999999975268,0.6589673220496434
13.474999999975266,0.658967858518264
13.475999999975263,0.658968040161359
13.476999999975261,0.658968039277822
13.477999999975259,0.6589682233742995
13.478999999975256,0.6589683698015432
13.479999999975254,0.6589684047572818
13.480999999975252,0.6589684077034548
13.48199999997525,0.658968901163083
13.482999999975247,0.6589693322124605
13.483999999975245,0.6589698277413057
13.484999999975242,0.6589701974176131
13.48599999997524,0.6589707425567645
13.486999999975238,0.6589713213218812
13.487999999975235,0.6589717621892295
13.488999999975233,0.6589721088149124
13.48999999997523,0.6589724468016169
13.490999999975228,0.6589729810287985
13.491999999975226,0.6589731186104932
13.492999999975224,0.6589732514604092
13.493999999975221,0.6589734822144665
13.494999999975219,0.6589735431323605
13.495999999975217,0.6589736171699275
13.496999999975214,0.6589737667385311
13.497999999975212,0.6589740526821148
13.49899999997521,0.6589741151998867
13.499999999975207,0.6589742738416924
13.500999999975205,0.6589746105700106
13.501999999975203,0.6589752978314829
13.5029999999752,0.65897579938066
13.503999999975198,0.6589763366243456
13.504999999975196,0.6589769820138329
13.505999999975193,0.6589776567121256
13.506999999975191,0.6589776719589817
13.507999999975189,0.6589779165355485
13.508999999975186,0.6589780949278987
13.509999999975184,0.6589783969546925
13.510999999975182,0.6589785224188243
13.51199999997518,0.6589786122103898
13.512999999975177,0.6589788373899559
13.513999999975175,0.6589789891290043
13.514999999975172,0.6589793131654103
13.51599999997517,0.6589794402698761
13.516999999975168,0.6589799589376027
13.517999999975165,0.6589804794724167
13.518999999975163,0.6589809007360394
13.51999999997516,0.6589813259208487
13.520999999975158,0.6589818972569152
13.521999999975156,0.6589823908498158
13.522999999975154,0.6589827464323929
13.523999999975151,0.6589833222757104
13.52499999997515,0.6589838002225816
13.525999999975147,0.6589839404018742
13.526999999975144,0.6589838877729131
13.527999999975142,0.6589840181092393
13.52899999997514,0.6589841110129675
13.529999999975137,0.6589840940971186
13.530999999975135,0.6589840459353581
13.531999999975133,0.6589844961220291
13.53299999997513,0.6589848713315242
13.533999999975128,0.6589853097916762
13.534999999975126,0.6589856233007438
13.535999999975123,0.6589861095358235
13.536999999975121,0.658986627459717
13.537999999975119,0.6589870080219012
13.538999999975116,0.6589873088001194
13.539999999975114,0.6589875862825724
13.540999999975112,0.658988057484253
13.54199999997511,0.658988136332369
13.542999999975107,0.6589882109091922
13.543999999975105,0.6589883822628928
13.544999999975103,0.6589884004278148
13.5459999999751,0.6589884182548663
13.546999999975098,0.6589885113014596
13.547999999975096,0.6589887394038603
13.548999999975093,0.6589887463098313
13.54999999997509,0.6589888483339541
13.550999999975089,0.6589891399525578
13.551999999975086,0.6589897633262719
13.552999999975084,0.6589902024921306
13.553999999975082,0.6589906766244694
13.55499999997508,0.6589912568854934
13.555999999975077,0.6589918653280499
13.556999999975075,0.6589918356857324
13.557999999975072,0.6589920181521713
13.55899999997507,0.6589921353012677
13.559999999975068,0.6589923747590319
13.560999999975065,0.6589924400429563
13.561999999975063,0.6589924713316103
13.56299999997506,0.6589926371591013
13.563999999975058,0.6589927447772785
13.564999999975056,0.6589930091329688
13.565999999975054,0.6589930786908719
13.566999999975051,0.6589935353662669
13.567999999975049,0.6589939932060065
13.568999999975047,0.6589943525485643
13.569999999975044,0.658994729407891
13.570999999975042,0.6589952353660286
13.57199999997504,0.6589956636741624
13.572999999975037,0.6589959550716995
13.573999999975035,0.6589964642213036
13.574999999975033,0.6589968762867383
13.57599999997503,0.6589969696107454
13.576999999975028,0.6589968581870345
13.577999999975026,0.6589969279829215
13.578999999975023,0.6589969608362841
13.579999999975021,0.6589968857344766
13.580999999975019,0.6589967803718045
13.581999999975016,0.6589971829293251
13.582999999975014,0.6589974967023116
13.583999999975012,0.6589978727701771
13.58499999997501,0.6589981250208782
13.585999999975007,0.6589985475562289
13.586999999975005,0.658999000170497
13.587999999975002,0.6589993162205656
13.588999999975,0.6589995681745816
13.589999999974998,0.6589997814153227
13.590999999974995,0.659000186140708
13.591999999974993,0.659000203009179
13.59299999997499,0.6590002162996715
13.593999999974988,0.6590003255190173
13.594999999974986,0.659000299010234
13.595999999974984,0.6590002582588641
13.596999999974981,0.6590002926663842
13.597999999974979,0.659000461082834
13.598999999974977,0.659000410770096
13.599999999974974,0.6590004548308659
13.600999999974972,0.6590007005390344
13.60199999997497,0.6590012592756441
13.602999999974967,0.6590016355500825
13.603999999974965,0.6590020463233346
13.604999999974963,0.659002561513591
13.60599999997496,0.6590031040564653
13.606999999974958,0.6590030299281884
13.607999999974956,0.6590031510679523
13.608999999974953,0.6590032080055332
13.609999999974951,0.6590033862141221
13.610999999974949,0.6590033928624953
13.611999999974946,0.6590033673901967
13.612999999974944,0.6590034758634975
13.613999999974942,0.6590035410254355
13.61499999997494,0.6590037481388431
13.615999999974937,0.659003762822433
13.616999999974935,0.6590041604950923
13.617999999974932,0.6590045589160123
13.61899999997493,0.6590048598605063
13.619999999974928,0.6590051912515963
13.620999999974925,0.659005635906284
13.621999999974923,0.6590060032854927
13.62299999997492,0.6590062351080699
13.623999999974918,0.6590066824682105
13.624999999974916,0.6590070338215086
13.625999999974914,0.6590070843021394
13.626999999974911,0.6590069195726351
13.627999999974909,0.6590069346030835
13.628999999974907,0.659006913446906
13.629999999974904,0.6590067864126791
13.630999999974902,0.6590066303212851
13.6319999999749,0.6590069902997429
13.632999999974897,0.6590072495852674
13.633999999974895,0.6590075704772016
13.634999999974893,0.6590077689241108
13.63599999997489,0.6590081355068643
13.636999999974888,0.6590085308741502
13.637999999974886,0.6590087907365889
13.638999999974883,0.6590090002912024
13.639999999974881,0.6590091580849421
13.640999999974879,0.6590095054229985
13.641999999974876,0.6590094695924604
13.642999999974874,0.6590094311023174
13.643999999974872,0.659009487967825
13.64499999997487,0.6590094242352594
13.645999999974867,0.659009335010897
13.646999999974865,0.6590093211110856
13.647999999974862,0.6590094404182913
13.64899999997486,0.659009343682212
13.649999999974858,0.6590093408080803
13.650999999974855,0.6590095490624228
13.651999999974853,0.659010054718308
13.65299999997485,0.6590103798841203
13.653999999974848,0.6590107393282378
13.654999999974846,0.65901120176045
13.655999999974844,0.6590116909919503
13.656999999974841,0.6590115819262349
13.65799999997484,0.6590116547035882
13.658999999974837,0.659011664614107
13.659999999974834,0.6590117950218543
13.660999999974832,0.6590117566713094
13.66199999997483,0.6590116882231494
13.662999999974828,0.6590117533383542
13.663999999974825,0.6590117866776587
13.664999999974823,0.6590119509001823
13.66599999997482,0.6590119252534908
13.666999999974818,0.6590122787250533
13.667999999974816,0.6590126327662809
13.668999999974814,0.6590128905609938
13.669999999974811,0.6590131880999035
13.670999999974809,0.6590135871617774
13.671999999974807,0.6590139095596826
13.672999999974804,0.6590140979654492
13.673999999974802,0.6590144999510953
13.6749999999748,0.6590148072235104
13.675999999974797,0.6590148274314214
13.676999999974795,0.6590146262385121
13.677999999974793,0.6590146035801563
13.67899999997479,0.6590145457009823
13.679999999974788,0.6590143841678009
13.680999999974786,0.659014194931847
13.681999999974783,0.65901452565687
13.682999999974781,0.6590147483841852
13.683999999974779,0.6590150322273952
13.684999999974776,0.659015195176633
13.685999999974774,0.6590155243388874
13.686999999974772,0.6590158812319842
13.68799999997477,0.6590161038776083
13.688999999974767,0.6590162854018835
13.689999999974765,0.6590164070765031
13.690999999974762,0.6590167165900812
13.69199999997476,0.659016647738461
13.692999999974758,0.659016577298733
13.693999999974755,0.6590166018462391
13.694999999974753,0.6590165159756827
13.69599999997475,0.6590163984908859
13.696999999974748,0.6590163566367522
13.697999999974746,0.6590164473457535
13.698999999974744,0.6590163248357094
13.699999999974741,0.6590162958226056
13.700999999974739,0.6590164823448116
13.701999999974737,0.659016956076803
13.702999999974734,0.6590172514415727
13.703999999974732,0.6590175810367361
13.70499999997473,0.659018012391606
13.705999999974727,0.6590184701853323
13.706999999974725,0.659018342629603
13.707999999974723,0.6590183891394066
13.70899999997472,0.6590183742506694
13.709999999974718,0.6590184792639915
13.710999999974716,0.6590184184155768
13.711999999974713,0.659018329538674
13.712999999974711,0.6590183739546713
13.713999999974709,0.6590183925362753
13.714999999974706,0.6590185367042396
13.715999999974704,0.6590184936605995
13.716999999974702,0.6590188260134008
13.7179999999747,0.6590191588944142
13.718999999974697,0.6590193968759548
13.719999999974695,0.6590196781768114
13.720999999974692,0.6590200552666666
13.72199999997469,0.6590203564430913
13.722999999974688,0.6590205253055795
13.723999999974685,0.6590209059535155
13.724999999974683,0.6590211932967941
13.72599999997468,0.6590212013729384
13.726999999974678,0.659020987887577
13.727999999974676,0.6590209518416259
13.728999999974674,0.6590208816440404
13.729999999974671,0.659020710052001
13.730999999974669,0.659020512150087
13.731999999974667,0.6590208320359298
13.732999999974664,0.6590210428241521
13.733999999974662,0.6590213143236698
13.73499999997466,0.6590214665535271
13.735999999974657,0.6590217831895211
13.736999999974655,0.659022126627441
13.737999999974653,0.6590223371648717
13.73899999997465,0.6590225095599189
13.739999999974648,0.6590226203888562
13.740999999974646,0.6590229174787597
13.741999999974643,0.6590228410049066
13.742999999974641,0.6590227640533698
13.743999999974639,0.6590227818108654
13.744999999974636,0.6590226929277405
13.745999999974634,0.6590225726759242
13.746999999974632,0.659022528379421
13.74799999997463,0.6590226160389565
13.748999999974627,0.6590224933243924
13.749999999974625,0.6590224637687727
13.750999999974622,0.6590226478004889
13.75199999997462,0.6590231153476482
13.752999999974618,0.6590234066875261
13.753999999974615,0.6590237322691567
13.754999999974613,0.6590241584649457
13.75599999997461,0.6590246108136891
13.756999999974608,0.6590244842221317
13.757999999974606,0.6590245304657206
13.758999999974604,0.65902451679116
13.759999999974601,0.6590246224806512
13.760999999974599,0.6590245651759292
13.761999999974597,0.6590244818315388
13.762999999974594,0.6590245314961305
13.763999999974592,0.6590245547685107
13.76499999997459,0.6590247047871673
13.765999999974587,0.6590246702262755
13.766999999974585,0.6590250073617314
13.767999999974583,0.6590253449978287
13.76899999997458,0.6590255890788785
13.769999999974578,0.6590258736057116
13.770999999974576,0.6590262547032095
13.771999999974573,0.6590265606532594
13.772999999974571,0.659026735959173
13.773999999974569,0.6590271212966022
13.774999999974566,0.6590274147277759
13.775999999974564,0.6590274301294484
13.776999999974562,0.6590272301668294
13.77799999997456,0.6590272065517405
13.778999999974557,0.6590271498301603
13.779999999974555,0.6590269938833047
13.780999999974552,0.6590268129328039
13.78199999997455,0.6590271411641047
13.782999999974548,0.659027365549922
13.783999999974546,0.6590276502045949
13.784999999974543,0.6590278171649637
13.78599999997454,0.6590281467175457
13.786999999974539,0.659028502142368
13.787999999974536,0.6590287259804821
13.788999999974534,0.6590289082904293
13.789999999974532,0.6590290336294903
13.79099999997453,0.6590293436530406
13.791999999974527,0.6590292847872591
13.792999999974525,0.659029226468434
13.793999999974522,0.6590292625431459
13.79499999997452,0.6590291893758718
13.795999999974518,0.6590290912134259
13.796999999974515,0.6590290692247333
13.797999999974513,0.6590291784990742
13.79899999997451,0.6590290801422043
13.799999999974508,0.6590290745132149
13.800999999974506,0.659029274371798
13.801999999974504,0.6590297601342345
13.802999999974501,0.6590300717660094
13.803999999974499,0.6590304175892981
13.804999999974497,0.6590308628426675
13.805999999974494,0.6590313339155182
13.806999999974492,0.6590312262964484
13.80799999997449,0.6590312962383742
13.808999999974487,0.6590313076330103
13.809999999974485,0.6590314377861196
13.810999999974483,0.6590314076632223
13.81199999997448,0.6590313532928976
13.812999999974478,0.6590314315164885
13.813999999974476,0.6590314768717981
13.814999999974473,0.6590316558055883
13.815999999974471,0.6590316526497226
13.816999999974469,0.6590320173992026
13.817999999974466,0.6590323825220197
13.818999999974464,0.6590326553164043
13.819999999974462,0.6590329599844492
13.82099999997446,0.6590333675711365
13.821999999974457,0.6590337006754394
13.822999999974455,0.659033904682149
13.823999999974452,0.6590343168878611
13.82499999997445,0.6590346384597149
13.825999999974448,0.6590346775977777
13.826999999974445,0.6590345128174601
13.827999999974443,0.6590345231795972
13.82899999997444,0.6590345013415663
13.829999999974438,0.6590343822498098
13.830999999974436,0.659034239268691
13.831999999974434,0.6590345915167801
13.832999999974431,0.6590348502568866
13.833999999974429,0.6590351686821958
13.834999999974427,0.6590353708330016
13.835999999974424,0.6590357336509071
13.836999999974422,0.6590361213074492
13.83799999997442,0.6590363785526009
13.838999999974417,0.6590365857731167
13.839999999974415,0.6590367454887776
13.840999999974413,0.6590370882027834
13.84199999997441,0.6590370664742407
13.842999999974408,0.6590370461287329
13.843999999974406,0.6590371197164783
13.844999999974403,0.659037076497586
13.845999999974401,0.6590370192040669
13.846999999974399,0.6590370381009528
13.847999999974396,0.659037187388985
13.848999999974394,0.6590371315901786
13.849999999974392,0.6590371679050433
13.85099999997439,0.6590373970114644
13.851999999974387,0.6590379187849356
13.852999999974385,0.6590382683249586
13.853999999974382,0.6590386518474741
13.85499999997438,0.6590391334832154
13.855999999974378,0.6590396404625319
13.856999999974375,0.6590395645302217
13.857999999974373,0.6590396749889353
13.85899999997437,0.6590397280701994
13.859999999974368,0.6590398991403653
13.860999999974366,0.6590399124169251
13.861999999974364,0.6590399029648913
13.862999999974361,0.6590400254797812
13.863999999974359,0.6590401045727052
13.864999999974357,0.6590403277717171
13.865999999974354,0.6590403711473449
13.866999999974352,0.6590407784758362
13.86799999997435,0.659041185874599
13.868999999974347,0.6590415019720092
13.869999999974345,0.6590418376293872
13.870999999974343,0.6590422860299742
13.87199999997434,0.6590426604319518
13.872999999974338,0.6590429070806214
13.873999999974336,0.6590433599315587
13.874999999974333,0.6590437232171161
13.875999999974331,0.6590437960967958
13.876999999974329,0.6590436795640926
13.877999999974326,0.6590437367782541
13.878999999974324,0.6590437624856614
13.879999999974322,0.6590436926508206
13.88099999997432,0.6590435997891313
13.881999999974317,0.6590439850454627
13.882999999974315,0.659044289931589
13.883999999974312,0.6590446537197073
13.88499999997431,0.6590449024324949
13.885999999974308,0.6590453097156821
13.886999999974305,0.6590457406433161
13.887999999974303,0.6590460421339825
13.8889999999743,0.6590462822661494
13.889999999974298,0.6590464868460726
13.890999999974296,0.6590468725588681
13.891999999974294,0.65904689799606
13.892999999974291,0.659046925407633
13.89399999997429,0.6590470460854776
13.894999999974287,0.6590470398049681
13.895999999974284,0.6590470324656366
13.896999999974282,0.6590471010874136
13.89799999997428,0.6590472990077612
13.898999999974277,0.6590472941395671
13.899999999974275,0.659047380548446
13.900999999974273,0.6590476449002486
13.90199999997427,0.6590482105540771
13.902999999974268,0.6590486056430396
13.903999999974266,0.6590490342960033
13.904999999974264,0.659049559566971
13.905999999974261,0.6590501095172382
13.906999999974259,0.6590500703796542
13.907999999974257,0.6590502279865383
13.908999999974254,0.6590503291444256
13.909999999974252,0.659050547311649
13.91099999997425,0.6590506098987927
13.911999999974247,0.6590506509825564
13.912999999974245,0.6590508231683959
13.913999999974243,0.6590509398715572
13.91499999997424,0.6590512122940361
13.915999999974238,0.6590513069076406
13.916999999974236,0.6590517613463056
13.917999999974233,0.6590522153542321
13.91899999997423,0.6590525788583546
13.919999999974229,0.6590529484755813
13.920999999974226,0.6590534414907155
13.921999999974224,0.6590538607828467
13.922999999974222,0.6590541534378173
13.92399999997422,0.659054650100848
13.924999999974217,0.6590550580397789
13.925999999974215,0.659055166682634
13.926999999974212,0.6590551008160671
13.92799999997421,0.6590552070885299
13.928999999974208,0.6590552823168772
13.929999999974205,0.6590552634494617
13.930999999974203,0.6590552221636014
13.9319999999742,0.6590556414101628
13.932999999974198,0.6590559935453439
13.933999999974196,0.6590564035978029
13.934999999974194,0.6590566995433532
13.935999999974191,0.6590571517860949
13.936999999974189,0.6590576263186759
13.937999999974187,0.659057972180594
13.938999999974184,0.6590582451839646
13.939999999974182,0.6590584943900409
13.94099999997418,0.6590589226702456
13.941999999974177,0.6590589945679838
13.942999999974175,0.6590590687879582
13.943999999974173,0.6590592353962001
13.94499999997417,0.6590592650018354
13.945999999974168,0.6590593059925579
13.946999999974166,0.6590594224839176
13.947999999974163,0.6590596669766909
13.948999999974161,0.6590597107427723
13.949999999974159,0.659059844744635
13.950999999974156,0.6590601423652577
13.951999999974154,0.6590607491585332
13.952999999974152,0.6590611868333436
13.95399999997415,0.6590616574491864
13.954999999974147,0.6590622230199716
13.955999999974145,0.6590628124279053
13.956999999974142,0.6590628072796935
13.95799999997414,0.6590630081198465
13.958999999974138,0.6590631532151234
13.959999999974135,0.6590634141420919
13.960999999974133,0.65906352145838
13.96199999997413,0.6590636082406492
13.962999999974128,0.6590638250536646
13.963999999974126,0.6590639754425478
13.964999999974124,0.6590642916838534
13.965999999974121,0.6590644319072341
13.966999999974119,0.6590649276944291
13.967999999974117,0.6590654223848508
13.968999999974114,0.6590658271647245
13.969999999974112,0.659066226059362
13.97099999997411,0.6590667573131003
13.971999999974107,0.65906721494015
13.972999999974105,0.6590675468474791
13.973999999974103,0.6590680803943049
13.9749999999741,0.6590685258638752
13.975999999974098,0.6590686647725492
13.976999999974096,0.659068642012031
13.977999999974093,0.6590687896052542
13.978999999974091,0.6590689064245917
13.979999999974089,0.6590689303793585
13.980999999974086,0.6590689323215565
13.981999999974084,0.6590693792320361
13.982999999974082,0.6590697700129808
13.98399999997408,0.659070217575415
13.984999999974077,0.6590705518116072
13.985999999974075,0.659071039942442
13.986999999974072,0.6590715489000137
13.98799999997407,0.6590719297901948
13.988999999974068,0.6590722285511225
13.989999999974065,0.6590725127562596
13.990999999974063,0.6590729738239103
13.99199999997406,0.6590730821866373
13.992999999974058,0.6590731930298264
13.993999999974056,0.6590733952217409
13.994999999974054,0.6590734528147818
13.995999999974051,0.6590735314403299
13.996999999974049,0.6590736849402999
13.997999999974047,0.6590739650053165
13.998999999974044,0.6590740462288993
13.999999999974042,0.6590742165079998
14.00099999997404,0.6590745388548382
14.001999999974037,0.6590751753542451
14.002999999974035,0.659075644015247
14.003999999974033,0.6590761448444942
14.00499999997403,0.6590767388567218
14.005999999974028,0.6590773557452637
14.006999999974026,0.6590773754830284
14.007999999974023,0.659077607293545
14.008999999974021,0.6590777839043425
14.009999999974019,0.6590780750328676
14.010999999974016,0.659078214347717
14.011999999974014,0.6590783339241092
14.012999999974012,0.6590785823296809
14.01399999997401,0.6590787565368732
14.014999999974007,0.6590791033386536
14.015999999974005,0.6590792757627758
14.016999999974002,0.6590797994383821
14.017999999974,0.6590803212610484
14.018999999973998,0.6590807536315715
14.019999999973995,0.6590811715056151
14.020999999973993,0.6590817271986037
14.02199999997399,0.6590822092542946
14.022999999973988,0.6590825663815206
14.023999999973986,0.6590831226739166
14.024999999973984,0.6590835914170642
14.025999999973982,0.6590837497979053
14.02699999997398,0.6590837556015409
14.027999999973977,0.6590839298737893
14.028999999973975,0.6590840735299702
14.029999999973972,0.6590841254249028
14.03099999997397,0.6590841555988043
14.031999999973968,0.6590846189253107
14.032999999973965,0.659085033258419
14.033999999973963,0.6590855031716802
14.03499999997396,0.6590858604323209
14.035999999973958,0.6590863691383239
14.036999999973956,0.6590868971851334
14.037999999973954,0.6590872976861125
14.038999999973951,0.6590876105883979
14.039999999973949,0.659087914235
14.040999999973947,0.6590883924591409
14.041999999973944,0.6590885215317078
14.042999999973942,0.6590886531417696
14.04399999997394,0.6590888749853624
14.044999999973937,0.6590889485416533
14.045999999973935,0.6590890486898092
14.046999999973933,0.6590892230158552
14.04799999997393,0.6590895224253108
14.048999999973928,0.6590896247926249
14.049999999973926,0.6590898149893064
14.050999999973923,0.6590901497983894
14.051999999973921,0.6590907996918139
14.052999999973919,0.6590912829472341
14.053999999973916,0.6590917975343018
14.054999999973914,0.6590924035112852
14.055999999973912,0.6590930313733054
14.05699999997391,0.6590930635605012
14.057999999973907,0.6590933097116453
14.058999999973905,0.6590935011421265
14.059999999973902,0.659093805731392
14.0609999999739,0.6590939602282214
14.061999999973898,0.6590940957106525
14.062999999973895,0.6590943587884961
14.063999999973893,0.6590945440971316
14.06499999997389,0.6590949044879975
14.065999999973888,0.6590950920860408
14.066999999973886,0.6590956266704631
14.067999999973884,0.6590961586496554
14.068999999973881,0.6590966015923068
14.069999999973879,0.659097025709377
14.070999999973877,0.6590975888719192
14.071999999973874,0.6590980783729175
14.072999999973872,0.6590984437036829
14.07399999997387,0.659099005711755
14.074999999973867,0.6590994806749663
14.075999999973865,0.6590996457019572
14.076999999973863,0.6590996629085504
14.07799999997386,0.659099846695507
14.078999999973858,0.6591000000093528
14.079999999973856,0.6591000626374155
14.080999999973853,0.6591001038212067
14.081999999973851,0.6591005707136344
14.082999999973849,0.6591009914532747
14.083999999973846,0.6591014666019485
14.084999999973844,0.6591018297591109
14.085999999973842,0.6591023419592485
14.08699999997384,0.6591028720854937
14.087999999973837,0.6591032751990074
14.088999999973835,0.6591035895030612
14.089999999973832,0.6591038956178903
14.09099999997383,0.6591043740463477
14.091999999973828,0.6591045068508786
14.092999999973825,0.659104642246225
14.093999999973823,0.6591048667812271
14.09499999997382,0.6591049435711569
14.095999999973818,0.6591050482754142
14.096999999973816,0.6591052264894119
14.097999999973814,0.6591055283560863
14.098999999973811,0.6591056349895716
14.099999999973809,0.6591058282747863
14.100999999973807,0.6591061629909887
14.101999999973804,0.6591068096584608
14.102999999973802,0.6591072909011733
14.1039999999738,0.6591078026674492
14.104999999973797,0.6591084041006572
14.105999999973795,0.6591090264888386
14.106999999973793,0.6591090587950671
14.10799999997379,0.6591093028814283
14.108999999973788,0.6591094927541944
14.109999999973786,0.6591097944764456
14.110999999973783,0.6591099478464929
14.111999999973781,0.6591100829499067
14.112999999973779,0.659110344475851
14.113999999973776,0.6591105287527586
14.114999999973774,0.6591108866186938
14.115999999973772,0.6591110733126407
14.11699999997377,0.659111602862778
14.117999999973767,0.6591121291464247
14.118999999973765,0.6591125668553272
14.119999999973762,0.65911298544473
14.12099999997376,0.659113540469766
14.121999999973758,0.6591140218834731
14.122999999973755,0.6591143799400243
14.123999999973753,0.6591149322622215
14.12499999997375,0.6591153981087737
14.125999999973748,0.6591155583014834
14.126999999973746,0.6591155716215861
14.127999999973744,0.6591157497198652
14.128999999973741,0.6591158975615853
14.12999999997374,0.6591159558512929
14.130999999973737,0.6591159930434514
14.131999999973734,0.6591164523687093
14.132999999973732,0.65911686473252
14.13399999997373,0.6591173304449575
14.134999999973727,0.6591176848972979
14.135999999973725,0.6591181861164592
14.136999999973723,0.6591187039953705
14.13799999997372,0.6591190954860822
14.138999999973718,0.6591194005786416
14.139999999973716,0.6591196950929152
14.140999999973713,0.6591201597613161
14.141999999973711,0.6591202823875864
14.142999999973709,0.6591204077350997
14.143999999973706,0.6591206212316799
14.144999999973704,0.6591206909996522
14.145999999973702,0.6591207866592373
14.1469999999737,0.6591209552654033
14.147999999973697,0.6591212462180355
14.148999999973695,0.6591213438317962
14.149999999973693,0.6591215270396367
14.15099999997369,0.6591218518997188
14.151999999973688,0.6591224825006363
14.152999999973686,0.6591229489767488
14.153999999973683,0.6591234452710033
14.15499999997368,0.6591240296496841
14.155999999973679,0.6591246341852891
14.156999999973676,0.659124657374362
14.157999999973674,0.6591248871823866
14.158999999973672,0.659125063382919
14.15999999997367,0.6591253502463351
14.160999999973667,0.6591254905856916
14.161999999973665,0.6591256134947819
14.162999999973662,0.6591258617792253
14.16399999997366,0.6591260363351279
14.164999999973658,0.6591263802065058
14.165999999973655,0.6591265546272135
14.166999999973653,0.6591270679642542
14.16799999997365,0.6591275775229329
14.168999999973648,0.6591279990780504
14.169999999973646,0.659128404069963
14.170999999973644,0.6591289403350472
14.171999999973641,0.6591294031738031
14.172999999973639,0.6591297435835404
14.173999999973637,0.6591302759874723
14.174999999973634,0.6591307226091351
14.175999999973632,0.6591308704453851
14.17699999997363,0.659130869913705
14.177999999973627,0.6591310325033282
14.178999999973625,0.6591311651838959
14.179999999973623,0.6591312095563034
14.18099999997362,0.6591312332976635
14.181999999973618,0.6591316781043962
14.182999999973616,0.6591320729310994
14.183999999973613,0.6591325202025508
14.184999999973611,0.6591328570664114
14.185999999973609,0.659133338592829
14.186999999973606,0.6591338357023411
14.187999999973604,0.6591342071865232
14.188999999973602,0.6591344968756744
14.1899999999736,0.6591347716552777
14.190999999973597,0.6591352145853095
14.191999999973595,0.6591353191516797
14.192999999973592,0.6591354266917587
14.19399999997359,0.6591356215405664
14.194999999973588,0.6591356786464515
14.195999999973585,0.6591357578471474
14.196999999973583,0.659135909573283
14.19799999997358,0.6591361824984753
14.198999999973578,0.6591362641026197
14.199999999973576,0.6591364303955496
14.200999999973574,0.6591367404007007
14.201999999973571,0.6591373484675895
14.202999999973569,0.6591377938341033
14.203999999973567,0.6591382684542947
14.204999999973564,0.6591388297498273
14.205999999973562,0.6591394105694007
14.20699999997356,0.6591394203065591
14.207999999973557,0.6591396301917949
14.208999999973555,0.6591397872063289
14.209999999973553,0.6591400538541788
14.21099999997355,0.6591401759218571
14.211999999973548,0.6591402815054825
14.212999999973546,0.6591405115656537
14.213999999973543,0.6591406727564819
14.214999999973541,0.6591409979057358
14.215999999973539,0.6591411554496619
14.216999999973536,0.6591416481721558
14.217999999973534,0.6591421367707335
14.218999999973532,0.6591425380697331
14.21999999997353,0.6591429265165224
14.220999999973527,0.6591434402430263
14.221999999973525,0.6591438808822729
14.222999999973522,0.6591442001551321
14.22399999997352,0.6591447093147444
14.224999999973518,0.6591451335270424
14.225999999973515,0.6591452666858185
14.226999999973513,0.659145249278765
14.22799999997351,0.6591453934980698
14.228999999973508,0.6591455083009947
14.229999999973506,0.6591455361572142
14.230999999973504,0.6591455439742357
14.231999999973501,0.659145972544683
14.232999999973499,0.6591463476589399
14.233999999973497,0.6591467744731235
14.234999999973494,0.6591470918619278
14.235999999973492,0.6591475519839929
14.23699999997349,0.6591480268000444
14.237999999973487,0.6591483768965912
14.238999999973485,0.6591486502469164
14.239999999973483,0.6591489041684968
14.24099999997348,0.6591493244014193
14.241999999973478,0.6591494100437292
14.242999999973476,0.6591494990351816
14.243999999973473,0.6591496746482314
14.244999999973471,0.6591497187132166
14.245999999973469,0.6591497810491979
14.246999999973466,0.6591499156233472
14.247999999973464,0.6591501703978427
14.248999999973462,0.6591502359869567
14.24999999997346,0.6591503855005938
14.250999999973457,0.6591506808713455
14.251999999973455,0.6591512668778461
14.252999999973452,0.6591516917280567
14.25399999997345,0.6591521454041627
14.254999999973448,0.6591526845100948
14.255999999973445,0.6591532426625202
14.256999999973443,0.6591532397833167
14.25799999997344,0.6591534309907124
14.258999999973438,0.6591535701827568
14.259999999973436,0.659153818125815
14.260999999973434,0.6591539235320181
14.261999999973431,0.6591540134870213
14.26299999997343,0.6591542271469593
14.263999999973427,0.6591543764197567
14.264999999973424,0.6591546848850041
14.265999999973422,0.6591548276947605
14.26699999997342,0.6591553021166149
14.267999999973418,0.6591557722102956
14.268999999973415,0.6591561558224963
14.269999999973413,0.659156529761731
14.27099999997341,0.6591570237958091
14.271999999973408,0.6591574452127195
14.272999999973406,0.6591577464377666
14.273999999973404,0.6591582355871546
14.274999999973401,0.6591586407406579
14.275999999973399,0.6591587617827608
14.276999999973397,0.6591587309555647
14.277999999973394,0.6591588603953814
14.278999999973392,0.6591589610282159
14.27999999997339,0.6591589761593203
14.280999999973387,0.6591589719329294
14.281999999973385,0.6591593872835508
14.282999999973383,0.6591597467941068
14.28399999997338,0.6591601573815896
14.284999999973378,0.6591604596239179
14.285999999973376,0.6591609028088351
14.286999999973373,0.6591613599449605
14.287999999973371,0.6591616933754583
14.288999999973369,0.6591619540064392
14.289999999973366,0.6591621919874886
14.290999999973364,0.6591625945732258
14.291999999973362,0.6591626663944263
14.29299999997336,0.6591627420243069
14.293999999973357,0.6591629037042241
14.294999999973355,0.6591629387373984
14.295999999973352,0.6591629896133151
14.29699999997335,0.6591631125274128
14.297999999973348,0.6591633547444115
14.298999999973345,0.6591634099858792
14.299999999973343,0.6591635484809659
14.30099999997334,0.6591638336229765
14.301999999973338,0.6591644035745207
14.302999999973336,0.6591648139915656
14.303999999973334,0.6591652529018543
14.304999999973331,0.6591657761139519
14.305999999973329,0.6591663180041004
14.306999999973327,0.6591663073248643
14.307999999973324,0.6591664863693483
14.308999999973322,0.6591666143240887
14.30999999997332,0.6591668502477341
14.310999999973317,0.6591669457256621
14.311999999973315,0.659167026815263
14.312999999973313,0.659167230910447
14.31399999997331,0.6591673734344344
14.314999999973308,0.6591676721664864
14.315999999973306,0.659167807244313
14.316999999973303,0.6591682704779096
14.317999999973301,0.6591687292639793
14.318999999973299,0.6591691024490908
14.319999999973296,0.6591694673975319
14.320999999973294,0.6591699491749311
14.321999999973292,0.6591703588810173
14.32299999997329,0.6591706496272038
14.323999999973287,0.6591711264277685
14.324999999973285,0.6591715202435999
14.325999999973282,0.6591716349686016
14.32699999997328,0.659171598439847
14.327999999973278,0.6591717208963034
14.328999999973275,0.6591718152124976
14.329999999973273,0.6591718254932211
14.33099999997327,0.6591718171251538
14.331999999973268,0.6591722252414227
14.332999999973266,0.6591725771624426
14.333999999973264,0.6591729795959528
14.334999999973261,0.6591732748029848
14.335999999973259,0.6591737092382017
14.336999999973257,0.6591741569624175
14.337999999973254,0.6591744820416575
14.338999999973252,0.6591747362273901
14.33999999997325,0.6591749666700666
14.340999999973247,0.6591753600825954
14.341999999973245,0.6591754265440009
14.342999999973243,0.6591754972936171
14.34399999997324,0.6591756535730211
14.344999999973238,0.6591756859613823
14.345999999973236,0.6591757338932607
14.346999999973233,0.6591758536820467
14.347999999973231,0.6591760919092223
14.348999999973229,0.6591761453787757
14.349999999973226,0.6591762814568325
14.350999999973224,0.6591765628607088
14.351999999973222,0.6591771254795648
14.35299999997322,0.659177530199291
14.353999999973217,0.6591779631107345
14.354999999973215,0.6591784792469206
14.355999999973212,0.6591790137350341
14.35699999997321,0.6591790018671772
14.357999999973208,0.6591791775994557
14.358999999973205,0.6591793031699966
14.359999999973203,0.6591795359593694
14.3609999999732,0.6591796303726337
14.361999999973198,0.6591797114194174
14.362999999973196,0.6591799147742268
14.363999999973194,0.6591800571635469
14.364999999973191,0.6591803549781927
14.365999999973189,0.659180491122397
14.366999999973187,0.6591809520040679
14.367999999973184,0.659181408334199
14.368999999973182,0.6591817799389642
14.36999999997318,0.6591821425572493
14.370999999973177,0.6591826209782612
14.371999999973175,0.6591830278801946
14.372999999973173,0.6591833170432102
14.37399999997317,0.6591837904143134
14.374999999973168,0.6591841818015589
14.375999999973166,0.6591842968538436
14.376999999973163,0.6591842634064796
14.377999999973161,0.6591843876689664
14.378999999973159,0.6591844844439367
14.379999999973156,0.6591844986004208
14.380999999973154,0.6591844947735745
14.381999999973152,0.6591849021794174
14.38299999997315,0.659185255181651
14.383999999973147,0.6591856581209752
14.384999999973145,0.6591859549225787
14.385999999973142,0.6591863892452383
14.38699999997314,0.6591868362049188
14.387999999973138,0.6591871615586071
14.388999999973136,0.6591874157606308
14.389999999973133,0.6591876472568037
14.39099999997313,0.6591880400898851
14.391999999973129,0.6591881097032322
14.392999999973126,0.6591881840350374
14.393999999973124,0.6591883433568417
14.394999999973122,0.6591883793748017
14.39599999997312,0.6591884326685356
14.396999999973117,0.6591885575869951
14.397999999973115,0.6591888000436963
14.398999999973112,0.6591888599004461
14.39999999997311,0.6591890016793663
14.400999999973108,0.6591892854289269
14.401999999973105,0.6591898488354485
14.402999999973103,0.6591902559252775
14.4039999999731,0.6591906908697434
14.404999999973098,0.6591912079458786
14.405999999973096,0.6591917430229417
14.406999999973094,0.6591917358831264
14.407999999973091,0.6591919161677364
14.408999999973089,0.659192047154245
14.409999999973087,0.6591922845729803
14.410999999973084,0.6591923855975477
14.411999999973082,0.659192474172257
14.41299999997308,0.6591926842941264
14.413999999973077,0.6591928321319588
14.414999999973075,0.65919313641551
14.415999999973073,0.6591932809307071
14.41699999997307,0.6591937467406874
14.417999999973068,0.6591942078480079
14.418999999973066,0.6591945850377149
14.419999999973063,0.6591949506845284
14.420999999973061,0.6591954328592069
14.421999999973059,0.6591958440103429
14.422999999973056,0.6591961385704778
14.423999999973054,0.6591966154516682
14.424999999973052,0.6591970112769855
14.42599999997305,0.6591971317295398
14.426999999973047,0.6591971080005877
14.427999999973045,0.6591972406492536
14.428999999973042,0.6591973463867797
14.42999999997304,0.6591973708151401
14.430999999973038,0.6591973778250118
14.431999999973035,0.6591977892186954
14.432999999973033,0.6591981494868867
14.43399999997303,0.6591985590497442
14.434999999973028,0.659198863476368
14.435999999973026,0.6591993036681965
14.436999999973024,0.6591997558000476
14.437999999973021,0.6592000872872947
14.438999999973019,0.6592003458542526
14.439999999973017,0.6592005841302366
14.440999999973014,0.6592009820531612
14.441999999973012,0.659201060352631
14.44299999997301,0.659201143697033
14.443999999973007,0.6592013114148759
14.444999999973005,0.6592013549867343
14.445999999973003,0.6592014187707889
14.446999999973,0.6592015538453757
14.447999999972998,0.6592018054726798
14.448999999972996,0.6592018765462256
14.449999999972993,0.6592020287665976
14.450999999972991,0.6592023183822401
14.451999999972989,0.6592028872388723
14.452999999972986,0.6592033012583615
14.453999999972984,0.6592037427095139
14.454999999972982,0.6592042651345453
14.45599999997298,0.6592048051357776
14.456999999972977,0.6592048058714189
14.457999999972975,0.6592049948355658
14.458999999972972,0.6592051352538704
14.45999999997297,0.6592053812314048
14.460999999972968,0.6592054926644598
14.461999999972965,0.6592055924194525
14.462999999972963,0.6592058128555107
14.46399999997296,0.6592059687268856
14.464999999972958,0.659206282834848
14.465999999972956,0.659206438953045
14.466999999972954,0.6592069128627382
14.467999999972951,0.6592073818329721
14.468999999972949,0.6592077675845046
14.469999999972947,0.6592081384527407
14.470999999972944,0.6592086272367126
14.471999999972942,0.6592090453963804
14.47299999997294,0.6592093480011941
14.473999999972937,0.6592098309569755
14.474999999972935,0.6592102336737446
14.475999999972933,0.6592103612673353
14.47699999997293,0.6592103494251331
14.477999999972928,0.6592104925329875
14.478999999972926,0.6592106091928973
14.479999999972923,0.6592106457146452
14.480999999972921,0.6592106652528744
14.481999999972919,0.6592110818657513
14.482999999972916,0.6592114509336726
14.483999999972914,0.6592118685588658
14.484999999972912,0.6592121819311688
14.48599999997291,0.6592126292357738
14.486999999972907,0.6592130877123147
14.487999999972905,0.6592134263994662
14.488999999972902,0.6592136900653895
14.4899999999729,0.6592139360041894
14.490999999972898,0.6592143398107201
14.491999999972895,0.6592144274320143
14.492999999972893,0.6592145202955914
14.49399999997289,0.6592146968106494
14.494999999972888,0.6592147481339462
14.495999999972886,0.6592148225512325
14.496999999972884,0.6592149678032436
14.497999999972881,0.6592152285186579
14.49899999997288,0.6592153105940868
14.499999999972877,0.6592154729354879
14.500999999972874,0.659215768132459
14.501999999972872,0.6592163420170092
14.50299999997287,0.6592167624207306
14.503999999972867,0.659217209726412
14.504999999972865,0.6592177367652987
14.505999999972863,0.6592182808637757
14.50699999997286,0.659218288745315
14.507999999972858,0.6592184853284584
14.508999999972856,0.6592186339913365
14.509999999972854,0.6592188872355561
14.510999999972851,0.6592190076408425
14.511999999972849,0.6592191169896296
14.512999999972847,0.6592193460395195
14.513999999972844,0.6592195085880239
14.514999999972842,0.6592198306167664
14.51599999997284,0.6592199963017109
14.516999999972837,0.6592204762123478
14.517999999972835,0.6592209508554749
14.518999999972833,0.6592213428611031
14.51999999997283,0.6592217171777096
14.520999999972828,0.659222210134087
14.521999999972826,0.6592226327625818
14.522999999972823,0.6592229407546998
14.52399999997282,0.6592234270349219
14.524999999972819,0.6592238337770823
14.525999999972816,0.6592239662631201
14.526999999972814,0.6592239631620183
14.527999999972812,0.6592241134834801
14.52899999997281,0.6592242377043207
14.529999999972807,0.6592242828235965
14.530999999972805,0.6592243112697059
14.531999999972802,0.6592247303584601
14.5329999999728,0.659225104461713
14.533999999972798,0.6592255262959777
14.534999999972795,0.6592258446452787
14.535999999972793,0.6592262950223468
14.53699999997279,0.6592267557403864
14.537999999972788,0.6592270974231272
14.538999999972786,0.6592273629714521
14.539999999972784,0.6592276121944165
14.540999999972781,0.6592280174185043
14.541999999972779,0.6592281097494243
14.542999999972777,0.6592282073999959
14.543999999972774,0.6592283878807554
14.544999999972772,0.6592284432390871
14.54599999997277,0.6592285232277073
14.546999999972767,0.6592286734890169
14.547999999972765,0.659228938036602
14.548999999972763,0.6592290257388917
14.54999999997276,0.6592291927382417
14.550999999972758,0.6592294893876078
14.551999999972756,0.6592300627709794
14.552999999972753,0.6592304839199361
14.553999999972751,0.6592309313473336
14.554999999972749,0.6592314571998935
14.555999999972746,0.6592319995191929
14.556999999972744,0.6592320100467979
14.557999999972742,0.6592322081731072
14.55899999997274,0.6592323588968322
14.559999999972737,0.6592326131351597
14.560999999972735,0.6592327361181594
14.561999999972732,0.6592328485444264
14.56299999997273,0.6592330796029614
14.563999999972728,0.6592332438100672
14.564999999972725,0.6592335669979241
14.565999999972723,0.6592337353795523
14.56699999997272,0.6592342143890848
14.567999999972718,0.6592346877386378
14.568999999972716,0.6592350789382118
14.569999999972714,0.659235451384494
14.570999999972711,0.6592359413724833
14.571999999972709,0.6592363612525914
14.572999999972707,0.6592366673238268
14.573999999972704,0.6592371495512067
14.574999999972702,0.6592375528536097
14.5759999999727,0.659237684555608
14.576999999972697,0.6592376825124735
14.577999999972695,0.659237832292939
14.578999999972693,0.659237956234323
14.57999999997269,0.6592380020117753
14.580999999972688,0.6592380313381664
14.581999999972686,0.6592384468827884
14.582999999972683,0.6592388179171199
14.583999999972681,0.6592392358037129
14.584999999972679,0.6592395508916271
14.585999999972676,0.6592399960667242
14.586999999972674,0.6592404507268183
14.587999999972672,0.6592407870399626
14.58899999997267,0.6592410481563872
14.589999999972667,0.6592412921866457
14.590999999972665,0.6592416902974586
14.591999999972662,0.6592417787025573
14.59299999997266,0.6592418724239318
14.593999999972658,0.65924204809186
14.594999999972655,0.6592421008379942
14.595999999972653,0.6592421774669165
14.59699999997265,0.6592423237443426
14.597999999972648,0.6592425830869088
14.598999999972646,0.6592426673018036
14.599999999972644,0.6592428298014003
14.600999999972641,0.6592431210332832
14.601999999972639,0.6592436847728745
14.602999999972637,0.6592440974562165
14.603999999972634,0.6592445357420569
14.604999999972632,0.6592450511205558
14.60599999997263,0.6592455823398458
14.606999999972627,0.6592455884635186
14.607999999972625,0.6592457786940613
14.608999999972623,0.6592459219776317
14.60999999997262,0.659246167664325
14.610999999972618,0.6592462836056053
14.611999999972616,0.6592463894207452
14.612999999972613,0.6592466127601655
14.613999999972611,0.6592467712984047
14.614999999972609,0.6592470858501004
14.615999999972606,0.6592472470738582
14.616999999972604,0.6592477153482085
14.617999999972602,0.6592481775556197
14.6189999999726,0.6592485580556005
14.619999999972597,0.6592489212211707
14.620999999972595,0.659249398354679
14.621999999972592,0.6592498055741052
14.62299999997259,0.659250099771467
14.623999999972588,0.6592505679727335
14.624999999972585,0.6592509578254808
14.625999999972583,0.6592510811939823
14.62699999997258,0.6592510700788657
14.627999999972578,0.6592512091686201
14.628999999972576,0.6592513226476702
14.629999999972574,0.6592513588569417
14.630999999972572,0.6592513788047896
14.63199999997257,0.6592517831505359
14.632999999972567,0.659252140879294
14.633999999972565,0.6592525445839497
14.634999999972562,0.6592528461486223
14.63599999997256,0.6592532758780757
14.636999999972558,0.6592537142667353
14.637999999972555,0.6592540349854143
14.638999999972553,0.6592542839969511
14.63999999997255,0.6592545125941188
14.640999999972548,0.6592548933514587
14.641999999972546,0.6592549675441957
14.642999999972544,0.6592550470260767
14.643999999972541,0.6592552075644862
14.644999999972539,0.6592552499367977
14.645999999972537,0.6592553128406744
14.646999999972534,0.6592554447657402
14.647999999972532,0.65925568854877
14.64899999997253,0.6592557589023368
14.649999999972527,0.6592559065428908
14.650999999972525,0.6592561846241605
14.651999999972523,0.6592567284769774
14.65299999997252,0.6592571224407225
14.653999999972518,0.659257541335818
14.654999999972516,0.6592580360235605
14.655999999972513,0.659258545950257
14.656999999972511,0.6592585400055998
14.657999999972509,0.659258712133262
14.658999999972506,0.6592588377663563
14.659999999972504,0.6592590647048341
14.660999999972502,0.6592591633938961
14.6619999999725,0.6592592523795113
14.662999999972497,0.6592594578017479
14.663999999972495,0.6592596030304714
14.664999999972492,0.6592598987848668
14.66599999997249,0.6592600426897219
14.666999999972488,0.6592604901468718
14.667999999972485,0.6592609311736091
14.668999999972483,0.6592612909494369
14.66999999997248,0.6592616373635627
14.670999999972478,0.6592620917265158
14.671999999972476,0.6592624764020276
14.672999999972474,0.659262748860464
14.673999999972471,0.6592631932095672
14.674999999972469,0.6592635598091415
14.675999999972467,0.6592636674888005
14.676999999972464,0.6592636374840138
14.677999999972462,0.6592637561051138
14.67899999997246,0.6592638493702235
14.679999999972457,0.6592638662756214
14.680999999972455,0.6592638671357534
14.681999999972453,0.6592642530775105
14.68299999997245,0.659264587915105
14.683999999972448,0.6592649679119873
14.684999999972446,0.659265246458693
14.685999999972443,0.6592656513230041
14.686999999972441,0.6592660641070816
14.687999999972439,0.6592663599443058
14.688999999972436,0.6592665899201069
14.689999999972434,0.6592667938833564
14.690999999972432,0.6592671481455558
14.69199999997243,0.6592671989962215
14.692999999972427,0.6592672551434755
14.693999999972425,0.6592673915094087
14.694999999972422,0.6592674167394826
14.69599999997242,0.6592674569270477
14.696999999972418,0.6592675655624678
14.697999999972415,0.6592677849181241
14.698999999972413,0.659267832579978
14.69999999997241,0.6592679566007779
14.700999999972408,0.6592682150321398
14.701999999972406,0.6592687304456136
14.702999999972404,0.6592690971828725
14.703999999972401,0.6592694882419792
14.704999999972399,0.6592699538809029
14.705999999972397,0.6592704342359528
14.706999999972394,0.659270410028325
14.707999999972392,0.659270555856147
14.70899999997239,0.6592706556938861
14.709999999972387,0.6592708558091853
14.710999999972385,0.6592709292115794
14.711999999972383,0.6592709933782315
14.71299999997238,0.6592711729666224
14.713999999972378,0.6592712989911981
14.714999999972376,0.6592715681591788
14.715999999972373,0.6592716870091571
14.716999999972371,0.6592721060402851
14.717999999972369,0.6592725183707849
14.718999999972366,0.6592728499737692
14.719999999972364,0.6592731741293982
14.720999999972362,0.6592735984671239
14.72199999997236,0.6592739534282457
14.722999999972357,0.6592741970466504
14.723999999972355,0.6592746105346872
14.724999999972352,0.6592749469452881
14.72599999997235,0.6592750337638049
14.726999999972348,0.6592749780043242
14.727999999972345,0.6592750693821298
14.728999999972343,0.6592751357347932
14.72999999997234,0.6592751267007702
14.730999999972338,0.6592751019102924
14.731999999972336,0.6592754646284721
14.732999999972334,0.6592757702117661
14.733999999972331,0.6592761202415763
14.73499999997233,0.6592763695895472
14.735999999972327,0.6592767435273144
14.736999999972324,0.6592771247732991
14.737999999972322,0.6592773898866955
14.73899999997232,0.6592775965101629
14.739999999972317,0.6592777701626362
14.740999999972315,0.6592780923596073
14.741999999972313,0.6592781143527089
14.74299999997231,0.659278141728337
14.743999999972308,0.6592782485820621
14.744999999972306,0.6592782527053889
14.745999999972303,0.6592782649586237
14.746999999972301,0.6592783451801603
14.747999999972299,0.6592785350916451
14.748999999972296,0.6592785551232355
14.749999999972294,0.6592786506926898
14.750999999972292,0.6592788859441613
14.75199999997229,0.6592793683524327
14.752999999972287,0.6592797033840595
14.753999999972285,0.6592800622310259
14.754999999972283,0.6592804945697898
14.75599999997228,0.6592809412186076
14.756999999972278,0.6592808956823627
14.757999999972276,0.6592810112217452
14.758999999972273,0.6592810813645629
14.75999999997227,0.6592812508657343
14.760999999972269,0.6592812952657956
14.761999999972266,0.6592813309737352
14.762999999972264,0.6592814811929358
14.763999999972262,0.6592815854259134
14.76499999997226,0.6592818246527723
14.765999999972257,0.6592819151792166
14.766999999972255,0.6592823026677692
14.767999999972252,0.6592826833071488
14.76899999997225,0.659282983842346
14.769999999972248,0.659283283664903
14.770999999972245,0.6592836753237618
14.771999999972243,0.6592839980312407
14.77299999997224,0.6592842103698531
14.773999999972238,0.6592845906823673
14.774999999972236,0.659284894691378
14.775999999972234,0.6592849590357514
14.776999999972231,0.6592848754222507
14.777999999972229,0.6592849375763481
14.778999999972227,0.659284975139401
14.779999999972224,0.6592849383744981
14.780999999972222,0.6592848862361524
14.78199999997222,0.6592852245680542
14.782999999972217,0.659285499430938
14.783999999972215,0.6592858181509654
14.784999999972213,0.6592860370601116
14.78599999997221,0.6592863789705278
14.786999999972208,0.6592867277216283
14.787999999972206,0.6592869612664947
14.788999999972203,0.6592871439842918
14.789999999972201,0.6592872866836186
14.790999999972199,0.6592875763037699
14.791999999972196,0.6592875689987282
14.792999999972194,0.6592875672591542
14.793999999972192,0.6592876443744699
14.79499999997219,0.6592876272702999
14.795999999972187,0.6592876115073444
14.796999999972185,0.6592876633396021
14.797999999972182,0.659287823950027
14.79899999997218,0.6592878165873576
14.799999999972178,0.6592878840588169
14.800999999972175,0.6592880964935569
14.801999999972173,0.6592885465245683
14.80299999997217,0.6592888505805494
14.803999999972168,0.6592891780640563
14.804999999972166,0.65928957808737
14.805999999972164,0.6592899921426253
14.806999999972161,0.6592899261493629
14.807999999972159,0.6592900126747203
14.808999999972157,0.6592900544957849
14.809999999972154,0.6592901948763169
14.810999999972152,0.6592902118496555
14.81199999997215,0.6592902207522672
14.812999999972147,0.6592903433633688
14.813999999972145,0.6592904271920308
14.814999999972143,0.6592906384226002
14.81599999997214,0.6592907026613847
14.816999999972138,0.6592910607913162
14.817999999972136,0.659291412045572
14.818999999972133,0.6592916839244706
14.819999999972131,0.6592919613177036
14.820999999972129,0.6592923229483686
14.821999999972126,0.6592926161692355
14.822999999972124,0.6592928000967067
14.823999999972122,0.659293150232877
14.82499999997212,0.6592934249415877
14.825999999972117,0.6592934691821227
14.826999999972115,0.6592933609203402
14.827999999972112,0.6592933971751691
14.82899999997211,0.6592934093745224
14.829999999972108,0.659293348384019
14.830999999972105,0.6592932724898279
14.831999999972103,0.6592935892278745
14.8329999999721,0.6592938371737385
14.833999999972098,0.6592941285016634
14.834999999972096,0.6592943209879271
14.835999999972094,0.6592946350176423
14.836999999972091,0.6592949555517925
14.837999999972089,0.6592951619106396
14.838999999972087,0.6592953240858271
14.839999999972084,0.6592954404032827
14.840999999972082,0.6592957021438086
14.84199999997208,0.6592956702960276
14.842999999972077,0.6592956442832013
14.843999999972075,0.6592956966103632
14.844999999972073,0.6592956620297489
14.84599999997207,0.6592956233170142
14.846999999972068,0.6592956519163823
14.847999999972066,0.6592957884830892
14.848999999972063,0.6592957590623352
14.849999999972061,0.6592958038713985
14.850999999972059,0.6592959976502092
14.851999999972056,0.6592964209736143
14.852999999972054,0.6592966998126171
14.853999999972052,0.6592970017972803
14.85499999997205,0.6592973754887528
14.855999999972047,0.6592977630448744
14.856999999972045,0.6592976811858974
14.857999999972042,0.659297744919215
14.85899999997204,0.6592977647205128
14.859999999972038,0.6592978823855321
14.860999999972035,0.6592978783979098
14.861999999972033,0.6592978670126496
14.86299999997203,0.6592979686162904
14.863999999972028,0.6592980370414604
14.864999999972026,0.659298227014846
14.865999999972024,0.6592982717733828
14.866999999972021,0.659298607469387
14.86799999997202,0.659298936358707
14.868999999972017,0.6592991866850496
14.869999999972014,0.6592994470528332
14.870999999972012,0.6592997859492491
14.87199999997201,0.6593000570683468
14.872999999972008,0.659300220046124
14.873999999972005,0.6593005475752218
14.874999999972003,0.6593008006280807
14.875999999972,0.6593008305228576
14.876999999971998,0.6593007053066724
14.877999999971996,0.659300723447236
14.878999999971994,0.6593007181405148
14.879999999971991,0.6593006408291399
14.880999999971989,0.6593005491375352
14.881999999971987,0.6593008503215064
14.882999999971984,0.659301079456626
14.883999999971982,0.6593013515789727
14.88499999997198,0.6593015258970069
14.885999999971977,0.6593018203978852
14.886999999971975,0.659302121161121
14.887999999971973,0.6593023088519717
14.88899999997197,0.6593024569282308
14.889999999971968,0.6593025555127157
14.890999999971966,0.6593027981173888
14.891999999971963,0.6593027504917626
14.892999999971961,0.6593027090219302
14.893999999971959,0.6593027454509494
14.894999999971956,0.6593027000738502
14.895999999971954,0.6593026473485454
14.896999999971952,0.6593026617023117
14.89799999997195,0.6593027832732459
14.898999999971947,0.6593027408835458
14.899999999971945,0.6593027721785936
14.900999999971942,0.6593029542187618
14.90199999997194,0.6593033601395135
14.902999999971938,0.6593036231190369
14.903999999971935,0.6593039090319883
14.904999999971933,0.6593042658981958
14.90599999997193,0.6593046365328622
14.906999999971928,0.6593045459821395
14.907999999971926,0.6593045965560178
14.908999999971924,0.6593046040093238
14.909999999971921,0.6593047086935666
14.910999999971919,0.6593046934976801
14.911999999971917,0.65930467158338
14.912999999971914,0.6593047619770159
14.913999999971912,0.6593048223676348
14.91499999997191,0.659305000940354
14.915999999971907,0.65930503610037
14.916999999971905,0.6593053593129834
14.917999999971903,0.6593056758380567
14.9189999999719,0.6593059146538442
14.919999999971898,0.6593061655727676
14.920999999971896,0.6593064918859367
14.921999999971893,0.6593067511002106
14.922999999971891,0.6593069033575871
14.923999999971889,0.6593072185734493
14.924999999971886,0.659307460293701
14.925999999971884,0.6593074835789073
14.926999999971882,0.6593073516969159
14.92799999997188,0.6593073620565251
14.928999999971877,0.6593073496025831
14.929999999971875,0.6593072663279601
14.930999999971872,0.6593071692016654
14.93199999997187,0.6593074626392966
14.932999999971868,0.6593076833855255
14.933999999971865,0.6593079467553951
14.934999999971863,0.659308113379702
14.93599999997186,0.6593083988747965
14.936999999971858,0.6593086904333091
14.937999999971856,0.6593088700463109
14.938999999971854,0.6593090119896883
14.939999999971851,0.6593091034771863
14.940999999971849,0.6593093376289814
14.941999999971847,0.6593092848792717
14.942999999971844,0.6593092386081927
14.943999999971842,0.6593092698188188
14.94499999997184,0.6593092216339094
14.945999999971837,0.6593091655336452
14.946999999971835,0.6593091762777797
14.947999999971833,0.6593092934980792
14.94899999997183,0.6593092487755343
14.949999999971828,0.6593092772009918
14.950999999971826,0.6593094555075313
14.951999999971823,0.6593098547335114
14.952999999971821,0.6593101125648204
14.953999999971819,0.6593103931377541
14.954999999971816,0.6593107439389959
14.955999999971814,0.6593111084326247
14.956999999971812,0.6593110172316422
14.95799999997181,0.6593110653911936
14.958999999971807,0.6593110712296639
14.959999999971805,0.6593111736776215
14.960999999971802,0.6593111579843209
14.9619999999718,0.6593111362059373
14.962999999971798,0.6593112260410924
14.963999999971795,0.6593112863720688
14.964999999971793,0.6593114641634102
14.96599999997179,0.6593115003181758
14.966999999971788,0.6593118216565282
14.967999999971786,0.6593121364249848
14.968999999971784,0.6593123743286525
14.969999999971781,0.6593126237581572
14.970999999971779,0.659312948104347
14.971999999971777,0.6593132060241517
14.972999999971774,0.6593133581528227
14.973999999971772,0.6593136716600634
14.97499999997177,0.6593139126299127
14.975999999971767,0.6593139372022583
14.976999999971765,0.6593138091124544
14.977999999971763,0.6593138221414044
14.97899999997176,0.6593138129637531
14.979999999971758,0.659313734097122
14.980999999971756,0.6593136418616887
14.981999999971753,0.6593139352991079
14.982999999971751,0.6593141579511489
14.983999999971749,0.6593144228438392
14.984999999971746,0.6593145920207956
14.985999999971744,0.6593148787544134
14.986999999971742,0.6593151713442764
14.98799999997174,0.6593153530891342
14.988999999971737,0.6593154965466343
14.989999999971735,0.6593155911037272
14.990999999971732,0.6593158269646368
14.99199999997173,0.6593157791737733
14.992999999971728,0.6593157381363458
14.993999999971726,0.6593157741359515
14.994999999971723,0.6593157305954988
14.99599999997172,0.6593156810000413
14.996999999971719,0.6593156979630327
14.997999999971716,0.6593158206214035
14.998999999971714,0.6593157832964424
14.999999999971712,0.6593158185430591
