time,#Gen37.Ib:0
0.0,-0.0007879209526314954
0.0010000000000000002,0.2725453646592796
0.0019999999999999987,0.34023533741012213
0.0030000000000000014,-0.023512961614876985
0.0040000000000000036,-0.6675403854325413
0.0049999999999999975,-1.500179512962699
0.0059999999999999915,-2.419411960542202
0.006999999999999985,-3.173632678747177
0.00799999999999998,-3.5661867226064206
0.008999999999999973,-3.423682594805956
0.009999999999999967,-2.6534529360234735
0.010999999999999961,-1.2762826264798641
0.011999999999999955,0.5705690178051591
0.012999999999999949,2.6380653927624227
0.013999999999999943,4.605718030571937
0.014999999999999937,6.123746933758259
0.015999999999999945,6.878360694825649
0.016999999999999973,6.645391430974007
0.018000000000000002,5.341177365362644
0.01900000000000003,3.0489080903232098
0.02000000000000006,0.02166483651753515
0.021000000000000088,-3.3437200059592724
0.022000000000000117,-6.558618650138378
0.023000000000000145,-9.113264277935029
0.024000000000000174,-10.556867058038712
0.025000000000000203,-10.573670121788979
0.02600000000000023,-9.043340104818345
0.02700000000000026,-6.074444413542747
0.02800000000000029,-2.004119078412652
0.029000000000000317,2.6379210167229177
0.030000000000000346,7.198017002701759
0.031000000000000374,10.99041790497303
0.0320000000000004,13.400099319219589
0.03300000000000043,13.980551695823669
0.03400000000000046,12.531775606274605
0.03500000000000049,9.144909646272659
0.03600000000000052,4.205258154153824
0.037000000000000546,-1.6491728017628193
0.038000000000000575,-7.6094457403421405
0.039000000000000604,-12.807436246752738
0.04000000000000063,-16.442135876178742
0.04100000000000066,-17.902096619606017
0.04200000000000069,-16.86551577115059
0.04300000000000072,-13.361803045153618
0.04400000000000075,-7.783791377782822
0.045000000000000775,-0.8464812729554251
0.046000000000000804,6.503754290819168
0.04700000000000083,13.218175534963608
0.04800000000000086,18.29526799273491
0.04900000000000089,20.929627029657365
0.05000000000000092,20.638044514894485
0.05100000000000095,17.07080582022667
0.052000000000000976,11.061202479958535
0.053000000000001005,3.5907977194488048
0.05400000000000103,-4.433604660570621
0.05500000000000106,-11.884708145260811
0.05600000000000109,-17.65567785167694
0.05700000000000112,-20.9763253326416
0.05800000000000115,-21.36289921593666
0.059000000000001177,-18.760928483963013
0.060000000000001205,-13.536231594443322
0.061000000000001234,-6.419607531130314
0.06200000000000126,1.5890148840248586
0.06300000000000122,9.367829553246498
0.06400000000000111,15.823431058168412
0.065000000000001,20.05164861726761
0.06600000000000089,21.458301023244857
0.06700000000000078,19.847298916578293
0.06800000000000067,15.44516122174263
0.06900000000000056,8.870933977723121
0.07000000000000045,1.0484555190233513
0.07100000000000034,-6.923190743207932
0.07200000000000023,-13.923893159151078
0.07300000000000012,-18.970110553264618
0.07400000000000001,-21.35270333147049
0.0749999999999999,-20.73676171875
0.07599999999999979,-17.20850403928757
0.07699999999999968,-11.263195836544037
0.07799999999999957,-3.735646562129259
0.07899999999999946,4.317162791907787
0.07999999999999935,11.76436980855465
0.08099999999999924,17.560235486507416
0.08199999999999913,20.890845906734466
0.08299999999999902,21.288577756404877
0.08399999999999891,18.697651851415635
0.0849999999999988,13.482061960101127
0.08599999999999869,6.374391620337963
0.08699999999999858,-1.6270387729406357
0.08799999999999847,-9.398394096016883
0.08899999999999836,-15.848168301343918
0.08999999999999825,-20.070464518785478
0.09099999999999814,-21.472249910593032
0.09199999999999803,-19.856616132736207
0.09299999999999792,-15.450462461709977
0.09399999999999781,-8.872601337552071
0.0949999999999977,-1.0468703738171607
0.09599999999999759,6.9276370730400085
0.09699999999999748,13.930922555685044
0.09799999999999737,18.97939340996742
0.09899999999999726,21.36399953889847
0.09999999999999715,20.74982093024254
0.10099999999999704,17.22310570335388
0.10199999999999693,11.279156170010566
0.10299999999999682,3.7527674245238303
0.1039999999999967,-4.299019599974155
0.1049999999999966,-11.745373257994652
0.10599999999999649,-17.54049579024315
0.10699999999999638,-20.870499752759933
0.10799999999999627,-21.26771813249588
0.10899999999999616,-18.67638487792015
0.10999999999999605,-13.460468279957771
0.11099999999999594,-6.352551661014557
0.11199999999999583,1.6490552998483181
0.11299999999999571,9.42052658200264
0.1139999999999956,15.870357859134675
0.1149999999999955,20.092665027856828
0.11599999999999538,21.49441319346428
0.11699999999999527,19.878706474542618
0.11799999999999516,15.472441761255265
0.11899999999999505,8.89444151198864
0.11999999999999494,1.0685422528088093
0.12099999999999483,-6.906155678153038
0.12199999999999472,-13.90965331530571
0.12299999999999461,-18.958353683471678
0.1239999999999945,-21.343204961299897
0.1249999999999944,-20.729284732818602
0.12599999999999428,-17.202838799715042
0.12699999999999417,-11.25916820859909
0.12799999999999406,-3.7330656804740427
0.12899999999999395,4.318428570151329
0.12999999999999384,11.764484981775285
0.13099999999999373,17.55930632662773
0.13199999999999362,20.88900680875778
0.1329999999999935,21.285919927358627
0.1339999999999934,18.694280834197997
0.1349999999999933,13.478058357357979
0.13599999999999318,6.369836649656296
0.13699999999999307,-1.6320740701854228
0.13799999999999296,-9.403847227096557
0.13899999999999285,-15.853977991104125
0.13999999999999274,-20.07658189082146
0.14099999999999263,-21.478623598337172
0.14199999999999252,-19.863206979990004
0.1429999999999924,-15.457228579998016
0.1439999999999923,-8.879510677814483
0.1449999999999922,-1.0538895426187664
0.14599999999999208,6.920534620642662
0.14699999999999197,13.923763022184373
0.14799999999999186,18.97219878602028
0.14899999999999175,21.356790199756624
0.14999999999999164,20.742614917755127
0.15099999999999153,17.215918800830842
0.15199999999999142,11.272002937674522
0.1529999999999913,3.745660071194172
0.1539999999999912,-4.3060695663690565
0.1549999999999911,-11.752356419205666
0.15599999999999098,-17.547403264284135
0.15699999999999087,-20.877324330568314
0.15799999999999076,-21.274453140735627
0.15899999999999065,-18.683024886846543
0.15999999999999054,-13.467008436083793
0.16099999999999043,-6.35898799085617
0.16199999999999032,1.6427261776924134
0.1629999999999902,9.414307436585426
0.1639999999999901,15.864250894784927
0.16499999999999,20.086672016620636
0.16599999999998988,21.48853540611267
0.16699999999998977,19.872944860696794
0.16799999999998966,15.46679685330391
0.16899999999998955,8.888913589835166
0.16999999999998944,1.0631312651131302
0.17099999999998933,-6.91144999063015
0.17199999999998922,-13.91483146429062
0.1729999999999891,-18.963416355609894
0.173999999999989,-21.34815302968025
0.1749999999999889,-20.734119215965272
0.17599999999998878,-17.207560853481294
0.17699999999998867,-11.263779106974601
0.17799999999998856,-3.7375667949318885
0.17899999999998845,4.314035774886608
0.17999999999998834,11.760198971629142
0.18099999999998823,17.55512549853325
0.18199999999998812,20.884929510354997
0.182999999999988,21.281944458007814
0.1839999999999879,18.69040546154976
0.18499999999998779,13.47428131687641
0.18599999999998768,6.366156157970429
0.18699999999998757,-1.6356598135828972
0.18799999999998745,-9.407340032219887
0.18899999999998734,-15.857379673480988
0.18999999999998723,-20.079894266605375
0.19099999999998712,-21.48184848022461
0.19199999999998701,-19.866346175670625
0.1929999999999869,-15.460283886671066
0.1939999999999868,-8.882483880400658
0.19499999999998668,-1.0567824115622788
0.19599999999998657,6.917720331430435
0.19699999999998646,13.921025577783585
0.19799999999998635,18.969536471366883
0.19899999999998624,21.354201321601867
0.19999999999998613,20.740097805261613
0.20099999999998602,17.21347180724144
0.2019999999999859,11.269624441027641
0.2029999999999858,3.7433484742939473
0.2039999999999857,-4.308315834343434
0.20499999999998558,-11.754538902878762
0.20599999999998547,-17.549523481607437
0.20699999999998536,-20.879383771657945
0.20799999999998525,-21.27645326924324
0.20899999999998514,-18.68496713924408
0.20999999999998503,-13.468894220232963
0.21099999999998492,-6.360818688988686
0.2119999999999848,1.6409492118358613
0.2129999999999847,9.412582876086235
0.2139999999999846,15.862577440023422
0.21499999999998448,20.08504839396477
0.21599999999998437,21.486960369348527
0.21699999999998426,19.871417189598084
0.21799999999998415,15.465315353393555
0.21899999999998404,8.887477092981339
0.21999999999998393,1.0617386281741783
0.22099999999998382,-6.912799885869026
0.2219999999999837,-13.916139711141586
0.2229999999999836,-18.96468402290344
0.2239999999999835,-21.349381162643432
0.22499999999998338,-20.73530883693695
0.22599999999998327,-17.208712960481645
0.22699999999998316,-11.26489467537403
0.22799999999998305,-3.738646778464317
0.22899999999998294,4.312990444779396
0.22999999999998283,11.759187385082244
0.23099999999998272,17.554146766901017
0.2319999999999826,20.883982765197754
0.2329999999999825,21.281028851747514
0.2339999999999824,18.689520166158676
0.23499999999998228,13.473425524234772
0.23599999999998217,6.365329078912735
0.23699999999998206,-1.6364589498341084
0.23799999999998195,-9.408111977696418
0.23899999999998184,-15.858125162601471
0.23999999999998173,-20.08061401581764
0.24099999999998162,-21.482543189048766
0.2419999999999815,-19.867016526699068
0.2429999999999814,-15.460930546045303
0.2439999999999813,-8.883107498049736
0.24499999999998118,-1.0573836217019708
0.24599999999998107,6.917140909790993
0.24699999999998096,13.920467340946198
0.24799999999998085,18.968998830080032
0.24899999999998074,21.353683701515198
0.24999999999998063,20.739599645376206
0.2509999999999805,17.212992561101913
0.2519999999999804,11.269163575053215
0.2529999999999803,3.7429054683744907
0.2539999999999802,-4.308741487622261
0.2549999999999801,-11.754947698235512
0.25599999999997997,-17.5499159014225
0.25699999999997986,-20.879760286808015
0.25799999999997975,-21.276814339160918
0.25899999999997964,-18.685313210248946
0.2599999999999795,-13.469225729346276
0.2609999999999794,-6.36113606095314
0.2619999999999793,1.640645562171936
0.2629999999999792,9.412292544364929
0.2639999999999791,15.862300032377243
0.264999999999979,20.084783525943756
0.26599999999997886,21.486707666635514
0.26699999999997875,19.871176287412645
0.26799999999997864,15.465085896015168
0.26899999999997853,8.88725873363018
0.2699999999999784,1.0615310288034379
0.2709999999999783,-6.912997054338455
0.2719999999999782,-13.916326769590377
0.2729999999999781,-18.96486128425598
0.273999999999978,-21.349548931360246
0.2749999999999779,-20.73546740961075
0.27599999999997776,-17.20886262655258
0.27699999999997765,-11.265035716414452
0.27799999999997754,-3.738779468923807
0.27899999999997743,4.312865837454796
0.2799999999999773,11.759070600748062
0.2809999999999772,17.554037551403045
0.2819999999999771,20.883880872249602
0.282999999999977,21.280934040307997
0.2839999999999769,18.689432201623916
0.28499999999997677,13.473344179272651
0.28599999999997666,6.365254130601883
0.28699999999997655,-1.6365277174711228
0.28799999999997644,-9.408174775242806
0.28899999999997633,-15.858182194709778
0.2899999999999762,-20.080665482997894
0.2909999999999761,-21.48258928513527
0.291999999999976,-19.867057440519332
0.2929999999999759,-15.460966461896897
0.2939999999999758,-8.883138595104217
0.29499999999997567,-1.0574100742796435
0.29599999999997556,6.917118932127953
0.29699999999997545,13.920449673175812
0.29799999999997534,18.968985311746597
0.29899999999997523,21.35367417573929
0.2999999999999751,20.73959396123886
0.300999999999975,17.21299057030678
0.3019999999999749,11.269165133595466
0.3029999999999748,3.7429104366004466
0.3039999999999747,-4.308733245611191
0.30499999999997457,-11.754936314821244
0.30599999999997446,-17.54990150499344
0.30699999999997435,-20.87974300289154
0.30799999999997424,-21.276794288158417
0.30899999999997413,-18.685290511369704
0.309999999999974,-13.469200497031212
0.3109999999999739,-6.361108406662941
0.3119999999999738,1.64067552998662
0.3129999999999737,9.41232472038269
0.3139999999999736,15.862334313869477
0.31499999999997347,20.084819814443588
0.31599999999997336,21.486745864868166
0.31699999999997325,19.87121630167961
0.31799999999997314,15.465127635717392
0.318999999999973,8.887302109718323
0.3199999999999729,1.0615759557820856
0.3209999999999728,-6.912950659871101
0.3219999999999727,-13.916278988599776
0.3229999999999726,-18.964812195301057
0.3239999999999725,-21.34949861049652
0.32499999999997237,-20.735415930747987
0.32599999999997226,-17.208810061216354
0.32699999999997215,-11.264982134580611
0.32799999999997204,-3.7387249376773832
0.3289999999999719,4.3129212527275085
0.3299999999999718,11.759126836299897
0.3309999999999717,17.554094546318055
0.3319999999999716,20.883938566923142
0.3329999999999715,21.280992376327514
0.3339999999999714,18.689491124391555
0.33499999999997127,13.473403633236885
0.33599999999997116,6.365314064085483
0.33699999999997104,-1.636467355400324
0.33799999999997093,-9.408114033818245
0.3389999999999708,-15.858121121644974
0.3399999999999707,-20.080604123830796
0.3409999999999706,-21.482527684688566
0.3419999999999705,-19.866995641946794
0.3429999999999704,-15.460904506921768
0.3439999999999703,-8.88307652413845
0.34499999999997016,-1.0573479258846492
0.34599999999997005,6.917181120276451
0.34699999999996994,13.92051186466217
0.34799999999996983,18.969047471284867
0.3489999999999697,21.35373626995087
0.3499999999999696,20.739655956983565
0.3509999999999695,17.213052436351777
0.3519999999999694,11.26922683918476
0.3529999999999693,3.742971952676773
0.3539999999999692,-4.308671947538853
0.35499999999996906,-11.7548752617836
0.35599999999996895,-17.549840723991394
0.35699999999996884,-20.87968251800537
0.35799999999996873,-21.276734124422074
0.3589999999999686,-18.68523069214821
0.3599999999999685,-13.46914104449749
0.3609999999999684,-6.361049342870713
0.3619999999999683,1.640734184473753
0.3629999999999682,9.412382945656777
0.36399999999996807,15.862392090797425
0.36499999999996796,20.084877124786377
0.36599999999996785,21.4868026907444
0.36699999999996774,19.87127262663841
0.36799999999996763,15.465183442831039
0.3689999999999675,8.887357384204865
0.3699999999999674,1.0616306827208026
0.3709999999999673,-6.912896494746208
0.3719999999999672,-13.916225398540497
0.3729999999999671,-18.96475919294357
0.37399999999996697,-21.349446208000185
0.37499999999996686,-20.73536414051056
0.37599999999996675,-17.208758894205094
0.37699999999996664,-11.264931600451469
0.37799999999996653,-3.7386750469207763
0.3789999999999664,4.312970490694046
0.3799999999999663,11.759175412774086
0.3809999999999662,17.55414245247841
0.3819999999999661,20.88398579454422
0.382999999999966,21.281038918733596
0.38399999999996587,18.689536973953246
0.38499999999996576,13.473448783874511
0.38599999999996565,6.36535850930214
0.38699999999996554,-1.636423621326685
0.38799999999996543,-9.408071016430855
0.3889999999999653,-15.858078825473786
0.3899999999999652,-20.080562554121016
0.3909999999999651,-21.482486845493316
0.391999999999965,-19.866955537080766
0.3929999999999649,-15.460865139722824
0.39399999999996477,-8.883037897706032
0.39499999999996466,-1.0573100434849039
0.39599999999996455,6.917218256235123
0.39699999999996444,13.920548251628876
0.3979999999999643,18.969083107709885
0.3989999999999642,21.35377115392685
0.3999999999999641,20.73969008731842
0.400999999999964,17.213085811376573
0.4019999999999639,11.269259458422662
0.4029999999999638,3.7430038152337075
0.40399999999996367,-4.308640842020512
0.40499999999996356,-11.754844913482666
0.40599999999996345,-17.54981113266945
0.40699999999996334,-20.879653683900834
0.4079999999999632,-21.276706047296525
0.4089999999999631,-18.68520337033272
0.409999999999963,-13.46911447763443
0.4109999999999629,-6.361023529946804
0.4119999999999628,1.640759244710207
0.4129999999999627,9.412407254576683
0.41399999999996256,15.862415649890899
0.41499999999996245,20.08489993596077
0.41599999999996234,21.48682475566864
0.41699999999996223,19.871293947458266
0.4179999999999621,15.465204022169113
0.418999999999962,8.887377223730088
0.4199999999999619,1.0616497850883753
0.4209999999999618,-6.9128781267404555
0.4219999999999617,-13.916207762479782
0.4229999999999616,-18.964742285966874
0.42399999999996146,-21.349430027246477
0.42499999999996135,-20.735348682880403
0.42599999999996124,-17.208744156122208
0.42699999999996113,-11.26491757941246
0.427999999999961,-3.7386617391705514
0.4289999999999609,4.312983088612556
0.4299999999999608,11.759187304258347
0.4309999999999607,17.55415364122391
0.4319999999999606,20.883996284484862
0.43299999999996047,21.281048713445664
0.43399999999996036,18.689546077251435
0.43499999999996025,13.473457199573517
0.43599999999996014,6.36536624121666
0.43699999999996003,-1.636416568905115
0.4379999999999599,-9.40806463932991
0.4389999999999598,-15.858073120117188
0.4399999999999597,-20.08055751538277
0.4409999999999596,-21.482482469797134
0.4419999999999595,-19.86695181965828
0.44299999999995937,-15.46086207652092
0.44399999999995926,-8.883035484313965
0.44499999999995915,-1.0573082754937932
0.44599999999995904,6.917219383239746
0.44699999999995893,13.920548742771148
0.4479999999999588,18.969082966566084
0.4489999999999587,21.353770385980607
0.4499999999999586,20.73968869638443
0.4509999999999585,17.213083802223206
0.4519999999999584,11.269256836056709
0.45299999999995827,3.743000584036112
0.45399999999995816,-4.30864467728138
0.45499999999995805,-11.754849348187447
0.45599999999995794,-17.549816161870957
0.45699999999995783,-20.879659302949907
0.4579999999999577,-21.27671225142479
0.4589999999999576,-18.68521015524864
0.4599999999999575,-13.469121838569642
0.4609999999999574,-6.361031461596489
0.4619999999999573,1.6407507468163967
0.46299999999995717,9.412398195385933
0.46399999999995706,15.862406033992768
0.46499999999995695,20.084889768123627
0.46599999999995684,21.486814041137695
0.4669999999999567,19.871282690286638
0.4679999999999566,15.465192227363586
0.4689999999999565,8.887364896297456
0.4699999999999564,1.0616369297523052
0.4709999999999563,-6.912891505360603
0.4719999999999562,-13.916221659660339
0.47299999999995607,-18.964756696939467
0.47399999999995596,-21.349444947242738
0.47499999999995585,-20.735364106893538
0.47599999999995574,-17.208760080099104
0.4769999999999556,-11.26493399810791
0.4779999999999555,-3.738678648084402
0.4789999999999554,4.312965694189072
0.4799999999999553,11.759169428825379
0.4809999999999552,17.554135289669038
0.4819999999999551,20.883977461338045
0.48299999999995497,21.281029423475264
0.48399999999995486,18.689526324510574
0.48499999999995475,13.473436989188194
0.48599999999995463,6.365345577716828
0.4869999999999545,-1.6364376812577248
0.4879999999999544,-9.408086195826531
0.4889999999999543,-15.858095116138458
0.4899999999999542,-20.08057994699478
0.4909999999999541,-21.482505332231522
0.491999999999954,-19.866975108385088
0.49299999999995386,-15.460885787248612
0.49399999999995375,-8.883059612870216
0.49499999999995364,-1.057332817228511
0.49599999999995353,6.917194432616234
0.4969999999999534,13.920523387193679
0.4979999999999533,18.96905721116066
0.4989999999999532,21.3537442343235
0.4999999999999531,20.739743185680563
0.500999999999953,17.215586498899018
0.5019999999999529,11.272538520202401
0.5029999999999528,3.7449488932601227
0.5039999999999527,-4.307534729815817
0.5049999999999526,-11.755808602101695
0.5059999999999525,-17.550890570965624
0.5069999999999524,-20.881559637515416
0.5079999999999523,-21.27851529948004
0.5089999999999522,-18.68738430383407
0.509999999999952,-13.471115078018222
0.5109999999999519,-6.362857214128388
0.5119999999999518,1.6396304563970447
0.5129999999999517,9.412383709707449
0.5139999999999516,15.863842127811413
0.5149999999999515,20.087774374505788
0.5159999999999514,21.490750538514938
0.5169999999999513,19.875586920438565
0.5179999999999512,15.469050450394207
0.5189999999999511,8.890150352740841
0.519999999999951,1.0630242117291304
0.5209999999999508,-6.912839488514358
0.5219999999999507,-13.91720459234965
0.5229999999999506,-18.966389464882337
0.5239999999999505,-21.35143134723584
0.5249999999999504,-20.737530228433407
0.5259999999999503,-17.210998386373184
0.5269999999999502,-11.26707487889999
0.5279999999999501,-3.7404071907198837
0.52899999999995,4.312088232216287
0.5299999999999498,11.759568126413843
0.5309999999999497,17.556025796712017
0.5319999999999496,20.88721889643273
0.5329999999999495,21.285103789380223
0.5339999999999494,18.693675326425286
0.5349999999999493,13.476896208386382
0.5359999999999492,6.367578717486588
0.5369999999999491,-1.6356104194192245
0.537999999999949,-9.408509417874011
0.5389999999999489,-15.85942259515524
0.5399999999999487,-20.08245394765712
0.5409999999999486,-21.484675017391144
0.5419999999999485,-19.86930024613305
0.5429999999999484,-15.463242356482052
0.5439999999999483,-8.885222854389987
0.5449999999999482,-1.0589268784288384
0.5459999999999481,6.916628495148046
0.546999999999948,13.921359378534824
0.5479999999999479,18.97139513878415
0.5489999999999478,21.35730166158811
0.5499999999999476,20.74381182258003
0.5509999999999475,17.217006147813038
0.5519999999999474,11.27226646195496
0.5529999999999473,3.744671091287867
0.5539999999999472,-4.30837613638027
0.5549999999999471,-11.75575129128163
0.555999999999947,-17.551526580351503
0.5569999999999469,-20.881849280725206
0.5579999999999468,-21.27916488257814
0.5589999999999467,-18.687785866502765
0.5599999999999465,-13.471650452726413
0.5609999999999464,-6.3632156131910635
0.5619999999999463,1.6393416563199756
0.5629999999999462,9.412216524685805
0.5639999999999461,15.863740140839239
0.564999999999946,20.08769630315112
0.5659999999999459,21.490660774661677
0.5669999999999458,19.87544401584131
0.5679999999999457,15.46886480903042
0.5689999999999455,8.889911302633248
0.5699999999999454,1.0627521176671386
0.5709999999999453,-6.913155711254627
0.5719999999999452,-13.917567176885763
0.5729999999999451,-18.96681290581264
0.573999999999945,-21.351909354267306
0.5749999999999449,-20.73804208858082
0.5759999999999448,-17.211499783257437
0.5769999999999447,-11.267515979393586
0.5779999999999446,-3.7407474498421482
0.5789999999999444,4.311864482498051
0.5799999999999443,11.759444960248372
0.5809999999999442,17.55596418817832
0.5819999999999441,20.887170370256204
0.582999999999944,21.285029065050633
0.5839999999999439,18.69355266043146
0.5849999999999438,13.476722585390824
0.5859999999999437,6.367359674779217
0.5869999999999436,-1.6358710298533599
0.5879999999999435,-9.408816078999266
0.5889999999999433,-15.859785110223372
0.5899999999999432,-20.08287756393644
0.5909999999999431,-21.485149291624197
0.591999999999943,-19.869793996670168
0.5929999999999429,-15.463709009435545
0.5939999999999428,-8.885614621790292
0.5949999999999427,-1.0592118153659607
0.5959999999999426,6.91645489556892
0.5969999999999425,13.921273298910418
0.5979999999999424,18.97135466294427
0.5989999999999422,21.35726272914097
0.5999999999999421,20.743742260192352
0.600999999999942,17.21689147434076
0.6019999999999419,11.272106051628374
0.6029999999999418,3.7444684522751084
0.6039999999999417,-4.308622221212673
0.6049999999999416,-11.756048992774403
0.6059999999999415,-17.551885075428917
0.6069999999999414,-20.882268152996716
0.6079999999999413,-21.279625491064007
0.6089999999999411,-18.688250614008382
0.609999999999941,-13.47207182915486
0.6109999999999409,-6.363551600903301
0.6119999999999408,1.6391127998736952
0.6129999999999407,9.412089048428594
0.6139999999999406,15.863684396370218
0.6149999999999405,20.087671074994322
0.6159999999999404,21.49062811346228
0.6169999999999403,19.87537955315356
0.6179999999999402,15.46875942354798
0.61899999999994,8.889764918534352
0.6199999999999399,1.0625646285480772
0.6209999999999398,-6.913390166451237
0.6219999999999397,-13.917858705326388
0.6229999999999396,-18.96716778679926
0.6239999999999395,-21.35232023348606
0.6249999999999394,-20.738482710812068
0.6259999999999393,-17.21192840874878
0.6269999999999392,-11.267887081421845
0.627999999999939,-3.741026793013058
0.6289999999999389,4.311688281008805
0.6299999999999388,11.759357689104192
0.6309999999999387,17.555933086048945
0.6319999999999386,20.88715716279819
0.6329999999999385,21.285002537078675
0.6339999999999384,18.69349508786418
0.6349999999999383,13.476628054558818
0.6359999999999382,6.367226850842732
0.6369999999999381,-1.6360462504924471
0.637999999999938,-9.409042915928323
0.6389999999999378,-15.860073387121442
0.6399999999999377,-20.083228802239294
0.6409999999999376,-21.48554881719222
0.6419999999999375,-19.870209359513996
0.6429999999999374,-15.464096879428435
0.6439999999999373,-8.885933848067673
0.6449999999999372,-1.0594369539294919
0.6459999999999371,6.916325732684725
0.646999999999937,13.921219686790964
0.6479999999999368,18.971343158602075
0.6489999999999367,21.35725937124666
0.6499999999999366,20.74372225723531
0.6509999999999365,17.21684206853683
0.6519999999999364,11.27202254229048
0.6529999999999363,3.744347120875148
0.6539999999999362,-4.3087890707318595
0.6549999999999361,-11.756272233666124
0.655999999999936,-17.552172225226993
0.6569999999999359,-20.882614819268927
0.6579999999999357,-21.28001011682492
0.6589999999999356,-18.688636447125088
0.6599999999999355,-13.472416365098923
0.6609999999999354,-6.363819778516447
0.6619999999999353,1.6389374823654876
0.6629999999999352,9.41200043738877
0.6639999999999351,15.863658123258551
0.664999999999935,20.087674922155802
0.6659999999999349,21.490633042692583
0.6669999999999348,19.875366312757336
0.6679999999999346,15.46871846483815
0.6689999999999345,8.88969119613976
0.6699999999999344,1.0624516027168385
0.6709999999999343,-6.913552842672902
0.6719999999999342,-13.91808177789035
0.6729999999999341,-18.967454879595124
0.673999999999934,-21.35266059650929
0.6749999999999339,-20.73884894386456
0.6759999999999338,-17.212281516821854
0.6769999999999337,-11.268187443111271
0.6779999999999335,-3.7412464603275355
0.6789999999999334,4.311557372563498
0.6799999999999333,11.759303079380972
0.6809999999999332,17.555928510328066
0.6819999999999331,20.88717295225802
0.682999999999933,21.285014574555223
0.6839999999999329,18.69348847276481
0.6849999999999328,13.476594849430509
0.6859999999999327,6.367160627813988
0.6869999999999326,-1.636154711384876
0.6879999999999324,-9.409205364407699
0.6889999999999323,-15.860298803626668
0.6899999999999322,-20.083515849910093
0.6909999999999321,-21.485880563579276
0.691999999999932,-19.870553985217178
0.6929999999999319,-15.464415150161289
0.6939999999999318,-8.886190618591314
0.6949999999999317,-1.0596117876285795
0.6959999999999316,6.916233425745557
0.6969999999999315,13.921192934242661
0.6979999999999313,18.971355495293373
0.6989999999999312,21.35728444563549
0.6999999999999311,20.743740422643473
0.700999999999931,17.216841486806473
0.7019999999999309,11.271995581864534
0.7029999999999308,3.7442854446793334
0.7039999999999307,-4.308896784873984
0.7049999999999306,-11.756437776620176
0.7059999999999305,-17.5524014534873
0.7069999999999304,-20.882900894662544
0.7079999999999302,-21.280330591281256
0.7089999999999301,-18.688956699839746
0.70999999999993,-13.472698719120325
0.7109999999999299,-6.364034660993238
0.7119999999999298,1.6388031228014774
0.7129999999999297,9.411940959663015
0.7139999999999296,15.863653739561862
0.7149999999999295,20.087700257025265
0.7159999999999294,21.490665349075762
0.7169999999999292,19.875389672361166
0.7179999999999291,15.46872286500292
0.718999999999929,8.88966836158487
0.7199999999999289,1.0623912130719169
0.7209999999999288,-6.913663343287081
0.7219999999999287,-13.91825289967121
0.7229999999999286,-18.967688352792223
0.7239999999999285,-21.352944025851738
0.7249999999999284,-20.73915538728025
0.7259999999999283,-17.212575205195424
0.7269999999999281,-11.268433750252319
0.727999999999928,-3.741422000199713
0.7289999999999279,4.311458801545495
0.7299999999999278,11.759270978677776
0.7309999999999277,17.55594177066358
0.7319999999999276,20.887208167164257
0.7329999999999275,21.28505250139103
0.7339999999999274,18.69351602650201
0.7349999999999273,13.476602763321223
0.7359999999999272,6.367139403700412
0.736999999999927,-1.6362170821634803
0.7379999999999269,-9.4093216477382
0.7389999999999268,-15.86047705996652
0.7399999999999267,-20.08375306614186
0.7409999999999266,-21.486159145738146
0.7419999999999265,-19.870843741303535
0.7429999999999264,-15.464680727504453
0.7439999999999263,-8.886401581796957
0.7449999999999262,-1.05975111792097
0.7459999999999261,6.916165907167669
0.746999999999926,13.921183251626259
0.7479999999999258,18.971382445937444
0.7489999999999257,21.357327089254643
0.7499999999999256,20.743782635576867
0.7509999999999255,17.216872086544278
0.7519999999999254,11.272005193272365
0.7529999999999253,3.7442631197161007
0.7539999999999252,-4.308964172917316
0.7549999999999251,-11.756562142438948
0.755999999999925,-17.552587468727065
0.7569999999999248,-20.883140565849576
0.7579999999999247,-21.28060181379012
0.7589999999999246,-18.689227379523604
0.7599999999999245,-13.472935306210474
0.7609999999999244,-6.3642116830248
0.7619999999999243,1.638696504260468
0.7629999999999242,9.411899909027067
0.7639999999999241,15.863662096997208
0.764999999999924,20.087737660619585
0.7659999999999239,21.49071349063496
0.7669999999999237,19.875434975924932
0.7679999999999236,15.468755176493142
0.7689999999999235,8.889677602491087
0.7699999999999234,1.062365067712188
0.7709999999999233,-6.91373837045847
0.7719999999999232,-13.918386870643898
0.7729999999999231,-18.967881886691252
0.773999999999923,-21.35318426084798
0.7749999999999229,-20.739416634495022
0.7759999999999228,-17.21282481666393
0.7769999999999226,-11.26864112609985
0.7779999999999225,-3.7415670466706956
0.7789999999999224,4.311381220989693
0.7799999999999223,11.759252105883682
0.7809999999999222,17.555964400359194
0.7819999999999221,20.887253416580197
0.782999999999922,21.285104590977415
0.7839999999999219,18.693563260643938
0.7849999999999218,13.476635265998915
0.7859999999999217,6.367146064329912
0.7869999999999215,-1.6362496124836392
0.7879999999999214,-9.409406395185842
0.7889999999999213,-15.860621365731648
0.7899999999999212,-20.083953125596146
0.7909999999999211,-21.48639764037248
0.791999999999921,-19.871092472768126
0.7929999999999209,-15.464907759466264
0.7939999999999208,-8.88658013817383
0.7949999999999207,-1.059866575579558
0.7959999999999205,6.916113673108413
0.7969999999999204,13.921182652102653
0.7979999999999203,18.9714161712261
0.7989999999999202,21.35737809696238
0.7999999999999201,20.74383737021324
0.80099999999992,17.216920048223066
0.8019999999999199,11.272036202876158
0.8029999999999198,3.7442649593117214
0.8039999999999197,-4.309005362913645
0.8049999999999196,-11.75665807174928
0.8059999999999194,-17.55274207545771
0.8069999999999193,-20.883345538805965
0.8079999999999192,-21.280836030295823
0.8089999999999191,-18.689461272253975
0.809999999999919,-13.473138769955373
0.8109999999999189,-6.364362355313056
0.8119999999999188,1.638607962412264
0.8129999999999187,9.411869436445208
0.8139999999999186,15.863676299196737
0.8149999999999185,20.08777984584869
0.8159999999999183,21.490768574723834
0.8169999999999182,19.875491189832125
0.8179999999999181,15.46880257806
0.818999999999918,8.889705321444737
0.8199999999999179,1.0623599273261357
0.8209999999999178,-6.913790096989137
0.8219999999999177,-13.918494788971795
0.8229999999999176,-18.96804606755371
0.8239999999999175,-21.35339207018307
0.8249999999999174,-20.739643973747732
0.8259999999999172,-17.21304188133245
0.8269999999999171,-11.268820570208215
0.827999999999917,-3.7416912332866836
0.8289999999999169,4.311316758666669
0.8299999999999168,11.759240011400465
0.8309999999999167,17.555990383183318
0.8319999999999166,20.88730190267958
0.8329999999999165,21.285162370693122
0.8339999999999164,18.693619843662503
0.8349999999999163,13.476680724570507
0.8359999999999161,6.367168648061778
0.836999999999916,-1.6362637065910113
0.8379999999999159,-9.409470060926365
0.8389999999999158,-15.860741429822395
0.8399999999999157,-20.084125558091493
0.8409999999999156,-21.48660589923797
0.8419999999999155,-19.871310421874707
0.8429999999999154,-15.465106417999689
0.8439999999999153,-8.88673562945053
0.8449999999999152,-1.0599660440208627
0.845999999999915,6.916070402019739
0.8469999999999149,13.921185820346345
0.8479999999999148,18.97145135132351
0.8489999999999147,21.3574311204189
0.8499999999999146,20.74389666450047
0.8509999999999145,17.216975881268368
0.8519999999999144,11.27207824723303
0.8529999999999143,3.744280587028042
0.8539999999999142,-4.309030110257522
0.854999999999914,-11.756734556628698
0.8559999999999139,-17.552873823070126
0.8569999999999138,-20.883524414481503
0.8579999999999137,-21.28104218731481
0.8589999999999136,-18.689667523377445
0.8599999999999135,-13.473317899232246
0.8609999999999134,-6.364494436638149
0.8619999999999133,1.6385311715917485
0.8629999999999132,9.411844509497374
0.8639999999999131,15.863691922277814
0.864999999999913,20.087822044856754
0.8659999999999128,21.490824684952887
0.8669999999999127,19.875550934208164
0.8679999999999126,15.46885649751711
0.8689999999999125,8.889742423406016
0.8699999999999124,1.0623668799555221
0.8709999999999123,-6.913826847891008
0.8719999999999122,-13.918584429960472
0.8729999999999121,-18.968188477622153
0.873999999999912,-21.3535752200171
0.8749999999999118,-20.739845454703683
0.8759999999999117,-17.21323443195386
0.8769999999999116,-11.26897952380685
0.8779999999999115,-3.7418008687090474
0.8789999999999114,4.3112604248915325
0.8799999999999113,11.759230700000982
0.8809999999999112,17.556015981795742
0.8819999999999111,20.88734930559345
0.882999999999911,21.28522035472712
0.8839999999999109,18.693679028079103
0.8849999999999107,13.476731510832288
0.8859999999999106,6.367199268241428
0.8869999999999105,-1.6362669720509446
0.8879999999999104,-9.409519761960775
0.8889999999999103,-15.860844027766552
0.8899999999999102,-20.084277130398824
0.8909999999999101,-21.48679092013391
0.89199999999991,-19.871504752217206
0.8929999999999099,-15.465283639699699
0.8939999999999098,-8.886874229357629
0.8949999999999096,-1.0600545479007628
0.8959999999999095,6.916032214303161
0.8969999999999094,13.921189573189071
0.8979999999999093,18.971484773257764
0.8989999999999092,21.357482218941243
0.8999999999999091,20.743955470330352
0.900999999999909,17.2170334979702
0.9019999999999089,11.27212462567369
0.9029999999999088,3.7443032254242548
0.9039999999999087,-4.309044894399037
0.9049999999999085,-11.756797714193693
0.9059999999999084,-17.552988668364357
0.9069999999999083,-20.88368325800615
0.9079999999999082,-21.281226560746127
0.9089999999999081,-18.689852428189273
0.909999999999908,-13.473478578608582
0.9109999999999079,-6.3646129439825625
0.9119999999999078,1.6384622109263633
0.9129999999999077,9.411822145425122
0.9139999999999076,15.863706405057673
0.9149999999999074,20.08786144783766
0.9159999999999073,21.490878218305188
0.9169999999999072,19.875609607209356
0.9179999999999071,15.468911511633797
0.918999999999907,8.88978308644906
0.9199999999999069,1.062380135377135
0.9209999999999068,-6.913854150384061
0.9219999999999067,-13.918661094370966
0.9229999999999066,-18.96831439898027
0.9239999999999065,-21.35373915598492
0.9249999999999063,-20.740026665586083
0.9259999999999062,-17.213407923318275
0.9269999999999061,-11.269122886067674
0.927999999999906,-3.741899942264677
0.9289999999999059,4.311209222483398
0.9299999999999058,11.759221895288903
0.9309999999999057,17.55603910411958
0.9319999999999056,20.887393133070425
0.9329999999999055,21.28527525506431
0.9339999999999054,18.693736662863948
0.9349999999999052,13.476782849863916
0.9359999999999051,6.3672329098701335
0.936999999999905,-1.636264343571137
0.9379999999999049,-9.409560237623166
0.9389999999999048,-15.860933798216514
0.9399999999999047,-20.084412559665182
0.9409999999999046,-21.48695758701976
0.9419999999999045,-19.871680392932166
0.9429999999999044,-15.465444077808923
0.9439999999999042,-8.886999935060249
0.9449999999999041,-1.0601351859971204
0.945999999999904,6.915996866552887
0.9469999999999039,13.921192177953634
0.9479999999999038,18.971514696484416
0.9489999999999037,21.357529160762045
0.9499999999999036,20.744010803165004
0.9509999999999035,17.21708919505832
0.9519999999999034,11.272171177539253
0.9529999999999033,3.7443285800985837
0.9539999999999031,-4.309053925936027
0.954999999999903,-11.756851641888465
0.9559999999999029,-17.553090712177436
0.9569999999999028,-20.883826302119406
0.9579999999999027,-21.281393513556583
0.9589999999999026,-18.690020284616907
0.9599999999999025,-13.473624709508988
0.9609999999999024,-6.36472106680189
0.9619999999999023,1.6383987353976512
0.9629999999999022,9.411800701403095
0.963999999999902,15.863718425214026
0.9649999999999019,20.087896579357285
0.9659999999999018,21.490927167694103
0.9669999999999017,19.875664521154437
0.9679999999999016,15.468964352523503
0.9689999999999015,8.88982371609919
0.9699999999999014,1.0623960264272032
0.9709999999999013,-6.913875614814446
0.9719999999999012,-13.918728361996598
0.972999999999901,-18.9684274908903
0.973999999999901,-21.353887683576325
0.9749999999999008,-20.740191478296897
0.9759999999999007,-17.213566052601063
0.9769999999999006,-11.26925386550698
0.9779999999999005,-3.741990935392108
0.9789999999999004,4.311161430026518
0.9799999999999003,11.759212422110068
0.9809999999999002,17.556058732899654
0.9819999999999001,20.88743211409274
0.9829999999999,21.285325267941385
0.9839999999998998,18.693790350777846
0.9849999999998997,13.476831887251281
0.9859999999998996,6.367266486782624
0.9869999999998995,-1.636258955250928
0.9879999999998994,-9.409594609467538
0.9889999999998993,-15.861013904919302
0.9899999999998992,-20.08453513523941
0.9909999999998991,-21.487109317744782
0.991999999999899,-19.87184074910008
0.9929999999998989,-15.465590863499674
0.9939999999998987,-8.88711532786717
0.9949999999998986,-1.0602098319233688
0.9959999999998985,6.915963141921977
0.9969999999998984,13.921192815897648
0.9979999999998983,18.9715403288772
0.9989999999998982,21.35757083872775
0.9999999999998981,20.74406104921661
1.0009999999999002,17.217140684166644
1.0019999999999023,11.272215428749503
1.0029999999999044,3.744354933664298
1.0039999999999065,-4.309057549413741
1.0049999999999086,-11.75689541277893
1.0059999999999107,-17.55317866950118
1.0069999999999129,-20.88395323828955
1.007999999999915,-21.2815450330535
1.008999999999917,-18.6901762318627
1.0099999999999192,-13.473764806181828
1.0109999999999213,-6.364830321653991
1.0119999999999234,1.6383270014222813
1.0129999999999255,9.41176524251939
1.0139999999999276,15.863713148374105
1.0149999999999297,20.08791437723808
1.0159999999999318,21.490962388375753
1.016999999999934,19.875712941599765
1.017999999999936,15.469021074068571
1.0189999999999382,8.889880670338933
1.0199999999999403,1.0624410621713711
1.0209999999999424,-6.913856955290533
1.0219999999999445,-13.918748795910686
1.0229999999999466,-18.968493453030295
1.0239999999999487,-21.353996493810318
1.0249999999999508,-20.740331679693803
1.025999999999953,-17.213720846930055
1.026999999999955,-11.269406067836616
1.0279999999999572,-3.742127190881841
1.0289999999999593,4.311048918721134
1.0299999999999614,11.759127005154896
1.0309999999999635,17.55600207372855
1.0319999999999656,20.887406577666788
1.0329999999999677,21.285334228975003
1.0339999999999698,18.69383599877565
1.034999999999972,13.47691165236087
1.035999999999974,6.367370167285391
1.0369999999999762,-1.636149451143357
1.0379999999999783,-9.409502215958742
1.0389999999999804,-15.860960986872197
1.0399999999999825,-20.084537837257535
1.0409999999999846,-21.48717391230537
1.0419999999999867,-19.87196322010112
1.0429999999999888,-15.465759393323834
1.043999999999991,-8.887314062905604
1.044999999999993,-1.0604219595817448
1.0459999999999952,6.9157542165866275
1.0469999999999973,13.921004012445048
1.0479999999999994,18.97138974793133
1.0490000000000015,21.357477186123706
1.0500000000000036,20.744040643891182
1.0510000000000057,17.21720270381549
1.0520000000000078,11.272356238676082
1.05300000000001,3.744555506353434
1.054000000000012,-4.308829626565078
1.0550000000000141,-11.756680149214606
1.0560000000000163,-17.5530155897693
1.0570000000000184,-20.883873736989262
1.0580000000000205,-21.281567154951016
1.0590000000000226,-18.690303073881804
1.0600000000000247,-13.473985881657265
1.0610000000000268,-6.365124443934123
1.062000000000029,1.637988931596238
1.063000000000031,9.411418152047252
1.0640000000000331,15.863395901541708
1.0650000000000353,20.087666845504334
1.0660000000000374,21.490820523519236
1.0670000000000395,19.875702015101858
1.0680000000000416,15.46914869184509
1.0690000000000437,8.890132067833266
1.0700000000000458,1.0627789119766997
1.071000000000048,-6.913487319708524
1.07200000000005,-13.918409700179708
1.0730000000000521,-18.96824331445086
1.0740000000000542,-21.35387950455241
1.0750000000000564,-20.74037119592109
1.0760000000000585,-17.21391736562401
1.0770000000000606,-11.269739041336289
1.0780000000000627,-3.7425590515513907
1.0790000000000648,4.310568015647858
1.080000000000067,11.758654330765244
1.081000000000069,17.5555969984184
1.0820000000000711,20.887124085662144
1.0830000000000732,21.285217071649907
1.0840000000000753,18.693906449086732
1.0850000000000775,13.477164922423913
1.0860000000000796,6.367771949429395
1.0870000000000817,-1.6356595839865364
1.0880000000000838,-9.409001548109531
1.089000000000086,-15.860530460775161
1.090000000000088,-20.08424813405392
1.0910000000000901,-21.487074107315596
1.0920000000000922,-19.872074166053007
1.0930000000000943,-15.466072318975453
1.0940000000000965,-8.887793386127163
1.0950000000000986,-1.061010700998922
1.0960000000001007,6.915127740636582
1.0970000000001028,13.920418717179883
1.098000000000105,18.970923285706583
1.099000000000107,21.357196167899815
1.1000000000001091,20.74399011431312
1.1010000000001112,17.217396642892197
1.1020000000001133,11.272771740721943
1.1030000000001154,3.7451331101021044
1.1040000000001176,-4.308178324103562
1.1050000000001197,-11.756058510764731
1.1060000000001218,-17.552524476189145
1.1070000000001239,-20.883594499126026
1.108000000000126,-21.281548711436546
1.109000000000128,-18.690555262053117
1.1100000000001302,-13.474479429900013
1.1110000000001323,-6.365796381085031
1.1120000000001344,1.6372262613117974
1.1130000000001365,9.410666012625098
1.1140000000001387,15.862756898998468
1.1150000000001408,20.087231909205165
1.1160000000001429,21.490655821116633
1.117000000000145,19.875837363316876
1.118000000000147,15.469569821067946
1.1190000000001492,8.890779287232922
1.1200000000001513,1.0635538471704322
1.1210000000001534,-6.912707114110517
1.1220000000001555,-13.917750675828362
1.1230000000001576,-18.967814526135076
1.1240000000001598,-21.35375443108653
1.1250000000001619,-20.740576374909246
1.126000000000164,-17.214429472406046
1.127000000000166,-11.270489917716684
1.1280000000001682,-3.7434466975089635
1.1290000000001703,4.3096649420509685
1.1300000000001724,11.757860567119707
1.1310000000001745,17.55502466058333
1.1320000000001766,20.88685758272452
1.1330000000001788,21.285300182474646
1.1340000000001809,18.694333402082034
1.135000000000183,13.477877739855328
1.136000000000185,6.368665945565425
1.1370000000001872,-1.6347216663725699
1.1380000000001893,-9.408168403682728
1.1390000000001914,-15.85993781443361
1.1400000000001935,-20.083995968846853
1.1410000000001956,-21.4872101883914
1.1420000000001977,-19.872586906354986
1.1430000000001999,-15.466893679804096
1.144000000000202,-8.88881030399438
1.145000000000204,-1.0620822015501004
1.1460000000002062,6.914150809768607
1.1470000000002083,13.91967384006249
1.1480000000002104,18.970518086034005
1.1490000000002125,21.35719326616494
1.1500000000002146,20.744396568828666
1.1510000000002167,17.218159841186882
1.1520000000002188,11.273783551979522
1.153000000000221,3.746243196833629
1.154000000000223,-4.307140937460435
1.1550000000002252,-11.755258702731664
1.1560000000002273,-17.552093961565316
1.1570000000002294,-20.88360980019984
1.1580000000002315,-21.28201854540402
1.1590000000002336,-18.691419511780552
1.1600000000002357,-13.475619225549638
1.1610000000002378,-6.367052657106377
1.16200000000024,1.6360294515805025
1.163000000000242,9.409697084444163
1.1640000000002442,15.862154124896751
1.1650000000002463,20.087084680062
1.1660000000002484,21.490991408090704
1.1670000000002505,19.876614771807727
1.1680000000002526,15.4706823031756
1.1690000000002547,8.892066531804906
1.1700000000002568,1.0648234880414844
1.171000000000259,-6.9116510671283224
1.172000000000261,-13.917076926599758
1.1730000000002632,-18.967636768727203
1.1740000000002653,-21.354112259771647
1.1750000000002674,-20.741428537984728
1.1760000000002695,-17.215660460694963
1.1770000000002716,-11.271928083584633
1.1780000000002737,-3.7448901003122534
1.1790000000002758,4.308419517590558
1.180000000000278,11.756989585387652
1.18100000000028,17.55465398519393
1.1820000000002822,20.887045031780854
1.1830000000002843,21.286026146737093
1.1840000000002864,18.695500902915104
1.1850000000002885,13.479322885098078
1.1860000000002906,6.370178733769918
1.1870000000002927,-1.6333679710780544
1.1880000000002948,-9.407183194192225
1.189000000000297,-15.859479941934122
1.190000000000299,-20.084147560247004
1.1910000000003012,-21.487962594164095
1.1920000000003033,-19.873841466995376
1.1930000000003054,-15.468476901197187
1.1940000000003075,-8.890500233463374
1.1950000000003096,-1.0636410834343184
1.1960000000003117,6.912942865346813
1.1970000000003138,13.918988697878905
1.198000000000316,18.970456243676406
1.199000000000318,21.357769537586528
1.2000000000003201,20.745536262738426
1.2010000000003223,17.219706342285914
1.2020000000003244,11.27551740207979
1.2030000000003265,3.74791137518114
1.2040000000003286,-4.305788770950326
1.2050000000003307,-11.754432199944013
1.2060000000003328,-17.551928725318618
1.207000000000335,-20.884144877771515
1.208000000000337,-21.28318916881731
1.2090000000003391,-18.69306646883028
1.2100000000003412,-13.477512929769274
1.2110000000003434,-6.3689273394670165
1.2120000000003455,1.6344373239153254
1.2130000000003476,9.408611951658461
1.2140000000003497,15.861730728915088
1.2150000000003518,20.08738696276438
1.216000000000354,21.49198291893608
1.217000000000356,19.878161666851323
1.2180000000003581,15.47256916752198
1.2190000000003602,8.894024087702146
1.2200000000003624,1.066565559669272
1.2210000000003645,-6.9103859532798575
1.2220000000003666,-13.916485595808442
1.2230000000003687,-18.967819984833596
1.2240000000003708,-21.355057725468967
1.225000000000373,-20.74301165060625
1.226000000000375,-17.21766272251477
1.2270000000003771,-11.274069706308135
1.2280000000003792,-3.7468709956648
1.2290000000003813,4.3068770116575195
1.2300000000003835,11.756102324853131
1.2310000000003856,17.55454863799691
1.2320000000003877,20.887740721193946
1.2330000000003898,21.287430766970292
1.234000000000392,18.697421646972284
1.235000000000394,13.481490399352966
1.2360000000003961,6.3722828400717635
1.2370000000003982,-1.6316349207592045
1.2380000000004003,-9.406081169792293
1.2390000000004024,-15.859181373943187
1.2400000000004046,-20.084709735457388
1.2410000000004067,-21.489317509252384
1.2420000000004088,-19.875805194245846
1.2430000000004109,-15.470776814801734
1.244000000000413,-8.892815212011447
1.245000000000415,-1.0656478714579214
1.2460000000004172,6.911524280137314
1.2470000000004193,13.918356827206106
1.2480000000004214,18.970701391012973
1.2490000000004235,21.358861306260177
1.2500000000004257,20.747326457995502
1.2510000000004278,17.221947167759
1.2520000000004299,11.277893476493114
1.253000000000432,3.750082383510877
1.254000000000434,-4.304139929063658
1.2550000000004362,-11.75355259211495
1.2560000000004383,-17.551957441918454
1.2570000000004404,-20.88509067441961
1.2580000000004425,-21.28492793831414
1.2590000000004447,-18.695359179288047
1.2600000000004468,-13.480040874567962
1.2610000000004489,-6.371338587640131
1.262000000000451,1.6324778273020764
1.263000000000453,9.407375997234638
1.2640000000004552,15.861390140108574
1.2650000000004573,20.08799064568514
1.2660000000004594,21.493449886163166
1.2670000000004615,19.88029068988682
1.2680000000004636,15.475064279971212
1.2690000000004658,8.896533568968662
1.2700000000004679,1.0687301469687591
1.27100000000047,-6.908881804282901
1.272000000000472,-13.915866957629488
1.2730000000004742,-18.968186902341927
1.2740000000004763,-21.3563690207099
1.2750000000004784,-20.745090187671362
1.2760000000004805,-17.22022133078959
1.2770000000004826,-11.276753250448518
1.2780000000004847,-3.7493075144783767
1.2790000000004869,4.3050240869168634
1.280000000000489,11.755088202164268
1.281000000000491,17.55451309166551
1.2820000000004932,20.888689539183492
1.2830000000004953,21.289234470316238
1.2840000000004974,18.699831611390174
1.2850000000004995,13.484170933453445
1.2860000000005016,6.374855994175441
1.2870000000005037,-1.6295370311444273
1.2880000000005059,-9.40476356074727
1.289000000000508,-15.858840935096712
1.29000000000051,-20.085405076752586
1.2910000000005122,-21.490959307458308
1.2920000000005143,-19.87816890858473
1.2930000000005164,-15.473535607701377
1.2940000000005185,-8.895587422524258
1.2950000000005206,-1.0680512861374514
1.2960000000005227,6.9098195102230955
1.2970000000005248,13.917583720409327
1.298000000000527,18.970965339907163
1.299000000000529,21.360126121893188
1.3000000000005312,20.74941856635861
1.3010000000005333,17.22457760411478
1.3020000000005354,11.280695607203404
1.3030000000005375,3.752661339961497
1.3040000000005396,-4.302152163507767
1.3050000000005417,-11.752444143924256
1.3060000000005438,-17.551893818274564
1.307000000000546,-20.886089551086716
1.308000000000548,-21.2868559552259
1.3090000000005502,-18.697951385777603
1.3100000000005523,-13.482939447925915
1.3110000000005544,-6.374144286247906
1.3120000000005565,1.630149627328843
1.3130000000005586,9.405842765555203
1.3140000000005607,15.86085989240912
1.3150000000005628,20.08853465152849
1.316000000000565,21.494993143735204
1.317000000000567,19.88262111154591
1.3180000000005692,15.47785981183475
1.3190000000005713,8.899404602796377
1.3200000000005734,1.0712724897582917
1.3210000000005755,-6.907030189088164
1.3220000000005776,-13.914973637029762
1.3230000000005797,-18.968385391981712
1.3240000000005818,-21.35763863345266
1.325000000000584,-20.74725883942625
1.326000000000586,-17.22299079142744
1.3270000000005882,-11.279742445381258
1.3280000000005903,-3.752106709769595
1.3290000000005924,4.302796520473472
1.3300000000005945,11.753734302304343
1.3310000000005966,17.554215422679718
1.3320000000005987,20.889487281690688
1.3330000000006008,21.291017924065997
1.334000000000603,18.70235577451335
1.335000000000605,13.487087019573318
1.3360000000006071,6.377757716161619
1.3370000000006093,-1.6270578100296156
1.3380000000006114,-9.403059226202084
1.3390000000006135,-15.858157132014773
1.3400000000006156,-20.085844530937454
1.3410000000006177,-21.49246655161027
1.3420000000006198,-19.880538477208894
1.343000000000622,-15.47644215305346
1.344000000000624,-8.898632545687423
1.3450000000006261,-1.0708195175317783
1.3460000000006282,6.907703859356234
1.3470000000006304,13.916406385127049
1.3480000000006325,18.97088455234901
1.3490000000006346,21.361151745990185
1.3500000000006367,20.751410151536767
1.3510000000006388,17.227261821754812
1.352000000000641,11.283701605722086
1.353000000000643,3.7555703302235113
1.3540000000006451,-4.299749130726991
1.3550000000006472,-11.750888191922883
1.3560000000006494,-17.55140886781672
1.3570000000006515,-20.88674954836775
1.3580000000006536,-21.288574140442392
1.3590000000006557,-18.700493246102862
1.3600000000006578,-13.485956906728553
1.36100000000066,-6.3772253009390445
1.362000000000662,1.6274238452592227
1.3630000000006641,9.403841056517665
1.3640000000006662,15.859852222565902
1.3650000000006683,20.088656604046207
1.3660000000006705,21.496227705630616
1.3670000000006726,19.884799889865533
1.3680000000006747,15.480683992061598
1.3690000000006768,8.902483853464872
1.370000000000679,1.0741775795424084
1.371000000000681,-6.904707746691877
1.3720000000006831,-13.913563422375718
1.3730000000006852,-18.96809040211658
1.3740000000006873,-21.358505806733362
1.3750000000006894,-20.74917253966344
1.3760000000006916,-17.225690031806245
1.3770000000006937,-11.282858630376392
1.3780000000006958,-3.75521559550352
1.379000000000698,4.3001165425147825
1.3800000000007,11.751845588398513
1.381000000000702,17.55337312546574
1.3820000000007042,20.88980554134133
1.3830000000007063,21.292454021830167
1.3840000000007084,18.704714352145
1.3850000000007106,13.490044523339375
1.3860000000007127,6.38090487766845
1.3870000000007148,-1.6241603065490053
1.3880000000007169,-9.400819258227736
1.389000000000719,-15.856892854134998
1.390000000000721,-20.08573841573774
1.3910000000007232,-21.49353913824525
1.3920000000007253,-19.88264589422817
1.3930000000007274,-15.479297383265203
1.3940000000007295,-8.901846534870996
1.3950000000007317,-1.0739554516498986
1.3960000000007338,6.905071069201361
1.3970000000007359,13.914633280421333
1.398000000000738,18.970211831078615
1.39900000000074,21.361671928140698
1.4000000000007422,20.753054061472582
1.4010000000007443,17.22980597597544
1.4020000000007464,11.286796443100405
1.4030000000007485,3.7587865904439437
1.4040000000007506,-4.29686145452357
1.4050000000007528,-11.748736430666812
1.4060000000007549,-17.550299297177393
1.407000000000757,-20.88684324011932
1.408000000000759,-21.289864030047156
1.4090000000007612,-18.702805769321486
1.4100000000007633,-13.488977388623079
1.4110000000007654,-6.3805425780666924
1.4120000000007675,1.6242605820996692
1.4130000000007696,9.401261243508538
1.4140000000007718,15.858206563895033
1.4150000000007739,20.088170225411382
1.416000000000776,21.49696932324679
1.417000000000778,19.886670925990703
1.4180000000007802,15.48342965570722
1.4190000000007823,8.905725768239666
1.4200000000007844,1.07746459664161
1.4210000000007865,-6.901836975410549
1.4220000000007886,-13.911515003364487
1.4230000000007907,-18.967156868520544
1.4240000000007929,-21.358824068667545
1.425000000000795,-20.750704625277717
1.426000000000797,-17.22822921283246
1.4270000000007992,-11.286059326139473
1.4280000000008013,-3.7586419255974777
1.4290000000008034,4.2969309200835015
1.4300000000008055,11.74933454497945
1.4310000000008076,17.551879944127364
1.4320000000008097,20.88953656826129
1.4330000000008118,21.293449719756104
1.434000000000814,18.706841732543747
1.435000000000816,13.493012777047568
1.4360000000008182,6.3843032391096575
1.4370000000008203,-1.620806681831858
1.4380000000008224,-9.397982805761485
1.4390000000008245,-15.854976211568378
1.4400000000008266,-20.08501651376002
1.4410000000008287,-21.49411981888002
1.4420000000008308,-19.88445497985402
1.443000000000833,-15.482089956103273
1.444000000000835,-8.905241992212472
1.4450000000008372,-1.0774905669029968
1.4460000000008393,6.901878844633827
1.4470000000008414,13.912220699329776
1.4480000000008435,18.968911001564656
1.4490000000008456,21.361664864693672
1.4500000000008477,20.75434639603576
1.4510000000008498,17.23222374383137
1.452000000000852,11.290007367638296
1.453000000000854,3.762344122403327
1.4540000000008562,-4.293456618804848
1.4550000000008583,-11.745965835667011
1.4560000000008604,-17.54855773255424
1.4570000000008625,-20.88638194111774
1.4580000000008646,-21.29075484661132
1.4590000000008667,-18.704931500635276
1.4600000000008688,-13.49204910590539
1.461000000000871,-6.384140604483436
1.462000000000873,1.6206285013476427
1.4630000000008752,9.398092818288967
1.4640000000008773,15.855937628067961
1.4650000000008794,20.087115533463148
1.4660000000008815,21.49727880012896
1.4670000000008836,19.88830717937453
1.4680000000008857,15.486170422855917
1.4690000000008878,8.909192076821487
1.47000000000089,1.0811718659794127
1.471000000000892,-6.898411400401742
1.4720000000008941,-13.908857505650301
1.4730000000008963,-18.96564764672976
1.4740000000008984,-21.35868247445712
1.4750000000009005,-20.751958057505554
1.4760000000009026,-17.23070986945414
1.4770000000009047,-11.289428576546037
1.4780000000009068,-3.7624379922329556
1.479000000000909,4.293229202622203
1.480000000000911,11.746236672167633
1.4810000000009131,17.549814513622167
1.4820000000009153,20.888792496073684
1.4830000000009174,21.29413537030263
1.4840000000009195,18.708867668879186
1.4850000000009216,13.496101319526181
1.4860000000009237,6.388024689041627
1.4870000000009258,-1.6169751954962117
1.488000000000928,-9.394583728756436
1.48900000000093,-15.852493963078814
1.4900000000009321,-20.08380772512414
1.4910000000009342,-21.494362151242736
1.4920000000009364,-19.88612213740602
1.4930000000009385,-15.484956113273826
1.4940000000009406,-8.908914207522699
1.4950000000009427,-1.081463808249622
1.4960000000009448,6.89815212045136
1.497000000000947,13.909255781839317
1.498000000000949,18.967120513384614
1.4990000000009511,21.36130156026754
1.5000000000009532,20.755466665954476
1.5010000000009553,17.234677211849178
1.5020000000009575,11.293455003656312
1.5030000000009596,3.7663035251927877
1.5040000000009617,-4.289544281549777
1.5050000000009638,-11.74265653217585
1.506000000000966,-17.54632470603304
1.507000000000968,-20.885547518645904
1.5080000000009701,-21.291444321383793
1.5090000000009722,-18.707055767165134
1.5100000000009743,-13.495317995163148
1.5110000000009765,-6.388104181235085
1.5120000000009786,1.6165171862205536
1.5130000000009807,9.394402439954527
1.5140000000009828,15.853180736537677
1.515000000000985,20.085678057468527
1.516000000000987,21.497365917902933
1.5170000000009891,19.889912890224853
1.5180000000009912,15.489075624418001
1.5190000000009933,8.91299251093953
1.5200000000009954,1.0853331296586246
1.5210000000009976,-6.89447890283429
1.5220000000009997,-13.90571438705703
1.5230000000010018,-18.963744804967277
1.5240000000010039,-21.358296167312858
1.525000000001006,-20.75315056255297
1.526000000001008,-17.233321221310774
1.5270000000010102,-11.293099883772378
1.5280000000010123,-3.7666621907122315
1.5290000000010144,4.289036836218198
1.5300000000010165,11.742658029359356
1.5310000000010187,17.547348728999793
1.5320000000010208,20.887786807376727
1.5330000000010229,21.29473577388003
1.534000000001025,18.710996311927136
1.535000000001027,13.499464564270601
1.5360000000010292,6.392151868217889
1.5370000000010313,-1.6126667968787902
1.5380000000010334,-9.39070646388479
1.5390000000010355,-15.849602018946728
1.5400000000010376,-20.082317229804993
1.5410000000010398,-21.494491376162973
1.5420000000010419,-19.88786064478988
1.543000000001044,-15.488066919823082
1.544000000001046,-8.912967881104755
1.5450000000010482,-1.085898893221178
1.5460000000010503,6.893951191435244
1.5470000000010524,13.905873893022909
1.5480000000010545,18.96503122354627
1.5490000000010566,21.360801000915203
1.5500000000010588,20.75663078844537
1.5510000000010609,17.23734866915157
1.552000000001063,11.297262444553404
1.553000000001065,3.77071173000498
1.5540000000010672,-4.285159685082342
1.5550000000010693,-11.738920222378146
1.5560000000010714,-17.543771854592286
1.5570000000010735,-20.884546661310402
1.5580000000010756,-21.292144581768916
1.5590000000010777,-18.709366064384167
1.5600000000010799,-13.498920685596522
1.561000000001082,-6.3925003714802715
1.562000000001084,1.6119377286844851
1.5630000000010862,9.390276737473917
1.5640000000010883,15.850084751841138
1.5650000000010904,20.084046948186813
1.5660000000010925,21.497432778227967
1.5670000000010946,19.89167435453652
1.5680000000010967,15.492289690473665
1.5690000000010988,8.917209937764014
1.570000000001101,1.0899590586000418
1.571000000001103,-6.890101215514055
1.5720000000011052,-13.902209715970374
1.5730000000011073,-18.961616020673034
1.5740000000011094,-21.357851877158442
1.5750000000011115,-20.754461148809032
1.5760000000011136,-17.236209426884024
1.5770000000011157,-11.297166625843225
1.5780000000011178,-3.7713431205701324
1.57900000000112,4.284392526482769
1.580000000001122,11.738697536453552
1.5810000000011242,17.54462625299736
1.5820000000011263,20.886686465532986
1.5830000000011284,21.295416989309654
1.5840000000011305,18.713369372408877
1.5850000000011326,13.503200518512898
1.5860000000011347,6.396726468276972
1.5870000000011368,-1.6079003600083612
1.588000000001139,-9.386425963146072
1.589000000001141,-15.846419073414214
1.5900000000011432,-20.080689274730236
1.5910000000011453,-21.494656031260767
1.5920000000011474,-19.88980214027995
1.5930000000011495,-15.491519037353648
1.5940000000011516,-8.917452230673431
1.5950000000011537,-1.0907923445642567
1.5960000000011558,6.889329757163341
1.597000000001158,13.902169388257187
1.59800000000116,18.962763120247324
1.5990000000011622,21.36029069934059
1.6000000000011643,20.75795533941166
1.6010000000011664,17.240327621908865
1.6020000000011685,11.30148056260621
1.6030000000011706,3.775575468069569
1.6040000000011727,-4.280339143058399
1.6050000000011748,-11.734829005816954
1.606000000001177,-17.54099496726594
1.607000000001179,-20.883483895388682
1.6080000000011812,-21.29295340254024
1.6090000000011833,-18.71193968963353
1.6100000000011854,-13.502903970983425
1.6110000000011875,-6.3973404380016685
1.6120000000011896,1.6069139336532277
1.6130000000011917,9.385768983781093
1.6140000000011938,15.846722788222543
1.615000000001196,20.08230316846846
1.616000000001198,21.497555767567267
1.6170000000012001,19.89365242308467
1.6180000000012023,15.495850016116123
1.6190000000012044,8.92185443996231
1.6200000000012065,1.0950329735568913
1.6210000000012086,-6.8853171773035635
1.6220000000012107,-13.898396802278315
1.6230000000012128,-18.959319695144703
1.624000000001215,-21.35740361126305
1.625000000001217,-20.755931353241003
1.6260000000012191,-17.23939809155754
1.6270000000012212,-11.301632346442819
1.6280000000012234,-3.7764655968535785
1.6290000000012255,4.279325838428445
1.6300000000012276,11.734392701655873
1.6310000000012297,17.541685242327834
1.6320000000012318,20.885523436215063
1.633000000001234,21.29619957562843
1.634000000001236,18.715993241902453
1.6350000000012381,13.507301463469766
1.6360000000012402,6.401729384956453
1.6370000000012424,-1.602701602162195
1.6380000000012445,-9.381768705049021
1.6390000000012466,-15.84296657295622
1.6400000000012487,-20.078935643213015
1.6410000000012508,-21.494855642221918
1.642000000001253,-19.891933826039626
1.643000000001255,-15.495289829717487
1.6440000000012571,-8.922339366246485
1.6450000000012592,-1.0961168539146733
1.6460000000012613,6.884308554216287
1.6470000000012635,13.898151437417027
1.6480000000012656,18.96031080388635
1.6490000000012677,21.359750336492382
1.6500000000012698,20.759407580625815
1.651000000001272,17.243573949682812
1.652000000001274,11.306068645405988
1.6530000000012761,3.7808608489406836
1.6540000000012782,-4.275102975896026
1.6550000000012803,-11.730384782417863
1.6560000000012824,-17.53797553129916
1.6570000000012846,-20.882321677804043
1.6580000000012867,-21.293818934768595
1.6590000000012888,-18.714717956950565
1.6600000000012909,-13.507211454125592
1.661000000001293,-6.402579637251037
1.662000000001295,1.6014708162723745
1.6630000000012972,9.38087907531728
1.6640000000012993,15.843067942767448
1.6650000000013014,20.08039551772183
1.6660000000013035,21.49766589122551
1.6670000000013057,19.895769980859814
1.6680000000013078,15.499682834609008
1.6690000000013099,8.926867142306541
1.670000000001312,1.1005207045609442
1.671000000001314,-6.880129774551443
1.6720000000013162,-13.894245454341748
1.6730000000013183,-18.956795444939207
1.6740000000013204,-21.35686850694715
1.6750000000013225,-20.757467282584233
1.6760000000013247,-17.242795877907305
1.6770000000013268,-11.306422006796703
1.6780000000013289,-3.7819827042518317
1.679000000001331,4.273847511222105
1.680000000001333,11.72971515195867
1.6810000000013352,17.538461006633153
1.6820000000013373,20.884205005355327
1.6830000000013394,21.296975519286168
1.6840000000013415,18.718759995838806
1.6850000000013436,13.511675400342776
1.6860000000013458,6.407098488017839
1.6870000000013479,-1.5970928552714354
1.68800000000135,-9.376712879101563
1.689000000001352,-15.83918058542511
1.6900000000013542,-20.07695852059112
1.6910000000013563,-21.49497190052925
1.6920000000013584,-19.894133587040322
1.6930000000013605,-15.499270986956615
1.6940000000013626,-8.927550760702955
1.6950000000013647,-1.101835652344537
1.6960000000013669,6.878876447377025
1.697000000001369,13.89376169117464
1.698000000001371,18.957576260060737
1.6990000000013732,21.35905565968167
1.7000000000013753,20.760854467694916
1.7010000000013774,17.24696480792941
1.7020000000013795,11.310931848116654
1.7030000000013816,3.786515036021982
1.7040000000013837,-4.269453874290272
1.7050000000013859,-11.7255390794087
1.706000000001388,-17.534620241192687
1.70700000000139,-20.880934714058146
1.7080000000013922,-21.294601465317847
1.7090000000013943,-18.717566545507033
1.7100000000013964,-13.511733426891867
1.7110000000013985,-6.408148734117738
1.7120000000014006,1.5956269453709546
1.7130000000014027,9.375571895814709
1.7140000000014048,15.839036053425795
1.715000000001407,20.078202468124978
1.716000000001409,21.4976213397137
1.7170000000014112,19.89788500019021
1.7180000000014133,15.503666077669928
1.7190000000014154,8.932163335274627
1.7200000000014175,1.1063870217648526
1.7210000000014196,-6.874519660636197
1.7220000000014217,-13.889684414618277
1.7230000000014238,-18.95393015395293
1.724000000001426,-21.356107594511073
1.725000000001428,-20.758923785826454
1.7260000000014302,-17.24627198613468
1.7270000000014323,-11.311437625309303
1.7280000000014344,-3.78784305536994
1.7290000000014365,4.267955203157052
1.7300000000014386,11.724609319747376
1.7310000000014407,17.53485279690384
1.7320000000014428,20.88259965447141
1.733000000001445,21.297601232362094
1.734000000001447,18.72153428249445
1.7350000000014492,13.516214227488712
1.7360000000014513,6.4127679536567745
1.7370000000014534,-1.5910887292044427
1.7380000000014555,-9.371220255881987
1.7390000000014576,-15.834975893247961
1.7400000000014597,-20.074638128033264
1.7410000000014618,-21.494867641676553
1.742000000001464,-19.896266315144715
1.743000000001466,-15.503348389675036
1.7440000000014682,-8.93300903457707
1.7450000000014703,-1.1079184822093413
1.7460000000014724,6.873012959280726
1.7470000000014745,13.888932513661779
1.7480000000014766,18.954454855279174
1.7490000000014787,21.358080250762765
1.7500000000014808,20.762165834810066
1.751000000001483,17.250384548684114
1.752000000001485,11.31598494884274
1.7530000000014871,3.7924945782754933
1.7540000000014893,-4.263388254303145
1.7550000000014914,-11.720242718758968
1.7560000000014935,-17.530842130841727
1.7570000000014956,-20.879211185975542
1.7580000000014977,-21.295180455160178
1.7590000000014998,-18.720373178594645
1.760000000001502,-13.516381300450542
1.761000000001504,-6.413994563203845
1.7620000000015061,1.5893935767080036
1.7630000000015082,9.369816333363039
1.7640000000015104,15.834559117312033
1.7650000000015125,20.075629606191125
1.7660000000015146,21.497315158104563
1.7670000000015167,19.89989319218208
1.7680000000015188,15.507712487161614
1.769000000001521,8.93768431787526
1.770000000001523,1.1126089396906698
1.7710000000015251,-6.8684721743766195
1.7720000000015272,-13.884664759277767
1.7730000000015294,-18.95064866595298
1.7740000000015315,-21.355030859323538
1.7750000000015336,-20.760208981631827
1.7760000000015357,-17.24974539054668
1.7770000000015378,-11.31661971220102
1.77800000000154,-3.794015923841238
1.779000000001542,4.261647964977576
1.7800000000015441,11.719044197380347
1.7810000000015462,17.530805256284648
1.7820000000015483,20.880636480116927
1.7830000000015505,21.298000769626633
1.7840000000015526,18.724245756290237
1.7850000000015547,13.520862472036567
1.7860000000015568,6.418703857430287
1.787000000001559,-1.584698309939732
1.788000000001561,-9.365275435251776
1.7890000000015631,-15.830316323121359
1.7900000000015652,-20.071923845959358
1.7910000000015673,-21.494485667741333
1.7920000000015694,-19.89827642246016
1.7930000000015716,-15.507475389443243
1.7940000000015737,-8.938681981514263
1.7950000000015758,-1.1143506258230864
1.796000000001578,6.866714950724038
1.79700000000158,13.883645032035272
1.798000000001582,18.950916060994835
1.7990000000015842,21.356787180077077
1.8000000000015863,20.763303901525994
1.8010000000015884,17.25379954782969
1.8020000000015906,11.321202274517539
1.8030000000015927,3.7987839276848723
1.8040000000015948,-4.256911092058525
1.8050000000015969,-11.714491202290825
1.806000000001599,-17.52662945895047
1.807000000001601,-20.877134930389794
1.8080000000016032,-21.295538164748848
1.8090000000016053,-18.723120926315506
1.8100000000016074,-13.521140559568359
1.8110000000016095,-6.420105731254132
1.8120000000016117,1.5827790834804154
1.8130000000016138,9.363618398004705
1.8140000000016159,15.82964164272139
1.815000000001618,20.072680642801267
1.81600000000162,21.496750518623045
1.8170000000016222,19.90179685527695
1.8180000000016243,15.511822587691212
1.8190000000016264,8.943427581554568
1.8200000000016285,1.1191796412328763
1.8210000000016306,-6.861999323371461
1.8220000000016328,-13.879203789518044
1.8230000000016349,-18.94697263085243
1.824000000001637,-21.353662229303893
1.825000000001639,-20.76134603442773
1.8260000000016412,-17.253234865182847
1.8270000000016433,-11.32197900547111
1.8280000000016454,-3.800501006098655
1.8290000000016475,4.254938870710844
1.8300000000016496,11.713045587863453
1.8310000000016518,17.526354858638648
1.8320000000016539,20.878358622932172
1.833000000001656,21.29821839613092
1.834000000001658,18.72693343471155
1.8350000000016602,13.525647622122216
1.8360000000016623,6.424916965016259
1.8370000000016644,-1.577930738094362
1.8380000000016665,-9.358907952663783
1.8390000000016686,-15.825249277952754
1.8400000000016707,-20.068875528049162
1.8410000000016729,-21.49389056632635
1.842000000001675,-19.900224206737693
1.843000000001677,-15.511698933178144
1.8440000000016792,-8.94459546510318
1.8450000000016813,-1.1211317141448462
1.8460000000016834,6.8600106475428735
1.8470000000016855,13.87795296266119
1.8480000000016876,18.947032837373833
1.8490000000016897,21.355259224573217
1.8500000000016918,20.764349870077872
1.851000000001694,17.25727765179317
1.852000000001696,11.32662786065999
1.8530000000016982,3.80539578597003
1.8540000000017003,-4.250044359085936
1.8550000000017024,-11.708339638633644
1.8560000000017045,-17.522064056213182
1.8570000000017066,-20.874803924035017
1.8580000000017087,-21.295775344178846
1.8590000000017108,-18.72589897824698
1.860000000001713,-13.526075591148272
1.861000000001715,-6.42651164596768
1.8620000000017172,1.5757945490462089
1.8630000000017193,9.357029537471714
1.8640000000017214,15.824369493397711
1.8650000000017235,20.069464748776976
1.8660000000017256,21.496045065367724
1.8670000000017277,19.903705572758675
1.8680000000017298,15.516082003251935
1.869000000001732,8.949441844121461
1.870000000001734,1.1261029007119374
1.8710000000017362,-6.855144100236043
1.8720000000017383,-13.873386433055032
1.8730000000017404,-18.943017934978794
1.8740000000017425,-21.352132843413894
1.8750000000017446,-20.76246303869556
1.8760000000017467,-17.256847140861595
1.8770000000017488,-11.327585167455398
1.878000000001751,-3.8073201270131496
1.879000000001753,4.247858104606875
1.8800000000017552,11.706692513383915
1.8810000000017573,17.521619247983892
1.8820000000017594,20.87590640704475
1.8830000000017615,21.298397618700452
1.8840000000017636,18.729723677653954
1.8850000000017657,13.53066062370579
1.8860000000017678,6.431449256419429
1.88700000000177,-1.5707998128466967
1.888000000001772,-9.352186368230672
1.8890000000017741,-15.819889241390177
1.8900000000017763,-20.065638059713404
1.8910000000017784,-21.493237531371104
1.8920000000017805,-19.902253308318436
1.8930000000017826,-15.516130575552555
1.8940000000017847,-8.95081270531585
1.8950000000017868,-1.1282670456229011
1.896000000001789,6.852954142374899
1.897000000001791,13.871962831570137
1.8980000000017931,18.942949651847417
1.8990000000017953,21.353658747696798
1.9000000000017974,20.765461197367426
1.9010000000017995,17.260949070445996
1.9020000000018016,11.332345977459852
1.9030000000018037,3.8123561351677635
1.9040000000018058,-4.24282454915156
1.905000000001808,-11.701882355307339
1.90600000000181,-17.517285197470475
1.9070000000018121,-20.872383025393997
1.9080000000018142,-21.29605930090343
1.9090000000018164,-18.728853450495567
1.9100000000018185,-13.531290534706317
1.9110000000018206,-6.433259515070689
1.9120000000018227,1.5684566622528775
1.9130000000018248,9.350128279775367
1.914000000001827,15.818872206903896
1.915000000001829,20.066144370763567
1.9160000000018311,21.49537132554593
1.9170000000018332,19.90577762055523
1.9180000000018353,15.520612372149037
1.9190000000018375,8.955794847511601
1.9200000000018396,1.133382893974053
1.9210000000018417,-6.847966587615049
1.9220000000018438,-13.867328631404458
1.923000000001846,-18.938940065345495
1.924000000001848,-21.350615813043362
1.9250000000018501,-20.763726308063884
1.9260000000018522,-17.260718275259503
1.9270000000018543,-11.333524834144379
1.9280000000018565,-3.8144983441561027
1.9290000000018586,4.240445618542918
1.9300000000018607,11.700084167689917
1.9310000000018628,17.516742729877222
1.932000000001865,20.87344878009879
1.933000000001867,21.298708135621595
1.9340000000018691,18.732763015785203
1.9350000000018712,13.53600428204831
1.9360000000018733,6.438345512479754
1.9370000000018754,-1.563324818843284
1.9380000000018776,-9.345190995869181
1.9390000000018797,-15.814365915563714
1.9400000000018818,-20.062371977339723
1.9410000000018839,-21.492695132060604
1.942000000001886,-19.90451653498382
1.943000000001888,-15.520885953207609
1.9440000000018902,-8.957396159645299
1.9450000000018923,-1.135757521486237
1.9460000000018944,6.8456057080284225
1.9470000000018965,13.865787068911331
1.9480000000018987,18.938814790849044
1.9490000000019008,21.352148679129634
1.9500000000019029,20.76679237896554
1.951000000001905,17.264938206749566
1.952000000001907,11.338433745518664
1.9530000000019092,3.8196844782422823
1.9540000000019113,-4.23529186827087
1.9550000000019134,-11.695212908922764
1.9560000000019155,-17.51242597689546
1.9570000000019177,-20.870025640560772
1.9580000000019198,-21.29654190192745
1.9590000000019219,-18.732113321819654
1.960000000001924,-13.5368736507832
1.961000000001926,-6.4403850483811205
1.9620000000019282,1.5607865066414517
1.9630000000019303,9.342988663463672
1.9640000000019324,15.813265522019885
1.9650000000019345,20.062859984901813
1.9660000000019366,21.494874334132543
1.9670000000019388,19.90814210736603
1.9680000000019409,15.525508990037865
1.969000000001943,8.962535273552097
1.970000000001945,1.141015697740659
1.9710000000019472,-6.840521768531316
1.9720000000019493,-13.861127701246273
1.9730000000019514,-18.934864135380003
1.9740000000019535,-21.349245871855967
1.9750000000019556,-20.76526102896488
1.9760000000019577,-17.26494648825637
1.9770000000019599,-11.339856023820804
1.978000000001962,-3.822046213553817
1.979000000001964,4.232738704291814
1.9800000000019662,11.693299299988505
1.9810000000019683,17.511833407957074
1.9820000000019704,20.871107237920043
1.9830000000019725,21.299267373413645
1.9840000000019746,18.736148362501233
1.9850000000019767,13.541741881624526
1.9860000000019788,6.445627379466638
1.987000000001981,-1.5555276452671825
1.988000000001983,-9.337982937622034
1.9890000000019852,-15.80876985603372
1.9900000000019873,-20.059183633466954
1.9910000000019894,-21.492370020217603
1.9920000000019915,-19.90710576267646
1.9930000000019936,-15.52602965345533
1.9940000000019957,-8.964374887069543
1.9950000000019978,-1.1435937518257682
1.996000000002,6.838010535427386
1.997000000002002,13.8594990103023
1.9980000000020042,18.934718333276006
1.9990000000020063,21.350822456041147
2.000000000002008,20.769318132606063
2.001000000002006,19.71679451651838
2.0020000000020035,20.48540524896701
2.003000000002001,16.38773739024617
2.004000000001999,7.997376684240525
2.0050000000019965,-2.483977838925581
2.006000000001994,-12.66913077001506
2.007000000001992,-20.644959848955367
2.0080000000019895,-25.30936684131607
2.009000000001987,-26.17650947394726
2.010000000001985,-23.73044702413302
2.0110000000019825,-18.80543212639662
2.01200000000198,-12.323720899176916
2.013000000001978,-4.943792421054417
2.0140000000019755,2.779387159003459
2.015000000001973,10.260061480399603
2.016000000001971,16.663261805525103
2.0170000000019686,20.95172436513168
2.018000000001966,22.103740767060437
2.019000000001964,19.5128406659447
2.0200000000019616,13.303780724085504
2.0210000000019592,4.440225722030288
2.022000000001957,-5.4738366900968165
2.0230000000019546,-14.617520686337
2.0240000000019522,-21.43047960655986
2.02500000000195,-24.96111031371365
2.0260000000019476,-24.970472833271085
2.0270000000019452,-21.808723181477593
2.028000000001943,-16.167394957882664
2.0290000000019406,-8.855336095058652
2.0300000000019383,-0.6890731349132542
2.031000000001936,7.494190922353246
2.0320000000019336,14.780585636784219
2.0330000000019313,20.183294511851688
2.034000000001929,22.77072851940885
2.0350000000019266,21.900192203308904
2.0360000000019243,17.46337765965899
2.037000000001922,10.023689079037458
2.0380000000019196,0.7629209631709182
2.0390000000019173,-8.76299972123206
2.040000000001915,-16.977367412251713
2.0410000000019126,-22.620731260946698
2.0420000000019103,-24.966274735192812
2.043000000001908,-23.86761621562768
2.0440000000019056,-19.66809830327832
2.0450000000019033,-13.047826988942862
2.046000000001901,-4.885773640407486
2.0470000000018986,3.8251524946749615
2.0480000000018963,12.024419846866392
2.049000000001894,18.63931813564078
2.0500000000018916,22.69297885958472
2.0510000000018893,23.47050411752893
2.052000000001887,20.70068760319214
2.0530000000018847,14.681431398732927
2.0540000000018823,6.284328312456538
2.05500000000188,-3.1844712879159194
2.0560000000018777,-12.23478120908463
2.0570000000018753,-19.48047048144102
2.058000000001873,-23.882605863652962
2.0590000000018707,-24.89072793109953
2.0600000000018683,-22.469726627041627
2.061000000001866,-17.039790378687606
2.0620000000018637,-9.374458435083058
2.0630000000018613,-0.4928343608854923
2.064000000001859,8.44280569388923
2.0650000000018567,16.2352948351791
2.0660000000018544,21.783463148615912
2.067000000001852,24.23750618148443
2.0680000000018497,23.155187719790487
2.0690000000018474,18.61537516447565
2.070000000001845,11.244629379244154
2.0710000000018427,2.1338571074763495
2.0720000000018404,-7.343634327460163
2.073000000001838,-15.769705022130934
2.0740000000018357,-21.916734633818525
2.0750000000018334,-24.929925429738336
2.076000000001831,-24.42894381950584
2.0770000000018287,-20.52814368681284
2.0780000000018264,-13.792825291604347
2.079000000001824,-5.1529304673371294
2.0800000000018217,4.211627251218976
2.0810000000018194,13.009175073552111
2.082000000001817,19.995954842207336
2.0830000000018147,24.147954142481794
2.0840000000018124,24.82245029301653
2.08500000000181,21.876484323779547
2.0860000000018077,15.710057634732602
2.0870000000018054,7.215940831228507
2.088000000001803,-2.3589224929077472
2.0890000000018007,-11.612585002656976
2.0900000000017984,-19.206475922131837
2.091000000001796,-24.06173710999129
2.0920000000017938,-25.50380187721845
2.0930000000017914,-23.3416439246191
2.094000000001789,-17.88147061368845
2.0950000000017868,-9.881258612285718
2.0960000000017844,-0.4534565946010022
2.097000000001782,9.077056939818856
2.0980000000017798,17.349588152157487
2.0990000000017774,23.160912436233232
2.100000000001775,25.647986282292795
2.101000000001773,24.415406983391183
2.1020000000017705,18.40110108768789
2.103000000001768,8.509049819897875
2.104000000001766,-1.8491466228465494
2.1050000000017635,-11.096478770695557
2.106000000001761,-18.271958408388695
2.107000000001759,-22.235124959997005
2.1080000000017565,-21.394501680121447
2.109000000001754,-16.92398503269226
2.110000000001752,-10.037463069007138
2.1110000000017495,-1.7448729660808155
2.112000000001747,6.930096809127402
2.113000000001745,14.775455454765057
2.1140000000017425,20.573532571223534
2.11500000000174,23.414389182467755
2.116000000001738,22.84558380060556
2.1170000000017355,18.966744136543358
2.118000000001733,12.399389415877005
2.119000000001731,4.159737795916706
2.1200000000017285,-4.5335644138739015
2.121000000001726,-12.45947643978505
2.122000000001724,-18.561316068712475
2.1230000000017215,-22.058063603437862
2.124000000001719,-22.509339045239248
2.125000000001717,-19.84726900920948
2.1260000000017145,-14.390330270283254
2.127000000001712,-6.831080618514674
2.12800000000171,1.8169277843892195
2.1290000000017075,10.331650072881786
2.130000000001705,17.454760262306024
2.131000000001703,22.09940318687183
2.1320000000017005,23.547149805321887
2.133000000001698,21.58237621990734
2.134000000001696,16.527434610610126
2.1350000000016935,9.171549671151002
2.136000000001691,0.6182360181945117
2.137000000001689,-7.904593420976121
2.1380000000016866,-15.226579221707288
2.139000000001684,-20.379378977745493
2.140000000001682,-22.695475584130396
2.1410000000016796,-21.86880624822992
2.1420000000016772,-17.987122163440585
2.143000000001675,-11.537057564618337
2.1440000000016726,-3.3709311083673126
2.1450000000016702,5.380052811333119
2.146000000001668,13.452539053713485
2.1470000000016656,19.643919111900935
2.1480000000016632,23.015859201725227
2.149000000001661,23.061024671523604
2.1500000000016586,19.790800046930965
2.1510000000016563,13.723214940797492
2.152000000001654,5.7790144230049
2.1530000000016516,-2.882291952842468
2.1540000000016493,-11.044783090272647
2.155000000001647,-17.601476594951418
2.1560000000016446,-21.683589971841606
2.1570000000016423,-22.750949313813756
2.15800000000164,-20.648585095253633
2.1590000000016376,-15.632222524137434
2.1600000000016353,-8.356521845614031
2.161000000001633,0.18622450727856446
2.1620000000016306,8.785704250391667
2.1630000000016283,16.185861089504165
2.164000000001626,21.284524323821238
2.1650000000016236,23.319752837586993
2.1660000000016213,21.999738012825876
2.167000000001619,17.545848414937215
2.1680000000016166,10.642108458668059
2.1690000000016143,2.3092199244127896
2.170000000001612,-6.263036699831121
2.1710000000016096,-13.888830647080969
2.1720000000016073,-19.53816851019743
2.173000000001605,-22.455338418302983
2.1740000000016027,-22.2423557331183
2.1750000000016003,-18.908354514947483
2.176000000001598,-12.881307497330532
2.1770000000015957,-4.9727626861886955
2.1780000000015933,3.713638929228977
2.179000000001591,11.929777006970456
2.1800000000015887,18.470366819685093
2.1810000000015863,22.36725146433045
2.182000000001584,23.04991687599994
2.1830000000015817,20.43661533470999
2.1840000000015793,14.937723524442138
2.185000000001577,7.37565066502256
2.1860000000015747,-1.1551372684684242
2.1870000000015724,-9.455328107505462
2.18800000000157,-16.385128252459623
2.1890000000015677,-21.00588662894898
2.1900000000015654,-22.690030732182702
2.191000000001563,-21.196327744678946
2.1920000000015607,-16.70677596347768
2.1930000000015584,-9.818750012928051
2.194000000001556,-1.4823647328915095
2.1950000000015537,7.1199534979870736
2.1960000000015514,14.74215474667331
2.197000000001549,20.266747653697056
2.1980000000015467,22.884398083754565
2.1990000000015444,22.22368100854453
2.200000000001542,18.40440318364658
2.2010000000015397,12.00674273310965
2.2020000000015374,3.9683502266489126
2.203000000001535,-4.56468160650304
2.2040000000015327,-12.403224438870422
2.2050000000015304,-18.47216953973796
2.206000000001528,-21.943468784876256
2.2070000000015257,-22.337003442159304
2.2080000000015234,-19.583843678313993
2.209000000001521,-14.045153928002161
2.2100000000015187,-6.478592365706538
2.2110000000015164,2.0530172401896034
2.212000000001514,10.326707994393924
2.2130000000015118,17.14049231297765
2.2140000000015094,21.50041515461457
2.215000000001507,22.777678945780398
2.2160000000015048,20.804591983366507
2.2170000000015024,15.89204558018938
2.2180000000015,8.769559078266852
2.2190000000014978,0.4650798815348862
2.2200000000014954,-7.849472265151661
2.221000000001493,-15.020570856814032
2.222000000001491,-20.06260148509031
2.2230000000014885,-22.28134416696573
2.224000000001486,-21.36272665164478
2.225000000001484,-17.419236743892675
2.2260000000014815,-10.985896832989027
2.227000000001479,-2.9593968665844264
2.228000000001477,5.519483321830641
2.2290000000014745,13.228777999531797
2.230000000001472,19.049709126750663
2.23100000000147,22.140100931254796
2.2320000000014675,22.063997996098657
2.233000000001465,18.8534560257769
2.234000000001463,12.993752826706054
2.2350000000014605,5.339688965879232
2.236000000001458,-3.017148890353491
2.237000000001456,-10.90530083753541
2.2380000000014535,-17.23143962107705
2.239000000001451,-21.12176196586461
2.240000000001449,-22.034255084748956
2.2410000000014465,-19.832113873264774
2.242000000001444,-14.809404725562013
2.243000000001442,-7.661455137644204
2.2440000000014395,0.6028286026926553
2.245000000001437,8.800460296988275
2.246000000001435,15.747871821746406
2.2470000000014325,20.4405471255905
2.24800000000143,22.206719657240814
2.249000000001428,20.807086671136666
2.2500000000014255,16.463927638927736
2.251000000001423,9.81809934148792
2.252000000001421,1.8261874804081781
2.2530000000014185,-6.381268288697859
2.254000000001416,-13.65732815563342
2.255000000001414,-18.991465537331948
2.2560000000014115,-21.64154145898455
2.257000000001409,-21.232409610446005
2.258000000001407,-17.81057051090572
2.2590000000014046,-11.845954216495649
2.260000000001402,-4.175601304069521
2.2610000000014,4.108714205822268
2.2620000000013976,11.81658280303824
2.2630000000013952,17.83593915278962
2.264000000001393,21.30128071888993
2.2650000000013906,21.723440714061702
2.2660000000013882,19.05862856535511
2.267000000001386,13.707112287412533
2.2680000000013836,6.4457933639081455
2.2690000000013812,-1.690081825025413
2.270000000001379,-9.555120977068787
2.2710000000013766,-16.050436620795633
2.2720000000013743,-20.269972771558063
2.273000000001372,-21.62109361998976
2.2740000000013696,-19.906594528699426
2.2750000000013673,-15.35737760108138
2.276000000001365,-8.608248520923587
2.2770000000013626,-0.6152744098036423
2.2780000000013603,7.477836061769773
2.279000000001358,14.506552101144324
2.2800000000013556,19.459356007537416
2.2810000000013533,21.629166139927243
2.282000000001351,20.716507304134556
2.2830000000013486,16.868218440766725
2.2840000000013463,10.648280155784647
2.285000000001344,2.9493982999211026
2.2860000000013416,-5.13769457733913
2.2870000000013393,-12.476717424686974
2.288000000001337,-18.039994835610468
2.2890000000013346,-21.046488951867914
2.2900000000013323,-21.06845103203979
2.29100000000133,-18.09373991201083
2.2920000000013276,-12.533850787694025
2.2930000000013253,-5.1727960160479975
2.294000000001323,2.9401116531313973
2.2950000000013207,10.640696844583882
2.2960000000013183,16.821432028927475
2.297000000001316,20.596224455344416
2.2980000000013137,21.430925814473504
2.2990000000013113,19.21846986240706
2.300000000001309,14.288388317406305
2.3010000000013067,7.352478600493571
2.3020000000013043,-0.6015914759796268
2.303000000001302,-8.450870078228165
2.3040000000012997,-15.091963284528724
2.3050000000012973,-19.5908870348164
2.306000000001295,-21.310528589834675
2.3070000000012927,-20.000463112171253
2.3080000000012904,-15.836626948237619
2.309000000001288,-9.402788833309394
2.3100000000012857,-1.6127417633434236
2.3110000000012834,6.418640285943985
2.312000000001281,13.537668453216652
2.3130000000012787,18.72222484063249
2.3140000000012764,21.232488868492855
2.315000000001274,20.7175878180074
2.3160000000012717,17.262241398276
2.3170000000012694,11.368611903410809
2.318000000001267,3.8793333254187754
2.3190000000012647,-4.144296709692342
2.3200000000012624,-11.570636331092434
2.32100000000126,-17.352988740069588
2.3220000000012577,-20.672983660217394
2.3230000000012554,-21.054714109893016
2.324000000001253,-18.434605588302038
2.3250000000012507,-13.175801913870425
2.3260000000012484,-6.022002686638302
2.327000000001246,2.0057399468327177
2.3280000000012437,9.755984221977183
2.3290000000012414,16.11570789508095
2.330000000001239,20.174130746256434
2.3310000000012367,21.355212716917244
2.3320000000012344,19.498420192192473
2.333000000001232,14.877030278460543
2.3340000000012298,8.153986376460736
2.3350000000012274,0.28456996800511153
2.336000000001225,-7.618590227669029
2.3370000000012228,-14.439522586317475
2.3380000000012204,-19.21247843546047
2.339000000001218,-21.256173547059056
2.3400000000012158,-20.27141129345082
2.3410000000012134,-16.387849962289984
2.342000000001211,-10.150969768102305
2.343000000001209,-2.4481637082937073
2.3440000000012065,5.617644387782346
2.345000000001204,12.888579570702431
2.346000000001202,18.321750309208056
2.3470000000011995,21.141500010773935
2.348000000001197,20.950239029372984
2.349000000001195,17.78198525812052
2.3500000000011925,12.092848178927229
2.35100000000119,4.692564661754494
2.352000000001188,-3.37108181003999
2.3530000000011855,-10.958280959968334
2.354000000001183,-16.994606639550145
2.355000000001181,-20.620152875920393
2.3560000000011785,-21.311366702653952
2.357000000001176,-18.958654571189005
2.358000000001174,-13.887119338109978
2.3590000000011715,-6.814755278446516
2.360000000001169,1.248289908307102
2.361000000001167,9.145724573838606
2.3620000000011645,15.744278273553807
2.363000000001162,20.09937167334383
2.36400000000116,21.5913488989119
2.3650000000011575,20.01204402857179
2.366000000001155,15.590488992305337
2.367000000001153,8.956530912324883
2.3680000000011505,1.0498661959677351
2.369000000001148,-7.011665723349664
2.370000000001146,-14.086843330586285
2.3710000000011435,-19.169283158393615
2.372000000001141,-21.529040669045248
2.373000000001139,-20.81851272097306
2.3740000000011365,-17.126659351414194
2.375000000001134,-10.971419548101647
2.376000000001132,-3.2288105417678103
2.3770000000011295,4.992556706495746
2.378000000001127,12.513088404824984
2.379000000001125,18.254752417745323
2.3800000000011226,21.397453447927536
2.38100000000112,21.495503190476974
2.382000000001118,18.53800132723457
2.3830000000011156,12.946543287806241
2.3840000000011132,5.51303999242519
2.385000000001111,-2.7120133899092447
2.3860000000011086,-10.56527470027862
2.3870000000011062,-16.931587485983016
2.388000000001104,-20.899973855714475
2.3890000000011016,-21.89407300085061
2.3900000000010992,-19.75828678918757
2.391000000001097,-14.785398276239052
2.3920000000010946,-7.679017135959401
2.3930000000010923,0.5457911562353456
2.39400000000109,8.709744598454295
2.3950000000010876,15.641824562784155
2.3960000000010853,20.34986450836299
2.397000000001083,22.1629143403717
2.3980000000010806,20.82472760998153
2.3990000000010783,16.526524550361643
2.400000000001076,9.876817255322752
2.4010000000010736,1.814612566637869
2.4020000000010713,-6.521244245519704
2.403000000001069,-13.949470751345892
2.4040000000010666,-19.410668051668832
2.4050000000010643,-22.117417068838744
2.406000000001062,-21.66943169103657
2.4070000000010596,-18.116025762972313
2.4080000000010573,-11.954352208702941
2.409000000001055,-4.061133799949531
2.4100000000010526,4.4334554236396215
2.4110000000010503,12.310847324541548
2.412000000001048,18.442169243480166
2.4130000000010456,21.951504889861624
2.4140000000010433,22.339864978825403
2.415000000001041,19.552944724547455
2.4160000000010387,13.985257074596964
2.4170000000010363,6.422487876754218
2.418000000001034,-2.0684955852180122
2.4190000000010317,-10.28704903263392
2.4200000000010293,-17.06492004288707
2.421000000001027,-21.43019128844874
2.4220000000010247,-22.74717392488006
2.4230000000010223,-20.811828934922993
2.42400000000102,-15.88683044877863
2.4250000000010177,-8.66839476081765
2.4260000000010153,-0.18766495292770818
2.427000000001013,8.33927390976822
2.4280000000010107,15.689452763811754
2.4290000000010084,20.811048255997534
2.430000000001006,22.974006261058197
2.4310000000010037,21.871612825816804
2.4320000000010014,17.66025780841687
2.433000000000999,10.93434901746704
2.4340000000009967,2.6419653418076496
2.4350000000009944,-6.046513512426235
2.436000000000992,-13.89984534536581
2.4370000000009897,-19.79724824353909
2.4380000000009874,-22.887532493021528
2.439000000000985,-22.713915625415012
2.4400000000009827,-19.285152676971446
2.4410000000009804,-13.079947666439688
2.442000000000978,-4.981339848231777
2.4430000000009757,3.8506252362785407
2.4440000000009734,12.148674249775084
2.445000000000971,18.723713530125888
2.4460000000009687,22.636781588282933
2.4470000000009664,23.33181519442166
2.448000000000964,20.711177382420423
2.4490000000009617,15.145633110933442
2.4500000000009594,7.419976138521608
2.451000000000957,-1.3766571571414283
2.4520000000009547,-10.000985439553308
2.4530000000009524,-17.227434337884837
2.45400000000095,-22.020047421895786
2.4550000000009478,-23.681608243545277
2.4560000000009454,-21.95819195330872
2.457000000000943,-17.081777883634295
2.4580000000009408,-9.74174160007797
2.4590000000009384,-0.9871912694128214
2.460000000000936,7.925918731312518
2.4610000000009338,15.719030041688614
2.4620000000009314,21.27734791246025
2.463000000000929,23.809551831075602
2.464000000000927,22.957831533649006
2.4650000000009245,18.844392456209526
2.466000000000922,12.050666855830208
2.46700000000092,3.53446533793223
2.4680000000009175,-5.502755636442125
2.469000000000915,-13.781391392560746
2.470000000000913,-20.1213850264803
2.4710000000009105,-23.609397088998968
2.472000000000908,-23.732365556757664
2.473000000000906,-20.456861041452395
2.4740000000009035,-14.239871969422948
2.475000000000901,-5.966554381959847
2.476000000000899,3.177425826032294
2.4770000000008965,11.879682632452697
2.478000000000894,18.89347756938
2.479000000000892,23.218303418662273
2.4800000000008895,24.241458615267955
2.481000000000887,21.821207872218007
2.482000000000885,16.302260751550513
2.4830000000008825,8.46430042910729
2.48400000000088,-0.5874698134780084
2.485000000000878,-9.574785096644666
2.4860000000008755,-17.222634666580696
2.487000000000873,-22.437459155536477
2.488000000000871,-24.463834496783154
2.4890000000008685,-22.99704700010676
2.490000000000866,-18.23309321279153
2.491000000000864,-10.845682381985775
2.4920000000008615,-1.8911111992418665
2.493000000000859,7.345669688585978
2.494000000000857,15.539823871144701
2.4950000000008545,21.520152806239846
2.496000000000852,24.437222699166018
2.49700000000085,23.88157159845943
2.4980000000008475,19.936892788076154
2.499000000000845,13.163686134892991
2.500000000000843,4.518394817907802
2.5010000000008406,-4.779653207307386
2.502000000000838,-13.416107039379337
2.503000000000836,-20.16344363622738
2.5040000000008336,-24.053852752872082
2.5050000000008312,-24.519709933869365
2.506000000000829,-21.480371276711924
2.5070000000008266,-15.35988812192931
2.5080000000008242,-7.029926781431158
2.509000000000822,2.315603776845746
2.5100000000008196,11.335552404120268
2.5110000000008172,18.738440358948182
2.512000000000815,23.47000089633897
2.5130000000008126,24.86270550180981
2.5140000000008103,22.726413944358864
2.515000000000808,17.369784114188832
2.5160000000008056,9.552645889222141
2.5170000000008033,0.37828579902473136
2.518000000000801,-8.859146230370174
2.5190000000007986,-16.852751455494058
2.5200000000007963,-22.464482213063288
2.521000000000794,-24.886838317423095
2.5220000000007916,-23.761898377827787
2.5230000000007893,-19.23862024546367
2.524000000000787,-11.95689806212869
2.5250000000007846,-2.957870701199609
2.5260000000007823,6.467439678058134
2.52700000000078,14.967843634211727
2.5280000000007776,21.329785026387675
2.5290000000007753,24.652086793581795
2.530000000000773,24.471687969562296
2.5310000000007706,20.823883398714482
2.5320000000007683,14.231619616069345
2.533000000000766,5.628510384595321
2.5340000000007636,-3.772033794955391
2.5350000000007613,-12.643988598685258
2.536000000000759,-19.731390275351647
2.5370000000007566,-24.02377711887811
2.5380000000007543,-24.90121820793505
2.539000000000752,-22.227618891831153
2.5400000000007497,-16.37622842054951
2.5410000000007473,-8.18035499910387
2.542000000000745,1.1857939991922073
2.5430000000007427,10.378890576132406
2.5440000000007403,18.083882344393896
2.545000000000738,23.205488578679354
2.5460000000007357,25.02411082641496
2.5470000000007333,23.29385960659834
2.548000000000731,18.271031351882563
2.5490000000007287,10.672435781762854
2.5500000000007264,1.5722644045336254
2.551000000000724,-7.747243675974278
2.5520000000007217,-15.971997066112614
2.5530000000007194,-21.93738927449037
2.554000000000717,-24.791948891944582
2.5550000000007147,-24.121016071280096
2.5560000000007124,-20.011328542260443
2.55700000000071,-13.044140369665412
2.5580000000007077,-4.214754312990205
2.5590000000007054,5.211385153106452
2.560000000000703,13.884342172311422
2.5610000000007007,20.567578589831815
2.5620000000006984,24.316646115901502
2.563000000000696,24.611581624109853
2.5640000000006937,21.425030187731405
2.5650000000006914,15.21936514799018
2.566000000000689,6.876702055486496
2.5670000000006867,-2.42608609446368
2.5680000000006844,-11.379901506851741
2.569000000000682,-18.7229993246523
2.5700000000006797,-23.415550880974248
2.5710000000006774,-24.786834204017744
2.572000000000675,-22.634256493159967
2.5730000000006727,-17.257890627844944
2.5740000000006704,-9.422257232266427
2.575000000000668,-0.24817003349716502
2.5760000000006658,8.950398548172252
2.5770000000006634,16.859210852050577
2.578000000000661,22.35560869528374
2.5790000000006588,24.669137278241834
2.5800000000006564,23.48729560209085
2.581000000000654,18.993121438005286
2.5820000000006518,11.832668716720729
2.5830000000006494,3.020263396818532
2.584000000000647,-6.2035964426739625
2.585000000000645,-14.542691543021192
2.5860000000006425,-20.822779285215557
2.58700000000064,-24.154644565196616
2.588000000000638,-24.061130450780347
2.5890000000006355,-20.54939481277777
2.590000000000633,-14.115352316681161
2.591000000000631,-5.676383882292775
2.5920000000006285,3.560092947416683
2.593000000000626,12.273060811205214
2.594000000000624,19.221619885189348
2.5950000000006215,23.425041621920492
2.596000000000619,24.301264780181462
2.597000000000617,21.744241694194994
2.5980000000006145,16.131632839403917
2.599000000000612,8.265357522536533
2.60000000000061,-0.7437295137162412
2.6010000000006075,-9.630084617068492
2.602000000000605,-17.146695554750032
2.603000000000603,-22.236088680810894
2.6040000000006005,-24.177869947763252
2.605000000000598,-22.692891079784708
2.606000000000596,-17.98779174176753
2.6070000000005935,-10.73048915167211
2.608000000000591,-1.9570932591997254
2.609000000000589,7.077751775155135
2.6100000000005865,15.084580665927813
2.611000000000584,20.927703288075488
2.612000000000582,23.78867969360652
2.6130000000005795,23.27987301179509
2.614000000000577,19.492915651594902
2.615000000000575,12.978260917484537
2.6160000000005725,4.662292417102419
2.61700000000057,-4.2840176856177825
2.618000000000568,-12.606526875155986
2.6190000000005655,-19.13908938797818
2.620000000000563,-22.963674869556304
2.621000000000561,-23.539256385394523
2.6220000000005586,-20.781440442958825
2.623000000000556,-15.0794522820713
2.624000000000554,-7.244838005687487
2.6250000000005516,1.6033837964460285
2.6260000000005492,10.201249239280003
2.627000000000547,17.325028031912378
2.6280000000005446,21.9694747577741
2.6290000000005422,23.491022668614704
2.63000000000054,21.694809603736864
2.6310000000005376,16.854934854166746
2.6320000000005352,9.668494454017912
2.633000000000533,1.1532465408516708
2.6340000000005306,-7.495061090073191
2.6350000000005283,-15.066527198885616
2.636000000000526,-20.501899320331226
2.6370000000005236,-23.03834882360807
2.6380000000005213,-22.317477869747467
2.639000000000519,-18.439748209304426
2.6400000000005166,-11.955046582806656
2.6410000000005143,-3.787562301044735
2.642000000000512,4.896336775138834
2.6430000000005096,12.858140299973531
2.6440000000005073,18.968516069036877
2.645000000000505,22.37088454832911
2.6460000000005026,22.6017545338531
2.6470000000005003,19.65078018064857
2.648000000000498,13.954435688141135
2.6490000000004956,6.327793298338074
2.6500000000004933,-2.1530051307377667
2.651000000000491,-10.300174754302882
2.6520000000004886,-16.97620025988598
2.6530000000004863,-21.248605369571894
2.654000000000484,-22.51874537648051
2.6550000000004816,-20.607618348652586
2.6560000000004793,-15.785347237442965
2.657000000000477,-8.737265537756846
2.6580000000004746,-0.4684809288457651
2.6590000000004723,7.840867981504508
2.66000000000047,15.008072126765278
2.6610000000004677,20.020686230013755
2.6620000000004653,22.182090677769057
2.663000000000463,21.207496725823155
2.6640000000004607,17.257600128710095
2.6650000000004583,10.90803893503462
2.666000000000456,3.0625462022422445
2.6670000000004537,-5.175530463455275
2.6680000000004513,-12.65517140063912
2.669000000000449,-18.33393623379138
2.6700000000004467,-21.419815716003026
2.6710000000004444,-21.48125496896585
2.672000000000442,-18.51029513843976
2.6730000000004397,-12.92809329838685
2.6740000000004374,-5.52898631577238
2.675000000000435,2.6315411014689096
2.6760000000004327,10.389726074785557
2.6770000000004304,16.643873286976493
2.678000000000428,20.514902206450774
2.6790000000004257,21.47150495263201
2.6800000000004234,19.401247123317756
2.681000000000421,14.619076263610467
2.6820000000004187,7.815320608687602
2.6830000000004164,-0.04608738220554099
2.684000000000414,-7.863024538086031
2.6850000000004117,-14.545835873424661
2.6860000000004094,-19.164745185209668
2.687000000000407,-21.076517573043724
2.6880000000004047,-20.014573350755647
2.6890000000004024,-16.12961902134447
2.6900000000004,-9.972754276431642
2.6910000000003977,-2.4203867597195146
2.6920000000003954,5.45049958749662
2.693000000000393,12.518977103376685
2.6940000000003907,17.784285576297844
2.6950000000003884,20.510995324179955
2.696000000000386,20.332294638859803
2.6970000000003838,17.296572063839818
2.6980000000003814,11.852865817447965
2.699000000000379,4.780714723336711
2.7000000000003768,-2.9226529836653183
2.7010000000003744,-10.18082869672588
2.702000000000372,-15.98432817178931
2.7030000000003698,-19.526792806321957
2.7040000000003674,-20.315180876822104
2.705000000000365,-18.239867359807263
2.706000000000363,-13.593861569405602
2.7070000000003605,-7.035740827051859
2.708000000000358,0.5014011582841656
2.709000000000356,7.943645477087501
2.7100000000003535,14.232908836336874
2.711000000000351,18.481751111384796
2.712000000000349,20.101319266504575
2.7130000000003465,18.882497836448806
2.714000000000344,15.01930131072911
2.715000000000342,9.073875366159202
2.7160000000003395,1.8915471616269197
2.717000000000337,-5.519553717232585
2.718000000000335,-12.127045835368158
2.7190000000003325,-17.0135615042111
2.72000000000033,-19.500394892081108
2.721000000000328,-19.24086159947562
2.7220000000003255,-16.27098596953526
2.723000000000323,-11.00881717236401
2.724000000000321,-4.199509244475491
2.7250000000003185,3.188778113938674
2.726000000000316,10.104369496200421
2.727000000000314,15.565848565973074
2.7280000000003115,18.80542555066037
2.729000000000309,19.37873601119351
2.730000000000307,17.224336185981016
2.7310000000003045,12.665686304279843
2.732000000000302,6.3583967581681335
2.7330000000003,-0.8064635114404546
2.7340000000002975,-7.827437950867714
2.735000000000295,-13.728996709821716
2.736000000000293,-17.692504143623015
2.7370000000002905,-19.166720846782916
2.738000000000288,-17.944551916203253
2.739000000000286,-14.195275957801272
2.7400000000002835,-8.445570105767244
2.741000000000281,-1.5088991689723268
2.742000000000279,5.629104713132201
2.7430000000002766,11.953354649144531
2.744000000000274,16.567992076928633
2.745000000000272,18.826913916897972
2.7460000000002696,18.425149372112475
2.7470000000002672,15.437632351335921
2.748000000000265,10.301725020872993
2.7490000000002626,3.7492569096277695
2.7500000000002602,-3.299278107801142
2.751000000000258,-9.862233797810683
2.7520000000002556,-15.029314614074746
2.7530000000002532,-18.08344444606525
2.754000000000251,-18.598045297357768
2.7550000000002486,-16.497708355281937
2.7560000000002463,-12.073011271659945
2.757000000000244,-5.944744387238535
2.7580000000002416,1.0205278617501903
2.7590000000002393,7.833523908085633
2.760000000000237,13.526140337665428
2.7610000000002346,17.293407348528106
2.7620000000002323,18.610303781674602
2.76300000000023,17.304839852657036
2.7640000000002276,13.577244816467259
2.7650000000002253,7.964933701748675
2.766000000000223,1.261588679402504
2.7670000000002206,-5.595622328935875
2.7680000000002183,-11.65434743233453
2.769000000000216,-16.074751890918016
2.7700000000002136,-18.24195066662252
2.7710000000002113,-17.85025856271739
2.772000000000209,-14.948377011384624
2.7730000000002066,-9.937712763760038
2.7740000000002043,-3.5210196179311946
2.775000000000202,3.394372431054791
2.7760000000001996,9.826374749122273
2.7770000000001973,14.861586604126275
2.778000000000195,17.789256625076142
2.7790000000001926,18.203801154479184
2.7800000000001903,16.059876764446898
2.781000000000188,11.673101450176246
2.7820000000001857,5.669171219301316
2.7830000000001833,-1.1081213130443532
2.784000000000181,-7.714965410507987
2.7850000000001787,-13.235429472200737
2.7860000000001763,-16.9037387447047
2.787000000000174,-18.207144979435164
2.7880000000001717,-16.957369277189954
2.7890000000001693,-13.320761469854016
2.790000000000167,-7.800789809266124
2.7910000000001647,-1.1720251795244014
2.7920000000001624,5.627747697633473
2.79300000000016,11.632681320198689
2.7940000000001577,15.990441502370007
2.7950000000001554,18.087076527779804
2.796000000000153,17.63476845670443
2.7970000000001507,14.709214938707147
2.7980000000001484,9.732932795575145
2.799000000000146,3.4100248151747987
2.8000000000001437,-3.375291338166683
2.8010000000001414,-9.680754474304802
2.802000000000139,-14.632705196285755
2.8030000000001367,-17.54254725648807
2.8040000000001344,-17.99998326295894
2.805000000000132,-15.931750341609392
2.8060000000001297,-11.616956978830743
2.8070000000001274,-5.654105539218992
2.808000000000125,1.1189433804569833
2.8090000000001227,7.742985687602916
2.8100000000001204,13.276672956845601
2.811000000000118,16.934869275330353
2.8120000000001157,18.20335051119752
2.8130000000001134,16.911289916595983
2.814000000000111,13.251176346566151
2.8150000000001087,7.745571833500106
2.8160000000001064,1.1687702958592145
2.817000000000104,-5.562898511480139
2.8180000000001018,-11.516119933861571
2.8190000000000994,-15.86533089704217
2.820000000000097,-18.002997123119346
2.8210000000000948,-17.6229845642548
2.8220000000000924,-14.766384019587738
2.82300000000009,-9.821867331151712
2.8240000000000878,-3.4772817560893237
2.8250000000000854,3.373975500431496
2.826000000000083,9.76017212403269
2.827000000000081,14.773150068858815
2.8280000000000785,17.701993238491077
2.829000000000076,18.136336125318184
2.830000000000074,16.022940727750026
2.8310000000000715,11.668225838776701
2.832000000000069,5.689172350428296
2.833000000000067,-1.077089528542755
2.8340000000000645,-7.69013748725647
2.835000000000062,-13.23340939635132
2.83600000000006,-16.936375806304483
2.8370000000000575,-18.278096199797538
2.838000000000055,-17.06017497336266
2.839000000000053,-13.439076238921587
2.8400000000000505,-7.910982886128529
2.841000000000048,-1.2477804544824924
2.842000000000046,5.609760946633447
2.8430000000000435,11.687334228168263
2.844000000000041,16.120127901135902
2.845000000000039,18.280062598731803
2.8460000000000365,17.866257679173113
2.847000000000034,14.944889126052773
2.848000000000032,9.934284211932905
2.8490000000000295,3.540566549646352
2.850000000000027,-3.343883446889965
2.851000000000025,-9.76343787620544
2.8520000000000225,-14.82756084751423
2.85300000000002,-17.829587807984446
2.854000000000018,-18.34270655166077
2.8550000000000155,-16.281541817902703
2.856000000000013,-11.919975666441536
2.857000000000011,-5.859743630245631
2.8580000000000085,1.0494063208692195
2.859000000000006,7.829133134435487
2.860000000000004,13.514561436732818
2.8610000000000015,17.29644742652547
2.861999999999999,18.639898995420488
2.862999999999997,17.360328312448836
2.8639999999999946,13.645684986823081
2.864999999999992,8.024059622954326
2.86599999999999,1.2846884246247172
2.8669999999999876,-5.633719136612177
2.8679999999999852,-11.77103899401526
2.868999999999983,-16.27416320664778
2.8699999999999806,-18.511259976134088
2.8709999999999782,-18.158937406831765
2.871999999999976,-15.251107040644303
2.8729999999999736,-10.1810453750652
2.8739999999999712,-3.652901139268147
2.874999999999969,3.413984137454221
2.8759999999999666,10.01608980272688
2.8769999999999643,15.212552447476561
2.877999999999962,18.264008787675632
2.8789999999999596,18.740402108464927
2.8799999999999573,16.58062991062561
2.880999999999955,12.09628869651559
2.8819999999999526,5.921863142162264
2.8829999999999503,-1.07812694450801
2.883999999999948,-7.929764423152505
2.8849999999999456,-13.68153248706599
2.8859999999999433,-17.531460909870127
2.886999999999941,-18.935381498789315
2.8879999999999386,-17.68364649163606
2.8889999999999363,-13.935614972629393
2.889999999999934,-8.20458468621805
2.8909999999999316,-1.291555446100436
2.8919999999999293,5.825873504357039
2.892999999999927,12.13451722770316
2.8939999999999246,16.734691750878287
2.8949999999999223,18.972836215033333
2.89599999999992,18.535807720477266
2.8969999999999176,15.492472925642916
2.8979999999999153,10.278308446566786
2.898999999999913,3.628531657354779
2.8999999999999106,-3.527543815971344
2.9009999999999083,-10.194670066345848
2.901999999999906,-15.445598628954981
2.9029999999999037,-18.545228763902063
2.9039999999999013,-19.05100758121231
2.904999999999899,-16.877260732260556
2.9059999999998967,-12.313499745530875
2.9069999999998943,-5.99097601513732
2.907999999999892,1.2015407099300095
2.9089999999998897,8.243218053536733
2.9099999999998873,14.129859846661304
2.910999999999885,18.0221391384463
2.9119999999998827,19.368793649564765
2.9129999999998804,17.984817318967412
2.913999999999878,14.07350696759718
2.9149999999998757,8.191661901342306
2.9159999999998734,1.1664366723955293
2.916999999999871,-6.021664057403941
2.9179999999998687,-12.37272123101107
2.9189999999998664,-17.001554074663243
2.919999999999864,-19.25684010095505
2.9209999999998617,-18.811526375400884
2.9219999999998594,-15.712673266545709
2.922999999999857,-10.38185742778159
2.9239999999998547,-3.5624730930422213
2.9249999999998524,3.782072679410562
2.92599999999985,10.606347712138696
2.9269999999998477,15.93628621837016
2.9279999999998454,19.013020012113735
2.928999999999843,19.403345912388033
2.9299999999998407,17.059457208196715
2.9309999999998384,12.320410772280697
2.931999999999836,5.858195273699707
2.9329999999998337,-1.4204469094011707
2.9339999999998314,-8.500539712800865
2.934999999999829,-14.396471963436317
2.9359999999998267,-18.28419331641035
2.9369999999998244,-19.61305281656776
2.937999999999822,-18.1839523580052
2.9389999999998198,-14.182650890069958
2.9399999999998174,-8.160853888311957
2.940999999999815,-0.9639802752689721
2.9419999999998128,6.387056307269115
2.9429999999998104,12.843778716271343
2.943999999999808,17.4846820407245
2.9449999999998058,19.650923194997397
2.9459999999998034,19.04095861170521
2.946999999999801,15.749952732566584
2.947999999999799,10.250249523177539
2.9489999999997965,3.3191599545369157
2.949999999999794,-4.072539180268225
2.950999999999792,-10.894515487401414
2.9519999999997895,-16.195865423504465
2.952999999999787,-19.23299190382364
2.953999999999785,-19.57176787936037
2.9549999999997825,-17.15113856289069
2.95599999999978,-12.298021399639223
2.956999999999778,-5.688119170775509
2.9579999999997755,1.7454552352836807
2.958999999999773,8.94487179693467
2.959999999999771,14.882203738928798
2.9609999999997685,18.711179875166625
2.961999999999766,19.89099774340614
2.962999999999764,18.26237929555707
2.9639999999997615,14.065369277352394
2.964999999999759,7.8990325939007535
2.965999999999757,0.6323681712382274
2.9669999999997545,-6.718393730087143
2.967999999999752,-13.12866441368966
2.96899999999975,-17.7033576538744
2.9699999999997475,-19.7979347346729
2.970999999999745,-19.10844777070869
2.971999999999743,-15.718432620024686
2.9729999999997405,-10.093940632506065
2.973999999999738,-3.0237946352933007
2.974999999999736,4.489681594805688
2.9759999999997335,11.375068810502706
2.976999999999731,16.649342586653336
2.977999999999729,19.56277153822383
2.9789999999997265,19.707427816996383
2.979999999999724,17.07257259593663
2.980999999999722,12.040364997075642
2.9819999999997195,5.325749270272308
2.982999999999717,-2.127547550992882
2.983999999999715,-9.278472523361973
2.9849999999997125,-15.129904458416878
2.98599999999971,-18.862845421108634
2.986999999999708,-19.948172835551183
2.9879999999997056,-18.222292758505517
2.9889999999997032,-13.915530337817966
2.989999999999701,-7.6264164552986085
2.9909999999996986,-0.24185971064021433
2.9919999999996962,7.188000679751606
2.992999999999694,13.602562333801474
2.9939999999996916,18.08707292947827
2.9949999999996892,20.006811892024004
2.995999999999687,19.097456551984482
2.9969999999996846,15.498492705600269
2.9979999999996823,9.727128901075883
2.99899999999968,2.5999352415204107
2.9999999999996776,-4.883767656114297
3.0009999999996753,-11.679539560318736
3.001999999999673,-16.838890868281286
3.0029999999996706,-19.637335483412983
3.0039999999996683,-19.674531039300224
3.004999999999666,-16.933541393887666
3.0059999999996636,-11.789377497866392
3.0069999999996613,-4.9622893770506264
3.007999999999659,2.5809545878850404
3.0089999999996566,9.765433103901403
3.0099999999996543,15.56548170972324
3.010999999999652,19.155812111525492
3.0119999999996496,20.031551490349983
3.0129999999996473,18.078340381116202
3.013999999999645,13.58325877813641
3.0149999999996426,7.187913354908444
3.0159999999996403,-0.20618029481720357
3.016999999999638,-7.564334823322439
3.0179999999996356,-13.859926806880802
3.0189999999996333,-18.21281320650548
3.019999999999631,-20.0089298296512
3.0209999999996286,-18.986718674571463
3.0219999999996263,-15.278325859505218
3.022999999999624,-9.397433241710615
3.0239999999996217,-2.1719242627975066
3.0249999999996193,5.3719077434908815
3.025999999999617,12.157819878794387
3.0269999999996147,17.217811568434602
3.0279999999996123,19.83428668117088
3.02899999999961,19.643111101718464
3.0299999999996077,16.682072136476307
3.0309999999996053,11.379525932717764
3.031999999999603,4.488138397251936
3.0329999999996007,-3.023753577673013
3.0339999999995984,-10.106503314884224
3.034999999999596,-15.771536622127384
3.0359999999995937,-19.224804861290135
3.0369999999995914,-19.97578860313919
3.037999999999589,-17.908343656623938
3.0389999999995867,-13.302516074632862
3.0399999999995844,-6.801301749388722
3.040999999999582,0.6763675446444664
3.0419999999995797,8.066147120989752
3.0429999999995774,14.313418522886291
3.043999999999575,18.528454028555224
3.0449999999995727,20.11626252457155
3.0459999999995704,18.86047593323212
3.046999999999568,14.94950938025908
3.0479999999995657,8.943716774983194
3.0489999999995634,1.691609521917849
3.049999999999561,-5.790461531181775
3.0509999999995587,-12.457865154551927
3.0519999999995564,-17.37890907958292
3.052999999999554,-19.861179205615148
3.0539999999995517,-19.547983032789798
3.0549999999995494,-16.471992380089198
3.055999999999547,-11.056729012974206
3.0569999999995447,-4.062381778861691
3.0579999999995424,3.5194166657731225
3.05899999999954,10.60809749666504
3.0599999999995378,16.192416443892157
3.0609999999995354,19.478981049464636
3.061999999999533,20.006922535682747
3.0629999999995308,17.711080955283116
3.0639999999995284,12.925835199963158
3.064999999999526,6.332002433608316
3.0659999999995238,-1.1424413415848262
3.0669999999995214,-8.452038838658916
3.067999999999519,-14.576310741485022
3.068999999999517,-18.65765665893024
3.0699999999995145,-20.118572253875726
3.070999999999512,-18.743730737519844
3.07199999999951,-14.715054322680972
3.0729999999995075,-8.592305790470016
3.073999999999505,-1.2385683570997659
3.074999999999503,6.3012603523734265
3.0759999999995005,12.951928594738565
3.076999999999498,17.765659166508563
3.077999999999496,20.060748546440344
3.0789999999994935,19.518755511007196
3.079999999999491,16.226070502372256
3.080999999999489,10.655895059107637
3.0819999999994865,3.596414230980625
3.082999999999484,-3.9618935833496343
3.083999999999482,-10.963067818378851
3.0849999999994795,-16.428882626296904
3.085999999999477,-19.591414141678175
3.086999999999475,-19.99924988104181
3.0879999999994725,-17.583560752836508
3.08899999999947,-12.673472454371538
3.089999999999468,-5.955542818240119
3.0909999999994655,1.6201050128141783
3.091999999999463,8.975305565395594
3.092999999999461,15.06107220711449
3.0939999999994585,19.011539102670334
3.094999999999456,20.2696829886259
3.095999999999454,18.665197579492556
3.0969999999994515,14.433996922642102
3.097999999999449,8.17914731571621
3.098999999999447,0.7819737505413275
3.0999999999994445,-6.721974864065751
3.100999999999442,-13.284726157497277
3.10199999999944,-17.9877713623927
3.1029999999994375,-20.167283181083604
3.103999999999435,-19.507416658248772
3.104999999999433,-16.08878358934555
3.1059999999994305,-10.383207449045342
3.106999999999428,-3.1922490676453723
3.107999999999426,4.464509077025618
3.1089999999994236,11.496329341205744
3.1099999999994212,16.900920538970404
3.110999999999419,19.9111314507423
3.1119999999994166,20.105191192275058
3.1129999999994142,17.463919723678647
3.113999999999412,12.368185053086577
3.1149999999994096,5.539934771755111
3.1159999999994072,-2.0619229217299715
3.116999999999405,-9.374781279151643
3.1179999999994026,-15.376986684107946
3.1189999999994003,-19.22631993503092
3.119999999999398,-20.37586810364589
3.1209999999993956,-18.652598661476052
3.1219999999993933,-14.286862211481852
3.122999999999391,-7.885993147078221
3.1239999999993886,-0.3525265464988493
3.1249999999993863,7.243442998415243
3.125999999999384,13.819492509797687
3.1269999999993816,18.439416630886363
3.1279999999993793,20.44953619524734
3.128999999999377,19.5712822447442
3.1299999999993746,15.936887288884087
3.1309999999993723,10.065235548786088
3.13199999999937,2.7844039982632984
3.1329999999993676,-4.885736464559562
3.1339999999993653,-11.8738848916959
3.134999999999363,-17.202689847663333
3.1359999999993606,-20.121750534446658
3.1369999999993583,-20.212159746153645
3.137999999999356,-17.44862811555748
3.1389999999993536,-12.208882136741556
3.1399999999993513,-5.2259652941987715
3.140999999999349,2.512732260389307
3.1419999999993466,9.906671300236335
3.1429999999993443,15.902532465358398
3.143999999999342,19.648295914524645
3.1449999999993397,20.61631341620147
3.1459999999993373,18.676508243123664
3.146999999999335,14.110161283866404
3.1479999999993327,7.564965792616108
3.1489999999993303,-0.03929093578516094
3.149999999999328,-7.639369024891747
3.1509999999993257,-14.173889356181226
3.1519999999993233,-18.7272990346953
3.152999999999321,-20.65530023308508
3.1539999999993187,-19.676112865430227
3.1549999999993164,-15.91457856312726
3.155999999999314,-9.89063920159881
3.1569999999993117,-2.4506518977562237
3.1579999999993094,5.3511488121183195
3.158999999999307,12.404641052580088
3.1599999999993047,17.705928966263148
3.1609999999993024,20.503659009550727
3.1619999999993,20.406354435893988
3.1629999999992977,17.434972333716495
3.1639999999992954,12.014848744615493
3.164999999999293,4.911101857253482
3.1659999999992907,-2.8807259910738376
3.1669999999992884,-10.272432473690404
3.167999999999286,-16.23122738222525
3.1689999999992837,-19.920111317137643
3.1699999999992814,-20.8136332480914
3.170999999999279,-18.77399873763084
3.1719999999992767,-14.075808590476376
3.1729999999992744,-7.373194712666362
3.173999999999272,0.38903702358851056
3.1749999999992697,8.109406509829562
3.1759999999992674,14.689450361055611
3.176999999999265,19.194118775524725
3.1779999999992627,20.987239887248617
3.1789999999992604,19.82102401707377
3.179999999999258,15.867197359935215
3.1809999999992558,9.68759107937229
3.1819999999992534,2.151326975023899
3.182999999999251,-5.687603116888989
3.1839999999992488,-12.735030929373591
3.1849999999992464,-18.005208558261327
3.185999999999244,-20.75539776634022
3.1869999999992418,-20.58987649686508
3.1879999999992394,-17.51915309878299
3.188999999999237,-11.964294243396314
3.189999999999235,-4.702748328526017
3.1909999999992325,3.239349968892847
3.19199999999923,10.734087249941124
3.192999999999228,16.715827801669207
3.1939999999992255,20.33646622656357
3.194999999999223,21.087242361075827
3.195999999999221,18.86877232772063
3.1969999999992185,14.00045255081746
3.197999999999216,7.170565593204744
3.198999999999214,-0.6630644598654439
3.1999999999992115,-8.406441435454242
3.200999999999209,-14.978754538524637
3.201999999999207,-19.459218283873025
3.2029999999992045,-21.21365324073719
3.203999999999202,-19.98472741280344
3.2049999999992,-15.932747118731514
3.2059999999991975,-9.618909428784612
3.206999999999195,-1.9303502248270203
3.207999999999193,6.044535135813569
3.2089999999991905,13.172961442011768
3.209999999999188,18.442701044178786
3.210999999999186,21.10890806668318
3.2119999999991835,20.799856099999545
3.212999999999181,17.56633499014235
3.213999999999179,11.869481371743879
3.2149999999991765,4.511627086890514
3.215999999999174,-3.4776683710169007
3.216999999999172,-10.983703124154806
3.2179999999991695,-16.9583219127208
3.218999999999167,-20.562681588199034
3.219999999999165,-21.28362329138422
3.2209999999991625,-19.008265147490107
3.22199999999916,-14.045133691952342
3.222999999999158,-7.086132933594399
3.2239999999991555,0.8881025492300189
3.224999999999153,8.747520612736235
3.225999999999151,15.376232594473178
3.2269999999991485,19.83483096067599
3.227999999999146,21.495743918798198
3.228999999999144,20.130926747511346
3.2299999999991416,15.93998916631706
3.2309999999991392,9.517076131988425
3.231999999999137,1.7640185552925955
3.2329999999991346,-6.2361570138932665
3.2339999999991322,-13.367707544867118
3.23499999999913,-18.63383658801607
3.2359999999991276,-21.29309648310698
3.2369999999991252,-20.96346519861636
3.237999999999123,-17.679653994475267
3.2389999999991206,-11.893740151984266
3.2399999999991183,-4.416143258120204
3.240999999999116,3.6971329328287608
3.2419999999991136,11.295720624193178
3.2429999999991113,17.30178933630399
3.243999999999109,20.866374059110758
3.2449999999991066,21.49060730630966
3.2459999999991043,19.09388411079053
3.246999999999102,14.02055475804311
3.2479999999990996,6.98682893745536
3.2489999999990973,-1.0220148759944392
3.249999999999095,-8.88846867540977
3.2509999999990926,-15.515336800459613
3.2519999999990903,-19.975027266300142
3.252999999999088,-21.637337305993086
3.2539999999990856,-20.259250755272905
3.2549999999990833,-16.023542922801823
3.255999999999081,-9.518431551610565
3.2569999999990786,-1.6583073171349416
3.2579999999990763,6.44510555207369
3.258999999999074,13.64284114038184
3.2599999999990716,18.91544725437022
3.2609999999990693,21.520136686529728
3.261999999999067,21.095612745085088
3.2629999999990646,17.709683727369445
3.2639999999990623,11.844776827885017
3.26499999999906,4.326150982519605
3.2659999999990577,-3.7948890208433363
3.2669999999990553,-11.385907390989633
3.267999999999053,-17.387560926991732
3.2689999999990507,-20.95816025750717
3.2699999999990483,-21.590637719057217
3.270999999999046,-19.186249484730943
3.2719999999990437,-14.073380485125721
3.2729999999990413,-6.966184529591662
3.273999999999039,1.1336823545270904
3.2749999999990367,9.079528119752728
3.2759999999990344,15.74532776050283
3.276999999999032,20.18890763454716
3.2779999999990297,21.787023731194335
3.2789999999990274,20.3219471898282
3.279999999999025,16.007988130936628
3.2809999999990227,9.456494972137653
3.2819999999990204,1.58693829628058
3.282999999999018,-6.501774922150406
3.2839999999990157,-13.681957500767492
3.2849999999990134,-18.95065763851378
3.285999999999011,-21.56717157336991
3.2869999999990087,-21.157113469814043
3.2879999999990064,-17.76845053329526
3.288999999999004,-11.869792256479974
3.2899999999990017,-4.288466222549233
3.2909999999989994,3.9050274882094587
3.291999999998997,11.550315895105031
3.2929999999989947,17.565098260038578
3.2939999999989924,21.10148890287223
3.29499999999899,21.66649650092249
3.2959999999989877,19.18901396290009
3.2969999999989854,14.025174679594311
3.297999999998983,6.903859846715935
3.2989999999989807,-1.1775625830144791
3.2999999999989784,-9.091622511494236
3.300999999998976,-15.734779902410748
3.3019999999989738,-20.17786048009127
3.3029999999989714,-21.79427814158566
3.303999999998969,-20.34929933464102
3.3049999999989668,-16.037140573001494
3.3059999999989644,-9.45844800984619
3.306999999998962,-1.5387320645057982
3.3079999999989598,6.60231802523514
3.3089999999989574,13.811925529921414
3.309999999998955,19.071043941342392
3.310999999998953,21.64083662600919
3.3119999999989505,21.16645557036153
3.312999999998948,17.723562835088135
3.313999999998946,11.80287067653892
3.3149999999989435,4.237484702905758
3.315999999998941,-3.9147467635375692
3.316999999998939,-11.517047203634103
3.3179999999989365,-17.508752701873064
3.318999999998934,-21.05034554352475
3.319999999998932,-21.640265021126375
3.3209999999989295,-19.187684528776863
3.321999999998927,-14.029749500558449
3.322999999998925,-6.888395478819157
3.3239999999989225,1.2294825854726816
3.32499999999892,9.175367718469841
3.325999999998918,15.824816748365098
3.3269999999989155,20.23988525758693
3.327999999998913,21.803048252871722
3.328999999998911,20.302630359276797
3.3299999999989085,15.958451182196244
3.330999999998906,9.38627937854142
3.331999999998904,1.5085858631110807
3.3329999999989015,-6.574420871601311
3.333999999998899,-13.73573990622501
3.334999999998897,-18.975287716963106
3.3359999999988945,-21.557289750284998
3.336999999998892,-21.113719767469565
3.33799999999889,-17.699177938316424
3.3389999999988875,-11.78772682160154
3.339999999998885,-4.209636006132321
3.340999999998883,3.9649325322429405
3.3419999999988805,11.579162164979671
3.342999999998878,17.556657759654435
3.343999999998876,21.056416479007538
3.3449999999988735,21.591877366322258
3.345999999998871,19.096816181543225
3.346999999998869,13.930129785183938
3.3479999999988665,6.821243805737307
3.348999999998864,-1.2339780064836163
3.349999999998862,-9.111377264801225
3.3509999999988596,-15.712289197456572
3.3519999999988572,-20.113638276001872
3.352999999998855,-21.695554321009887
3.3539999999988526,-20.229664707947098
3.3549999999988502,-15.914946273246093
3.355999999998848,-9.353989467263556
3.3569999999988456,-1.4706580628564951
3.3579999999988432,6.620594434725887
3.358999999998841,13.774940576320683
3.3599999999988386,18.982453015113183
3.3609999999988363,21.512805934166835
3.361999999998834,21.017526113496046
3.3629999999988316,17.57558285336575
3.3639999999988293,11.677686152038607
3.364999999998827,4.153934053258915
3.3659999999988246,-3.9432436797552586
3.3669999999988223,-11.484225847976003
3.36799999999882,-17.416549212497884
3.3689999999988176,-20.90915603417802
3.3699999999988153,-21.468213280564232
3.370999999998813,-19.00868801675448
3.3719999999988106,-13.87035922661394
3.3729999999988083,-6.773731986205579
3.373999999998806,1.2800045723470213
3.3749999999988036,9.151617447008693
3.3759999999988013,15.727987348992713
3.376999999998799,20.082505809845458
3.3779999999987966,21.606990658811693
3.3789999999987943,20.095615542244264
3.379999999998792,15.769833922783587
3.3809999999987896,9.242894731450981
3.3819999999987873,1.4312282318149727
3.382999999998785,-6.573594076916478
3.3839999999987826,-13.654788665205713
3.3849999999987803,-18.823013914366193
3.385999999998778,-21.35260971123669
3.3869999999987757,-20.88374396180088
3.3879999999987733,-17.475944191502595
3.388999999998771,-11.603794559067547
3.3899999999987687,-4.093112687563402
3.3909999999987663,3.995052384239619
3.391999999998764,11.516373014685598
3.3929999999987617,17.40826931948703
3.3939999999987593,20.8425250246668
3.394999999998757,21.342229671452632
3.3959999999987547,18.846262127807822
3.3969999999987524,13.713561110919633
3.39799999999875,6.668845072067967
3.3989999999987477,-1.3005916345862678
3.3999999999987454,-9.081839962654989
3.400999999998743,-15.58886682859392
3.4019999999987407,-19.91124348181287
3.4029999999987384,-21.44030210003407
3.403999999998736,-19.955904560524527
3.4049999999987337,-15.66087868023755
3.4059999999987314,-9.1562900359974
3.406999999998729,-1.3588872732062893
3.4079999999987267,6.628787078154257
3.4089999999987244,13.67683900410158
3.409999999998722,18.790871168841203
3.4109999999987197,21.2541380819901
3.4119999999987174,20.72768823447111
3.412999999998715,17.294679289421076
3.4139999999987127,11.44436345922893
3.4149999999987104,4.000255464701401
3.415999999998708,-3.995839773447808
3.4169999999987057,-11.427584183982216
3.4179999999987034,-17.256930982951364
3.418999999998701,-20.666752272914543
3.4199999999986987,-21.17496220250567
3.4209999999986964,-18.704420047183167
3.421999999998694,-13.597534613289017
3.4229999999986918,-6.571381445030328
3.4239999999986894,1.3822028430105755
3.424999999998687,9.138047670237237
3.4259999999986848,15.599655899431564
3.4269999999986824,19.856933596882172
3.42799999999868,21.315505054203523
3.4289999999986778,19.778599187141133
3.4299999999986754,15.470858620520032
3.430999999998673,9.002722659202313
3.431999999998671,1.2824974783694183
3.4329999999986685,-6.610453351089505
3.433999999998666,-13.57410120353921
3.434999999998664,-18.634701559487105
3.4359999999986615,-21.081217554574188
3.436999999998659,-20.56560521467124
3.437999999998657,-17.154603598272868
3.4389999999986545,-11.324103733736443
3.439999999998652,-3.894762487230691
3.44099999999865,4.083524430117542
3.4419999999986475,11.482009012452389
3.442999999998645,17.255698457763398
3.443999999998643,20.59318053238089
3.4449999999986405,21.03098436322007
3.445999999998638,18.516184339840976
3.446999999998636,13.409759349780469
3.4479999999986335,6.432370526359384
3.448999999998631,-1.4380118135450015
3.449999999998629,-9.101728130165283
3.4509999999986265,-15.488284353055278
3.451999999998624,-19.703270870320992
3.452999999998622,-21.15260586753883
3.4539999999986195,-19.627391619046698
3.454999999998617,-15.336651148138385
3.455999999998615,-8.881430203457883
3.4569999999986125,-1.1719363155417017
3.45799999999861,6.701583189118584
3.458999999998608,13.625474725884516
3.4599999999986055,18.62298745784664
3.460999999998603,20.993671044246202
3.461999999998601,20.411098647693223
3.4629999999985985,16.965530546411646
3.463999999998596,11.147207310358597
3.464999999998594,3.774732953547409
3.4659999999985915,-4.119984694329967
3.466999999998589,-11.4341258412256
3.467999999998587,-17.14514655833449
3.4689999999985845,-20.45160049374848
3.469999999998582,-20.885360019310937
3.47099999999858,-18.379652801496533
3.4719999999985776,-13.282074695935705
3.4729999999985752,-6.30871257924243
3.473999999998573,1.5558555754636962
3.4749999999985706,9.199033539981656
3.4759999999985682,15.54031108287382
3.476999999998566,19.68649224876886
3.4779999999985636,21.058405033834426
3.4789999999985612,19.470630232252155
3.479999999998559,15.153917782056425
3.4809999999985566,8.719070280363093
3.4819999999985543,1.0693123434206124
3.482999999998552,-6.725628718219019
3.4839999999985496,-13.576643683057368
3.4849999999985473,-18.5246741364263
3.485999999998545,-20.87344556855864
3.4869999999985426,-20.287955064093932
3.4879999999985403,-16.844500697412027
3.488999999998538,-11.023577732911892
3.4899999999985356,-3.644624141017077
3.4909999999985333,4.249499587064095
3.491999999998531,11.541911377296351
3.4929999999985286,17.202487864136653
3.4939999999985263,20.43537997271559
3.494999999998524,20.791054643809975
3.4959999999985216,18.22700769893337
3.4969999999985193,13.10993926641689
3.497999999998517,6.161111777158978
3.4989999999985146,-1.645802977696642
3.4999999999985123,-9.219625963047624
3.50099999999851,-15.501478359438382
3.5019999999985076,-19.6103979491115
3.5029999999985053,-20.966058399281955
3.503999999998503,-19.371937982630524
3.5049999999985006,-15.046361556905136
3.5059999999984983,-8.595167604491666
3.506999999998496,-0.9279894119429138
3.5079999999984937,6.870893635491414
3.5089999999984913,13.698307103167497
3.509999999998489,18.59084829523418
3.5109999999984867,20.86222589790285
3.5119999999984843,20.198933884095077
3.512999999998482,16.701244195358612
3.5139999999984797,10.865418886560862
3.5149999999984773,3.5116319169336467
3.515999999998475,-4.331030022987849
3.5169999999984727,-11.566505944649178
3.5179999999984704,-17.182187147859956
3.518999999998468,-20.388686114948683
3.5199999999984657,-20.730710163861072
3.5209999999984634,-18.153508091346794
3.521999999998461,-13.014219297713803
3.5229999999984587,-6.034540596004264
3.5239999999984564,1.8002021589252035
3.524999999998454,9.381682341476852
3.5259999999984517,15.63799252235155
3.5269999999984494,19.687494099727374
3.527999999998447,20.963765663418968
3.5289999999984447,19.293553845253026
3.5299999999984424,14.917694985772767
3.53099999999844,8.453944450881924
3.5319999999984377,0.8087458640653893
3.5329999999984354,-6.948903198730637
3.533999999998433,-13.734466635792547
3.5349999999984307,-18.596884536514477
3.5359999999984284,-20.850528834289744
3.536999999998426,-20.17251615849833
3.5379999999984237,-16.65121448049615
3.5389999999984214,-10.777452990207681
3.539999999998419,-3.3777175372184183
3.5409999999984167,4.502453630434677
3.5419999999984144,11.748245614807704
3.542999999998412,17.335941643657137
3.5439999999984098,20.479379554879124
3.5449999999984074,20.74054533915588
3.545999999998405,18.088750211974418
3.5469999999984028,12.90141362204549
3.5479999999984004,5.908296863743862
3.548999999998398,-1.9114723609467805
3.5499999999983958,-9.464880762202286
3.5509999999983934,-15.69514166341399
3.551999999998391,-19.72727120870287
3.552999999998389,-20.990310192106577
3.5539999999983864,-19.299470890137037
3.554999999998384,-14.885682595125145
3.555999999998382,-8.36649157655212
3.5569999999983795,-0.6606244126839868
3.557999999998377,7.142486296192384
3.558999999998375,13.939133099418406
3.5599999999983725,18.76994801698844
3.56099999999837,20.956545921507534
3.561999999998368,20.196064537297307
3.5629999999983655,16.600816459563944
3.563999999998363,10.67913084146685
3.564999999998361,3.26196963256098
3.5659999999983585,-4.613270190802615
3.566999999998356,-11.845736688254888
3.567999999998354,-17.422326984857488
3.5689999999983515,-20.557803720765044
3.569999999998349,-20.805416512217732
3.570999999998347,-18.122408099949762
3.5719999999983445,-12.879798978481407
3.572999999998342,-5.813099892248051
3.57399999999834,2.0806089088991504
3.5749999999983375,9.684968869709845
3.575999999998335,15.924820447581794
3.576999999998333,19.920386085864042
3.5779999999983305,21.111868159396057
3.578999999998328,19.33650875932992
3.579999999998326,14.848248544308984
3.5809999999983235,8.279060266851936
3.581999999998321,0.549089320268444
3.582999999998319,-7.2611456110528305
3.5839999999983165,-14.059327832022877
3.584999999998314,-18.891602553127594
3.585999999998312,-21.075213600904533
3.5869999999983095,-20.29571841323731
3.587999999998307,-16.654527325315847
3.588999999998305,-10.658370408154775
3.5899999999983025,-3.150250723399951
3.5909999999983,4.809509724564503
3.591999999998298,12.095103173697444
3.5929999999982956,17.67706873347192
3.5939999999982932,20.76944890933285
3.594999999998291,20.940312480289897
3.5959999999982886,18.170173999181124
3.5969999999982862,12.851454066143209
3.597999999998284,5.7309504254773245
3.5989999999982816,-2.1952055482473978
3.5999999999982792,-9.819227576938685
3.600999999998277,-16.073868329872447
3.6019999999982746,-20.079651312533574
3.6029999999982723,-21.268004388410738
3.60399999999827,-19.46333703070689
3.6049999999982676,-14.911464736994073
3.6059999999982653,-8.24847672648844
3.606999999998263,-0.4126851200664072
3.6079999999982606,7.4886083097531895
3.6089999999982583,14.338010407510886
3.609999999998256,19.16848345247854
3.6109999999982536,21.300985426445767
3.6119999999982513,20.43910770346732
3.612999999998249,16.707961907896127
3.6139999999982466,10.633490413664493
3.6149999999982443,3.0669262594242066
3.615999999998242,-4.933989836634077
3.6169999999982396,-12.250730577561514
3.6179999999982373,-17.8577299427176
3.618999999998235,-20.96445024002171
3.6199999999982326,-21.126999720281805
3.6209999999982303,-18.31344908285181
3.621999999998228,-12.912214476900399
3.6229999999982256,-5.680358132977506
3.6239999999982233,2.3623663377352226
3.624999999998221,10.07897759716157
3.6259999999982186,16.378582017458964
3.6269999999982163,20.37268325310949
3.627999999998214,21.500955213134016
3.6289999999982117,19.60842137324647
3.6299999999982093,14.964186107963245
3.630999999998207,8.220892935383146
3.6319999999982047,0.32222753498721707
3.6329999999982023,-7.628001086600157
3.6339999999982,-14.517659824613629
3.6349999999981977,-19.379430948262335
3.6359999999981953,-21.52552798205765
3.636999999998193,-20.645818478722333
3.6379999999981907,-16.854905160627254
3.6389999999981884,-10.679807697505638
3.639999999998186,-2.9880761722688134
3.6409999999981837,5.134610922297597
3.6419999999981814,12.539811196883205
3.642999999998179,18.18126326944639
3.6439999999981767,21.264332306730854
3.6449999999981744,21.357730522231027
3.645999999998172,18.451916323918226
3.6469999999981697,12.957321894337827
3.6479999999981674,5.644509552106401
3.648999999998165,-2.464014181248433
3.6499999999981627,-10.235071884429672
3.6509999999981604,-16.580581292341183
3.651999999998158,-20.60781775672189
3.6529999999981557,-21.744557358254973
3.6539999999981534,-19.821799411150717
3.654999999998151,-15.101342603994361
3.6559999999981487,-8.242429374875385
3.6569999999981464,-0.2104397878583378
3.657999999998144,7.86013279649182
3.6589999999981417,14.828353322600714
3.6599999999981394,19.710528394032313
3.660999999998137,21.820128917135673
3.6619999999981347,20.863477181312444
3.6629999999981324,16.97832376949409
3.66399999999813,10.711518302665235
3.6649999999981278,2.9406857002618643
3.6659999999981254,-5.248147094574999
3.666999999998123,-12.71020188206834
3.6679999999981208,-18.39941756564568
3.6689999999981184,-21.513476684322903
3.669999999998116,-21.607161358905987
3.6709999999981138,-18.657907262671745
3.6719999999981114,-13.072880458765177
3.672999999998109,-5.6346299600111704
3.673999999998107,2.6084531860912827
3.6749999999981044,10.49159576518695
3.675999999998102,16.900801278501998
3.6769999999981,20.932333321563636
3.6779999999980975,22.020581301817938
3.678999999998095,20.01598350034855
3.679999999998093,15.20305132981847
3.6809999999980905,8.257746464368632
3.681999999998088,0.1517855463964142
3.682999999998086,-7.98217419621781
3.6839999999980835,-15.00638774291812
3.684999999998081,-19.934787827531686
3.685999999998079,-22.070360686350693
3.6869999999980765,-21.1045641135077
3.687999999998074,-17.164151820338635
3.688999999998072,-10.797099189960079
3.6899999999980695,-2.897737276928997
3.690999999998067,5.4194089779993675
3.691999999998065,12.978991215792279
3.6929999999980625,18.713487822817484
3.69399999999806,21.81556214852795
3.694999999998058,21.85151937262915
3.6959999999980555,18.82003073222179
3.696999999998053,13.149218575474999
3.697999999998051,5.634341535752117
3.6989999999980485,-2.6738615509077546
3.699999999998046,-10.614427748115052
3.700999999998044,-17.07585506133209
3.7019999999980415,-21.149644293233482
3.702999999998039,-22.257603716633067
3.703999999998037,-20.235314500409924
3.7049999999980345,-15.358951799049935
3.705999999998032,-8.309818737252739
3.70699999999803,-0.07990170733762517
3.7079999999980275,8.168869571878137
3.708999999998025,15.27107816386792
3.709999999998023,20.224853854364643
3.7109999999980205,22.334269254757967
3.711999999998018,21.30628788019039
3.712999999998016,17.2892056994866
3.7139999999980136,10.848792362301944
3.7149999999980112,2.8872474201407106
3.715999999998009,-5.482694397957652
3.7169999999980066,-13.09121559363263
3.7179999999980042,-18.872397919613935
3.718999999998002,-22.01195843633977
3.7199999999979996,-22.062134880627234
3.7209999999979972,-19.00740879844464
3.721999999997995,-13.270419620152305
3.7229999999979926,-5.655333341612937
3.7239999999979903,2.764759741018311
3.724999999997988,10.800722952865971
3.7259999999979856,17.317859248765608
3.7269999999979833,21.398199386360474
3.727999999997981,22.470276245977786
3.7289999999979786,20.387788804884625
3.7299999999979763,15.447076831546307
3.730999999997974,8.34272020066181
3.7319999999979716,0.06909419540906304
3.7329999999979693,-8.217745293903723
3.733999999997967,-15.35925256401785
3.7349999999979646,-20.354023376586305
3.7359999999979623,-22.497153377983757
3.73699999999796,-21.480511700941534
3.7379999999979576,-17.43924015922354
3.7389999999979553,-10.936290875312695
3.739999999997953,-2.885352148374645
3.7409999999979506,5.578024819969525
3.7419999999979483,13.258661889007477
3.742999999997946,19.073068892864573
3.7439999999979436,22.203928066122966
3.7449999999979413,22.214847593290106
3.745999999997939,19.10935185107944
3.7469999999979366,13.327139115319941
3.7479999999979343,5.679956844772621
3.748999999997932,-2.7625621485475205
3.7499999999979297,-10.820948239380595
3.7509999999979273,-17.368199439060355
3.751999999997925,-21.48536528635116
3.7529999999979227,-22.590045357325195
3.7539999999979203,-20.52010059803019
3.754999999997918,-15.559832205254807
3.7559999999979157,-8.403157693318521
3.7569999999979133,-0.05732108720277392
3.757999999997911,8.299936563912961
3.7589999999979087,15.48892751020661
3.7599999999979064,20.496913514587227
3.760999999997904,22.62190094295654
3.7619999999979017,21.570319546583455
3.7629999999978994,17.495390950333032
3.763999999997897,10.972377500109424
3.7649999999978947,2.9159628745011275
3.7659999999978924,-5.547623719693748
3.76699999999789,-13.236084917120733
3.7679999999978877,-19.073750142789255
3.7689999999978854,-22.240451032880642
3.769999999997883,-22.286859758366347
3.7709999999978807,-19.200016034967238
3.7719999999978784,-13.408537818746492
3.772999999997876,-5.724959017069977
3.7739999999978737,2.7680686707643645
3.7749999999978714,10.871889711983142
3.775999999997869,17.443506354568452
3.7769999999978667,21.55887718580891
3.7779999999978644,22.64341214476074
3.778999999997862,20.550939481398572
3.7799999999978597,15.58097973882515
3.7809999999978574,8.43364878584901
3.781999999997855,0.11015074314759013
3.7829999999978527,-8.226534123006198
3.7839999999978504,-15.411905279824552
3.784999999997848,-20.440289396140738
3.7859999999978458,-22.604469142235214
3.7869999999978434,-21.59582493304253
3.787999999997841,-17.550447799019427
3.7889999999978388,-11.033214045540497
3.7899999999978364,-2.9603043144292305
3.790999999997834,5.529972954719641
3.7919999999978318,13.239645259101982
3.7929999999978294,19.082598003382017
3.793999999997827,22.23927132618837
3.794999999997825,22.271600547956677
3.7959999999978224,19.182096060983103
3.79699999999782,13.410031243542102
3.797999999997818,5.767089789455888
3.7989999999978155,-2.677096888192425
3.799999999997813,-10.743221526646366
3.800999999997811,-17.304615822058974
3.8019999999978085,-21.44257754794053
3.802999999997806,-22.57441587664387
3.803999999997804,-20.53669178349464
3.8049999999978015,-15.611123652022753
3.805999999997799,-8.487846717091712
3.806999999997797,-0.16959551788776075
3.8079999999977945,8.170372860276606
3.808999999997792,15.355997005106945
3.80999999999779,20.376605465064443
3.8109999999977875,22.530280388896188
3.811999999997785,21.521412179271206
3.812999999997783,17.499205788430494
3.8139999999977805,11.033259434805156
3.814999999997778,3.031428764482481
3.815999999997776,-5.387400099584979
3.8169999999977735,-13.04794362894233
3.817999999997771,-18.88019054906846
3.818999999997769,-22.067185119261566
3.8199999999977665,-22.159428442531336
3.820999999997764,-19.139898889138507
3.821999999997762,-13.429416037051944
3.8229999999977595,-5.829875135658715
3.823999999997757,2.588025131410653
3.824999999997755,10.637031337160593
3.8259999999977525,17.18316839388881
3.82699999999775,21.30759238241314
3.827999999997748,22.43624630280501
3.8289999999977455,20.41866325386955
3.829999999997743,15.545698184235574
3.830999999997741,8.50540024923561
3.8319999999977385,0.284878645017885
3.832999999997736,-7.967323653518076
3.833999999997734,-15.099592491555995
3.8349999999977316,-20.115662180862238
3.8359999999977292,-22.31255183391339
3.836999999997727,-21.379589523857238
3.8379999999977246,-17.444303601891704
3.8389999999977222,-11.057357726060097
3.83999999999772,-3.1169698320924417
3.8409999999977176,5.257617753597645
3.8419999999977152,12.885686537555825
3.842999999997713,18.69391302944939
3.8439999999977106,21.869127649918553
3.8449999999977083,21.972295630155827
3.845999999997706,18.997676506666693
3.8469999999977036,13.370033497310567
3.8479999999977013,5.8820656306886105
3.848999999997699,-2.417706749539968
3.8499999999976966,-10.37051097800488
3.8509999999976943,-16.866825535739213
3.851999999997692,-20.99910838776968
3.8529999999976896,-22.187852498672978
3.8539999999976873,-20.263855687187704
3.854999999997685,-15.49448523685529
3.8559999999976826,-8.548714141151084
3.8569999999976803,-0.4042913900209089
3.857999999997678,7.7906203889768495
3.8589999999976756,14.88137421172402
3.8599999999976733,19.871825135535293
3.860999999997671,22.065570686242147
3.8619999999976686,21.162727297652896
3.8629999999976663,17.299016166897534
3.863999999997664,11.023108954516
3.8649999999976616,3.21717916135227
3.8659999999976593,-5.02702119397874
3.866999999997657,-12.55920352897802
3.8679999999976546,-18.328711073927195
3.8689999999976523,-21.529334195216048
3.86999999999765,-21.71175775600919
3.8709999999976477,-18.84806849693084
3.8719999999976453,-13.33829060458831
3.872999999997643,-5.956423049286254
3.8739999999976407,2.257790554950287
3.8749999999976383,10.14649784736734
3.875999999997636,16.59918016012283
3.8769999999976337,20.711064963600965
3.8779999999976313,21.910797281546284
3.878999999997629,20.03892326907173
3.8799999999976267,15.366898051125448
3.8809999999976244,8.555566065562775
3.881999999997622,0.5606019049014647
3.8829999999976197,-7.5009809115240005
3.8839999999976174,-14.504936025975448
3.884999999997615,-19.474310850878037
3.8859999999976127,-21.714381493878914
3.8869999999976104,-20.91008189052437
3.887999999997608,-17.17209492956917
3.8889999999976057,-11.023911309199953
3.8899999999976034,-3.330072717095118
3.890999999997601,4.825411465326797
3.8919999999975987,12.293368171584303
3.8929999999975964,18.023674580150658
3.893999999997594,21.21468959489339
3.8949999999975917,21.42569156581606
3.8959999999975894,18.636395793059684
3.896999999997587,13.246248779665676
3.8979999999975847,6.015306462741406
3.8989999999975824,-2.0435323117075206
3.89999999999758,-9.805342422698665
3.9009999999975777,-16.188044814369995
3.9019999999975754,-20.301183458932986
3.902999999997573,-21.569276629298876
3.9039999999975707,-19.813126141205853
3.9049999999975684,-15.277165271986803
3.905999999997566,-8.597601868923352
3.9069999999975638,-0.7143153773459614
3.9079999999975614,7.261903290077405
3.908999999997559,14.207739352514361
3.9099999999975568,19.147776572555784
3.9109999999975544,21.392849635442378
3.911999999997552,20.63596418825698
3.9129999999975498,16.992554169835984
3.9139999999975474,10.980736899201663
3.914999999997545,3.4460486583536074
3.915999999997543,-4.557558639394609
3.9169999999975404,-11.913668600265611
3.917999999997538,-17.596888333200393
3.918999999997536,-20.813985224206103
3.9199999999975335,-21.1142162331933
3.920999999997531,-18.453707187572977
3.921999999997529,-13.204023317118722
3.9229999999975265,-6.10221648808139
3.923999999997524,1.8519940019030745
3.924999999997522,9.53791858287805
3.9259999999975195,15.87386373889805
3.926999999997517,19.971418136238842
3.927999999997515,21.260947053607104
3.9289999999975125,19.57006934987626
3.92999999999751,15.144689847278535
3.930999999997508,8.611133368456185
3.9319999999975055,0.88632417631401
3.932999999997503,-6.950476199810321
3.933999999997501,-13.806657697830358
3.9349999999974985,-18.726382852208047
3.935999999997496,-21.022409665023478
3.936999999997494,-20.37220659222468
3.9379999999974915,-16.864849757242197
3.938999999997489,-10.991029520874282
3.939999999997487,-3.5760272714451684
3.9409999999974845,4.33606449083961
3.941999999997482,11.630724080663782
3.94299999999748,17.28215629419469
3.9439999999974775,20.49932772706375
3.944999999997475,20.83712820966423
3.945999999997473,18.256797427685143
3.9469999999974705,13.128039667447569
3.947999999997468,6.174136390440924
3.948999999997466,-1.6307717441267429
3.9499999999974635,-9.197258096899253
3.950999999997461,-15.470649402941515
3.951999999997459,-19.57596146860902
3.9529999999974565,-20.938932060615045
3.953999999997454,-19.366946639234296
3.954999999997452,-15.078125079197909
3.9559999999974496,-8.673187730898123
3.9569999999974472,-1.0525540680157266
3.957999999997445,6.710552975142314
3.9589999999974426,13.522937631256905
3.9599999999974402,18.42751805770726
3.960999999997438,20.739224790266416
3.9619999999974356,20.14063687944534
3.9629999999974332,16.72403114816462
3.963999999997431,10.97511125607043
3.9649999999974286,3.702333052386561
3.9659999999974263,-4.077016493407451
3.966999999997424,-11.277806785467277
3.9679999999974216,-16.89628094889358
3.9689999999974193,-20.148142234840094
3.969999999997417,-20.577499688538243
3.9709999999974146,-18.121822275265913
3.9719999999974123,-13.123082164277747
3.97299999999741,-6.282083715964759
3.9739999999974076,1.4389872986632135
3.9749999999974053,8.952669329894599
3.975999999997403,15.201306926226016
3.9769999999974006,19.307951863578467
3.9779999999973983,20.700460301343632
3.978999999997396,19.19066872549924
3.9799999999973936,14.997979453134045
3.9809999999973913,8.715415179130575
3.981999999997389,1.2244846670763283
3.9829999999973866,-6.428240580556437
3.9839999999973843,-13.175694454089363
3.984999999997382,-18.07694794833429
3.9859999999973796,-20.446917757667748
3.9869999999973773,-19.952078746232072
3.987999999997375,-16.65882677455552
3.9889999999973726,-11.026712575938108
3.9899999999973703,-3.845991534721827
3.990999999997368,3.8729330983213197
3.9919999999973657,11.042874953726162
3.9929999999973633,16.65504513830414
3.993999999997361,19.9227860041503
3.9949999999973587,20.39240390475577
3.9959999999973563,18.005175795179873
3.996999999997354,13.102587888393273
3.9979999999973517,6.375570892322
3.9989999999973493,-1.2336980065483634
3.999999999997347,-8.66302207019606
4.000999999997345,-14.876554577926235
4.001999999997342,-19.007168247345405
4.00299999999734,-20.47636507524457
4.003999999997338,-19.07573484989517
4.004999999997335,-14.998249818328402
4.005999999997333,-8.813777594029151
4.006999999997331,-1.3907574687406254
4.007999999997328,6.225906514577074
4.008999999997326,12.963472670719874
4.009999999997324,17.87452946234483
4.010999999997321,20.27170712823071
4.011999999997319,19.823970750761166
4.012999999997317,16.60095536582415
4.013999999997314,11.060157126067827
4.014999999997312,3.9803310778153382
4.01599999999731,-3.6483147223057046
4.016999999997307,-10.76145051883564
4.017999999997305,-16.36705879329197
4.018999999997303,-19.68193460762989
4.0199999999973,-20.240466734163512
4.020999999997298,-17.96093472178399
4.021999999997296,-13.159395782415874
4.022999999997293,-6.507819261707402
4.023999999997291,1.0590550956902733
4.024999999997289,8.475705495693425
4.025999999997286,14.69767706176085
4.026999999997284,18.850669100504827
4.027999999997282,20.354496103800773
4.028999999997279,19.00374650083335
4.029999999997277,14.994137667265747
4.030999999997275,8.892125235164194
4.031999999997272,1.553558401303188
4.03299999999727,-5.996224298138079
4.033999999997268,-12.704127362737104
4.034999999997265,-17.63408931506374
4.035999999997263,-20.09615999946
4.036999999997261,-19.742898350152846
4.0379999999972584,-16.619704632164567
4.038999999997256,-11.161096190500409
4.039999999997254,-4.131965033272576
4.0409999999972515,3.4791702789642933
4.041999999997249,10.600247884952987
4.042999999997247,16.22864659659176
4.0439999999972445,19.57416677839528
4.044999999997242,20.17063516113292
4.04599999999724,17.940009228072626
4.0469999999972375,13.200628975867955
4.047999999997235,6.619869083943308
4.048999999997233,-0.8807423163766945
4.0499999999972305,-8.253956594673777
4.050999999997228,-14.47121559182705
4.051999999997226,-18.664102702100013
4.0529999999972235,-20.244479609307025
4.053999999997221,-18.9873146993119
4.054999999997219,-15.064357006636385
4.0559999999972165,-9.022749862145632
4.056999999997214,-1.710092871098698
4.057999999997212,5.844526090232311
4.0589999999972095,12.576793762042673
4.059999999997207,17.539156247898863
4.060999999997205,20.03571687721361
4.0619999999972025,19.720013447203183
4.0629999999972,16.64183321578176
4.063999999997198,11.237431151078315
4.0649999999971955,4.266014301519587
4.065999999997193,-3.2973526548184244
4.066999999997191,-10.397070742526157
4.0679999999971885,-16.042345345859292
4.068999999997186,-19.443604977490107
4.069999999997184,-20.122218304596107
4.0709999999971815,-17.978647960688555
4.071999999997179,-13.30890393814264
4.072999999997177,-6.7656222236205
4.0739999999971745,0.7321854119028643
4.074999999997172,8.128746563478531
4.07599999999717,14.38193009154356
4.076999999997168,18.612066514339602
4.077999999997165,20.22685834837758
4.078999999997163,19.004014121777914
4.079999999997161,15.120238881173396
4.080999999997158,9.123688676993686
4.081999999997156,1.8552427227985857
4.082999999997154,-5.669364024100483
4.083999999997151,-12.40004728196605
4.084999999997149,-17.39685938467388
4.085999999997147,-19.959688638593676
4.086999999997144,-19.726122724596582
4.087999999997142,-16.72391924405109
4.08899999999714,-11.369830884700983
4.089999999997137,-4.413478984250739
4.090999999997135,3.1671052667199353
4.091999999997133,10.30397895905293
4.09299999999713,15.991671567273885
4.093999999997128,19.430664821042175
4.094999999997126,20.14050737767913
4.095999999997123,18.02616764650678
4.096999999997121,13.388880054592574
4.097999999997119,6.881313684921719
4.098999999997116,-0.5852423760782753
4.099999999997114,-7.967959343471074
4.100999999997112,-14.236378262852371
4.101999999997109,-18.51423114260541
4.102999999997107,-20.200743928140195
4.103999999997105,-19.05527406411916
4.104999999997102,-15.233213983238066
4.1059999999971,-9.266969761187857
4.106999999997098,-1.9931945161215163
4.107999999997095,5.564535299781111
4.108999999997093,12.341144335959736
4.109999999997091,17.382170348065404
4.110999999997088,19.979749739171865
4.111999999997086,19.772263297696693
4.112999999997084,16.79348136838416
4.113999999997081,11.465184416796568
4.114999999997079,4.535743343297831
4.115999999997077,-3.025483840187487
4.116999999997074,-10.162767876215876
4.117999999997072,-15.8794756629998
4.11899999999707,-19.375397018223335
4.119999999997067,-20.15800765896119
4.120999999997065,-18.112602933829685
4.121999999997063,-13.520913635301229
4.12299999999706,-7.024245633736096
4.123999999997058,0.4651026783908583
4.124999999997056,7.892441973542571
4.125999999997053,14.210914483090987
4.126999999997051,18.53102265006494
4.127999999997049,20.24703769282665
4.128999999997046,19.121682261617778
4.129999999997044,15.317383263022226
4.130999999997042,9.370836578499302
4.131999999997039,2.1159142978466634
4.132999999997037,-5.433268012805236
4.133999999997035,-12.222724278507533
4.134999999997032,-17.303730620233225
4.13599999999703,-19.963831000492018
4.136999999997028,-19.82647499966669
4.137999999997025,-16.90549467910175
4.138999999997023,-11.605908106490018
4.139999999997021,-4.669479962813054
4.140999999997018,2.928582330110802
4.141999999997016,10.11768802978593
4.142999999997014,15.884614769892526
4.143999999997011,19.41812950541905
4.144999999997009,20.223854297559985
4.145999999997007,18.192707605268065
4.146999999997004,13.613842954999534
4.147999999997002,7.131583609746256
4.148999999997,-0.34621784442025433
4.149999999996997,-7.774834306220152
4.150999999996995,-14.116928904816863
4.151999999996993,-18.48542870609796
4.15299999999699,-20.266406001888765
4.153999999996988,-19.205593092073755
4.154999999996986,-15.446210217527652
4.155999999996983,-9.511664348185084
4.156999999996981,-2.234069206273686
4.157999999996979,5.362408612483844
4.1589999999969764,12.207032116257583
4.159999999996974,17.335405754931298
4.160999999996972,20.026904341512186
4.1619999999969695,19.906199405835025
4.162999999996967,16.99443577715407
4.163999999996965,11.703716472433214
4.1649999999969625,4.777089457518361
4.16599999999696,-2.816317448388728
4.166999999996958,-10.015937755848222
4.1679999999969555,-15.815994255608611
4.168999999996953,-19.404185572520007
4.169999999996951,-20.274696710306095
4.1709999999969485,-18.300218662628097
4.171999999996946,-13.752334896510149
4.172999999996944,-7.266085581784143
4.1739999999969415,0.2477238619650038
4.174999999996939,7.730892429952073
4.175999999996937,14.128519739459872
4.1769999999969345,18.539666949170435
4.177999999996932,20.34541058230163
4.17899999999693,19.295450729006028
4.1799999999969275,15.541280861230097
4.180999999996925,9.612363531364375
4.181999999996923,2.3400906086422664
4.1829999999969205,-5.258813899806649
4.183999999996918,-12.123088178462247
4.184999999996916,-17.293161441080937
4.1859999999969135,-20.043749264213883
4.186999999996911,-19.98533228776987
4.187999999996909,-17.12046362325175
4.1889999999969065,-11.84614764998056
4.189999999996904,-4.900518269726115
4.190999999996902,2.739948010359779
4.1919999999968995,9.998647417490007
4.192999999996897,15.852421262261565
4.193999999996895,19.47756740913692
4.1949999999968925,20.366486394824847
4.19599999999689,18.398043121134325
4.196999999996888,13.852279306399979
4.197999999996886,7.368698592542154
4.198999999996883,-0.1446621550919299
4.199999999996881,-7.637926350318791
4.200999999996879,-14.064418330509113
4.201999999996876,-18.524917926541423
4.202999999996874,-20.392306381941452
4.203999999996872,-19.399963555406217
4.204999999996869,-15.681330647388368
4.205999999996867,-9.753967345049496
4.206999999996865,-2.448884054203154
4.207999999996862,5.205945495267016
4.20899999999686,12.13157041159361
4.209999999996858,17.352094411347785
4.210999999996855,20.133707333055728
4.211999999996853,20.088088928588107
4.212999999996851,17.22547424227267
4.213999999996848,11.950754443510556
4.214999999996846,5.004549614440066
4.215999999996844,-2.641279950612809
4.216999999996841,-9.918672250395124
4.217999999996839,-15.810696854677678
4.218999999996837,-19.49187396396938
4.219999999996834,-20.443087339336486
4.220999999996832,-18.52549263039041
4.22199999999683,-14.002516409765418
4.222999999996827,-7.505549146585357
4.223999999996825,0.05323679902251297
4.224999999996823,7.609425168393829
4.22599999999682,14.097879997616714
4.226999999996818,18.604800201777337
4.227999999996816,20.49756455143972
4.228999999996813,19.51329450807661
4.229999999996811,15.793864490432279
4.230999999996809,9.863521317176481
4.231999999996806,2.5536545131805113
4.232999999996804,-5.1137663067582775
4.233999999996802,-12.067740115151418
4.234999999996799,-17.335886219904314
4.235999999996797,-20.17890217522269
4.236999999996795,-20.194055016936847
4.237999999996792,-17.373355830793546
4.23899999999679,-12.10740649242715
4.239999999996788,-5.1329637214097525
4.240999999996785,2.569645115603707
4.241999999996783,9.915237351736062
4.242999999996781,15.868492501808161
4.243999999996778,19.591621910199805
4.244999999996776,20.56298320827822
4.245999999996774,18.649458779258826
4.246999999996771,14.122940361926423
4.247999999996769,7.619861767148008
4.248999999996767,0.05078016481888824
4.249999999996764,-7.526643272355501
4.250999999996762,-14.053802947264776
4.25199999999676,-18.617137603328395
4.252999999996757,-20.574849867054365
4.253999999996755,-19.647399028361868
4.254999999996753,-15.958880382407731
4.25599999999675,-10.022380145494413
4.256999999996748,-2.6699311624092954
4.257999999996746,5.064091523039826
4.258999999996743,12.08979626315651
4.259999999996741,17.417271787106916
4.260999999996739,20.297538301843005
4.261999999996736,20.328085207117518
4.262999999996734,17.507993335210234
4.263999999996732,12.235707814422375
4.264999999996729,5.251125186216256
4.265999999996727,-2.468720305200815
4.266999999996725,-9.845405859628363
4.267999999996722,-15.847944695299283
4.26899999999672,-19.63514017924789
4.269999999996718,-20.67275805424426
4.270999999996715,-18.80957948354546
4.271999999996713,-14.301130686629886
4.272999999996711,-7.77647164771645
4.273999999996708,-0.15134949349936203
4.274999999996706,7.500795377197313
4.275999999996704,14.101544339518558
4.276999999996701,18.721343691462764
4.277999999996699,20.711522340099954
4.278999999996697,19.79513176112835
4.2799999999966944,16.10401680740115
4.280999999996692,10.157960953132006
4.28199999999669,2.790190272798578
4.2829999999966875,-4.969387460789756
4.283999999996685,-12.036847149221563
4.284999999996683,-17.423759618177375
4.2859999999966805,-20.373962307461216
4.286999999996678,-20.469457576893813
4.287999999996676,-17.690736951345098
4.2889999999966735,-12.422229641471693
4.289999999996671,-5.400723846127609
4.290999999996669,2.3871979706103374
4.2919999999966665,9.844687321002175
4.292999999996664,15.920896565084576
4.293999999996662,19.760754057702272
4.2949999999966595,20.825981921007546
4.295999999996657,18.96985575433888
4.296999999996655,14.455701511808465
4.2979999999966525,7.9177513861138085
4.29899999999665,0.2711287482312911
4.299999999996648,-7.41577391070036
4.3009999999966455,-14.068981062064497
4.301999999996643,-18.75713419408086
4.302999999996641,-20.820760792407505
4.3039999999966385,-19.965269799332216
4.304999999996636,-16.304432388756105
4.305999999996634,-10.347163366055698
4.3069999999966315,-2.928060239308294
4.307999999996629,4.909520214299573
4.308999999996627,12.061466266802928
4.3099999999966245,17.52030974206893
4.310999999996622,20.51857608415717
4.31199999999662,20.63691491954727
4.3129999999966175,17.86165194332308
4.313999999996615,12.584463148989029
4.314999999996613,5.545524584422472
4.3159999999966105,-2.2707682453009723
4.316999999996608,-9.772570187839206
4.317999999996606,-15.91133162585
4.318999999996604,-19.826670837271603
4.319999999996601,-20.966273196114795
4.320999999996599,-19.164479243743852
4.321999999996597,-14.66801081100566
4.322999999996594,-8.103967714749867
4.323999999996592,-0.3932639546006291
4.32499999999659,7.379033130787311
4.325999999996587,14.117954673937644
4.326999999996585,18.87470158608199
4.327999999996583,20.981311539721062
4.32899999999658,20.144223033836127
4.329999999996578,16.483757548287237
4.330999999996576,10.514991114486547
4.331999999996573,3.0740119653590203
4.332999999996571,-4.7991991195632
4.333999999996569,-12.004860223755285
4.334999999996566,-17.53517376367688
4.335999999996564,-20.613858217026483
4.336999999996562,-20.804878609491833
4.337999999996559,-18.075271032515644
4.338999999996557,-12.80243077038496
4.339999999996555,-5.723491370695025
4.340999999996552,2.1672683732239215
4.34199999999655,9.75895811530981
4.342999999996548,15.982209477099072
4.343999999996545,19.961460553921608
4.344999999996543,21.138813226881272
4.345999999996541,19.351579225709347
4.346999999996538,14.85310185189916
4.347999999996536,8.275108403704271
4.348999999996534,0.5381108995638513
4.349999999996531,-7.27696167130546
4.350999999996529,-14.078243534466138
4.351999999996527,-18.913689979888826
4.352999999996524,-21.103271064852517
4.353999999996522,-20.33482771565737
4.35499999999652,-16.709956613385312
4.355999999996517,-10.732435946171876
4.356999999996515,-3.239458823542221
4.357999999996513,4.715619303290894
4.35899999999651,12.012598351139163
4.359999999996508,17.62398103653113
4.360999999996506,20.76105225683695
4.361999999996503,20.98496965699931
4.362999999996501,18.267094031571748
4.363999999996499,12.990842835261823
4.364999999996496,5.896070943963251
4.365999999996494,-2.025134921087747
4.366999999996492,-9.666325487608171
4.367999999996489,-15.959531305151275
4.368999999996487,-20.022896230623815
4.369999999996485,-21.283580899730037
4.370999999996482,-19.5591693504031
4.37199999999648,-15.085656778405554
4.372999999996478,-8.486877441183342
4.373999999996475,-0.6883809242088863
4.374999999996473,7.212827002582565
4.375999999996471,14.104108465044314
4.376999999996468,19.01563439453582
4.377999999996466,21.257931705170154
4.378999999996464,20.518458112731214
4.379999999996461,16.903794059577013
4.380999999996459,10.922507092334767
4.381999999996457,3.412364183460742
4.382999999996454,-4.577029013293921
4.383999999996452,-11.929715023253936
4.38499999999645,-17.61748960125954
4.385999999996447,-20.84231021563685
4.386999999996445,-21.148032618208276
4.387999999996443,-18.485957438546667
4.38899999999644,-13.224213251574769
4.389999999996438,-6.098359589713667
4.390999999996436,1.8909892643043085
4.391999999996433,9.61951615620565
4.392999999996431,15.999104770832776
4.393999999996429,20.13264746862864
4.394999999996426,21.44086659288961
4.395999999996424,19.742862200967856
4.396999999996422,15.279531450353959
4.397999999996419,8.67770996188194
4.398999999996417,0.8612661028417954
4.399999999996415,-7.077775582965207
4.4009999999964124,-14.030331663903223
4.40199999999641,-19.023473337248998
4.402999999996408,-21.355531266582396
4.4039999999964055,-20.694898687142512
4.404999999996403,-17.128510884291128
4.405999999996401,-11.152200095185492
4.4069999999963985,-3.602973990317927
4.407999999996396,4.458195407667401
4.408999999996394,11.896668315864705
4.4099999999963915,17.66558917789754
4.410999999996389,20.95458070037097
4.411999999996387,21.303826480003377
4.4129999999963845,18.667351652360743
4.413999999996382,13.417340771423351
4.41499999999638,6.290110349339694
4.4159999999963775,-1.717626992719269
4.416999999996375,-9.487344421397927
4.417999999996373,-15.933302292758256
4.4189999999963705,-20.15269346735554
4.419999999996368,-21.551428122364854
4.420999999996366,-19.92839159637054
4.4219999999963635,-15.505894522101459
4.422999999996361,-8.9008883753656
4.423999999996359,-1.039753155958598
4.4249999999963565,6.9720391146282275
4.425999999996354,14.006828734602527
4.426999999996352,19.0751918735446
4.4279999999963495,21.46614469701292
4.428999999996347,20.84670067994468
4.429999999996345,17.306940282996912
4.4309999999963425,11.345207418916775
4.43199999999634,3.7967431317458806
4.432999999996338,-4.283377804063521
4.4339999999963355,-11.766581248651608
4.434999999996333,-17.606726179438848
4.435999999996331,-20.985018078888988
4.4369999999963285,-21.424557280172497
4.437999999996326,-18.85863136313083
4.438999999996324,-13.64244802490667
4.4399999999963216,-6.505425857425752
4.440999999996319,1.550350925617347
4.441999999996317,9.391625734860964
4.442999999996315,15.915005344394068
4.443999999996312,20.203787787501625
4.44499999999631,21.657453163566153
4.445999999996308,20.07516765286048
4.446999999996305,15.68200776435626
4.447999999996303,9.095320519003577
4.448999999996301,1.237107901556564
4.449999999996298,-6.794669123173358
4.450999999996296,-13.878107448187396
4.451999999996294,-19.022413859600896
4.452999999996291,-21.50546875577633
4.453999999996289,-20.975359007817023
4.454999999996287,-17.501513406007106
4.455999999996284,-11.567332685748728
4.456999999996282,-4.004105759045625
4.45799999999628,4.125400124315616
4.458999999996277,11.677397947019301
4.459999999996275,17.589684781385994
4.460999999996273,21.032373469877392
4.46199999999627,21.524648895602624
4.462999999996268,19.000981761254295
4.463999999996266,13.81819422884356
4.464999999996263,6.703567702441043
4.465999999996261,-1.3476916741482272
4.466999999996259,-9.210921431537429
4.467999999996256,-15.787548248319121
4.468999999996254,-20.15704853209548
4.469999999996252,-21.705133830479152
4.470999999996249,-20.210669525799528
4.471999999996247,-15.878725870508363
4.472999999996245,-9.314040995613862
4.473999999996242,-1.437443990393179
4.47499999999624,6.64367150101215
4.475999999996238,13.792409990538776
4.476999999996235,19.003959817337943
4.477999999996233,21.547854732178255
4.478999999996231,21.070219842963674
4.479999999996228,17.64176905011565
4.480999999996226,11.745716862084565
4.481999999996224,4.208495321589458
4.482999999996221,-3.9161606187094145
4.483999999996219,-11.4934658076427
4.484999999996217,-17.464459922340158
4.485999999996214,-20.99270410116053
4.486999999996212,-21.581184507425895
4.48799999999621,-19.143229539713584
4.488999999996207,-14.016833563828204
4.489999999996205,-6.919213292621622
4.490999999996203,1.153068759617193
4.4919999999962,9.064759819836553
4.492999999996198,15.703106571457262
4.493999999996196,20.13586876383169
4.494999999996193,21.74290881832394
4.495999999996191,20.302424087616735
4.496999999996189,16.02011865586824
4.497999999996186,9.498271711855217
4.498999999996184,1.6501782985842695
4.499999999996182,-6.427427811483562
4.500999999996179,-13.606325647167532
4.501999999996177,-18.882797782009398
4.502999999996175,-21.51696051635545
4.503999999996172,-21.136639217649563
4.50499999999617,-17.791136686655825
4.505999999996168,-11.946489254027572
4.506999999996165,-4.4217016703665815
4.507999999996163,3.72594453862868
4.508999999996161,11.350489559558058
4.509999999996158,17.3800717095721
4.510999999996156,20.968901503689775
4.511999999996154,21.616192988183204
4.512999999996151,19.235176251470204
4.513999999996149,14.163154806806453
4.514999999996147,7.112332356505677
4.515999999996144,-0.9306805686070193
4.516999999996142,-8.842241744870767
4.51799999999614,-15.51717997731523
4.518999999996137,-20.021710486507494
4.519999999996135,-21.723404231226244
4.520999999996133,-20.380480763780863
4.5219999999961304,-16.177546061430384
4.522999999996128,-9.701752737914745
4.523999999996126,-1.8616112267208116
4.5249999999961235,6.240776656637066
4.525999999996121,13.465927485214452
4.526999999996119,18.798796373033053
4.5279999999961165,21.492384202440814
4.528999999996114,21.172275398609656
4.529999999996112,17.887533511111446
4.5309999999961095,12.101665040904935
4.531999999996107,4.626070678664772
4.532999999996105,-3.4938488337405063
4.5339999999961025,-11.123893132484005
4.5349999999961,-17.19794339971168
4.535999999996098,-20.865667399119076
4.5369999999960955,-21.611270221250194
4.537999999996093,-19.326864427700365
4.538999999996091,-14.329572617714298
4.5399999999960885,-7.318871134240236
4.540999999996086,0.7208355481311358
4.541999999996084,8.659100708734156
4.5429999999960815,15.379829808866438
4.543999999996079,19.939647872679586
4.544999999996077,21.700990069530537
4.5459999999960745,20.42078035991069
4.546999999996072,16.282620454341867
4.54799999999607,9.868972555961129
4.5489999999960675,2.078337390087985
4.549999999996065,-6.000346910887762
4.550999999996063,-13.238678595485522
4.5519999999960605,-18.62488021340819
4.552999999996058,-21.40423912523213
4.553999999996056,-21.184942346072486
4.5549999999960535,-17.99441768941669
4.555999999996051,-12.277483835292553
4.556999999996049,-4.835459994622457
4.5579999999960465,3.286042628023961
4.558999999996044,10.94499359524231
4.559999999996042,17.065047469979177
4.5609999999960396,20.7880544006918
4.561999999996037,21.59469701655774
4.562999999996035,19.376131613090415
4.563999999996033,14.447186479667135
4.56499999999603,7.500350287781461
4.565999999996028,-0.49201105314009613
4.566999999996026,-8.41313846942461
4.567999999996023,-15.156526896688646
4.568999999996021,-19.779080739462835
4.569999999996019,-21.632347033995057
4.570999999996016,-20.453924347401315
4.571999999996014,-16.405921052261338
4.572999999996012,-10.054127707573633
4.573999999996009,-2.2897645098192925
4.574999999996007,5.795822383661143
4.575999999996005,13.065758470358645
4.576999999996002,18.49898467165056
4.577999999996,21.334645056936587
4.578999999995998,21.1785737305438
4.579999999995995,18.057013480188296
4.580999999995993,12.410831151158561
4.581999999995991,5.032144862587062
4.582999999995988,-3.0469329304406743
4.583999999995986,-10.697743046640381
4.584999999995984,-16.851283591969008
4.585999999995981,-20.64635270053762
4.586999999995979,-21.549764103857555
4.587999999995977,-19.432022410314485
4.588999999995974,-14.587303327104056
4.589999999995972,-7.69390866576335
4.59099999999597,0.28020929767927344
4.591999999995967,8.213960892313192
4.592999999995965,14.992093382085068
4.593999999995963,19.663349598180233
4.59499999999596,21.574634488291466
4.595999999995958,20.46190940954122
4.596999999995956,16.48539184453537
4.597999999995953,10.2050685971194
4.598999999995951,2.501015226344162
4.599999999995949,-5.549699102050244
4.600999999995946,-12.822431841921707
4.601999999995944,-18.300614837019122
4.602999999995942,-21.21688118252893
4.603999999995939,-21.160602989818923
4.604999999995937,-18.136742789001005
4.605999999995935,-12.567027299588728
4.606999999995932,-5.23222699655764
4.60799999999593,2.8371545304212322
4.608999999995928,10.506550764730735
4.609999999995925,16.698288120144365
4.610999999995923,20.544218960557153
4.611999999995921,21.507765863028393
4.612999999995918,19.458048617432794
4.613999999995916,14.68625476808226
4.614999999995914,7.862988770088556
4.615999999995911,-0.05646583667547165
4.616999999995909,-7.965321527308785
4.617999999995907,-14.758642852666945
4.618999999995904,-19.486353895691224
4.619999999995902,-21.48544810891404
4.6209999999959,-20.47336040454394
4.621999999995897,-16.589137638079873
4.622999999995895,-10.375748803765163
4.623999999995893,-2.7050018748645455
4.62499999999589,5.344992354281652
4.625999999995888,12.642469498780873
4.626999999995886,18.162552333728573
4.627999999995883,21.13214142744921
4.628999999995881,21.138157439161095
4.629999999995879,18.183998920704802
4.630999999995876,12.68704692694307
4.631999999995874,5.4186210621337105
4.632999999995872,-2.604397846404015
4.633999999995869,-10.260971531925039
4.634999999995867,-16.481139677928567
4.635999999995865,-20.394353414776887
4.636999999995862,-21.45098596759978
4.63799999999586,-19.500235858306272
4.638999999995858,-14.812998316000076
4.639999999995855,-8.045521518863866
4.640999999995853,-0.14802665292182526
4.641999999995851,7.769252557261665
4.6429999999958484,14.59343074790127
4.643999999995846,19.366733474965454
4.644999999995844,21.421578094802893
4.6459999999958415,20.473567290686137
4.646999999995839,16.65964493372808
4.647999999995837,10.516955857080534
4.6489999999958345,2.906390497578919
4.649999999995832,-5.10786926592034
4.65099999999583,-12.406057345552071
4.6519999999958275,-17.96787741097895
4.652999999995825,-21.014193473700526
4.653999999995823,-21.11619293536495
4.6549999999958205,-18.25671646804012
4.655999999995818,-12.83446045383163
4.656999999995816,-5.609455300572118
4.6579999999958135,2.4033050842043235
4.658999999995811,10.077280345189394
4.659999999995809,16.33413275040741
4.6609999999958065,20.296416237520372
4.661999999995804,21.41095694025883
4.662999999995802,19.52539855715325
4.6639999999957995,14.907692654161373
4.664999999995797,8.206780684834944
4.665999999995795,0.36090114065185724
4.6669999999957925,-7.533254842034077
4.66799999999579,-14.372576370276667
4.668999999995788,-19.200362310367986
4.6699999999957855,-21.3394870360838
4.670999999995783,-20.48772234355645
4.671999999995781,-16.761604758255213
4.6729999999957785,-10.681854450307595
4.673999999995776,-3.1014116205861284
4.674999999995774,4.914400158309109
4.6759999999957715,12.238648363531695
4.676999999995769,17.84259010554614
4.677999999995767,20.941096927400732
4.6789999999957645,21.102645039699784
4.679999999995762,18.30846730530119
4.68099999999576,12.953274232491415
4.6819999999957576,5.788450983548071
4.682999999995755,-2.1835323369013344
4.683999999995753,-9.848570355648379
4.684999999995751,-16.13527333337055
4.685999999995748,-20.163565801859168
4.686999999995746,-21.36754815534492
4.687999999995744,-19.57565116988798
4.688999999995741,-15.036374150128472
4.689999999995739,-8.385060123277093
4.690999999995737,-0.5554735701078861
4.691999999995734,7.351784012503048
4.692999999995732,14.225206976827062
4.69399999999573,19.099911596340018
4.694999999995727,21.293735082888503
4.695999999995725,20.502358764617735
4.696999999995723,16.840374819506216
4.69799999999572,10.823382347371556
4.698999999995718,3.2945999861635036
4.699999999995716,-4.693131677242286
4.700999999995713,-12.023537454574956
4.701999999995711,-17.671551920531986
4.702999999995709,-20.845730051020997
4.703999999995706,-21.099142387585754
4.704999999995704,-18.393218446454064
4.705999999995702,-13.104923870669689
4.706999999995699,-5.975289774497626
4.707999999995697,1.9942458276768906
4.708999999995695,9.683278527054034
4.709999999995692,16.011259750448115
4.71099999999569,20.090477287398457
4.711999999995688,21.35092374325548
4.712999999995685,19.619305689646
4.713999999995683,15.141589981846357
4.714999999995681,8.546859525356123
4.715999999995678,0.7584353312637988
4.716999999995676,-7.134909149351293
4.717999999995674,-14.029941476385273
4.718999999995671,-18.961886732599908
4.719999999995669,-21.238763951116738
4.720999999995667,-20.53879129880707
4.721999999995664,-16.956975551786538
4.722999999995662,-10.993541524175479
4.72399999999566,-3.484869288016999
4.724999999995657,4.513956748283432
4.725999999995655,11.878410428076334
4.726999999995653,17.573934576646455
4.72799999999565,20.80218802122519
4.728999999995648,21.11296050703812
4.729999999995646,18.46606005945009
4.730999999995643,13.235154746310144
4.731999999995641,6.153996518980615
4.732999999995639,-1.7866821257678336
4.733999999995636,-9.477013849537487
4.734999999995634,-15.841821034423162
4.735999999995632,-19.98980407635597
4.736999999995629,-21.338003858110273
4.737999999995627,-19.69434577443994
4.738999999995625,-15.28624339693608
4.739999999995622,-8.73034124244763
4.74099999999562,-0.9467610277017109
4.741999999995618,6.970496291057305
4.742999999995615,13.908487537097269
4.743999999995613,18.893024075131677
4.744999999995611,21.226107231083827
4.745999999995608,20.583362858300692
4.746999999995606,17.058040632268764
4.747999999995604,11.146210128468239
4.748999999995601,3.676170841266737
4.749999999995599,-4.3074551002564725
4.750999999995597,-11.688805532572683
4.751999999995594,-17.435426822180915
4.752999999995592,-20.741766669641923
4.75399999999559,-21.142064455346798
4.754999999995587,-18.576832524211007
4.755999999995585,-13.402968310086562
4.756999999995583,-6.345126920086078
4.75799999999558,1.6055790869820896
4.758999999995578,9.33149499563237
4.759999999995576,15.746801207365422
4.760999999995573,19.951223502868906
4.761999999995571,21.356717090886253
4.762999999995569,19.76910918438148
4.7639999999955664,15.413692149462731
4.764999999995564,8.902071628312514
4.765999999995562,1.1457795167632054
4.7669999999955595,-6.770874005109374
4.767999999995557,-13.741218175630882
4.768999999995555,-18.789673956136603
4.7699999999955525,-21.207638815260967
4.77099999999555,-20.653231360813653
4.771999999995548,-17.200698823280465
4.7729999999955455,-11.331771961230176
4.773999999995543,-3.869241189910949
4.774999999995541,4.13851583564365
4.7759999999955385,11.56578068782352
4.776999999995536,17.36902759421383
4.777999999995534,20.734440605176907
4.7789999999955315,21.192071457291906
4.779999999995529,18.680606000035745
4.780999999995527,13.554279340424001
4.7819999999955245,6.531900073761349
4.782999999995522,-1.4041365506087
4.78399999999552,-9.144551873693452
4.7849999999955175,-15.606974884588707
4.785999999995515,-19.88618200372037
4.786999999995513,-21.380532426966177
4.7879999999955105,-19.877133832938156
4.788999999995508,-15.583368831977735
4.789999999995506,-9.099473702969409
4.7909999999955035,-1.3351447956298732
4.791999999995501,6.618518580381976
4.792999999995499,13.643475247478406
4.7939999999954965,18.75312692042936
4.794999999995494,21.231527152268345
4.795999999995492,20.73341980426772
4.7969999999954895,17.331278402092963
4.797999999995487,11.503513740551469
4.798999999995485,4.06641469942352
4.7999999999954825,-3.940072239769331
4.80099999999548,-11.396804585099666
4.801999999995478,-17.260596671683643
4.8029999999954756,-20.709247081210233
4.803999999995473,-21.256771052678868
4.804999999995471,-18.822714634715805
4.805999999995469,-13.745215791846213
4.806999999995466,-6.735046650520669
4.807999999995464,1.2236701695971002
4.808999999995462,9.01231643623226
4.809999999995459,15.536232419717457
4.810999999995457,19.87965885605898
4.811999999995455,21.434644078494905
4.812999999995452,19.985573632457545
4.81399999999545,15.737875738510612
4.814999999995448,9.28773448676864
4.815999999995445,1.537897254907291
4.816999999995443,-6.428255532157158
4.817999999995441,-13.497036424157782
4.818999999995438,-18.6789227950312
4.819999999995436,-21.246411430321917
4.820999999995434,-20.836408219539273
4.821999999995431,-17.50260347028594
4.822999999995429,-11.709724593415688
4.823999999995427,-4.269546376145307
4.824999999995424,3.772959969641192
4.825999999995422,11.287318495637576
4.82699999999542,17.217704694518257
4.827999999995417,20.732198168309004
4.828999999995415,21.33954521452305
4.829999999995413,18.957010224375477
4.83099999999541,13.920387325093305
4.831999999995408,6.9356672113249385
4.832999999995406,-1.0201434677613521
4.833999999995403,-8.834997470724542
4.834999999995401,-15.416024291638008
4.835999999995399,-19.8412651529758
4.836999999995396,-21.488452635807036
4.837999999995394,-20.12305121863614
4.838999999995392,-15.932809694950535
4.839999999995389,-9.503114956231773
4.840999999995387,-1.7357395801432134
4.841999999995385,6.278023980224984
4.842999999995382,13.411781480280307
4.84399999999538,18.663564378247194
4.844999999995378,21.29722212161176
4.845999999995375,20.9453688183936
4.846999999995373,17.659617833749163
4.847999999995371,11.901787917455662
4.848999999995368,4.478201409191542
4.849999999995366,-3.573151839728222
4.850999999995364,-11.126838698764141
4.851999999995361,-17.126049718913468
4.852999999995359,-20.72954313730749
4.853999999995357,-21.429526473175063
4.854999999995354,-19.123999803411493
4.855999999995352,-14.132828528731014
4.85699999999535,-7.154376787795639
4.857999999995347,0.8319701965232456
4.858999999995345,8.703916585410477
4.859999999995343,15.355165749266988
4.86099999999534,19.851981766786434
4.861999999995338,21.564659307932867
4.862999999995336,20.255181456214583
4.863999999995333,16.10914609539076
4.864999999995331,9.70830863727558
4.865999999995329,1.9484161942318339
4.866999999995326,-6.085773230293692
4.867999999995324,-13.271050533199196
4.868999999995322,-18.60158270355859
4.869999999995319,-21.329040332272786
4.870999999995317,-21.067867944586165
4.871999999995315,-17.850770316072737
4.872999999995312,-12.125899323801354
4.87399999999531,-4.695224587732594
4.874999999995308,3.397871286989888
4.875999999995305,11.01598472796306
4.876999999995303,17.088771026173085
4.877999999995301,20.764236266961255
4.878999999995298,21.528366068684882
4.879999999995296,19.276242136984177
4.880999999995294,14.325224680040131
4.881999999995291,7.369224584570406
4.882999999995289,-0.618806343351382
4.883999999995287,-8.522328510872654
4.8849999999952844,-15.236099239984075
4.885999999995282,-19.819645138082045
4.88699999999528,-21.628600494694062
4.8879999999952775,-20.405788320492913
4.888999999995275,-16.318901588765097
4.889999999995273,-9.938663961907668
4.8909999999952705,-2.159676858242296
4.891999999995268,5.925366361754301
4.892999999995266,13.180223847506513
4.8939999999952635,18.585979085559455
4.894999999995261,21.38482602342558
4.895999999995259,21.18610750483757
4.8969999999952565,18.019875288451825
4.897999999995254,12.331154860579115
4.898999999995252,4.916588802012058
4.8999999999952495,-3.1870884829450614
4.900999999995247,-10.84715293470678
4.901999999995245,-16.992007091484723
4.9029999999952425,-20.760177292603117
4.90399999999524,-21.620970042260737
4.904999999995238,-19.449951631772393
4.9059999999952355,-14.548116407490665
4.906999999995233,-7.60116645757612
4.907999999995231,0.41613990300159787
4.9089999999952285,8.377374155054097
4.909999999995226,15.16386370354577
4.910999999995224,19.822967382461435
4.9119999999952215,21.70222233181781
4.912999999995219,20.540245743640494
4.913999999995217,16.501982097455123
4.9149999999952145,10.154148281285476
4.915999999995212,2.3851373924855808
4.91699999999521,-5.718995622539626
4.9179999999952075,-13.0253293725749
4.918999999995205,-18.51127422884576
4.919999999995203,-21.407002093103962
4.9209999999952005,-21.303644518716283
4.921999999995198,-18.211959760795303
4.922999999995196,-12.562546660925564
4.9239999999951936,-5.146684641363703
4.924999999995191,2.994514292988263
4.925999999995189,10.717104175576177
4.926999999995187,16.936248401116295
4.927999999995184,20.77953441892416
4.928999999995182,21.70949712893545
4.92999999999518,19.598068055089215
4.930999999995177,14.743025202751472
4.931999999995175,7.824986738706833
4.932999999995173,-0.18830025137187867
4.93399999999517,-8.17675886532013
4.934999999995168,-15.023408147419904
4.935999999995166,-19.769466301321735
4.936999999995163,-21.748179772736187
4.937999999995161,-20.67893440221797
4.938999999995159,-16.708126290057987
4.939999999995156,-10.390262995698698
4.940999999995154,-2.6111027215363567
4.941999999995152,5.5368270536425195
4.942999999995149,12.908677214746463
4.943999999995147,18.46931402911296
4.944999999995145,21.43937916353352
4.945999999995142,21.404382567486856
4.94699999999514,18.37163466760673
4.947999999995138,12.76769457263156
4.948999999995135,5.377548540724736
4.949999999995133,-2.765367027003226
4.950999999995131,-10.522883617269322
4.951999999995128,-16.810008389961077
4.952999999995126,-20.74575550043955
4.953999999995124,-21.776432947145402
4.954999999995121,-19.75422001294726
4.955999999995119,-14.959515753272107
4.956999999995117,-8.063070249789583
4.957999999995114,-0.03246010063241411
4.958999999995112,8.00422038226017
4.95999999999511,14.917950640022017
4.960999999995107,19.738477220266425
4.961999999995105,21.790939012742527
4.962999999995103,20.789938369930375
4.9639999999951,16.8781676156173
4.964999999995098,10.604940801557264
4.965999999995096,2.8484567376432324
4.966999999995093,-5.306885512115543
4.967999999995091,-12.721121659715239
4.968999999995089,-18.356911965686255
4.969999999995086,-21.423963489797938
4.970999999995084,-21.489966084486092
4.971999999995082,-18.542407936582176
4.972999999995079,-12.99195791310224
4.973999999995077,-5.616077987061384
4.974999999995075,2.549843582427783
4.975999999995072,10.358613906993018
4.97699999999507,16.713572110619847
4.977999999995068,20.723539561228456
4.978999999995065,21.827988710011116
4.979999999995063,19.874747074171232
4.980999999995061,15.139817587632884
4.981999999995058,8.287364640743341
4.982999999995056,0.27620761747192024
4.983999999995054,-7.773830772461264
4.984999999995051,-14.7373713071178
4.985999999995049,-19.639733772559076
4.986999999995047,-21.792888220386608
4.987999999995044,-20.892397006784073
4.988999999995042,-17.061484232792104
4.98999999999504,-10.835303528277837
4.990999999995037,-3.086786935076786
4.991999999995035,5.09598102599679
4.992999999995033,12.563511795680151
4.99399999999503,18.267546781073854
4.994999999995028,21.408945880935438
4.995999999995026,21.549571032165076
4.996999999995023,18.67254445109032
4.997999999995021,13.1830567055134
4.998999999995019,5.8504560584137835
4.999999999995016,-2.2996525183127203
5.000999999995014,-10.128127573300072
5.001999999995012,-16.54036963936552
5.002999999995009,-20.63844235795918
5.003999999995007,-21.846600911718888
5.004999999995005,-19.99279611992093
5.0059999999950024,-15.334283775735248
5.006999999995,-8.522937072292455
5.007999999994998,-0.5143854711746747
5.0089999999949955,7.5665500794256735
5.009999999994993,14.584914758284635
5.010999999994991,19.556102438760252
5.0119999999949885,21.784491973049104
5.012999999994986,20.960446678502354
5.013999999994984,17.20233674690721
5.0149999999949815,11.038427768080671
5.015999999994979,3.331989920086212
5.016999999994977,-4.839416429957278
5.0179999999949745,-12.33370470044414
5.018999999994972,-18.102755992183642
5.01999999999497,-21.33826390462055
5.0209999999949675,-21.585039028507534
5.021999999994965,-18.805863250668096
5.022999999994963,-13.388214439782544
5.0239999999949605,-6.091090830832042
5.024999999994958,2.0612290691094604
5.025999999994956,9.92367261263364
5.0269999999949535,16.39234272825955
5.027999999994951,20.560452867770408
5.028999999994949,21.845692909021
5.0299999999949465,20.07100344780292
5.030999999994944,15.487868763892447
5.031999999994942,8.739667357405489
5.0329999999949395,0.7709608723167408
5.033999999994937,-7.3042799012244455
5.034999999994935,-14.357369661376026
5.0359999999949325,-19.401603822813062
5.03699999999493,-21.72977856021605
5.037999999994928,-21.013650183683612
5.0389999999949255,-17.351179629065495
5.039999999994923,-11.254243313553735
5.040999999994921,-3.5777337136944087
5.0419999999949185,4.600479420394226
5.042999999994916,12.131782927627286
5.043999999994914,17.959271488658406
5.0449999999949116,21.266833673383232
5.045999999994909,21.593433110578303
5.046999999994907,18.896590369025528
5.047999999994905,13.556749580351768
5.048999999994902,6.322747644049567
5.0499999999949,-1.79333729425809
5.050999999994898,-9.657121747946059
5.051999999994895,-16.169372001712723
5.052999999994893,-20.418720886789217
5.053999999994891,-21.808939750511776
5.054999999994888,-20.143139463581967
5.055999999994886,-15.65271605681378
5.056999999994884,-8.966219003851586
5.057999999994881,-1.0217770981720413
5.058999999994879,7.064938375307036
5.059999999994877,14.158407025291062
5.060999999994874,19.263775319536144
5.061999999994872,21.666931432549347
5.06299999999487,21.034123778782252
5.063999999994867,17.45737309106333
5.064999999994865,11.440010720034202
5.065999999994863,3.825181496514073
5.06699999999486,-4.322176181534832
5.067999999994858,-11.863421417721286
5.068999999994856,-17.744238044493116
5.069999999994853,-21.141266800581434
5.070999999994851,-21.577366359251943
5.071999999994849,-18.98937665890593
5.072999999994846,-13.738359482747182
5.073999999994844,-6.560089927535866
5.074999999994842,1.5378834969030108
5.075999999994839,9.418294191933864
5.076999999994837,15.9749586042766
5.077999999994835,20.289004078437948
5.078999999994832,21.757948515631703
5.07999999999483,20.179336334879277
5.080999999994828,15.777594903315459
5.081999999994825,9.171121658217285
5.082999999994823,1.284965208289304
5.083999999994821,-6.778334773831989
5.084999999994818,-13.891916119820445
5.085999999994816,-19.0610226114909
5.086999999994814,-21.561549169616573
5.087999999994811,-21.0417118104356
5.088999999994809,-17.572440103238623
5.089999999994807,-11.63878854505893
5.090999999994804,-4.072795619767706
5.091999999994802,4.06328334261742
5.0929999999948,11.62693165592297
5.093999999994797,17.556907260419084
5.094999999994795,21.022930592661165
5.095999999994793,21.541988510727297
5.09699999999479,19.044935671376674
5.097999999994788,13.884595596036368
5.098999999994786,6.78503480102035
5.099999999994783,-1.2602296130671045
5.100999999994781,-9.126674971529958
5.101999999994779,-15.714899325484067
5.102999999994776,-20.103325059900737
5.103999999994774,-21.676783485307485
5.104999999994772,-20.21321687128798
5.105999999994769,-15.916025237737275
5.106999999994767,-9.386806466393837
5.107999999994765,-1.5415916468971218
5.108999999994762,6.518009238012376
5.10999999999476,13.660443843540163
5.110999999994758,18.88413595805041
5.111999999994755,21.458520031280795
5.112999999994753,21.02601843747161
5.113999999994751,17.650834428353026
5.114999999994748,11.808378206315236
5.115999999994746,4.317608131939178
5.116999999994744,-3.773711166650892
5.117999999994741,-11.334788916277699
5.118999999994739,-17.308764740622102
5.119999999994737,-20.85963919328478
5.120999999994734,-21.489180952299378
5.121999999994732,-19.107506418650612
5.12299999999473,-14.046970905518858
5.123999999994727,-7.016668794967864
5.124999999994725,0.9967065368495908
5.125999999994723,8.867900741252807
5.1269999999947204,15.492141585838723
5.127999999994718,19.941151715437496
5.128999999994716,21.59358756544644
5.1299999999947135,20.22138430256489
5.130999999994711,16.02024208965352
5.131999999994709,9.580719493009893
5.1329999999947065,1.8047348548349536
5.133999999994704,-6.2204592091742565
5.134999999994702,-13.373380625301966
5.1359999999946995,-18.653999093406224
5.136999999994697,-21.322946244632206
5.137999999994695,-21.005200788398774
5.1389999999946925,-17.743619991867504
5.13999999999469,-11.994226142741667
5.140999999994688,-4.563155399449905
5.1419999999946855,3.506397083040512
5.142999999994683,11.081366710064314
5.143999999994681,17.09897484676239
5.1449999999946785,20.71664158519027
5.145999999994676,21.430076802510754
5.146999999994674,19.142937847387284
5.1479999999946715,14.178778652326645
5.148999999994669,7.234396570162124
5.149999999994667,-0.718223837227244
5.1509999999946645,-8.56743722037321
5.151999999994662,-15.216319059556666
5.15299999999466,-19.735008661323555
5.1539999999946575,-21.49037081450847
5.154999999994655,-20.23510117229497
5.155999999994653,-16.14352141688189
5.1569999999946505,-9.788371975224393
5.157999999994648,-2.0611435518703156
5.158999999994646,5.953242639457779
5.1599999999946435,13.129646302363728
5.160999999994641,18.461696198480357
5.161999999994639,21.20353373787537
5.1629999999946365,20.97401542879875
5.163999999994634,17.80888687133555
5.164999999994632,12.154225847300905
5.1659999999946296,4.802855289279475
5.166999999994627,-3.216823104499463
5.167999999994625,-10.78398390915866
5.168999999994623,-16.84097909682549
5.16999999999462,-20.54034901205922
5.170999999994618,-21.36324893261854
5.171999999994616,-19.19281907066289
5.172999999994613,-14.33179786301284
5.173999999994611,-7.461184985905107
5.174999999994609,0.45488529373875825
5.175999999994606,8.304921208560344
5.176999999994604,14.987117796272969
5.177999999994602,19.564949722493
5.178999999994599,21.39882911981624
5.179999999994597,20.235103025250787
5.180999999994595,16.240202772189296
5.181999999994592,9.975857535493203
5.18299999999459,2.3195876456079563
5.183999999994588,-5.657988195932734
5.184999999994585,-12.842002573041858
5.185999999994583,-18.228116829118548
5.186999999994581,-21.06229297996305
5.187999999994578,-20.946451398971426
5.188999999994576,-17.895156627894234
5.189999999994574,-12.334842855091095
5.190999999994571,-5.044952166058817
5.191999999994569,2.9512872388805995
5.192999999994567,10.531157827134104
5.193999999994564,16.6311103604882
5.194999999994562,20.396809336626376
5.19599999999456,21.302956859771324
5.196999999994557,19.22599781299958
5.197999999994555,14.459953229342
5.198999999994553,7.673911587242766
5.19999999999455,-0.1822007017757318
5.200999999994548,-8.010137690087848
5.201999999994546,-14.715899840101883
5.202999999994543,-19.361674239983774
5.203999999994541,-21.296561351745513
5.204999999994539,-20.24809559329058
5.205999999994536,-16.361514117335123
5.206999999994534,-10.18063061888834
5.207999999994532,-2.5722880506982615
5.208999999994529,5.395407649837527
5.209999999994527,12.603860717231521
5.210999999994525,18.04203512251195
5.211999999994522,20.94890407465308
5.21299999999452,20.919880533824585
5.213999999994518,17.962381294666223
5.214999999994515,12.49329969742559
5.215999999994513,5.27950042910253
5.216999999994511,-2.6697719188849303
5.217999999994508,-10.243440751805068
5.218999999994506,-16.38288011313245
5.219999999994504,-20.2290562172902
5.220999999994501,-21.2425240904373
5.221999999994499,-19.27962360981091
5.222999999994497,-14.61382200424445
5.223999999994494,-7.898511866897062
5.224999999994492,-0.07583789746173357
5.22599999999449,7.755900560562138
5.226999999994487,14.497382361291168
5.227999999994485,19.20351574141008
5.228999999994483,21.216372931781642
5.22999999999448,20.256870721752204
5.230999999994478,16.462583302983102
5.231999999994476,10.367044847507188
5.232999999994473,2.8241722526319935
5.233999999994471,-5.111186730845789
5.234999999994469,-12.32996263335858
5.235999999994466,-17.822862603537235
5.236999999994464,-20.82081944189479
5.237999999994462,-20.902705336356703
5.238999999994459,-18.055203273691777
5.239999999994457,-12.675938583794304
5.240999999994455,-5.5187102226294265
5.241999999994452,2.4120434696064534
5.24299999999445,10.002819228892005
5.243999999994448,16.188375828968876
5.244999999994445,20.102050171202176
5.245999999994443,21.19740399455459
5.246999999994441,19.324008333106068
5.2479999999944384,14.747132039101219
5.248999999994436,8.109290595756923
5.249999999994434,0.3397062171329511
5.2509999999944315,-7.475377141604027
5.251999999994429,-14.243637563389123
5.252999999994427,-19.018400032506158
5.2539999999944245,-21.130580453227473
5.254999999994422,-20.282709988688776
5.25599999999442,-16.591681646714783
5.2569999999944175,-10.573618187944327
5.257999999994415,-3.072278164035798
5.258999999994413,4.85937952717748
5.2599999999944105,12.107771898157731
5.260999999994408,17.656024816242436
5.261999999994406,20.727298428930695
5.2629999999944035,20.893541767751174
5.263999999994401,18.13445880439013
5.264999999994399,12.838938965241043
5.2659999999943965,5.749487100505163
5.266999999994394,-2.1419987571431105
5.267999999994392,-9.732410621138131
5.2689999999943895,-15.960644993712396
5.269999999994387,-19.955098959604886
5.270999999994385,-21.155399299819454
5.2719999999943825,-19.391495287804158
5.27299999999438,-14.908692041607619
5.273999999994378,-8.334437002657701
5.2749999999943755,-0.590866069152097
5.275999999994373,7.234898836304621
5.276999999994371,14.044261086062294
5.2779999999943685,18.88230992517927
5.278999999994366,21.07220872682804
5.279999999994364,20.30963973027582
5.2809999999943615,16.704258235264508
5.281999999994359,10.762964136518255
5.282999999994357,3.318051180932613
5.2839999999943545,-4.589266455410679
5.284999999994352,-11.853714230332576
5.28599999999435,-17.459460156942733
5.2869999999943476,-20.621476940005635
5.287999999994345,-20.895462166278783
5.288999999994343,-18.240931916421438
5.289999999994341,-13.028169834130882
5.290999999994338,-5.987347697182533
5.291999999994336,1.8936095808783997
5.292999999994334,9.508203387571353
5.293999999994331,15.787672938250081
5.294999999994329,19.85183858014798
5.295999999994327,21.132734798925885
5.296999999994324,19.45352571686761
5.297999999994322,15.051985944738487
5.29899999999432,8.545939947432144
5.299999999994317,0.8461616473540612
5.300999999994315,-6.970780818046805
5.301999999994313,-13.812167126025987
5.30299999999431,-18.720929560312246
5.303999999994308,-21.009041621301723
5.304999999994306,-20.354168326941856
5.305999999994303,-16.84588401506414
5.306999999994301,-10.974395320046535
5.307999999994299,-3.562648123803374
5.308999999994296,4.349103785801658
5.309999999994294,11.650027710773287
5.310999999994292,17.315647515041086
5.311999999994289,20.552288071419063
5.312999999994287,20.908290020400052
5.313999999994285,18.336392916969714
5.314999999994282,13.199019830691078
5.31599999999428,6.21643527685606
5.316999999994278,-1.6343926923999978
5.317999999994275,-9.255939271564818
5.318999999994273,-15.582599782158857
5.319999999994271,-19.728828800821653
5.320999999994268,-21.11280513171008
5.321999999994266,-19.538505695058486
5.322999999994264,-15.224377653799028
5.323999999994261,-8.773929445674112
5.324999999994259,-1.0917078063407144
5.325999999994257,6.743857516340321
5.326999999994254,13.632696653263913
5.327999999994252,18.608475317269324
5.32899999999425,20.974653151738984
5.329999999994247,20.401793893985154
5.330999999994245,16.97263828212138
5.331999999994243,11.169204772170584
5.33299999999424,3.804427710210775
5.333999999994238,-4.0916437402011745
5.334999999994236,-11.415193806133832
5.335999999994233,-17.141972767543834
5.336999999994231,-20.469840202323493
5.337999999994229,-20.931061618842957
5.338999999994226,-18.45866720412301
5.339999999994224,-13.397124089594218
5.340999999994222,-6.455127004833472
5.341999999994219,1.393447815462349
5.342999999994217,9.046679773626582
5.343999999994215,15.430241079134698
5.344999999994212,19.649047472354983
5.34599999999421,21.113060198469437
5.346999999994208,19.619397402492957
5.347999999994205,15.37955053633815
5.348999999994203,8.988546344205831
5.349999999994201,1.3410289480574613
5.350999999994198,-6.493680266690727
5.351999999994196,-13.420256137005035
5.352999999994194,-18.469562439723855
5.353999999994191,-20.933723981553115
5.354999999994189,-20.465535374593966
5.355999999994187,-17.128153065654377
5.356999999994184,-11.387543843092285
5.357999999994182,-4.048049687078567
5.35899999999418,3.860357810012288
5.359999999994177,11.2273031408121
5.360999999994175,17.018862950450977
5.361999999994173,20.423377464168908
5.36299999999417,20.96527249163984
5.363999999994168,18.570890939285025
5.364999999994166,13.577547090566133
5.365999999994163,6.685225425444063
5.366999999994161,-1.141739039074024
5.367999999994159,-8.809083635051131
5.3689999999941564,-15.244676877292333
5.369999999994154,-19.54758393686602
5.370999999994152,-21.113873115844378
5.3719999999941495,-19.721766113538663
5.372999999994147,-15.563916954832482
5.373999999994145,-9.221651848808799
5.3749999999941425,-1.5841218198788842
5.37599999999414,6.276619896602447
5.376999999994138,13.25691752561825
5.3779999999941355,18.377392242050586
5.378999999994133,20.920884296828014
5.379999999994131,20.532742273959077
5.3809999999941285,17.269517863898702
5.381999999994126,11.589791313036644
5.382999999994124,4.289100885557757
5.3839999999941215,-3.6114523414282127
5.384999999994119,-11.007343374461202
5.385999999994117,-16.864085150275013
5.3869999999941145,-20.3612075905026
5.387999999994112,-21.00710246638135
5.38899999999411,-18.708708545751012
5.3899999999941075,-13.785846929856834
5.390999999994105,-6.927509296985182
5.391999999994103,0.9043565548048843
5.3929999999941005,8.610243010384856
5.393999999994098,15.108345631771908
5.394999999994096,19.487278098629478
5.3959999999940935,21.134223947135737
5.396999999994091,19.820328590867305
5.397999999994089,15.731632753677316
5.3989999999940865,9.441839846749906
5.399999999994084,1.8313795892563924
5.400999999994082,-6.035577272788103
5.4019999999940795,-13.059111012461504
5.402999999994077,-18.25640923745552
5.403999999994075,-20.898747259843322
5.4049999999940725,-20.61379496781689
5.40599999999407,-17.43881513119662
5.406999999994068,-11.816756558636582
5.4079999999940656,-4.535096325891784
5.408999999994063,3.3844709235632973
5.409999999994061,10.830037479402293
5.410999999994059,16.756531210772103
5.411999999994056,20.33311922476705
5.412999999994054,21.059788331785082
5.413999999994052,18.83668599637741
5.414999999994049,13.976910244188069
5.415999999994047,7.1616255296533895
5.416999999994045,-0.6556373034738455
5.417999999994042,-8.381929327799853
5.41899999999404,-14.936792370807158
5.419999999994038,-19.4025007739086
5.420999999994035,-21.152204518366762
5.421999999994033,-19.93826617350109
5.422999999994031,-15.92815482548793
5.423999999994028,-9.682240255678819
5.424999999994026,-2.075940202477011
5.425999999994024,5.82320757629012
5.426999999994021,12.906160398280724
5.427999999994019,18.178996621089162
5.428999999994017,20.902937016315146
5.429999999994014,20.69773863307289
5.430999999994012,17.594053851755486
5.43199999999401,12.027936235534073
5.432999999994007,4.778935789908126
5.433999999994005,-3.1390822631175825
5.434999999994003,-10.619101692290892
5.435999999994,-16.614792584993413
5.436999999993998,-20.28614923833478
5.437999999993996,-21.117049640911407
5.438999999993993,-18.98835124619727
5.439999999993991,-14.195879069056243
5.440999999993989,-7.410109952422121
5.441999999993986,0.4173851938909534
5.442999999993984,8.18781691430393
5.443999999993982,14.81029845892758
5.444999999993979,19.355838194454293
5.445999999993977,21.188008893514894
5.446999999993975,20.051723754979207
5.447999999993972,16.107914852143693
5.44899999999397,9.909855645338792
5.449999999993968,2.3250832046242014
5.450999999993965,-5.58581342483998
5.451999999993963,-12.716720245443542
5.452999999993961,-18.069740145596985
5.453999999993958,-20.89427657355757
5.454999999993956,-20.792377144234464
5.455999999993954,-17.775499698419637
5.456999999993951,-12.264226532658014
5.457999999993949,-5.03028157677001
5.458999999993947,2.9115084363729795
5.459999999993944,10.446194944884276
5.460999999993942,16.516152721237138
5.46199999999394,20.270259521945174
5.462999999993937,21.18337686863208
5.463999999993935,19.129284619535756
5.464999999993933,14.397223681589367
5.46599999999393,7.65037672879468
5.466999999993928,-0.16732836027689596
5.467999999993926,-7.9628583948917235
5.468999999993923,-14.64602791891218
5.469999999993921,-19.28111178735741
5.470999999993919,-21.217490721569412
5.471999999993916,-20.181286955373363
5.472999999993914,-16.314915465849506
5.473999999993912,-10.158401099146367
5.474999999993909,-2.574423476206289
5.475999999993907,5.372761471061419
5.476999999993905,12.567422860478509
5.477999999993902,17.999900309582525
5.4789999999939,20.908858429058135
5.479999999993898,20.88790253331082
5.480999999993895,17.94166957687701
5.481999999993893,12.484024369577902
5.482999999993891,5.279270893770487
5.483999999993888,-2.6649192725597968
5.484999999993886,-10.237842358356263
5.485999999993884,-16.38014239129007
5.486999999993881,-20.23127163982023
5.487999999993879,-21.249900093342188
5.488999999993877,-19.290508890647413
5.4899999999938744,-14.62505860902872
5.490999999993872,-7.906036599865427
5.49199999999387,-0.07547129466228614
5.4929999999938675,7.767543559241014
5.493999999993865,14.521967625487557
5.494999999993863,19.24022321221548
5.4959999999938605,21.26150549060569
5.496999999993858,20.304036455042873
5.497999999993856,16.503542368129423
5.4989999999938535,10.393138525864286
5.499999999993851,2.828068341754278
5.500999999993849,-5.133820858763161
5.5019999999938465,-12.379259095241208
5.502999999993844,-17.894315872120398
5.503999999993842,-20.905716728895854
5.5049999999938395,-20.989328158682852
5.505999999993837,-18.130556274840202
5.506999999993835,-12.727700302081425
5.5079999999938325,-5.537117569328976
5.50899999999383,2.432607907654714
5.509999999993828,10.062712822342611
5.5109999999938255,16.282198819027162
5.511999999993823,20.218891162710076
5.512999999993821,21.32191250934668
5.5139999999938185,19.438283819939745
5.514999999993816,14.833264357558122
5.515999999993814,8.152207360886342
5.5169999999938115,0.32984028643697844
5.517999999993809,-7.540127214098663
5.518999999993807,-14.357086172394139
5.5199999999938045,-19.166608837127512
5.520999999993802,-21.293689730781495
5.5219999999938,-20.43775493942202
5.5229999999937975,-16.715917983695125
5.523999999993795,-10.647836197785155
5.524999999993793,-3.083640699522443
5.5259999999937905,4.915328297365185
5.526999999993788,12.226160890096454
5.527999999993786,17.822903647452794
5.5289999999937836,20.921112093039117
5.529999999993781,21.08775126681512
5.530999999993779,18.301073721165547
5.531999999993777,12.952546990289829
5.532999999993774,5.7912016416448
5.533999999993772,-2.1813338003548783
5.53499999999377,-9.850366071185785
5.535999999993767,-16.14310504203491
5.536999999993765,-20.1780021771676
5.537999999993763,-21.388066190441503
5.53899999999376,-19.601002962369027
5.539999999993758,-15.064600772704662
5.540999999993756,-8.413164271130544
5.541999999993753,-0.5791125892264327
5.542999999993751,7.338094836224831
5.543999999993749,14.227081596750502
5.544999999993746,19.121396853996295
5.545999999993744,21.335493137283688
5.546999999993742,20.560494700621632
5.547999999993739,16.906517453626453
5.548999999993737,10.886161200227265
5.549999999993735,3.342105926562917
5.550999999993732,-4.670695451282626
5.55199999999373,-12.031837371982746
5.552999999993728,-17.71124355134641
5.553999999993725,-20.91272848795747
5.554999999993723,-21.185645398748363
5.555999999993721,-18.4889465198252
5.556999999993718,-13.198211201339626
5.557999999993716,-6.054000027066352
5.558999999993714,1.941723112725679
5.559999999993711,9.666657512556123
5.560999999993709,16.036566657309674
5.561999999993707,20.158186557760736
5.562999999993704,21.454683500138717
5.563999999993702,19.745936967092383
5.5649999999937,15.272716891630298
5.565999999993697,8.661973420223019
5.566999999993695,0.8386637696776145
5.567999999993693,-7.1033210363748704
5.56899999999369,-14.053305597121348
5.569999999993688,-19.0383296862224
5.570999999993686,-21.358955036201575
5.571999999993683,-20.68764119631663
5.572999999993681,-17.115724287653038
5.573999999993679,-11.141857444700117
5.574999999993676,-3.6028958044375714
5.575999999993674,4.443464858148294
5.576999999993672,11.86776679173514
5.577999999993669,17.628203357967948
5.578999999993667,20.91739635702919
5.579999999993665,21.2755424392943
5.580999999993662,18.654081456271765
5.58199999999366,13.421401678903724
5.582999999993658,6.3104079831360504
5.583999999993655,-1.6842281637054015
5.584999999993653,-9.444680605610959
5.585999999993651,-15.885409573271762
5.586999999993648,-20.104281714707525
5.587999999993646,-21.508725528264396
5.588999999993644,-19.899390764285105
5.589999999993641,-15.499269164680744
5.590999999993639,-8.923580874351293
5.591999999993637,-1.094065002585425
5.592999999993634,6.8905529992639085
5.593999999993632,13.909536190972885
5.59499999999363,18.978268332227
5.595999999993627,21.386787938642147
5.596999999993625,20.799010768359732
5.597999999993623,17.298893719379947
5.59899999999362,11.377598496131329
5.599999999993618,3.864062609476234
5.600999999993616,-4.190936236847668
5.601999999993613,-11.661068322116693
5.602999999993611,-17.50108806547385
5.603999999993609,-20.89250150112226
5.604999999993606,-21.358282983924486
5.605999999993604,-18.830561503183187
5.606999999993602,-13.661354317087792
5.607999999993599,-6.574207821943231
5.608999999993597,1.436971733742836
5.609999999993595,9.247809865158269
5.6109999999935924,15.762115375418292
5.61199999999359,20.066450384615525
5.612999999993588,21.558431618510355
5.6139999999935855,20.030624948446945
5.614999999993583,15.698571198975293
5.615999999993581,9.16960191339711
5.6169999999935785,1.3573723500950172
5.617999999993576,-6.64568804737933
5.618999999993574,-13.720368761613075
5.6199999999935715,-18.876385187453415
5.620999999993569,-21.39057842941358
5.621999999993567,-20.908547202223954
5.6229999999935645,-17.495317795661734
5.623999999993562,-11.627423443502753
5.62499999999356,-4.1268824374994155
5.6259999999935575,3.954053888575633
5.626999999993555,11.481171706363739
5.627999999993553,17.398340727206506
5.6289999999935505,20.876293407194247
5.629999999993548,21.428859400186823
5.630999999993546,18.98035617901104
5.6319999999935435,13.875104427946813
5.632999999993541,6.828344845062259
5.633999999993539,-1.1740905782554438
5.6349999999935365,-9.013213831350097
5.635999999993534,-15.592525252846215
5.636999999993532,-19.990666397361473
5.6379999999935295,-21.59022065744552
5.638999999993527,-20.164778437211805
5.639999999993525,-15.911777979369075
5.6409999999935225,-9.425932571503752
5.64199999999352,-1.6163974029233485
5.642999999993518,6.420964506000089
5.6439999999935155,13.558112975152117
5.644999999993513,18.793960179784396
5.645999999993511,21.395215261418183
5.6469999999935085,20.998898994491405
5.647999999993506,17.662298123742957
5.648999999993504,11.853863538162846
5.6499999999935016,4.3869264860594965
5.650999999993499,-3.694111873966171
5.651999999993497,-11.259235290428531
5.652999999993495,-17.24999471280474
5.653999999993492,-20.827007928456897
5.65499999999349,-21.48754216767729
5.655999999993488,-19.136722595258444
5.656999999993485,-14.1019828329385
5.657999999993483,-7.088120703430465
5.658999999993481,0.9212318072380576
5.659999999993478,8.802021746307867
5.660999999993476,15.448342384186747
5.661999999993474,19.928346779300597
5.662999999993471,21.615138058473608
5.663999999993469,20.274122695093144
5.664999999993467,16.094856494717195
5.665999999993464,9.663486560458368
5.666999999993462,1.8802043748451538
5.66799999999346,-6.166483003603644
5.668999999993457,-13.351251114196076
5.669999999993455,-18.668538345772685
5.670999999993453,-21.372853822151747
5.67199999999345,-21.08346793846304
5.672999999993448,-17.838691044591993
5.673999999993446,-12.091637261343587
5.674999999993443,-4.647465768623696
5.675999999993441,3.449487965802467
5.676999999993439,11.062833111758895
5.677999999993436,17.124440825574958
5.678999999993434,20.784895609000973
5.679999999993432,21.532568419875012
5.680999999993429,19.264597422414997
5.681999999993427,14.300217973784477
5.682999999993425,7.335167897548276
5.683999999993422,-0.6559654646595927
5.68499999999342,-8.555671377169471
5.685999999993418,-15.258999225777895
5.686999999993415,-19.82739803829169
5.687999999993413,-21.619880492686114
5.688999999993411,-20.383314236803116
5.689999999993408,-16.28893018801619
5.690999999993406,-9.909373648093329
5.691999999993404,-2.138957181326447
5.692999999993401,5.93196532316226
5.693999999993399,13.170717481749808
5.694999999993397,18.562053074781826
5.695999999993394,21.350984404553255
5.696999999993392,21.148357507422197
5.69799999999339,17.984494372472973
5.698999999993387,12.303866675596852
5.699999999993385,4.902135031526034
5.700999999993383,-3.185248222578353
5.70199999999338,-10.82730361977403
5.702999999993378,-16.954877128075765
5.703999999993376,-20.709628186170345
5.704999999993373,-21.564212477206016
5.705999999993371,-19.396860301887106
5.706999999993369,-14.509525959144007
5.707999999993366,-7.586478211864489
5.708999999993364,0.4013474207328342
5.709999999993362,8.3329490108173
5.710999999993359,15.095360985501557
5.711999999993357,19.740539025005667
5.712999999993355,21.618528620769112
5.713999999993352,20.46807308359073
5.71499999999335,16.452211882825488
5.715999999993348,10.134426209619663
5.716999999993345,2.39922228899939
5.717999999993343,-5.671465189335457
5.718999999993341,-12.948908256910574
5.719999999993338,-18.414665849546353
5.720999999993336,-21.302671700619445
5.721999999993334,-21.206744186379428
5.722999999993331,-18.138354638134643
5.723999999993329,-12.526092708465216
5.724999999993327,-5.156322550069179
5.725999999993324,2.937035817738548
5.726999999993322,10.61813132530124
5.72799999999332,16.809392109431084
5.728999999993317,20.643292145073556
5.729999999993315,21.583978987477792
5.730999999993313,19.50167457548277
5.7319999999933104,14.689787849125107
5.732999999993308,7.822918063767678
5.733999999993306,-0.13788874103184512
5.7349999999933035,-8.07923391809082
5.735999999993301,-14.890323323860441
5.736999999993299,-19.617635898198305
5.7379999999932965,-21.598149459560474
5.738999999993294,-20.552652059635697
5.739999999993292,-16.625833709497762
5.7409999999932895,-10.367010252474321
5.741999999993287,-2.653637766372228
5.742999999993285,5.431926095303746
5.7439999999932825,12.754983849886303
5.74499999999328,18.28851033410564
5.745999999993278,21.2576341575154
5.7469999999932755,21.24802328033228
5.747999999993273,18.263081356945968
5.748999999993271,12.722398233149523
5.7499999999932685,5.402246634744348
5.750999999993266,-2.673155544412459
5.751999999993264,-10.374398303785064
5.7529999999932615,-16.624052111854255
5.753999999993259,-20.546813403107002
5.754999999993257,-21.592019848874898
5.7559999999932545,-19.611428621044187
5.756999999993252,-14.881013603054368
5.75799999999325,-8.063164562755295
5.7589999999932475,-0.11411088755155435
5.759999999993245,7.850586724361741
5.760999999993243,14.713343030127227
5.7619999999932405,19.512066393570322
5.762999999993238,21.57530883945303
5.763999999993236,20.61591582713166
5.7649999999932335,16.77027814284718
5.765999999993231,10.57820956845519
5.766999999993229,2.9068101889162494
5.7679999999932265,-5.170750687129509
5.768999999993224,-12.524698988167463
5.769999999993222,-18.125911739739884
5.7709999999932196,-21.189488453253023
5.771999999993217,-21.28485023381767
5.772999999993215,-18.396862978054187
5.773999999993213,-12.92898102791567
5.77499999999321,-5.647408566801359
5.775999999993208,2.4262771448102214
5.776999999993206,10.158986788034278
5.777999999993203,16.4659146573548
5.778999999993201,20.463315822962826
5.779999999993199,21.592429611676703
5.780999999993196,19.697124430219546
5.781999999993194,15.044724651949034
5.782999999993192,8.28765972049664
5.783999999993189,0.3717847692515171
5.784999999993187,-7.5956445370562005
5.785999999993185,-14.500118803263133
5.786999999993182,-19.375082112621065
5.78799999999318,-21.536961745840884
5.788999999993178,-20.681307189376543
5.789999999993175,-16.926361707257268
5.790999999993173,-10.797455946122053
5.791999999993171,-3.153880736726742
5.792999999993168,4.931780510218042
5.793999999993166,12.324810079297942
5.794999999993164,17.988351789836678
5.795999999993161,21.129278499796495
5.796999999993159,21.30916754973788
5.797999999993157,18.504908732063402
5.798999999993154,13.110886841012391
5.799999999993152,5.882993620298019
5.80099999999315,-2.1673009208982985
5.801999999993147,-9.913972807667914
5.802999999993145,-16.273184280785298
5.803999999993143,-20.35433467783305
5.80499999999314,-21.584689716329958
5.805999999993138,-19.790201806118034
5.806999999993136,-15.220876235585607
5.807999999993133,-8.516587551831469
5.808999999993131,-0.6176685234936921
5.809999999993129,7.367339439969611
5.810999999993126,14.317979278695189
5.811999999993124,19.259790048492306
5.812999999993122,21.501210149527672
5.813999999993119,20.730084229826392
5.814999999993117,17.056453962024772
5.815999999993115,10.99613871411895
5.816999999993112,3.397937545679023
5.81799999999311,-4.675073052996316
5.818999999993108,-12.093642906620888
5.819999999993105,-17.819563466767345
5.820999999993103,-21.050510220294047
5.821999999993101,-21.332549611240122
5.822999999993098,-18.624488305877637
5.823999999993096,-13.304633223737483
5.824999999993094,-6.118469362166975
5.825999999993091,1.9257929127605822
5.826999999993089,9.699172448142013
5.827999999993087,16.111113674077245
5.828999999993084,20.26307217800917
5.829999999993082,21.57454244604829
5.83099999999308,19.863793108453
5.831999999993077,15.372314179155772
5.832999999993075,8.730090139799632
5.833999999993073,0.8670359467711286
5.83499999999307,-7.11684506123248
5.835999999993068,-14.104639653163689
5.836999999993066,-19.11809216332528
5.837999999993063,-21.45426358355739
5.838999999993061,-20.784349086795313
5.839999999993059,-17.20062265763534
5.840999999993056,-11.204447335574585
5.841999999993054,-3.6365123407836752
5.842999999993052,4.441199565502336
5.843999999993049,11.895052719086067
5.844999999993047,17.67958802796462
5.845999999993045,20.984610544130007
5.846999999993042,21.348596009356942
5.84799999999304,18.722581610519008
5.848999999993038,13.475999872234592
5.849999999993035,6.34418361341212
5.850999999993033,-1.6747167122370796
5.851999999993031,-9.458940578523361
5.8529999999930284,-15.91930119264485
5.853999999993026,-20.15100014982415
5.854999999993024,-21.56023008707896
5.8559999999930215,-19.947913914884975
5.856999999993019,-15.538547665731278
5.857999999993017,-8.949582196204757
5.8589999999930145,-1.105171520859476
5.859999999993012,6.893776858708575
5.86099999999301,13.924797308050893
5.8619999999930075,19.002055080970692
5.862999999993005,21.41486931468989
5.863999999993003,20.826945386180572
5.8649999999930005,17.32259358504668
5.865999999992998,11.393938054146385
5.866999999992996,3.8714282650844494
5.8679999999929935,-4.192330499773043
5.868999999992991,-11.669260648166208
5.869999999992989,-17.512896577722916
5.8709999999929865,-20.904389925572126
5.871999999992984,-21.367311918961114
5.872999999992982,-18.83512453606694
5.8739999999929795,-13.661471767557158
5.874999999992977,-6.5713167773365715
5.875999999992975,1.4406089603366272
5.8769999999929725,9.249837466567756
5.87799999999297,15.760707214926528
5.878999999992968,20.060671396649063
5.8799999999929655,21.548324015035
5.880999999992963,20.01711458897617
5.881999999992961,15.683315801936926
5.8829999999929585,9.154845511171924
5.883999999992956,1.345777086845502
5.884999999992954,-6.651323475510904
5.8859999999929515,-13.71757671517743
5.886999999992949,-18.863657808038912
5.887999999992947,-21.368005282206077
5.8889999999929445,-20.878226368451422
5.889999999992942,-17.461322424034837
5.89099999999294,-11.595231422974654
5.8919999999929376,-4.102362325645327
5.892999999992935,3.965843635793481
5.893999999992933,11.477044361036791
5.894999999992931,17.377633071166922
5.895999999992928,20.84098628769082
5.896999999992926,21.383217147844608
5.897999999992924,18.93025222957915
5.898999999992921,13.827221750831471
5.899999999992919,6.789377195080484
5.900999999992917,-1.1982012738630177
5.901999999992914,-9.018021906562355
5.902999999992912,-15.57580431247844
5.90399999999291,-19.953024801063993
5.904999999992907,-21.535435030851286
5.905999999992905,-20.099644369282352
5.906999999992903,-15.845352604067541
5.9079999999929,-9.368208275953481
5.908999999992898,-1.576636396962117
5.909999999992896,6.435871597088652
5.910999999992893,13.54488666806783
5.911999999992891,18.753504612882793
5.912999999992889,21.332449688178983
5.913999999992886,20.921963468881476
5.914999999992884,17.581362922255515
5.915999999992882,11.779782433579458
5.916999999992879,4.32990576257593
5.917999999992877,-3.7257427340759364
5.918999999992875,-11.260108722999492
5.919999999992872,-17.218579554078282
5.92099999999287,-20.76614025607817
5.921999999992868,-21.404429793520173
5.922999999992865,-19.04226676702653
5.923999999992863,-14.009385217531996
5.924999999992861,-7.010934721694763
5.925999999992858,0.9712625103150884
5.926999999992856,8.816898716983628
5.927999999992854,15.4251203041301
5.928999999992851,19.86957286475212
5.929999999992849,21.528401037887075
5.930999999992847,20.170883135572424
5.931999999992844,15.988833751045643
5.932999999992842,9.568875666779286
5.93399999999284,1.8099252054077934
5.934999999992837,-6.202378828169839
5.935999999992835,-13.346920417757344
5.936999999992833,-18.623311331526843
5.93799999999283,-21.29165214757575
5.938999999992828,-20.976493305192182
5.939999999992826,-17.720276750674003
5.940999999992823,-11.978320166585549
5.941999999992821,-4.555542852884674
5.942999999992819,3.5064859783886915
5.943999999992816,11.076262064423352
5.944999999992814,17.091853406139105
5.945999999992812,20.710334819224755
5.946999999992809,21.425872016741906
5.947999999992807,19.139929044374494
5.948999999992805,14.17412835712743
5.949999999992802,7.224476096501329
5.9509999999928,-0.7362499816556876
5.951999999992798,-8.59422749080177
5.952999999992795,-15.24973057080774
5.953999999992793,-19.770454159877875
5.954999999992791,-21.521959682832005
5.955999999992788,-20.257071880304178
5.956999999992786,-16.15143513474527
5.957999999992784,-9.779751822358076
5.958999999992781,-2.035574562777795
5.959999999992779,5.9942815620018175
5.960999999992777,13.182904141371283
5.961999999992774,18.522092273856217
5.962999999992772,21.264073070421542
5.96399999999277,21.02603403810267
5.964999999992767,17.842964785090125
5.965999999992765,12.161842092210287
5.966999999992763,4.7784708576296655
5.96799999999276,-3.2738819355373283
5.968999999992758,-10.868534362436305
5.969999999992756,-16.94233572466732
5.970999999992753,-20.64402715722032
5.971999999992751,-21.453565007658877
5.972999999992749,-19.255670900117316
5.9739999999927464,-14.35694119150382
5.974999999992744,-7.443606797131593
5.975999999992742,0.5145237170265359
5.9769999999927395,8.400530175911037
5.977999999992737,15.107824738420067
5.978999999992735,19.69600911458407
5.9799999999927325,21.522880681557726
5.98099999999273,20.333972283805256
5.981999999992728,16.2973305851515
5.9829999999927255,9.979143186951775
5.983999999992723,2.264082275511978
5.984999999992721,-5.76829757937457
5.9859999999927185,-12.993984008070532
5.986999999992716,-18.401137638837206
5.987999999992714,-21.231458498885434
5.9889999999927115,-21.086712660586112
5.989999999992709,-17.98535475665414
5.990999999992707,-12.36087718671532
5.9919999999927045,-5.00161908411312
5.992999999992702,3.0598237615016797
5.9939999999927,10.692021841130085
5.9949999999926975,16.824196210991285
5.995999999992695,20.596911343475632
5.996999999992693,21.48251743982912
5.9979999999926905,19.358468265035018
5.998999999992688,14.523586826536166
5.999999999992686,7.655499671885457
6.0009999999926835,-0.2844136073537467
6.001999999992681,-8.185180243552818
6.002999999992679,-14.94100440721603
6.0039999999926765,-19.605454434433828
6.004999999992674,-21.523881828457476
6.005999999992672,-20.425634771921334
6.0069999999926695,-16.462895538778522
6.007999999992667,-10.19021691388622
6.008999999992665,-2.487168547547303
6.0099999999926625,5.565252151190435
6.01099999999266,12.836940663747743
6.011999999992658,18.30793828905845
6.0129999999926556,21.211823732267295
6.013999999992653,21.142907146489797
6.014999999992651,18.11232756614815
6.015999999992649,12.545611834436436
6.016999999992646,5.222524512164336
6.017999999992644,-2.8320718965972547
6.018999999992642,-10.491117430999727
6.019999999992639,-16.68237678476845
6.020999999992637,-20.53807719685487
6.021999999992635,-21.51653338795358
6.022999999992632,-19.478713734146915
6.02399999999263,-14.708673612726978
6.024999999992628,-7.874490490559296
6.025999999992625,0.06521446619826773
6.026999999992623,7.996136775439836
6.027999999992621,14.805343697576534
6.028999999992618,19.53802681407584
6.029999999992616,21.531562123823655
6.030999999992614,20.507960920394986
6.031999999992611,16.61198784044358
6.032999999992609,10.390071166160512
6.033999999992607,2.7134077291179666
6.034999999992604,-5.343778347138653
6.035999999992602,-12.653943152569738
6.0369999999926,-18.193364801974976
6.037999999992597,-21.18517082023841
6.038999999992595,-21.20844940557927
6.039999999992593,-18.258033261752075
6.04099999999259,-12.746158846283004
6.041999999992588,-5.4452760535272375
6.042999999992586,2.620278344738409
6.043999999992583,10.318511672109793
6.044999999992581,16.569324255872132
6.045999999992579,20.49652356532507
6.046999999992576,21.550654383098877
6.047999999992574,19.585419619455358
6.048999999992572,14.877308974278408
6.049999999992569,8.086171451284917
6.050999999992567,0.16263841034842252
6.051999999992565,-7.784561335122747
6.052999999992562,-14.643083670959996
6.05399999999256,-19.452082019792396
6.054999999992558,-21.536633864649147
6.055999999992555,-20.60277294124238
6.056999999992553,-16.779578286565368
6.057999999992551,-10.601952819841289
6.058999999992548,-2.9360498601493004
6.059999999992546,5.142398593697095
6.060999999992544,12.499635126731869
6.061999999992541,18.10363600749737
6.062999999992539,21.1692163318123
6.063999999992537,21.2678954890743
6.064999999992534,18.387230617185914
6.065999999992532,12.931703906420585
6.06699999999253,5.665517791715649
6.067999999992527,-2.394390280651665
6.068999999992525,-10.12017040481587
6.069999999992523,-16.430213927522637
6.07099999999252,-20.44010367307859
6.071999999992518,-21.586550878102415
6.072999999992516,-19.706963175695208
6.073999999992513,-15.063166222068798
6.074999999992511,-8.305463331319176
6.075999999992509,-0.3816776990399837
6.076999999992506,7.596158907320624
6.077999999992504,14.50851959007916
6.078999999992502,19.386061718364807
6.079999999992499,21.545752510774882
6.080999999992497,20.686221378387994
6.081999999992495,16.929189017039217
6.082999999992492,10.801618299908412
6.08399999999249,3.161531250663778
6.084999999992488,-4.921918713881588
6.085999999992485,-12.3174751128696
6.086999999992483,-17.989453770876175
6.087999999992481,-21.142435563092988
6.088999999992478,-21.33294904517059
6.089999999992476,-18.532388259123408
6.090999999992474,-13.131946190218978
6.091999999992471,-5.888387329232326
6.092999999992469,2.182048988790043
6.093999999992467,9.946711929848949
6.0949999999924644,16.31616439854273
6.095999999992462,20.39751618844471
6.09699999999246,21.61962648928365
6.0979999999924575,19.812601658459428
6.098999999992455,15.230754849009525
6.099999999992453,8.516284453575656
6.1009999999924505,0.6091442325800441
6.101999999992448,-7.384181963204398
6.102999999992446,-14.344875203534691
6.1039999999924435,-19.297805652288158
6.104999999992441,-21.54793978792263
6.105999999992439,-20.77815711898235
6.1069999999924365,-17.094556174770805
6.107999999992434,-11.012446912456593
6.108999999992432,-3.3845409885778537
6.1099999999924295,4.7188038523134574
6.110999999992427,12.16035538785857
6.111999999992425,17.896244601983238
6.1129999999924225,21.122747785692557
6.11399999999242,21.388783487378753
6.114999999992418,18.658444984744097
6.1159999999924155,13.31518805987006
6.116999999992413,6.107557962091482
6.117999999992411,-1.9556368067969494
6.1189999999924085,-9.74604556583974
6.119999999992406,-16.173020231466502
6.120999999992404,-20.335825718874936
6.1219999999924015,-21.649833212129323
6.122999999992399,-19.92904036321215
6.123999999992397,-15.413046896526359
6.1249999999923945,-8.734226771771624
6.125999999992392,-0.8293045710783731
6.12699999999239,7.1923687296504974
6.1279999999923875,14.205130389106206
6.128999999992385,19.225544145473187
6.129999999992383,21.550522644649455
6.1309999999923805,20.855522192309564
6.131999999992378,17.239242459326256
6.132999999992376,11.209002900277715
6.1339999999923736,3.6092856983949964
6.134999999992371,-4.496335785347504
6.135999999992369,-11.973478932974777
6.136999999992367,-17.775077348385476
6.137999999992364,-21.087650908642267
6.138999999992362,-21.44548053660283
6.13999999999236,-18.796602728032884
6.140999999992357,-13.510992399341268
6.141999999992355,-6.329311627576938
6.142999999992353,1.740906079590133
6.14399999999235,9.56706929601956
6.144999999992348,16.05112853646083
6.145999999992346,20.28412202695964
6.146999999992343,21.673655063082403
6.147999999992341,20.0264042379532
6.148999999992339,15.574373214470446
6.149999999992336,8.941683964672862
6.150999999992334,1.0569430980829988
6.151999999992332,-6.97643751059383
6.152999999992329,-14.034035632499462
6.153999999992327,-19.12722946900234
6.154999999992325,-21.54146673525366
6.155999999992322,-20.93677096650034
6.15699999999232,-17.39620894035578
6.157999999992318,-11.41509107817722
6.158999999992315,-3.8319722261856968
6.159999999992313,4.289093792260537
6.160999999992311,11.80841562081796
6.161999999992308,17.671236041446885
6.162999999992306,21.056051314335
6.163999999992304,21.489625097018898
6.164999999992301,18.912647379257002
6.165999999992299,13.6872031171444
6.166999999992297,6.545468163335623
6.167999999992294,-1.512867639349435
6.168999999992292,-9.360087637107506
6.16999999999229,-15.897626781842387
6.170999999992287,-20.209381157292277
6.171999999992285,-21.690015905158024
6.172999999992283,-20.1303367301696
6.17399999999228,-15.747475759967367
6.174999999992278,-9.15519820750079
6.175999999992276,-1.2780993736514297
6.176999999992273,6.77839270734592
6.177999999992271,13.883759470028815
6.178999999992269,19.041606363167833
6.179999999992266,21.52961701609541
6.180999999992264,21.000466621036377
6.181999999992262,17.52972781445588
6.182999999992259,11.604477301062973
6.183999999992257,4.054638942197996
6.184999999992255,-4.063096945059105
6.185999999992252,-11.612631342950227
6.18699999999225,-17.536834946234936
6.187999999992248,-21.005206116782173
6.188999999992245,-21.530383331547313
6.189999999992243,-19.037120166121653
6.190999999992241,-13.87369516193489
6.191999999992238,-6.763693562286347
6.192999999992236,1.2953978856791137
6.193999999992234,9.172569735492834
6.194999999992231,15.762650272196023
6.195999999992229,20.141851378327807
6.196999999992227,21.697344353833692
6.197999999992224,20.212648320359783
6.198999999992222,15.897135657222986
6.19999999999222,9.355972470481374
6.200999999992217,1.50509622626269
6.201999999992215,-6.556738897164796
6.202999999992213,-13.701138063671275
6.20399999999221,-18.927434154267047
6.204999999992208,-21.50261127416669
6.205999999992206,-21.064344573989352
6.206999999992203,-17.67254783484837
6.207999999992201,-11.801788792082117
6.208999999992199,-4.275196427916715
6.209999999992196,3.8511014925630236
6.210999999992194,11.436703947421309
6.211999999992192,17.41759567863247
6.212999999992189,20.95577160652355
6.213999999992187,21.556583354580113
6.214999999992185,19.13741448950311
6.2159999999921824,14.038409867052788
6.21699999999218,6.974213595982305
6.217999999992178,-1.0662019000180039
6.2189999999921755,-8.957569945385242
6.219999999992173,-15.595189565766882
6.220999999992171,-20.049083696875996
6.2219999999921685,-21.694207936547688
6.222999999992166,-20.298526789518444
6.223999999992164,-16.056352417249077
6.2249999999921615,-9.561827376281519
6.225999999992159,-1.725878407579222
6.226999999992157,6.351841525874674
6.2279999999921545,13.53786388529701
6.228999999992152,18.82452654592148
6.22999999999215,21.471519611953635
6.2309999999921475,21.109340440228916
6.231999999992145,17.79031697960259
6.232999999992143,11.980456694508945
6.2339999999921405,4.493701098583789
6.234999999992138,-3.6219688575729148
6.235999999992136,-11.230713907260375
6.2369999999921335,-17.267192668527667
6.237999999992131,-20.885347568280476
6.238999999992129,-21.577046517263902
6.2399999999921265,-19.243911136568997
6.240999999992124,-14.211926615493018
6.241999999992122,-7.186334730027149
6.2429999999921195,0.8471870927293046
6.243999999992117,8.761224539769831
6.244999999992115,15.4454650422786
6.2459999999921125,19.96296455673075
6.24699999999211,21.681583746215377
6.247999999992108,20.362101140072784
6.2489999999921055,16.190907932896344
6.249999999992103,9.753144739254306
6.250999999992101,1.9504381038514689
6.2519999999920985,-6.125101999269694
6.252999999992096,-13.343163552958385
6.253999999992094,-18.692872227860224
6.2549999999920916,-21.42411211203097
6.255999999992089,-21.152906643082776
6.256999999992087,-17.915945998954562
6.257999999992085,-12.166223880768417
6.258999999992082,-4.709964800602233
6.25999999999208,3.4065501211023945
6.260999999992078,11.044304225819198
6.261999999992075,17.13199785573992
6.262999999992073,20.816700572308946
6.263999999992071,21.58330907851561
6.264999999992068,19.32610489210312
6.265999999992066,14.362716403077776
6.266999999992064,7.388980086445885
6.267999999992061,-0.6186460211424779
6.268999999992059,-8.539412874181744
6.269999999992057,-15.264534428530817
6.270999999992054,-19.851909609828915
6.271999999992052,-21.657988692925716
6.27299999999205,-20.428386381393775
6.273999999992047,-16.334304332786626
6.274999999992045,-9.949229761272562
6.275999999992043,-2.168789755608095
6.27699999999204,5.915139272407597
6.277999999992038,13.168230296051933
6.278999999992036,18.573442065499506
6.279999999992033,21.37389256344543
6.280999999992031,21.17865816190779
6.281999999992029,18.01681107517826
6.282999999992026,12.332515295376664
6.283999999992024,4.922303714010335
6.284999999992022,-3.176429347674044
6.285999999992019,-10.830170346433492
6.286999999992017,-16.967333614616113
6.287999999992015,-20.727903233215535
6.288999999992012,-21.583983928346683
6.28999999999201,-19.414344561987768
6.290999999992008,-14.522190990401624
6.291999999992005,-7.593239649449815
6.292999999992003,0.4003529143688316
6.293999999992001,8.336768668463604
6.294999999991998,15.10256464198034
6.295999999991996,19.749379859459847
6.296999999991994,21.62699051098692
6.297999999991991,20.47397995802614
6.298999999991989,16.453551643440914
6.299999999991987,10.12989655017224
6.300999999991984,2.3888225111800794
6.301999999991982,-5.686082720470778
6.30299999999198,-12.964575829548952
6.303999999991977,-18.42739432073481
6.304999999991975,-21.30872500291237
6.305999999991973,-21.203735484627696
6.30699999999197,-18.125975288994184
6.307999999991968,-12.506226659515166
6.308999999991966,-5.132543946466215
6.309999999991963,2.9603534198693087
6.310999999991961,10.636756728653221
6.311999999991959,16.819945184474285
6.312999999991956,20.643607081925403
6.313999999991954,21.57319695297805
6.314999999991952,19.480239912751355
6.315999999991949,14.659485430383361
6.316999999991947,7.7869499497264005
6.317999999991945,-0.17493773310100383
6.318999999991942,-8.111748815732946
6.31999999999194,-14.912451423895224
6.320999999991938,-19.624443633802667
6.321999999991935,-21.586857407475712
6.322999999991933,-20.52355028718365
6.323999999991931,-16.582536024948944
6.324999999991928,-10.315915607254745
6.325999999991926,-2.60273827610398
6.326999999991924,5.474540591906548
6.327999999991921,12.782515619928919
6.328999999991919,18.296434388362552
6.329999999991917,21.244168538827406
6.330999999991914,21.214177382167577
6.331999999991912,18.21245502128227
6.33299999999191,12.660857718736736
6.333999999991907,5.3374773721004
6.334999999991905,-2.732327990899225
6.335999999991903,-10.419032321429505
6.3369999999919004,-16.64644934309405
6.337999999991898,-20.542006821898973
6.338999999991896,-21.55901954485093
6.3399999999918935,-19.553821606546233
6.340999999991891,-14.806652468599717
6.341999999991889,-7.982943910990936
6.3429999999918865,-0.04011051544711088
6.343999999991884,7.907135995591414
6.344999999991882,14.74381011087882
6.3459999999918795,19.511579854421534
6.346999999991877,21.54324357164792
6.347999999991875,20.555809540980974
6.3489999999918725,16.689350016922813
6.34999999999187,10.486602134777872
6.350999999991868,2.816570093467373
6.3519999999918655,-5.247002158054227
6.352999999991863,-12.575411966703241
6.353999999991861,-18.142428971844996
6.3549999999918585,-21.167720917964797
6.355999999991856,-21.226381640048015
6.356999999991854,-18.30910751554557
6.3579999999918515,-12.824231516423854
6.358999999991849,-5.540914799671296
6.359999999991847,2.5187880003797334
6.3609999999918445,10.223803621238353
6.361999999991842,16.493357392589953
6.36299999999184,20.44897567889741
6.3639999999918375,21.537577993831615
6.364999999991835,19.60841015247767
6.365999999991833,14.933334055798783
6.3669999999918305,8.168064371924414
6.367999999991828,0.26012280218560624
6.368999999991826,-7.683527744799326
6.3699999999918235,-14.550862770831408
6.370999999991821,-19.37997061284761
6.371999999991819,-21.493637292607254
6.3729999999918165,-20.59459285046162
6.373999999991814,-16.8078736921649
6.374999999991812,-10.663966078301822
6.3759999999918096,-3.024712218557245
6.376999999991807,5.037792136755081
6.377999999991805,12.39217948614083
6.378999999991803,18.007126019235546
6.3799999999918,21.09626559164562
6.380999999991798,21.228184151204182
6.381999999991796,18.386182586981263
6.382999999991793,12.969793473143381
6.383999999991791,5.738264753601475
6.384999999991789,-2.295806379361256
6.385999999991786,-10.007821874350846
6.386999999991784,-16.318021459828675
6.387999999991782,-20.342253092025487
6.388999999991779,-21.515842753537182
6.389999999991777,-19.673216210369418
6.390999999991775,-15.071836292724454
6.391999999991772,-8.356685549097401
6.39299999999177,-0.4699461715564556
6.393999999991768,7.4815218482867865
6.394999999991765,14.382087084805793
6.395999999991763,19.26437191164733
6.396999999991761,21.445026957612082
6.397999999991758,20.62011242852456
6.398999999991756,16.90691626327089
6.399999999991754,10.826751960484147
6.400999999991751,3.231540650297778
6.401999999991749,-4.815359512611302
6.402999999991747,-12.1875125731676
6.403999999991744,-17.85253228873552
6.404999999991742,-21.016360555903837
6.40599999999174,-21.234693094455533
6.406999999991737,-18.475849474836192
6.407999999991735,-13.12593472635547
6.408999999991733,-5.935159891016847
6.40999999999173,2.0874081954428023
6.410999999991728,9.815874470446275
6.411999999991726,16.1660982965088
6.412999999991723,20.24818452386978
6.413999999991721,21.491213002804034
6.414999999991719,19.722711887193533
6.415999999991716,15.192015710140923
6.416999999991714,8.534657463348186
6.417999999991712,0.6831253413049864
6.418999999991709,-7.263432291936934
6.419999999991707,-14.192519464158657
6.420999999991705,-19.133540599566278
6.421999999991702,-21.39358866784882
6.4229999999917,-20.654867202723043
6.423999999991698,-17.01991237915587
6.424999999991695,-10.997891868609134
6.425999999991693,-3.433520771884515
6.426999999991691,4.611609424693022
6.427999999991688,12.008517909034103
6.428999999991686,17.719815605688375
6.429999999991684,20.94549512112084
6.430999999991681,21.234878707349022
6.431999999991679,18.54912018770201
6.432999999991677,13.265845278391675
6.433999999991674,6.125698218194948
6.434999999991672,-1.87144539392958
6.43599999999167,-9.606077789349374
6.436999999991667,-15.995206542172111
6.437999999991665,-20.143579768787678
6.438999999991663,-21.46909605844289
6.43999999999166,-19.784849101480308
6.440999999991658,-15.32604639352786
6.441999999991656,-8.717622596274728
6.442999999991653,-0.8867572651613534
6.443999999991651,7.0675137719720365
6.444999999991649,14.029092239190177
6.445999999991646,19.021917706828877
6.446999999991644,21.346992846708584
6.447999999991642,20.680002569168643
6.448999999991639,17.116024512503667
6.449999999991637,11.15545353276378
6.450999999991635,3.6335030802319617
6.451999999991632,-4.3966534644801225
6.45299999999163,-11.810845023106827
6.453999999991628,-17.570729349117013
6.454999999991625,-20.868903389555665
6.455999999991623,-21.242183775760225
6.456999999991621,-18.637108711965723
6.4579999999916184,-13.418152921748137
6.458999999991616,-6.31709955589207
6.459999999991614,1.6695957247955644
6.4609999999916115,9.421037207661628
6.461999999991609,15.849763210653874
6.462999999991607,20.054721605377093
6.4639999999916045,21.44760330271029
6.464999999991602,19.83479827420652
6.4659999999916,15.443748681364863
6.4669999999915975,8.890416769995847
6.467999999991595,1.0927674970669181
6.468999999991593,-6.857520881503458
6.4699999999915905,-13.847348808562463
6.470999999991588,-18.897538946746362
6.471999999991586,-21.299821009188733
6.4729999999915835,-20.716393081183245
6.473999999991581,-17.227939887188008
6.474999999991579,-11.32300331175227
6.4759999999915765,-3.829815304183615
6.476999999991574,4.200030424397829
6.477999999991572,11.639641738006363
6.4789999999915695,17.445517436177546
6.479999999991567,20.804221463012073
6.480999999991565,21.246257726301963
6.4819999999915625,18.71125386165226
6.48299999999156,13.555645436128149
6.483999999991558,6.502193566734188
6.4849999999915555,-1.4613165208909236
6.485999999991553,-9.220009110371553
6.486999999991551,-15.687438200023868
6.4879999999915485,-19.957302703782197
6.488999999991546,-21.43039697393824
6.489999999991544,-19.8990416988663
6.4909999999915415,-15.576913278397798
6.491999999991539,-9.069691522672231
6.492999999991537,-1.2903065259758386
6.4939999999915345,6.669421678445074
6.494999999991532,13.692549908906246
6.49599999999153,18.794240721825066
6.4969999999915276,21.260052766716978
6.497999999991525,20.745771619758713
6.498999999991523,17.324950456264745
6.499999999991521,11.477871678057422
6.500999999991518,4.023862098010845
6.501999999991516,-3.9933624066739712
6.502999999991514,-11.451360636747596
6.503999999991511,-17.305567307865996
6.504999999991509,-20.7352773622807
6.505999999991507,-21.2587821805462
6.506999999991504,-18.801460883933338
6.507999999991502,-13.706966946514768
6.5089999999915,-6.689541202996046
6.509999999991497,1.266132811559789
6.510999999991495,9.043483778703491
6.511999999991493,15.551312774100966
6.51299999999149,19.877311495932723
6.513999999991488,21.416013975025805
6.514999999991486,19.953204583641586
6.515999999991483,15.695195511957113
6.516999999991481,9.239269473305962
6.517999999991479,1.489769769155144
6.518999999991476,-6.468304697808396
6.519999999991474,-13.520679509285594
6.520999999991472,-18.679325333947226
6.521999999991469,-21.220681842086503
6.522999999991467,-20.787353957572336
6.523999999991465,-17.438873865169747
6.524999999991462,-11.644048712354293
6.52599999999146,-4.215586989297293
6.526999999991458,3.8040214689501823
6.527999999991455,11.289270496639876
6.528999999991453,17.190133299768714
6.529999999991451,20.679677993989234
6.530999999991448,21.269878276137817
6.531999999991446,18.879439819055712
6.532999999991444,13.844447031157964
6.533999999991441,6.870739178687089
6.534999999991439,-1.065034629901254
6.535999999991437,-8.851813274004591
6.536999999991434,-15.399129950577317
6.537999999991432,-19.78939880899221
6.53899999999143,-21.406443137706678
6.539999999991427,-20.02229837918627
6.540999999991425,-15.829887214500255
6.541999999991423,-9.416594183496429
6.54299999999142,-1.6821072106230748
6.543999999991418,6.288056121250941
6.544999999991416,13.375416199253534
6.545999999991413,18.585984588408376
6.546999999991411,21.18987016302364
6.547999999991409,20.823321326761373
6.548999999991406,17.53904676009296
6.549999999991404,11.798121716033402
6.550999999991402,4.404994493128626
6.551999999991399,-3.605102467381557
6.552999999991397,-11.110651485314898
6.553999999991395,-17.06033824367497
6.554999999991392,-20.619985775770562
6.55599999999139,-21.289573432341157
6.556999999991388,-18.973890623244777
6.557999999991385,-13.996616768848822
6.558999999991383,-7.055456529461321
6.559999999991381,0.875655589825551
6.560999999991378,8.683576599558108
6.561999999991376,15.272726177208012
6.562999999991374,19.719235814622248
6.563999999991371,21.400558810985086
6.564999999991369,20.082317898702613
6.565999999991367,15.95044507210886
6.566999999991364,9.584496362514473
6.567999999991362,1.8762194187843162
6.56899999999136,-6.095107405422298
6.569999999991357,-13.21327567492299
6.570999999991355,-18.480951094666704
6.571999999991353,-21.15920171640862
6.57299999999135,-20.871342641852657
6.573999999991348,-17.656400445589817
6.574999999991346,-11.96434706567431
6.575999999991343,-4.593392112527741
6.576999999991341,3.4220739347913933
6.577999999991339,10.95708753119087
6.5789999999913364,16.954530811815612
6.579999999991334,20.573764743034918
6.580999999991332,21.308402002355056
6.5819999999913295,19.056750149419297
6.582999999991327,14.135347411852191
6.583999999991325,7.234086359344834
6.5849999999913225,-0.6805084781871241
6.58599999999132,-8.500281884743735
6.586999999991318,-15.130066584355978
6.5879999999913155,-19.640636897996067
6.588999999991313,-21.398865470084548
6.589999999991311,-20.156896272596807
6.5909999999913085,-16.087609670942374
6.591999999991306,-9.761022367839578
6.592999999991304,-2.0645911787076687
6.5939999999913015,5.921517413264354
6.594999999991299,13.07652881113321
6.595999999991297,18.396841747927883
6.5969999999912945,21.137011109166764
6.597999999991292,20.914012318711183
6.59899999999129,17.760302673825723
6.5999999999912875,12.118588783971786
6.600999999991285,4.779408195306619
6.601999999991283,-3.2295265664763027
6.6029999999912805,-10.786795374806166
6.603999999991278,-16.833761567018904
6.604999999991276,-20.522536168234595
6.6059999999912735,-21.334913482283184
6.606999999991271,-19.15556872145223
6.607999999991269,-14.28896247532326
6.6089999999912665,-7.417189150644029
6.609999999991264,0.49560189401506693
6.610999999991262,8.338830638227925
6.6119999999912595,15.011888780512367
6.612999999991257,19.579007101487015
6.613999999991255,21.400566917496096
6.6149999999912525,20.222381853383613
6.61599999999125,16.21064793066833
6.616999999991248,9.92803944717538
6.6179999999912456,2.25463652120695
6.618999999991243,-5.7351204111474985
6.619999999991241,-12.92237440825233
6.620999999991239,-18.300039600326958
6.621999999991236,-21.1136960692609
6.622999999991234,-20.9675984061404
6.623999999991232,-17.880808125638755
6.624999999991229,-12.28523434769691
6.625999999991227,-4.965479687888527
6.626999999991225,3.051281479201496
6.627999999991222,10.639878265575458
6.62899999999122,16.735588243460434
6.629999999991218,20.483855977545694
6.630999999991215,21.360052304219657
6.631999999991213,19.24251304460741
6.632999999991211,14.428901205644914
6.633999999991208,7.5939832004574255
6.634999999991206,-0.3049855647053081
6.635999999991204,-8.16198455288118
6.636999999991201,-14.876566549806801
6.637999999991199,-19.507559141869127
6.638999999991197,-21.404892086198146
6.639999999991194,-20.30113703782589
6.640999999991192,-16.34971409766861
6.64199999999119,-10.104030653089515
6.642999999991187,-2.4401364311326135
6.643999999991185,5.566382097122525
6.644999999991183,12.791845384540176
6.64599999999118,18.222673110811407
6.646999999991178,21.09779004589238
6.647999999991176,21.015117687563603
6.648999999991173,17.987340766808877
6.649999999991171,12.439465721122152
6.650999999991169,5.148882494566278
6.651999999991166,-2.86346562598358
6.652999999991164,-10.475622884556444
6.653999999991162,-16.62120304140875
6.654999999991159,-20.438443005892154
6.655999999991157,-21.391075937504663
6.656999999991155,-19.34405187480071
6.657999999991152,-14.583207081837076
6.65899999999115,-7.775736615417039
6.659999999991148,0.12327251498463064
6.660999999991145,8.005172334559967
6.661999999991143,14.763875171889852
6.662999999991141,19.451498722038142
6.663999999991138,21.41140309711132
6.664999999991136,20.369893733736053
6.665999999991134,16.473934738613277
6.666999999991131,10.269952083464563
6.667999999991129,2.6270307182710804
6.668999999991127,-5.384610436018752
6.669999999991124,-12.642992099922585
6.670999999991122,-18.131011723744574
6.67199999999112,-21.0787409446919
6.672999999991117,-21.071597954269198
6.673999999991115,-18.109111649684916
6.674999999991113,-12.605702249048152
6.67599999999111,-5.332993993389409
6.676999999991108,2.6884643595481412
6.677999999991106,10.332826737154162
6.678999999991103,16.527484800145977
6.679999999991101,20.40390666856412
6.680999999991099,21.419384877276094
6.681999999991096,19.432641626352325
6.682999999991094,14.722962325263065
6.683999999991092,7.950551335589719
6.684999999991089,0.06394452879595923
6.685999999991087,-7.832515266667646
6.686999999991085,-14.632801032569803
6.687999999991082,-19.383692419330046
6.68899999999108,-21.41828594003978
6.689999999991078,-20.449881989019246
6.690999999991075,-16.61288463050119
6.691999999991073,-10.444609976473275
6.692999999991071,-2.810213361378365
6.693999999991068,5.218867550565009
6.694999999991066,12.515759856307472
6.695999999991064,18.05679631474783
6.696999999991061,21.06535402473089
6.697999999991059,21.120555263491706
6.698999999991057,18.215697307724607
6.6999999999910544,12.75854308806857
6.700999999991052,5.513795771041697
6.70199999999105,-2.5039723923760824
6.7029999999910475,-10.17199157963487
6.703999999991045,-16.41600677932875
6.704999999991043,-20.360436639645325
6.7059999999910405,-21.451173362411637
6.706999999991038,-19.533790283430033
6.707999999991036,-14.87592021418434
6.7089999999910335,-8.130285532238736
6.709999999991031,-0.2432771483628039
6.710999999991029,7.678138098161125
6.7119999999910265,14.522292655993944
6.712999999991024,19.329251524920775
6.713999999991022,21.425560519673155
6.7149999999910195,20.51833462198865
6.715999999991017,16.73568394102121
6.716999999991015,10.608166449069454
6.7179999999910125,2.994197916240788
6.71899999999101,-5.040000645725292
6.719999999991008,-12.369239167438495
6.7209999999910055,-17.966457784907135
6.721999999991003,-21.04641706128499
6.722999999991001,-21.17600268521497
6.7239999999909985,-18.335572583687277
6.724999999990996,-12.922419028326324
6.725999999990994,-5.695489782520141
6.7269999999909915,2.33109744885535
6.727999999990989,10.030764138333723
6.728999999990987,16.32310297084299
6.7299999999909845,20.325820200180292
6.730999999990982,21.4784358930925
6.73199999999098,19.620406142328694
6.7329999999909775,15.012973312010574
6.733999999990975,8.302049764468196
6.734999999990973,0.427616130550906
6.7359999999909705,-7.507629352983043
6.736999999990968,-14.392183931444162
6.737999999990966,-19.261005905763767
6.7389999999909636,-21.43067372345072
6.739999999990961,-20.595571427837235
6.740999999990959,-16.871424984436825
6.741999999990957,-10.779724697391737
6.742999999990954,-3.174879719283585
6.743999999990952,4.875816141687025
6.74499999999095,12.242437303403587
6.745999999990947,17.89149411498695
6.746999999990945,21.03116227271334
6.747999999990943,21.222137832911187
6.74899999999094,18.438671531944927
6.749999999990938,13.071538221418818
6.750999999990936,5.872884049148104
6.751999999990933,-2.149107134485043
6.752999999990931,-9.871015795084467
6.753999999990929,-16.211007619870212
6.754999999990926,-20.28005648752108
6.755999999990924,-21.506615968771232
6.756999999990922,-19.717252065748276
6.757999999990919,-15.161671329831439
6.758999999990917,-8.478261468791294
6.759999999990915,-0.604689724147233
6.760999999990912,7.353951778931085
6.76199999999091,14.280748683586552
6.762999999990908,19.20413626315922
6.763999999990905,21.43429420512294
6.764999999990903,20.659551156423678
6.765999999990901,16.98946049579788
6.766999999990898,10.938855795032268
6.767999999990896,3.3554494468351823
6.768999999990894,-4.698745667593786
6.769999999990891,-12.095687570077079
6.770999999990889,-17.7988171931453
6.771999999990887,-21.008076175501223
6.772999999990884,-21.272271504379173
6.773999999990882,-18.552936097951278
6.77499999999088,-13.230416304685154
6.775999999990877,-6.050968154096776
6.776999999990875,1.9779383569435307
6.777999999990873,9.729383166963375
6.77899999999087,16.115669996030064
6.779999999990868,20.241297280035166
6.780999999990866,21.528527490519135
6.781999999990863,19.79794802455006
6.782999999990861,15.292976871186106
6.783999999990859,8.645239138316356
6.784999999990856,0.7859468551265993
6.785999999990854,-7.184250584699792
6.786999999990852,-14.148915008320065
6.787999999990849,-19.131784582352886
6.788999999990847,-21.433496158679805
6.789999999990845,-20.729984559372628
6.790999999990842,-17.118583880594745
6.79199999999084,-11.105016398765772
6.792999999990838,-3.532759119888726
6.793999999990835,4.535446918233725
6.794999999990833,11.967200151196474
6.795999999990831,17.719850915031692
6.796999999990828,20.987024786073754
6.797999999990826,21.31153506814261
6.798999999990824,18.648939892592356
6.799999999990821,13.373136025048755
6.800999999990819,6.22355943446037
6.801999999990817,-1.7983922300929955
6.802999999990814,-9.569238725259702
6.803999999990812,-16.000265656253028
6.80499999999081,-20.189713872442624
6.805999999990807,-21.54922118900293
6.806999999990805,-19.886789032064705
6.807999999990803,-15.43439229197265
6.8089999999908,-8.815996227758522
6.809999999990798,-0.9601802292328042
6.810999999990796,7.030432018788389
6.811999999990793,14.034420534790954
6.812999999990791,19.06937370732556
6.813999999990789,21.429815793049674
6.814999999990786,20.785823067383397
6.815999999990784,17.228669841894966
6.816999999990782,11.257443872389901
6.817999999990779,3.7088337122647097
6.818999999990777,-4.359932848806897
6.819999999990775,-11.818716482280562
6.8209999999907724,-17.622286679690937
6.82199999999077,-20.956551278726295
6.822999999990768,-21.352869321832827
6.8239999999907655,-18.754332856560403
6.824999999990763,-13.524420393675218
6.825999999990761,-6.396451109665388
6.8269999999907585,1.6292919880094787
6.827999999990756,9.426308263011395
6.828999999990754,15.90048871605039
6.8299999999907515,20.14399038414686
6.830999999990749,21.562549418705892
6.831999999990747,19.958373905034307
6.8329999999907445,15.557232657850358
6.833999999990742,8.976297180953747
6.83499999999074,1.1375241975034835
6.8359999999907375,-6.861226405998609
6.836999999990735,-13.899473547500934
6.837999999990733,-18.990655806022573
6.8389999999907305,-21.420288215585693
6.839999999990728,-20.84645896395777
6.840999999990726,-17.348407726868654
6.8419999999907235,-11.416034408160646
6.842999999990721,-3.8814800440838555
6.843999999990719,4.197768049652518
6.8449999999907165,11.687734275963443
6.845999999990714,17.537585115648596
6.846999999990712,20.92730718884655
6.8479999999907095,21.382546138115423
6.848999999990707,18.84058300211355
6.849999999990705,13.658491629711609
6.8509999999907025,6.562683185121036
6.8519999999907,-1.4528725233596858
6.852999999990698,-9.265514643558213
6.8539999999906955,-15.78064547424711
6.854999999990693,-20.084747955785232
6.855999999990691,-21.57346139200918
6.8569999999906885,-20.03676630959408
6.857999999990686,-15.689096920617827
6.858999999990684,-9.139803384035057
6.8599999999906816,-1.3078236347201566
6.860999999990679,6.707527279010052
6.861999999990677,13.781334082046143
6.862999999990675,18.92137639856058
6.863999999990672,21.407441299638503
6.86499999999067,20.892019774076974
6.865999999990668,17.448427372022476
6.866999999990665,11.559933385299233
6.867999999990663,4.05174644260125
6.868999999990661,-4.02446698768389
6.869999999990658,-11.53745890599282
6.870999999990656,-17.434391544313975
6.871999999990654,-20.88813112238517
6.872999999990651,-21.413370730715073
6.873999999990649,-18.935223147391188
6.874999999990647,-13.800373338833067
6.875999999990644,-6.7288769002312385
6.876999999990642,1.2868554616011036
6.87799999999064,9.121692724163742
6.878999999990637,15.67619577980135
6.879999999990635,20.03124274754035
6.880999999990633,21.57693523837872
6.88199999999063,20.09769653312252
6.882999999990628,15.801859327725225
6.883999999990626,9.291943214130425
6.884999999990623,1.4800680028221391
6.885999999990621,-6.5395794445557565
6.886999999990619,-13.6435377620808
6.887999999990616,-18.836040618469163
6.888999999990614,-21.388456639690023
6.889999999990612,-20.941748249548056
6.890999999990609,-17.557426061484904
6.891999999990607,-11.709524794410529
6.892999999990605,-4.218402093911417
6.893999999990602,3.8645002547694562
6.8949999999906,11.40465948835647
6.895999999990598,17.34417663104374
6.896999999990595,20.85045191007829
6.897999999990593,21.43280159861961
6.898999999990591,19.010735736224106
6.899999999990588,13.924608649995541
6.900999999990586,6.887493984638214
6.901999999990584,-1.1147502699175285
6.902999999990581,-8.961241884238703
6.903999999990579,-15.552601074290077
6.904999999990577,-19.964644066781357
6.905999999990574,-21.57794258516937
6.906999999990572,-20.16509854309437
6.90799999999057,-15.923269857038058
6.908999999990567,-9.44704030821578
6.909999999990565,-1.6451589794158428
6.910999999990563,6.387236292785031
6.91199999999056,13.522804128729183
6.912999999990558,18.760635664457123
6.913999999990556,21.366794958236852
6.914999999990553,20.97695364010259
6.915999999990551,17.646879602405498
6.916999999990549,11.844023983909768
6.917999999990546,4.381706997293606
6.918999999990544,-3.6947247270598407
6.919999999990542,-11.253916583522768
6.920999999990539,-17.23653026125937
6.921999999990537,-20.803449537072503
6.922999999990535,-21.45356811090369
6.923999999990532,-19.094574755271257
6.92499999999053,-14.056528456437267
6.925999999990528,-7.045977564069866
6.926999999990525,0.9531612857268658
6.927999999990523,8.818040679696377
6.928999999990521,15.444970443105582
6.929999999990518,19.904643114718986
6.930999999990516,21.572480605745508
6.931999999990514,20.215804914914468
6.932999999990511,16.025830969694756
6.933999999990509,9.590337729363496
6.934999999990507,1.8111274862902436
6.935999999990504,-6.222089292595788
6.936999999990502,-13.383884553657815
6.9379999999905,-18.670370913747742
6.938999999990497,-21.33977641174727
6.939999999990495,-21.016728582836315
6.940999999990493,-17.74547744872778
6.9419999999904904,-11.984274924890805
6.942999999990488,-4.541380482553841
6.943999999990486,3.538478024718661
6.9449999999904835,11.121159954613038
6.945999999990481,17.142761681711114
6.946999999990479,20.759141510884326
6.9479999999904765,21.46416926926218
6.948999999990474,19.160183645739014
6.949999999990472,14.171054787220552
6.9509999999904695,7.196360445824908
6.951999999990467,-0.7866799004335987
6.952999999990465,-8.65978211515467
6.9539999999904625,-15.319782225129199
6.95499999999046,-19.8328689687668
6.955999999990458,-21.565485713335892
6.9569999999904555,-20.27356802923055
6.957999999990453,-16.137386903686405
6.958999999990451,-9.73677400210351
6.9599999999904485,-1.9699275237748173
6.960999999990446,6.072879787040317
6.961999999990444,13.262798582131284
6.9629999999904415,18.591252220337207
6.963999999990439,21.311563253697795
6.964999999990437,21.043390643012557
6.9659999999904345,17.825476399583994
6.966999999990432,12.109621147605596
6.96799999999043,4.697050867473898
6.9689999999904275,-3.373754713012305
6.969999999990425,-10.972144580678274
6.970999999990423,-17.03324076435719
6.9719999999904205,-20.70692498323445
6.972999999990418,-21.47715900608387
6.973999999990416,-19.234845728174932
6.9749999999904135,-14.293741716048295
6.975999999990411,-7.346854301329222
6.976999999990409,0.6307793511850435
6.9779999999904065,8.519278638499161
6.978999999990404,15.211588398190584
6.979999999990402,19.769181596646696
6.9809999999903996,21.55371278373977
6.981999999990397,20.316136171816538
6.982999999990395,16.23100455435126
6.983999999990393,9.871474748300024
6.98499999999039,2.128800775224398
6.985999999990388,-5.912327691853664
6.986999999990386,-13.125296703133492
6.987999999990383,-18.499007377662963
6.988999999990381,-21.279462195753304
6.989999999990379,-21.07575157305933
6.990999999990376,-17.91543911984364
6.991999999990374,-12.241268387635381
6.992999999990372,-4.849339518373375
6.993999999990369,3.2227207713788486
6.994999999990367,10.841813159601923
6.995999999990365,16.938869124680185
6.996999999990362,20.659109197921882
6.99799999999036,21.481800888794883
6.998999999990358,19.29278068943718
6.999999999990355,14.399839388686537
7.000999999990353,7.489147602498531
7.001999999990351,-0.47094888298333365
7.002999999990348,-8.365287260110925
7.003999999990346,-15.087656997113275
7.004999999990344,-19.695470507324604
7.005999999990341,-21.541892996196054
7.006999999990339,-20.366929625978404
7.007999999990337,-16.334488564151954
7.008999999990334,-10.009892430436976
7.009999999990332,-2.280718974732531
7.01099999999033,5.767995754129948
7.011999999990327,13.006516322840342
7.012999999990325,18.41938443838201
7.013999999990323,21.248023178484306
7.01499999999032,21.096861522330297
7.015999999990318,17.988233130182717
7.016999999990316,12.358658801768236
7.017999999990313,4.997347363561692
7.018999999990311,-3.0643113087533145
7.019999999990309,-10.696859120447881
7.020999999990306,-16.83056593039835
7.021999999990304,-20.605103883785212
7.022999999990302,-21.490294463392374
7.023999999990299,-19.36094055260727
7.024999999990297,-14.514985714135204
7.025999999990295,-7.632124615143891
7.026999999990292,0.3215475630877345
7.02799999999029,8.229461000012916
7.028999999990288,14.981773247600133
7.029999999990285,19.631469464247605
7.030999999990283,21.52722222134326
7.031999999990281,20.404350002428107
7.032999999990278,16.421323853472323
7.033999999990276,10.13703091348418
7.034999999990274,2.4322572018160353
7.035999999990271,-5.6135275764135075
7.036999999990269,-12.872972502389738
7.037999999990267,-18.32840402009807
7.038999999990264,-21.21433824365221
7.039999999990262,-21.125071913664993
7.04099999999026,-18.07213165567275
7.041999999990257,-12.48322218051944
7.042999999990255,-5.142511688542363
7.043999999990253,2.9195190092380288
7.04499999999025,10.571122154170704
7.045999999990248,16.7385971958354
7.046999999990246,20.557209147927846
7.047999999990243,21.492361546717163
7.048999999990241,19.414083018629363
7.049999999990239,14.614642452301858
7.050999999990236,7.767150890298581
7.051999999990234,-0.16882575396934266
7.052999999990232,-8.081415604130052
7.053999999990229,-14.861769725968069
7.054999999990227,-19.559115394909934
7.055999999990225,-21.514035114812103
7.056999999990222,-20.451311404987003
7.05799999999022,-16.519116109960304
7.058999999990218,-10.26872486779161
7.059999999990215,-2.57733091792228
7.060999999990213,5.475288177622423
7.061999999990211,12.758787187302826
7.062999999990208,18.251318972760444
7.063999999990206,21.18304893111661
7.064999999990204,21.1438793257473
7.0659999999902015,18.140405133809146
7.066999999990199,12.594414021149595
7.067999999990197,5.28344968439711
7.0689999999901945,-2.7680753959139786
7.069999999990192,-10.432036064780691
7.07099999999019,-16.63422244507591
7.0719999999901875,-20.50465192902313
7.072999999990185,-21.499669425315364
7.073999999990183,-19.478662681979554
7.0749999999901805,-14.724377436065682
7.075999999990178,-7.903658976621056
7.076999999990176,0.02609051946462864
7.0779999999901735,7.951611147689399
7.078999999990171,14.760520540574012
7.079999999990169,19.4977777765485
7.0809999999901665,21.499686372032574
7.081999999990164,20.48660974223639
7.082999999990162,16.60159365836352
7.0839999999901595,10.389800194001474
7.084999999990157,2.7219083806214117
7.085999999990155,-5.327701332098867
7.0869999999901525,-12.631056763356357
7.08799999999015,-18.164255725866187
7.088999999990148,-21.15085833693994
7.0899999999901455,-21.17101223010589
7.090999999990143,-18.22088034937267
7.091999999990141,-12.713740711659064
7.0929999999901385,-5.422298110844908
7.093999999990136,2.629851322748057
7.094999999990134,10.312293320894275
7.0959999999901315,16.54692302034303
7.096999999990129,20.45949227763065
7.097999999990127,21.502137130368876
7.0989999999901245,19.529747675053063
7.099999999990122,14.819722600125163
7.10099999999012,8.032660143819182
7.1019999999901176,0.11971567696520324
7.102999999990115,-7.810386439822864
7.103999999990113,-14.646259882219022
7.104999999990111,-19.429278647130676
7.105999999990108,-21.48796133221028
7.106999999990106,-20.532504761526692
7.107999999990104,-16.69601455914962
7.108999999990101,-10.51633244080813
7.109999999990099,-2.860739863860929
7.110999999990097,5.195976484871394
7.111999999990094,12.522836054817356
7.112999999990092,18.09182312864439
7.11399999999009,21.12228125966944
7.114999999990087,21.190177614330324
7.115999999990085,18.287035105221314
7.116999999990083,12.820559479872115
7.11799999999008,5.557177474794288
7.118999999990078,-2.485303957709147
7.119999999990076,-10.179946484520276
7.120999999990073,-16.448159543334494
7.121999999990071,-20.41063695697857
7.122999999990069,-21.51076645653401
7.123999999990066,-19.593158915284636
7.124999999990064,-14.926033447237202
7.125999999990062,-8.163998950567764
7.126999999990059,-0.2562354185871565
7.127999999990057,7.687043439763032
7.128999999990055,14.550895280721091
7.129999999990052,19.37247955677818
7.13099999999005,21.476172402727304
7.131999999990048,20.567978185986842
7.132999999990045,16.77618605670194
7.133999999990043,10.632883224947534
7.134999999990041,2.999185476081378
7.135999999990038,-5.0552519409079855
7.136999999990036,-12.401700136355856
7.137999999990034,-18.01013977030972
7.138999999990031,-21.09351866272274
7.139999999990029,-21.21836527273925
7.140999999990027,-18.36612355365797
7.141999999990024,-12.93631662511945
7.142999999990022,-5.6907927332784105
7.14399999999002,2.353278443489817
7.144999999990017,10.066570003231543
7.145999999990015,16.366572868686454
7.146999999990013,20.36977189951341
7.14799999999001,21.515493505702974
7.148999999990008,19.64409533788576
7.149999999990006,15.01877664747694
7.150999999990003,8.288266444925423
7.151999999990001,0.3958383073216106
7.152999999989999,-7.552588703563681
7.153999999989996,-14.442981523231868
7.154999999989994,-19.308999271629272
7.155999999989992,-21.46746418280119
7.156999999989989,-20.61453423640733
7.157999999989987,-16.868900374030986
7.158999999989985,-10.755637138560763
7.159999999989982,-3.1327040777350335
7.16099999998998,4.929671805335777
7.161999999989978,12.299661995067627
7.162999999989975,17.943117425176748
7.163999999989973,21.068837543986273
7.164999999989971,21.23933550970753
7.165999999989968,18.431679420390992
7.166999999989966,13.040160930888906
7.167999999989964,5.820716222700138
7.168999999989961,-2.2149541009607345
7.169999999989959,-9.940794653021861
7.170999999989957,-16.27376691241366
7.171999999989954,-20.325419483463406
7.172999999989952,-21.526582354535595
7.17399999998995,-19.70765508238229
7.174999999989947,-15.122983748783042
7.175999999989945,-8.41559187691888
7.176999999989943,-0.5269951754903809
7.17799999998994,7.435251743208484
7.178999999989938,14.35348398969221
7.179999999989936,19.25714545172764
7.180999999989933,21.45900298984327
7.181999999989931,20.651208802591754
7.182999999989929,16.94791976306259
7.183999999989926,10.868802907923355
7.184999999989924,3.266005095955057
7.185999999989922,-4.795091517974398
7.1869999999899195,-12.184753332102053
7.187999999989917,-17.866833592000262
7.188999999989915,-21.04389617144677
7.1899999999899125,-21.269285266578116
7.19099999998991,-18.510306612916466
7.191999999989908,-13.153373979209999
7.1929999999899055,-5.950099128815655
7.193999999989903,2.0882668631219
7.194999999989901,9.833159709389383
7.1959999999898985,16.197569364660787
7.196999999989896,20.288857493783077
7.197999999989894,21.533903826234592
7.1989999999898915,19.75906358091606
7.199999999989889,15.213958556246444
7.200999999989887,8.53607514196012
7.2019999999898845,0.6613490332309667
7.202999999989882,-7.306720018357257
7.20399999998988,-14.251277032636127
7.2049999999898775,-19.198325307845938
7.205999999989875,-21.45327481453464
7.206999999989873,-20.698713327309278
7.2079999999898705,-17.039504039436334
7.208999999989868,-10.988576772483615
7.209999999989866,-3.3951394544386577
7.2109999999898635,4.674702603011001
7.211999999989861,12.088028372826432
7.212999999989859,17.804537778348312
7.2139999999898565,21.022696447201508
7.214999999989854,21.29197051343193
7.215999999989852,18.575518136481822
7.2169999999898495,13.25482190422246
7.217999999989847,6.075907111060297
7.218999999989845,-1.955158886099499
7.2199999999898425,-9.712902738031739
7.22099999998984,-16.109750314743057
7.221999999989838,-20.248241565663676
7.2229999999898356,-21.546988970539807
7.223999999989833,-19.822675579026814
7.224999999989831,-15.316353101960997
7.225999999989829,-8.660039849566466
7.226999999989826,-0.7880866458571438
7.227999999989824,7.194262764982934
7.228999999989822,14.166472363652142
7.229999999989819,19.150341187194375
7.230999999989817,21.447305020791493
7.231999999989815,20.73610825738646
7.232999999989812,17.117321408018427
7.23399999998981,11.09876037763643
7.234999999989808,3.524114330431661
7.235999999989805,-4.545126221541815
7.236999999989803,-11.978024248437
7.237999999989801,-17.73231626355984
7.238999999989798,-21.000399093750538
7.239999999989796,-21.322823386181298
7.240999999989794,-18.6532642729078
7.241999999989791,-13.365577424167896
7.242999999989789,-6.201653906814473
7.243999999989787,1.8327670631913278
7.244999999989784,9.609643570685083
7.245999999989782,16.03742396413429
7.24699999998978,20.214509774256257
7.247999999989777,21.555675518523167
7.248999999989775,19.873743109791512
7.249999999989773,15.405285057639263
7.25099999998977,8.777055927422772
7.251999999989768,0.9180738247342957
7.252999999989766,-7.070310454247953
7.253999999989763,-14.06833698147275
7.254999999989761,-19.09446773211336
7.255999999989759,-21.442994235545022
7.256999999989756,-20.783363377653263
7.257999999989754,-17.2071123863734
7.258999999989752,-11.215527545024049
7.259999999989749,-3.6494932382809675
7.260999999989747,4.428713374844342
7.261999999989745,11.884961218433341
7.262999999989742,17.672873220926743
7.26399999998974,20.980834288755073
7.264999999989738,21.34565725848509
7.265999999989735,18.71706610164864
7.266999999989733,13.464222105972569
7.267999999989731,6.323668360961917
7.268999999989728,-1.7038532699708235
7.269999999989726,-9.49330835422954
7.270999999989724,-15.952628052993349
7.271999999989721,-20.175561049714823
7.272999999989719,-21.56886302465655
7.273999999989717,-19.93595071854387
7.274999999989714,-15.505054605953065
7.275999999989712,-8.89761435021591
7.27699999998971,-1.0411336157266389
7.277999999989707,6.9612917637724205
7.278999999989705,13.986269336773574
7.279999999989703,19.04814222040918
7.2809999999897,21.437349195449066
7.281999999989698,20.819655740742004
7.282999999989696,17.282505737598335
7.283999999989693,11.322286428798904
7.284999999989691,3.7745523359939686
7.285999999989689,-4.302921125550276
7.286999999989686,-11.777988645738054
7.287999999989684,-17.602436557523852
7.288999999989682,-20.958807003247532
7.289999999989679,-21.375268233785736
7.290999999989677,-18.792313277984142
7.291999999989675,-13.571658799299621
7.292999999989672,-6.445802665230773
7.29399999998967,1.5848402739258418
7.294999999989668,9.392730450893287
7.295999999989665,15.88192452156288
7.296999999989663,20.14216087631333
7.297999999989661,21.576508160453713
7.298999999989658,19.98469676593261
7.299999999989656,15.59066803570554
7.300999999989654,9.010776716906218
7.301999999989651,1.167319710720873
7.302999999989649,-6.840469588498238
7.303999999989647,-13.890064178893677
7.304999999989644,-18.99267132951105
7.305999999989642,-21.43185660130883
7.30699999998964,-20.864365599901866
7.3079999999896375,-17.368830504240037
7.308999999989635,-11.43523314790152
7.309999999989633,-3.896340616190194
7.3109999999896305,4.1893559314683575
7.311999999989628,11.686644057387502
7.312999999989626,17.54335039363499
7.3139999999896235,20.93817016972263
7.314999999989621,21.39570597830337
7.315999999989619,18.85267633496252
7.3169999999896165,13.666271205883767
7.317999999989614,6.563769804319688
7.318999999989612,-1.4593582390286246
7.3199999999896095,-9.278638086043646
7.320999999989607,-15.797783693065833
7.321999999989605,-20.102146132863655
7.3229999999896025,-21.587075792008655
7.3239999999896,-20.043165124836403
7.324999999989598,-15.686189535793236
7.3259999999895955,-9.127244858904112
7.326999999989593,-1.2870548265514485
7.327999999989591,6.733544433718361
7.3289999999895885,13.80857959069638
7.329999999989586,18.945337268587654
7.330999999989584,21.423723822798358
7.3319999999895815,20.89698661228761
7.332999999989579,17.439830950478395
7.333999999989577,11.537472060246193
7.3349999999895745,4.017415430364465
7.335999999989572,-4.066378537472854
7.33699999998957,-11.580828702608446
7.3379999999895675,-17.472177401023792
7.338999999989565,-20.91359291772947
7.339999999989563,-21.421345767888226
7.3409999999895605,-18.923163232558334
7.341999999989558,-13.768908250909579
7.342999999989556,-6.681795728241446
7.3439999999895536,1.3431671005675228
7.344999999989551,9.17920965078658
7.345999999989549,15.726409459597063
7.346999999989547,20.0663407767947
7.347999999989544,21.590878822779
7.348999999989542,20.08711259539348
7.34999999998954,15.766672699040358
7.350999999989537,9.235655836977225
7.351999999989535,1.4095776982097854
7.352999999989533,-6.61470114577204
7.35399999998953,-13.712302212479603
7.354999999989528,-18.88769458033217
7.355999999989526,-21.414260454518537
7.356999999989523,-20.93653328182448
7.357999999989521,-17.520603112644388
7.358999999989519,-11.645328997131793
7.359999999989516,-4.1353320566715785
7.360999999989514,3.9549200444785955
7.361999999989512,11.48954760790637
7.362999999989509,17.41111310624937
7.363999999989507,20.889195667679026
7.364999999989505,21.43671908865178
7.365999999989502,18.977807401279875
7.3669999999895,13.857908148794357
7.367999999989498,6.79504781683707
7.368999999989495,-1.220787085961752
7.369999999989493,-9.06608620083762
7.370999999989491,-15.640888530428667
7.371999999989488,-20.022749861391542
7.372999999989486,-21.5961907266412
7.373999999989484,-20.139443749605356
7.374999999989481,-15.85611375461356
7.375999999989479,-9.347013631536644
7.376999999989477,-1.52591283199746
7.377999999989474,6.508999336319721
7.378999999989472,13.6297148427346
7.37999999998947,18.83709161000503
7.380999999989467,21.401122791323996
7.381999999989465,20.96305838029725
7.382999999989463,17.585210864198444
7.38399999998946,11.741742219075707
7.384999999989458,4.2519810773158335
7.385999999989456,-3.8342857806519857
7.386999999989453,-11.383581500090582
7.387999999989451,-17.33725010748399
7.388999999989449,-20.859745365051417
7.389999999989446,-21.456018182517074
7.390999999989444,-19.041442847840745
7.391999999989442,-13.95421469008816
7.392999999989439,-6.90819584867006
7.393999999989437,1.107332482603383
7.394999999989435,8.966892522648985
7.395999999989432,15.567238608224907
7.39699999998943,19.982475788076872
7.397999999989428,21.593920240176494
7.398999999989425,20.17650165020694
7.399999999989423,15.929799060158953
7.400999999989421,9.449648253084096
7.401999999989418,1.6445169199431655
7.402999999989416,-6.391601955018048
7.403999999989414,-13.532132335347322
7.404999999989411,-18.775526102987246
7.405999999989409,-21.385667755854413
7.406999999989407,-20.995430658106475
7.407999999989404,-17.658701220775946
7.408999999989402,-11.843290382244682
7.4099999999894,-4.365471164514426
7.410999999989397,3.7247647313728
7.411999999989395,11.291510618888493
7.412999999989393,17.272802947083655
7.41399999998939,20.829836076064918
7.414999999989388,21.464475078658637
7.415999999989386,19.088669072960503
7.416999999989383,14.036281105526406
7.417999999989381,7.015957060921544
7.418999999989379,-0.9881969279049676
7.419999999989376,-8.854246813637412
7.420999999989374,-15.479297514556565
7.421999999989372,-19.93387514801805
7.422999999989369,-21.592352372467293
7.423999999989367,-20.221103123609126
7.424999999989365,-16.011809739056424
7.425999999989362,-9.554960368584181
7.42699999998936,-1.7570425270850492
7.427999999989358,6.286970157205558
7.4289999999893555,13.447765767272157
7.429999999989353,18.72056349723627
7.430999999989351,21.36618062850308
7.4319999999893485,21.01444960722547
7.432999999989346,17.715629482667506
7.433999999989344,11.932878878239189
7.4349999999893415,4.477101807254513
7.435999999989339,-3.6066000518828814
7.436999999989337,-11.185058062835534
7.4379999999893345,-17.195515752889104
7.438999999989332,-20.794491988744873
7.43999999998933,-21.47626965808928
7.4409999999893275,-19.144301331651288
7.441999999989325,-14.125264033970982
7.442999999989323,-7.123512227685425
7.4439999999893205,0.8778375241089539
7.444999999989318,8.755261817780106
7.445999999989316,15.402983841647767
7.4469999999893135,19.8884506160486
7.447999999989311,21.583135122620362
7.448999999989309,20.250327009052636
7.4499999999893065,16.077802850060944
7.450999999989304,9.6510809212225
7.451999999989302,1.8712262346197017
7.4529999999892995,-6.171239063871452
7.453999999989297,-13.348808809773132
7.454999999989295,-18.654741914440997
7.4559999999892925,-21.344190854439116
7.45699999998929,-21.03896880630371
7.457999999989288,-17.781108400755365
7.4589999999892855,-12.027422819400325
7.459999999989283,-4.585580162096238
7.460999999989281,3.4994324577936404
7.4619999999892785,11.092408130680537
7.462999999989276,17.127680455114156
7.463999999989274,20.758863089929488
7.4649999999892716,21.477434397859287
7.465999999989269,19.183614198410382
7.466999999989267,14.199837879263045
7.467999999989265,7.225217109078825
7.468999999989262,-0.7624645082330429
7.46999999998926,-8.643517726769419
7.470999999989258,-15.31291462574729
7.471999999989255,-19.83497386100499
7.472999999989253,-21.574648933593796
7.473999999989251,-20.286989012578037
7.474999999989248,-16.15201887606666
7.475999999989246,-9.74986103791214
7.476999999989244,-1.9793800711299596
7.477999999989241,6.068259604986133
7.478999999989239,13.263205302537937
7.479999999989237,18.59586344753076
7.480999999989234,21.318648724349746
7.481999999989232,21.05058863479301
7.48299999998923,17.830255547127763
7.483999999989227,12.109875227651099
7.484999999989225,4.691692545162864
7.485999999989223,-3.3843816582032855
7.48699999998922,-10.986192599240676
7.487999999989218,-17.04769024592432
7.488999999989216,-20.718254742860765
7.489999999989213,-21.482176285920012
7.490999999989211,-19.231447191284015
7.491999999989209,-14.28141048227384
7.492999999989206,-7.326795181042434
7.493999999989204,0.6558496776577183
7.494999999989202,8.545586598634783
7.495999999989199,15.234879512262127
7.496999999989197,19.785321936808323
7.497999999989195,21.559268802672978
7.498999999989192,20.30891497817142
7.49999999998919,16.210525071870258
7.500999999989188,9.83929671466158
7.501999999989185,2.0885976874615704
7.502999999989183,-5.955064103348357
7.503999999989181,-13.163968073921604
7.504999999989178,-18.52696858170839
7.505999999989176,-21.29123839615435
7.506999999989174,-21.0681435667088
7.507999999989171,-17.888253207861332
7.508999999989169,-12.197497530876912
7.509999999989167,-4.794764316610899
7.510999999989164,3.280404210783415
7.511999999989162,10.894144313915003
7.51299999998916,16.977843439640758
7.513999999989157,20.6782993296386
7.514999999989155,21.47727065761752
7.515999999989153,19.263725609252763
7.51699999998915,14.348895642973208
7.517999999989148,7.422299199670076
7.518999999989146,-0.5449338856881795
7.519999999989143,-8.4359148298684
7.520999999989141,-15.144184974229445
7.521999999989139,-19.728606941070254
7.522999999989136,-21.545412943446273
7.523999999989134,-20.338876923638335
7.524999999989132,-16.277693307593378
7.525999999989129,-9.93168046420992
7.526999999989127,-2.191868831087177
7.527999999989125,5.8548398773881924
7.528999999989122,13.078684429097967
7.52999999998912,18.465981485366875
7.530999999989118,21.261456880169852
7.531999999989115,21.07393959998153
7.532999999989113,17.930732078052465
7.533999999989111,12.273298956171775
7.534999999989108,4.895131691743029
7.535999999989106,-3.169394296832437
7.536999999989104,-10.789683453390465
7.537999999989101,-16.897062282151538
7.538999999989099,-20.634475081709528
7.539999999989097,-21.47685967013064
7.540999999989094,-19.305239801020186
7.541999999989092,-14.423902132560125
7.54299999998909,-7.517977645962734
7.543999999989087,0.44277710675608517
7.544999999989085,8.34045561383778
7.545999999989083,15.066365563973452
7.54699999998908,19.676924423962486
7.547999999989078,21.526027807632534
7.548999999989076,20.355326088065972
7.5499999999890735,16.329939894104513
7.550999999989071,10.014883956084633
7.551999999989069,2.295720417916013
7.5529999999890665,-5.745393966431419
7.553999999989064,-12.98104151470684
7.554999999989062,-18.396298241238128
7.5559999999890595,-21.23100723597239
7.556999999989057,-21.08667398634634
7.557999999989055,-17.982849141627913
7.5589999999890525,-12.354824831429744
7.55999999998905,-4.992721697482822
7.560999999989048,3.0695816832196483
7.5619999999890455,10.699984282682339
7.562999999989043,16.827489404921618
7.563999999989041,20.59270598333342
7.5649999999890385,21.468279603534953
7.565999999989036,19.332431030617375
7.566999999989034,14.485522746467723
7.5679999999890315,7.607602700395667
7.568999999989029,-0.3369562423551913
7.569999999989027,-8.234378229163468
7.5709999999890245,-14.97725145417056
7.571999999989022,-19.619559953910755
7.57299999998902,-21.509414389620645
7.5739999999890175,-20.38085577659604
7.574999999989015,-16.39166146699581
7.575999999989013,-10.10157577022861
7.5769999999890105,-2.393812259103703
7.577999999989008,5.649186648515416
7.578999999989006,12.898133867262302
7.5799999999890035,18.335772265486884
7.580999999989001,21.19971753679946
7.581999999988999,21.089163207103464
7.5829999999889965,18.020613837736867
7.583999999988994,12.425092003651242
7.584999999988992,5.087461223984076
7.5859999999889896,-2.9635208611951134
7.586999999988987,-10.599094789281096
7.587999999988985,-16.748396459134405
7.588999999988983,-20.54846485513574
7.58999999998898,-21.465443179880275
7.590999999988978,-19.36989808001671
7.591999999988976,-14.555457765314099
7.592999999988973,-7.697887346401114
7.593999999988971,0.23981290547355535
7.594999999988969,8.142931265369425
7.595999999988966,14.901960142640611
7.596999999988964,19.568612415291195
7.597999999988962,21.488862365589394
7.598999999988959,20.394348033855962
7.599999999988957,16.43950170655525
7.600999999988955,10.179474785788724
7.601999999988952,2.492166576027433
7.60299999998895,-5.5446683046329515
7.603999999988948,-12.804151489139423
7.604999999988945,-18.267970312481015
7.605999999988943,-21.16912943248353
7.606999999988941,-21.09980204145399
7.607999999988938,-18.069016281033704
7.608999999988936,-12.50182459012135
7.609999999988934,-5.179828654335937
7.610999999988931,2.868691502167676
7.611999999988929,10.513524014686128
7.612999999988927,16.681588739794773
7.613999999988924,20.507739984108245
7.614999999988922,21.456019405403026
7.61599999998892,19.394416409990352
7.616999999988917,14.612879173786357
7.617999999988915,7.7823190187030145
7.618999999988913,-0.13947806214665728
7.61999999998891,-8.041864136472611
7.620999999988908,-14.81667166322357
7.621999999988906,-19.51335984860075
7.622999999988903,-21.472381722435173
7.623999999988901,-20.418058881921212
7.624999999988899,-16.497747282959605
7.625999999988896,-10.261529407604069
7.626999999988894,-2.5850756745170207
7.627999999988892,5.453532527490496
7.628999999988889,12.72557290164073
7.629999999988887,18.210482035231564
7.630999999988885,21.139173938617656
7.631999999988882,21.10170132398115
7.63299999998888,18.104285777973626
7.633999999988878,12.56797482728677
7.634999999988875,5.269361866255769
7.635999999988873,-2.768211355552298
7.636999999988871,-10.417801871550585
7.637999999988868,-16.606520498655108
7.638999999988866,-20.465830476577878
7.639999999988864,-21.453531486562184
7.640999999988861,-19.430246835495513
7.641999999988859,-14.67945489478323
7.642999999988857,-7.867990382843604
7.643999999988854,0.04759926026480144
7.644999999988852,7.955667219340769
7.64599999998885,14.745952512761141
7.646999999988847,19.46570923718317
7.647999999988845,21.453387271316807
7.648999999988843,20.431107272096956
7.64999999998884,16.543140151745007
7.650999999988838,10.335263007088997
7.651999999988836,2.678098643855064
7.652999999988833,-5.354768033601003
7.653999999988831,-12.636950744790308
7.654999999988829,-18.14689340606066
7.655999999988826,-21.11108214114733
7.656999999988824,-21.11281126909857
7.657999999988822,-18.1511138965306
7.658999999988819,-12.641333993839043
7.659999999988817,-5.357017476981399
7.660999999988815,2.6788223819414547
7.661999999988812,10.337708378179986
7.66299999998881,16.544521562928367
7.663999999988808,20.428600036318326
7.664999999988805,21.445781948631247
7.665999999988803,19.45433411614448
7.666999999988801,14.734339449893096
7.667999999988798,7.948088631965841
7.668999999988796,0.04719476137806865
7.669999999988794,-7.860565874563912
7.6709999999887915,-14.666206660520874
7.671999999988789,-19.414801605821776
7.672999999988787,-21.439471847114987
7.6739999999887845,-20.45528930766169
7.674999999988782,-16.599740046888567
7.67599999998878,-10.413803634009158
7.6769999999887775,-2.7660973239509414
7.677999999988775,5.269305083390084
7.678999999988773,12.564078430884505
7.6799999999887705,18.094394949079994
7.680999999988768,21.08471343469764
7.681999999988766,21.11636378665602
7.6829999999887635,18.18581787704089
7.683999999988761,12.704724958747065
7.684999999988759,5.441951008502504
7.6859999999887565,-2.584142690519818
7.686999999988754,-10.248160824862866
7.687999999988752,-16.475124410106663
7.6889999999887495,-20.391070906107316
7.689999999988747,-21.445802797692348
7.690999999988745,-19.490497382381967
7.6919999999887425,-14.799064772876653
7.69299999998874,-8.029995833579498
7.693999999988738,-0.13389581714467838
7.6949999999887355,7.78028956646716
7.695999999988733,14.601379846909024
7.696999999988731,19.372225488925874
7.6979999999887285,21.424021345941647
7.698999999988726,20.46981788546667
7.699999999988724,16.64428905926645
7.7009999999887215,10.484442863438616
7.701999999988719,2.854189593664495
7.702999999988717,-5.176609534939613
7.7039999999887145,-12.481793619743721
7.704999999988712,-18.03651344430127
7.70599999998871,-21.060912489638962
7.7069999999887076,-21.1297855304602
7.707999999988705,-18.232702882319824
7.708999999988703,-12.775912821783189
7.709999999988701,-5.525514403713001
7.710999999988698,2.500225358343716
7.711999999988696,10.174204463541654
7.712999999988694,16.419117040003233
7.713999999988691,20.358869090425962
7.714999999988689,21.441400299942657
7.715999999988687,19.515739208431242
7.716999999988684,14.852700956115566
7.717999999988682,8.10658481882838
7.71899999998868,0.2234061192964404
7.719999999988677,-7.691488351125672
7.720999999988675,-14.528045025075926
7.721999999988673,-19.326934439485676
7.72299999998867,-21.41416133462305
7.723999999988668,-20.495969116984217
7.724999999988666,-16.700543713980412
7.725999999988663,-10.560401740158392
7.726999999988661,-2.937728554719087
7.727999999988659,5.096893773814044
7.728999999988656,12.415198907227369
7.729999999988654,17.989981190348153
7.730999999988652,21.03937128667434
7.731999999988649,21.13632638049413
7.732999999988647,18.268093475938727
7.733999999988645,12.83755104214424
7.734999999988642,5.606481716426066
7.73599999998864,-2.4111614439285574
7.736999999988638,-10.091109327968999
7.737999999988635,-16.356081276550366
7.738999999988633,-20.32671708616663
7.739999999988631,-21.445087603379342
7.740999999988628,-19.553391445417482
7.741999999988626,-14.916575300698549
7.742999999988624,-8.185444442031578
7.743999999988621,-0.3052816021587698
7.744999999988619,7.617174329957564
7.745999999988617,14.469523605818546
7.746999999988614,19.29014942391267
7.747999999988612,21.40317266711623
7.74899999998861,20.512973889646616
7.749999999988607,16.74519395957461
7.750999999988605,10.628721320119999
7.751999999988603,3.0213994076313826
7.7529999999886,-5.010081613420437
7.753999999988598,-12.339403224340051
7.754999999988596,-17.938263377399853
7.755999999988593,-21.020549567381547
7.756999999988591,-21.152878905408972
7.757999999988589,-18.315871808004534
7.758999999988586,-12.907313350835427
7.759999999988584,-5.686519192998732
7.760999999988582,2.332388660650494
7.761999999988579,10.023228721369938
7.762999999988577,16.306263498476607
7.763999999988575,20.29996585479723
7.764999999988572,21.444619049512376
7.76599999998857,19.58046412465396
7.766999999988568,14.969644943698132
7.767999999988565,8.259128726659398
7.768999999988563,0.3899638754851221
7.769999999988561,-7.534417414779726
7.770999999988558,-14.402567351119938
7.771999999988556,-19.250659298944544
7.772999999988554,-21.39773508558091
7.773999999988551,-20.54158926292593
7.774999999988549,-16.801660451349598
7.775999999988547,-10.702650568692663
7.776999999988544,-3.1009653727472375
7.777999999988542,4.935740368738536
7.77899999998854,12.278861734230462
7.779999999988537,17.897639980399248
7.780999999988535,21.00394821108502
7.781999999988533,21.162676286221135
7.78299999998853,18.352343004417474
7.783999999988528,12.967674215145733
7.784999999988526,5.764022641582544
7.785999999988523,-2.248469094139285
7.786999999988521,-9.946199100201264
7.787999999988519,-16.249328907752762
7.788999999988516,-20.27308330035227
7.789999999988514,-21.45202548796702
7.790999999988512,-19.619809277917135
7.7919999999885095,-15.033000350786098
7.792999999988507,-8.33536683367249
7.793999999988505,-0.4674915789865054
7.7949999999885025,7.465584369540497
7.7959999999885,14.349917910154652
7.796999999988498,19.21933037267049
7.7979999999884955,21.391015447698738
7.798999999988493,20.561049951389265
7.799999999988491,16.846574873805192
7.8009999999884885,10.768984156645498
7.801999999988486,3.1806837548398628
7.802999999988484,-4.854261358916272
7.8039999999884815,-12.20898885809583
7.804999999988479,-17.851571258354898
7.805999999988477,-20.989705100016966
7.8069999999884745,-21.182123068375432
7.807999999988472,-18.40097530091585
7.80899999998847,-13.036181275347936
7.8099999999884675,-5.840903677901588
7.810999999988465,2.174306812048748
7.811999999988463,9.883753226818968
7.8129999999884605,16.205028896658607
7.813999999988458,20.251166485408486
7.814999999988456,21.45501553259284
7.8159999999884535,19.648449111428786
7.816999999988451,15.085496048996449
7.817999999988449,8.406405792281761
7.8189999999884465,0.5478458711592943
7.819999999988444,-7.3881903225181595
7.820999999988442,-14.288561710167619
7.8219999999884395,-19.18486382059558
7.822999999988437,-21.389324165520815
7.823999999988435,-20.591644636769352
7.8249999999884325,-16.90302906033696
7.82599999998843,-10.840959902538133
7.826999999988428,-3.2566560955894905
7.8279999999884256,4.784648953842083
7.828999999988423,12.153663911950519
7.829999999988421,17.815935258526746
7.830999999988419,20.977161224384325
7.831999999988416,21.19445774230854
7.832999999988414,18.438076390419567
7.833999999988412,13.095152830809583
7.834999999988409,5.915194008654727
7.835999999988407,-2.094944306898153
7.836999999988405,-9.811937846247265
7.837999999988402,-16.153189157188272
7.8389999999884,-20.22852304182905
7.839999999988398,-21.465223379859825
7.840999999988395,-19.68880736326796
7.841999999988393,-15.147988600076335
7.842999999988391,-8.48007140721788
7.843999999988388,-0.6214741551021545
7.844999999988386,7.324038747109044
7.845999999988384,14.240732923619117
7.846999999988381,19.157826828854656
7.847999999988379,21.385756603437688
7.848999999988377,20.61264946059663
7.849999999988374,16.94763329222605
7.850999999988372,10.905157047164728
7.85199999998837,3.3327233571012824
7.852999999988367,-4.707784578169797
7.853999999988365,-12.088670215668511
7.854999999988363,-17.774283710644035
7.85599999998836,-20.966240126933126
7.856999999988358,-21.21568699904126
7.857999999988356,-18.48674939083523
7.858999999988353,-13.162007493941536
7.859999999988351,-5.989002161905453
7.860999999988349,2.024827747661763
7.861999999988346,9.75394732064768
7.862999999988344,16.113140161459874
7.863999999988342,20.210058266745584
7.864999999988339,21.47036635990727
7.865999999988337,19.71797031798641
7.866999999988335,15.199278048031593
7.867999999988332,8.54833764775869
7.86899999998833,0.6979009839617988
7.869999999988328,-7.2511291453225315
7.870999999988325,-14.183736080001493
7.871999999988323,-19.126946301523997
7.872999999988321,-21.386370663024486
7.873999999988318,-20.643975508693668
7.874999999988316,-17.00319398984868
7.875999999988314,-10.974792407559532
7.876999999988311,-3.40527212488352
7.877999999988309,4.642187263424985
7.878999999988307,12.037394356395584
7.879999999988304,17.74217030644999
7.880999999988302,20.95619336862359
7.8819999999883,21.22912153429242
7.882999999988297,18.52336917577711
7.883999999988295,13.218963127992387
7.884999999988293,6.060027996350045
7.88599999998829,-1.949487891882463
7.886999999988288,-9.686296249454376
7.887999999988286,-16.06497065823437
7.888999999988283,-20.190046827433157
7.889999999988281,-21.481804191212674
7.890999999988279,-19.758021550854735
7.891999999988276,-15.260023415028964
7.892999999988274,-8.619110110522325
7.893999999988272,-0.7679251026806524
7.894999999988269,7.190780761177219
7.895999999988267,14.139382404645884
7.896999999988265,19.10257239543558
7.897999999988262,21.384269653172023
7.89899999998826,20.665018924453065
7.899999999988258,17.04637465755078
7.900999999988255,11.036288973171889
7.901999999988253,3.4777532954286206
7.902999999988251,-4.569250931516036
7.903999999988248,-11.97606475982967
7.904999999988246,-17.70335745813821
7.905999999988244,-20.94686708877425
7.906999999988241,-21.250493179648906
7.907999999988239,-18.57075579802662
7.908999999988237,-13.283336945523917
7.909999999988234,-6.130552854191377
7.910999999988232,1.8829742661650148
7.91199999998823,9.631721094390361
7.9129999999882275,16.027676679793675
7.913999999988225,20.173289460138104
7.914999999988223,21.487351015662355
7.9159999999882205,19.78619963582839
7.916999999988218,15.309051052661111
7.917999999988216,8.684147529886905
7.9189999999882135,0.8406305028950697
7.919999999988211,-7.121516628422732
7.920999999988209,-14.085388806661252
7.9219999999882065,-19.073590505250635
7.922999999988204,-21.38540109828784
7.923999999988202,-20.695432761370053
7.9249999999881995,-17.099769355715583
7.925999999988197,-11.102860188213002
7.926999999988195,-3.546807063913587
7.9279999999881925,4.507074147534912
7.92899999998819,11.927657340136388
7.929999999988188,17.673163395207457
7.9309999999881855,20.937515910107923
7.931999999988183,21.263280616491432
7.932999999988181,18.60544654482132
7.9339999999881785,13.337329375374683
7.934999999988176,6.197997037011232
7.935999999988174,-1.811303008491088
7.9369999999881715,-9.567260727486316
7.937999999988169,-15.981720130596223
7.938999999988167,-20.1541699046729
7.9399999999881645,-21.498234520053042
7.940999999988162,-19.824360103166924
7.94199999998816,-15.366884267514868
7.9429999999881575,-8.7514425309568
7.943999999988155,-0.9071292895827373
7.944999999988153,7.064239144784451
7.9459999999881505,14.043226284776015
7.946999999988148,19.05022429470884
7.947999999988146,21.38297279875593
7.9489999999881435,20.714834327689076
7.949999999988141,17.140193570684364
7.950999999988139,11.160853950284183
7.951999999988137,3.61553764528732
7.952999999988134,-4.437574977979265
7.953999999988132,-11.868917903737872
7.95499999998813,-17.635683125021984
7.955999999988127,-20.928054359404488
7.956999999988125,-21.28307809771081
7.957999999988123,-18.650079012475445
7.95899999998812,-13.398204844434414
7.959999999988118,-6.264811466636172
7.960999999988116,1.748170459851889
7.961999999988113,9.515262178704079
7.962999999988111,15.945844595561214
7.963999999988109,20.137474979218055
7.964999999988106,21.502464075811226
7.965999999988104,19.849997161850037
7.966999999988102,15.412473983040023
7.967999999988099,8.812613958399147
7.968999999988097,0.9760967082738105
7.969999999988095,-6.998021305876194
7.970999999988092,-13.99110970215305
7.97199999998809,-19.02164656380714
7.972999999988088,-21.382965698812097
7.973999999988085,-20.74274562885087
7.974999999988083,-17.19011476097278
7.975999999988081,-11.223514578601426
7.976999999988078,-3.6808257820570565
7.977999999988076,4.378478817215168
7.978999999988074,11.822479344670999
7.979999999988071,17.606078796218355
7.980999999988069,20.917828812016936
7.981999999988067,21.29362996803022
7.982999999988064,18.681455142292915
7.983999999988062,13.44824058539662
7.98499999998806,6.328203610341104
7.985999999988057,-1.680058848298901
7.986999999988055,-9.453328159403583
7.987999999988053,-15.90097981290046
7.98899999998805,-20.117827605413652
7.989999999988048,-21.511271225736227
7.990999999988046,-19.88485045715224
7.991999999988043,-15.466276492459958
7.992999999988041,-8.875761565537415
7.993999999988039,-1.038937360257724
7.994999999988036,6.943396879469759
7.995999999988034,13.950233599705932
7.996999999988032,18.99802832262986
7.997999999988029,21.378775916307593
7.998999999988027,20.75909897273399
7.999999999988025,17.22659831959424
8.000999999988023,11.277202338330468
8.001999999988021,3.7454857330733797
8.002999999988019,-4.312220239296444
8.003999999988016,-11.765654094266216
8.004999999988014,-17.568876223499633
8.005999999988012,-20.906947034210713
8.00699999998801,-21.31051511119137
8.007999999988007,-18.722123653797066
8.008999999988005,-13.504698774405856
8.009999999988002,-6.390801248295208
8.010999999988,1.6203370468532305
8.011999999987998,9.403461814848768
8.012999999987995,15.865673278674803
8.013999999987993,20.10006575929097
8.01499999998799,21.512936510112468
8.015999999987988,19.9067568817501
8.016999999987986,15.507458218944052
8.017999999987984,8.932443161301705
8.018999999987981,1.103964304230445
8.019999999987979,-6.879990745181913
8.020999999987977,-13.899365354603502
8.021999999987974,-18.968925657537984
8.022999999987972,-21.37653139263046
8.02399999998797,-20.783389152645004
8.024999999987967,-17.272057790395053
8.025999999987965,-11.335225155424961
8.026999999987963,-3.80663579243892
8.02799999998796,4.256178284114359
8.028999999987958,11.720770934813714
8.029999999987956,17.539126880760882
8.030999999987953,20.894900526617796
8.031999999987951,21.317809132301058
8.032999999987949,18.749229347296396
8.033999999987946,13.550015928281512
8.034999999987944,6.449668948490056
8.035999999987942,-1.5559155488647154
8.03699999998794,-9.343837703112547
8.037999999987937,-15.821377252211077
8.038999999987935,-20.079139192557193
8.039999999987932,-21.518792414893326
8.04099999998793,-19.93742243809087
8.041999999987928,-15.556459752261297
8.042999999987925,-8.990882730527492
8.043999999987923,-1.1628654048502136
8.04499999998792,6.827991199456016
8.045999999987918,13.859450872831655
8.046999999987916,18.944487832271413
8.047999999987914,21.369855694942228
8.048999999987911,20.79591704260576
8.049999999987909,17.3038768837862
8.050999999987907,11.384029632473633
8.051999999987904,3.8668624888858876
8.052999999987902,-4.193272098325452
8.0539999999879,-11.66571853928147
8.054999999987897,-17.501836687729824
8.055999999987895,-20.88206427628599
8.056999999987893,-21.331152113525242
8.05799999998789,-18.785291129646335
8.058999999987888,-13.601483126476511
8.059999999987886,-6.507616405149791
8.060999999987883,1.4998463402030373
8.061999999987881,9.296129615204247
8.062999999987879,15.786455785650737
8.063999999987876,20.059950670041736
8.064999999987874,21.51741402323512
8.065999999987872,19.955067696105168
8.06699999998787,15.592721860692986
8.067999999987867,9.042643562303905
8.068999999987865,1.22364818661546
8.069999999987862,-6.767545562929279
8.07099999998786,-13.809816799844711
8.071999999987858,-18.91469328733316
8.072999999987855,-21.365079964841087
8.073999999987853,-20.816204011366516
8.07499999998785,-17.344451408056003
8.075999999987848,-11.437001124512818
8.076999999987846,-3.9235192703804898
8.077999999987844,4.1405411433798
8.078999999987841,11.622522977058631
8.07999999998784,17.47194085449558
8.080999999987837,20.868069866238145
8.081999999987834,21.33495853021866
8.082999999987832,18.807826021354742
8.08399999998783,13.641747025390082
8.084999999987827,6.561626518460842
8.085999999987825,-1.4394142062173194
8.086999999987823,-9.239053352432586
8.08799999998782,-15.742883462217526
8.088999999987818,-20.037801839630912
8.089999999987816,-21.52027073497288
8.090999999987813,-19.981395753213146
8.091999999987811,-15.636684977183958
8.092999999987809,-9.096074739321995
8.093999999987807,-1.2782793822899994
8.094999999987804,6.718494419181108
8.095999999987802,13.771144840217568
8.0969999999878,18.889643853418892
8.097999999987797,21.356031561438694
8.098999999987795,20.824912828498178
8.099999999987793,17.371503418554497
8.10099999998779,11.480718131562956
8.101999999987788,3.9790238469720918
8.102999999987786,-4.081334573459964
8.103999999987783,-11.569613885324342
8.10499999998778,-17.43491488566973
8.105999999987779,-20.853568061477084
8.106999999987776,-21.344944591329057
8.107999999987774,-18.83933226205417
8.108999999987772,-13.688126223578703
8.10999999998777,-6.614684030683323
8.110999999987767,1.3873551192271565
8.111999999987765,9.193937589028385
8.112999999987762,15.70880581233536
8.11399999998776,20.01761417071116
8.114999999987758,21.51619149217676
8.115999999987755,19.99499264381809
8.116999999987753,15.66807805579421
8.11799999998775,9.142788388100204
8.118999999987748,1.3345204871858265
8.119999999987746,-6.661449595928219
8.120999999987744,-13.723278375939703
8.121999999987741,-18.859717448920875
8.122999999987739,-21.349235999330247
8.123999999987737,-20.8415862215981
8.124999999987734,-17.407401477037492
8.125999999987732,-11.52862975515518
8.12699999998773,-4.030955595312427
8.127999999987727,4.032344801085005
8.128999999987725,11.528682244236881
8.129999999987723,17.40552242594097
8.13099999998772,20.838265643774164
8.131999999987718,21.345809161024313
8.132999999987716,18.85767325065742
8.133999999987713,13.723488947275202
8.134999999987711,6.6637345230612395
8.135999999987709,-1.3312655166160754
8.136999999987706,-9.139976088104232
8.137999999987704,-15.666668563070727
8.138999999987702,-19.995005450814713
8.1399999999877,-21.51675721426276
8.140999999987697,-20.017535740119335
8.141999999987695,-15.70731744099471
8.142999999987692,-9.191238016464865
8.14399999998769,-1.3846107744813119
8.144999999987688,6.615884222286265
8.145999999987685,13.686584296708835
8.146999999987683,18.834893941482733
8.14799999998768,21.338643930780226
8.148999999987678,20.847184992245037
8.149999999987676,17.430177078401364
8.150999999987674,11.56745931411192
8.151999999987671,4.081611632740639
8.152999999987669,-3.9772833034600446
8.153999999987667,-11.478628918021807
8.154999999987664,-17.369648392501915
8.155999999987662,-20.8230411533243
8.15699999998766,-21.353304569179
8.157999999987657,-18.885289596972456
8.158999999987655,-13.765147667946621
8.159999999987653,-6.711915269335897
8.16099999998765,1.2835643728785062
8.161999999987648,9.09811785495535
8.162999999987646,15.634329886253939
8.163999999987643,19.974824607655524
8.164999999987641,21.510958842069112
8.165999999987639,20.02790814452834
8.166999999987636,15.734392653577775
8.167999999987634,9.233102166732355
8.168999999987632,1.4361196366162685
8.16999999998763,-6.562801206279657
8.170999999987627,-13.641346664341587
8.171999999987625,-18.80588242824804
8.172999999987622,-21.330916735375457
8.17399999998762,-20.861221454399967
8.174999999987618,-17.46212439496441
8.175999999987615,-11.610680934455287
8.176999999987613,-4.128777308573162
8.17799999998761,3.932484107024435
8.178999999987608,11.440759683591807
8.179999999987606,17.341799674774247
8.180999999987604,20.80757267223463
8.181999999987601,21.352316063341522
8.182999999987599,18.90032325499809
8.183999999987597,13.796169814587804
8.184999999987594,6.756159093353249
8.185999999987592,-1.232099407934711
8.18699999998759,-9.047955903510221
8.187999999987587,-15.594625554324006
8.188999999987585,-19.952931091191864
8.189999999987583,-21.510422510661954
8.19099999998758,-20.047701551405705
8.191999999987578,-15.769642942975054
8.192999999987576,-9.276899431083473
8.193999999987573,-1.4815451243852829
8.194999999987571,6.5212827482955875
8.195999999987569,13.607552602256503
8.196999999987566,18.782442480468337
8.197999999987564,21.3200167465462
8.198999999987562,20.864855729665386
8.19999999998756,17.48152179703072
8.200999999987557,11.645148723077105
8.201999999987555,4.174661941949872
8.202999999987552,-3.8819544827132417
8.20399999998755,-11.394363919247237
8.204999999987548,-17.308186314610754
8.205999999987545,-20.79288814584017
8.206999999987543,-21.358560807484043
8.20799999998754,-18.925092486972922
8.208999999987538,-13.833806653689905
8.209999999987536,-6.799719370089073
8.210999999987534,1.1889778145247862
8.211999999987531,9.010023611058582
8.21299999998753,15.565048602939221
8.213999999987527,19.933993830162112
8.214999999987525,21.50418687712551
8.215999999987522,20.056001506999934
8.21699999998752,15.793264542204081
8.217999999987518,9.314370625798404
8.218999999987515,1.528305297282318
8.219999999987513,-6.472651674668846
8.22099999998751,-13.565842295988327
8.221999999987508,-18.755529272309733
8.222999999987506,-21.31266146112568
8.223999999987504,-20.877496227750594
8.224999999987501,-17.51052266760036
8.225999999987499,-11.684307775004697
8.226999999987497,-4.217225770459451
8.227999999987494,3.841665793098426
8.228999999987492,11.360314907756408
8.22999999998749,17.28297114272709
8.230999999987487,20.778525180572814
8.231999999987485,21.356998637433893
8.232999999987483,18.93793152612862
8.23399999998748,13.861282138863086
8.234999999987478,6.839522322540855
8.235999999987476,-1.14225114322707
8.236999999987473,-8.964239749485078
8.237999999987471,-15.528741102735278
8.238999999987469,-19.91403067383636
8.239999999987466,-21.50384481077595
8.240999999987464,-20.07424110109791
8.241999999987462,-15.825454393397223
8.24299999998746,-9.354048995024124
8.243999999987457,-1.5691328950624535
8.244999999987455,6.435585502093492
8.245999999987452,13.535766536228877
8.24699999998745,18.734589102868735
8.247999999987448,21.302713583588464
8.248999999987445,20.880397589856784
8.249999999987443,17.52757745117243
8.25099999998744,11.715112630417503
8.251999999987438,4.258606010431244
8.252999999987436,-3.795869026318271
8.253999999987434,-11.318217277924921
8.254999999987431,-17.25260884233738
8.255999999987429,-20.765581835086305
8.256999999987427,-21.363236264800676
8.257999999987424,-18.960965843707886
8.258999999987422,-13.895724197803396
8.25999999998742,-6.878892108491493
8.260999999987417,1.1037314178985416
8.261999999987415,8.930699904184012
8.262999999987413,15.502767847458712
8.26399999998741,19.897435830291997
8.264999999987408,21.49837598175434
8.265999999987406,20.081613749861052
8.266999999987403,15.846553601436694
8.267999999987401,9.387719100804274
8.268999999987399,1.6113177993005512
8.269999999987396,-6.39167313940248
8.270999999987394,-13.498251445698022
8.271999999987392,-18.7107483527896
8.27299999998739,-21.296873206656027
8.273999999987387,-20.89279370933593
8.274999999987385,-17.554632152693834
8.275999999987382,-11.750921494701942
8.27699999998738,-4.2968982010474015
8.277999999987378,3.760182534695471
8.278999999987375,11.288483267623738
8.279999999987373,17.23085195847456
8.28099999998737,20.753362913236177
8.281999999987368,21.362209839880794
8.282999999987366,18.97264009370255
8.283999999987364,13.920464995869102
8.284999999987361,6.914740342004891
8.285999999987359,-1.0616459746852753
8.286999999987357,-8.889595987995953
8.287999999987354,-15.470512769021415
8.288999999987352,-19.880318340379816
8.28999999998735,-21.49927375918884
8.290999999987347,-20.099329259708917
8.291999999987345,-15.876555229691073
8.292999999987343,-9.423876168722252
8.29399999998734,-1.647793807076728
8.294999999987338,6.359191060315911
8.295999999987336,13.472378851474915
8.296999999987333,18.69307404817296
8.297999999987331,21.28881705742938
8.298999999987329,20.895946714595347
8.299999999987326,17.570241382195093
8.300999999987324,11.778753938999
8.301999999987322,4.334167850196219
8.30299999998732,-3.719070920051489
8.303999999987317,-11.25098404678451
8.304999999987315,-17.204343102975837
8.305999999987312,-20.74297818549415
8.30699999998731,-21.369357237485634
8.307999999987308,-18.994828540117982
8.308999999987305,-13.95245281716551
8.309999999987303,-6.950414480047123
8.3109999999873,1.0275399903425977
8.311999999987298,8.860585049294965
8.312999999987296,15.448578308070362
8.313999999987294,19.86673500367024
8.314999999987291,21.495381189776015
8.31599999998729,20.106614638024524
8.316999999987287,15.895891065709062
8.317999999987284,9.454324097622594
8.318999999987282,1.6857284183835526
8.31999999998728,-6.3199653001945295
8.320999999987277,-13.439318647612708
8.321999999987275,-18.672816468618525
8.322999999987273,-21.285179024181634
8.32399999998727,-20.908865703993232
8.324999999987268,-17.59609165755033
8.325999999987266,-11.811830142190379
8.326999999987263,-4.36860302107539
8.327999999987261,3.687823770469534
8.328999999987259,11.22566787618137
8.329999999987256,17.18639192070394
8.330999999987254,20.733443411339927
8.331999999987252,21.36952443133641
8.33299999998725,19.006025728525675
8.333999999987247,13.9750868298398
8.334999999987245,6.982795912089637
8.335999999987243,-0.9898083322054662
8.33699999998724,-8.824107181702589
8.337999999987238,-15.420556772153198
8.338999999987236,-19.85284938333704
8.339999999987233,-21.498053470216608
8.34099999998723,-20.124414414461395
8.341999999987229,-15.9243045635609
8.342999999987226,-9.487474040788827
8.343999999987224,-1.718217880822043
8.344999999987222,6.2918927630697015
8.34599999998722,13.417680714784607
8.346999999987217,18.65863487373758
8.347999999987215,21.279402476783712
8.348999999987212,20.912766374368402
8.34999999998721,17.610794889523447
8.350999999987208,11.837204859346189
8.351999999987205,4.402188039026863
8.352999999987203,-3.651111468807118
8.3539999999872,-11.192653839641828
8.354999999987198,-17.163805500394933
8.355999999987196,-20.725854409908965
8.356999999987194,-21.37795161692134
8.357999999987191,-19.02782042552659
8.358999999987189,-14.005095654993646
8.359999999987187,-7.015213590611128
8.360999999987184,0.9597650163968227
8.361999999987182,8.79940144804332
8.36299999998718,15.402587555942318
8.363999999987177,19.842358853102404
8.364999999987175,21.495960177846538
8.365999999987173,20.13194820041311
8.36699999998717,15.942283773088068
8.367999999987168,9.51512819135506
8.368999999987166,1.7523007533466857
8.369999999987163,-6.257032273341082
8.370999999987161,-13.388868690503
8.371999999987159,-18.641891217557795
8.372999999987156,-21.278040695841216
8.373999999987154,-20.926413684056136
8.374999999987152,-17.635750918619586
8.37599999998715,-11.867925150578044
8.376999999987147,-4.433164827605989
8.377999999987145,3.6239292607611215
8.378999999987142,11.171448111346042
8.37999999998714,17.149454786108784
8.380999999987138,20.718924726706415
8.381999999987135,21.37936974028172
8.382999999987133,19.03872906719173
8.38399999998713,14.02592205908302
8.384999999987128,7.044503926283348
8.385999999987126,-0.92597898009277
8.386999999987124,-8.76715781677227
8.387999999987121,-15.37847160965462
8.388999999987119,-19.83148125554782
8.389999999987117,-21.500315224587364
8.390999999987114,-20.149885037318573
8.391999999987112,-15.969301906842421
8.39299999998711,-9.545582739427267
8.393999999987107,-1.7811991298289058
8.394999999987105,6.232935906719229
8.395999999987103,13.371045753919374
8.3969999999871,18.63084815360732
8.397999999987098,21.274300905165003
8.398999999987096,20.930964475418193
8.399999999987093,17.649612998376718
8.400999999987091,11.891066408045981
8.401999999987089,4.463425248504064
8.402999999987086,-3.5911625598478123
8.403999999987084,-11.142427424330572
8.404999999987082,-17.130322872009405
8.40599999998708,-20.71374793905513
8.406999999987077,-21.388828765459916
8.407999999987075,-19.060052741617827
8.408999999987072,-14.054059635205318
8.40999999998707,-7.073949193144731
8.410999999987068,0.8995693969472703
8.411999999987065,8.746234493473423
8.412999999987063,15.363916018095908
8.41399999998706,19.823574406736462
8.414999999987058,21.49962312211644
8.415999999987056,20.157436627677708
8.416999999987054,15.98589747036371
8.417999999987051,9.57062958654748
8.418999999987049,1.8118115829121668
8.419999999987047,-6.201910095944976
8.420999999987044,-13.345869018949122
8.421999999987042,-18.617002969088016
8.42299999998704,-21.274679352571855
8.423999999987037,-20.944956825631383
8.424999999987035,-17.673498993934754
8.425999999987033,-11.919491046184731
8.42699999998703,-4.491237899534479
8.427999999987028,3.5675503571749876
8.428999999987026,11.124697648231871
8.429999999987023,17.11888037393373
8.430999999987021,20.708765488909332
8.431999999987019,21.390964663311067
8.432999999987016,19.070340315707586
8.433999999987014,14.072997054606544
8.434999999987012,7.1003354593461525
8.43599999998701,-0.8692928574669844
8.436999999987007,-8.71759390652795
8.437999999987005,-15.342961358188743
8.438999999987002,-19.814946482470233
8.439999999987,-21.504991413978956
8.440999999986998,-20.175022567809567
8.441999999986995,-16.01128370986284
8.442999999986993,-9.598440769315618
8.44399999998699,-1.8374581760186537
8.444999999986988,6.181203743377832
8.445999999986986,13.331103110652471
8.446999999986984,18.60826898378177
8.447999999986981,21.272187870120113
8.44899999998698,20.94951967784267
8.449999999986977,17.68612320148022
8.450999999986974,11.940302811591694
8.451999999986972,4.5183971172418955
8.45299999998697,-3.538211706199164
8.453999999986967,-11.098925072430987
8.454999999986965,-17.10232903926979
8.455999999986963,-20.70511651327707
8.45699999998696,-21.40068199160671
8.457999999986958,-19.090638123374486
8.458999999986956,-14.099006599407
8.459999999986954,-7.126889252854912
8.460999999986951,0.8461044435592671
8.461999999986949,8.699760605837666
8.462999999986947,15.33093841031949
8.463999999986944,19.808672569336956
8.464999999986942,21.50481047197077
8.46599999998694,20.181886821928984
8.466999999986937,16.026075754138297
8.467999999986935,9.620807817851109
8.468999999986933,1.8648896465565437
8.46999999998693,-6.153396905668397
8.470999999986928,-13.308701139907148
8.471999999986926,-18.596333238517037
8.472999999986923,-21.273324304893176
8.47399999998692,-20.963017310304078
8.474999999986919,-17.70835923147878
8.475999999986916,-11.966194353383846
8.476999999986914,-4.543186939211333
8.477999999986912,3.5176650857495364
8.47899999998691,11.083869718094832
8.479999999986907,17.092804025714273
8.480999999986905,20.701036766851743
8.481999999986902,21.402581763148525
8.4829999999869,19.09957475342579
8.483999999986898,14.11565273086531
8.484999999986895,7.1503555655040385
8.485999999986893,-0.8189614122040484
8.48699999998689,-8.67400433947688
8.487999999986888,-15.31218079486797
8.488999999986886,-19.801216545735375
8.489999999986884,-21.51014925184935
8.490999999986881,-20.198258678612792
8.491999999986879,-16.049267009907144
8.492999999986877,-9.64579235930517
8.493999999986874,-1.887508651389146
8.494999999986872,6.135477473185811
8.49599999998687,13.296091543646401
8.496999999986867,18.588833142455638
8.497999999986865,21.270979732548675
8.498999999986863,20.966617543287676
8.49999999998686,17.71903385620211
8.500999999986858,11.984328253745339
8.501999999986856,4.567310100557328
8.502999999986853,-3.491283116060435
8.503999999986851,-11.060531636353065
8.504999999986849,-17.077789248883608
8.505999999986846,-20.697785354729444
8.506999999986844,-21.41149738386046
8.507999999986842,-19.11800394745317
8.50899999998684,-14.139025960131884
8.509999999986837,-7.173915174335836
8.510999999986835,0.7986762139778009
8.511999999986832,8.658565614613503
8.51299999998683,15.301713211001998
8.513999999986828,19.79545154022528
8.514999999986825,21.509364577398294
8.515999999986823,20.203484864679275
8.51699999998682,16.061601455142647
8.517999999986818,9.665213514570405
8.518999999986816,1.9119183212135864
8.519999999986814,-6.110327170741001
8.520999999986811,-13.275576868218018
8.521999999986809,-18.577717745081287
8.522999999986807,-21.271734710843205
8.523999999986804,-20.97858866024729
8.524999999986802,-17.738838537881083
8.5259999999868,-12.00726352933569
8.526999999986797,-4.589070127006112
8.527999999986795,3.473392595671315
8.528999999986793,11.04738225125899
8.52999999998679,17.069161514967213
8.530999999986788,20.693478430845257
8.531999999986786,21.412078640273336
8.532999999986783,19.124705070944763
8.533999999986781,14.15281655078717
8.534999999986779,7.1942951090694
8.535999999986776,-0.7744134866938671
8.536999999986774,-8.63505761020027
8.537999999986772,-15.284223651446368
8.53899999998677,-19.788075709280122
8.539999999986767,-21.513571508940032
8.540999999986765,-20.217682355459505
8.541999999986762,-16.081911598636534
8.54299999998676,-9.68705281549478
8.543999999986758,-1.9316006509062016
8.544999999986755,6.094709162616603
8.545999999986753,13.26431301224128
8.54699999998675,18.57043011768593
8.547999999986748,21.26844769697601
8.548999999986746,20.98022059747609
8.549999999986744,17.74678068217781
8.550999999986741,12.022266658696651
8.551999999986739,4.610094816623503
8.552999999986737,-3.4496335894191903
8.553999999986734,-11.025798358070565
8.554999999986732,-17.05475368601028
8.55599999998673,-20.68957662207311
8.556999999986727,-21.419172282723753
8.557999999986725,-19.14041377360984
8.558999999986723,-14.17298594948418
8.55999999998672,-7.214652881172287
8.560999999986718,0.7568542559527193
8.561999999986716,8.621479709355127
8.562999999986713,15.27449861318186
8.563999999986711,19.781843079687288
8.564999999986709,21.511179811467883
8.565999999986706,20.22037973895705
8.566999999986704,16.091132478405026
8.567999999986702,9.703195066549297
8.5689999999867,1.953020660388178
8.569999999986697,-6.071827229175558
8.570999999986695,-13.244999893897925
8.571999999986692,-18.559250634947023
8.57299999998669,-21.26786298455178
8.573999999986688,-20.989766328649715
8.574999999986685,-17.763437411193443
8.575999999986683,-12.041807210717415
8.57699999998668,-4.62872084684026
8.577999999986679,3.4341598826388444
8.578999999986676,11.01401041868152
8.579999999986674,17.046253289873082
8.580999999986672,20.684156972473783
8.58199999998667,21.41755805082148
8.582999999986667,19.14413206302332
8.583999999986665,14.183404420149019
8.584999999986662,7.231727918262422
8.58599999998666,-0.7353675987303993
8.586999999986658,-8.599813527241071
8.587999999986655,-15.257630431419878
8.588999999986653,-19.77375435934764
8.58999999998665,-21.51342736512875
8.590999999986648,-20.231655093513382
8.591999999986646,-16.107994218027077
8.592999999986644,-9.721576071327325
8.593999999986641,-1.9697448105624904
8.594999999986639,6.058244054360961
8.595999999986637,13.234570025174008
8.596999999986634,18.5514943085159
8.597999999986632,21.26288042733312
8.59899999998663,20.988710208557432
8.599999999986627,17.768058902613483
8.600999999986625,12.053300638921636
8.601999999986623,4.646524067313777
8.60299999998662,-3.4128808843628393
8.603999999986618,-10.993798789306334
8.604999999986616,-17.031890593421213
8.605999999986613,-20.678945003673856
8.606999999986611,-21.42216476309988
8.607999999986609,-19.156540656757702
8.608999999986606,-14.199951751997334
8.609999999986604,-7.248678732586232
8.610999999986602,0.7205051670051982
8.6119999999866,8.587844341720906
8.612999999986597,15.248214293579181
8.613999999986595,19.76650388205224
8.614999999986592,21.508840750464902
8.61599999998659,20.23127962397146
8.616999999986588,16.11367400359668
8.617999999986585,9.734182386480368
8.618999999986583,1.9881170374919488
8.61999999998658,-6.037489776813138
8.620999999986578,-13.216146196101157
8.621999999986576,-18.539816336630583
8.622999999986574,-21.26046316105127
8.623999999986571,-20.995347786968047
8.624999999986569,-17.78115896122778
8.625999999986567,-12.069162828800238
8.626999999986564,-4.661889477658045
8.627999999986562,3.39978412906876
8.62899999998656,10.983179217569951
8.629999999986557,17.023204495239945
8.630999999986555,20.672027498443526
8.631999999986553,21.41795310028816
8.63299999998655,19.15691203159654
8.633999999986548,14.206718350451721
8.634999999986546,7.262285653326694
8.635999999986543,-0.701826938498588
8.636999999986541,-8.567925785618048
8.637999999986539,-15.231767659941028
8.638999999986536,-19.757430131789512
8.639999999986534,-21.508824654737083
8.640999999986532,-20.23933756469257
8.64199999998653,-16.12683769799865
8.642999999986527,-9.748928939646488
8.643999999986525,-2.00179658783913
8.644999999986522,6.025934604265716
8.64599999998652,13.206458902375218
8.646999999986518,18.531434092011047
8.647999999986515,21.253587600332196
8.648999999986513,20.99139420355439
8.64999999998651,17.782265291201405
8.650999999986508,12.076988725176463
8.651999999986506,4.676364350529556
8.652999999986504,-3.3810352239221046
8.653999999986501,-10.964335146976714
8.654999999986499,-17.008835520891015
8.655999999986497,-20.665419051387502
8.656999999986494,-21.419964797087154
8.657999999986492,-19.16590324387628
8.65899999998649,-14.219527958782571
8.659999999986487,-7.275723950177535
8.660999999986485,0.6897506521473632
8.661999999986483,8.55763443849231
8.66299999998648,15.22270700953105
8.663999999986478,19.74918476611258
8.664999999986476,21.502042102797674
8.665999999986473,20.235864239650283
8.666999999986471,16.128927595194188
8.667999999986469,9.757927346411993
8.668999999986466,2.0170275860489766
8.669999999986464,-6.00741912422324
8.670999999986462,-13.18904637697065
8.67199999998646,-18.519380137414576
8.672999999986457,-21.249447189547325
8.673999999986455,-20.99520454989578
8.674999999986452,-17.79184624925186
8.67599999998645,-12.08915525235241
8.676999999986448,-4.688391457486394
8.677999999986445,3.370451099383981
8.678999999986443,10.955066646295167
8.67999999998644,17.000174572347902
8.680999999986438,20.657217845670214
8.681999999986436,21.41334525268196
8.682999999986434,19.16306519002017
8.683999999986431,14.222704860677776
8.68499999998643,7.285834203036284
8.685999999986427,-0.6740046754296914
8.686999999986424,-8.53967431411431
8.687999999986422,-15.206958230767063
8.68899999998642,-19.739434755803366
8.689999999986417,-21.50006272388108
8.690999999986415,-20.240953515709325
8.691999999986413,-16.138551272852837
8.69299999998641,-9.769078100421329
8.693999999986408,-2.0275686737002907
8.694999999986406,5.998113097265361
8.695999999986403,13.180426340432819
8.696999999986401,18.51076055957205
8.697999999986399,21.241080524012474
8.698999999986397,20.98871374057951
8.699999999986394,17.78970398613035
8.700999999986392,12.093444741438917
8.70199999998639,4.699508433764548
8.702999999986387,-3.3544266788243187
8.703999999986385,-10.937930522986793
8.704999999986383,-16.986245022148765
8.70599999998638,-20.649705914511728
8.706999999986378,-21.41323434361362
8.707999999986376,-19.16902264213513
8.708999999986373,-14.232013189748422
8.70999999998637,-7.295809769248561
8.710999999986369,0.6648654757807103
8.711999999986366,8.531398319966026
8.712999999986364,15.198736084186582
8.713999999986362,19.73076022385647
8.71499999998636,21.491656416917383
8.715999999986357,20.23488148807476
8.716999999986355,16.137405497552958
8.717999999986352,9.77462366677525
8.71899999998635,2.039585983216539
8.719999999986348,-5.9821339369510875
8.720999999986345,-13.164513386691041
8.721999999986343,-18.498946944652307
8.72299999998634,-21.23587809855152
8.723999999986338,-20.99031028683031
8.724999999986336,-17.796243030473928
8.725999999986334,-12.10218506840844
8.726999999986331,-4.708215455846732
8.727999999986329,3.34659686772372
8.728999999986327,10.930486639550178
8.729999999986324,16.978253362638835
8.730999999986322,20.640949400090967
8.73199999998632,21.404919791340866
8.732999999986317,19.163572842951645
8.733999999986315,14.23199699543451
8.734999999986313,7.302558883437934
8.73599999998631,-0.652202378432999
8.736999999986308,-8.515819031868988
8.737999999986306,-15.184326246256548
8.738999999986303,-19.721108214668106
8.739999999986301,-21.488514566705096
8.740999999986299,-20.237716568281932
8.741999999986296,-16.144014379547446
8.742999999986294,-9.782436833664484
8.743999999986292,-2.0469388391005547
8.74499999998629,5.975432674585598
8.745999999986287,13.157576774804795
8.746999999986285,18.490884359126294
8.747999999986282,21.226884565407907
8.74899999998628,20.982097045127425
8.749999999986278,17.791503338340654
8.750999999986275,12.103332401165913
8.751999999986273,4.716052688622752
8.75299999998627,-3.3335510533330086
8.753999999986268,-10.915614756180739
8.754999999986266,-16.9655484170305
8.755999999986264,-20.633440972440262
8.756999999986261,-21.40358879991827
8.757999999986259,-19.167266977521763
8.758999999986257,-14.238331876959581
8.759999999986254,-7.30927965897747
8.760999999986252,0.6461448767901061
8.76199999998625,8.510038718788964
8.762999999986247,15.177694568852495
8.763999999986245,19.712925677244822
8.764999999986243,21.479448169943556
8.76599999998624,20.2299184030129
8.766999999986238,16.14029214219608
8.767999999986236,9.784881382657103
8.768999999986233,2.0557344061663345
8.769999999986231,-5.962360750478281
8.770999999986229,-13.143849324040636
8.771999999986226,-18.480219135758396
8.772999999986224,-21.22162476537396
8.773999999986222,-20.982440320038513
8.77499999998622,-17.795781071082303
8.775999999986217,-12.109135875758739
8.776999999986215,-4.72156700359097
8.777999999986212,3.3287300678976215
8.77899999998621,10.910598222587799
8.779999999986208,16.959094579683747
8.780999999986205,20.625143888215206
8.781999999986203,21.394599954879222
8.7829999999862,19.16009046600344
8.783999999986198,14.23574821894424
8.784999999986196,7.312945164435418
8.785999999986194,-0.6366763399344527
8.786999999986191,-8.497328355881407
8.787999999986189,-15.165422476512878
8.788999999986187,-19.70437113520013
8.789999999986184,-21.476204655453206
8.790999999986182,-20.23147249227611
8.79199999998618,-16.14463457939576
8.792999999986177,-9.789774632816044
8.793999999986175,-2.0599267457434984
8.794999999986173,5.958630938332662
8.79599999998617,13.13930649851861
8.796999999986168,18.47366909804804
8.797999999986166,21.213072765339213
8.798999999986163,20.973537982204515
8.799999999986161,17.789298983437995
8.800999999986159,12.107698775627401
8.801999999986156,4.726306540743241
8.802999999986154,-3.31888309931971
8.803999999986152,-10.898583760474573
8.80499999998615,-16.94849857894148
8.805999999986147,-20.618691282880345
8.806999999986145,-21.393121802808594
8.807999999986142,-19.162464188167913
8.80899999998614,-14.239790246671394
8.809999999986138,-7.316734344339384
8.810999999986135,0.6337792800842901
8.811999999986133,8.494512499168446
8.81299999998613,15.161173913371796
8.813999999986128,19.697686389989293
8.814999999986126,21.467557456491633
8.815999999986124,20.222951627819075
8.816999999986121,16.13912482331118
8.81799999998612,9.789583545299285
8.818999999986117,2.065577908485783
8.819999999986115,-5.9487877189753835
8.820999999986112,-13.128440004431727
8.82199999998611,-18.465087194161292
8.822999999986108,-21.208818873355092
8.823999999986105,-20.973670435600056
8.824999999986103,-17.792191075079362
8.8259999999861,-12.111152427626799
8.826999999986098,-4.72884595441312
8.827999999986096,3.3172506655598455
8.828999999986094,10.896544530356243
8.829999999986091,16.944424363674965
8.830999999986089,20.611869278646115
8.831999999986087,21.384507131531482
8.832999999986084,19.154497550452987
8.833999999986082,14.23533512250724
8.83499999998608,7.317676398605399
8.835999999986077,-0.6275297218363574
8.836999999986075,-8.485075408420327
8.837999999986073,-15.151766243853794
8.83899999998607,-19.691175677430266
8.839999999986068,-21.46524509194348
8.840999999986066,-20.224199175064204
8.841999999986063,-16.141981215049764
8.842999999986061,-9.792035932851695
8.843999999986059,-2.0667234091422446
8.844999999986056,5.948293454833029
8.845999999986054,13.12689273706803
8.846999999986052,18.460902988123568
8.84799999998605,21.201693512557622
8.848999999986047,20.96505943199045
8.849999999986045,17.78480767630965
8.850999999986042,12.107717980060357
8.85199999998604,4.730741728856717
8.852999999986038,-3.3107146311345823
8.853999999986035,-10.88784761412182
8.854999999986033,-16.936679087873177
8.85599999998603,-20.607390506199966
8.856999999986028,-21.383846638827034
8.857999999986026,-19.15642763951298
8.858999999986024,-14.23775201380243
8.859999999986021,-7.318902432277602
8.860999999986019,0.627771130489166
8.861999999986017,8.485546988778282
8.862999999986014,15.150519734292505
8.863999999986012,19.68681487042917
8.86499999998601,21.457934749315694
8.865999999986007,20.215838180544242
8.866999999986005,16.135411059842273
8.867999999986003,9.789682902088735
8.868999999986,2.0693879805121074
8.869999999985998,-5.941855515888351
8.870999999985996,-13.119370259545331
8.871999999985993,-18.455123644078594
8.872999999985991,-21.199298344513068
8.873999999985989,-20.965847349018013
8.874999999985986,-17.78707355630817
8.875999999985984,-12.109370926615972
8.876999999985982,-4.730572725597491
8.87799999998598,3.3123186965357063
8.878999999985977,10.88913599664935
8.879999999985975,16.935584053950517
8.880999999985972,20.602806486889374
8.88199999998597,21.37642597999145
8.882999999985968,19.14843532494994
8.883999999985965,14.232031312698428
8.884999999985963,7.317488056589083
8.88599999998596,-0.6246591749846557
8.886999999985958,-8.47959448934836
8.887999999985956,-15.144447062317884
8.888999999985954,-19.6830088395551
8.889999999985951,-21.457310223622542
8.890999999985949,-20.21752554865795
8.891999999985947,-16.137414834253434
8.892999999985944,-9.790130276935516
8.893999999985942,-2.0676695933156246
8.89499999998594,5.94468600027017
8.895999999985937,13.121161651394305
8.896999999985935,18.453850220124707
8.897999999985933,21.194268561244
8.89899999998593,20.95822793288767
8.899999999985928,17.77942546969146
8.900999999985926,12.104427475492129
8.901999999985923,4.72990156375851
8.902999999985921,-3.309061827410453
8.903999999985919,-10.883969449649383
8.904999999985916,-16.931112844287643
8.905999999985914,-20.60087290908135
8.906999999985912,-21.377220896297363
8.90799999998591,-19.150537115731815
8.908999999985907,-14.233332740799598
8.909999999985905,-7.316488733198529
8.910999999985902,0.6279138329994057
8.9119999999859,8.4834515154498
8.912999999985898,15.146504313211334
8.913999999985895,19.681431473550006
8.914999999985893,21.45188873012793
8.91599999998589,20.209893267182423
8.916999999985888,16.130294040959438
8.917999999985886,9.785999630146387
8.918999999985884,2.0675582696273382
8.919999999985881,-5.94164012417269
8.92099999998588,-13.117164040662745
8.921999999985877,-18.451218595411067
8.922999999985874,-21.194190181714028
8.923999999985872,-20.960177034323944
8.92499999998587,-17.781549046764088
8.925999999985867,-12.104677974841776
8.926999999985865,-4.727287048816667
8.927999999985863,3.313804439143841
8.92899999998586,10.888659133989046
8.929999999985858,16.93322648857549
8.930999999985856,20.598876983578904
8.931999999985853,21.37141569348483
8.932999999985851,19.14295520592241
8.933999999985849,14.22674037292129
8.934999999985846,7.313019940306269
8.935999999985844,-0.6277657230528658
8.936999999985842,-8.480956543215841
8.93799999998584,-15.143884675723728
8.938999999985837,-19.680572388673728
8.939999999985835,-21.453281922680187
8.940999999985833,-20.21239134166144
8.94199999998583,-16.131807398240063
8.942999999985828,-9.78474961270257
8.943999999985826,-2.063192697240091
8.944999999985823,5.947692435663856
8.94599999998582,13.122312529800624
8.946999999985819,18.452988217846276
8.947999999985816,21.19148123821304
8.948999999985814,20.95383641151318
8.949999999985812,17.77394811348624
8.95099999998581,12.0985229826219
8.951999999985807,4.724296051117507
8.952999999985805,-3.3136585372730396
8.953999999985802,-10.88695128375718
8.9549999999858,-16.932058951206926
8.955999999985798,-20.59961130083341
8.956999999985795,-21.373862503625062
8.957999999985793,-19.145471812177846
8.95899999998579,-14.227185126921471
8.959999999985788,-7.310039017895744
8.960999999985786,0.6338319304978325
8.961999999985784,8.48806021623092
8.962999999985781,15.149182892621631
8.963999999985779,19.681796284897512
8.964999999985777,21.449843738041416
8.965999999985774,20.20564682676843
8.966999999985772,16.124340710381748
8.96799999998577,9.779067988973912
8.968999999985767,2.0605279936312355
8.969999999985765,-5.94784539728066
8.970999999985763,-13.121697145970213
8.97199999998576,-18.453427250983776
8.972999999985758,-21.193715403213528
8.973999999985756,-20.9570144117178
8.974999999985753,-17.776060715389193
8.975999999985751,-12.097551390766451
8.976999999985749,-4.719446137816416
8.977999999985746,3.3213221005406304
8.978999999985744,10.894840669198588
8.979999999985742,16.937218316287865
8.98099999998574,20.600098688835132
8.981999999985737,21.369640165316063
8.982999999985735,19.13834623443861
8.983999999985732,14.219842764355215
8.98499999998573,7.304701093739937
8.985999999985728,-0.6364191398581984
8.986999999985725,-8.48877726666786
8.987999999985723,-15.149782770941314
8.98899999998572,-19.68369079994897
8.989999999985718,-21.453125606555698
8.990999999985716,-20.208908199654527
8.991999999985714,-16.12540635538508
8.992999999985711,-9.776251738354697
8.993999999985709,-2.0537226296419413
8.994999999985707,5.956858082874608
8.995999999985704,13.129917518346854
8.996999999985702,18.457966221838934
8.9979999999857,21.193101088820452
8.998999999985697,20.9518056071532
8.999999999985695,17.768461956866695
9.000999999985693,12.090251915177154
9.00199999998569,4.714309743035643
9.002999999985688,-3.3240245312039804
9.003999999985686,-10.89627214447556
9.004999999985683,-16.93901814612315
9.005999999985681,-20.603190823395103
9.006999999985679,-21.37349615658969
9.007999999985676,-19.141136228343452
9.008999999985674,-14.219412893539822
9.009999999985672,-7.29985119490011
9.01099999998567,0.6450634732646374
9.011999999985667,8.498799758561425
9.012999999985665,15.15794020891613
9.013999999985662,19.68733009655534
9.01499999998566,21.451333311988833
9.015999999985658,20.202810375773254
9.016999999985655,16.117485181683936
9.017999999985653,9.769061841765515
9.01899999998565,2.0486969272730144
9.019999999985648,-5.959890023683233
9.020999999985646,-13.132277061843563
9.021999999985644,-18.461033893505334
9.022999999985641,-21.19722966846156
9.023999999985639,-20.95587518462683
9.024999999985637,-17.770354803522892
9.025999999985634,-12.088009957991833
9.026999999985632,-4.7073479869229775
9.02799999998563,3.334325408874389
9.028999999985627,10.906951761443471
9.029999999985625,16.946740881953993
9.030999999985623,20.605671191467625
9.03199999998562,21.370426319870205
9.032999999985618,19.13415788720461
9.033999999985616,14.211178351646314
9.034999999985613,7.2926920326537035
9.035999999985611,-0.650150924729007
9.036999999985609,-8.502335386778066
9.037999999985606,-15.16125879343901
9.038999999985604,-19.691436516263366
9.039999999985602,-21.455994488488198
9.0409999999856,-20.206428276538798
9.041999999985597,-16.117856800333605
9.042999999985595,-9.764630820498269
9.043999999985592,-2.0396120742253436
9.04499999998559,5.971511534950435
9.045999999985588,13.143071274792263
9.046999999985585,18.467764109508217
9.047999999985583,21.198131050398818
9.04899999998558,20.951299376537413
9.049999999985578,17.762410538729444
9.050999999985576,12.079420248500186
9.051999999985574,4.700145495881463
9.052999999985571,-3.3395798063646693
9.05399999998557,-10.911047263279807
9.054999999985567,-16.950917022709426
9.055999999985564,-20.61049410809224
9.056999999985562,-21.375114223714146
9.05799999998556,-19.136773981855058
9.058999999985557,-14.20962027187307
9.059999999985555,-7.28595145212477
9.060999999985553,0.6611564642989243
9.06199999998555,8.51484757962444
9.062999999985548,15.17169083877031
9.063999999985546,19.696830703358035
9.064999999985544,21.455203220700685
9.065999999985541,20.20043845052665
9.066999999985539,16.10912512684291
9.067999999985537,9.755810792427713
9.068999999985534,2.0323567308363044
9.069999999985532,-5.977053958443788
9.07099999998553,-13.147849126143317
9.071999999985527,-18.472790951431953
9.072999999985525,-21.203463095663775
9.073999999985523,-20.955643266553114
9.07499999998552,-17.7636261245255
9.075999999985518,-12.075675289993688
9.076999999985516,-4.691098962530697
9.077999999985513,3.3522320910789576
9.07899999998551,10.924009486847407
9.079999999985509,16.960542584017205
9.080999999985506,20.614245155836237
9.081999999985504,21.372513595340504
9.082999999985502,19.129394597583214
9.0839999999855,14.20015779311376
9.084999999985497,7.276895787849873
9.085999999985495,-0.6685472244112035
9.086999999985492,-8.52075876685704
9.08799999998549,-15.177099252976841
9.088999999985488,-19.70242033991439
9.089999999985485,-21.460515370923957
9.090999999985483,-20.20378561203715
9.09199999998548,-16.108364051793505
9.092999999985478,-9.749577137008744
9.093999999985476,-2.021083267387848
9.094999999985474,5.990925398291086
9.095999999985471,13.16063869461762
9.096999999985469,18.480994088043804
9.097999999985467,21.20512201801903
9.098999999985464,20.951008570573773
9.099999999985462,17.754807793393873
9.10099999998546,12.06550429718937
9.101999999985457,4.681817732771583
9.102999999985455,-3.35977065444223
9.103999999985453,-10.930257652289962
9.10499999998545,-16.96641062129562
9.105999999985448,-20.62003575633135
9.106999999985446,-21.377296966180715
9.107999999985443,-19.13122897476429
9.108999999985441,-14.197076967358035
9.109999999985439,-7.268138815894494
9.110999999985436,0.6817524089719188
9.111999999985434,8.53533346086473
9.112999999985432,15.189172118003917
9.11399999998543,19.708817419765015
9.114999999985427,21.459960168918624
9.115999999985425,20.19723297150488
9.116999999985422,16.098338916894576
9.11799999998542,9.7388989281308
9.118999999985418,2.011656313296032
9.119999999985415,-5.998642960047919
9.120999999985413,-13.167269318571334
9.12199999998541,-18.487263071163703
9.122999999985408,-21.210888337083123
9.123999999985406,-20.95491178647185
9.124999999985404,-17.754784239370654
9.125999999985401,-12.059925438799949
9.126999999985399,-4.670632496490131
9.127999999985397,3.3745437977205293
9.128999999985394,10.945019766593996
9.129999999985392,16.977271900324165
9.13099999998539,20.624299713942563
9.131999999985387,21.374423439463918
9.132999999985385,19.12282581781096
9.133999999985383,14.18596956621516
9.13499999998538,7.257032374220567
9.135999999985378,-0.6913181354921086
9.136999999985376,-8.543228703691263
9.137999999985373,-15.196071347949985
9.138999999985371,-19.71516757765555
9.139999999985369,-21.465177260447568
9.140999999985366,-20.1996431437534
9.141999999985364,-16.095950512344377
9.142999999985362,-9.730607570827951
9.14399999998536,-1.9982133681684244
9.144999999985357,6.014474645495494
9.145999999985355,13.181535531710427
9.146999999985352,18.49626498471359
9.14799999998535,21.212570384145227
9.148999999985348,20.949526577884775
9.149999999985345,17.744539226342663
9.150999999985343,12.047835350516483
9.15199999998534,4.659194489056664
9.152999999985338,-3.384176445628063
9.153999999985336,-10.95299122055005
9.154999999985334,-16.984224615156812
9.155999999985331,-20.63035816933379
9.156999999985329,-21.378607011756674
9.157999999985327,-19.12328360300076
9.158999999985324,-14.180952950521952
9.159999999985322,-7.246083716289593
9.16099999998532,0.7066378377700461
9.161999999985317,8.559534100624276
9.162999999985315,15.209254786742985
9.163999999985313,19.72191462947398
9.16499999998531,21.464174906738084
9.165999999985308,20.19190983113997
9.166999999985306,16.084164696019553
9.167999999985303,9.717817591962978
9.168999999985301,1.9866071287750968
9.169999999985299,-6.024131387725205
9.170999999985296,-13.189575143073494
9.171999999985294,-18.50318826232094
9.172999999985292,-21.21812164875018
9.17399999998529,-20.95236826503411
9.174999999985287,-17.742769231446125
9.175999999985285,-12.04009752310815
9.176999999985282,-4.645770660636428
9.17799999998528,3.4009337968421316
9.178999999985278,10.969201753434415
9.179999999985275,16.99580690564976
9.180999999985273,20.634531015622745
9.18199999998527,21.374852723687663
9.182999999985269,19.113329632515168
9.183999999985266,14.167826239770893
9.184999999985264,7.232753903769854
9.185999999985262,-0.718329188081145
9.18699999998526,-8.569152992623431
9.187999999985257,-15.21721293493286
9.188999999985255,-19.728484106111466
9.189999999985252,-21.468722350031758
9.19099999998525,-20.192854232473206
9.191999999985248,-16.07973774962617
9.192999999985245,-9.707229574512139
9.193999999985243,-1.9709582617939467
9.19499999998524,6.041755421055563
9.195999999985238,13.204972442774302
9.196999999985236,18.512516879452317
9.197999999985234,21.21929625918402
9.198999999985231,20.94571840342297
9.199999999985229,17.73067076614984
9.200999999985227,12.02580595223779
9.201999999985224,4.63207333739614
9.202999999985222,-3.412573529876464
9.20399999998522,-10.978636496223789
9.204999999985217,-17.003450927958955
9.205999999985215,-20.640387251945413
9.206999999985213,-21.377955383796827
9.20799999998521,-19.11198437735242
9.208999999985208,-14.160559013241935
9.209999999985206,-7.219451034789562
9.210999999985203,0.735754617451507
9.211999999985201,8.587014006775188
9.212999999985199,15.231193632087065
9.213999999985196,19.735176368688247
9.214999999985194,21.46683509262453
9.215999999985192,20.183530966968025
9.21699999998519,16.065866033068247
9.217999999985187,9.692128709811556
9.218999999985185,1.9571228675388042
9.219999999985182,-6.053250091922046
9.22099999998518,-13.214187354899222
9.221999999985178,-18.51976416248284
9.222999999985175,-21.224253105414075
9.223999999985173,-20.9471226746014
9.22499999998517,-17.72683244223743
9.225999999985168,-12.015683137242807
9.226999999985166,-4.616308563461059
9.227999999985164,3.4312835872736844
9.228999999985161,10.996138613756719
9.229999999985159,17.015497739346355
9.230999999985157,20.644151602245817
9.231999999985154,21.37298794599134
9.232999999985152,19.100178349207223
9.23399999998515,14.145182672977787
9.234999999985147,7.203766556293054
9.235999999985145,-0.7495906876997711
9.236999999985143,-8.598266077143059
9.23799999998514,-15.240027747731684
9.238999999985138,-19.74171814440673
9.239999999985136,-21.470437224550384
9.240999999985133,-20.182742852426383
9.241999999985131,-16.059177525848934
9.242999999985129,-9.679092395170574
9.243999999985126,-1.9392048983916887
9.244999999985124,6.072636722414699
9.245999999985122,13.23060145755512
9.24699999998512,18.529240340793752
9.247999999985117,21.22470395846854
9.248999999985115,20.938985940285583
9.249999999985112,17.712682525868534
9.25099999998511,11.999041009126124
9.251999999985108,4.600268007144198
9.252999999985105,-3.4449428684052537
9.253999999985103,-11.006981161132376
9.2549999999851,-17.02372150939487
9.255999999985098,-20.649655919021203
9.256999999985096,-21.374843128550776
9.257999999985094,-19.096868442636055
9.258999999985091,-14.13552790737031
9.259999999985089,-7.188012589267874
9.260999999985087,0.7691694216744761
9.261999999985084,8.61767872861463
9.262999999985082,15.25475487950154
9.26399999998508,19.748268512777276
9.264999999985077,21.4675560791578
9.265999999985075,20.171714493391825
9.266999999985073,16.043113163541516
9.26799999998507,9.661593725826503
9.268999999985068,1.9230805019122468
9.269999999985066,-6.085999167672023
9.270999999985063,-13.240992294990837
9.271999999985061,-18.536786545647104
9.272999999985059,-21.22902083721538
9.273999999985056,-20.938892937475046
9.274999999985054,-17.70670818446321
9.275999999985052,-11.986464032924367
9.27699999998505,-4.582097420594815
9.277999999985047,3.465661366533026
9.278999999985045,11.025817932311545
9.279999999985042,17.036261123327222
9.28099999998504,20.653024390311227
9.281999999985038,21.36865946098046
9.282999999985035,19.083191948002966
9.283999999985033,14.117868725491459
9.28499999998503,7.1699262487977995
9.285999999985028,-0.7852097607035662
9.286999999985026,-8.630632743051684
9.287999999985024,-15.264537777288977
9.288999999985021,-19.754852224120636
9.28999999998502,-21.47027071851429
9.290999999985017,-20.169231064975467
9.291999999985014,-16.034172292184177
9.292999999985012,-9.646085817801811
9.29399999998501,-1.90283711117814
9.294999999985007,6.107233887937176
9.295999999985005,13.25852985995603
9.296999999985003,18.54652670403714
9.297999999985,21.228860442920958
9.298999999984998,20.92936342158011
9.299999999984996,17.690568787817153
9.300999999984993,11.967490132745368
9.301999999984991,4.563682663822202
9.302999999984989,-3.4814213703433943
9.303999999984987,-11.03819303525022
9.304999999984984,-17.04521930673943
9.305999999984982,-20.658341982630365
9.30699999998498,-21.36942028221011
9.307999999984977,-19.07803591339512
9.308999999984975,-14.105891461031705
9.309999999984973,-7.151720548084111
9.31099999998497,0.8070115351235039
9.311999999984968,8.651729761258219
9.312999999984966,15.280192012933204
9.313999999984963,19.76146707082293
9.31499999998496,21.466601017055837
9.315999999984959,20.156673944542863
9.316999999984956,16.01603704944942
9.317999999984954,9.62623694883513
9.318999999984952,1.884386669555315
9.31999999998495,-6.122584996745625
9.320999999984947,-13.270288527322236
9.321999999984945,-18.554610941273026
9.322999999984942,-21.232791771449463
9.32399999998494,-20.928007274680937
9.324999999984938,-17.682638199812033
9.325999999984935,-11.952557010009508
9.326999999984933,-4.543106007414999
9.32799999998493,3.5042498816637684
9.328999999984928,11.058556286220597
9.329999999984926,17.058509964117125
9.330999999984924,20.66160563682448
9.331999999984921,21.362305213166298
9.332999999984919,19.062728095990007
9.333999999984917,14.086108338402067
9.334999999984914,7.131286254053294
9.335999999984912,-0.8253182704440545
9.33699999998491,-8.666558981108265
9.337999999984907,-15.291187171866401
9.338999999984905,-19.768411818499274
9.339999999984903,-21.468759171546463
9.3409999999849,-20.152791453893716
9.341999999984898,-16.005062511767374
9.342999999984896,-9.608366000621325
9.343999999984893,-1.8617987304673662
9.344999999984891,6.145814459984585
9.345999999984889,13.289205788555753
9.346999999984886,18.564947498640567
9.347999999984884,21.23238427895587
9.348999999984882,20.91743119017209
9.34999999998488,17.664789322069407
9.350999999984877,11.931424823033874
9.351999999984875,4.52235747128361
9.352999999984872,-3.522211894793995
9.35399999998487,-11.072695834016447
9.354999999984868,-17.068535127099988
9.355999999984865,-20.667124760320295
9.356999999984863,-21.362361734226898
9.35799999998486,-19.056062703753657
9.358999999984858,-14.072043747791827
9.359999999984856,-7.110727923415453
9.360999999984854,0.849395681546063
9.361999999984851,8.689539193927443
9.362999999984849,15.308087723792097
9.363999999984847,19.775488009901736
9.364999999984844,21.464721547809944
9.365999999984842,20.1390921309631
9.36699999998484,15.985154865766274
9.367999999984837,9.586334595973527
9.368999999984835,1.8410337761659137
9.369999999984833,-6.163302780453344
9.37099999998483,-13.302622404752823
9.371999999984828,-18.573962601304853
9.372999999984826,-21.236371570565357
9.373999999984823,-20.915240437940312
9.374999999984821,-17.655257599169325
9.375999999984819,-11.91436670763461
9.376999999984816,-4.499448594113055
9.377999999984814,3.5472453113508777
9.378999999984812,11.094837158434883
9.37999999998481,17.082951320198287
9.380999999984807,20.670730070080257
9.381999999984805,21.35477258170153
9.382999999984802,19.039528618781517
9.3839999999848,14.050432961154817
9.384999999984798,7.0880910720323245
9.385999999984795,-0.8699959403960854
9.386999999984793,-8.70644107297677
9.38799999998479,-15.32063677766482
9.388999999984788,-19.783232846285294
9.389999999984786,-21.466798732632252
9.390999999984784,-20.13425602171112
9.391999999984781,-15.97249943699277
9.392999999984779,-9.566311006939829
9.393999999984777,-1.8161395246802334
9.394999999984774,6.188666677237859
9.395999999984772,13.323218044901276
9.39699999998477,18.585312337146924
9.397999999984767,21.236194670292136
9.398999999984765,20.90409070375627
9.399999999984763,17.636102111627135
9.40099999998476,11.891353081181247
9.401999999984758,4.476478179299637
9.402999999984756,-3.567478680703705
9.403999999984753,-11.110982879070713
9.404999999984751,-17.094424494885494
9.405999999984749,-20.676918225888432
9.406999999984746,-21.354613567649473
9.407999999984744,-19.031795584103964
9.408999999984742,-14.034614022406682
9.40999999998474,-7.065358019756024
9.410999999984737,0.8963506960768056
9.411999999984735,8.731485312027678
9.412999999984732,15.339118355370557
9.41399999998473,19.791212634321333
9.414999999984728,21.462882005184163
9.415999999984725,20.119882600716885
9.416999999984723,15.951202332212038
9.41799999998472,9.542342027090447
9.418999999984718,1.793133130372424
9.419999999984716,-6.208401199625499
9.420999999984714,-13.338568526179523
9.421999999984711,-18.595662667989174
9.42299999998471,-21.240714249146336
9.423999999984707,-20.901547122411046
9.424999999984705,-17.625389401471384
9.425999999984702,-11.872470338009455
9.4269999999847,-4.451376554893197
9.427999999984698,3.5947569098069527
9.428999999984695,11.135115134087341
9.429999999984693,17.110321859309163
9.43099999998469,20.681314072888874
9.431999999984688,21.347030468558806
9.432999999984686,19.01448065401849
9.433999999984684,14.011525290486825
9.434999999984681,7.04072491336371
9.435999999984679,-0.9192094804005424
9.436999999984677,-8.750600329190316
9.437999999984674,-15.353517086654591
9.438999999984672,-19.800166924817823
9.43999999998467,-21.46534379150855
9.440999999984667,-20.11454976503563
9.441999999984665,-15.937251029570454
9.442999999984663,-9.52042629553253
9.44399999998466,-1.7660336796928127
9.444999999984658,6.23597030663494
9.445999999984656,13.361073974772168
9.446999999984653,18.60838458026502
9.447999999984651,21.241204372539134
9.448999999984649,20.89027740027677
9.449999999984646,17.605336147713395
9.450999999984644,11.847883805976405
9.451999999984642,4.426351054810534
9.45299999998464,-3.617258335887349
9.453999999984637,-11.15342635311195
9.454999999984635,-17.123541689373603
9.455999999984632,-20.688566819289424
9.45699999998463,-21.34709294391844
9.457999999984628,-19.00609785701753
9.458999999984625,-13.99429350353826
9.459999999984623,-7.016036321232503
9.46099999998462,0.9477731879831393
9.461999999984618,8.777798404172026
9.462999999984616,15.37381344907147
9.463999999984614,19.80939443492467
9.464999999984611,21.461954401594124
9.465999999984609,20.099915160854557
9.466999999984607,15.914927818666762
9.467999999984604,9.494784842170976
9.468999999984602,1.740917869316145
9.4699999999846,-6.257968421175523
9.470999999984597,-13.378520873704822
9.471999999984595,-18.62035376782024
9.472999999984593,-21.246620547764476
9.47399999998459,-20.887775073537476
9.474999999984588,-17.593812106915955
9.475999999984586,-11.827471723949419
9.476999999984583,-4.399238717272796
9.477999999984581,3.6467353534400315
9.478999999984579,11.179643430748014
9.479999999984576,17.141139006012303
9.480999999984574,20.694065358231573
9.481999999984572,21.33987797852312
9.48299999998457,18.988364716376726
9.483999999984567,13.97004139006853
9.484999999984565,6.9896320471047035
9.485999999984562,-0.9727836250514034
9.48699999998456,-8.799150264211786
9.487999999984558,-15.390210667404135
9.488999999984555,-19.81980978394855
9.489999999984553,-21.46511935920395
9.49099999998455,-20.094426936055473
9.491999999984548,-15.89999839732579
9.492999999984546,-9.471229003186192
9.493999999984544,-1.7117672068056413
9.494999999984541,6.287705238100356
9.495999999984539,13.403017601860553
9.496999999984537,18.634634953042514
9.497999999984534,21.248043434754326
9.498999999984532,20.876693022306466
9.49999999998453,17.573169238360798
9.500999999984527,11.801580329129589
9.501999999984525,4.372351601787411
9.502999999984523,-3.671409843183554
9.50399999998452,-11.200134009909865
9.504999999984518,-17.156223942750387
9.505999999984516,-20.702587701708435
9.506999999984513,-21.34042442787344
9.507999999984511,-18.979616166604334
9.508999999984509,-13.951664446141823
9.509999999984506,-6.963204634142977
9.510999999984504,1.0034175354794832
9.511999999984502,8.828457461285346
9.5129999999845,15.412374553967414
9.513999999984497,19.830425962923858
9.514999999984495,21.46246614361656
9.515999999984492,20.079779413766538
9.51699999998449,15.876904018132587
9.517999999984488,9.444143914975744
9.518999999984485,1.6847161040934695
9.519999999984483,-6.311868442852065
9.52099999998448,-13.422548744383521
9.521999999984478,-18.6482965346711
9.522999999984476,-21.25450389241068
9.523999999984474,-20.874433070747152
9.524999999984471,-17.561061490773447
9.52599999998447,-11.779863527494994
9.526999999984467,-4.343421912669118
9.527999999984464,3.7029470328712857
9.528999999984462,11.228368003121695
9.52999999998446,17.175530749084842
9.530999999984457,20.709272912973784
9.531999999984455,21.33372396270085
9.532999999984453,18.961654189000093
9.53399999998445,13.926457172167916
9.534999999984448,6.9352303553551815
9.535999999984446,-1.0304100037013113
9.536999999984443,-8.851928215854047
9.537999999984441,-15.430717416181807
9.538999999984439,-19.84231987427716
9.539999999984436,-21.46641871214451
9.540999999984434,-20.074275713504658
9.541999999984432,-15.861173919140251
9.54299999998443,-9.419140811438655
9.543999999984427,-1.6536989071174988
9.544999999984425,6.343618643946449
9.545999999984423,13.44893100730792
9.54699999998442,18.664092054609778
9.547999999984418,21.256880318708134
9.548999999984416,20.863622302472205
9.549999999984413,17.539965200922595
9.55099999998441,11.752839637811999
9.551999999984409,4.314861074583098
9.552999999984406,-3.729613667173612
9.553999999984404,-11.250885722569576
9.554999999984402,-17.192375664092737
9.5559999999844,-20.719019673707894
9.556999999984397,-21.33477490151148
9.557999999984395,-18.952623985699315
9.558999999984392,-13.90707296793943
9.55999999998439,-6.907239457354674
9.560999999984388,1.062922376730576
9.561999999984385,8.883159635966752
9.562999999984383,15.454593478741433
9.56399999998438,19.854218385721257
9.564999999984378,21.464458186682453
9.565999999984376,20.05964110058224
9.566999999984374,15.837401648911829
9.567999999984371,9.39076264323382
9.568999999984369,1.6249028628444744
9.569999999984367,-6.369739660399747
9.570999999984364,-13.470347777103589
9.571999999984362,-18.679281269301526
9.57299999998436,-21.26427574984866
9.573999999984357,-20.861566003369326
9.574999999984355,-17.527312145644807
9.575999999984353,-11.72993048486863
9.57699999998435,-4.284287668084969
9.577999999984348,3.762997003748514
9.578999999984346,11.280908795407365
9.579999999984343,17.21317934464616
9.580999999984341,20.726721998877025
9.581999999984339,21.32848548649024
9.582999999984336,18.93441100222728
9.583999999984334,13.88097473984875
9.584999999984332,6.877839772174655
9.58599999998433,-1.0916885598882178
9.586999999984327,-8.908502815418293
9.587999999984325,-15.474628758405665
9.588999999984322,-19.867364127832364
9.58999999998432,-21.46902883906325
9.590999999984318,-20.054033549666084
9.591999999984315,-15.8208773960206
9.592999999984313,-9.364415103384038
9.59399999998431,-1.592206819639502
9.594999999984308,6.4032537656707245
9.595999999984306,13.498336177763163
9.596999999984304,18.69631844313583
9.597999999984301,21.267376382387233
9.598999999984299,20.85087229517455
9.599999999984297,17.50570586150601
9.600999999984294,11.701825225683484
9.601999999984292,4.254207766465124
9.60299999998429,-3.791415848774579
9.603999999984287,-11.30515876577569
9.604999999984285,-17.231473005136532
9.605999999984283,-20.737407447447016
9.60699999998428,-21.329820085340348
9.607999999984278,-18.92497464820392
9.608999999984276,-13.86057404051092
9.609999999984273,-6.84839496350605
9.610999999984271,1.1258636346212096
9.611999999984269,8.94136386398046
9.612999999984266,15.499882175898477
9.613999999984264,19.88021473848304
9.614999999984262,21.46748042478962
9.61599999998426,20.039220149891396
9.616999999984257,15.796352375427947
9.617999999984255,9.334798454890942
9.618999999984252,1.5618450821665255
9.61999999998425,-6.431050725207299
9.620999999984248,-13.52129073319008
9.621999999984245,-18.712668019245772
9.622999999984243,-21.275370265435917
9.62399999998424,-20.848760752874444
9.624999999984238,-17.49236317280542
9.625999999984236,-11.67771564186141
9.626999999984234,-4.222121968423593
9.627999999984231,3.8263906405823422
9.628999999984229,11.336626115337774
9.629999999984227,17.253384747382377
9.630999999984224,20.74574686065872
9.631999999984222,21.323622855246224
9.63299999998422,18.906297755329295
9.633999999984217,13.833508896394495
9.634999999984215,6.8176435063593965
9.635999999984213,-1.1561880808206435
9.63699999998421,-8.968249753723578
9.637999999984208,-15.521209790284313
9.638999999984206,-19.894196265454934
9.639999999984203,-21.472294607431675
9.640999999984201,-20.033228149690203
9.641999999984199,-15.778887340447477
9.642999999984196,-9.307115627492294
9.643999999984194,-1.52763549540772
9.644999999984192,6.466028550914064
9.64599999998419,13.550490336456019
9.646999999984187,18.730510750876952
9.647999999984185,21.278777647606802
9.648999999984182,20.837843162955892
9.64999999998418,17.47003046586131
9.650999999984178,11.648468499040588
9.651999999984175,4.190628633299456
9.652999999984173,-3.8563026169863823
9.65399999998417,-11.362230029843285
9.654999999984168,-17.272680911714836
9.655999999984166,-20.75691821237831
9.656999999984164,-21.324844739519513
9.657999999984161,-18.896170921239605
9.65899999998416,-13.811959821589939
9.659999999984157,-6.786784748561912
9.660999999984154,1.1918184808128207
9.661999999984152,9.002393347269011
9.66299999998415,15.547400988613491
9.663999999984147,19.907527188063774
9.664999999984145,21.470719414980014
9.665999999984143,20.01789100806224
9.66699999998414,15.7534070928359
9.667999999984138,9.276229739767475
9.668999999984136,1.4958546912747395
9.669999999984134,-6.495196422961511
9.670999999984131,-13.57456052052636
9.671999999984129,-18.747539429644473
9.672999999984127,-21.28689636808732
9.673999999984124,-20.835276499026914
9.674999999984122,-17.455728080520686
9.67599999998412,-11.623056345769989
9.676999999984117,-4.157110978894336
9.677999999984115,3.8926163322570786
9.678999999984113,11.394751725050417
9.67999999998411,17.29522709332901
9.680999999984108,20.765402814768013
9.681999999984106,21.318297663943046
9.682999999984103,18.876699478626083
9.6839999999841,13.783754907980333
9.684999999984099,6.754691209547932
9.685999999984096,-1.2235094575251393
9.686999999984094,-9.030474086763228
9.687999999984092,-15.569564857984199
9.68899999998409,-19.92184351151598
9.689999999984087,-21.47530107161919
9.690999999984085,-20.01112993043928
9.691999999984082,-15.734761805440654
9.69299999998408,-9.247150699730083
9.693999999984078,-1.4602575888893472
9.694999999984075,6.531342635124583
9.695999999984073,13.60454781824082
9.69699999998407,18.76569486960825
9.697999999984068,21.290116688043078
9.698999999984066,20.823708768867824
9.699999999984064,17.432369480371648
9.700999999984061,11.5925364030311
9.701999999984059,4.124260287871307
9.702999999984057,-3.9237859482446256
9.703999999984054,-11.421327362843455
9.704999999984052,-17.315050126394674
9.70599999998405,-20.776557499818168
9.706999999984047,-21.31894756898146
9.707999999984045,-18.86553023889441
9.708999999984043,-13.760861651196459
9.70999999998404,-6.722405540516776
9.710999999984038,1.2604242261503045
9.711999999984036,9.065569872038383
9.712999999984033,15.59625059790925
9.713999999984031,19.935160540824896
9.714999999984029,21.473222654154974
9.715999999984026,19.994876422978145
9.716999999984024,15.708071855756565
9.717999999984022,9.214914337070146
9.71899999998402,1.4271606777712769
9.719999999984017,-6.561609030369668
9.720999999984015,-13.629330285349038
9.721999999984012,-18.782925129475796
9.72299999998401,-21.297875580645663
9.723999999984008,-20.820262913401212
9.724999999984005,-17.416802753773077
9.725999999984003,-11.565678125166325
9.726999999984,-4.089347110155215
9.727999999983998,3.9612288054183313
9.728999999983996,11.45455065256908
9.729999999983994,17.337785046810584
9.730999999983991,20.784711109888086
9.731999999983989,21.31161021814122
9.732999999983987,18.844920452413216
9.733999999983984,13.731316995647225
9.734999999983982,6.688940772833564
9.73599999998398,-1.2933369610607783
9.736999999983977,-9.094548000379833
9.737999999983975,-15.618843105197588
9.738999999983973,-19.949351642845674
9.73999999998397,-21.47712406804057
9.740999999983968,-19.986973252298636
9.741999999983966,-15.687999266834508
9.742999999983963,-9.18435102644057
9.743999999983961,-1.39025740332088
9.744999999983959,6.598686178879111
9.745999999983956,13.6597464888191
9.746999999983954,18.80096426045629
9.747999999983952,21.300469796926034
9.74899999998395,20.807656919688693
9.749999999983947,17.392134373622373
9.750999999983945,11.533744147411515
9.751999999983942,4.055158758974281
9.75299999998394,-3.9934797473839962
9.753999999983938,-11.481791280464002
9.754999999983935,-17.357742058166266
9.755999999983933,-20.79542598978139
9.75699999998393,-21.31129423987841
9.757999999983928,-18.83239868138359
9.758999999983926,-13.706895151693036
9.759999999983924,-6.655193157569881
9.760999999983921,1.331419349603288
9.761999999983919,9.13034614792319
9.762999999983917,15.64567725864982
9.763999999983914,19.962261793167002
9.764999999983912,21.474157684469077
9.76599999998391,19.9694800241793
9.766999999983907,15.659881574007725
9.767999999983905,9.1506802270544
9.768999999983903,1.3559042567106518
9.7699999999839,-6.629857852148851
9.770999999983898,-13.684943638592843
9.771999999983896,-18.81803741162883
9.772999999983893,-21.307500244846135
9.773999999983891,-20.80300495689805
9.774999999983889,-17.375062814354113
9.775999999983886,-11.50531730310619
9.776999999983884,-4.018860065118351
9.777999999983882,4.031913659660711
9.77899999998388,11.515472001226456
9.779999999983877,17.380351595763358
9.780999999983875,20.80290945131871
9.781999999983872,21.302849817138796
9.78299999998387,18.81039946316368
9.783999999983868,13.675858815748406
9.784999999983865,6.620323445866841
9.785999999983863,-1.3654670820568313
9.78699999998386,-9.160029083224972
9.787999999983859,-15.668429237348672
9.788999999983856,-19.976021320287067
9.789999999983854,-21.477079021241153
9.790999999983852,-19.960183086106667
9.79199999998385,-15.638211845279331
9.792999999983847,-9.118565818400121
9.793999999983845,-1.3177371164939056
9.794999999983842,6.667723726791028
9.79599999998384,13.715569365565775
9.796999999983838,18.835696304144733
9.797999999983835,21.309197614432755
9.798999999983833,20.78912069838412
9.79999999998383,17.348907662986623
9.800999999983828,11.471877997976375
9.801999999983826,3.9833386402507225
9.802999999983824,-4.065148957665225
9.803999999983821,-11.543204654398272
9.804999999983819,-17.400220266254497
9.805999999983817,-20.812945632822927
9.806999999983814,-21.301346471448298
9.807999999983812,-18.796351306130134
9.80899999998381,-13.649804410525572
9.809999999983807,-6.58509125009911
9.810999999983805,1.4046588104913547
9.811999999983803,9.196402039336494
9.8129999999838,15.69523564288095
9.813999999983798,19.988326231477004
9.814999999983796,21.473032403551436
9.815999999983793,19.941290213708058
9.816999999983791,15.60855954578156
9.817999999983789,9.083419301387726
9.818999999983786,1.2821548835332857
9.819999999983784,-6.699712024784195
9.820999999983782,-13.741046420017797
9.82199999998378,-18.852452722167904
9.822999999983777,-21.315338935639808
9.823999999983775,-20.783123532441934
9.824999999983772,-17.330231955282645
9.82599999998377,-11.441834378894997
9.826999999983768,-3.945660602073898
9.827999999983765,4.104518030200676
9.828999999983763,11.577248494266462
9.82999999998376,17.4225875344623
9.830999999983758,20.819637316000104
9.831999999983756,21.291685824662466
9.832999999983754,18.77288026550124
9.833999999983751,13.617230312803644
9.834999999983749,6.548810555703024
9.835999999983747,-1.4398098472665148
9.836999999983744,-9.226728050835387
9.837999999983742,-15.718066930765877
9.83899999998374,-20.001569049220723
9.839999999983737,-21.474896578879253
9.840999999983735,-19.930540962240205
9.841999999983733,-15.585259111719536
9.84299999998373,-9.04974693967502
9.843999999983728,-1.2427409915615435
9.844999999983726,6.738331750356813
9.845999999983723,13.771837226962763
9.846999999983721,18.869685924337528
9.847999999983719,21.3161004711718
9.848999999983716,20.767933785578297
9.849999999983714,17.302577078805285
9.850999999983712,11.406890640630461
9.85199999998371,3.9088178231472526
9.852999999983707,-4.138720030808823
9.853999999983705,-11.605455296473115
9.854999999983702,-17.442355074054273
9.8559999999837,-20.828990818672697
9.856999999983698,-21.28900118318322
9.857999999983695,-18.757320232522524
9.858999999983693,-13.58956210547368
9.85999999998369,-6.5121109378912605
9.860999999983688,1.4801015098026253
9.861999999983686,9.263679132030392
9.862999999983684,15.74486415608663
9.863999999983681,20.01330188302058
9.864999999983679,21.46981355607527
9.865999999983677,19.910296312633495
9.866999999983674,15.554115856955935
9.867999999983672,9.013155641353956
9.86899999998367,1.2059406068009795
9.869999999983667,-6.771150476504608
9.870999999983665,-13.797633871000786
9.871999999983663,-18.88618813722763
9.87299999998366,-21.321430820105334
9.873999999983658,-20.760674493671452
9.874999999983656,-17.28237241479
9.875999999983653,-11.375284583096816
9.876999999983651,-3.8697830026020363
9.877999999983649,4.179040252201436
9.878999999983646,11.639917890279136
9.879999999983644,17.464570129859336
9.880999999983642,20.83500409111783
9.88199999998364,21.278245450298893
9.882999999983637,18.732488548772235
9.883999999983635,13.555534195547056
9.884999999983632,6.474461804160697
9.88599999998363,-1.5163635501537336
9.886999999983628,-9.29470810520925
9.887999999983625,-15.767881225050457
9.888999999983623,-20.026168274924842
9.88999999998362,-21.47077612275735
9.890999999983618,-19.8982436077299
9.891999999983616,-15.52930454978435
9.892999999983614,-8.977996776794924
9.893999999983611,-1.1652898072455322
9.89499999998361,6.810580509360225
9.895999999983607,13.828707498479597
9.896999999983604,18.9031602589355
9.897999999983602,21.321446002106885
9.8989999999836,20.74436707958627
9.899999999983597,17.25337672432296
9.900999999983595,11.33894242116176
9.901999999983593,3.831654805834662
9.90299999998359,-4.214250796795071
9.903999999983588,-11.668715317142215
9.904999999983586,-17.484413735466703
9.905999999983583,-20.843889715592482
9.906999999983581,-21.274602507916647
9.907999999983579,-18.715616075022705
9.908999999983577,-13.52639846080654
9.909999999983574,-6.43636485663269
9.910999999983572,1.5577740093204306
9.91199999998357,9.332345363253499
9.912999999983567,15.794853740601823
9.913999999983565,20.037565648192796
9.914999999983563,21.464912969506514
9.91599999998356,19.87688698418803
9.916999999983558,15.49685907085774
9.917999999983556,8.940070276998311
9.918999999983553,1.1272842471720488
9.91999999998355,-6.84431745693393
9.920999999983549,-13.855002316348054
9.921999999983546,-18.91965458454231
9.922999999983544,-21.32624618713518
9.923999999983542,-20.736121928996194
9.92499999998354,-17.231875380465812
9.925999999983537,-11.305927981300695
9.926999999983535,-3.7913151292632805
9.927999999983532,4.255582190940516
9.92899999998353,11.703762570857517
9.929999999983528,17.506726931209958
9.930999999983525,20.84952539453424
9.931999999983523,21.263061166228823
9.93299999998352,18.689698172970644
9.933999999983518,13.491116717106383
9.934999999983516,6.397443374542475
9.935999999983514,-1.595170080703462
9.936999999983511,-9.364218154587727
9.937999999983509,-15.818297407174091
9.938999999983507,-20.05036415704798
9.939999999983504,-21.46530783272738
9.940999999983502,-19.863843342010345
9.9419999999835,-15.470783395073472
9.942999999983497,-8.903569311012426
9.943999999983495,-1.0854166340753193
9.944999999983493,6.88466685334617
9.94599999998349,13.886583446111807
9.946999999983488,18.93667571684792
9.947999999983486,21.325867756266206
9.948999999983483,20.71904294551467
9.949999999983481,17.201829484156214
9.950999999983479,11.268381035337542
9.951999999983476,3.751969957889306
9.952999999983474,-4.291868970269453
9.953999999983472,-11.733346430595914
9.95499999998347,-17.526944485653104
9.955999999983467,-20.858302439351608
9.956999999983465,-21.258830836800158
9.957999999983462,-18.67184369151772
9.95899999998346,-13.460756327542333
9.959999999983458,-6.358069105804825
9.960999999983455,1.6377205079807626
9.961999999983453,9.402702418998768
9.96299999998345,15.845724333055108
9.963999999983448,20.061785149886244
9.964999999983446,21.459053660188932
9.965999999983444,19.84173941134026
9.966999999983441,15.43732458948345
9.967999999983439,8.86447979360516
9.968999999983437,1.0462365594429583
9.969999999983434,-6.919438053372257
9.970999999983432,-13.913623883341346
9.97199999998343,-18.95350728622145
9.972999999983427,-21.330532953272147
9.973999999983425,-20.710202112874377
9.974999999983423,-17.1793618195068
9.97599999998342,-11.23418188082499
9.976999999983418,-3.7104101895195267
9.977999999983416,4.33427850685825
9.978999999983413,11.769188509725401
9.979999999983411,17.549680360049557
9.980999999983409,20.863954351783264
9.981999999983406,21.246912024624578
9.982999999983404,18.645204924422295
9.983999999983402,13.424492139259414
9.9849999999834,6.318014595771417
9.985999999983397,-1.6762630940213363
9.986999999983395,-9.435581945206458
9.987999999983392,-15.86988563342539
9.98899999998339,-20.074894704871028
9.989999999983388,-21.45929500275327
9.990999999983385,-19.82809647072834
9.991999999983383,-15.41029873034049
9.99299999998338,-8.826829169781913
9.993999999983378,-1.003195485383022
9.994999999983376,6.960819000409694
9.995999999983374,13.945964798379674
9.996999999983371,18.970934625382554
9.997999999983369,21.330173088112286
9.998999999983367,20.69276112677204
9.999999999983364,17.148615545300007
10.000999999983362,11.195671576908323
10.00199999998336,3.66994761050885
10.002999999983357,-4.371697485657305
10.003999999983355,-11.799762357994094
10.004999999983353,-17.57059459064407
10.00599999998335,-20.87301974922012
10.006999999983348,-21.242510136825242
10.007999999983346,-18.626745170431338
10.008999999983343,-13.393192150029998
10.009999999983341,-6.27751658592152
10.010999999983339,1.719952756829697
10.011999999983336,9.475065242882536
10.012999999983334,15.898050230789831
10.013999999983332,20.086713943617468
10.01499999998333,21.45306329218976
10.015999999983327,19.8056398761621
10.016999999983325,15.376147642595209
10.017999999983322,8.786779860209014
10.01899999998332,0.9628986737222788
10.019999999983318,-6.9967194635350864
10.020999999983315,-13.973984819135651
10.021999999983313,-18.988443352412602
10.02299999998331,-21.335101598355514
10.023999999983308,-20.683725777964508
10.024999999983306,-17.125529812811198
10.025999999983304,-11.160534782269599
10.026999999983301,-3.6272796373593694
10.0279999999833,4.415223465966189
10.028999999983297,11.836581687945731
10.029999999983295,17.594053514027102
10.030999999983292,20.87906373010199
10.03199999998329,21.23061247248046
10.032999999983288,18.599751529693812
10.033999999983285,13.356228491791805
10.034999999983283,6.236490566147929
10.03599999998328,-1.759623113569526
10.036999999983278,-9.509076978499099
10.037999999983276,-15.923180416331302
10.038999999983274,-20.10047593203768
10.039999999983271,-21.453534802276828
10.040999999983269,-19.79177024724087
10.041999999983267,-15.348481612459235
10.042999999983264,-8.74818447813877
10.043999999983262,-0.9187563027772161
10.04499999998326,7.03920147937683
10.045999999983257,14.007285865048996
10.046999999983255,19.006579109950863
10.047999999983253,21.335121558619672
10.04899999998325,20.666292579120356
10.049999999983248,17.094410401520808
10.050999999983246,11.121301256530343
10.051999999983243,3.5858206926182623
10.052999999983241,-4.453787918617018
10.053999999983239,-11.86828972565711
10.054999999983236,-17.615918248681997
10.055999999983234,-20.888744835580233
10.056999999983232,-21.226394089854665
10.05799999998323,-18.581020101772168
10.058999999983227,-13.324255306144957
10.059999999983225,-6.1950320324207615
10.060999999983222,1.804413315413708
10.06199999998322,9.549648980640777
10.062999999983218,15.952286743241238
10.063999999983215,20.11298224053636
10.064999999983213,21.447658248998867
10.06599999998321,19.769291261962405
10.066999999983208,15.313920902969556
10.067999999983206,8.707372531078196
10.068999999983204,0.8774288477554931
10.069999999983201,-7.076266149785251
10.070999999983199,-14.03643478204684
10.071999999983197,-19.025006545134715
10.072999999983194,-21.34061281214171
10.073999999983192,-20.65737826945704
10.07499999998319,-17.070994912050697
10.075999999983187,-11.085448857053509
10.076999999983185,-3.5421708964392913
10.077999999983183,4.49841540641487
10.07899999998318,11.906183028554608
10.079999999983178,17.640293459184853
10.080999999983176,20.895442525492918
10.081999999983173,21.214810690107814
10.082999999983171,18.553955729323278
10.083999999983169,13.2868289972915
10.084999999983166,6.153192923853952
10.085999999983164,-1.8451512028621246
10.086999999983162,-9.584836972020199
10.08799999998316,-15.978526076518307
10.088999999983157,-20.127612283621122
10.089999999983155,-21.44862030892175
10.090999999983152,-19.75546403627519
10.09199999998315,-15.285855950826363
10.092999999983148,-8.668013708352383
10.093999999983145,-0.8322832374905144
10.094999999983143,7.119845970470177
10.09599999998314,14.070785879287316
10.096999999983138,19.044019589636413
10.097999999983136,21.341235821624075
10.098999999983134,20.64019913689399
10.099999999983131,17.03973814739724
10.100999999983129,11.04568619685718
10.101999999983127,3.4998432280229173
10.102999999983124,-4.538079352188564
10.103999999983122,-11.939064908692476
10.10499999998312,-17.663226524072034
10.105999999983117,-20.905917737979294
10.106999999983115,-21.21098961230828
10.107999999983113,-18.535172579501207
10.10899999998311,-13.254379362350617
10.109999999983108,-6.110921860189242
10.110999999983106,1.8909611007770297
10.111999999983103,9.626492929123074
10.112999999983101,16.00864401226192
10.113999999983099,20.140938811384974
10.114999999983096,21.443275942660975
10.115999999983094,19.733159039065903
10.116999999983092,15.25107513163476
10.11799999998309,8.626597379301558
10.118999999983087,0.7900326648944876
10.119999999983085,-7.158030307562892
10.120999999983082,-14.10108589532077
10.12199999998308,-19.063449772931957
10.122999999983078,-21.34742303408283
10.123999999983075,-20.631569681817794
10.124999999983073,-17.016165359852785
10.12599999998307,-11.009276868538233
10.126999999983068,-3.4553365201432245
10.127999999983066,4.583732205808956
10.128999999983064,11.97801303624992
10.129999999983061,17.68855647394589
10.13099999998306,20.91335840374199
10.131999999983057,21.19984758121087
10.132999999983054,18.50818519890537
10.133999999983052,13.216639664416983
10.13499999998305,6.068401970073814
10.135999999983047,-1.932666851295054
10.136999999983045,-9.6628012806183
10.137999999983043,-16.035985824514714
10.13899999998304,-20.156478814006675
10.139999999983038,-21.444812542716615
10.140999999983036,-19.719488901203874
10.141999999983033,-15.222741830429484
10.142999999983031,-8.58660523398401
10.143999999983029,-0.7439976374204368
10.144999999983026,7.202623810106926
10.145999999983024,14.136442014803103
10.146999999983022,19.083338556242996
10.14799999998302,21.348690084688357
10.148999999983017,20.6147222304121
10.149999999983015,16.984875501516566
10.150999999983013,10.969103246885837
10.15199999998301,3.412258243064402
10.152999999983008,-4.624391246934463
10.153999999983006,-12.011989969484276
10.154999999983003,-17.712513559222298
10.155999999983,-20.92462279278377
10.156999999982999,-21.196458630664456
10.157999999982996,-18.489420673126542
10.158999999982994,-13.1838110664977
10.159999999982992,-6.025431422170047
10.16099999998299,1.979381256692826
10.161999999982987,9.705437518711388
10.162999999982985,16.06703549691482
10.163999999982982,20.17057898949743
10.16499999998298,21.439992741758928
10.165999999982978,19.69739040996772
10.166999999982975,15.187810160660675
10.167999999982973,8.54468287318076
10.16899999998297,0.7009402501129162
10.169999999982968,-7.241807045738342
10.170999999982966,-14.167782287631296
10.171999999982964,-19.103684224924454
10.172999999982961,-21.355520813189674
10.173999999982959,-20.60636733417934
10.174999999982957,-16.96117958604107
10.175999999982954,-10.932212440836345
10.176999999982952,-3.3670028860734473
10.17799999998295,4.670941215059211
10.178999999982947,12.051860333538036
10.179999999982945,17.73867789581913
10.180999999982943,20.9327137679046
10.18199999998294,21.185705389403466
10.182999999982938,18.462505548681417
10.183999999982936,13.145803101681546
10.184999999982933,5.982321541855887
10.185999999982931,-2.0219285475538102
10.186999999982929,-9.742719460953724
10.187999999982926,-16.09533090311279
10.188999999982924,-20.18689728040018
10.189999999982922,-21.442007218318995
10.19099999998292,-19.683829488236952
10.191999999982917,-15.159217168130091
10.192999999982915,-8.504123015288142
10.193999999982912,-0.6541311963130361
10.19499999998291,7.287263055048237
10.195999999982908,14.203975578152649
10.196999999982905,19.124286019026716
10.197999999982903,21.357295985819427
10.1989999999829,20.58976118956157
10.199999999982898,16.929825065392166
10.200999999982896,10.891660975082884
10.201999999982894,3.3232692692030166
10.202999999982891,-4.712448865138609
10.203999999982889,-12.086752814427054
10.204999999982887,-17.763469754143838
10.205999999982884,-20.94459369371774
10.206999999982882,-21.18261451228047
10.20799999998288,-18.44368439595062
10.208999999982877,-13.112590725406621
10.209999999982875,-5.93871936777478
10.210999999982873,2.0694145972224365
10.21199999998287,9.786154814730777
10.212999999982868,16.127106455200444
10.213999999982866,20.201567988778738
10.214999999982863,21.43753924007099
10.215999999982861,19.66181925473398
10.216999999982859,15.12408819205574
10.217999999982856,8.461727930828864
10.218999999982854,0.6103773681381897
10.219999999982852,-7.327271069154843
10.22099999998285,-14.236140674108503
10.221999999982847,-19.145319129833684
10.222999999982845,-21.36456071436724
10.223999999982842,-20.581519116122056
10.22499999998284,-16.90591526636006
10.225999999982838,-10.854282676063962
10.226999999982835,-3.2773462188687343
10.227999999982833,4.75973779256797
10.22899999998283,12.127330625555047
10.229999999982828,17.79022570450322
10.230999999982826,20.95309713290408
10.231999999982824,21.17204988829264
10.232999999982821,18.416707153766577
10.233999999982819,13.07426551848921
10.234999999982817,5.895064148883684
10.235999999982814,-2.1126696729414594
10.236999999982812,-9.82420443204583
10.23799999998281,-16.156104673318026
10.238999999982807,-20.218402968739213
10.239999999982805,-21.43979532147603
10.240999999982803,-19.648189772863805
10.2419999999828,-15.0951416789018
10.242999999982798,-8.42060452047226
10.243999999982796,-0.562896978868691
10.244999999982793,7.373401510892118
10.245999999982791,14.272922784023729
10.246999999982789,19.1663589858148
10.247999999982786,21.366580154285533
10.248999999982784,20.564938095571588
10.249999999982782,16.87435802048291
10.25099999998278,10.813313487190577
10.251999999982777,3.2330223283236457
10.252999999982775,-4.801931741190741
10.253999999982772,-12.162900444176573
10.25499999998277,-17.815570461863704
10.255999999982768,-20.965305820249565
10.256999999982765,-21.169005311770764
10.257999999982763,-18.397648009279116
10.25899999998276,-13.040584258046426
10.259999999982758,-5.8508540786544785
10.260999999982756,2.1607973344006886
10.261999999982754,9.868219910973433
10.262999999982751,16.18832794495451
10.26399999998275,20.23334503409477
10.264999999982747,21.435400276229206
10.265999999982744,19.626047990007528
10.266999999982742,15.059685616332958
10.26799999998274,8.377715716355329
10.268999999982737,0.5185383369762765
10.269999999982735,-7.414041853072029
10.270999999982733,-14.30564542040144
10.27199999998273,-19.18777412822937
10.272999999982728,-21.373977699174965
10.273999999982726,-20.556553947689217
10.274999999982724,-16.850061529454212
10.275999999982721,-10.775381424637969
10.276999999982719,-3.1864814707624887
10.277999999982717,4.849800158103655
10.278999999982714,12.203938490299766
10.279999999982712,17.842617138894983
10.28099999998271,20.97390874505353
10.281999999982707,21.158347616461867
10.282999999982705,18.370397468538453
10.283999999982703,13.001830773586994
10.2849999999827,5.806658535232162
10.285999999982698,-2.2046392752524193
10.286999999982696,-9.90681669033191
10.287999999982693,-16.21773920504259
10.28899999998269,-20.25037787535348
10.289999999982689,-21.437594519289735
10.290999999982686,-19.61210429827668
10.291999999982684,-15.030232089216298
10.292999999982682,-8.335988874384306
10.29399999998268,-0.4704659008516319
10.294999999982677,7.460659348838088
10.295999999982675,14.342746981500683
10.296999999982672,19.208938132645372
10.29799999998267,21.375926531847014
10.298999999982668,20.53972592726588
10.299999999982665,16.81811000865637
10.300999999982663,10.733910247992782
10.30199999998266,3.141602190345009
10.302999999982658,-4.892531076753783
10.303999999982656,-12.23994257432873
10.304999999982654,-17.86821184871973
10.305999999982651,-20.986125683999507
10.306999999982649,-21.15505605075828
10.307999999982647,-18.350875174444592
10.308999999982644,-12.967554859726095
10.309999999982642,-5.761831417146613
10.31099999998264,2.253300221385215
10.311999999982637,9.951202001182265
10.312999999982635,16.250127545423737
10.313999999982633,20.265275797252748
10.31499999998263,21.432967958012657
10.315999999982628,19.589579801600156
10.316999999982626,14.994285816100797
10.317999999982623,8.292553755271081
10.318999999982621,0.4255674743146122
10.319999999982619,-7.501758676540015
10.320999999982616,-14.375769946396233
10.321999999982614,-19.230430381273468
10.322999999982612,-21.3831470123949
10.32399999998261,-20.530928161806468
10.324999999982607,-16.793231313060698
10.325999999982605,-10.695331738752909
10.326999999982602,-3.094465891316925
10.3279999999826,4.940845497799357
10.328999999982598,12.281215606991681
10.329999999982595,17.89526417222748
10.330999999982593,20.99452315190174
10.33199999998259,21.144022913861075
10.332999999982588,18.323130584527902
10.333999999982586,12.928244269264551
10.334999999982584,5.717076045699946
10.335999999982581,-2.2976370900883722
10.336999999982579,-9.99015600802115
10.337999999982577,-16.27969100624422
10.338999999982574,-20.282211634419944
10.339999999982572,-21.4348128884338
10.34099999998257,-19.57508186837276
10.341999999982567,-14.964165714628493
10.342999999982565,-8.250165810275394
10.343999999982563,-0.37695415303285956
10.34499999998256,7.548711526988176
10.345999999982558,14.41296087806171
10.346999999982556,19.251442823664785
10.347999999982553,21.38474259022361
10.348999999982551,20.513602804222277
10.349999999982549,16.760701896204022
10.350999999982546,10.653266536481766
10.351999999982544,3.0490427183377173
10.352999999982542,-4.984000910509974
10.35399999998254,-12.317457137418089
10.354999999982537,-17.920855970582593
10.355999999982535,-21.006475317048103
10.356999999982532,-21.1402294907083
10.35799999998253,-18.302943724160755
10.358999999982528,-12.89325305304926
10.359999999982525,-5.6716076116627825
10.360999999982523,2.346757279478906
10.36199999998252,10.034750564299987
10.362999999982518,16.312020846411006
10.363999999982516,20.296810753592705
10.364999999982514,21.429704759925407
10.365999999982511,19.55196376756972
10.366999999982509,14.92758618406899
10.367999999982507,8.206128103337804
10.368999999982504,0.33155309718561227
10.369999999982502,-7.5901456970208985
10.3709999999825,-14.446091555559981
10.371999999982497,-19.27277894956286
10.372999999982495,-21.391545313938
10.373999999982493,-20.504176924979024
10.37499999998249,-16.735082081765157
10.375999999982488,-10.613959285327372
10.376999999982486,-3.0013152118933046
10.377999999982483,5.0326729100738925
10.378999999982481,12.358806495840506
10.379999999982479,17.947708404722903
10.380999999982476,21.014444250006587
10.381999999982474,21.1286114531377
10.382999999982472,18.274537938590953
10.38399999998247,12.853282860937153
10.384999999982467,5.626267572259361
10.385999999982465,-2.3915342620809135
10.386999999982462,-10.073936472238127
10.38799999998246,-16.341559510443997
10.388999999982458,-20.313446643093872
10.389999999982455,-21.431000318168863
10.390999999982453,-19.53674218417644
10.39199999998245,-14.896683532758981
10.392999999982449,-8.163031221392458
10.393999999982446,-0.2824240050216837
10.394999999982444,7.637341291588993
10.395999999982442,14.483226373246607
10.39699999998244,19.293462960463152
10.397999999982437,21.39260459220089
10.398999999982435,20.486190401193493
10.399999999982432,16.701852262784552
10.40099999998243,10.57123474827068
10.401999999982428,2.955347616192035
10.402999999982425,-5.076190171532402
10.403999999982423,-12.395170039882355
10.40499999998242,-17.973146595023053
10.405999999982418,-21.025967681562506
10.406999999982416,-21.124162163635738
10.407999999982414,-18.253563522580183
10.408999999982411,-12.817500361676768
10.409999999982409,-5.580137683835704
10.410999999982407,2.4410772622070223
10.411999999982404,10.118654399222011
10.412999999982402,16.373709193083872
10.4139999999824,20.32760756251516
10.414999999982397,21.425273281600443
10.415999999982395,19.512913993976664
10.416999999982393,14.859390398040734
10.41799999998239,8.118356504078385
10.418999999982388,0.23653491504239008
10.419999999982386,-7.679050538029449
10.420999999982383,-14.516369874998068
10.421999999982381,-19.31452757664122
10.422999999982379,-21.398870606938004
10.423999999982376,-20.47603058979218
10.424999999982374,-16.675412698716972
10.425999999982372,-10.531156824086095
10.42699999998237,-2.9070275299768586
10.427999999982367,5.125182567582294
10.428999999982365,12.436527211239435
10.429999999982362,17.99971041441284
10.43099999998236,21.033412398022357
10.431999999982358,21.111870062211587
10.432999999982355,18.224425756598958
10.433999999982353,12.776826877082367
10.43499999998235,5.534200897171423
10.435999999982348,-2.486274957464046
10.436999999982346,-10.15802589162715
10.437999999982344,-16.40315797143665
10.438999999982341,-20.343869991600652
10.439999999982339,-21.425948418215597
10.440999999982337,-19.496909925603333
10.441999999982334,-14.82766579918251
10.442999999982332,-8.074534533224272
10.44399999998233,-0.1868972761607921
10.444999999982327,7.726461487691802
10.445999999982325,14.55340677015828
10.446999999982323,19.334834122161585
10.44799999998232,21.399344807805036
10.448999999982318,20.45734107767547
10.449999999982316,16.641452672984872
10.450999999982313,10.487758022364106
10.451999999982311,2.8605158771533645
10.452999999982309,-5.169047909433736
10.453999999982306,-12.472989337971736
10.454999999982304,-18.024966742162444
10.455999999982302,-21.04447904314743
10.4569999999823,-21.106741358300084
10.457999999982297,-18.202647602977564
10.458999999982295,-12.740245318395514
10.459999999982292,-5.4874094318355455
10.46099999998229,2.5362353716235604
10.461999999982288,10.20285913122217
10.462999999982285,16.43511962481029
10.463999999982283,20.357587230175824
10.46499999998228,21.419600532252883
10.465999999982278,19.472373196375983
10.466999999982276,14.7896629667017
10.467999999982274,8.029227148384884
10.468999999982271,0.14052265780871906
10.469999999982269,-7.768447275885208
10.470999999982267,-14.58657002940416
10.471999999982264,-19.355640055274158
10.472999999982262,-21.405091900692096
10.47399999998226,-20.446467738695553
10.474999999982257,-16.614212877857888
10.475999999982255,-10.446923951878492
10.476999999982253,-2.8116088288408134
10.47799999998225,5.218366853001716
10.478999999982248,12.51437329635654
10.479999999982246,18.051272553547793
10.480999999982243,21.051438334989054
10.481999999982241,21.093816897123332
10.482999999982239,18.17281616584727
10.483999999982236,12.698897111298459
10.484999999982234,5.440889372182571
10.485999999982232,-2.581858873704059
10.48699999998223,-10.24244081194425
10.487999999982227,-16.464520718596017
10.488999999982225,-20.37353128220978
10.489999999982222,-21.419716143113803
10.49099999998222,-19.455644763224445
10.491999999982218,-14.757162822399575
10.492999999982215,-7.984706836602722
10.493999999982213,-0.09037799027438388
10.49499999998221,7.816099407456137
10.495999999982208,14.623560215832514
10.496999999982206,19.37563974183673
10.497999999982204,21.405061712918222
10.498999999982201,20.42715468380956
10.4999999999822,16.579589169840087
10.500999999982197,10.402894206092638
10.501999999982194,2.76456590637902
10.502999999982192,-5.26260124822272
10.50399999998219,-12.550987270715204
10.504999999982187,-18.07642644025146
10.505999999982185,-21.062143625147154
10.506999999982183,-21.08810729130011
10.50799999998218,-18.15032184490989
10.508999999982178,-12.661579966467677
10.509999999982176,-5.393465401899425
10.510999999982173,2.632247788294949
10.511999999982171,10.287440711070143
10.512999999982169,16.49638011384356
10.513999999982166,20.386913902596156
10.514999999982164,21.41286483255325
10.515999999982162,19.430508683192212
10.51699999998216,14.718535388373978
10.517999999982157,7.9388149944835815
10.518999999982155,0.043521316553330025
10.519999999982153,-7.8584047190187905
10.52099999998215,-14.656827893413414
10.521999999982148,-19.396302572708823
10.522999999982146,-21.4104209611959
10.523999999982143,-20.415696293575113
10.52499999998214,-16.55165669028039
10.525999999982139,-10.361374643349691
10.526999999982136,-2.715094455642074
10.527999999982134,5.3122768967747485
10.528999999982132,12.592478019892598
10.52999999998213,18.102593919985285
10.530999999982127,21.068760680061903
10.531999999982125,21.074697278826427
10.532999999982122,18.11992639583947
10.53399999998212,12.619650890980074
10.534999999982118,5.34640625967672
10.535999999982115,-2.678309639140701
10.536999999982113,-10.327301086299641
10.53799999998211,-16.525849403015133
10.538999999982108,-20.40268747910395
10.539999999982106,-21.412580706412935
10.540999999982104,-19.413205317195125
10.541999999982101,-14.685377470088861
10.542999999982099,-7.89366512696435
10.543999999982097,0.007121335398988834
10.544999999982094,7.906351176900018
10.545999999982092,14.69388028208379
10.54699999998209,19.41614553907508
10.547999999982087,21.410057086790374
10.548999999982085,20.39592710442985
10.549999999982083,16.51650978452183
10.55099999998208,10.3168074857677
10.551999999982078,2.667553253680177
10.552999999982076,-5.356913137766155
10.553999999982073,-12.629338553356387
10.554999999982071,-18.12778950088362
10.555999999982069,-21.079278670317972
10.556999999982066,-21.068586809465973
10.557999999982064,-18.09687678462799
10.558999999982062,-12.581717000971588
10.55999999998206,-5.298409256225858
10.560999999982057,2.7291361541878767
10.561999999982055,10.372544902869251
10.562999999982052,16.55774182038991
10.56399999998205,20.415910267228355
10.564999999982048,21.405415971418854
10.565999999982045,19.387648507617882
10.566999999982043,14.646267580777883
10.56799999998204,7.847274448051833
10.568999999982038,-0.05444318414625448
10.569999999982036,-7.949030578509296
10.570999999982034,-14.727371226155286
10.571999999982031,-19.43683231394018
10.572999999982029,-21.415220870799686
10.573999999982027,-20.384074790906315
10.574999999982024,-16.48804779813624
10.575999999982022,-10.274714559549583
10.57699999998202,-2.6175622894715196
10.577999999982017,5.406974713594065
10.578999999982015,12.671035862079394
10.579999999982013,18.15397536174917
10.58099999998201,21.08574539637616
10.581999999982008,21.05489156108669
10.582999999982006,18.06609805784749
10.583999999982003,12.53934299585531
10.584999999982001,5.250883253874
10.585999999981999,-2.775637896708274
10.586999999981996,-10.412759136773234
10.587999999981994,-16.587417816881857
10.588999999981992,-20.431696228190802
10.58999999998199,-21.404934141748925
10.590999999981987,-19.369963454861765
10.591999999981985,-14.612609414401925
10.592999999981982,-7.801594678826051
10.59399999998198,0.10555623727046921
10.594999999981978,7.9973199896524365
10.595999999981975,14.764604050396658
10.596999999981973,19.45668994094841
10.59799999998197,21.414723874705604
10.598999999981968,20.364051200698412
10.599999999981966,16.452552537528454
10.600999999981964,10.229733790955923
10.601999999981961,2.569578636705617
10.602999999981959,-5.4520324089357715
10.603999999981957,-12.708235083278607
10.604999999981954,-18.1793644589943
10.605999999981952,-21.096266632088586
10.60699999998195,-21.048583209158338
10.607999999981947,-18.042680514811153
10.608999999981945,-12.500938102696932
10.609999999981943,-5.202397038436744
10.61099999998194,2.8268918249924546
10.611999999981938,10.458311714562996
10.612999999981936,16.619473967035358
10.613999999981933,20.44493734507441
10.614999999981931,21.397656598959507
10.615999999981929,19.34418103083285
10.616999999981926,14.573179747266044
10.617999999981924,7.75481323171955
10.618999999981922,-0.1533042314109215
10.61999999998192,-8.04040834089181
10.620999999981917,-14.798421761875623
10.621999999981915,-19.477558265461965
10.622999999981912,-21.41988207965419
10.62399999998191,-20.35200095383896
10.624999999981908,-16.423736144280785
10.625999999981905,-10.187197586235873
10.626999999981903,-2.5191353366812503
10.6279999999819,5.502484754067364
10.628999999981898,12.750214823987823
10.629999999981896,18.20570465775133
10.630999999981894,21.102759782146002
10.631999999981891,21.034795476585916
10.63299999998189,18.01170054529767
10.633999999981887,12.458265627801076
10.634999999981884,5.154495453530142
10.635999999981882,-2.873809165393363
10.63699999998188,-10.498925069337814
10.637999999981878,-16.649464653442887
10.638999999981875,-20.460891178943545
10.639999999981873,-21.39715854719294
10.64099999998187,-19.32629683753933
10.641999999981868,-14.53917995230702
10.642999999981866,-7.708716610368494
10.643999999981864,0.20483548894015227
10.644999999981861,8.089056122834844
10.645999999981859,14.835915342906139
10.646999999981857,19.49756403515721
10.647999999981854,21.419419603948764
10.648999999981852,20.33190132121468
10.64999999998185,16.388057104603753
10.650999999981847,10.141931861360504
10.651999999981845,2.4707851381085435
10.652999999981843,-5.547950161574183
10.65399999998184,-12.787802097340998
10.654999999981838,-18.231392272326513
10.655999999981836,-21.113430118716092
10.656999999981833,-21.02845585532716
10.657999999981831,-17.988079700299735
10.658999999981829,-12.419530035260028
10.659999999981826,-5.105617103082273
10.660999999981824,2.9254494922714436
10.661999999981822,10.544806431549272
10.66299999998182,16.68176205504085
10.663999999981817,20.474274184717334
10.664999999981815,21.389920203746456
10.665999999981812,19.300448143363763
10.66699999998181,14.499575593168489
10.667999999981808,7.661656092957363
10.668999999981805,-0.2529455209220769
10.669999999981803,-8.132544494080102
10.6709999999818,-14.870106265046159
10.671999999981798,-19.518708677703636
10.672999999981796,-21.424702047325948
10.673999999981794,-20.31980026217279
10.674999999981791,-16.359030840533123
10.675999999981789,-10.099074940883495
10.676999999981787,-2.4199738388034304
10.677999999981784,5.598758036327704
10.678999999981782,12.830082120838057
10.67999999998178,18.257954388318137
10.680999999981777,21.12005690766226
10.681999999981775,21.014707270228328
10.682999999981773,17.957036475211314
10.68399999998177,12.37668508784108
10.684999999981768,5.057437745383218
10.685999999981766,-2.9727248697816324
10.686999999981763,-10.585808169952093
10.687999999981761,-16.712103971482836
10.688999999981759,-20.490474129086525
10.689999999981756,-21.389515022298674
10.690999999981754,-19.282490039725317
10.691999999981752,-14.465358837440524
10.69299999998175,-7.6152502444573855
10.693999999981747,0.3048184261964857
10.694999999981745,8.181514799224747
10.695999999981742,14.907869423554827
10.69699999998174,19.538913922567136
10.697999999981738,21.424360155206333
10.698999999981735,20.299733268096183
10.699999999981733,16.32328469974993
10.70099999998173,10.053633827646262
10.701999999981728,2.3713458709293564
10.702999999981726,-5.644573843345167
10.703999999981724,-12.868038124504253
10.704999999981721,-18.283960926755963
10.705999999981719,-21.130933294252667
10.706999999981717,-21.008422154258426
10.707999999981714,-17.93331560314478
10.708999999981712,-12.337726050457041
10.70999999998171,-5.008264547756727
10.710999999981707,3.0246767547886764
10.711999999981705,10.631975230532577
10.712999999981703,16.744636202328277
10.7139999999817,20.504029246046596
10.714999999981698,21.38237801457405
10.715999999981696,19.256660547128554
10.716999999981693,14.425677457701353
10.717999999981691,7.568008306831394
10.718999999981689,-0.3532047284432927
10.719999999981686,-8.225339516859652
10.720999999981684,-14.942399466240307
10.721999999981682,-19.56033432984023
10.72299999998168,-21.42979974100118
10.723999999981677,-20.287643557645445
10.724999999981675,-16.294132071294502
10.725999999981672,-10.01055036227505
10.72699999998167,-2.3202593479337614
10.727999999981668,5.695657664563354
10.728999999981665,12.910561968604407
10.729999999981663,18.310718393635792
10.73099999998166,21.137699911543805
10.731999999981658,20.99475043673778
10.732999999981656,17.90227341835068
10.733999999981654,12.294791552925775
10.734999999981651,4.959898983932374
10.735999999981649,-3.072220895751735
10.736999999981647,-10.673289123669683
10.737999999981644,-16.77527556168942
10.738999999981642,-20.52045086424922
10.73999999998164,-21.382074068091416
10.740999999981637,-19.238669068527464
10.741999999981635,-14.391311635955187
10.742999999981633,-7.5213800169113
10.74399999998163,0.4053246217716402
10.744999999981628,8.274541867035168
10.745999999981626,14.98035736484746
10.746999999981623,19.58068924255887
10.747999999981621,21.429559872560926
10.748999999981619,20.267624298646567
10.749999999981616,16.258366000645978
10.750999999981614,9.965007741250192
10.751999999981612,2.2714455898460995
10.75299999998161,-5.741724803205191
10.753999999981607,-12.948792802962798
10.754999999981605,-18.336967207104266
10.755999999981602,-21.148733283705024
10.7569999999816,-20.988505421654878
10.757999999981598,-17.878475429556463
10.758999999981596,-12.255666974164226
10.759999999981593,-4.910516742020858
10.76099999998159,3.124381554235979
10.761999999981589,10.719635346916656
10.762999999981586,16.807946089534294
10.763999999981584,20.534104071523206
10.764999999981582,21.37499662782644
10.76599999998158,19.212855099185308
10.766999999981577,14.351588878738799
10.767999999981575,7.47402800336483
10.768999999981572,-0.4538883801662347
10.76999999998157,-8.318588717478011
10.770999999981568,-15.015111501208509
10.771999999981565,-19.602284868438637
10.772999999981563,-21.435084441134663
10.77399999998156,-20.255512617026252
10.774999999981558,-16.22909787509445
10.775999999981556,-9.921752113575078
10.776999999981554,-2.220175063615796
10.777999999981551,5.792968270599503
10.778999999981549,12.991434285389856
10.779999999981547,18.363800546586383
10.780999999981544,21.15554278548769
10.781999999981542,20.97484926259316
10.78299999998154,17.847417354949016
10.783999999981537,12.212673607523108
10.784999999981535,4.862040400405658
10.785999999981533,-3.1720831481913945
10.78699999998153,-10.761128208345578
10.787999999981528,-16.83874533751209
10.788999999981526,-20.550624160659357
10.789999999981523,-21.374702346328682
10.790999999981521,-19.194783571930035
10.791999999981519,-14.317079410935838
10.792999999981516,-7.427234780814692
10.793999999981514,0.5061529026967397
10.794999999981512,8.367889337502175
10.79599999998151,15.053116694249804
10.796999999981507,19.622647998737378
10.797999999981505,21.43483017321781
10.798999999981502,20.235465674120555
10.7999999999815,16.19328832535717
10.800999999981498,9.876140554751963
10.801999999981495,2.17126106024725
10.802999999981493,-5.839158648653923
10.80399999998149,-13.02978592089698
10.804999999981488,-18.390132393276897
10.805999999981486,-21.166590706320722
10.806999999981484,-20.968538847728432
10.807999999981481,-17.823488923678596
10.808999999981479,-12.173390377065138
10.809999999981477,-4.812515857388414
10.810999999981474,3.224334676233313
10.811999999981472,10.807500278824067
10.81299999998147,16.871386033133458
10.813999999981467,20.564215189617112
10.814999999981465,21.367553858246147
10.815999999981463,19.168902261533898
10.81699999998146,14.277292175718946
10.817999999981458,7.379813565536605
10.818999999981456,-0.5547936721400064
10.819999999981453,-8.412011040215793
10.820999999981451,-15.08792040772
10.821999999981449,-19.644240990084683
10.822999999981446,-21.440283383825268
10.823999999981444,-20.223219361978874
10.824999999981442,-16.163851914620885
10.82599999998144,-9.83272765841577
10.826999999981437,-2.119887426446727
10.827999999981435,5.89042572428478
10.828999999981432,13.072372298534814
10.82999999998143,18.416855593927792
10.830999999981428,21.173269101978793
10.831999999981425,20.954760106657577
10.832999999981423,17.79233192493391
10.83399999998142,12.130322302606782
10.834999999981418,4.763983242001074
10.835999999981416,-3.272075361562217
10.836999999981414,-10.849005414743406
10.837999999981411,-16.90215278850299
10.838999999981409,-20.5806423679919
10.839999999981407,-21.36710577068833
10.840999999981404,-19.150638305238413
10.841999999981402,-14.242593795589235
10.8429999999814,-7.332883804102081
10.843999999981397,0.6071045673600274
10.844999999981395,8.46125529472905
10.845999999981393,15.125783066312366
10.84699999998139,19.66441325461277
10.847999999981388,21.439833596470464
10.848999999981386,20.203006499528893
10.849999999981383,16.12792286950584
10.850999999981381,9.787044465941452
10.851999999981379,2.0709449919250007
10.852999999981376,-5.936602164030506
10.853999999981374,-13.110660673488846
10.854999999981372,-18.443064929024835
10.85599999998137,-21.1841333139798
10.856999999981367,-20.948221287547476
10.857999999981365,-17.76816834291863
10.858999999981362,-12.090848760321723
10.85999999998136,-4.714362173549117
10.860999999981358,3.32430101820724
10.861999999981355,10.895231882960875
10.862999999981353,16.93456115996776
10.86399999998135,20.593965486787084
10.864999999981348,21.359705488354614
10.865999999981346,19.124558823784394
10.866999999981344,14.202679486119449
10.867999999981341,7.285408179962251
10.86899999998134,-0.6557316063625745
10.869999999981337,-8.505297241822202
10.870999999981334,-15.160439136200502
10.871999999981332,-19.685791316010967
10.87299999998133,-21.44501796738197
10.873999999981327,-20.19047075092951
10.874999999981325,-16.09822778534221
10.875999999981323,-9.743460823556097
10.87699999998132,-2.019533250191327
10.877999999981318,5.987758765783811
10.878999999981316,13.15300762707353
10.879999999981314,18.469469000517243
10.880999999981311,21.190475718048656
10.881999999981309,20.934147339303195
10.882999999981307,17.736795875292263
10.883999999981304,12.047661801310383
10.884999999981302,4.665807928215519
10.8859999999813,-3.3719717831876213
10.886999999981297,-10.936580866717804
10.887999999981295,-16.965091090985748
10.888999999981293,-20.610088292522928
10.88999999998129,-21.35891486461288
10.890999999981288,-19.105962993046727
10.891999999981286,-14.167721400235802
10.892999999981283,-7.2383491976031005
10.89399999998128,0.7080050659677214
10.894999999981279,8.554337066056195
10.895999999981276,15.19796786524056
10.896999999981274,19.705564607966313
10.897999999981272,21.444176526628894
10.89899999998127,20.16993475571174
10.899999999981267,16.062082603216968
10.900999999981265,9.697683352143702
10.901999999981262,1.9706170014892936
10.90299999998126,-6.033796903966002
10.903999999981258,-13.191056050034469
10.904999999981255,-18.495351755590445
10.905999999981253,-21.200953682101705
10.90699999998125,-20.92720771837628
10.907999999981248,-17.712278986088783
10.908999999981246,-12.00795014135494
10.909999999981244,-4.616118816639247
10.910999999981241,3.4240716352549607
10.911999999981239,10.982505002607699
10.912999999981237,16.997075826401446
10.913999999981234,20.622944235712207
10.914999999981232,21.35108301517464
10.91599999998123,19.07954970385738
10.916999999981227,14.127607098270676
10.917999999981225,7.1908189511612255
10.918999999981223,-0.7565459651503839
10.91999999998122,-8.598164513172259
10.920999999981218,-15.232298378386464
10.921999999981216,-19.726532004613667
10.922999999981213,-21.44890632294904
10.923999999981211,-20.156960004349774
10.924999999981209,-16.0320361149364
10.925999999981206,-9.653905310671744
10.926999999981204,-1.9192148408138483
10.927999999981202,6.0847317369774
10.9289999999812,13.233005029765536
10.929999999981197,18.52125338633334
10.930999999981195,21.20677751018676
10.931999999981192,20.912681785357293
10.93299999998119,17.680581461206952
10.933999999981188,11.964596755450867
10.934999999981185,4.567563731032061
10.935999999981183,-3.4715866069921657
10.93699999998118,-11.023559324298926
10.937999999981178,-17.027197731263232
10.938999999981176,-20.63858333239437
10.939999999981174,-21.34978790149402
10.940999999981171,-19.06050009522291
10.941999999981169,-14.092323963425661
10.942999999981167,-7.143630060983602
10.943999999981164,0.8087192260295617
10.944999999981162,8.646883690263495
10.94599999998116,15.269340589940972
10.946999999981157,19.745738994912564
10.947999999981155,21.447514355209126
10.948999999981153,20.13597216291719
10.94999999998115,15.995593632949438
10.950999999981148,9.608010724785148
10.951999999981146,1.8703629316087949
10.952999999981143,-6.130538337584078
10.953999999981141,-13.270678904785013
10.954999999981139,-18.546653193516185
10.955999999981136,-21.216713632525607
10.956999999981134,-20.90520864125812
10.957999999981132,-17.655619755502336
10.95899999998113,-11.924608628523456
10.959999999981127,-4.517825415438039
10.960999999981125,3.5234887643915234
10.961999999981122,11.069067538370998
10.96299999998112,17.058620233489957
10.963999999981118,20.650828090624362
10.964999999981115,21.341394912425613
10.965999999981113,19.033655393210825
10.96699999998111,14.051956990591902
10.967999999981108,7.096044117584024
10.968999999981106,-0.8571240089256819
10.969999999981104,-8.690403381543014
10.970999999981101,-15.303222935140038
10.971999999981099,-19.76616178746313
10.972999999981097,-21.451663694545218
10.973999999981094,-20.12245835153182
10.974999999981092,-15.965134997863357
10.97599999998109,-9.564024194573117
10.976999999981087,-1.8190033067124027
10.977999999981085,6.181177639802282
10.978999999981083,13.31212695519887
10.97999999998108,18.571935352936705
10.980999999981078,21.221904241513194
10.981999999981076,20.89013410534311
10.982999999981073,17.6235314188493
10.983999999981071,11.881062345802635
10.984999999981069,4.4692852003222985
10.985999999981066,-3.570793110457345
10.986999999981064,-11.10974187196162
10.987999999981062,-17.08823124586195
10.98899999998106,-20.665878372949397
10.989999999981057,-21.339503212631215
10.990999999981055,-19.014085730812738
10.991999999981052,-14.01631681920007
10.99299999998105,-7.048730662879684
10.993999999981048,0.9091568983991222
10.994999999981045,8.738734197040605
10.995999999981043,15.339694065564943
10.99699999998104,19.784713471189495
10.997999999981038,21.449640155504017
10.998999999981036,20.100956410042276
10.999999999981034,15.92835970735355
11.000999999981032,9.518007846061224
11.00199999998103,1.7702416910593783
11.002999999981027,-6.2267007709827915
11.003999999981025,-13.349356725131221
11.004999999981022,-18.59677584792384
11.00599999998102,-21.23122690371749
11.006999999981018,-20.882070959995055
11.007999999981015,-17.598091124156973
11.008999999981013,-11.840790323621091
11.00999999998101,-4.419515987493019
11.010999999981008,3.6224579363563834
11.011999999981006,11.154780363832383
11.012999999981004,17.119032153875807
11.013999999981001,20.677455731771808
11.014999999980999,21.330503681708166
11.015999999980997,18.986780771519264
11.016999999980994,13.975688109329143
11.017999999980992,7.0011000945808215
11.01899999998099,-0.9573968901893093
11.019999999980987,-8.781904955250116
11.020999999980985,-15.373081485752843
11.021999999980983,-19.80454695221041
11.02299999998098,-21.453173394602125
11.023999999980978,-20.08688210515299
11.024999999980976,-15.897484094107151
11.025999999980973,-9.47382394444199
11.026999999980971,-1.7189483242200472
11.027999999980969,6.277013376610952
11.028999999980966,13.390271090596679
11.029999999980964,18.621409652674146
11.030999999980962,21.235763531309107
11.03199999998096,20.86643774444975
11.032999999980957,17.56561331194634
11.033999999980955,11.79706285678948
11.034999999980952,4.371010154985517
11.03599999998095,-3.6695281081471363
11.036999999980948,-11.195051559274743
11.037999999980945,-17.148113939795927
11.038999999980943,-20.691907271904824
11.03999999998094,-21.328015859862205
11.040999999980938,-18.966701766230436
11.041999999980936,-13.939709503785059
11.042999999980934,-6.953684455694247
11.043999999980931,1.0092682216403954
11.044999999980929,8.829832131815097
11.045999999980927,15.40897560154606
11.046999999980924,19.822448219014724
11.047999999980922,21.450533327345532
11.04899999998092,20.064888698786046
11.049999999980917,15.860402331321975
11.050999999980915,9.427711335822924
11.051999999980913,1.6702971670363436
11.05299999998091,-6.32224207547076
11.053999999980908,-13.427057674496071
11.054999999980906,-18.645704648754613
11.055999999980903,-21.244498417534505
11.056999999980901,-20.85781895967167
11.057999999980899,-17.53973234287856
11.058999999980896,-11.756542039007352
11.059999999980894,-4.321235804873196
11.060999999980892,3.7209445861182515
11.06199999998089,11.239627175493407
11.062999999980887,17.178318054865347
11.063999999980885,20.70285692360808
11.064999999980882,21.318458657995667
11.06599999998088,18.938987226904487
11.066999999980878,13.898863726506308
11.067999999980875,6.9060408622633815
11.068999999980873,-1.0573302116728005
11.06999999998087,-8.87266199903803
11.070999999980868,-15.44189737340244
11.071999999980866,-19.84173985879564
11.072999999980864,-21.45351024329784
11.073999999980861,-20.050317811346098
11.074999999980859,-15.829168312760913
11.075999999980857,-9.38337389542465
11.076999999980854,-1.6190913880038416
11.077999999980852,6.372233812369072
11.07899999998085,13.467471863559359
11.079999999980847,18.669747372744098
11.080999999980845,21.24845426245495
11.081999999980843,20.841705651394925
11.08299999998084,17.506937470633726
11.083999999980838,11.712688823271387
11.084999999980836,4.272794317171634
11.085999999980833,-3.7677811136665476
11.086999999980831,-11.279527134057698
11.087999999980829,-17.206930453705322
11.088999999980826,-20.716790060793407
11.089999999980824,-21.315464892901296
11.090999999980822,-18.9184862696356
11.09199999998082,-13.862618364716491
11.092999999980817,-6.858567699694929
11.093999999980815,1.1090301485663303
11.094999999980812,8.920213364620144
11.09599999998081,15.477277126982953
11.096999999980808,19.859079911327086
11.097999999980805,21.45035689075652
11.098999999980803,20.027935399079738
11.0999999999808,15.791866879236931
11.100999999980798,9.33722344266393
11.101999999980796,1.5705719215809824
11.102999999980794,-6.417187728010014
11.103999999980791,-13.503873905503445
11.10499999998079,-18.69358722921983
11.105999999980787,-21.256711596842596
11.106999999980784,-20.832646298524065
11.107999999980782,-17.480719463371468
11.10899999998078,-11.671996105570468
11.109999999980777,-4.223052963677993
11.110999999980775,3.8189566105079327
11.111999999980773,11.323692909062887
11.11299999998077,17.236629803681215
11.113999999980768,20.727230379349514
11.114999999980766,21.30547799531842
11.115999999980763,18.890481419349392
11.116999999980761,13.821648940315175
11.117999999980759,6.810965135043594
11.118999999980756,-1.1569074960793448
11.119999999980754,-8.962744647534164
11.120999999980752,-15.50981933799227
11.12199999998075,-19.87794833684227
11.122999999980747,-21.452912696272286
11.123999999980745,-20.013001052802743
11.124999999980743,-15.760386553430887
11.12599999998074,-9.292807008124747
11.126999999980738,-1.5194791218832526
11.127999999980736,6.466887090573803
11.128999999980733,13.543867204527587
11.12999999998073,18.717158298489167
11.130999999980729,21.26022952068909
11.131999999980726,20.816198931984648
11.132999999980724,17.44773594624549
11.133999999980722,11.62810964970114
11.13499999998072,4.174719203691029
11.135999999980717,-3.8655716308223806
11.136999999980715,-11.363288062017373
11.137999999980712,-17.264884880975707
11.13899999998071,-20.740787812252414
11.139999999980708,-21.30213215791198
11.140999999980705,-18.869702137584234
11.141999999980703,-13.7852497260438
11.1429999999807,-6.763500021040036
11.143999999980698,1.2084279783928928
11.144999999980696,9.009971688801285
11.145999999980694,15.54478913323756
11.146999999980691,19.89487005120653
11.147999999980689,21.449407255966076
11.148999999980687,19.990386304300603
11.149999999980684,15.722995416726674
11.150999999980682,9.246703652480257
11.15199999998068,1.4711192943499158
11.152999999980677,-6.511599335247223
11.153999999980675,-13.579974584072136
11.154999999980673,-18.740677606733303
11.15599999998067,-21.268170337508973
11.156999999980668,-20.80686434488911
11.157999999980666,-17.421327425766673
11.158999999980663,-11.587351848559603
11.159999999980661,-4.1250622993621935
11.160999999980659,3.916518041630877
11.161999999980656,11.407118178115397
11.162999999980654,17.2942058213658
11.163999999980652,20.750879577989213
11.16499999998065,21.291888017260405
11.165999999980647,18.841566727837847
11.166999999980645,13.74428126189829
11.167999999980642,6.716010586536322
11.16899999998064,-1.256111055077999
11.169999999980638,-9.052258574057976
11.170999999980635,-15.577062421645257
11.171999999980633,-19.91346729096385
11.17299999998063,-21.45171456387209
11.173999999980628,-19.975257846689935
11.174999999980626,-15.691411153328382
11.175999999980624,-9.202303341721716
11.176999999980621,-1.4201734795216998
11.177999999980619,6.56103871257899
11.178999999980617,13.619641540220142
11.179999999980614,18.76392048616744
11.180999999980612,21.271422410883478
11.18199999998061,20.790259242398367
11.182999999980607,17.388311040341346
11.183999999980605,11.543545702913192
11.184999999980603,4.076892004748849
11.1859999999806,-3.9629211105378146
11.186999999980598,-11.446481889176754
11.187999999980596,-17.322230602690137
11.188999999980593,-20.764224561304466
11.189999999980591,-21.28836714435212
11.190999999980589,-18.820675422103847
11.191999999980586,-13.707860478285422
11.192999999980584,-6.668633020767016
11.193999999980582,1.3074368409407389
11.19499999998058,9.09921268512968
11.195999999980577,15.611733100938476
11.196999999980575,19.93012521160566
11.197999999980572,21.44803332325971
11.19899999998057,19.952583901535288
11.199999999980568,15.65407612814788
11.200999999980565,9.156345521584186
11.201999999980563,1.3720111090673874
11.20299999998056,-6.60553688577399
11.203999999980558,-13.655543150330399
11.204999999980556,-18.78725704397564
11.205999999980554,-21.27921442264261
11.206999999980551,-20.780823938178465
11.207999999980549,-17.36186915057651
11.208999999980547,-11.502840638474982
11.209999999980544,-4.027381442437005
11.210999999980542,4.013641252450493
11.21199999998054,11.490043447598593
11.212999999980537,17.351294876873737
11.213999999980535,20.774126726235785
11.214999999980533,21.27803932471865
11.21599999998053,18.792573240057198
11.216999999980528,13.667024333936375
11.217999999980526,6.621337865172235
11.218999999980523,-1.3549053228940977
11.219999999980521,-9.141297881182082
11.220999999980519,-15.64383689312662
11.221999999980516,-19.94859351182887
11.222999999980514,-21.450257567096184
11.223999999980512,-19.9374271531757
11.22499999998051,-15.622531195942084
11.225999999980507,-9.112062127271374
11.226999999980505,-1.3212565416935778
11.227999999980502,6.654734624939114
11.2289999999805,13.694961865571097
11.229999999980498,18.81029820453395
11.230999999980495,21.282357300255633
11.231999999980493,20.764225715679416
11.23299999998049,17.328969513286268
11.233999999980488,11.459228993922682
11.234999999980486,3.9794382340109884
11.235999999980484,-4.0598273043729645
11.236999999980481,-11.529229182077515
11.23799999998048,-17.37919350643779
11.238999999980477,-20.787399525296088
11.239999999980474,-21.27450045681703
11.240999999980472,-18.77172211842158
11.24199999998047,-13.630708372432155
11.242999999980468,-6.574130969660939
11.243999999980465,1.4060079608397469
11.244999999980463,9.188008921412733
11.24599999998046,15.678291942996555
11.246999999980458,19.965112471075592
11.247999999980456,21.446548731925642
11.248999999980454,19.914844668374897
11.249999999980451,15.585384598916598
11.250999999980449,9.066346060317311
11.251999999980447,1.273339326875897
11.252999999980444,-6.699025174885665
11.253999999980442,-13.730716620300386
11.25499999998044,-18.833554789170737
11.255999999980437,-21.290132814360938
11.256999999980435,-20.754833333265125
11.257999999980433,-17.302629531403927
11.25899999998043,-11.41868503567527
11.259999999980428,-3.9301406680127418
11.260999999980426,4.110305155756697
11.261999999980423,11.572558491850533
11.262999999980421,17.40808399920823
11.263999999980419,20.79722927790859
11.264999999980416,21.264223600034537
11.265999999980414,18.74378640486314
11.266999999980412,13.590118269043034
11.26799999998041,6.52710936944417
11.268999999980407,-1.4532268997536744
11.269999999980405,-9.229905578335536
11.270999999980402,-15.710284876692926
11.2719999999804,-19.98354744582396
11.272999999980398,-21.44880923108977
11.273999999980395,-19.899786322772318
11.274999999980393,-15.553995794000725
11.27599999998039,-9.022270598700091
11.276999999980388,-1.222828988146415
11.277999999980386,6.747973169811704
11.278999999980384,13.769924288013119
11.279999999980381,18.856470733642148
11.280999999980379,21.293270921513088
11.281999999980377,20.738359386116368
11.282999999980374,17.269960770963472
11.283999999980372,11.375363545584742
11.28499999998037,3.8824895239718145
11.285999999980367,-4.156247660871372
11.286999999980365,-11.611580748981314
11.287999999980363,-17.435909265672176
11.28899999998036,-20.810513364866864
11.289999999980358,-21.26076939819522
11.290999999980356,-18.723083374137648
11.291999999980353,-13.5540056923566
11.292999999980351,-6.4801491073965085
11.293999999980349,1.5040630614403496
11.294999999980346,9.276368205684307
11.295999999980344,15.744556858316551
11.296999999980342,19.999992514855254
11.29799999998034,21.445160649197433
11.298999999980337,19.877393448195576
11.299999999980335,15.517132753730008
11.300999999980332,8.976876057970893
11.30199999998033,1.1752115162701884
11.302999999980328,-6.7920329686822045
11.303999999980325,-13.805542672927764
11.304999999980323,-18.879689370300305
11.30599999998032,-21.301097513300846
11.306999999980318,-20.72909386444651
11.307999999980316,-17.243811729930542
11.308999999980314,-11.335062917445429
11.309999999980311,-3.8334694650104595
11.310999999980309,4.206444762740018
11.311999999980307,11.65466996854237
11.312999999980304,17.464648947782226
11.313999999980302,20.820320442790393
11.3149999999803,21.250612526135566
11.315999999980297,18.695392781991924
11.316999999980295,13.513739534953507
11.317999999980293,6.433468473155113
11.31899999998029,-1.5509835552350657
11.319999999980288,-9.318051429676238
11.320999999980286,-15.776440553706314
11.321999999980283,-20.01842160252799
11.322999999980281,-21.44750683238625
11.323999999980279,-19.862498354369926
11.324999999980276,-15.485971787057238
11.325999999980274,-8.933077652549779
11.326999999980272,-1.1250029175310665
11.32799999998027,6.840692611397433
11.328999999980267,13.84452410916335
11.329999999980265,18.902489538614663
11.330999999980262,21.304262818480012
11.33199999998026,20.712793836478856
11.332999999980258,17.211434421750365
11.333999999980255,11.292095432271532
11.334999999980253,3.7861698555515204
11.33599999998025,-4.252095516388389
11.336999999980248,-11.693497298034428
11.337999999980246,-17.4923897290402
11.338999999980244,-20.83362626828518
11.339999999980241,-21.247273679918372
11.340999999980239,-18.674884882680693
11.341999999980237,-13.477887686024348
11.342999999980234,-6.386815059047737
11.343999999980232,1.6014979097100217
11.34499999998023,9.364222144703348
11.345999999980227,15.810502977730934
11.346999999980225,20.034786107064583
11.347999999980223,21.443931902139575
11.34899999998022,19.840326472053704
11.349999999980218,15.449437671596048
11.350999999980216,8.888058617032037
11.351999999980213,1.0777415663494634
11.352999999980211,-6.884469386612342
11.353999999980209,-13.879964158372031
11.354999999980206,-18.92564379565322
11.355999999980204,-21.31213313836043
11.356999999980202,-20.703668164414033
11.3579999999802,-17.18550827004955
11.358999999980197,-11.252085095645032
11.359999999980195,-3.737483282785011
11.360999999980192,4.3019540359194295
11.36199999998019,11.736294030345583
11.362999999980188,17.520938072526402
11.363999999980186,20.84338684309626
11.364999999980183,21.23723244793944
11.36599999998018,18.647455116379067
11.366999999980179,13.437979590458912
11.367999999980176,6.3405242184258706
11.368999999980174,-1.6480619163853936
11.369999999980172,-9.405631532267506
11.37099999998017,-15.842222196819547
11.371999999980167,-20.053166516983218
11.372999999980165,-21.44633941095163
11.373999999980162,-19.825592409278393
11.37499999998016,-15.41852520649841
11.375999999980158,-8.844578406180789
11.376999999980155,-1.0278910979555045
11.377999999980153,6.932776282177242
11.37899999998015,13.918655190065884
11.379999999980148,18.948272358618535
11.380999999980146,21.315285217500602
11.381999999980144,20.68752228406103
11.382999999980141,17.153426180279176
11.383999999980139,11.209499079313266
11.384999999980137,3.6905836404508916
11.385999999980134,-4.347249153071153
11.386999999980132,-11.774854936832826
11.38799999998013,-17.548524558545928
11.388999999980127,-20.856655797922294
11.389999999980125,-21.233969867918518
11.390999999980123,-18.62712857483277
11.39199999998012,-13.402402332510796
11.392999999980118,-6.294217622689043
11.393999999980116,1.6981935113764226
11.394999999980113,9.451436332942972
11.395999999980111,15.875997623756268
11.396999999980109,20.069379623520962
11.397999999980106,21.442783173484493
11.398999999980104,19.803609858298945
11.399999999980102,15.382316338896487
11.4009999999801,8.799960462352896
11.401999999980097,0.9810382263789278
11.402999999980095,-6.976197103551003
11.403999999980092,-13.953832722986451
11.40499999998009,-18.971278102770214
11.405999999980088,-21.323126873758106
11.406999999980085,-20.678486139179306
11.407999999980083,-17.127702016298677
11.40899999998008,-11.169790791437894
11.409999999980078,-3.642273636214534
11.410999999980076,4.39670032667616
11.411999999980074,11.817273822877421
11.412999999980071,17.57679086764313
11.413999999980069,20.866285815583957
11.414999999980067,21.22397809639003
11.415999999980064,18.599920452324604
11.416999999980062,13.362845953835096
11.41799999998006,6.248344742665254
11.418999999980057,-1.7443412909240519
11.419999999980055,-9.492487991359527
11.420999999980053,-15.907455412924325
11.42199999998005,-20.08761464427869
11.422999999980048,-21.445169131162917
11.423999999980046,-19.788979609695538
11.424999999980043,-15.351629070568292
11.425999999980041,-8.75681251221432
11.426999999980039,-0.9315955497187084
11.427999999980036,7.02407265311717
11.428999999980034,13.992136344258924
11.429999999980032,18.993632601574365
11.43099999998003,21.326171525766902
11.431999999980027,20.662421225078514
11.432999999980025,17.095873192495933
11.433999999980022,11.12758180432873
11.43499999998002,3.5958084067127793
11.435999999980018,-4.441570436383537
11.436999999980015,-11.855473001042439
11.437999999980013,-17.604114750093615
11.43899999998001,-20.879411672171596
11.439999999980008,-21.22070264975015
11.440999999980006,-18.579715907561926
11.441999999980004,-13.327522141381769
11.442999999980001,-6.202405049409686
11.443999999979999,1.7940315604217165
11.444999999979997,9.537837829044378
11.445999999979994,15.940836373240755
11.446999999979992,20.103564948030467
11.44799999997999,21.441531293327177
11.448999999979987,19.76711091908479
11.449999999979985,15.31570540659175
11.450999999979983,8.71259706822486
11.45199999997998,0.8851944825631781
11.452999999979978,-7.0670576686002695
11.453999999979976,-14.026945681094045
11.454999999979973,-19.016372937580527
11.455999999979971,-21.333872843174426
11.456999999979969,-20.65338396233692
11.457999999979966,-17.07029421326739
11.458999999979964,-11.088160544482536
11.459999999979962,-3.547903730709592
11.46099999997996,4.490545815537103
11.461999999979957,11.897415373949022
11.462999999979955,17.631983609377507
11.463999999979952,20.888794627994013
11.46499999997995,21.21065858008219
11.465999999979948,18.55265640678412
11.466999999979945,13.288283494220776
11.467999999979943,6.156960320069583
11.46899999997994,-1.8397096482964992
11.469999999979938,-9.578442043773592
11.470999999979936,-15.971919089517217
11.471999999979934,-20.121532932493217
11.472999999979931,-21.443783245143063
11.47399999997993,-19.75249711564119
11.474999999979927,-15.28519328000941
11.475999999979924,-8.669775461638364
11.476999999979922,-0.8361983796766181
11.47799999997992,7.114424004293868
11.478999999979917,14.064755800090868
11.479999999979915,19.03833361448534
11.480999999979913,21.336692962060116
11.48199999997991,20.637301539257862
11.482999999979908,17.038652390508382
11.483999999979906,11.0463038862731
11.484999999979904,3.5018935347311078
11.485999999979901,-4.534927508927092
11.486999999979899,-11.935155272153292
11.487999999979897,-17.658926836654363
11.488999999979894,-20.901655528269057
11.489999999979892,-21.207261864332747
11.49099999997989,-18.532494155383343
11.491999999979887,-13.253173115110984
11.492999999979885,-6.111392441992496
11.493999999979883,1.8889098630842776
11.49499999997988,9.623251477268063
11.495999999979878,16.004795404225035
11.496999999979876,20.13710067988939
11.497999999979873,21.439950832912878
11.49899999997987,19.730651533391168
11.499999999979869,15.249498809516874
11.500999999979866,8.625949131941201
11.501999999979864,0.7902804100272838
11.502999999979862,-7.156901462638707
11.50399999997986,-14.099094769705895
11.504999999979857,-19.060690431714146
11.505999999979855,-21.344136689214924
11.506999999979852,-20.62816335869112
11.50799999997985,-17.01315015543708
11.508999999979848,-11.007141801677523
11.509999999979845,-3.454410271729559
11.510999999979843,4.583369875282431
11.51199999997984,11.976531142794023
11.512999999979838,17.68628812383257
11.513999999979836,20.910676336496167
11.514999999979834,21.197061169653928
11.515999999979831,18.505503963124173
11.516999999979829,13.214208813222431
11.517999999979827,6.066374452522491
11.518999999979824,-1.9340774604869375
11.519999999979822,-9.663330991028083
11.52099999997982,-16.03540034503107
11.521999999979817,-20.154688178932513
11.522999999979815,-21.441960765018
11.523999999979813,-19.71596681286881
11.52499999997981,-15.219107111971958
11.525999999979808,-8.583438916467871
11.526999999979806,-0.7417570682238489
11.527999999979803,7.203695574754846
11.528999999979801,14.136320763390795
11.529999999979799,19.082151776424457
11.530999999979796,21.346626397422074
11.531999999979794,20.611971621656597
11.532999999979792,16.98163010759622
11.53399999997979,10.965607737261953
11.534999999979787,3.4088649113250766
11.535999999979785,-4.62721530587402
11.536999999979782,-12.013732799926204
11.53799999997978,-17.712752041914214
11.538999999979778,-20.923168154800884
11.539999999979775,-21.193448439310142
11.540999999979773,-18.48531186770815
11.54199999997977,-13.179272013689221
11.542999999979768,-6.021175661743668
11.543999999979766,1.9827536883020225
11.544999999979764,9.707534888965617
11.545999999979761,16.067685189624648
11.546999999979759,20.16977702173821
11.547999999979757,21.437841125002432
11.548999999979754,19.694067964069234
11.549999999979752,15.183592074749185
11.55099999997975,8.539985255608359
11.551999999979747,0.6963411450413646
11.552999999979745,-7.245614063946747
11.553999999979743,-14.170113090310485
11.55499999997974,-19.10403510737746
11.555999999979738,-21.35372191160327
11.556999999979736,-20.60265412746901
11.557999999979733,-16.956149221495945
11.558999999979731,-10.926679569448176
11.559999999979729,-3.3618105745628495
11.560999999979726,4.675086365633978
11.561999999979724,12.054479180172068
11.562999999979722,17.739527245068363
11.56399999997972,20.931743739296635
11.564999999979717,21.183014810232102
11.565999999979715,18.45833172424295
11.566999999979712,13.140547767338983
11.56799999997971,5.976579568813012
11.568999999979708,-2.0273858470728445
11.569999999979705,-9.747038879522334
11.570999999979703,-16.0977433127323
11.5719999999797,-20.186907005893406
11.572999999979698,-21.43953522054322
11.573999999979696,-19.6792521267648
11.574999999979694,-15.153282265264032
11.575999999979691,-8.497774142223383
11.576999999979689,-0.6483052203599666
11.577999999979687,7.291797384885887
11.578999999979684,14.206698573379374
11.579999999979682,19.12493109659929
11.58099999997968,21.355814697619522
11.581999999979677,20.586295053823957
11.582999999979675,16.924709121805137
11.583999999979673,10.885447922762266
11.58499999997967,3.316733962723734
11.585999999979668,-4.718368518017162
11.586999999979666,-12.091096810053644
11.587999999979663,-17.765454342613253
11.588999999979661,-20.943805878883968
11.589999999979659,-21.179131206561443
11.590999999979656,-18.43806825822319
11.591999999979654,-13.105761593704838
11.592999999979652,-5.931747740258012
11.59399999997965,2.0755201926596425
11.594999999979647,9.790602804210609
11.595999999979645,16.129391151464276
11.596999999979642,20.201466882274698
11.59799999997964,21.43508061261936
11.598999999979638,19.657260909886496
11.599999999979635,15.117921244053388
11.600999999979633,8.45468455109691
11.60199999997963,0.6034003213660892
11.602999999979628,-7.33313213876173
11.603999999979626,-14.239907815436661
11.604999999979624,-19.146298613068367
11.605999999979622,-21.362520270777125
11.60699999997962,-20.576763184928314
11.607999999979617,-16.899225841911075
11.608999999979615,-10.846743827780744
11.609999999979612,-3.2701129145031675
11.61099999997961,4.765651442462843
11.611999999979608,12.131187673229153
11.612999999979605,17.79161239843568
11.613999999979603,20.951904583198278
11.6149999999796,21.1684365995764
11.615999999979598,18.411077269355562
11.616999999979596,13.06726615095874
11.617999999979594,5.887573068257674
11.618999999979591,-2.119607039373322
11.619999999979589,-9.829513034801272
11.620999999979587,-16.158879115779378
11.621999999979584,-20.218114869244665
11.622999999979582,-21.43643716437184
11.62399999997958,-19.64229814557554
11.624999999979577,-15.087685195491122
11.625999999979575,-8.412772350223904
11.626999999979573,-0.5558584563662343
11.62799999997957,7.378693219639317
11.628999999979568,14.27583894251238
11.629999999979566,19.166615331060473
11.630999999979563,21.36420408599457
11.631999999979561,20.560228000001025
11.632999999979559,16.86786102006253
11.633999999979556,10.80581426300521
11.634999999979554,3.225508649169597
11.635999999979552,-4.808363817351496
11.63699999997955,-12.167213436518026
11.637999999979547,-17.816995324651963
11.638999999979545,-20.963531873181157
11.639999999979542,-21.164280240043247
11.64099999997954,-18.390744031421526
11.641999999979538,-13.032634878702032
11.642999999979535,-5.8431135751885686
11.643999999979533,2.1671949210693198
11.64499999997953,9.872434847639417
11.645999999979528,16.18989121937455
11.646999999979526,20.23215052861203
11.647999999979524,21.431655045394482
11.648999999979521,19.620223367008403
11.649999999979519,15.052486727594202
11.650999999979517,8.370053502627627
11.651999999979514,0.5114680165829406
11.652999999979512,-7.419445069513695
11.65399999997951,-14.308470754816712
11.654999999979507,-19.18747744324839
11.655999999979505,-21.37053402226711
11.656999999979503,-20.550498212487305
11.6579999999795,-16.84239143068458
11.658999999979498,-10.76734699949535
11.659999999979496,-3.179327510887221
11.660999999979493,4.855060133962007
11.661999999979491,12.206659123048185
11.662999999979489,17.842554442255793
11.663999999979486,20.971177334328715
11.664999999979484,21.1533502287462
11.665999999979482,18.363765805628702
11.66699999997948,12.994386227985435
11.667999999979477,5.799369817062478
11.668999999979475,-2.2107372065098243
11.669999999979472,-9.910762753840746
11.67099999997947,-16.218830214927134
11.671999999979468,-20.248345181264387
11.672999999979465,-21.432706681801744
11.673999999979463,-19.60514583070592
11.67499999997946,-15.022351268171521
11.675999999979458,-8.328457177868234
11.676999999979456,-0.4644239205227425
11.677999999979454,7.464394953915154
11.678999999979451,14.343772486870103
11.679999999979449,19.207250604357718
11.680999999979447,21.37185031842231
11.681999999979444,20.533828072388307
11.682999999979442,16.81113668638755
11.68399999997944,10.726742797560508
11.684999999979437,3.135203795503052
11.685999999979435,-4.897211138892266
11.686999999979433,-12.242117391152428
11.68799999997943,-17.86743076660396
11.688999999979428,-20.982415907133706
11.689999999979426,-21.148969751502417
11.690999999979423,-18.34340713317515
11.691999999979421,-12.959943232123358
11.692999999979419,-5.755299585912883
11.693999999979416,2.257781466623631
11.694999999979414,9.953065498308586
11.695999999979412,16.249247124943267
11.69699999997941,20.261909151575857
11.697999999979407,21.427654099099456
11.698999999979405,19.583040829080094
11.699999999979402,14.987357272140162
11.7009999999794,8.286133494975811
11.701999999979398,0.4205512162824222
11.702999999979395,-7.504582567776732
11.703999999979393,-14.375865369361911
11.70499999997939,-19.227660859864717
11.705999999979388,-21.377866266904753
11.706999999979386,-20.523961781026994
11.707999999979384,-16.785733264439727
11.708999999979381,-10.68854803938796
11.70999999997938,-3.089475649690125
11.710999999979377,4.9433330242769244
11.711999999979374,12.280954280766586
11.712999999979372,17.89244676465307
11.71399999997937,20.98967558546224
11.714999999979367,21.137873819387526
11.715999999979365,18.316503235511927
11.716999999979363,12.92198624301225
11.71799999997936,5.7120085256733
11.718999999979358,-2.3007836904880383
11.719999999979356,-9.9908415235666
11.720999999979353,-16.277689740105348
11.721999999979351,-20.277718394943264
11.722999999979349,-21.42847504210748
11.723999999979346,-19.56791884419334
11.724999999979344,-14.95737879348059
11.725999999979342,-8.24488707156166
11.72699999997934,-0.3740110593187662
11.727999999979337,7.548944486138489
11.728999999979335,14.410587533679411
11.729999999979333,19.24696005603229
11.73099999997933,21.378894559589714
11.731999999979328,20.507234799533915
11.732999999979326,16.754654225782524
11.733999999979323,10.648313108420828
11.73499999997932,3.0458485283837065
11.735999999979319,-4.98493679177153
11.736999999979316,-12.315887623442913
11.737999999979314,-17.916881956875145
11.738999999979312,-21.000605143617936
11.73999999997931,-21.133352392262733
11.740999999979307,-18.296194229682616
11.741999999979305,-12.88778780512426
11.742999999979302,-5.668356621088841
11.7439999999793,2.347287164185327
11.744999999979298,10.03256003730356
11.745999999979295,16.307573665284703
11.746999999979293,20.2908915289358
11.74799999997929,21.423240001152966
11.748999999979288,19.545866290047456
11.749999999979286,14.922654985054471
11.750999999979284,8.202998198703726
11.751999999979281,0.3306642335906451
11.752999999979279,-7.588592352518107
11.753999999979277,-14.442195371448284
11.754999999979274,-19.26699457669951
11.755999999979272,-21.384684667107248
11.75699999997927,-20.497320156703363
11.757999999979267,-16.729392837457144
11.758999999979265,-10.610443560527868
11.759999999979263,-3.0005950856955743
11.76099999997926,5.030497036623174
11.761999999979258,12.354161519790752
11.762999999979256,17.9414272940354
11.763999999979253,21.007567864063088
11.764999999979251,21.122183096390152
11.765999999979249,18.26944789499069
11.766999999979246,12.85018482284713
11.767999999979244,5.625551212223935
11.768999999979242,-2.389750148760784
11.76999999997924,-10.069818586882878
11.770999999979237,-16.335583228566257
11.771999999979235,-20.306399100083127
11.772999999979232,-21.423923071014322
11.77399999997923,-19.530789029461783
11.774999999979228,-14.89290654075842
11.775999999979225,-8.162148149047772
11.776999999979223,-0.2846410453141382
11.77799999997922,7.632388840303345
11.778999999979218,14.476393017889148
11.779999999979216,19.285899553066113
11.780999999979214,21.385518004474413
11.781999999979211,20.480629480960427
11.782999999979209,16.698569722554968
11.783999999979207,10.570634195142787
11.784999999979204,2.957489415064486
11.785999999979202,-5.0715633019269415
11.7869999999792,-12.388612774608223
11.787999999979197,-17.965491431496886
11.788999999979195,-21.01827624181837
11.789999999979193,-21.117614373486802
11.79099999997919,-18.249275141428964
11.791999999979188,-12.8162983383406
11.792999999979186,-5.582356219784904
11.793999999979183,2.4357086926162834
11.794999999979181,10.110983867265995
11.795999999979179,16.364995887549057
11.796999999979176,20.31926495478771
11.797999999979174,21.418599007177573
11.798999999979172,19.50887904662173
11.79999999997917,14.85852726743693
11.800999999979167,8.120742643977376
11.801999999979165,0.24183656401051273
11.802999999979162,-7.671514489564858
11.80399999997916,-14.507564730119903
11.804999999979158,-19.305631927099444
11.805999999979155,-21.391170541515763
11.806999999979153,-20.47075741452768
11.80799999997915,-16.673531422745377
11.808999999979148,-10.533149704557177
11.809999999979146,-2.9127408285058065
11.810999999979144,5.1165657561078195
11.811999999979141,12.426360931776413
11.812999999979139,17.98963131118474
11.813999999979137,21.025025699862315
11.814999999979134,21.106461937689893
11.815999999979132,18.222770490766813
11.81699999997913,12.779115917014085
11.817999999979127,5.540076682977355
11.818999999979125,-2.4776235773089343
11.819999999979123,-10.147748233339405
11.82099999997912,-16.392624427213864
11.821999999979118,-20.334544472889597
11.822999999979116,-21.419229420206086
11.823999999979113,-19.493931709413026
11.824999999979111,-14.829082302459273
11.825999999979109,-8.080340422306127
11.826999999979106,-0.1963525920820281
11.827999999979104,7.714755558069081
11.828999999979102,14.541278502762195
11.8299999999791,19.32420790598361
11.830999999979097,21.391889225139188
11.831999999979095,20.454186998841166
11.832999999979092,16.643040225064098
11.83399999997909,10.493823777791128
11.834999999979088,2.8701889489789036
11.835999999979085,-5.157091557738003
11.836999999979083,-12.460356469006099
11.83799999997908,-18.013376270938057
11.838999999979078,-21.035583181475772
11.839999999979076,-21.101925088671152
11.840999999979074,-18.202811267465236
11.841999999979071,-12.745606147939787
11.84299999997907,-5.4973818756283706
11.843999999979067,2.523021372497255
11.844999999979064,10.188373922502333
11.845999999979062,16.42160664783214
11.84699999997906,20.347164898282717
11.847999999979058,21.413890188369084
11.848999999979055,19.472239736348907
11.849999999979053,14.79511432446311
11.85099999997905,8.03946766049599
11.851999999979048,0.15411633476961092
11.852999999979046,-7.75335950856383
11.853999999979044,-14.572040491470261
11.854999999979041,-19.343686635106824
11.855999999979039,-21.397468201482084
11.856999999979037,-20.444428392987408
11.857999999979034,-16.61829315140349
11.858999999979032,-10.456780404132939
11.85999999997903,-2.825981503622074
11.860999999979027,5.201524588733765
11.861999999979025,12.497593194626221
11.862999999979023,18.037148462748405
11.86399999997902,21.042174834265396
11.864999999979018,21.090854589910858
11.865999999979016,18.17661393864136
11.866999999979013,12.708901762449097
11.867999999979011,5.455670257677539
11.868999999979009,-2.564366548746577
11.869999999979006,-10.224645239238411
11.870999999979004,-16.44887749212413
11.871999999979002,-20.362258594603883
11.872999999979,-21.414523404936975
11.873999999978997,-19.45748358409074
11.874999999978995,-14.766031624786056
11.875999999978992,-7.999561572767475
11.87699999997899,-0.10920285650616691
11.877999999978988,7.796034982038899
11.878999999978985,14.605282286873623
11.879999999978983,19.36196537099731
11.88099999997898,21.39811891614641
11.881999999978978,20.428033104910956
11.882999999978976,16.588189443099058
11.883999999978974,10.4179870356983
11.884999999978971,2.7840200964617567
11.885999999978969,-5.241489911908607
11.886999999978967,-12.531131789280696
11.887999999978964,-18.060591670864813
11.888999999978962,-21.05261510545616
11.88999999997896,-21.086395120759256
11.890999999978957,-18.156919540626152
11.891999999978955,-12.675818905262405
11.892999999978953,-5.413517949503693
11.89399999997895,2.6091748126596293
11.894999999978948,10.264719717476394
11.895999999978946,16.47743590416
11.896999999978943,20.37465695812765
11.897999999978941,21.40920540238354
11.898999999978939,19.43605386165224
11.899999999978936,14.732521193049296
11.900999999978934,7.959264099588036
11.901999999978932,0.06756866597975253
11.90299999997893,-7.834095939959721
11.903999999978927,-14.635628189647157
11.904999999978925,-19.381199704813618
11.905999999978922,-21.403648022691954
11.90699999997892,-20.418423081709374
11.907999999978918,-16.563775564758167
11.908999999978915,-10.381428001726645
11.909999999978913,-2.7403924773041846
11.91099999997891,5.285324457956098
11.911999999978908,12.56784123878507
11.912999999978906,18.0839951683406
11.913999999978904,21.059062344652332
11.914999999978901,21.07543211740422
11.915999999978899,18.13106372824621
11.916999999978897,12.639631108425466
11.917999999978894,5.372412627525165
11.918999999978892,-2.6499164704550577
11.91999999997889,-10.300472644945911
11.920999999978887,-16.50433524286621
11.921999999978885,-20.389564385714323
11.922999999978883,-21.40985459421793
11.92399999997888,-19.42151416175906
11.924999999978878,-14.70383489662729
11.925999999978876,-7.919892637481359
11.926999999978873,-0.023263409118197017
11.927999999978871,7.876173759190216
11.928999999978869,14.668375573226468
11.929999999978866,19.39917090415145
11.930999999978864,21.404233512530688
11.931999999978862,20.402218066962202
11.93299999997886,16.534084962873255
11.933999999978857,10.34320033007402
11.934999999978855,2.6990584878964925
11.935999999978852,-5.324692769378379
11.93699999997885,-12.600891156834582
11.937999999978848,-18.107113777653062
11.938999999978845,-21.06937465382772
11.939999999978843,-21.07105312274463
11.94099999997884,-18.111650977723535
11.941999999978838,-12.607003632863895
11.942999999978836,-5.330839183446394
11.943999999978834,2.6940957581534817
11.944999999978831,10.339958496732926
11.945999999978829,16.532439130033637
11.946999999978827,20.401720348649306
11.947999999978824,21.40455022806057
11.948999999978822,19.400352773942192
11.94999999997882,14.670801245014287
11.950999999978817,7.880200875397836
11.951999999978815,-0.017730424313618643
11.952999999978813,-7.913650050172907
11.95399999997881,-14.698265575247962
11.954999999978808,-19.41812824973173
11.955999999978806,-21.40969205030539
11.956999999978803,-20.392750993945302
11.957999999978801,-16.5100147869235
11.958999999978799,-10.307151033208513
11.959999999978796,-2.656047623604614
11.960999999978794,5.367885265474424
11.961999999978792,12.637028790769945
11.96299999997879,18.13010871841044
11.963999999978787,21.075647281360812
11.964999999978785,21.060180915888353
11.965999999978782,18.08613581212577
11.96699999997878,12.571347946008357
11.967999999978778,5.290370682969768
11.968999999978776,-2.734191738839354
11.969999999978773,-10.375144387312908
11.97099999997877,-16.55891820515003
11.971999999978769,-20.41639939402455
11.972999999978766,-21.40518600760164
11.973999999978764,-19.386017252888557
11.974999999978762,-14.642518139379222
11.97599999997876,-7.841389090835739
11.976999999978757,0.061387497195340104
11.977999999978755,7.955080667152057
11.978999999978752,14.730465899490339
11.97999999997875,19.435742955123093
11.980999999978748,21.410173357739424
11.981999999978745,20.37671245391527
11.982999999978743,16.480732092477034
11.98399999997874,10.269503711866049
11.984999999978738,2.6153743009937362
11.985999999978736,-5.406608557167771
11.986999999978734,-12.669533381438749
11.987999999978731,-18.152845102844058
11.988999999978729,-21.085781148860153
11.989999999978727,-21.05584636045518
11.990999999978724,-18.066988402735323
11.991999999978722,-12.53918170589288
11.99299999997872,-5.249403370913927
11.993999999978717,2.777697078804378
11.994999999978715,10.41398497324061
11.995999999978713,16.586506735600256
11.99699999997871,20.428255887326067
11.997999999978708,21.399849481772172
11.998999999978706,19.365095894597758
11.999999999978703,14.60995462502068
12.000999999978701,7.802319562083434
12.001999999978699,-0.10170284408353593
12.002999999978696,-7.991917200947583
12.003999999978694,-14.759835233121416
12.004999999978692,-19.45435783602747
12.00599999997869,-21.41550446123541
12.006999999978687,-20.36734827707112
12.007999999978685,-16.456988156262604
12.008999999978682,-10.233971773805392
12.00999999997868,-2.5730118180837205
12.010999999978678,5.44910773787398
12.011999999978675,12.705035222103369
12.012999999978673,18.175363304318584
12.01399999997867,21.091815794320368
12.014999999978668,21.04501485802554
12.015999999978666,18.041783985724976
12.016999999978664,12.504052893602564
12.017999999978661,5.209592431981012
12.018999999978659,-2.8171028991300675
12.019999999978657,-10.448541295358362
12.020999999978654,-16.61249347637034
12.021999999978652,-20.442635077920926
12.02299999997865,-21.400411195990657
12.023999999978647,-19.350923417542862
12.024999999978645,-14.582058926544091
12.025999999978643,-7.764079166269077
12.02699999997864,0.14467426484466303
12.027999999978638,8.03264261384808
12.028999999978636,14.791417840057472
12.029999999978633,19.47154218581883
12.030999999978631,21.41581437387787
12.031999999978629,20.351424728080968
12.032999999978626,16.428084806647465
12.033999999978624,10.196903485684235
12.034999999978622,2.533025818709229
12.03599999997862,-5.487134563823584
12.036999999978617,-12.736925099631224
12.037999999978615,-18.197639785444757
12.038999999978612,-21.101696287628897
12.03999999997861,-21.040663280026656
12.040999999978608,-18.022862665797135
12.041999999978605,-12.472336293289008
12.042999999978603,-5.16924874849332
12.0439999999786,2.859890330125736
12.044999999978598,10.486672352425394
12.045999999978596,16.63949084409191
12.046999999978594,20.45411493966968
12.047999999978591,21.39497435368726
12.048999999978589,19.33019222038551
12.049999999978587,14.549940997874833
12.050999999978584,7.7256364065418595
12.051999999978582,-0.18427766995681877
12.05299999997858,-8.06878130543499
12.053999999978577,-14.82019175791089
12.054999999978575,-19.489733749472965
12.055999999978573,-21.4209426452416
12.05699999997857,-20.342104268285713
12.057999999978568,-16.404632461826576
12.058999999978566,-10.161883450840039
12.059999999978563,-2.4913359128679673
12.060999999978561,5.52889021353849
12.061999999978559,12.77172196766877
12.062999999978556,18.219602551011807
12.063999999978554,21.107415344678042
12.064999999978552,21.029806436401454
12.06599999997855,17.997923562814098
12.066999999978547,12.437715977984539
12.067999999978545,5.130106929247019
12.068999999978542,-2.8985657572118737
12.06999999997854,-10.5205356092545
12.070999999978538,-16.66490739583557
12.071999999978535,-20.468113182407826
12.072999999978533,-21.395389294974276
12.07399999997853,-19.316128781793363
12.074999999978528,-14.522404854513526
12.075999999978526,-7.687969265739348
12.076999999978524,0.22653252648867697
12.077999999978521,8.108746174468262
12.07899999997852,14.851084655568627
12.079999999978517,19.506408932644025
12.080999999978514,21.421006171921015
12.081999999978512,20.326234687409663
12.08299999997851,16.376069798024705
12.083999999978507,10.125383409205067
12.084999999978505,2.452056077573895
12.085999999978503,-5.566174522380903
12.0869999999785,-12.802930273904527
12.087999999978498,-18.241341001613595
12.088999999978496,-21.11696431100408
12.089999999978494,-21.025370851062778
12.090999999978491,-17.97918192043783
12.091999999978489,-12.406429411625263
12.092999999978487,-5.090396343557692
12.093999999978484,2.94059855792616
12.094999999978482,10.55789861926991
12.09599999997848,16.69124149282878
12.096999999978477,20.479140551984997
12.097999999978475,21.389782763979603
12.098999999978473,19.29553426319625
12.09999999997847,14.490702291064851
12.100999999978468,7.650150627964671
12.101999999978466,-0.2653985366671574
12.102999999978463,-8.144136965922687
12.10399999997846,-14.879195631533351
12.104999999978459,-19.524101946170898
12.105999999978456,-21.425859549234442
12.106999999978454,-20.316899329790626
12.107999999978452,-16.352871969130877
12.10899999997845,-10.090864506800328
12.109999999978447,-2.4110551900034323
12.110999999978445,5.607145845292937
12.111999999978442,12.836963042437686
12.11299999997844,18.262679137115967
12.113999999978438,21.12229793109226
12.114999999978435,21.014427577303657
12.115999999978433,17.954464077072515
12.11699999997843,12.372296641723224
12.117999999978428,5.051928769453407
12.118999999978426,-2.978513059602804
12.119999999978424,-10.591017234925884
12.120999999978421,-16.716022737086192
12.121999999978419,-20.49268869940309
12.122999999978417,-21.38998777144064
12.123999999978414,-19.28153161248398
12.124999999978412,-14.463498843673557
12.12599999997841,-7.613054455335079
12.126999999978407,0.30691492233937673
12.127999999978405,8.183298838872512
12.128999999978403,14.909342049057042
12.1299999999784,19.540204765190367
12.130999999978398,21.42561561970627
12.131999999978396,20.301032972588448
12.132999999978393,16.324616424554332
12.133999999978391,10.054920921405955
12.134999999978389,2.3724931363866153
12.135999999978386,-5.643654312209171
12.136999999978384,-12.86743964895425
12.137999999978382,-18.283820045928184
12.13899999997838,-21.131455248160716
12.139999999978377,-21.00985594588833
12.140999999978375,-17.935865385236355
12.141999999978372,-12.341423394806439
12.14299999997837,-5.012856204475153
12.143999999978368,3.0197661227305237
12.144999999978365,10.627570993431371
12.145999999978363,16.741642262560067
12.14699999997836,20.503209255579698
12.147999999978358,21.384161503061026
12.148999999978356,19.261034666021786
12.149999999978354,14.432188722356733
12.150999999978351,7.575856291756098
12.151999999978349,-0.3450274934813059
12.152999999978347,-8.217908439245102
12.153999999978344,-14.936744577038699
12.154999999978342,-19.55734836660014
12.15599999997834,-21.430145442906486
12.156999999978337,-20.291643251305953
12.157999999978335,-16.30164815037385
12.158999999978333,-10.020895589523116
12.15999999997833,-2.332191342969804
12.160999999978328,5.6838157939719425
12.161999999978326,12.900671466392783
12.162999999978323,18.304490683430956
12.163999999978321,21.136360388401286
12.164999999978319,20.998788724073385
12.165999999978316,17.911341740332535
12.166999999978314,12.307765133376275
12.167999999978312,4.975065543262641
12.16899999997831,-3.0569018765440106
12.169999999978307,-10.6599148023599
12.170999999978305,-16.76575039078697
12.171999999978302,-20.516267680830165
12.1729999999783,-21.38412106812341
12.173999999978298,-19.24706643473999
12.174999999978295,-14.405304055488806
12.175999999978293,-7.5393308351093635
12.17699999997829,0.38579284798173774
12.177999999978288,8.25624447308504
12.178999999978286,14.96611504161491
12.179999999978284,19.572846922510617
12.180999999978281,21.42956398489794
12.181999999978279,20.275755748494547
12.182999999978277,16.27368416839013
12.183999999978274,9.985503680570831
12.184999999978272,2.294353556591713
12.18599999997827,-5.719531836414251
12.186999999978267,-12.930392434822243
12.187999999978265,-18.325006657962117
12.188999999978263,-21.145099576064318
12.18999999997826,-20.99405948751925
12.190999999978258,-17.892872280798354
12.191999999978256,-12.277300713639486
12.192999999978253,-4.9366355172562075
12.193999999978251,3.0973632141850387
12.194999999978249,10.695642244352081
12.195999999978246,16.79063594853225
12.196999999978244,20.526262400140876
12.197999999978242,21.378058817260186
12.19899999997824,19.22665553702183
12.199999999978237,14.374380908891833
12.200999999978235,7.502754290218991
12.201999999978232,-0.42314460465105014
12.20299999997823,-8.290060648113712
12.203999999978228,-14.992794243501965
12.204999999978225,-19.589426261421927
12.205999999978223,-21.43375800258005
12.20699999997822,-20.266303911909763
12.207999999978218,-16.25094302922816
12.208999999978216,-9.95197449981925
12.209999999978214,-2.2547571677491622
12.210999999978212,5.758875204238381
12.21199999997821,12.962814845285708
12.212999999978207,18.34500258487253
12.213999999978205,21.14957117959453
12.214999999978202,20.982865835881125
12.2159999999782,17.86854296021892
12.216999999978198,12.244119426441921
12.217999999978195,4.89952602365327
12.218999999978193,-3.1337150319905036
12.21999999997819,-10.727206258427122
12.220999999978188,-16.814067429233454
12.221999999978186,-20.5388301128678
12.222999999978184,-21.37777504729207
12.223999999978181,-19.212726686395868
12.224999999978179,-14.347821742839734
12.225999999978177,-7.46680631523476
12.226999999978174,0.4631539913213021
12.227999999978172,8.327569241038557
12.22899999997817,15.021391211358148
12.229999999978167,19.604326845605943
12.230999999978165,21.432848088975042
12.231999999978163,20.250405545338424
12.23299999997816,16.223280375787148
12.233999999978158,9.917141933879192
12.234999999978156,2.217647940320965
12.235999999978153,-5.793798801827536
12.236999999978151,-12.991784889127329
12.237999999978149,-18.364902998912143
12.238999999978146,-21.157905517240287
12.239999999978144,-20.977994637242812
12.240999999978142,-17.850218460075418
12.24199999997814,-12.214076915224583
12.242999999978137,-4.861746305713587
12.243999999978135,3.1733841728840493
12.244999999978132,10.762114983594042
12.24599999997813,16.83823398485513
12.246999999978128,20.548319235490467
12.247999999978125,21.371499265754114
12.248999999978123,19.192423063285165
12.24999999997812,14.317302358047394
12.250999999978118,7.430861209963988
12.251999999978116,-0.49974365114964847
12.252999999978114,-8.360599751856352
12.253999999978111,-15.047363300412371
12.254999999978109,-19.620364904844124
12.255999999978107,-21.436733333452885
12.256999999978104,-20.24091909193005
12.257999999978102,-16.200790263468253
12.2589999999781,-9.88412522016798
12.259999999978097,-2.1787625609737007
12.260999999978095,5.832330768874419
12.261999999978093,13.023416552870506
12.26299999997809,18.384252421828464
12.263999999978088,21.161977288832066
12.264999999978086,20.966708779357926
12.265999999978083,17.82611315227243
12.266999999978081,12.181393416543035
12.267999999978079,4.825326872814026
12.268999999978076,-3.208956517851579
12.269999999978074,-10.792916743617294
12.270999999978072,-16.861017491987656
12.27199999997807,-20.560432590718936
12.272999999978067,-21.3710115226255
12.273999999978065,-19.178570531030065
12.274999999978062,-14.291097696495633
12.27599999997806,-7.3955070436176955
12.276999999978058,0.5389965245216349
12.277999999978055,8.39729692272042
12.278999999978053,15.0752175222159
12.27999999997805,19.63470876283026
12.280999999978048,21.43554074984406
12.281999999978046,20.22505351318491
12.282999999978044,16.173464136212072
12.283999999978041,9.849873699921881
12.284999999978039,2.142386974979507
12.285999999978037,-5.866474352061945
12.286999999978034,-13.051664233503645
12.287999999978032,-18.403578478300798
12.28899999997803,-21.169955368335586
12.289999999978027,-20.96174511653126
12.290999999978025,-17.80797704868843
12.291999999978023,-12.151803681581844
12.29299999997802,-4.788210742055921
12.293999999978018,3.2478403738699573
12.294999999978016,10.827033447342522
12.295999999978013,16.884508031503177
12.296999999978011,20.569469316202678
12.297999999978009,21.364577944296656
12.298999999978006,19.15842441146187
12.299999999978004,14.261019631542213
12.300999999978002,7.360212970836441
12.301999999978,-0.5748252436952321
12.302999999977997,-8.429563684457046
12.303999999977995,-15.100522466668293
12.304999999977992,-19.65025846015894
12.30599999997799,-21.439176134446566
12.306999999977988,-20.215589324801265
12.307999999977985,-16.151271799605077
12.308999999977983,-9.817399042695422
12.30999999997798,-2.104220223818387
12.310999999977978,5.904210965417337
12.311999999977976,13.082543010596408
12.312999999977974,18.42233585362061
12.313999999977971,21.173690576411662
12.31499999997797,20.95043002809619
12.315999999977967,17.78414944157071
12.316999999977964,12.119654813720443
12.317999999977962,4.7524962540684115
12.31899999997796,-3.2826424005570605
12.319999999977957,-10.857105026683914
12.320999999977955,-16.906694425077994
12.321999999977953,-20.581191301500816
12.32299999997795,-21.363952908203512
12.323999999977948,-19.144709360641368
12.324999999977946,-14.235216341217482
12.325999999977943,-7.325478124448303
12.326999999977941,0.6133216177444318
12.327999999977939,8.465475453734365
12.328999999977936,15.127682545775468
12.329999999977934,19.66410991280158
12.330999999977932,21.437771685089587
12.33199999997793,20.199823681481597
12.332999999977927,16.12433619453715
12.333999999977925,9.78376191467223
12.334999999977923,2.0685864327441212
12.33599999997792,-5.937592674388303
12.336999999977918,-13.110110375666432
12.337999999977916,-18.441147968989647
12.338999999977913,-21.181383146088887
12.33999999997791,-20.945445385102435
12.340999999977909,-17.7662639875039
12.341999999977906,-12.09056189427744
12.342999999977904,-4.716062894347982
12.343999999977902,3.3207498220330525
12.3449999999779,10.890465674025585
12.345999999977897,16.92956704356941
12.346999999977895,20.589847543714143
12.347999999977892,21.357436938609368
12.34899999997789,19.12478891288858
12.349999999977888,14.20563099500564
12.350999999977885,7.290862686972166
12.351999999977883,-0.6483892566328497
12.35299999997788,-8.49700574012295
12.353999999977878,-15.152371363179112
12.354999999977876,-19.67923920181803
12.355999999977874,-21.441232962853768
12.356999999977871,-20.190454942556666
12.357999999977869,-16.10250197809642
12.358999999977867,-9.751868083786558
12.359999999977864,-2.031149658997779
12.360999999977862,5.974551954410394
12.36199999997786,13.140281281834925
12.362999999977857,18.459378904066764
12.363999999977855,21.184858544893583
12.364999999977853,20.934177973025317
12.36599999997785,17.74278028884193
12.366999999977848,12.058994028822287
12.367999999977846,4.681073669377397
12.368999999977843,-3.3547898519514154
12.369999999977841,-10.919842781521716
12.370999999977839,-16.951214568240175
12.371999999977836,-20.60125110394515
12.372999999977834,-21.356752372829
12.373999999977832,-19.111283211821686
12.37499999997783,-14.180284916679065
12.375999999977827,-7.256778881856977
12.376999999977825,0.6861262997673163
12.377999999977822,8.532158771700054
12.37899999997782,15.17888970800066
12.379999999977818,19.692668837764526
12.380999999977815,21.439695232048223
12.381999999977813,20.174864612848335
12.38299999997781,16.076018541145245
12.383999999977808,9.718884888957273
12.384999999977806,1.996269932723849
12.385999999977804,-6.007188205577139
12.386999999977801,-13.167211043824617
12.387999999977799,-18.47774025869525
12.388999999977797,-21.192340709476543
12.389999999977794,-20.929249149538183
12.390999999977792,-17.72521334726472
12.39199999997779,-12.030447256199723
12.392999999977787,-4.6453467401385495
12.393999999977785,3.3921263811933047
12.394999999977783,10.952481393422515
12.39599999997778,16.97352683434756
12.396999999977778,20.60959960226276
12.397999999977776,21.350231436165735
12.398999999977773,19.091659588927204
12.399999999977771,14.15124736473115
12.400999999977769,7.222873746953571
12.401999999977766,-0.7204285856182095
12.402999999977764,-8.562975976274375
12.403999999977762,-15.20301010078141
12.40499999997776,-19.707443212297957
12.405999999977757,-21.44305680488438
12.406999999977755,-20.165664461567122
12.407999999977752,-16.054604161258617
12.40899999997775,-9.687613444888333
12.409999999977748,-1.9595785542329391
12.410999999977745,6.043383126152121
12.411999999977743,13.19671352872775
12.41299999997774,18.495504863548547
12.413999999977738,21.19562828621905
12.414999999977736,20.918102938068536
12.415999999977734,17.702138319655386
12.416999999977731,11.999507618081232
12.417999999977729,4.6111063441907945
12.418999999977727,-3.425407303883877
12.419999999977724,-10.981192640577587
12.420999999977722,-16.99468575791353
12.42199999997772,-20.62074979760115
12.422999999977717,-21.34955835487777
12.423999999977715,-19.078430472433165
12.424999999977713,-14.126412597459137
12.42599999997771,-7.1894743001336785
12.426999999977708,0.7573985109378661
12.427999999977706,8.597389061115914
12.428999999977703,15.228929211137306
12.429999999977701,19.72051090543987
12.430999999977699,21.44145428068532
12.431999999977696,20.150316772975554
12.432999999977694,16.028629757180703
12.433999999977692,9.655323046525744
12.43499999997769,1.9254688931448716
12.435999999977687,-6.0752824913125645
12.436999999977685,-13.22303732220001
12.437999999977682,-18.513465699487938
12.43899999997768,-21.2029620497141
12.439999999977678,-20.913295273628346
12.440999999977675,-17.684949596033686
12.441999999977673,-11.971552749784422
12.44299999997767,-4.576111214852919
12.443999999977668,3.461971499277988
12.444999999977666,11.013131733725672
12.445999999977664,17.016480640597287
12.446999999977661,20.628847518093842
12.44799999997766,21.34309509186455
12.448999999977657,19.059163137963985
12.449999999977654,14.097971061772162
12.450999999977652,7.156310237302393
12.45199999997765,-0.7909257934388638
12.452999999977648,-8.627505474358289
12.453999999977645,-15.25251342127408
12.454999999977643,-19.73497806120114
12.45599999997764,-21.444772824290908
12.456999999977638,-20.14134316859303
12.457999999977636,-16.007686495586512
12.458999999977634,-9.624711460202041
12.459999999977631,-1.8895413421350065
12.460999999977629,6.1107161267340935
12.461999999977627,13.251895247564542
12.462999999977624,18.530804842488706
12.463999999977622,21.20611350246906
12.46499999997762,20.902325271575577
12.465999999977617,17.66233389972829
12.466999999977615,11.941280953092713
12.467999999977613,4.542643305838742
12.46899999997761,-3.494488253832612
12.469999999977608,-11.041190865335887
12.470999999977606,-17.03718137800083
12.471999999977603,-20.6397872379616
12.472999999977601,-21.342483070018563
12.473999999977599,-19.046260146094628
12.474999999977596,-14.073690308198923
12.475999999977594,-7.123625093298275
12.476999999977592,0.8271155279102551
12.47799999997759,8.661184029698806
12.478999999977587,15.277856058335253
12.479999999977585,19.747720235678006
12.480999999977582,21.44315005974177
12.48199999997758,20.126284378028146
12.482999999977578,15.98226278333561
12.483999999977575,9.59314560199486
12.484999999977573,1.856219831862038
12.48599999997757,-6.141876043378582
12.486999999977568,-13.277625948316379
12.487999999977566,-18.54839152950694
12.488999999977564,-21.213335144800983
12.489999999977561,-20.897680098170223
12.490999999977559,-17.645564189874953
12.491999999977557,-11.913952653224808
12.492999999977554,-4.5084037317920975
12.493999999977552,3.5302704519185726
12.49499999997755,11.072435920106898
12.495999999977547,17.058478271359103
12.496999999977545,20.647664259138427
12.497999999977543,21.33611365199812
12.49899999997754,19.02738622584792
12.499999999977538,14.045877975554065
12.500999999977536,7.091227315930906
12.501999999977533,-0.8598533655374678
12.502999999977531,-8.690597375429137
12.503999999977529,-15.300913928756268
12.504999999977526,-19.761900691221673
12.505999999977524,-21.446454044102165
12.506999999977522,-20.117569974497805
12.50799999997752,-15.96182307900528
12.508999999977517,-9.563221657535435
12.509999999977515,-1.821075447294664
12.510999999977512,6.176540001884682
12.51199999997751,13.3058426674907
12.512999999977508,18.56531932872452
12.513999999977505,21.216372878923124
12.514999999977503,20.886913561947587
12.5159999999775,17.62343616509236
12.516999999977498,11.884374576294276
12.517999999977496,4.475728781775485
12.518999999977494,-3.562010113781481
12.519999999977491,-11.099838808995978
12.520999999977489,-17.078725799302646
12.521999999977487,-20.658406896908165
12.522999999977484,-21.335582802409373
12.523999999977482,-19.014833579218436
12.52499999997748,-14.022176315108092
12.525999999977477,-7.059278990818043
12.526999999977475,0.8952459831511416
12.527999999977473,8.723532171360574
12.52899999997747,15.325679414915168
12.529999999977468,19.774324784796683
12.530999999977466,21.444825091941983
12.531999999977463,20.10281858190624
12.532999999977461,15.936970585800776
12.533999999977459,9.532400537316182
12.534999999977456,1.7885598377602163
12.535999999977454,-6.206946971651067
12.536999999977452,-13.330972453116352
12.53799999997745,-18.582530645421617
12.538999999977447,-21.223488027200847
12.539999999977445,-20.882442759346258
12.540999999977442,-17.60710211510033
12.54199999997744,-11.857692032360728
12.542999999977438,-4.442263882330557
12.543999999977435,3.5969937890590264
12.544999999977433,11.130377894299052
12.54599999997743,17.099518562118476
12.546999999977428,20.66606320171287
12.547999999977426,21.32931294561915
12.548999999977424,18.99636363088898
12.549999999977421,13.995007387014978
12.550999999977419,7.027663938661655
12.551999999977417,-0.9271772981205363
12.552999999977414,-8.752226520530883
12.553999999977412,-15.34819804256962
12.55499999997741,-19.788210400483237
12.555999999977407,-21.448112410119563
12.556999999977405,-20.094367788433832
12.557999999977403,-15.917044883847579
12.5589999999774,-9.503179318730112
12.559999999977398,-1.7542162963814876
12.560999999977396,6.2408232830746035
12.561999999977393,13.358531866313507
12.562999999977391,18.599034631957252
12.563999999977389,21.226404455286666
12.564999999977386,20.87187773511147
12.565999999977384,17.585465733007794
12.566999999977382,11.828817386971192
12.56799999997738,4.410396598260999
12.568999999977377,-3.627938058316144
12.569999999977375,-11.157104709355426
12.570999999977372,-17.11929406283152
12.57199999997737,-20.676593609763305
12.572999999977368,-21.328854074179887
12.573999999977366,-18.984159540929735
12.574999999977363,-13.971890772292152
12.57599999997736,-6.996465315273828
12.576999999977359,0.9617547332443741
12.577999999977356,8.784396640115743
12.578999999977354,15.372365157904557
12.579999999977352,19.800297367811897
12.58099999997735,21.44646262023972
12.581999999977347,20.079915371472726
12.582999999977345,15.892762712376218
12.583999999977342,9.473110125282398
12.58499999997734,1.722521464671982
12.585999999977338,-6.270456245299634
12.586999999977335,-13.38303606405251
12.587999999977333,-18.615845636108556
12.58899999997733,-21.23339148601822
12.589999999977328,-20.867566197231305
12.590999999977326,-17.569560989823433
12.591999999977324,-11.80278391134811
12.592999999977321,-4.377718865823611
12.593999999977319,3.6621032391910338
12.594999999977317,11.186912954171877
12.595999999977314,17.139556010912877
12.596999999977312,20.684003961536767
12.59799999997731,21.322663140907615
12.598999999977307,18.966080289803617
12.599999999977305,13.945361397311268
12.600999999977303,6.9656395670373605
12.6019999999773,-0.9928628711258657
12.602999999977298,-8.812347123091895
12.603999999977296,-15.394314696253995
12.604999999977293,-19.813857497976578
12.605999999977291,-21.44970626520741
12.606999999977289,-20.071708755452562
12.607999999977286,-15.873341934179711
12.608999999977284,-9.444594133673794
12.609999999977282,-1.6889924338980251
12.61099999997728,6.303521946094466
12.611999999977277,13.409908894847117
12.612999999977275,18.631893919501362
12.613999999977272,21.236156126031386
12.61499999997727,20.857177569853302
12.615999999977268,17.548399980803175
12.616999999977265,11.774607814551722
12.617999999977263,4.346666902035134
12.61899999997726,-3.692232503307028
12.619999999977258,-11.212934525290615
12.620999999977256,-17.158824729747913
12.621999999977254,-20.694286757184432
12.622999999977251,-21.32224536046137
12.623999999977249,-18.954202801385247
12.624999999977247,-13.922819861425728
12.625999999977244,-6.935193946659457
12.626999999977242,1.0266091158092905
12.62799999997724,8.84372604981711
12.628999999977237,15.417849883454588
12.629999999977235,19.825571044451777
12.630999999977233,21.448001287797897
12.63199999997723,20.057527483534212
12.632999999977228,15.849612706503978
12.633999999977226,9.415272672348381
12.634999999977223,1.6581283889397658
12.635999999977221,-6.332357698094504
12.636999999977219,-13.433754147609656
12.637999999977216,-18.648265781026286
12.638999999977214,-21.242976328735764
12.639999999977212,-20.85299228717016
12.64099999997721,-17.532901903147696
12.641999999977207,-11.749214199608558
12.642999999977205,-4.314781668149071
12.643999999977202,3.725560193430367
12.6449999999772,11.241981880841795
12.645999999977198,17.178518714684653
12.646999999977195,20.701411728622055
12.647999999977193,21.316096815571825
12.64899999997719,18.936485556295757
12.649999999977188,13.896913303329994
12.650999999977186,6.905155367265037
12.651999999977184,-1.0568809427832315
12.652999999977181,-8.870905831817506
12.653999999977179,-15.439193481356318
12.654999999977177,-19.8387640958424
12.655999999977174,-21.451160939200726
12.656999999977172,-20.049531766821524
12.65799999997717,-15.830675236397445
12.658999999977167,-9.387454786211515
12.659999999977165,-1.6254219948669777
12.660999999977163,6.364590697914129
12.66199999997716,13.459907377341976
12.662999999977158,18.663818776159044
12.663999999977156,21.245548212681186
12.664999999977153,20.842743146455057
12.665999999977151,17.512188483015652
12.666999999977149,11.72172201390884
12.667999999977146,4.284545864112826
12.668999999977144,-3.7548579727026747
12.669999999977142,-11.267268254409148
12.67099999997714,-17.19724147165587
12.671999999977137,-20.711404182431238
12.672999999977135,-21.315680023488017
12.673999999977132,-18.924902867668816
12.67499999997713,-13.874927661723792
12.675999999977128,-6.875458586905515
12.676999999977125,1.0897848463815274
12.677999999977123,8.901468812856956
12.67899999997712,15.46206177829458
12.679999999977118,19.850063679000755
12.680999999977116,21.449359995147926
12.681999999977114,20.035586091198915
12.682999999977111,15.807473563241466
12.68399999997711,9.358869526281792
12.684999999977107,1.5953929117652108
12.685999999977104,-6.392609768197504
12.686999999977102,-13.483061632795948
12.6879999999771,-18.67971151067083
12.688999999977097,-21.25215950521727
12.689999999977095,-20.838645993863373
12.690999999977093,-17.49706821275746
12.69199999997709,-11.696952469547364
12.692999999977088,-4.253452257833092
12.693999999977086,3.7873343242415562
12.694999999977084,11.295528235003225
12.695999999977081,17.216331985252896
12.696999999977079,20.718203946387646
12.697999999977077,21.30953499438947
12.698999999977074,18.907514960196682
12.699999999977072,13.849622019226633
12.70099999997707,6.846199244172916
12.701999999977067,-1.1192130516070757
12.702999999977065,-8.927856304162185
12.703999999977063,-15.482766701481287
12.70499999997706,-19.86285059944518
12.705999999977058,-21.452395998362896
12.706999999977056,-20.02776667202736
12.707999999977053,-15.78899456734309
12.70899999997705,-9.33173781738367
12.709999999977049,-1.5635113803298577
12.710999999977046,6.423994333193835
12.711999999977044,13.50846834324377
12.712999999977042,18.694734767272116
12.71399999997704,21.25450120766343
12.714999999977037,20.828500908996
12.715999999977035,17.47677375737957
12.716999999977032,11.670126396496007
12.71799999997703,4.2240282400813065
12.718999999977028,-3.8157908755068504
12.719999999977025,-11.320056971801966
12.720999999977023,-17.234477002887363
12.72199999997702,-20.727869686506647
12.722999999977018,-21.30908354248597
12.723999999977016,-18.896197157444043
12.724999999977014,-13.828172042722679
12.725999999977011,-6.817243163558207
12.726999999977009,1.1512699880580162
12.727999999977007,8.957586920757848
12.728999999977004,15.504942282076561
12.729999999977002,19.87370445915662
12.730999999977,21.450465577966238
12.731999999976997,20.014025787801394
12.732999999976995,15.76629654940966
12.733999999976993,9.30387512905838
12.73499999997699,1.5343158690614829
12.735999999976988,-6.451185690735945
12.736999999976986,-13.530909858815994
12.737999999976983,-18.7101192615673
12.738999999976981,-21.260871494991253
12.739999999976979,-20.824461475989345
12.740999999976976,-17.46200674492872
12.741999999976974,-11.64596532680585
12.742999999976972,-4.193721302872254
12.74399999997697,3.8474099949582783
12.744999999976967,11.347513955062846
12.745999999976965,17.25294092494667
12.746999999976962,20.73431669443872
12.74799999997696,21.302913656073986
12.748999999976958,18.879113158412075
12.749999999976955,13.803448307050772
12.750999999976953,6.788753140379096
12.75199999997695,-1.1798540046613348
12.752999999976948,-8.983171257924834
12.753999999976946,-15.52498915139546
12.754999999976944,-19.886060417145508
12.755999999976941,-21.453351424709282
12.756999999976939,-20.006358288409402
12.757999999976937,-15.748257004125009
12.758999999976934,-9.277418151846375
12.759999999976932,-1.5032563876349279
12.76099999997693,6.481716077740891
12.761999999976927,13.555556807249763
12.762999999976925,18.724593886702724
12.763999999976923,21.26296092917903
12.76499999997692,20.814398020098245
12.765999999976918,17.442111456920582
12.766999999976916,11.619790907434387
12.767999999976913,4.165101966091434
12.768999999976911,-3.875024135828687
12.769999999976909,-11.371275947307865
12.770999999976906,-17.270492779040495
12.771999999976904,-20.74363651245362
12.772999999976902,-21.3024074964195
12.7739999999769,-18.86804216247186
12.774999999976897,-13.782520120575665
12.775999999976895,-6.7605295152972875
12.776999999976892,1.211066000255007
12.77799999997689,9.012065471156111
12.778999999976888,15.546462668110623
12.779999999976885,19.896455150223325
12.780999999976883,21.451275740992344
12.78199999997688,19.992806016311405
12.782999999976878,15.726048197201852
12.783999999976876,9.250267298315148
12.784999999976874,1.4748888845396573
12.785999999976871,-6.508079461648622
12.786999999976869,-13.577279808349024
12.787999999976867,-18.739460044413796
12.788999999976864,-21.269077571819032
12.789999999976862,-20.810403080758437
12.79099999997686,-17.42768563944139
12.791999999976857,-11.596228708487498
12.792999999976855,-4.135575329912081
12.793999999976853,3.905788821945636
12.79499999997685,11.397929150722721
12.795999999976848,17.28832597649384
12.796999999976846,20.749723756059634
12.797999999976843,21.296203638992814
12.798999999976841,18.851251936419484
12.799999999976839,13.758368447396778
12.800999999976836,6.732800592863422
12.801999999976834,-1.2388113428844534
12.802999999976832,-9.036848884607046
12.80399999997683,-15.565850454358857
12.804999999976827,-19.908376408989756
12.805999999976825,-21.454005841327792
12.806999999976822,-19.985283878475514
12.80799999997682,-15.70844128929408
12.808999999976818,-9.22447846736817
12.809999999976815,-1.4446454277074086
12.810999999976813,6.5377608125413085
12.81199999997681,13.601170838124267
12.812999999976808,18.753388092344483
12.813999999976806,21.270914572292327
12.814999999976804,20.800418685259093
12.815999999976802,17.4081847481221
12.8169999999768,11.570699563363759
12.817999999976797,4.107753536732119
12.818999999976795,-3.9325675568083356
12.819999999976792,-11.420930537732984
12.82099999997679,-17.30528946167542
12.821999999976788,-20.758700836981145
12.822999999976785,-21.295644175564053
12.823999999976783,-18.840427181749845
12.82499999997678,-13.737959296651418
12.825999999976778,-6.705304341924059
12.826999999976776,1.2691856749978878
12.827999999976774,9.064915604264636
12.828999999976771,15.586631418612374
12.829999999976769,19.918320772205735
12.830999999976767,21.45179149868513
12.831999999976764,19.971923555868734
12.832999999976762,15.686721177362344
12.83399999997676,9.1980351067515
12.834999999976757,1.417098327592185
12.835999999976755,-6.563306171023348
12.836999999976753,-13.622186517837632
12.83799999997675,-18.76774718684042
12.838999999976748,-21.27678772661129
12.839999999976746,-20.79647605804231
12.840999999976743,-17.394104424052955
12.841999999976741,-11.547736036071809
12.842999999976739,-4.079001984377348
12.843999999976736,3.9624878554620953
12.844999999976734,11.446793799452445
12.845999999976732,17.322507750829793
12.84699999997673,20.764443808584364
12.847999999976727,21.28941916166144
12.848999999976725,18.823938911307884
12.849999999976722,13.714382016911662
12.85099999997672,6.6783326563886485
12.851999999976718,-1.2961019131116587
12.852999999976715,-9.08891220760382
12.853999999976713,-15.605377132407602
12.85499999997671,-19.92982526367021
12.855999999976708,-21.454382532386976
12.856999999976706,-19.964559991129654
12.857999999976704,-15.669554625466999
12.858999999976701,-9.172915137893336
12.859999999976699,-1.3876639667260995
12.860999999976697,6.592152562523365
12.861999999976694,13.645341153050294
12.862999999976692,18.781150927312407
12.86399999997669,21.278394054308013
12.864999999976687,20.786588748773802
12.865999999976685,17.375009579903153
12.866999999976683,11.522855784827742
12.86799999997668,4.05197282649418
12.868999999976678,-3.9884439928418276
12.869999999976676,-11.469053703385738
12.870999999976673,-17.33890597443905
12.871999999976671,-20.77310240015335
12.872999999976669,-21.288828666231417
12.873999999976666,-18.813377610882835
12.874999999976664,-13.69450139829364
12.875999999976662,-6.651563774725702
12.87699999997666,1.325648590495483
12.877999999976657,9.116170428161876
12.878999999976655,15.625491027286213
12.879999999976652,19.93934760920189
12.88099999997665,21.452056614996785
12.881999999976648,19.9514134858238
12.882999999976645,15.648336736065938
12.883999999976643,9.147182590505787
12.88499999997664,1.3609299502699315
12.885999999976638,-6.61689689868734
12.886999999976636,-13.665674046943908
12.887999999976634,-18.795031946518492
12.888999999976631,-21.28405346121927
12.889999999976629,-20.782724974360885
12.890999999976627,-17.36129432997673
12.891999999976624,-11.500500507322315
12.892999999976622,-4.023994139935702
12.89399999997662,4.017534045918338
12.894999999976617,11.4941513865149
12.895999999976615,17.355540584490843
12.896999999976613,20.778534703405704
12.89799999997661,21.282613592653934
12.898999999976608,18.79721541763736
12.899999999976606,13.67151228211533
12.900999999976603,6.625350894445025
12.901999999976601,-1.3517465266582291
12.902999999976599,-9.139401962453416
12.903999999976596,-15.643624550359426
12.904999999976594,-19.950469521792947
12.905999999976592,-21.45454260755979
12.90699999997659,-19.944237733949116
12.907999999976587,-15.631630789496318
12.908999999976585,-9.122739577603765
12.909999999976582,-1.3322990699246215
12.91099999997658,6.644927219419367
12.911999999976578,13.68812196811398
12.912999999976575,18.807947654834912
12.913999999976573,21.285466741521113
12.91499999997657,20.7729682971277
12.915999999976568,17.342630247010455
12.916999999976566,11.476281642558643
12.917999999976564,3.9977562652942655
12.918999999976561,-4.042682529562621
12.91999999997656,-11.515696341962299
12.920999999976557,-17.371408212848582
12.921999999976554,-20.78691308334755
12.922999999976552,-21.28202886217011
12.92399999997655,-18.786947809924957
12.924999999976547,-13.652179480346215
12.925999999976545,-6.599314680522145
12.926999999976543,1.3804753410062787
12.92799999997654,9.165875439855633
12.928999999976538,15.663105818595957
12.929999999976536,19.9596100328474
12.930999999976533,21.452145224307774
12.931999999976531,19.931339340016812
12.932999999976529,15.610938816642303
12.933999999976526,9.097727761163217
12.934999999976524,1.3063730573450687
12.935999999976522,-6.6688898293532
12.93699999997652,-13.707802990764815
12.937999999976517,-18.82138906325167
12.938999999976515,-21.290953338192548
12.939999999976513,-20.769221267048295
12.94099999997651,-17.3293096265006
12.941999999976508,-11.454551502388737
12.942999999976506,-3.9705519897040173
12.943999999976503,4.07095663313115
12.9449999999765,11.540056714130547
12.945999999976499,17.387497367833863
12.946999999976496,20.792077362619143
12.947999999976494,21.275864637842297
12.948999999976492,18.771145072614743
12.94999999997649,13.629799799727904
12.950999999976487,6.573867000997628
12.951999999976485,-1.4057641522356044
12.952999999976482,-9.188365301569444
12.95399999997648,-15.680661608952338
12.954999999976478,-19.970390320706784
12.955999999976475,-21.454568169866135
12.956999999976473,-19.924388716463724
12.95799999997647,-15.594720854861718
12.958999999976468,-9.073975110776024
12.959999999976466,-1.278542949965057
12.960999999976464,6.696122708805767
12.961999999976461,13.729576158929511
12.962999999976459,18.833857409213604
12.963999999976457,21.292217036813042
12.964999999976454,20.759635242778106
12.965999999976452,17.311107285791618
12.96699999997645,11.43101180933364
12.967999999976447,3.945107766783767
12.968999999976445,-4.095310622205095
12.969999999976443,-11.560913506368431
12.97099999997644,-17.402871194092043
12.971999999976438,-20.800217433877936
12.972999999976436,-21.275327061887324
12.973999999976433,-18.761206351356225
12.974999999976431,-13.611038819503536
12.975999999976429,-6.548572717346988
12.976999999976426,1.4336820781138166
12.977999999976424,9.2140763528047
12.978999999976422,15.699544695627543
12.97999999997642,19.979190529917425
12.980999999976417,21.452141899919315
12.981999999976415,19.911775996165016
12.982999999976412,15.574582179560894
12.98399999997641,9.04969765518798
12.984999999976408,1.253423229409661
12.985999999976405,-6.719320178046549
12.986999999976403,-13.748634405382548
12.9879999999764,-18.84689688406772
12.988999999976398,-21.297572050820698
12.989999999976396,-20.75604417028943
12.990999999976394,-17.29821307347743
12.991999999976391,-11.409926617656966
12.992999999976389,-3.9186828096400954
12.993999999976387,4.122779577858737
12.994999999976384,11.58456154172365
12.995999999976382,17.418450361264142
12.99699999997638,20.80515442183887
12.997999999976377,21.26925377646436
12.998999999976375,18.745796874658605
12.999999999976373,13.589291547840006
13.00099999997637,6.523899501657644
13.001999999976368,-1.4581671582955156
13.002999999976366,-9.235843616365276
13.003999999976363,-15.716552820498686
13.004999999976361,-19.98966620417172
13.005999999976359,-21.454540802234018
13.006999999976356,-19.90508620892219
13.007999999976354,-15.55887965210329
13.008999999976352,-9.026650629474219
13.00999999997635,-1.2263947174101117
13.010999999976347,6.745769378325701
13.011999999976345,13.76975911550363
13.012999999976342,18.858952757910956
13.01399999997634,21.29872449034484
13.014999999976338,20.746665029436265
13.015999999976335,17.280501599323948
13.016999999976333,11.38708431490942
13.01799999997633,3.8940373989552133
13.018999999976328,-4.146347326945658
13.019999999976326,-11.604750484230083
13.020999999976324,-17.43335992667611
13.021999999976321,-20.81309099067791
13.022999999976319,-21.268798767546908
13.023999999976317,-18.7362182394378
13.024999999976314,-13.571125020570603
13.025999999976312,-6.499357970131602
13.02699999997631,1.4852767544076897
13.027999999976307,9.260807760451426
13.028999999976305,15.734863817855464
13.029999999976303,19.998158817760384
13.0309999999763,21.452120119672273
13.031999999976298,19.892790485777674
13.032999999976296,15.539318214714514
13.033999999976293,9.003121101152917
13.034999999976291,1.2020830226535775
13.035999999976289,-6.768211687519736
13.036999999976286,-13.788214716827685
13.037999999976284,-18.87161780865849
13.038999999976282,-21.303979140396926
13.03999999997628,-20.743260666165824
13.040999999976277,-17.268059881440898
13.041999999976275,-11.366661838320859
13.042999999976272,-3.8683986716904357
13.04399999997627,4.1730160350399474
13.044999999976268,11.627702059419848
13.045999999976265,17.44845345002103
13.046999999976263,20.81782976064874
13.04799999997626,21.262845923288637
13.048999999976258,18.721227815264026
13.049999999976256,13.550028875681832
13.050999999976254,6.475468670793406
13.051999999976251,-1.5089587786882703
13.05299999997625,-9.281862797786719
13.053999999976247,-15.751342772429764
13.054999999976244,-20.008353988966203
13.055999999976242,-21.454521516649084
13.05699999997624,-19.88638695664424
13.057999999976238,-15.524151947025208
13.058999999976235,-8.980793006199997
13.059999999976233,-1.1758600167883158
13.06099999997623,6.793883159457669
13.061999999976228,13.808705720334812
13.062999999976226,18.883282360272677
13.063999999976224,21.305044581526726
13.064999999976221,20.73411221315796
13.065999999976219,17.25085937301521
13.066999999976217,11.34453084094513
13.067999999976214,3.8445583348865275
13.068999999976212,-4.195799353855213
13.06999999997621,-11.64723248556492
13.070999999976207,-17.462914235692267
13.071999999976205,-20.82558240243661
13.072999999976203,-21.262494596718
13.0739999999762,-18.71202911114467
13.074999999976198,-13.532472651926263
13.075999999976196,-6.451689524075864
13.076999999976193,1.535257949580235
13.077999999976191,9.30608561933989
13.078999999976189,15.769093869923141
13.079999999976186,20.016555729456584
13.080999999976184,21.452125036468633
13.081999999976182,19.87442603688783
13.08299999997618,15.50518242936958
13.083999999976177,8.958021315523585
13.084999999976175,1.1523606036745622
13.085999999976172,-6.815571870498986
13.08699999997617,-13.82656560029425
13.087999999976168,-18.895584289353074
13.088999999976165,-21.31021310682694
13.089999999976163,-20.730909918403306
13.09099999997616,-17.238884594758375
13.091999999976158,-11.324782620127584
13.092999999976156,-3.8197128629582293
13.093999999976154,4.221666213199624
13.094999999976151,11.669491434399708
13.095999999976149,17.477530505751098
13.096999999976147,20.830134357384978
13.097999999976144,21.256674761951718
13.098999999976142,18.69746970407683
13.09999999997614,13.51203758437619
13.100999999976137,6.428591146263818
13.101999999976135,-1.5581333351815325
13.102999999976133,-9.32642838752264
13.10399999997613,-15.785046988583945
13.104999999976128,-20.026476683408426
13.105999999976126,-21.45453744421768
13.106999999976123,-19.868318479276695
13.107999999976121,-15.490562055986773
13.108999999976119,-8.936420371775366
13.109999999976116,-1.126948779465627
13.110999999976114,6.840463157466005
13.111999999976112,13.846423736285212
13.11299999997611,18.90686116542385
13.113999999976107,21.311197141928044
13.114999999976105,20.721998723494217
13.115999999976102,17.22220175999518
13.1169999999761,11.303369174784065
13.117999999976098,3.796683002508495
13.118999999976095,-4.2436608221045935
13.119999999976093,-11.688360468783099
13.12099999997609,-17.491541348335964
13.121999999976088,-20.837703872937677
13.122999999976086,-21.25642993624406
13.123999999976084,-18.688655504975202
13.124999999976081,-13.495097402030131
13.125999999976079,-6.405580482033959
13.126999999976077,1.5836164375858435
13.127999999976074,9.349905322721591
13.128999999976072,15.802235031299686
13.12999999997607,20.03438586540249
13.130999999976067,21.452164872223634
13.131999999976065,19.85669339208695
13.132999999976063,15.472186830602755
13.13399999997606,8.914410298837716
13.134999999976058,1.1042668010678065
13.135999999976056,-6.8613920386114255
13.136999999976053,-13.863681219207427
13.137999999976051,-18.91879376654183
13.138999999976049,-21.316274801031636
13.139999999976046,-20.71899604283065
13.140999999976044,-17.2106941932216
13.141999999976042,-11.284298181800846
13.14299999997604,-3.7726360296633086
13.143999999976037,4.268718990557683
13.144999999976035,11.709919104322923
13.145999999976032,17.505672571754275
13.14699999997603,20.842061831693748
13.147999999976028,21.250737285992503
13.148999999976025,18.674523432881344
13.149999999976023,13.475322625523392
13.15099999997602,6.383275674448247
13.151999999976018,-1.6056790014584148
13.152999999976016,-9.369526614818977
13.153999999976014,-15.817651222856234
13.154999999976011,-20.04402122615321
13.155999999976009,-21.454578372815657
13.156999999976007,-19.850874871721977
13.157999999976004,-15.458109423144315
13.158999999976002,-8.89353796918466
13.159999999976,-1.0796717881981677
13.160999999975997,6.885494048564901
13.161999999975995,13.882894969004905
13.162999999975993,18.92967028274267
13.16399999997599,21.317165009126853
13.164999999975988,20.710311490061795
13.165999999975986,17.194521757116455
13.166999999975983,11.263599667953283
13.167999999975981,3.750419483077701
13.168999999975979,-4.289916570327958
13.169999999975976,-11.728113842581633
13.170999999975974,-17.519217727934773
13.171999999975972,-20.849431945431594
13.17299999997597,-21.250584587965903
13.173999999975967,-18.666083381604277
13.174999999975965,-13.458993594540187
13.175999999975962,-6.3610346952386765
13.17699999997596,1.6303389307206848
13.177999999975958,9.392245544073372
13.178999999975956,15.834260509983014
13.179999999975953,20.051620413536433
13.18099999997595,21.452212670513372
13.181999999975949,19.839571233085184
13.182999999975946,15.44031889365666
13.183999999975944,8.872286379908429
13.184999999975942,1.0578114290538576
13.18599999997594,-6.905651832935502
13.186999999975937,-13.89953311119587
13.187999999975935,-18.941213329991193
13.188999999975932,-21.32213126709373
13.18999999997593,-20.707490596973873
13.190999999975928,-17.183468831232407
13.191999999975925,-11.245200294522329
13.192999999975923,-3.727173057739477
13.19399999997592,4.314156650022481
13.194999999975918,11.748956603214536
13.195999999975916,17.532844077931387
13.196999999975914,20.85357425227648
13.197999999975911,21.244998410172187
13.198999999975909,18.65236171581956
13.199999999975907,13.439868509191303
13.200999999975904,6.339521014105203
13.201999999975902,-1.651582245590688
13.2029999999759,-9.411130700770116
13.203999999975897,-15.849118862726929
13.204999999975895,-20.06094603858006
13.205999999975893,-21.454603431617887
13.20699999997589,-19.83402167501758
13.207999999975888,-15.426770937149321
13.208999999975886,-8.852137493266584
13.209999999975883,-1.0340370079418806
13.210999999975881,6.928952376976835
13.211999999975879,13.918083432795095
13.212999999975876,18.951665968864425
13.213999999975874,21.322902632332575
13.214999999975872,20.699009470476664
13.21599999997587,17.1677886319634
13.216999999975867,11.22520636145678
13.217999999975865,3.705769066292861
13.218999999975862,-4.3345479543376575
13.21999999997586,-11.766458926240427
13.220999999975858,-17.54589911349248
13.221999999975855,-20.860717783038343
13.222999999975853,-21.244911875141014
13.22399999997585,-18.644274760440386
13.224999999975848,-13.424137363148672
13.225999999975846,-6.3180459368129265
13.226999999975844,1.675412905648901
13.227999999975841,9.433076503717402
13.228999999975839,15.865127195717742
13.229999999975837,20.068208773598105
13.230999999975834,21.45221730288919
13.231999999975832,19.823015024470386
13.23299999997583,15.40954696040556
13.233999999975827,8.831635334643797
13.234999999975825,1.012999869095947
13.235999999975823,-6.948326809913623
13.23699999997582,-13.934080981213686
13.237999999975818,-18.96279228874182
13.238999999975816,-21.327728378052726
13.239999999975813,-20.69634352389232
13.240999999975811,-17.157169530307232
13.241999999975809,-11.207466585090387
13.242999999975806,-3.683321438403649
13.243999999975804,4.35796132059101
13.244999999975802,11.786568004863147
13.2459999999758,17.558995906372026
13.246999999975797,20.86461605210996
13.247999999975795,21.23940381102009
13.248999999975792,18.63093904618118
13.24999999997579,13.405644938742306
13.250999999975788,6.29731639034319
13.251999999975785,-1.695832705992649
13.252999999975783,-9.45121047037593
13.25399999997578,-15.879404011616138
13.254999999975778,-20.07719580621053
13.255999999975776,-21.454555535308266
13.256999999975774,-19.81770796337498
13.257999999975771,-15.396508940870419
13.258999999975769,-8.812199848219713
13.259999999975767,-0.9900466340807131
13.260999999975764,6.970814881061856
13.261999999975762,13.951947960200833
13.26299999997576,18.972794816503942
13.263999999975757,21.328351753551747
13.264999999975755,20.688037641841117
13.265999999975753,17.141958252129545
13.26699999997575,11.188162168816723
13.267999999975748,3.6627255054491425
13.268999999975746,-4.3775394813567745
13.269999999975743,-11.803360610739432
13.270999999975741,-17.571535632987974
13.271999999975739,-20.87150366038549
13.272999999975736,-21.239354224879172
13.273999999975734,-18.62318020990973
13.274999999975732,-13.39049427815988
13.27599999997573,-6.27659955639715
13.276999999975727,1.7188312042741132
13.277999999975725,9.472370236940677
13.278999999975722,15.894790210008663
13.27999999997572,20.084095393726184
13.280999999975718,21.452120261090517
13.281999999975715,19.80697141857517
13.282999999975713,15.379830229916545
13.28399999997571,8.792434537543755
13.284999999975708,0.9698307636218585
13.285999999975706,-6.989396925807894
13.286999999975704,-13.967286219442752
13.287999999975701,-18.983478867358354
13.2889999999757,-21.333008400342404
13.289999999975697,-20.685499140253377
13.290999999975694,-17.131750353056184
13.291999999975692,-11.171067179063119
13.29299999997569,-3.6410714274883964
13.293999999975687,4.4001213539985935
13.294999999975685,11.82272197528904
13.295999999975683,17.584081463181228
13.29699999997568,20.875131895164845
13.297999999975678,21.23389710468486
13.298999999975676,18.6102057886276
13.299999999975674,13.372615843287372
13.300999999975671,6.256644193184908
13.301999999975669,-1.738427220414455
13.302999999975667,-9.489742564780318
13.303999999975664,-15.908466475751219
13.304999999975662,-20.092719162225677
13.30599999997566,-21.454379305892257
13.306999999975657,-19.801882008417596
13.307999999975655,-15.367282453200914
13.308999999975653,-8.773700358815981
13.30999999997565,-0.947695561282126
13.310999999975648,7.011066559059093
13.311999999975646,13.984455683270808
13.312999999975643,18.99301077644502
13.31399999997564,21.333459601243316
13.314999999975639,20.67734383339502
13.315999999975636,17.116986214242203
13.316999999975634,11.152436476000775
13.317999999975632,3.621276034659101
13.31899999997563,-4.418884510764524
13.319999999975627,-11.838793976332433
13.320999999975625,-17.596087713255745
13.321999999975622,-20.881740945823307
13.32299999997562,-21.233860717965115
13.323999999975618,-18.602753525345765
13.324999999975615,-13.358029118093029
13.325999999975613,-6.236675999075766
13.32699999997561,1.7605952399761258
13.327999999975608,9.510110060413815
13.328999999975606,15.923217297740242
13.329999999975604,20.09923707100091
13.330999999975601,21.451873452206268
13.331999999975599,19.7913940708402
13.332999999975597,15.351130404620376
13.333999999975594,8.754658838394693
13.334999999975592,0.9282953325892702
13.33599999997559,-7.028853654756756
13.336999999975587,-13.999124434127909
13.337999999975585,-19.003236385942337
13.338999999975583,-21.337927555710227
13.33999999997558,-20.674912635282542
13.340999999975578,-17.107171556069044
13.341999999975576,-11.135972702918908
13.342999999975573,-3.6004078188788333
13.343999999975571,4.440635985949766
13.344999999975569,11.85740217948651
13.345999999975566,17.60807134832739
13.346999999975564,20.885083545276487
13.347999999975562,21.22843656029603
13.34899999997556,18.59012242173743
13.349999999975557,13.340749194997757
13.350999999975555,6.217484045138222
13.351999999975552,-1.7793720237258572
13.35299999997555,-9.526718546311415
13.353999999975548,-15.936284602084115
13.354999999975545,-20.10748443812906
13.355999999975543,-21.45403752905391
13.35699999997554,-19.786506157387215
13.357999999975538,-15.339058426271027
13.358999999975536,-8.736614885875662
13.359999999975534,-0.9069715642882922
13.360999999975531,7.049706385670261
13.361999999975529,14.015592793888654
13.362999999975527,19.01228941892323
13.363999999975524,21.33819464257067
13.364999999975522,20.66689377611878
13.36599999997552,17.092840120432882
13.366999999975517,11.118002982985931
13.367999999975515,3.581403747788097
13.368999999975513,-4.458588596930631
13.36999999997551,-11.872752821795688
13.370999999975508,-17.619538550507414
13.371999999975506,-20.89140474032644
13.372999999975503,-21.22840184825754
13.373999999975501,-18.582964573216877
13.374999999975499,-13.326715056732892
13.375999999975496,-6.1982551234703305
13.376999999975494,1.8007160703872616
13.377999999975492,9.546296806147634
13.37899999997549,15.95039928436566
13.379999999975487,20.11361612640363
13.380999999975485,21.45145323552411
13.381999999975482,19.776256594436646
13.38299999997548,15.323421800412934
13.383999999975478,8.718286487608925
13.384999999975475,0.888378373570875
13.385999999975473,-7.066703963263044
13.38699999997547,-14.029593764703362
13.387999999975468,-19.02205469119063
13.388999999975466,-21.342468944181483
13.389999999975464,-20.66456268616599
13.390999999975461,-17.083410175939846
13.391999999975459,-11.102161432024998
13.392999999975457,-3.5613127462074887
13.393999999975454,4.479517173943568
13.394999999975452,11.890613409726056
13.39599999997545,17.630962844868435
13.396999999975447,20.89446134669858
13.397999999975445,21.223006960226055
13.398999999975443,18.570670151181645
13.39999999997544,13.310024956964247
13.400999999975438,6.179817063703584
13.401999999975436,-1.8186826623982637
13.402999999975433,-9.562148898981102
13.403999999975431,-15.962862718555696
13.404999999975429,-20.121489445127974
13.405999999975426,-21.453521887880694
13.406999999975424,-19.771567037885934
13.407999999975422,-15.311820052206267
13.40899999997542,-8.700925162000312
13.409999999975417,-0.8678570235540902
13.410999999975415,7.086749327099341
13.411999999975412,14.045369918757942
13.41299999997541,19.030635843709167
13.413999999975408,21.34255588552574
13.414999999975405,20.656680501028845
13.415999999975403,17.069507805161678
13.4169999999754,11.084845690907645
13.417999999975398,3.543090615449026
13.418999999975396,-4.496669747806541
13.419999999975394,-11.905253052600715
13.420999999975392,-17.64190006660166
13.42199999997539,-20.900501516012625
13.422999999975387,-21.222977764839424
13.423999999975385,-18.56380701816299
13.424999999975382,-13.29653986810727
13.42599999997538,-6.161320120250976
13.426999999975378,1.839213194563535
13.427999999975375,9.580950384930105
13.428999999975373,15.976354086869874
13.42999999997537,20.12724623392755
13.430999999975368,21.450867227607638
13.431999999975366,19.76155940813928
13.432999999975364,15.296697341417524
13.433999999975361,8.683303536205234
13.434999999975359,0.8500605698467295
13.435999999975357,-7.102970293495063
13.436999999975354,-14.058717047806466
13.437999999975352,-19.039954119190014
13.43899999997535,-21.34664770617916
13.439999999975347,-20.654457100265134
13.440999999975345,-17.060465411004913
13.441999999975343,-11.069623746765657
13.44299999997534,-3.523768704577384
13.443999999975338,4.516788307181641
13.444999999975336,11.922382088651547
13.445999999975333,17.652782049123115
13.446999999975331,20.903287624236096
13.447999999975329,21.217623780369834
13.448999999975326,18.551855318324517
13.449999999975324,13.280439178968209
13.450999999975322,6.143629179106583
13.45199999997532,-1.856381794081125
13.452999999975317,-9.596062128733506
13.453999999975315,-15.988231554272591
13.454999999975312,-20.134763081708897
13.45599999997531,-21.45285550235271
13.456999999975308,-19.757078690921155
13.457999999975305,-15.285570113350223
13.458999999975303,-8.666621988584154
13.4599999999753,-0.8303316426186692
13.460999999975298,7.122224356941843
13.461999999975296,14.073821031528436
13.462999999975294,19.04808455396716
13.463999999975291,21.346573685418242
13.464999999975289,20.646725965196364
13.465999999975287,17.046999599488988
13.466999999975284,11.052961573993173
13.467999999975282,3.5063203047817195
13.46899999997528,-4.533155725956907
13.469999999975277,-11.936330360321035
13.470999999975275,-17.66321119410594
13.471999999975273,-20.909068185600386
13.47299999997527,-21.2176182394595
13.473999999975268,-18.54529922306654
13.474999999975266,-13.267507705693717
13.475999999975263,-6.125860026012172
13.476999999975261,1.8761115344210346
13.477999999975259,9.614106563326864
13.478999999975256,16.00112363190524
13.479999999975254,20.140169836945915
13.480999999975252,21.450152545726247
13.48199999997525,19.747329065784164
13.482999999975247,15.27096912625245
13.483999999975245,8.64970565220697
13.484999999975242,0.8133214178261968
13.48599999997524,-7.13768681314052
13.486999999975238,-14.086537658561339
13.487999999975235,-19.056981425529422
13.488999999975233,-21.350507564108597
13.48999999997523,-20.644630449226494
13.490999999975228,-17.03835772003426
13.491999999975226,-11.03836290085381
13.492999999975224,-3.4877609865110664
13.493999999975221,4.552480326593159
13.494999999975219,11.952751375618801
13.495999999975217,17.67357855575813
13.496999999975214,20.911611631367702
13.497999999975212,21.212329089729398
13.49899999997521,18.533706849643913
13.499999999975207,13.25200341759398
13.500999999975205,6.108912700194424
13.501999999975203,-1.8924955844202551
13.5029999999752,-9.62849951550778
13.503999999975198,-16.012441984031593
13.504999999975196,-20.14735887666218
13.505999999975193,-21.452087142295433
13.506999999975191,-19.743078272588686
13.507999999975189,-15.260328822579051
13.508999999975186,-8.633705597568003
13.509999999975184,-0.7943753819550304
13.510999999975182,7.156169253141882
13.51199999997518,14.100996609665911
13.512999999975177,19.06469185389824
13.513999999975175,21.35030240299876
13.514999999975172,20.637074991940214
13.51599999997517,17.025344434100987
13.516999999975168,11.022359457040329
13.517999999975165,3.4710800785985687
13.518999999975163,-4.568079292447857
13.51999999997516,-11.966033177329436
13.520999999975158,-17.68352944666577
13.521999999975156,-20.91716341469715
13.522999999975154,-21.212374917738646
13.523999999975151,-18.527478541420518
13.52499999997515,-13.239636286020897
13.525999999975147,-6.091870269420079
13.526999999975144,1.9114375104738257
13.527999999975142,9.645810116695975
13.52899999997514,16.024764961632524
13.529999999975137,20.15244839133177
13.530999999975135,21.449366523769704
13.531999999975133,19.733610748198334
13.53299999997513,15.246263783353436
13.533999999975128,8.617497052961458
13.534999999975126,0.7781419669635604
13.535999999975123,-7.1708931641634255
13.536999999975121,-14.113110541820518
13.537999999975119,-19.07319929033132
13.538999999975116,-21.35411023164729
13.539999999975114,-20.635134856558665
13.540999999975112,-17.017122299930474
13.54199999997511,-11.008392151320221
13.542999999975107,-3.4532789346850556
13.543999999975105,4.5866264463265685
13.544999999975103,11.981772524211848
13.5459999999751,17.693414595920515
13.546999999975098,20.919497944829974
13.547999999975096,21.20718080749744
13.548999999975093,18.516267889695325
13.54999999997509,13.224739951758496
13.550999999975089,6.075665838062989
13.551999999975086,-1.9270497408275828
13.552999999975084,-9.65950718936472
13.553999999975082,-16.03555419299666
13.55499999997508,-20.159342711674544
13.555999999975077,-21.451279200630392
13.556999999975075,-19.72961596004173
13.557999999975072,-15.236127097281587
13.55899999997507,-8.602183277330802
13.559999999975068,-0.7599708250505585
13.560999999975065,7.188623761397305
13.561999999975063,14.126953225739603
13.56299999997506,19.080523277184767
13.563999999975058,21.353807399112867
13.564999999975056,20.627783641953048
13.565999999975054,17.004581225663394
13.566999999975051,10.993055652458159
13.567999999975049,3.437361337517688
13.568999999975047,-4.601472784346118
13.569999999975044,-11.994413081531883
13.570999999975042,-17.702918449309973
13.57199999997504,-20.924853990723136
13.572999999975037,-21.207308418347978
13.573999999975035,-18.510390953673134
13.574999999975033,-13.212950530544395
13.57599999997503,-6.05935123978639
13.576999999975028,1.945215306380921
13.577999999975026,9.676106406925074
13.578999999975023,16.047338263655835
13.579999999975021,20.1641484912413
13.580999999975019,21.448572855920975
13.581999999975016,19.720456358139405
13.582999999975014,15.222614191202233
13.583999999975012,8.586687029158373
13.58499999997501,0.7445066622233093
13.585999999975007,-7.202627527330347
13.586999999975005,-14.138491122146581
13.587999999975002,-19.088672597869312
13.588999999975,-21.357520962822502
13.589999999974998,-20.626026827763592
13.590999999974995,-16.996799039368916
13.591999999974993,-10.979729250473731
13.59299999997499,-3.420315759590754
13.593999999974988,4.619256963319511
13.594999999974986,12.009495021969252
13.595999999974984,17.71235186466553
13.596999999974981,20.927011804582982
13.597999999974979,21.202238594200324
13.598999999974977,18.499584211462412
13.599999999974974,13.198674334317333
13.600999999974972,6.043890447157585
13.60199999997497,-1.9600662554889463
13.602999999974967,-9.689127800320968
13.603999999974965,-16.057625424870583
13.604999999974963,-20.17077834842347
13.60599999997496,-21.450493012311444
13.606999999974958,-19.716742106643323
13.607999999974956,-15.212997341111214
13.608999999974953,-8.572065067086369
13.609999999974951,-0.727104387382911
13.610999999974949,7.219623038298142
13.611999999974946,14.151742554989916
13.612999999974944,19.095639689678425
13.613999999974942,21.357150167781736
13.61499999997494,20.618905446464165
13.615999999974937,16.984748125069764
13.616999999974935,10.965067716705986
13.617999999974932,3.4051587477937812
13.61899999997493,-4.633363501966273
13.619999999974928,-12.021515349545272
13.620999999974925,-17.721434980639856
13.621999999974923,-20.932200163462596
13.62299999997492,-21.2024740141893
13.623999999974918,-18.494079078830115
13.624999999974916,-13.187474567730572
13.625999999974914,-6.028305379461615
13.626999999974911,1.9774642981850228
13.627999999974909,9.705033708893357
13.628999999974907,16.068895179063
13.629999999974904,20.175327798266864
13.630999999974902,21.447827111096043
13.6319999999749,19.707911633850063
13.632999999974897,15.200049973681041
13.633999999974895,8.557285126107642
13.634999999974893,0.7124038574304413
13.63599999997489,-7.232920875369422
13.636999999974888,-14.162725149140359
13.637999999974886,-19.10345530790692
13.638999999974883,-21.360794288215438
13.639999999974881,-20.617353837018882
13.640999999974879,-16.97742181111829
13.641999999974876,-10.95238991136644
13.642999999974874,-3.3888670564134067
13.643999999974872,4.6503955180857295
13.64499999997487,12.035958184157664
13.645999999974867,17.730439646946976
13.646999999974865,20.934205443676223
13.647999999974862,21.197550293571897
13.64899999997486,18.483692647721853
13.649999999974858,13.173827398998656
13.650999999974855,6.0135886843941915
13.651999999974853,-1.9915616720868305
13.65299999997485,-9.71739399648234
13.653999999974848,-16.07869961832062
13.654999999974846,-20.181714693767066
13.655999999974844,-21.449775533043436
13.656999999974841,-19.704495182514442
13.65799999997484,-15.190964301034267
13.658999999974837,-8.54335876404077
13.659999999974834,-0.695766119507653
13.660999999974832,7.249193077388259
13.66199999997483,14.175402715673005
13.662999999974828,19.110085786796713
13.663999999974825,21.360375612452078
13.664999999974823,20.610479233817774
13.66599999997482,16.965872568209303
13.666999999974818,10.938408070720095
13.667999999974816,3.3744682661328
13.668999999974814,-4.663771064610972
13.669999999974811,-12.047372119151177
13.670999999974809,-17.739118941641717
13.671999999974807,-20.939243847029914
13.672999999974804,-21.19790971794115
13.673999999974802,-18.478571786198945
13.6749999999748,-13.163224278817426
13.675999999974797,-5.998733645647247
13.676999999974795,2.0081982494157895
13.677999999974793,9.732618240801106
13.67899999997479,16.08947041745567
13.679999999974788,20.18602444912564
13.680999999974786,21.44716542543048
13.681999999974783,19.696005691923407
13.682999999974781,15.178589314958982
13.683999999974779,8.5292963147207
13.684999999974776,0.68182494529709
13.685999999974774,-7.261793836437754
13.686999999974772,-14.185842058635028
13.68799999997477,-19.117581290496563
13.688999999974767,-21.363963627403482
13.689999999974765,-20.60914416341925
13.690999999974762,-16.95900991858996
13.69199999997476,-10.926382002073087
13.692999999974758,-3.3589284842276372
13.693999999974755,4.680057686546255
13.694999999974753,12.06118628856093
13.69599999997475,17.747707234702883
13.696999999974748,20.941108882509877
13.697999999974746,21.193142396093013
13.698999999974744,18.46861253136159
13.699999999974741,13.150208820711155
13.700999999974739,5.984759515635489
13.701999999974737,-2.021547229466068
13.702999999974734,-9.744325281190594
13.703999999974732,-16.098801487394862
13.70499999997473,-20.192177978227253
13.705999999974727,-21.449150726420413
13.706999999974725,-19.692893558602332
13.707999999974723,-15.170038350094945
13.70899999997472,-8.516065572321203
13.709999999974718,-0.6659482439044909
13.710999999974716,7.277349169327163
13.711999999974713,14.19795402143971
13.712999999974711,19.12388379107539
13.713999999974709,21.363504599618178
13.714999999974706,20.60252157623796
13.715999999974704,16.94796463430895
13.716999999974702,10.913079132137279
13.7179999999747,3.34528464049752
13.718999999974697,-4.692707285436983
13.719999999974695,-12.07199974567783
13.720999999974692,-17.75598863368607
13.72199999997469,-20.946002522234995
13.722999999974688,-21.193629669748468
13.723999999974685,-18.46387796574945
13.724999999974683,-13.140202262749714
13.72599999997468,-5.970632290942783
13.726999999974678,2.037426360070239
13.727999999974676,9.758872990376943
13.728999999974674,16.109078604720764
13.729999999974671,20.19625242053326
13.730999999974669,21.446599053930175
13.731999999974667,19.684745512660744
13.732999999974664,15.158234100206402
13.733999999974662,8.502717389741623
13.73499999997466,0.6527624223095091
13.735999999974657,-7.28925679047773
13.736999999974655,-14.207853305463113
13.737999999974653,-19.13106119461935
13.73899999997465,-21.36703716591909
13.739999999974648,-20.601402350673315
13.740999999974646,-16.941563734536278
13.741999999974643,-10.90170190344028
13.742999999974641,-3.3304932608491447
13.743999999974639,4.708252097701505
13.744999999974636,12.085188244130778
13.745999999974634,17.764162269084046
13.746999999974632,20.947727223583346
13.74799999997463,21.189016675892017
13.748999999974627,18.454342118639477
13.749999999974625,13.127813765396175
13.750999999974622,5.957395975164451
13.75199999997462,-2.0500307083340306
13.752999999974618,-9.769928806464224
13.753999999974615,-16.117936235426534
13.754999999974613,-20.202170489061814
13.75599999997461,-21.44861751779129
13.756999999974608,-19.68193295432841
13.757999999974606,-15.150212736884805
13.758999999974604,-8.49017746117158
13.759999999974601,-0.6376428956623283
13.760999999974599,7.304097563016899
13.761999999974597,14.219399902757683
13.762999999974594,19.137033573719652
13.763999999974592,21.366533300587225
13.76499999997459,20.595025444210336
13.765999999974587,16.931015164753127
13.766999999974585,10.889071093755513
13.767999999974583,3.317599068961171
13.76899999997458,-4.72017840409012
13.769999999974578,-12.095400708641051
13.770999999974576,-17.77204214952889
13.771999999974573,-20.95246996595823
13.772999999974571,-21.18962411636765
13.773999999974569,-18.449985736500928
13.774999999974566,-13.118396327646153
13.775999999974564,-5.943990766683823
13.776999999974562,2.065155754099604
13.77799999997456,9.78380034148034
13.778999999974557,16.12771676449547
13.779999999974555,20.20600357698019
13.780999999974552,21.44611572402254
13.78199999997455,19.674116399969495
13.782999999974548,15.138969372985889
13.783999999974546,8.477535427992953
13.784999999974543,0.6252074732564205
13.78599999997454,-7.315312915789482
13.786999999974539,-14.228755701964833
13.787999999974536,-19.14388567826091
13.788999999974534,-21.370000562208844
13.789999999974532,-20.594111015005662
13.79099999997453,-16.925065325183656
13.791999999974527,-10.878333800534913
13.792999999974525,-3.3035501381025663
13.793999999974522,4.734983583248183
13.79499999997452,12.10796151326242
13.795999999974518,17.77979495928425
13.796999999974515,20.95404462355013
13.797999999974513,21.185153375237043
13.79899999997451,18.440860521759713
13.799999999974508,13.106623250700714
13.800999999974506,5.931483830789549
13.801999999974504,-2.0770193612964407
13.802999999974501,-9.79420357559432
13.803999999974499,-16.136094518445347
13.804999999974497,-20.21167565471719
13.805999999974494,-21.44815431414422
13.806999999974492,-19.671589754143508
13.80799999997449,-15.131465197471918
13.808999999974487,-8.465676784171448
13.809999999974485,-0.6108397233801734
13.810999999974483,7.329439631369081
13.81199999997448,14.239732333987622
13.812999999974478,19.149518643954067
13.813999999974476,21.369438940071614
13.814999999974473,20.58796491517303
13.815999999974471,16.914998748185756
13.816999999974469,10.866362716303861
13.817999999974466,3.2913976194888757
13.818999999974464,-4.746188897302997
13.819999999974462,-12.117569195800996
13.82099999997446,-17.78726401302724
13.821999999974457,-20.958623059696198
13.822999999974455,-21.185865451312882
13.823999999974452,-18.436866860084606
13.82499999997445,-13.097781621035018
13.825999999974448,-5.918791212269908
13.826999999974445,2.0913946307810494
13.827999999974443,9.807397498158842
13.82899999997444,16.145371320452146
13.829999999974438,20.215255318772662
13.830999999974436,21.445686883184827
13.831999999974434,19.664087812209733
13.832999999974431,15.12076690585669
13.833999999974429,8.453728550573588
13.834999999974427,0.5991477559638985
13.835999999974424,-7.339963139161863
13.836999999974422,-14.248538473281272
13.83799999997442,-19.156033631679936
13.838999999974417,-21.372825218737187
13.839999999974415,-20.587238014027797
13.840999999974413,-16.909483497312873
13.84199999997441,-10.85625186434889
13.842999999974408,-3.2780823602627573
13.843999999974406,4.760257356983738
13.844999999974403,12.12949890375038
13.845999999974401,17.794586587232413
13.846999999974399,20.960033355525372
13.847999999974396,21.181519571286074
13.848999999974394,18.42813420274606
13.849999999974392,13.086607831768845
13.85099999997439,5.907001903606676
13.851999999974387,-2.1025230555984735
13.852999999974385,-9.81714666247241
13.853999999974382,-16.153260919444875
13.85499999997438,-20.220667625204143
13.855999999974378,-21.44772837066937
13.856999999974375,-19.66182885166916
13.857999999974373,-15.11376316331558
13.85899999997437,-8.442538090455788
13.859999999974368,-0.5855240078670191
13.860999999974366,7.353377228820591
13.861999999974364,14.258939962378008
13.862999999974361,19.16131594890883
13.863999999974359,21.372189919845642
13.864999999974357,20.58130421302032
13.865999999974354,16.89988040358758
13.866999999974352,10.844924698254788
13.86799999997435,3.2666607824560554
13.868999999974347,-4.7707457195341325
13.869999999974345,-12.138498582624495
13.870999999974343,-17.8016348852536
13.87199999997434,-20.96443238962588
13.872999999974338,-21.1823182391352
13.873999999974336,-18.424484786895952
13.874999999974333,-13.078325559670224
13.875999999974331,-5.895009556145629
13.876999999974329,2.1161551761624167
13.877999999974326,9.829663033275887
13.878999999974324,16.16202739610588
13.879999999974322,20.223981356326583
13.88099999997432,21.445278456075666
13.881999999974317,19.654622602746826
13.882999999974315,15.103591626912303
13.883999999974312,8.431268622674269
13.88499999997431,0.5745659765182722
13.885999999974308,-7.363211509601774
13.886999999974305,-14.267191852275616
13.887999999974303,-19.167482812367542
13.8889999999743,-21.37547948530446
13.889999999974298,-20.58074666042869
13.890999999974296,-16.894781595384636
13.891999999974294,-10.835424536407222
13.892999999974291,-3.2540678256501105
13.89399999997429,4.784083013930374
13.894999999974287,12.149796186161995
13.895999999974284,17.808519694222742
13.896999999974282,20.965665154264006
13.89799999997428,21.178080103382264
13.898999999974277,18.41612596042393
13.899999999974275,13.067733392348508
13.900999999974273,5.883923850504265
13.90199999997427,-2.1265567545864243
13.902999999974268,-9.838759618447785
13.903999999974266,-16.16942339444327
13.904999999974264,-20.229122446512378
13.905999999974261,-21.447307140520756
13.906999999974259,-19.65261359613085
13.907999999974257,-15.097070920183288
13.908999999974254,-8.420731499676412
13.909999999974252,-0.5616757835105828
13.91099999997425,7.3759177008188965
13.911999999974247,14.277016550412785
13.912999999974245,19.17240657309257
13.913999999974243,21.374757286053956
13.91499999997424,20.5750083483524
13.915999999974238,16.88562391553239
13.916999999974236,10.824724551043591
13.917999999974233,3.2433642142574777
13.91899999997423,-4.793861786264004
13.919999999974229,-12.158188649436118
13.920999999974226,-17.815141504140367
13.921999999974224,-20.969873521227214
13.922999999974222,-21.17895025568577
13.92399999997422,-18.412803929872048
13.924999999974217,-13.059994055168382
13.925999999974215,-5.872617839605483
13.926999999974212,2.1394554494132523
13.92799999997421,9.850602706989223
13.928999999974208,16.177677742036547
13.929999999974205,20.232162494172478
13.930999999974203,21.4448619808822
13.9319999999742,19.645686962269462
13.932999999974198,15.08740899510793
13.933999999974196,8.410125052656202
13.934999999974194,0.5514396049162742
13.935999999974191,-7.385069503425657
13.936999999974189,-14.284714784857249
13.937999999974187,-19.178219862025422
13.938999999974184,-21.377939585232554
13.939999999974182,-20.57460603803083
13.94099999997418,-16.880925783041786
13.941999999974177,-10.815819643388677
13.942999999974175,-3.2314803493181814
13.943999999974173,4.806477265570564
13.94499999997417,12.168858417641301
13.945999999974168,17.821587089745826
13.946999999974166,20.97092164169563
13.947999999974163,21.17480796122253
13.948999999974161,18.404803844885063
13.949999999974159,13.049967366110305
13.950999999974156,5.8622208570675625
13.951999999974154,-2.149141692094014
13.952999999974152,-9.859053314225553
13.95399999997415,-16.18458107655877
13.954999999974147,-20.23702771893609
13.955999999974145,-21.446868434592638
13.956999999974142,-19.643915045903885
13.95799999997414,-15.081356688455797
13.958999999974138,-8.400226656548707
13.959999999974135,-0.5392701573185941
13.960999999974133,7.397077201823639
13.96199999997413,14.293967430005909
13.962999999974128,19.182784400893738
13.963999999974126,21.377124378768958
13.964999999974124,20.569052413136557
13.965999999974121,16.87219949847098
13.966999999974119,10.805731599459847
13.967999999974117,3.2214804218792716
13.968999999974114,-4.815557790859425
13.969999999974112,-12.176650600034186
13.97099999997411,-17.82778416835797
13.971999999974107,-20.974935883385776
13.972999999974105,-21.175741530740094
13.973999999974103,-18.401797621302183
13.9749999999741,-13.042757309599432
13.975999999974098,-5.851587090285965
13.976999999974096,2.1613197781255624
13.977999999974093,9.870233022484499
13.978999999974091,16.192328911199876
13.979999999974089,20.23979453447459
13.980999999974086,21.444423128012474
13.981999999974084,19.637258375133058
13.982999999974082,15.072191315540858
13.98399999997408,8.390268632795236
13.984999999974077,0.5297417630530994
13.985999999974075,-7.405558153329164
13.986999999974072,-14.301119725927819
13.98799999997407,-19.18824706122196
13.988999999974068,-21.380197367207884
13.989999999974065,-20.568798673099227
13.990999999974063,-16.86789159017049
13.99199999997406,-10.797408952442145
13.992999999974058,-3.210291650163783
13.993999999974056,4.827464734027791
13.994999999974054,12.18670334631227
13.995999999974051,17.833797343264507
13.996999999974049,20.975801111277956
13.997999999974047,21.171691410268817
13.998999999974044,18.394147649503797
13.999999999974042,13.033283731490904
14.00099999997404,5.841864497050357
14.001999999974037,-2.1703049799191185
14.002999999974035,-9.87805000245628
14.003999999974033,-16.198748449530207
14.00499999997403,-20.244388261125444
14.005999999974028,-21.446406771633207
14.006999999974026,-19.63571813066853
14.007999999974023,-15.066597774255525
14.008999999974021,-8.380996208727067
14.009999999974019,-0.5182786968091195
14.010999999974016,7.416881519989806
14.011999999974014,14.309812361016961
14.012999999974012,19.19246056280155
14.01399999997401,21.379292221435584
14.014999999974007,20.563427164066866
14.015999999974005,16.859588824335393
14.016999999974002,10.78792080422401
14.017999999974,3.2009809149989237
14.018999999973998,-4.835861949062222
14.019999999973995,-12.193908668401733
14.020999999973993,-17.839579926143738
14.02199999997399,-20.979627060505646
14.022999999973988,-21.172689137616665
14.023999999973986,-18.391452752856498
14.024999999973984,-13.026593704981332
14.025999999973982,-5.831889983729802
14.02699999997398,2.1817776209227024
14.027999999973977,9.88858169697902
14.028999999973975,16.20600320923097
14.029999999973972,20.24689139110472
14.03099999997397,21.443965526245005
14.031999999973968,19.629329635304437
14.032999999973965,15.057921423688157
14.033999999973963,8.371674438607863
14.03499999997396,0.5094430089322732
14.035999999973958,-7.424707550756754
14.036999999973956,-14.31643342805855
14.037999999973954,-19.197584242243657
14.038999999973951,-21.382263048310996
14.039999999973949,-20.563323726575025
14.040999999973947,-16.855667139321724
14.041999999973944,-10.780171036410938
14.042999999973942,-3.1904735267490048
14.04399999997394,4.847076690856581
14.044999999973937,12.203361166468596
14.045999999973935,17.84517553028719
14.046999999973933,20.980320124083907
14.04799999997393,21.16873620645761
14.048999999973928,18.38415145591285
14.049999999973926,13.017665578961946
14.050999999973923,5.822829030773461
14.051999999973921,-2.1900778214869483
14.052999999973919,-9.895782215577556
14.053999999973916,-16.21195501761428
14.054999999973914,-20.251226552650653
14.055999999973912,-21.44593451309258
14.05699999997391,-19.628023330918566
14.057999999973907,-15.05278259779517
14.058999999973905,-8.363017961858407
14.059999999973902,-0.49867148575681197
14.0609999999739,7.435364329561683
14.061999999973898,14.324584265205356
14.062999999973895,19.201462774529737
14.063999999973893,21.381279529067488
14.06499999997389,20.558139699056
14.065999999973888,16.847786301815507
14.066999999973886,10.771274518821704
14.067999999973884,3.18183826537587
14.068999999973881,-4.854807847275086
14.069999999973879,-12.209998101645004
14.070999999973877,-17.850560915144314
14.071999999973874,-20.98397168403699
14.072999999973872,-21.169806781529893
14.07399999997387,-18.381770137196295
14.074999999973867,-13.011490932363575
14.075999999973865,-5.813502646430402
14.076999999973863,2.2008612677561437
14.07799999997386,9.905685112113343
14.078999999973858,16.2187361870216
14.079999999973856,20.253482929939764
14.080999999973853,21.4435092331003
14.081999999973851,19.621908169087128
14.082999999973849,15.044592990279396
14.083999999973846,8.354323129897502
14.084999999973844,0.49051352217255806
14.085999999973842,-7.442554007677804
14.08699999997384,-14.330693780238223
14.087999999973837,-19.206265695639505
14.088999999973835,-21.384162592644138
14.089999999973832,-20.558195209726467
14.09099999997383,-16.84425247293044
14.091999999973828,-10.76409185466311
14.092999999973825,-3.171999674512175
14.093999999973823,4.865348186628829
14.09499999997382,12.21887092828097
14.095999999973818,17.855759368576383
14.096999999973816,20.98450987609548
14.097999999973814,21.165962691560992
14.098999999973811,18.374821878560432
14.099999999973809,13.003104788811894
14.100999999973807,5.805092617684807
14.101999999973804,-2.2084928676461333
14.102999999973802,-9.912288992769577
14.1039999999738,-16.224240873104815
14.104999999973797,-20.25757822040953
14.105999999973795,-21.445477880306917
14.106999999973793,-19.620843788195003
14.10799999997379,-15.039909329612174
14.108999999973788,-8.346275280570605
14.109999999973786,-0.4804192941838885
14.110999999973783,7.452563491238263
14.111999999973781,14.338324455374622
14.112999999973779,19.20983011642193
14.113999999973776,21.383117741706535
14.114999999973774,20.553209435689716
14.115999999973772,16.836796581461822
14.11699999997377,10.75578190919195
14.117999999973767,3.164027575366869
14.118999999973765,-4.872431071037633
14.119999999973762,-12.224960299296054
14.12099999997376,-17.86076864446055
14.121999999973758,-20.988005625265803
14.122999999973755,-21.16711970387875
14.123999999973753,-18.372760846466594
14.12499999997375,-12.997444306354742
14.125999999973748,-5.796405227032991
14.126999999973746,2.218603038254512
14.127999999973744,9.921583618863881
14.128999999973741,16.23057066047007
14.12999999997374,20.25960850441091
14.130999999973737,21.443084672474296
14.131999999973734,19.615011224527937
14.132999999973732,15.032207656002193
14.13399999997373,8.338200467867015
14.134999999973727,0.4729251176705742
14.135999999973725,-7.459135777827947
14.136999999973723,-14.343943815619722
14.13799999997372,-19.214333265424006
14.138999999973718,-21.38593083708868
14.139999999973716,-20.5534360965307
14.140999999973713,-16.833655487939836
14.141999999973711,-10.749163106103312
14.142999999973709,-3.154846726341298
14.143999999973706,4.882314423837956
14.144999999973704,12.233274787641255
14.145999999973702,17.86559211191116
14.1469999999737,20.988408704041248
14.147999999973697,21.16339894818923
14.148999999973695,18.36617283091684
14.149999999973693,12.989599159818402
14.15099999997369,5.788637239780099
14.151999999973688,-2.2255814502636015
14.152999999973686,-9.92761061836422
14.153999999973683,-16.235649640140977
14.15499999997368,-20.263484147818705
14.155999999973679,-21.44506931753733
14.156999999973676,-19.61419898829679
14.157999999973674,-15.027981788748715
14.158999999973672,-8.330755797786097
14.15999999997367,-0.4634953094784878
14.160999999973667,7.4685165079085145
14.161999999973665,14.351075881419241
14.162999999973662,19.217604987950292
14.16399999997366,21.384842795080164
14.164999999973658,20.5486608424204
14.165999999973655,16.826629268698515
14.166999999973653,10.741436402798161
14.16799999997365,3.1475270422237815
14.168999999973648,-4.888765577775876
14.169999999973646,-12.238836603215752
14.170999999973644,-17.870246046106594
14.171999999973641,-20.9917674019262
14.172999999973639,-21.164656635899767
14.173999999973637,-18.36443983732896
14.174999999973634,-12.984452960724251
14.175999999973632,-5.780581209343308
14.17699999997363,2.235032735657402
14.177999999973627,9.936316092966976
14.178999999973625,16.24154910827108
14.179999999973623,20.265308241880852
14.18099999997362,21.442724016760295
14.181999999973618,19.60865854961665
14.182999999973616,15.020770031554425
14.183999999973613,8.323295343952843
14.184999999973611,0.45665259104361977
14.185999999973609,-7.4744885680373345
14.186999999973606,-14.356224691993841
14.187999999973604,-19.221827766264283
14.188999999973602,-21.387602534191764
14.1899999999736,-20.549070237429433
14.190999999973597,-16.8238858481783
14.191999999973595,-10.735378992793065
14.192999999973592,-3.138994325081021
14.19399999997359,4.898007377752032
14.194999999973588,12.246611783324846
14.195999999973585,17.874714343691885
14.196999999973583,20.992053033561497
14.19799999997358,21.161072160311246
14.198999999973578,18.358218500455397
14.199999999973576,12.977147977264979
14.200999999973574,5.773447480941736
14.201999999973571,-2.2413714200920367
14.202999999973569,-9.941783376525702
14.203999999973567,-16.246220875126046
14.204999999973564,-20.26898157763927
14.205999999973562,-21.444738534189895
14.20699999997356,-19.60810698772306
14.207999999973557,-15.017003932627746
14.208999999973555,-8.316448931301489
14.209999999973553,-0.4478760210568855
14.21099999997355,7.483256399540991
14.211999999973548,14.362876343019401
14.212999999973546,19.224824605818885
14.213999999973543,21.386486088425077
14.214999999973541,20.544515131591922
14.215999999973539,16.81729249368596
14.216999999973536,10.728232022849806
14.217999999973534,3.1323175572758206
14.218999999973532,-4.903840787552716
14.21999999997353,-12.251662493474226
14.220999999973527,-17.87902959202191
14.221999999973525,-20.99528931808388
14.222999999973522,-21.1624411944152
14.22399999997352,-18.356818794787028
14.224999999973518,-12.972515126060832
14.225999999973515,-5.7660157670211785
14.226999999973513,2.2501760022702473
14.22799999997351,9.949915245545677
14.228999999973508,16.251706604145014
14.229999999973506,20.270614590394867
14.230999999973504,21.44245252763419
14.231999999973501,19.60286472813516
14.232999999973499,15.010282083946274
14.233999999973497,8.309596980621757
14.234999999973494,0.44167410229603665
14.235999999973492,-7.488642047371832
14.23699999997349,-14.367569599712992
14.237999999973487,-19.228781152941096
14.238999999973485,-21.38920388017495
14.239999999973483,-20.54511442303461
14.24099999997348,-16.81494867701954
14.241999999973478,-10.722732399953188
14.242999999973476,-3.1244242973916565
14.243999999973473,4.912453541248618
14.244999999973471,12.258912840490217
14.245999999973469,17.88315695542533
14.246999999973466,20.99546932244272
14.247999999973464,21.159000644511977
14.248999999973462,18.350966567631996
14.24999999997346,12.965747343581858
14.250999999973457,5.759508591161507
14.251999999973455,-2.2558861119304137
14.252999999973452,-9.95483572206579
14.25399999997345,-16.255984003650727
14.254999999973448,-20.27409667743969
14.255999999973445,-21.444504740263046
14.256999999973443,-19.602577393250844
14.25799999997344,-15.006974538638822
14.258999999973438,-8.303342978116458
14.259999999973436,-0.433541095884615
14.260999999973434,7.496809066612341
14.261999999973431,14.373753492681587
14.26299999997343,19.23151436720761
14.263999999973427,21.388067144320164
14.264999999973424,20.540783235593143
14.265999999973422,16.808787164730433
14.26699999997342,10.716159689355571
14.267999999973418,3.118381530990295
14.268999999973415,-4.917680112663981
14.269999999973413,-12.263463717210957
14.27099999997341,-17.887143592966428
14.271999999973408,-20.998590745753358
14.272999999973406,-21.160485084697378
14.273999999973404,-18.349900189166945
14.274999999973401,-12.96162383985609
14.275999999973399,-5.752693684295781
14.276999999973397,2.264053944227354
14.277999999973394,9.962404890742691
14.278999999973392,16.2610661461164
14.27999999997339,20.27554638589833
14.280999999973387,21.442282196980035
14.281999999973385,19.597633271432453
14.282999999973383,15.00073847631934
14.28399999997338,8.29709212871706
14.284999999973378,0.427970572962778
14.285999999973376,-7.501618216162126
14.286999999973373,-14.37800016874473
14.287999999973371,-19.235211498893843
14.288999999973369,-21.390746780824415
14.289999999973366,-20.54157273334425
14.290999999973364,-16.806839755318407
14.291999999973362,-10.711211573624858
14.29299999997336,-3.111119224971559
14.293999999973357,4.925673314250844
14.294999999973355,12.270198255936986
14.295999999973352,17.89093711800099
14.29699999997335,20.998669103038488
14.297999999973348,21.157188658546904
14.298999999973345,18.344413487708408
14.299999999973343,12.955386556137515
14.30099999997334,5.746804416525659
14.301999999973338,-2.269144629625146
14.302999999973336,-9.966786795663493
14.303999999973334,-16.2649553192882
14.304999999973331,-20.278840471492757
14.305999999973329,-21.444372089808535
14.306999999973327,-19.597606941980473
14.307999999973324,-14.997883506444195
14.308999999973322,-8.291422607786744
14.30999999997332,-0.42047235594064786
14.310999999973317,7.509192744268787
14.311999999973315,14.383722849698266
14.312999999973313,19.237684738863475
14.31399999997331,21.389589825983155
14.314999999973308,20.537461877075007
14.315999999973306,16.801103414819817
14.316999999973303,10.705204494325695
14.317999999973301,3.1057013210308173
14.318999999973299,-4.930301218170344
14.319999999973296,-12.27425525842333
14.320999999973294,-17.894598066478128
14.321999999973292,-21.00167521543188
14.32299999997329,-21.158784824284993
14.323999999973287,-18.3436740722239
14.324999999973285,-12.951764223315067
14.325999999973282,-5.740597439749555
14.32699999997328,2.276684034725278
14.327999999973278,9.973799770426954
14.328999999973275,16.269637478278387
14.329999999973273,20.280106870056866
14.33099999997327,21.442209250463744
14.331999999973268,19.592953945802183
14.332999999973266,14.992124059729774
14.333999999973264,8.285763023660305
14.334999999973261,0.4155243312913409
14.335999999973259,-7.513431945566353
14.336999999973257,-14.38752617383048
14.337999999973254,-19.241121949650513
14.338999999973252,-21.39222722036926
14.33999999997325,-20.538434547399564
14.340999999973247,-16.799543424185856
14.341999999973245,-10.700798164266544
14.342999999973243,-3.099060843779734
14.34399999997324,4.937682088833676
14.344999999973238,12.280478175767467
14.345999999973236,17.898058132860672
14.346999999973233,21.00164825664488
14.347999999973231,21.155625206342602
14.348999999973229,18.338542975655614
14.349999999973226,12.946046444837433
14.350999999973224,5.735315767047058
14.351999999973222,-2.281163282790926
14.35299999997322,-9.977647526559233
14.353999999973217,-16.273138650942343
14.354999999973215,-20.283209015513986
14.355999999973212,-21.44432935285634
14.35699999997321,-19.593178706783895
14.357999999973208,-14.9897106762043
14.358999999973205,-8.280667409033477
14.359999999973203,-0.40865219591378876
14.3609999999732,7.52041955521917
14.361999999973198,14.392789163012578
14.362999999973196,19.24333228169772
14.363999999973194,21.39104290256256
14.364999999973191,20.53453359502715
14.365999999973189,16.794220061054066
14.366999999973187,10.695344626838475
14.367999999973184,3.094257716571478
14.368999999973182,-4.941717828492575
14.36999999997318,-12.284043241627678
14.370999999973177,-17.901390518706783
14.371999999973175,-21.004531856199886
14.372999999973173,-21.15732264727157
14.37399999997317,-18.338118303556048
14.374999999973168,-12.942912962158788
14.375999999973166,-5.729705962623784
14.376999999973163,2.2880819679048225
14.377999999973161,9.984107818402551
14.378999999973159,16.277419499627776
14.379999999973156,20.284285942303367
14.380999999973154,21.442215943003866
14.381999999973152,19.588803853157838
14.38299999997315,14.984414059612298
14.383999999973147,8.275586606376836
14.384999999973145,0.4043174207462023
14.385999999973142,-7.524093403482936
14.38699999997314,-14.39614840857093
14.387999999973138,-19.246503683382013
14.388999999973136,-21.393627916393758
14.389999999973133,-20.535676522069235
14.39099999997313,-16.79303359070133
14.391999999973129,-10.691467080556539
14.392999999973126,-3.08822871565111
14.393999999973124,4.9484926301092145
14.394999999973122,12.289755749376628
14.39599999997312,17.904512961723444
14.396999999973117,21.004390453179635
14.397999999973115,21.154286914922736
14.398999999973112,18.33332790585682
14.39999999997311,12.937699998236882
14.400999999973108,5.7250196369237
14.401999999973105,-2.2919577157128206
14.402999999973103,-9.987423865485619
14.4039999999731,-16.280529293227744
14.404999999973098,-20.287187507123097
14.405999999973096,-21.444353645893127
14.406999999973094,-19.58926492058963
14.407999999973091,-14.9824273287868
14.408999999973089,-8.271051818182972
14.409999999973087,-0.39806190252191126
14.410999999973084,7.530498614639022
14.411999999973082,14.400950552133727
14.41299999997308,19.248444284124744
14.413999999973077,21.392404547239646
14.414999999973075,20.53197048108923
14.415999999973073,16.788107041323485
14.41699999997307,10.686552138618076
14.417999999973068,3.0840288841325147
14.418999999973066,-4.951942500345935
14.419999999973063,-12.292829080641358
14.420999999973061,-17.907510925910493
14.421999999973059,-21.007140537647608
14.422999999973056,-21.156071096106064
14.423999999973054,-18.333201942042802
14.424999999973052,-12.935040000081306
14.42599999997305,-5.719994356464051
14.426999999973047,2.2982639080053473
14.427999999973045,9.99333411022396
14.428999999973042,16.28440539948362
14.42999999997304,20.288065789872675
14.430999999973038,21.442275909612672
14.431999999973035,19.585151752737403
14.432999999973033,14.97757674774533
14.43399999997303,8.266535143604884
14.434999999973028,0.3943300458657333
14.435999999973026,-7.533611604441967
14.436999999973024,-14.403863770571187
14.437999999973021,-19.25134184850896
14.438999999973019,-21.394924296694104
14.439999999973017,-20.53326777618756
14.440999999973014,-16.787277384834763
14.441999999973012,-10.683188086400843
14.44299999997301,-3.078599512290559
14.443999999973007,4.958118039058938
14.444999999973005,12.298031958203412
14.445999999973003,17.910290274243987
14.446999999973,21.00687359149152
14.447999999972998,21.15314397496168
14.448999999972996,18.328734918433433
14.449999999972993,12.93031497673029
14.450999999972991,5.715889435782181
14.451999999972989,-2.3015451188796936
14.452999999972986,-9.99612115926269
14.453999999972984,-16.287119958978952
14.454999999972982,-20.2907570040088
14.45599999997298,-21.44441698746341
14.456999999972977,-19.585832453880087
14.457999999972975,-14.975999810569718
14.458999999972972,-8.262546367535538
14.45999999997297,-0.3886803293484271
14.460999999972968,7.539439768519705
14.461999999972965,14.408204159786775
14.462999999972963,19.25300555821265
14.46399999997296,21.393649339492427
14.464999999972958,20.529740413643037
14.465999999972956,16.782730005013455
14.466999999972954,10.678795238494406
14.467999999972951,3.074990028500179
14.468999999972949,-4.960989567492383
14.469999999972947,-12.300614637064895
14.470999999972944,-17.912948402910388
14.471999999972942,-21.009479128944108
14.47299999997294,-21.15499986349155
14.473999999972937,-18.32889071466538
14.474999999972935,-12.928111864451763
14.475999999972933,-5.7114346062545005
14.47699999997293,2.30724851350363
14.477999999972928,10.001485350827364
14.478999999972926,16.29058899570226
14.479999999972923,20.2914282024553
14.480999999972921,21.442361441988528
14.481999999972919,19.581964285892695
14.482999999972916,14.971577743957845
14.483999999972914,8.258578000074607
14.484999999972912,0.3855395591213222
14.48599999997291,-7.541998076268321
14.486999999972907,-14.410671079252296
14.487999999972905,-19.255622728784633
14.488999999972902,-21.396092017657978
14.4899999999729,-20.53117671648369
14.490999999972898,-16.782240341248148
14.491999999972895,-10.675928614154115
14.492999999972893,-3.070147064167326
14.49399999997289,4.966574479137535
14.494999999972888,12.305310742190654
14.495999999972886,17.91538126380907
14.496999999972884,21.009077357736317
14.497999999972881,21.152167390720848
14.49899999997288,18.324730352005794
14.499999999972877,12.923857702499108
14.500999999972874,5.707896108545111
14.501999999972872,-2.30994593446365
14.50299999997287,-10.003748443333764
14.503999999972867,-16.29290706034656
14.504999999972865,-20.293901818669568
14.505999999972863,-21.44449377743075
14.50699999997286,-19.58284933881369
14.507999999972858,-14.970394197153576
14.508999999972856,-8.255119843709998
14.509999999972854,-0.3804832546240365
14.510999999972851,7.5472569413598
14.511999999972849,14.41455173380467
14.512999999972847,19.25700547481933
14.513999999972844,21.394755772374726
14.514999999972842,20.52781399320099
14.51599999997284,16.778055715199873
14.516999999972837,10.672041416494611
14.517999999972835,3.0671138131920666
14.518999999972833,-4.968877471889518
14.51999999997283,-12.307406968345035
14.520999999972828,-17.91769769882642
14.521999999972826,-21.011530833143706
14.522999999972823,-21.154082943874368
14.52399999997282,-18.325152994167095
14.524999999972819,-12.92209564719352
14.525999999972816,-5.703997021230065
14.526999999972814,2.3150582182957846
14.527999999972812,10.00857368634384
14.52899999997281,16.295970533593437
14.529999999972807,20.29436154219535
14.530999999972805,21.442450656204468
14.531999999972802,19.57921234704887
14.5329999999728,14.966384713287255
14.533999999972798,8.251684023245188
14.534999999972795,0.3779202200449427
14.535999999972793,-7.549269673171528
14.53699999997279,-14.416576051524252
14.537999999972788,-19.259340175421464
14.538999999972786,-21.39711395071517
14.539999999972784,-20.52937760711969
14.540999999972781,-16.777891646988355
14.541999999972779,-10.669656976719812
14.542999999972777,-3.062843111798565
14.543999999972774,4.973882966299435
14.544999999972772,12.311603059005636
14.54599999997277,17.919785392412397
14.546999999972767,21.010989845023254
14.547999999972765,21.151335550940843
14.548999999972763,18.321285858916852
14.54999999997276,12.918296954283802
14.550999999972758,5.7010097915262925
14.551999999972756,-2.3171846416290154
14.552999999972753,-10.010321531306518
14.553999999972751,-16.29789564865726
14.554999999972749,-20.29661560463909
14.555999999972746,-21.444567176201364
14.556999999972744,-19.580290558604258
14.557999999972742,-14.965580703079485
14.55899999997274,-8.248741728884577
14.559999999972737,-0.3734435447944031
14.560999999972735,7.553970241036011
14.561999999972732,14.420003678530415
14.56299999997273,19.260443375903538
14.563999999972728,21.395712261219575
14.564999999972725,20.526170312349144
14.565999999972723,16.77405679044812
14.56699999997272,10.666260522154388
14.567999999972718,3.060371379197595
14.568999999972716,-4.975629910664796
14.569999999972714,-12.313221446859759
14.570999999972711,-17.92176382679973
14.571999999972709,-21.013289666447356
14.572999999972707,-21.153304196191655
14.573999999972704,-18.321964681631375
14.574999999972702,-12.916962551022095
14.5759999999727,-5.697651984239035
14.576999999972697,2.321719484407293
14.577999999972695,10.01461888560319
14.578999999972693,16.300560459993086
14.57999999997269,20.29686556263862
14.580999999972688,21.442532676982133
14.581999999972686,19.576875917982548
14.582999999972683,14.96197119810365
14.583999999972681,8.245823872388872
14.584999999972679,0.3714437370172864
14.585999999972676,-7.555449854893624
14.586999999972674,-14.421594186092964
14.587999999972672,-19.262499666836653
14.58899999997267,-21.397984837811514
14.589999999972667,-20.527855174183912
14.590999999972665,-16.774208071300677
14.591999999972662,-10.664345106610991
14.59299999997266,-3.056658513179222
14.593999999972658,4.9800698169569415
14.594999999972655,12.316928883063003
14.595999999972653,17.923513628736934
14.59699999997265,21.01261155916265
14.597999999972648,21.15063844018158
14.598999999972646,18.31838224846851
14.599999999972644,12.913606935506698
14.600999999972641,5.695201531930554
14.601999999972639,-2.323289479144535
14.602999999972637,-10.015864172625516
14.603999999972634,-16.302101806990414
14.604999999972632,-20.298904624187454
14.60599999997263,-21.444632782096356
14.606999999972627,-19.578141629907538
14.607999999972625,-14.961536694717891
14.608999999972623,-8.24338426255362
14.60999999997262,-0.3675320243462397
14.610999999972618,7.559606353801709
14.611999999972616,14.424580616236069
14.612999999972613,19.263331052543357
14.613999999972611,21.396520176370895
14.614999999972609,20.524800122166617
14.615999999972606,16.77071458331356
14.616999999972604,10.661426989043274
14.617999999972602,3.054733651199387
14.6189999999726,-4.981275580299163
14.619999999972597,-12.318082543014656
14.620999999972595,-17.92516373916826
14.621999999972592,-21.014762769125703
14.62299999997259,-21.152659963705464
14.623999999972588,-18.319311784214033
14.624999999972585,-12.912690096832229
14.625999999972583,-5.692371524870671
14.62699999997258,2.3272620321406685
14.627999999972578,10.019648431038071
14.628999999972576,16.3043803198996
14.629999999972574,20.298952957201934
14.630999999972572,21.442609610750996
14.63199999997257,19.574946198196596
14.632999999972567,14.958318634770636
14.633999999972565,8.240971680938461
14.634999999972562,0.36608039298928324
14.63599999997256,-7.56056820312235
14.636999999972558,-14.425750943252647
14.637999999972555,-19.26511909230601
14.638999999972553,-21.39871255186347
14.63999999997255,-20.526606168487458
14.640999999972548,-16.771175633125452
14.641999999972546,-10.659970132001735
14.642999999972544,-3.051564556030697
14.643999999972541,4.985165730754915
14.644999999972539,12.321316762285424
14.645999999972537,17.92658850151417
14.646999999972534,21.013955937175965
14.647999999972532,21.150078544713868
14.64899999997253,18.31601066770945
14.649999999972527,12.90976859649488
14.650999999972525,5.690444611275053
14.651999999972523,-2.3282912543835357
14.65299999997252,-10.020407109558343
14.653999999972518,-16.305552043615418
14.654999999972516,-20.300787533241774
14.655999999972513,-21.444698825803325
14.656999999972511,-19.576399186947924
14.657999999972509,-14.95824760800168
14.658999999972506,-8.239023604836989
14.659999999972504,-0.3627187712759317
14.660999999972502,7.564197246471886
14.6619999999725,14.428312222196377
14.662999999972497,19.265691841009975
14.663999999972495,21.397193308217194
14.664999999972492,20.523705741362853
14.66599999997249,16.76801956531923
14.666999999972488,10.657520676706662
14.667999999972485,3.0501725646987596
14.668999999972483,-4.98584668546
14.66999999997248,-12.322022230655415
14.670999999972478,-17.927924813746426
14.671999999972476,-21.015969160209483
14.672999999972474,-21.152158264919375
14.673999999972471,-18.317190167682565
14.674999999972469,-12.90926250148139
14.675999999972467,-5.688130311229719
14.676999999972464,2.3317173246733
14.677999999972462,10.02369564333288
14.67899999997246,16.30746074193275
14.679999999972457,20.300647458149975
14.680999999972455,21.44269501138887
14.681999999972453,19.57342465744532
14.68299999997245,14.95541614803235
14.683999999972448,8.237105657878494
14.684999999972446,0.36180041483331465
14.685999999972443,-7.5646584283528995
14.686999999972441,-14.429079363659062
14.687999999972439,-19.267226282902396
14.688999999972436,-21.39931586705187
14.689999999972434,-20.525637686021856
14.690999999972432,-16.768788722579135
14.69199999997243,-10.656514452689112
14.692999999972427,-3.0475340184067683
14.693999999972425,4.989203848412928
14.694999999972422,12.324801222681234
14.69599999997242,17.92904117834184
14.696999999972418,21.0150464861372
14.697999999972415,21.149668444488285
14.698999999972413,18.314170992748775
14.69999999997241,12.906769074524947
14.700999999972408,5.686715148253029
14.701999999972406,-2.3322216199648587
14.702999999972404,-10.023985432024633
14.703999999972401,-16.308280058149823
14.704999999972399,-20.3022919848948
14.705999999972397,-21.4447830740251
14.706999999972394,-19.5750686216108
14.707999999972392,-14.95570567308058
14.70899999997239,-8.235639854196288
14.709999999972387,-0.3589744632851738
14.710999999972385,7.567777639767213
14.711999999972383,14.431233833902876
14.71299999997238,19.26755681338127
14.713999999972378,21.397754155382795
14.714999999972376,20.522897958819872
14.715999999972373,16.765969288970076
14.716999999972371,10.654526201460403
14.717999999972369,3.046661892208328
14.718999999972366,-4.989376695901699
14.719999999972364,-12.325076604866323
14.720999999972362,-17.930080775738666
14.72199999997236,-21.016935514087564
14.722999999972357,-21.151815008350116
14.723999999972355,-18.315602744817486
14.724999999972352,-12.906669251311262
14.72599999997235,-5.684905835747533
14.726999999972348,2.335116762888295
14.727999999972345,10.026796475552807
14.728999999972343,16.309837250271855
14.72999999997234,20.30197923017244
14.730999999972338,21.442809488582796
14.731999999972336,19.572319474026994
14.732999999972334,14.953258329906253
14.733999999972331,8.234207540015806
14.73499999997233,0.3585752039780122
14.735999999972327,-7.567755502378387
14.736999999972324,-14.431615936419833
14.737999999972322,-19.268854170349204
14.73899999997232,-21.399819571607033
14.739999999972317,-20.52496291470391
14.740999999972315,-16.767047083626686
14.741999999972313,-10.65396439713848
14.74299999997231,-3.0445417112207322
14.743999999972308,4.992217372879236
14.744999999972306,12.327418859483329
14.745999999972303,17.930906551025235
14.746999999972301,21.015911534444296
14.747999999972299,21.14942595754045
14.748999999972296,18.312868047920446
14.749999999972294,12.90459952771466
14.750999999972292,5.683991868344174
14.75199999997229,-2.335111314008386
14.752999999972287,-10.026635050677822
14.753999999972285,-16.31032191975227
14.754999999972283,-20.303449171003923
14.75599999997228,-21.444907488636055
14.756999999972278,-19.574159605679768
14.757999999972276,-14.953906932146529
14.758999999972273,-8.233215990710457
14.75999999997227,-0.3562714115766453
14.760999999972269,7.570382009247215
14.761999999972266,14.433381887530045
14.762999999972264,19.26895927225909
14.763999999972262,21.39822823720284
14.76499999997226,20.522390955005303
14.765999999972257,16.764564630554055
14.766999999972255,10.652431034008366
14.767999999972252,3.044177474111322
14.76899999997225,-4.991897999782769
14.769999999972248,-12.327281732389826
14.770999999972245,-17.931666311890666
14.771999999972243,-21.01769028117142
14.77299999997224,-21.151648435853243
14.773999999972238,-18.31455501733488
14.774999999972236,-12.904902369630943
14.775999999972234,-5.682677797850685
14.776999999972231,2.3374900909649967
14.777999999972229,10.028985918509123
14.778999999972227,16.311545161330184
14.779999999972224,20.302978962591695
14.780999999972222,21.442974815020108
14.78199999997222,19.571640477615315
14.782999999972217,14.951841725403643
14.783999999972215,8.232261115123105
14.784999999972213,0.35637810900031913
14.78599999997221,-7.569892737295965
14.786999999972208,-14.433395930586677
14.787999999972206,-19.270035016565693
14.788999999972203,-21.400248396085615
14.789999999972201,-20.524595605761636
14.790999999972199,-16.765951598891675
14.791999999972196,-10.652307909311489
14.792999999972194,-3.0425643915203437
14.793999999972192,4.994237414932031
14.79499999997219,12.32920423916773
14.795999999972187,17.932217762567266
14.796999999972185,21.016578144305214
14.797999999972182,21.149368284459104
14.79899999997218,18.312106796571125
14.799999999972178,12.90325204078796
14.800999999972175,5.68225515418359
14.801999999972173,-2.3369888344080083
14.80299999997217,-10.028389281965078
14.803999999972168,-16.311711039806976
14.804999999972166,-20.30428788319455
14.805999999972164,-21.445092202652393
14.806999999972161,-19.57368081893324
14.807999999972159,-14.952847450639947
14.808999999972157,-8.231736093611334
14.809999999972154,-0.35458402776032655
14.810999999972152,7.5720419394804805
14.81199999997215,14.434789466441948
14.812999999972147,19.26992911696913
14.813999999972145,21.39863806351494
14.814999999972143,20.522196713861998
14.81599999997214,16.763805418275
14.816999999972138,10.651222946026438
14.817999999972136,3.0426968307585844
14.818999999972133,-4.993440081419339
14.819999999972131,-12.328669881889335
14.820999999972129,-17.93271188529075
14.821999999972126,-21.018257813308697
14.822999999972124,-21.15167337677776
14.823999999972122,-18.314050254703847
14.82499999997212,-12.903953183407586
14.825999999972117,-5.681426897534291
14.826999999972115,2.338864420816843
14.827999999972112,10.030294991852973
14.82899999997211,16.312614971377606
14.829999999972108,20.303672303063554
14.830999999972105,21.443208183666563
14.831999999972103,19.57139402668177
14.8329999999721,14.951161034864892
14.833999999972098,8.231250264954072
14.834999999972096,0.3551845658719028
14.835999999972094,-7.571099584259324
14.836999999972091,-14.434449454496184
14.837999999972089,-19.270795293475484
14.838999999972087,-21.40062143207847
14.839999999972084,-20.52454480717996
14.840999999972082,-16.765500062966485
14.84199999997208,-10.651531936197797
14.842999999972077,-3.0415801096701562
14.843999999972075,4.995291615563948
14.844999999972073,12.330186702259663
14.84599999997207,17.93300165084043
14.846999999972068,21.01706683982795
14.847999999972066,21.149506756447003
14.848999999972063,18.31188783376507
14.849999999972061,12.902716475879187
14.850999999972059,5.681485673069593
14.851999999972056,-2.337879866519478
14.852999999972054,-10.029276433659232
14.853999999972052,-16.312474271084273
14.85499999997205,-20.304829682134766
14.855999999972047,-21.44535043716634
14.856999999972045,-19.573635317084193
14.857999999972042,-14.952519767812062
14.85899999997204,-8.23118334802885
14.859999999972038,-0.35388863909889506
14.860999999972035,7.572784500837732
14.861999999972033,14.4354831197294
14.86299999997203,19.270488564476153
14.863999999972028,21.398998362755965
14.864999999972026,20.522320421352845
14.865999999972024,16.763686630535272
14.866999999972021,10.650887517239598
14.86799999997202,3.0421982989382306
14.868999999972017,-4.9940286643035074
14.869999999972014,-12.329267093439713
14.870999999972012,-17.933240091961746
14.87199999997201,-21.018654028231644
14.872999999972008,-21.151896826584085
14.873999999972005,-18.314085593774244
14.874999999972003,-12.903809467815446
14.875999999972,-5.681133395409935
14.876999999971998,2.33926408719509
14.877999999971996,10.03074906549548
14.878999999971994,16.313069404430717
14.879999999971991,20.304076061046896
14.880999999971989,21.44351810248643
14.881999999971987,19.571579160900257
14.882999999971984,14.951206042897919
14.883999999971982,8.231157071930529
14.88499999997198,0.3549716136619619
14.885999999971977,-7.5714006751312155
14.886999999971975,-14.434799218729353
14.887999999971973,-19.27115250157773
14.88899999997197,-21.40094846112536
14.889999999971968,-20.52481121304349
14.890999999971966,-16.76568404655745
14.891999999971963,-10.65162021840407
14.892999999971961,-3.041567201358495
14.893999999971959,4.995403847938451
14.894999999971956,12.330388834636933
14.895999999971954,17.93327622928572
14.896999999971952,21.01738846456438
14.89799999997195,21.14984351091031
14.898999999971947,18.312204332749992
14.899999999971945,12.902978092575252
14.900999999971942,5.681662970090672
14.90199999997194,-2.3378075579323996
14.902999999971938,-10.029318945983636
14.903999999971935,-16.312630066172723
14.904999999971933,-20.30508635121651
14.90599999997193,-21.445685613393028
14.906999999971928,-19.57401769859704
14.907999999971926,-14.95291049349152
14.908999999971924,-8.231538376071141
14.909999999971921,-0.3541627492481168
14.910999999971919,7.572631994807667
14.911999999971917,14.435481683866067
14.912999999971914,19.270650237556627
14.913999999971912,21.399313716520545
14.91499999997191,20.522757974979065
14.915999999971907,16.76419611198578
14.916999999971905,10.651406348399886
14.917999999971903,3.042659954393564
14.9189999999719,-4.993685968736807
14.919999999971898,-12.329092618135089
14.920999999971896,-17.93326439078728
14.921999999971893,-21.018884625304928
14.922999999971891,-21.152315901138962
14.923999999971889,-18.314650005734055
14.924999999971886,-12.90445368465761
14.925999999971884,-5.681775833419959
14.926999999971882,2.3387113064087623
14.92799999997188,10.0303678456575
14.928999999971877,16.312922761432468
14.929999999971875,20.30419703408679
14.930999999971872,21.44390287077416
14.93199999997187,19.572185933991005
14.932999999971868,14.951960019763929
14.933999999971865,8.231960479882929
14.934999999971863,0.3557169621609653
14.93599999997186,-7.570816258886496
14.936999999971858,-14.434460452493372
14.937999999971856,-19.271114605542856
14.938999999971854,-21.40122900268489
14.939999999971851,-20.525385955913833
14.940999999971849,-16.7664875858785
14.941999999971847,-10.652552030693304
14.942999999971844,-3.0425032174803515
14.943999999971842,4.994594989987065
14.94499999997184,12.32982687373629
14.945999999971837,17.93305070135565
14.946999999971835,21.017543821452765
14.947999999971833,21.150370811747035
14.94899999997183,18.313041129738977
14.949999999971828,12.904016500424424
14.950999999971826,5.682764399721625
14.951999999971823,-2.336793498985275
14.952999999971821,-10.028534187501949
14.953999999971819,-16.312189011976766
14.954999999971816,-20.30506011878313
14.955999999971814,-21.44609124146005
14.956999999971812,-19.574813670200122
14.95799999997181,-14.953999591188685
14.958999999971807,-8.232778306238727
14.959999999971805,-0.35538398536291244
14.960999999971802,7.57160302249448
14.9619999999718,14.434797254039768
14.962999999971798,19.270417930826206
14.963999999971795,21.39957902806947
14.964999999971793,20.523496089385528
14.96599999997179,16.76531428684236
14.966999999971788,10.652756395219088
14.967999999971786,3.0440586235957885
14.968999999971784,-4.992431923709777
14.969999999971781,-12.328160221937534
14.970999999971779,-17.932790347708824
14.971999999971777,-21.01894611545502
14.972999999971774,-21.15291851378168
14.973999999971772,-18.31572451646683
14.97499999997177,-12.90586269278703
14.975999999971767,-5.683330243393936
14.976999999971765,2.3372273967757815
14.977999999971763,10.029166891614738
14.97899999997176,16.31218255397114
14.979999999971758,20.30403355314259
14.980999999971756,21.444351830275835
14.981999999971753,19.573196191869865
14.982999999971751,14.953399900465719
14.983999999971749,8.23363582088752
14.984999999971746,0.35739789754131585
14.985999999971744,-7.569363801099971
14.986999999971742,-14.433442818439095
14.98799999997174,-19.270682022557995
14.988999999971737,-21.401454112543192
14.989999999971735,-20.526251965125336
14.990999999971732,-16.767887898889228
14.99199999997173,-10.654302132496603
14.992999999971728,-3.044364084198988
14.993999999971726,4.992884472578535
14.994999999971723,12.32851278237823
14.99599999997172,17.932327797913388
14.996999999971719,21.017525965077414
14.997999999971716,21.151072981865063
14.998999999971714,18.31437601958113
14.999999999971712,12.905806118001673
