time,Gen34.RA:0
0.0,0.0
0.0010000000000000002,0.0
0.0019999999999999987,0.0
0.0030000000000000014,0.0
0.0040000000000000036,0.0
0.0049999999999999975,0.0
0.0059999999999999915,0.0
0.006999999999999985,0.0
0.00799999999999998,0.0
0.008999999999999973,0.0
0.009999999999999967,0.0
0.010999999999999961,0.0
0.011999999999999955,0.0
0.012999999999999949,0.0
0.013999999999999943,0.0
0.014999999999999937,0.0
0.015999999999999945,0.0
0.016999999999999973,0.0
0.018000000000000002,0.0
0.01900000000000003,0.0
0.02000000000000006,0.0
0.021000000000000088,0.0
0.022000000000000117,0.0
0.023000000000000145,0.0
0.024000000000000174,0.0
0.025000000000000203,0.0
0.02600000000000023,0.0
0.02700000000000026,0.0
0.02800000000000029,0.0
0.029000000000000317,0.0
0.030000000000000346,0.0
0.031000000000000374,0.0
0.0320000000000004,0.0
0.03300000000000043,0.0
0.03400000000000046,0.0
0.03500000000000049,0.0
0.03600000000000052,0.0
0.037000000000000546,0.0
0.038000000000000575,0.0
0.039000000000000604,0.0
0.04000000000000063,0.0
0.04100000000000066,0.0
0.04200000000000069,0.0
0.04300000000000072,0.0
0.04400000000000075,0.0
0.045000000000000775,0.0
0.046000000000000804,0.0
0.04700000000000083,0.0
0.04800000000000086,0.0
0.04900000000000089,0.0
0.05000000000000092,0.0
0.05100000000000095,0.0
0.052000000000000976,0.0
0.053000000000001005,0.0
0.05400000000000103,0.0
0.05500000000000106,0.0
0.05600000000000109,0.0
0.05700000000000112,0.0
0.05800000000000115,0.0
0.059000000000001177,0.0
0.060000000000001205,0.0
0.061000000000001234,0.0
0.06200000000000126,0.0
0.06300000000000122,0.0
0.06400000000000111,0.0
0.065000000000001,0.0
0.06600000000000089,0.0
0.06700000000000078,0.0
0.06800000000000067,0.0
0.06900000000000056,0.0
0.07000000000000045,0.0
0.07100000000000034,0.0
0.07200000000000023,0.0
0.07300000000000012,0.0
0.07400000000000001,0.0
0.0749999999999999,0.0
0.07599999999999979,0.0
0.07699999999999968,0.0
0.07799999999999957,0.0
0.07899999999999946,0.0
0.07999999999999935,0.0
0.08099999999999924,0.0
0.08199999999999913,0.0
0.08299999999999902,0.0
0.08399999999999891,0.0
0.0849999999999988,0.0
0.08599999999999869,0.0
0.08699999999999858,0.0
0.08799999999999847,0.0
0.08899999999999836,0.0
0.08999999999999825,0.0
0.09099999999999814,0.0
0.09199999999999803,0.0
0.09299999999999792,0.0
0.09399999999999781,0.0
0.0949999999999977,0.0
0.09599999999999759,0.0
0.09699999999999748,0.0
0.09799999999999737,0.0
0.09899999999999726,0.0
0.09999999999999715,0.0
0.10099999999999704,0.0
0.10199999999999693,0.0
0.10299999999999682,0.0
0.1039999999999967,0.0
0.1049999999999966,0.0
0.10599999999999649,0.0
0.10699999999999638,0.0
0.10799999999999627,0.0
0.10899999999999616,0.0
0.10999999999999605,0.0
0.11099999999999594,0.0
0.11199999999999583,0.0
0.11299999999999571,0.0
0.1139999999999956,0.0
0.1149999999999955,0.0
0.11599999999999538,0.0
0.11699999999999527,0.0
0.11799999999999516,0.0
0.11899999999999505,0.0
0.11999999999999494,0.0
0.12099999999999483,0.0
0.12199999999999472,0.0
0.12299999999999461,0.0
0.1239999999999945,0.0
0.1249999999999944,0.0
0.12599999999999428,0.0
0.12699999999999417,0.0
0.12799999999999406,0.0
0.12899999999999395,0.0
0.12999999999999384,0.0
0.13099999999999373,0.0
0.13199999999999362,0.0
0.1329999999999935,0.0
0.1339999999999934,0.0
0.1349999999999933,0.0
0.13599999999999318,0.0
0.13699999999999307,0.0
0.13799999999999296,0.0
0.13899999999999285,0.0
0.13999999999999274,0.0
0.14099999999999263,0.0
0.14199999999999252,0.0
0.1429999999999924,0.0
0.1439999999999923,0.0
0.1449999999999922,0.0
0.14599999999999208,0.0
0.14699999999999197,0.0
0.14799999999999186,0.0
0.14899999999999175,0.0
0.14999999999999164,0.0
0.15099999999999153,0.0
0.15199999999999142,0.0
0.1529999999999913,0.0
0.1539999999999912,0.0
0.1549999999999911,0.0
0.15599999999999098,0.0
0.15699999999999087,0.0
0.15799999999999076,0.0
0.15899999999999065,0.0
0.15999999999999054,0.0
0.16099999999999043,0.0
0.16199999999999032,0.0
0.1629999999999902,0.0
0.1639999999999901,0.0
0.16499999999999,0.0
0.16599999999998988,0.0
0.16699999999998977,0.0
0.16799999999998966,0.0
0.16899999999998955,0.0
0.16999999999998944,0.0
0.17099999999998933,0.0
0.17199999999998922,0.0
0.1729999999999891,0.0
0.173999999999989,0.0
0.1749999999999889,0.0
0.17599999999998878,0.0
0.17699999999998867,0.0
0.17799999999998856,0.0
0.17899999999998845,0.0
0.17999999999998834,0.0
0.18099999999998823,0.0
0.18199999999998812,0.0
0.182999999999988,0.0
0.1839999999999879,0.0
0.18499999999998779,0.0
0.18599999999998768,0.0
0.18699999999998757,0.0
0.18799999999998745,0.0
0.18899999999998734,0.0
0.18999999999998723,0.0
0.19099999999998712,0.0
0.19199999999998701,0.0
0.1929999999999869,0.0
0.1939999999999868,0.0
0.19499999999998668,0.0
0.19599999999998657,0.0
0.19699999999998646,0.0
0.19799999999998635,0.0
0.19899999999998624,0.0
0.19999999999998613,0.0
0.20099999999998602,0.0
0.2019999999999859,0.0
0.2029999999999858,0.0
0.2039999999999857,0.0
0.20499999999998558,0.0
0.20599999999998547,0.0
0.20699999999998536,0.0
0.20799999999998525,0.0
0.20899999999998514,0.0
0.20999999999998503,0.0
0.21099999999998492,0.0
0.2119999999999848,0.0
0.2129999999999847,0.0
0.2139999999999846,0.0
0.21499999999998448,0.0
0.21599999999998437,0.0
0.21699999999998426,0.0
0.21799999999998415,0.0
0.21899999999998404,0.0
0.21999999999998393,0.0
0.22099999999998382,0.0
0.2219999999999837,0.0
0.2229999999999836,0.0
0.2239999999999835,0.0
0.22499999999998338,0.0
0.22599999999998327,0.0
0.22699999999998316,0.0
0.22799999999998305,0.0
0.22899999999998294,0.0
0.22999999999998283,0.0
0.23099999999998272,0.0
0.2319999999999826,0.0
0.2329999999999825,0.0
0.2339999999999824,0.0
0.23499999999998228,0.0
0.23599999999998217,0.0
0.23699999999998206,0.0
0.23799999999998195,0.0
0.23899999999998184,0.0
0.23999999999998173,0.0
0.24099999999998162,0.0
0.2419999999999815,0.0
0.2429999999999814,0.0
0.2439999999999813,0.0
0.24499999999998118,0.0
0.24599999999998107,0.0
0.24699999999998096,0.0
0.24799999999998085,0.0
0.24899999999998074,0.0
0.24999999999998063,0.0
0.2509999999999805,0.0
0.2519999999999804,0.0
0.2529999999999803,0.0
0.2539999999999802,0.0
0.2549999999999801,0.0
0.25599999999997997,0.0
0.25699999999997986,0.0
0.25799999999997975,0.0
0.25899999999997964,0.0
0.2599999999999795,0.0
0.2609999999999794,0.0
0.2619999999999793,0.0
0.2629999999999792,0.0
0.2639999999999791,0.0
0.264999999999979,0.0
0.26599999999997886,0.0
0.26699999999997875,0.0
0.26799999999997864,0.0
0.26899999999997853,0.0
0.2699999999999784,0.0
0.2709999999999783,0.0
0.2719999999999782,0.0
0.2729999999999781,0.0
0.273999999999978,0.0
0.2749999999999779,0.0
0.27599999999997776,0.0
0.27699999999997765,0.0
0.27799999999997754,0.0
0.27899999999997743,0.0
0.2799999999999773,0.0
0.2809999999999772,0.0
0.2819999999999771,0.0
0.282999999999977,0.0
0.2839999999999769,0.0
0.28499999999997677,0.0
0.28599999999997666,0.0
0.28699999999997655,0.0
0.28799999999997644,0.0
0.28899999999997633,0.0
0.2899999999999762,0.0
0.2909999999999761,0.0
0.291999999999976,0.0
0.2929999999999759,0.0
0.2939999999999758,0.0
0.29499999999997567,0.0
0.29599999999997556,0.0
0.29699999999997545,0.0
0.29799999999997534,0.0
0.29899999999997523,0.0
0.2999999999999751,0.0
0.300999999999975,0.0
0.3019999999999749,0.0
0.3029999999999748,0.0
0.3039999999999747,0.0
0.30499999999997457,0.0
0.30599999999997446,0.0
0.30699999999997435,0.0
0.30799999999997424,0.0
0.30899999999997413,0.0
0.309999999999974,0.0
0.3109999999999739,0.0
0.3119999999999738,0.0
0.3129999999999737,0.0
0.3139999999999736,0.0
0.31499999999997347,0.0
0.31599999999997336,0.0
0.31699999999997325,0.0
0.31799999999997314,0.0
0.318999999999973,0.0
0.3199999999999729,0.0
0.3209999999999728,0.0
0.3219999999999727,0.0
0.3229999999999726,0.0
0.3239999999999725,0.0
0.32499999999997237,0.0
0.32599999999997226,0.0
0.32699999999997215,0.0
0.32799999999997204,0.0
0.3289999999999719,0.0
0.3299999999999718,0.0
0.3309999999999717,0.0
0.3319999999999716,0.0
0.3329999999999715,0.0
0.3339999999999714,0.0
0.33499999999997127,0.0
0.33599999999997116,0.0
0.33699999999997104,0.0
0.33799999999997093,0.0
0.3389999999999708,0.0
0.3399999999999707,0.0
0.3409999999999706,0.0
0.3419999999999705,0.0
0.3429999999999704,0.0
0.3439999999999703,0.0
0.34499999999997016,0.0
0.34599999999997005,0.0
0.34699999999996994,0.0
0.34799999999996983,0.0
0.3489999999999697,0.0
0.3499999999999696,0.0
0.3509999999999695,0.0
0.3519999999999694,0.0
0.3529999999999693,0.0
0.3539999999999692,0.0
0.35499999999996906,0.0
0.35599999999996895,0.0
0.35699999999996884,0.0
0.35799999999996873,0.0
0.3589999999999686,0.0
0.3599999999999685,0.0
0.3609999999999684,0.0
0.3619999999999683,0.0
0.3629999999999682,0.0
0.36399999999996807,0.0
0.36499999999996796,0.0
0.36599999999996785,0.0
0.36699999999996774,0.0
0.36799999999996763,0.0
0.3689999999999675,0.0
0.3699999999999674,0.0
0.3709999999999673,0.0
0.3719999999999672,0.0
0.3729999999999671,0.0
0.37399999999996697,0.0
0.37499999999996686,0.0
0.37599999999996675,0.0
0.37699999999996664,0.0
0.37799999999996653,0.0
0.3789999999999664,0.0
0.3799999999999663,0.0
0.3809999999999662,0.0
0.3819999999999661,0.0
0.382999999999966,0.0
0.38399999999996587,0.0
0.38499999999996576,0.0
0.38599999999996565,0.0
0.38699999999996554,0.0
0.38799999999996543,0.0
0.3889999999999653,0.0
0.3899999999999652,0.0
0.3909999999999651,0.0
0.391999999999965,0.0
0.3929999999999649,0.0
0.39399999999996477,0.0
0.39499999999996466,0.0
0.39599999999996455,0.0
0.39699999999996444,0.0
0.3979999999999643,0.0
0.3989999999999642,0.0
0.3999999999999641,0.0
0.400999999999964,0.0
0.4019999999999639,0.0
0.4029999999999638,0.0
0.40399999999996367,0.0
0.40499999999996356,0.0
0.40599999999996345,0.0
0.40699999999996334,0.0
0.4079999999999632,0.0
0.4089999999999631,0.0
0.409999999999963,0.0
0.4109999999999629,0.0
0.4119999999999628,0.0
0.4129999999999627,0.0
0.41399999999996256,0.0
0.41499999999996245,0.0
0.41599999999996234,0.0
0.41699999999996223,0.0
0.4179999999999621,0.0
0.418999999999962,0.0
0.4199999999999619,0.0
0.4209999999999618,0.0
0.4219999999999617,0.0
0.4229999999999616,0.0
0.42399999999996146,0.0
0.42499999999996135,0.0
0.42599999999996124,0.0
0.42699999999996113,0.0
0.427999999999961,0.0
0.4289999999999609,0.0
0.4299999999999608,0.0
0.4309999999999607,0.0
0.4319999999999606,0.0
0.43299999999996047,0.0
0.43399999999996036,0.0
0.43499999999996025,0.0
0.43599999999996014,0.0
0.43699999999996003,0.0
0.4379999999999599,0.0
0.4389999999999598,0.0
0.4399999999999597,0.0
0.4409999999999596,0.0
0.4419999999999595,0.0
0.44299999999995937,0.0
0.44399999999995926,0.0
0.44499999999995915,0.0
0.44599999999995904,0.0
0.44699999999995893,0.0
0.4479999999999588,0.0
0.4489999999999587,0.0
0.4499999999999586,0.0
0.4509999999999585,0.0
0.4519999999999584,0.0
0.45299999999995827,0.0
0.45399999999995816,0.0
0.45499999999995805,0.0
0.45599999999995794,0.0
0.45699999999995783,0.0
0.4579999999999577,0.0
0.4589999999999576,0.0
0.4599999999999575,0.0
0.4609999999999574,0.0
0.4619999999999573,0.0
0.46299999999995717,0.0
0.46399999999995706,0.0
0.46499999999995695,0.0
0.46599999999995684,0.0
0.4669999999999567,0.0
0.4679999999999566,0.0
0.4689999999999565,0.0
0.4699999999999564,0.0
0.4709999999999563,0.0
0.4719999999999562,0.0
0.47299999999995607,0.0
0.47399999999995596,0.0
0.47499999999995585,0.0
0.47599999999995574,0.0
0.4769999999999556,0.0
0.4779999999999555,0.0
0.4789999999999554,0.0
0.4799999999999553,0.0
0.4809999999999552,0.0
0.4819999999999551,0.0
0.48299999999995497,0.0
0.48399999999995486,0.0
0.48499999999995475,0.0
0.48599999999995463,0.0
0.4869999999999545,0.0
0.4879999999999544,0.0
0.4889999999999543,0.0
0.4899999999999542,0.0
0.4909999999999541,0.0
0.491999999999954,0.0
0.49299999999995386,0.0
0.49399999999995375,0.0
0.49499999999995364,0.0
0.49599999999995353,0.0
0.4969999999999534,0.0
0.4979999999999533,0.0
0.4989999999999532,0.0
0.4999999999999531,0.0
0.500999999999953,61.466559970446085
0.5019999999999529,61.46655997044635
0.5029999999999528,61.466559970446
0.5039999999999527,61.46655997044549
0.5049999999999526,61.466559970444976
0.5059999999999525,61.46655997044497
0.5069999999999524,61.46655997044497
0.5079999999999523,61.4665599704455
0.5089999999999522,61.46655997044652
0.509999999999952,61.46655997044754
0.5109999999999519,61.46655997044785
0.5119999999999518,61.46655997044785
0.5129999999999517,61.46655997044785
0.5139999999999516,61.46655997044754
0.5149999999999515,61.46655997044688
0.5159999999999514,61.46655997044611
0.5169999999999513,61.46655997044597
0.5179999999999512,61.466559970446134
0.5189999999999511,61.46655997044629
0.519999999999951,61.466559970445786
0.5209999999999508,61.46655997044527
0.5219999999999507,61.46655997044494
0.5229999999999506,61.46655997044494
0.5239999999999505,61.46655997044494
0.5249999999999504,61.4665599704458
0.5259999999999503,61.46655997044682
0.5269999999999502,61.46655997044779
0.5279999999999501,61.46655997044779
0.52899999999995,61.46655997044779
0.5299999999999498,61.46655997044779
0.5309999999999497,61.46655997044723
0.5319999999999496,61.46655997044652
0.5329999999999495,61.4665599704458
0.5339999999999494,61.46655997044596
0.5349999999999493,61.46655997044616
0.5359999999999492,61.46655997044607
0.5369999999999491,61.466559970445566
0.537999999999949,61.46655997044506
0.5389999999999489,61.46655997044489
0.5399999999999487,61.46655997044489
0.5409999999999486,61.4665599704451
0.5419999999999485,61.46655997044611
0.5429999999999484,61.46655997044713
0.5439999999999483,61.46655997044779
0.5449999999999482,61.46655997044779
0.5459999999999481,61.46655997044779
0.546999999999948,61.46655997044774
0.5479999999999479,61.46655997044703
0.5489999999999478,61.46655997044632
0.5499999999999476,61.466559970445914
0.5509999999999475,61.466559970446035
0.5519999999999474,61.46655997044629
0.5529999999999473,61.46655997044595
0.5539999999999472,61.46655997044544
0.5549999999999471,61.466559970444926
0.555999999999947,61.46655997044492
0.5569999999999469,61.46655997044492
0.5579999999999468,61.46655997044547
0.5589999999999467,61.46655997044649
0.5599999999999465,61.46655997044751
0.5609999999999464,61.46655997044785
0.5619999999999463,61.46655997044785
0.5629999999999462,61.46655997044785
0.5639999999999461,61.46655997044754
0.564999999999946,61.46655997044688
0.5659999999999459,61.46655997044611
0.5669999999999458,61.46655997044597
0.5679999999999457,61.466559970446134
0.5689999999999455,61.46655997044629
0.5699999999999454,61.466559970445786
0.5709999999999453,61.46655997044527
0.5719999999999452,61.46655997044494
0.5729999999999451,61.46655997044494
0.573999999999945,61.46655997044494
0.5749999999999449,61.4665599704458
0.5759999999999448,61.46655997044682
0.5769999999999447,61.46655997044779
0.5779999999999446,61.46655997044779
0.5789999999999444,61.46655997044779
0.5799999999999443,61.46655997044779
0.5809999999999442,61.46655997044723
0.5819999999999441,61.466559970446575
0.582999999999944,61.4665599704458
0.5839999999999439,61.46655997044596
0.5849999999999438,61.46655997044616
0.5859999999999437,61.46655997044607
0.5869999999999436,61.466559970445566
0.5879999999999435,61.46655997044506
0.5889999999999433,61.46655997044489
0.5899999999999432,61.46655997044489
0.5909999999999431,61.4665599704451
0.591999999999943,61.46655997044611
0.5929999999999429,61.46655997044713
0.5939999999999428,61.46655997044779
0.5949999999999427,61.46655997044779
0.5959999999999426,61.46655997044779
0.5969999999999425,61.46655997044774
0.5979999999999424,61.46655997044708
0.5989999999999422,61.46655997044632
0.5999999999999421,61.46655997044586
0.600999999999942,61.466559970446035
0.6019999999999419,61.46655997044629
0.6029999999999418,61.46655997044595
0.6039999999999417,61.46655997044544
0.6049999999999416,61.466559970444926
0.6059999999999415,61.46655997044492
0.6069999999999414,61.46655997044492
0.6079999999999413,61.46655997044547
0.6089999999999411,61.46655997044649
0.609999999999941,61.46655997044751
0.6109999999999409,61.46655997044785
0.6119999999999408,61.46655997044785
0.6129999999999407,61.46655997044785
0.6139999999999406,61.46655997044754
0.6149999999999405,61.46655997044688
0.6159999999999404,61.46655997044611
0.6169999999999403,61.46655997044597
0.6179999999999402,61.466559970446134
0.61899999999994,61.46655997044629
0.6199999999999399,61.466559970445786
0.6209999999999398,61.46655997044527
0.6219999999999397,61.46655997044494
0.6229999999999396,61.46655997044494
0.6239999999999395,61.46655997044494
0.6249999999999394,61.4665599704458
0.6259999999999393,61.46655997044682
0.6269999999999392,61.46655997044779
0.627999999999939,61.46655997044779
0.6289999999999389,61.46655997044779
0.6299999999999388,61.46655997044779
0.6309999999999387,61.46655997044723
0.6319999999999386,61.46655997044652
0.6329999999999385,61.4665599704458
0.6339999999999384,61.46655997044596
0.6349999999999383,61.46655997044616
0.6359999999999382,61.46655997044607
0.6369999999999381,61.466559970445566
0.637999999999938,61.46655997044506
0.6389999999999378,61.46655997044489
0.6399999999999377,61.46655997044489
0.6409999999999376,61.4665599704451
0.6419999999999375,61.46655997044611
0.6429999999999374,61.46655997044713
0.6439999999999373,61.46655997044779
0.6449999999999372,61.46655997044779
0.6459999999999371,61.46655997044779
0.646999999999937,61.46655997044774
0.6479999999999368,61.46655997044703
0.6489999999999367,61.46655997044632
0.6499999999999366,61.466559970445914
0.6509999999999365,61.466559970446035
0.6519999999999364,61.46655997044629
0.6529999999999363,61.46655997044595
0.6539999999999362,61.46655997044544
0.6549999999999361,61.466559970444926
0.655999999999936,61.46655997044492
0.6569999999999359,61.46655997044492
0.6579999999999357,61.46655997044547
0.6589999999999356,61.46655997044649
0.6599999999999355,61.46655997044751
0.6609999999999354,61.46655997044785
0.6619999999999353,61.46655997044785
0.6629999999999352,61.46655997044785
0.6639999999999351,61.46655997044754
0.664999999999935,61.46655997044688
0.6659999999999349,61.46655997044611
0.6669999999999348,61.46655997044597
0.6679999999999346,61.466559970446134
0.6689999999999345,61.46655997044629
0.6699999999999344,61.466559970445786
0.6709999999999343,61.46655997044527
0.6719999999999342,61.46655997044494
0.6729999999999341,61.46655997044494
0.673999999999934,61.46655997044494
0.6749999999999339,61.4665599704458
0.6759999999999338,61.46655997044682
0.6769999999999337,61.46655997044779
0.6779999999999335,61.46655997044779
0.6789999999999334,61.46655997044779
0.6799999999999333,61.46655997044779
0.6809999999999332,61.46655997044723
0.6819999999999331,61.466559970446575
0.682999999999933,61.4665599704458
0.6839999999999329,61.46655997044596
0.6849999999999328,61.46655997044616
0.6859999999999327,61.46655997044607
0.6869999999999326,61.466559970445566
0.6879999999999324,61.46655997044506
0.6889999999999323,61.46655997044489
0.6899999999999322,61.46655997044489
0.6909999999999321,61.4665599704451
0.691999999999932,61.46655997044611
0.6929999999999319,61.46655997044713
0.6939999999999318,61.46655997044779
0.6949999999999317,61.46655997044779
0.6959999999999316,61.46655997044779
0.6969999999999315,61.46655997044774
0.6979999999999313,61.46655997044708
0.6989999999999312,61.46655997044632
0.6999999999999311,61.46655997044586
0.700999999999931,61.466559970446035
0.7019999999999309,61.46655997044629
0.7029999999999308,61.46655997044595
0.7039999999999307,61.46655997044544
0.7049999999999306,61.466559970444926
0.7059999999999305,61.46655997044492
0.7069999999999304,61.46655997044492
0.7079999999999302,61.46655997044547
0.7089999999999301,61.46655997044649
0.70999999999993,61.46655997044751
0.7109999999999299,61.46655997044785
0.7119999999999298,61.46655997044785
0.7129999999999297,61.46655997044785
0.7139999999999296,61.46655997044754
0.7149999999999295,61.46655997044688
0.7159999999999294,61.46655997044611
0.7169999999999292,61.46655997044597
0.7179999999999291,61.466559970446134
0.718999999999929,61.46655997044629
0.7199999999999289,61.466559970445786
0.7209999999999288,61.46655997044527
0.7219999999999287,61.46655997044494
0.7229999999999286,61.46655997044494
0.7239999999999285,61.46655997044494
0.7249999999999284,61.4665599704458
0.7259999999999283,61.46655997044682
0.7269999999999281,61.46655997044779
0.727999999999928,61.46655997044779
0.7289999999999279,61.46655997044779
0.7299999999999278,61.46655997044779
0.7309999999999277,61.46655997044723
0.7319999999999276,61.46655997044652
0.7329999999999275,61.4665599704458
0.7339999999999274,61.46655997044596
0.7349999999999273,61.46655997044616
0.7359999999999272,61.46655997044607
0.736999999999927,61.466559970445566
0.7379999999999269,61.46655997044506
0.7389999999999268,61.46655997044489
0.7399999999999267,61.46655997044489
0.7409999999999266,61.4665599704451
0.7419999999999265,61.46655997044611
0.7429999999999264,61.46655997044713
0.7439999999999263,61.46655997044779
0.7449999999999262,61.46655997044779
0.7459999999999261,61.46655997044779
0.746999999999926,61.46655997044774
0.7479999999999258,61.46655997044703
0.7489999999999257,61.46655997044632
0.7499999999999256,61.466559970445914
0.7509999999999255,61.466559970446035
0.7519999999999254,61.46655997044629
0.7529999999999253,61.46655997044595
0.7539999999999252,61.46655997044544
0.7549999999999251,61.466559970444926
0.755999999999925,61.46655997044492
0.7569999999999248,61.46655997044492
0.7579999999999247,61.46655997044547
0.7589999999999246,61.46655997044649
0.7599999999999245,61.46655997044751
0.7609999999999244,61.46655997044785
0.7619999999999243,61.46655997044785
0.7629999999999242,61.46655997044785
0.7639999999999241,61.46655997044754
0.764999999999924,61.46655997044688
0.7659999999999239,61.46655997044611
0.7669999999999237,61.46655997044597
0.7679999999999236,61.466559970446134
0.7689999999999235,61.46655997044629
0.7699999999999234,61.466559970445786
0.7709999999999233,61.46655997044527
0.7719999999999232,61.46655997044494
0.7729999999999231,61.46655997044494
0.773999999999923,61.46655997044494
0.7749999999999229,61.4665599704458
0.7759999999999228,61.46655997044682
0.7769999999999226,61.46655997044779
0.7779999999999225,61.46655997044779
0.7789999999999224,61.46655997044779
0.7799999999999223,61.46655997044779
0.7809999999999222,61.46655997044723
0.7819999999999221,61.466559970446575
0.782999999999922,61.4665599704458
0.7839999999999219,61.46655997044596
0.7849999999999218,61.46655997044616
0.7859999999999217,61.46655997044607
0.7869999999999215,61.466559970445566
0.7879999999999214,61.46655997044506
0.7889999999999213,61.46655997044489
0.7899999999999212,61.46655997044489
0.7909999999999211,61.4665599704451
0.791999999999921,61.46655997044611
0.7929999999999209,61.46655997044713
0.7939999999999208,61.46655997044779
0.7949999999999207,61.46655997044779
0.7959999999999205,61.46655997044779
0.7969999999999204,61.46655997044774
0.7979999999999203,61.46655997044708
0.7989999999999202,61.46655997044632
0.7999999999999201,61.46655997044586
0.80099999999992,61.466559970446035
0.8019999999999199,61.46655997044629
0.8029999999999198,61.46655997044595
0.8039999999999197,61.46655997044544
0.8049999999999196,61.466559970444926
0.8059999999999194,61.46655997044492
0.8069999999999193,61.46655997044492
0.8079999999999192,61.46655997044547
0.8089999999999191,61.46655997044649
0.809999999999919,61.46655997044751
0.8109999999999189,61.46655997044785
0.8119999999999188,61.46655997044785
0.8129999999999187,61.46655997044785
0.8139999999999186,61.46655997044754
0.8149999999999185,61.46655997044688
0.8159999999999183,61.46655997044611
0.8169999999999182,61.46655997044597
0.8179999999999181,61.466559970446134
0.818999999999918,61.46655997044629
0.8199999999999179,61.466559970445786
0.8209999999999178,61.46655997044527
0.8219999999999177,61.46655997044494
0.8229999999999176,61.46655997044494
0.8239999999999175,61.46655997044494
0.8249999999999174,61.4665599704458
0.8259999999999172,61.46655997044682
0.8269999999999171,61.46655997044779
0.827999999999917,61.46655997044779
0.8289999999999169,61.46655997044779
0.8299999999999168,61.46655997044779
0.8309999999999167,61.46655997044723
0.8319999999999166,61.46655997044652
0.8329999999999165,61.4665599704458
0.8339999999999164,61.46655997044596
0.8349999999999163,61.46655997044616
0.8359999999999161,61.46655997044607
0.836999999999916,61.466559970445566
0.8379999999999159,61.46655997044506
0.8389999999999158,61.46655997044489
0.8399999999999157,61.46655997044489
0.8409999999999156,61.4665599704451
0.8419999999999155,61.46655997044611
0.8429999999999154,61.46655997044713
0.8439999999999153,61.46655997044779
0.8449999999999152,61.46655997044779
0.845999999999915,61.46655997044779
0.8469999999999149,61.46655997044774
0.8479999999999148,61.46655997044703
0.8489999999999147,61.46655997044632
0.8499999999999146,61.466559970445914
0.8509999999999145,61.466559970446035
0.8519999999999144,61.46655997044629
0.8529999999999143,61.46655997044595
0.8539999999999142,61.46655997044544
0.854999999999914,61.466559970444926
0.8559999999999139,61.46655997044492
0.8569999999999138,61.46655997044492
0.8579999999999137,61.46655997044547
0.8589999999999136,61.46655997044649
0.8599999999999135,61.46655997044751
0.8609999999999134,61.46655997044785
0.8619999999999133,61.46655997044785
0.8629999999999132,61.46655997044785
0.8639999999999131,61.46655997044754
0.864999999999913,61.46655997044688
0.8659999999999128,61.46655997044611
0.8669999999999127,61.46655997044597
0.8679999999999126,61.466559970446134
0.8689999999999125,61.46655997044629
0.8699999999999124,61.466559970445786
0.8709999999999123,61.46655997044527
0.8719999999999122,61.46655997044494
0.8729999999999121,61.46655997044494
0.873999999999912,61.46655997044494
0.8749999999999118,61.4665599704458
0.8759999999999117,61.46655997044682
0.8769999999999116,61.46655997044779
0.8779999999999115,61.46655997044779
0.8789999999999114,61.46655997044779
0.8799999999999113,61.46655997044779
0.8809999999999112,61.46655997044723
0.8819999999999111,61.466559970446575
0.882999999999911,61.4665599704458
0.8839999999999109,61.46655997044596
0.8849999999999107,61.46655997044616
0.8859999999999106,61.46655997044607
0.8869999999999105,61.466559970445566
0.8879999999999104,61.46655997044506
0.8889999999999103,61.46655997044489
0.8899999999999102,61.46655997044489
0.8909999999999101,61.4665599704451
0.89199999999991,61.46655997044611
0.8929999999999099,61.46655997044713
0.8939999999999098,61.46655997044779
0.8949999999999096,61.46655997044779
0.8959999999999095,61.46655997044779
0.8969999999999094,61.46655997044774
0.8979999999999093,61.46655997044708
0.8989999999999092,61.46655997044632
0.8999999999999091,61.46655997044586
0.900999999999909,61.466559970446035
0.9019999999999089,61.46655997044629
0.9029999999999088,61.46655997044595
0.9039999999999087,61.46655997044544
0.9049999999999085,61.466559970444926
0.9059999999999084,61.46655997044492
0.9069999999999083,61.46655997044492
0.9079999999999082,61.46655997044547
0.9089999999999081,61.46655997044649
0.909999999999908,61.46655997044751
0.9109999999999079,61.46655997044785
0.9119999999999078,61.46655997044785
0.9129999999999077,61.46655997044785
0.9139999999999076,61.46655997044754
0.9149999999999074,61.46655997044688
0.9159999999999073,61.46655997044611
0.9169999999999072,61.46655997044597
0.9179999999999071,61.466559970446134
0.918999999999907,61.46655997044629
0.9199999999999069,61.466559970445786
0.9209999999999068,61.46655997044527
0.9219999999999067,61.46655997044494
0.9229999999999066,61.46655997044494
0.9239999999999065,61.46655997044494
0.9249999999999063,61.4665599704458
0.9259999999999062,61.46655997044682
0.9269999999999061,61.46655997044779
0.927999999999906,61.46655997044779
0.9289999999999059,61.46655997044779
0.9299999999999058,61.46655997044779
0.9309999999999057,61.46655997044723
0.9319999999999056,61.46655997044652
0.9329999999999055,61.4665599704458
0.9339999999999054,61.46655997044596
0.9349999999999052,61.46655997044616
0.9359999999999051,61.46655997044607
0.936999999999905,61.466559970445566
0.9379999999999049,61.46655997044506
0.9389999999999048,61.46655997044489
0.9399999999999047,61.46655997044489
0.9409999999999046,61.4665599704451
0.9419999999999045,61.46655997044611
0.9429999999999044,61.46655997044713
0.9439999999999042,61.46655997044779
0.9449999999999041,61.46655997044779
0.945999999999904,61.46655997044779
0.9469999999999039,61.46655997044774
0.9479999999999038,61.46655997044703
0.9489999999999037,61.46655997044632
0.9499999999999036,61.466559970445914
0.9509999999999035,61.466559970446035
0.9519999999999034,61.46655997044629
0.9529999999999033,61.46655997044595
0.9539999999999031,61.46655997044544
0.954999999999903,61.466559970444926
0.9559999999999029,61.46655997044492
0.9569999999999028,61.46655997044492
0.9579999999999027,61.46655997044547
0.9589999999999026,61.46655997044649
0.9599999999999025,61.46655997044751
0.9609999999999024,61.46655997044785
0.9619999999999023,61.46655997044785
0.9629999999999022,61.46655997044785
0.963999999999902,61.46655997044754
0.9649999999999019,61.46655997044688
0.9659999999999018,61.46655997044611
0.9669999999999017,61.46655997044597
0.9679999999999016,61.466559970446134
0.9689999999999015,61.46655997044629
0.9699999999999014,61.466559970445786
0.9709999999999013,61.46655997044527
0.9719999999999012,61.46655997044494
0.972999999999901,61.46655997044494
0.973999999999901,61.46655997044494
0.9749999999999008,61.4665599704458
0.9759999999999007,61.46655997044682
0.9769999999999006,61.46655997044779
0.9779999999999005,61.46655997044779
0.9789999999999004,61.46655997044779
0.9799999999999003,61.46655997044779
0.9809999999999002,61.46655997044723
0.9819999999999001,61.466559970446575
0.9829999999999,61.4665599704458
0.9839999999998998,61.46655997044596
0.9849999999998997,61.46655997044616
0.9859999999998996,61.46655997044607
0.9869999999998995,61.466559970445566
0.9879999999998994,61.46655997044506
0.9889999999998993,61.46655997044489
0.9899999999998992,61.46655997044489
0.9909999999998991,61.4665599704451
0.991999999999899,61.46655997044611
0.9929999999998989,61.46655997044713
0.9939999999998987,61.46655997044779
0.9949999999998986,61.46655997044779
0.9959999999998985,61.46655997044779
0.9969999999998984,61.46655997044774
0.9979999999998983,61.46655997044708
0.9989999999998982,61.46655997044632
0.9999999999998981,61.46655997044586
1.0009999999999002,61.46656083236043
1.0019999999999023,61.46656345525869
1.0029999999999044,61.46656792161758
1.0039999999999065,61.46657433950441
1.0049999999999086,61.46658282723353
1.0059999999999107,61.46659349660573
1.0069999999999129,61.46660643706947
1.007999999999915,61.46662170302921
1.008999999999917,61.466639306082755
1.0099999999999192,61.46665921326704
1.0109999999999213,61.46668135156119
1.0119999999999234,61.46670561800027
1.0129999999999255,61.46673189398478
1.0139999999999276,61.46676006176613
1.0149999999999297,61.466790020801916
1.0159999999999318,61.46682170167786
1.016999999999934,61.4668550756499
1.017999999999936,61.46689015846736
1.0189999999999382,61.466927007949
1.0199999999999403,61.4669657156556
1.0209999999999424,61.46700639383727
1.0219999999999445,61.46704915949093
1.0229999999999466,61.46709411777014
1.0239999999999487,61.46714134707397
1.0249999999999508,61.46719088790876
1.025999999999953,61.4672427370794
1.026999999999955,61.46729684802152
1.0279999999999572,61.467353137222645
1.0289999999999593,61.46741149582182
1.0299999999999614,61.467471804760834
1.0309999999999635,61.46753395134582
1.0319999999999656,61.46759784490161
1.0329999999999677,61.4676634293137
1.0339999999999698,61.46773069070413
1.034999999999972,61.467799659164406
1.035999999999974,61.467870404309
1.0369999999999762,61.46794302527787
1.0379999999999783,61.468017636594766
1.0389999999999804,61.46809435187124
1.0399999999999825,61.46817326764176
1.0409999999999846,61.46825444960121
1.0419999999999867,61.468337923173
1.0429999999999888,61.46842366972802
1.043999999999991,61.468511628979456
1.044999999999993,61.46860170721041
1.0459999999999952,61.46869379017308
1.0469999999999973,61.46878775884666
1.0479999999999994,61.468883505835244
1.0490000000000015,61.468980950106975
1.0500000000000036,61.46908004800782
1.0510000000000057,61.46918079900446
1.0520000000000078,61.46928324535955
1.05300000000001,61.46938746578605
1.054000000000012,61.469493563980116
1.0550000000000141,61.469601653646876
1.0560000000000163,61.46971184212424
1.0570000000000184,61.469824214907774
1.0580000000000205,61.469938823249564
1.0590000000000226,61.470055676568464
1.0600000000000247,61.4701747407339
1.0610000000000268,61.47029594245821
1.062000000000029,61.47041917917774
1.063000000000031,61.47054433302841
1.0640000000000331,61.470671286957156
1.0650000000000353,61.470799940700466
1.0660000000000374,61.4709302243919
1.0670000000000395,61.47106210788788
1.0680000000000416,61.47119560451084
1.0690000000000437,61.47133076868411
1.0700000000000458,61.47146768780089
1.071000000000048,61.471606469472626
1.07200000000005,61.47174722595407
1.0730000000000521,61.47189005793048
1.0740000000000542,61.47203503995001
1.0750000000000564,61.47218220953751
1.0760000000000585,61.47233156151845
1.0770000000000606,61.472483048343435
1.0780000000000627,61.47263658636272
1.0790000000000648,61.47279206716409
1.080000000000067,61.47294937237968
1.081000000000069,61.47310838987643
1.0820000000000711,61.47326902906072
1.0830000000000732,61.473431233141724
1.0840000000000753,61.47359498663984
1.0850000000000775,61.47376031708481
1.0860000000000796,61.47392729067402
1.0870000000000817,61.47409600250255
1.0880000000000838,61.47426656274221
1.089000000000086,61.47443908071178
1.090000000000088,61.47461364907355
1.0910000000000901,61.47479033037709
1.0920000000000922,61.474969147832326
1.0930000000000943,61.47515008160553
1.0940000000000965,61.47533307115138
1.0950000000000986,61.47551802324958
1.0960000000001007,61.47570482460648
1.0970000000001028,61.47589335725574
1.098000000000105,61.47608351458479
1.099000000000107,61.47627521574175
1.1000000000001091,61.4764684163989
1.1010000000001112,61.4766631143686
1.1020000000001133,61.47685934928297
1.1030000000001154,61.47705719639155
1.1040000000001176,61.47725675534906
1.1050000000001197,61.47745813557485
1.1060000000001218,61.47766144023954
1.1070000000001239,61.47786675113252
1.108000000000126,61.478074116532305
1.109000000000128,61.47828354378203
1.1100000000001302,61.47849499760659
1.1110000000001323,61.47870840440618
1.1120000000001344,61.47892366191448
1.1130000000001365,61.47914065286381
1.1140000000001387,61.47935926073956
1.1150000000001408,61.47957938540596
1.1160000000001429,61.47980095641713
1.117000000000145,61.480023942144015
1.118000000000147,61.48024835344016
1.1190000000001492,61.48047424133803
1.1200000000001513,61.48070168910373
1.1210000000001534,61.48093079977382
1.1220000000001555,61.48116168092673
1.1230000000001576,61.48139442883198
1.1240000000001598,61.4816291142027
1.1250000000001619,61.48186577154943
1.126000000000164,61.482104393626685
1.127000000000166,61.48234493174538
1.1280000000001682,61.48258730190815
1.1290000000001703,61.48283139589246
1.1300000000001724,61.483077095732476
1.1310000000001745,61.483324289551035
1.1320000000001766,61.48357288653114
1.1330000000001788,61.4838228289109
1.1340000000001809,61.484074099330506
1.135000000000183,61.48432672249892
1.136000000000185,61.48458076095006
1.1370000000001872,61.48483630549205
1.1380000000001893,61.48509346169102
1.1390000000001914,61.485352334291775
1.1400000000001935,61.4856130117607
1.1410000000001956,61.48587555312092
1.1420000000001977,61.486139978924825
1.1430000000001999,61.486406267626556
1.144000000000202,61.48667435785924
1.145000000000204,61.486944156289425
1.1460000000002062,61.48721554994406
1.1470000000002083,61.4874884212701
1.1480000000002104,61.487762663811274
1.1490000000002125,61.48803819630192
1.1500000000002146,61.488314973199905
1.1510000000002167,61.4885929901806
1.1520000000002188,61.488872283831085
1.153000000000221,61.489152925585145
1.154000000000223,61.48943501075941
1.1550000000002252,61.4897186442332
1.1560000000002273,61.4900039247849
1.1570000000002294,61.49029093028722
1.1580000000002315,61.49057970583953
1.1590000000002336,61.49087025650059
1.1600000000002357,61.49116254563922
1.1610000000002378,61.491456499129384
1.16200000000024,61.49175201479492
1.163000000000242,61.492048975776775
1.1640000000002442,61.492347265944325
1.1650000000002463,61.492646785181876
1.1660000000002484,61.49294746241369
1.1670000000002505,61.49324926453762
1.1680000000002526,61.493552200014335
1.1690000000002547,61.49385631661829
1.1700000000002568,61.49416169366905
1.171000000000259,61.494468429840445
1.172000000000261,61.49477662826389
1.1730000000002632,61.49508638102035
1.1740000000002653,61.49539775519982
1.1750000000002674,61.495710782481176
1.1760000000002695,61.49602545369533
1.1770000000002716,61.49634171912835
1.1780000000002737,61.49665949451675
1.1790000000002758,61.49697867189288
1.180000000000278,61.49729913374692
1.18100000000028,61.497620768521344
1.1820000000002822,61.497943485256336
1.1830000000002843,61.49826722533272
1.1840000000002864,61.49859196966186
1.1850000000002885,61.49891774032103
1.1860000000002906,61.499244596405696
1.1870000000002927,61.499572624687595
1.1880000000002948,61.49990192639218
1.189000000000297,61.500232601955254
1.190000000000299,61.50056473589797
1.1910000000003012,61.50089838394252
1.1920000000003033,61.50123356417565
1.1930000000003054,61.50157025349444
1.1940000000003075,61.501908389830014
1.1950000000003096,61.502247879830634
1.1960000000003117,61.50258861091911
1.1970000000003138,61.50293046602884
1.198000000000316,61.50327333894411
1.199000000000318,61.503617148093824
1.2000000000003201,61.50396184686024
1.2010000000003223,61.50430742896172
1.2020000000003244,61.504653928155435
1.2030000000003265,61.505001412308374
1.2040000000003286,61.50534997267103
1.2050000000003307,61.50569970986626
1.2060000000003328,61.506050718561774
1.207000000000335,61.50640307298117
1.208000000000337,61.5067568152872
1.2090000000003391,61.50711194846654
1.2100000000003412,61.507468434711704
1.2110000000003434,61.50782619952316
1.2120000000003455,61.50818514094719
1.2130000000003476,61.508545142656644
1.2140000000003497,61.50890608903145
1.2150000000003518,61.50926788012026
1.216000000000354,61.50963044439153
1.217000000000356,61.509993747477104
1.2180000000003581,61.51035779569227
1.2190000000003602,61.51072263383839
1.2200000000003624,61.51108833760417
1.2210000000003645,61.51145500163787
1.2220000000003666,61.511822724969775
1.2230000000003687,61.512191595834764
1.2240000000003708,61.51256167802603
1.225000000000373,61.51293300069513
1.226000000000375,61.51330555302737
1.2270000000003771,61.51367928453116
1.2280000000003792,61.51405411090537
1.2290000000003813,61.514429924646606
1.2300000000003835,61.51480660891166
1.2310000000003856,61.51518405268055
1.2320000000003877,61.515562165093385
1.2330000000003898,61.51594088694482
1.234000000000392,61.51632019772757
1.235000000000394,61.51670011723542
1.2360000000003961,61.51708070150915
1.2370000000003982,61.5174620336962
1.2380000000004003,61.517844211111466
1.2390000000004024,61.518227330317806
1.2400000000004046,61.518611472321524
1.2410000000004067,61.51899668995835
1.2420000000004088,61.51938299924038
1.2430000000004109,61.51977037587296
1.244000000000413,61.52015875742671
1.245000000000415,61.52054805085342
1.2460000000004172,61.52093814428659
1.2470000000004193,61.521328921461695
1.2480000000004214,61.521720276734435
1.2490000000004235,61.522112128582954
1.2500000000004257,61.522504429703446
1.2510000000004278,61.522897172281766
1.2520000000004299,61.52329038770885
1.253000000000432,61.52368414078023
1.254000000000434,61.524078519201296
1.2550000000004362,61.52447361987319
1.2560000000004383,61.524869533890154
1.2570000000004404,61.525266332355145
1.2580000000004425,61.525664055005834
1.2590000000004447,61.526062703245415
1.2600000000004468,61.52646223855469
1.2610000000004489,61.52686258650186
1.262000000000451,61.52726364578408
1.263000000000453,61.52766530102952
1.2640000000004552,61.52806743755822
1.2650000000004573,61.52846995603084
1.2660000000004594,61.52887278493266
1.2670000000004615,61.52927588913801
1.2680000000004636,61.52967927336119
1.2690000000004658,61.53008298000947
1.2700000000004679,61.53048708174951
1.27100000000047,61.53089166983351
1.272000000000472,61.53129683983032
1.2730000000004742,61.53170267676678
1.2740000000004763,61.532109241767074
1.2750000000004784,61.53251656206451
1.2760000000004805,61.53292462578156
1.2770000000004826,61.53333338221307
1.2780000000004847,61.53374274756157
1.2790000000004869,61.534152615321226
1.280000000000489,61.53456286984538
1.281000000000491,61.53497340119225
1.2820000000004932,61.53538411916104
1.2830000000004953,61.53579496454977
1.2840000000004974,61.53620591605273
1.2850000000004995,61.53661699183768
1.2860000000005016,61.53702824557935
1.2870000000005037,61.53743975751544
1.2880000000005059,61.53785162178102
1.289000000000508,61.53826393180297
1.29000000000051,61.538676765804084
1.2910000000005122,61.53909017445167
1.2920000000005143,61.53950417238058
1.2930000000005164,61.539918734779036
1.2940000000005185,61.540333799509476
1.2950000000005206,61.54074927446337
1.2960000000005227,61.54116504911081
1.2970000000005248,61.541581008619715
1.298000000000527,61.541997048557114
1.299000000000529,61.54241308811346
1.3000000000005312,61.542829079989424
1.3010000000005333,61.543245015563194
1.3020000000005354,61.54366092461571
1.3030000000005375,61.54407686965683
1.3040000000005396,61.54449293565332
1.3050000000005417,61.54490921660372
1.3060000000005438,61.54532580084942
1.307000000000546,61.54574275718448
1.308000000000548,61.54616012371637
1.3090000000005502,61.54657790103869
1.3100000000005523,61.54699605067032
1.3110000000005544,61.54741449897732
1.3120000000005565,61.54783314602318
1.3130000000005586,61.54825187809967
1.3140000000005607,61.54867058218026
1.3150000000005628,61.54908916026415
1.316000000000565,61.549507541603774
1.317000000000567,61.54992569109504
1.3180000000005692,61.55034361266017
1.3190000000005713,61.5507613471526
1.3200000000005734,61.55117896508182
1.3210000000005755,61.55159655518583
1.3220000000005776,61.55201421046106
1.3230000000005797,61.55243201361291
1.3240000000005818,61.55285002397122
1.325000000000584,61.55326826770526
1.326000000000586,61.55368673270871
1.3270000000005882,61.55410536887113
1.3280000000005903,61.55452409368939
1.3290000000005924,61.554942802431846
1.3300000000005945,61.55536138142264
1.3310000000005966,61.5557797225769
1.3320000000005987,61.556197737148544
1.3330000000006008,61.556615366756645
1.334000000000603,61.55703259014517
1.335000000000605,61.55744942473071
1.3360000000006071,61.557865922724694
1.3370000000006093,61.558282162378696
1.3380000000006114,61.55869823558432
1.3390000000006135,61.55911423357161
1.3400000000006156,61.55953023271219
1.3410000000006177,61.559946282421144
1.3420000000006198,61.56036239685185
1.343000000000622,61.56077855154672
1.344000000000624,61.5611946855089
1.3450000000006261,61.561610708400515
1.3460000000006282,61.56202651184835
1.3470000000006304,61.56244198326964
1.3480000000006325,61.562857020269504
1.3490000000006346,61.56327154359356
1.3500000000006367,61.56368550681307
1.3510000000006388,61.564098901391354
1.352000000000641,61.56451175641935
1.353000000000643,61.56492413306468
1.3540000000006451,61.565336114515645
1.3550000000006472,61.56574779283638
1.3560000000006494,61.566159254581486
1.3570000000006515,61.56657056719207
1.3580000000006536,61.566981768083174
1.3590000000006557,61.56739285795181
1.3600000000006578,61.56780379924495
1.36100000000066,61.56821451999494
1.362000000000662,61.56862492248059
1.3630000000006641,61.56903489549955
1.3640000000006662,61.56944432851937
1.3650000000006683,61.56985312573027
1.3660000000006705,61.57026121801997
1.3670000000006726,61.570668571197416
1.3680000000006747,61.57107518931052
1.3690000000006768,61.571481112600004
1.370000000000679,61.57188641037877
1.371000000000681,61.57229116984434
1.3720000000006831,61.57269548239794
1.3730000000006852,61.57309942939491
1.3740000000006873,61.57350306932723
1.3750000000006894,61.573906428236
1.3760000000006916,61.574309494697474
1.3770000000006937,61.57471222008155
1.3780000000006958,61.57511452404448
1.379000000000698,61.57551630447803
1.3800000000007,61.57591745051926
1.381000000000702,61.57631785678459
1.3820000000007042,61.5767174368377
1.3830000000007063,61.57711613399146
1.3840000000007084,61.57751392793454
1.3850000000007106,61.5779108362514
1.3860000000007127,61.57830691063051
1.3870000000007148,61.57870222829334
1.3880000000007169,61.57909687985245
1.389000000000719,61.57949095530421
1.390000000000721,61.579884530123415
1.3910000000007232,61.580277653408764
1.3920000000007253,61.58067033974524
1.3930000000007274,61.58106256591581
1.3940000000007295,61.58145427292745
1.3950000000007317,61.5818453730535
1.3960000000007338,61.58223576090674
1.3970000000007359,61.58262532697538
1.398000000000738,61.58301397173011
1.39900000000074,61.58340161830891
1.4000000000007422,61.58378822201056
1.4010000000007443,61.584173775261235
1.4020000000007464,61.58455830736146
1.4030000000007485,61.584941879054085
1.4040000000007506,61.58532457267896
1.4050000000007528,61.58570647929973
1.4060000000007549,61.58608768461357
1.407000000000757,61.5864682556243
1.408000000000759,61.586848229949055
1.4090000000007612,61.587227609259436
1.4100000000007633,61.58760635777409
1.4110000000007654,61.587984406010335
1.4120000000007675,61.588361659263384
1.4130000000007696,61.588738009624194
1.4140000000007718,61.58911334984067
1.4150000000007739,61.58948758708339
1.416000000000776,61.58986065467886
1.417000000000778,61.59023252016969
1.4180000000007802,61.590603188571215
1.4190000000007823,61.59097270037198
1.4200000000007844,61.59134112456493
1.4210000000007865,61.59170854769136
1.4220000000007886,61.59207506044226
1.4230000000007907,61.592440743698766
1.4240000000007929,61.5928056559745
1.425000000000795,61.59316982401902
1.426000000000797,61.59353323790108
1.4270000000007992,61.59389585125525
1.4280000000008013,61.594257586657534
1.4290000000008034,61.594618345365625
1.4300000000008055,61.59497802006159
1.4310000000008076,61.595336508795235
1.4320000000008097,61.59569372817764
1.4330000000008118,61.59604962396784
1.434000000000814,61.59640417756795
1.435000000000816,61.596757407519625
1.4360000000008182,61.597109365794175
1.4370000000008203,61.59746012940087
1.4380000000008224,61.59780978849604
1.4390000000008245,61.59815843266208
1.4400000000008266,61.59850613728328
1.4410000000008287,61.59885295193085
1.4420000000008308,61.59919889238316
1.443000000000833,61.5995439374012
1.444000000000835,61.59988803070513
1.4450000000008372,61.600231087868195
1.4460000000008393,61.60057300715867
1.4470000000008414,61.600913682802805
1.4480000000008435,61.6012530187995
1.4490000000008456,61.60159094135336
1.4500000000008477,61.601927408178135
1.4510000000008498,61.60226241336734
1.452000000000852,61.60259598715391
1.453000000000854,61.602928190593666
1.4540000000008562,61.603259105924316
1.4550000000008583,61.603588823956734
1.4560000000008604,61.6039174302719
1.4570000000008625,61.604244992162485
1.4580000000008646,61.60457154815215
1.4590000000008667,61.60489710156527
1.4600000000008688,61.60522161904298
1.461000000000871,61.60554503421366
1.462000000000873,61.605867255993786
1.4630000000008752,61.606188180359666
1.4640000000008773,61.60650770392585
1.4650000000008794,61.60682573743152
1.4660000000008815,61.60714221724011
1.4670000000008836,61.60745711324213
1.4680000000008857,61.60777043205026
1.4690000000008878,61.60808221504817
1.47000000000089,61.60839253156752
1.471000000000892,61.60870146815897
1.4720000000008941,61.609009115466485
1.4730000000008963,61.609315554550804
1.4740000000008984,61.60962084458282
1.4750000000009005,61.60992501363294
1.4760000000009026,61.610228053848104
1.4770000000009047,61.61052992168655
1.4780000000009068,61.61083054317798
1.479000000000909,61.61112982346311
1.480000000000911,61.61142765927382
1.4810000000009131,61.611723952594346
1.4820000000009153,61.612018623590316
1.4830000000009174,61.61231162098451
1.4840000000009195,61.61260292842571
1.4850000000009216,61.612892565961914
1.4860000000009237,61.61318058641142
1.4870000000009258,61.613467067145685
1.488000000000928,61.613752098442404
1.48900000000093,61.61403577004237
1.4900000000009321,61.614318157799865
1.4910000000009342,61.61459931229795
1.4920000000009364,61.61487925102532
1.4930000000009385,61.61515795520935
1.4940000000009406,61.61543537174473
1.4950000000009427,61.61571141994507
1.4960000000009448,61.61598600216012
1.497000000000947,61.616259016766385
1.498000000000949,61.61653037170731
1.4990000000009511,61.61679999667513
1.5000000000009532,61.61706785223158
1.5010000000009553,61.61733393458818
1.5020000000009575,61.61759827537493
1.5030000000009596,61.61786093643874
1.5040000000009617,61.61812200040127
1.5050000000009638,61.61838155830765
1.506000000000966,61.618639696101845
1.507000000000968,61.618896481828735
1.5080000000009701,61.619151955361566
1.5090000000009722,61.619406122094446
1.5100000000009743,61.619658951482094
1.5110000000009765,61.61991038062913
1.5120000000009786,61.6201603224197
1.5130000000009807,61.62040867704653
1.5140000000009828,61.62065534531542
1.515000000000985,61.620900241862685
1.516000000000987,61.62114330642568
1.5170000000009891,61.62138451159186
1.5180000000009912,61.62162386593745
1.5190000000009933,61.62186141212158
1.5200000000009954,61.622097220207124
1.5210000000009976,61.622331377151475
1.5220000000009997,61.62256397394726
1.5230000000010018,61.62279509222033
1.5240000000010039,61.62302479216738
1.525000000001006,61.62325310352621
1.526000000001008,61.623480020841825
1.5270000000010102,61.6237055036904
1.5280000000010123,61.62392948182714
1.5290000000010144,61.62415186452823
1.5300000000010165,61.62437255281752
1.5310000000010187,61.62459145285348
1.5320000000010208,61.62480848859952
1.5330000000010229,61.62502361199544
1.534000000001025,61.625236809205944
1.535000000001027,61.62544810206988
1.5360000000010292,61.62565754455059
1.5370000000010313,61.6258652146899
1.5380000000010334,61.626071203197945
1.5390000000010355,61.626275600280884
1.5400000000010376,61.62647848255776
1.5410000000010398,61.6266799019
1.5420000000010419,61.62687987775862
1.543000000001044,61.627078394053996
1.544000000001046,61.62727540105967
1.5450000000010482,61.62747082201003
1.5460000000010503,61.62766456350092
1.5470000000010524,61.62785652821884
1.5480000000010545,61.62804662820789
1.5490000000010566,61.62823479681207
1.5500000000010588,61.62842099761888
1.5510000000010609,61.628605229148064
1.552000000001063,61.62878752463491
1.553000000001065,61.628967946937635
1.5540000000010672,61.629146579290264
1.5550000000010693,61.62932351320102
1.5560000000010714,61.62949883519909
1.5570000000010735,61.629672614290655
1.5580000000010756,61.62984489188743
1.5590000000010777,61.630015675617976
1.5600000000010799,61.63018493789036
1.561000000001082,61.63035261940188
1.562000000001084,61.63051863710199
1.5630000000010862,61.63068289548505
1.5640000000010883,61.63084529962916
1.5650000000010904,61.631005768149514
1.5660000000010925,61.63116424424895
1.5670000000010946,61.63132070331782
1.5680000000010967,61.63147515601708
1.5690000000010988,61.63162764641765
1.570000000001101,61.63177824546152
1.571000000001103,61.63192704066684
1.5720000000011052,61.632074123527495
1.5730000000011073,61.63221957637862
1.5740000000011094,61.63236346057176
1.5750000000011115,61.63250580761888
1.5760000000011136,61.6326466145477
1.5770000000011157,61.632785844112064
1.5780000000011178,61.63292342983117
1.57900000000112,61.633059285138245
1.580000000001122,61.63319331536179
1.5810000000011242,61.633325430844785
1.5820000000011263,61.63345555936327
1.5830000000011284,61.6335836561019
1.5840000000011305,61.63370970978242
1.5850000000011326,61.63383374409166
1.5860000000011347,61.63395581421028
1.5870000000011368,61.63407599893259
1.588000000001139,61.63419438948753
1.589000000001141,61.6343110766297
1.5900000000011432,61.63442613781525
1.5910000000011453,61.63453962625913
1.5920000000011474,61.634651563409086
1.5930000000011495,61.6347619358889
1.5940000000011516,61.63487069733784
1.5950000000011537,61.63497777487955
1.5960000000011558,61.63508307931098
1.597000000001158,61.635186517576635
1.59800000000116,61.635288005770065
1.5990000000011622,61.63538748084393
1.6000000000011643,61.63548490938032
1.6010000000011664,61.635580292193346
1.6020000000011685,61.635673664124305
1.6030000000011706,61.635765089057486
1.6040000000011727,61.63585465086261
1.6050000000011748,61.6359424415363
1.606000000001177,61.63602854821354
1.607000000001179,61.636113040869525
1.6080000000011812,61.6361959624432
1.6090000000011833,61.6362773227661
1.6100000000011854,61.63635709714445
1.6110000000011875,61.63643522979315
1.6120000000011896,61.636511641632836
1.6130000000011917,61.63658624135582
1.6140000000011938,61.63665893820435
1.615000000001196,61.63672965466884
1.616000000001198,61.63679833732347
1.6170000000012001,61.636864964281045
1.6180000000012023,61.63692954822393
1.6190000000012044,61.6369921345872
1.6200000000012065,61.63705279515627
1.6210000000012086,61.63711161798182
1.6220000000012107,61.63716869503062
1.6230000000012128,61.63722410931098
1.624000000001215,61.637277923279534
1.625000000001217,61.63733017015381
1.6260000000012191,61.637380849353264
1.6270000000012212,61.63742992669707
1.6280000000012234,61.63747733933542
1.6290000000012255,61.637523004713614
1.6300000000012276,61.637566832309666
1.6310000000012297,61.63760873649513
1.6320000000012318,61.63764864871046
1.633000000001234,61.6376865272468
1.634000000001236,61.63772236326096
1.6350000000012381,61.6377561821832
1.6360000000012402,61.63778804032114
1.6370000000012424,61.63781801714223
1.6380000000012445,61.637846204319594
1.6390000000012466,61.63787269308011
1.6400000000012487,61.63789756163111
1.6410000000012508,61.63792086443036
1.642000000001253,61.63794262480113
1.643000000001255,61.63796283192959
1.6440000000012571,61.63798144265674
1.6450000000012592,61.63799838781552
1.6460000000012613,61.63801358221157
1.6470000000012635,61.638026936849144
1.6480000000012656,61.63803837167602
1.6490000000012677,61.63804782706617
1.6500000000012698,61.63805527242245
1.651000000001272,61.638060710695726
1.652000000001274,61.63806417819239
1.6530000000012761,61.638065739696145
1.6540000000012782,61.63806547959459
1.6550000000012803,61.638063490258695
1.6560000000012824,61.63805985930956
1.6570000000012846,61.63805465756164
1.6580000000012867,61.638047929335684
1.6590000000012888,61.638039686499106
1.6600000000012909,61.63802990706868
1.661000000001293,61.63801853856946
1.662000000001295,61.638005505671714
1.6630000000012972,61.63799072103325
1.6640000000012993,61.637974097827104
1.6650000000013014,61.6379555621885
1.6660000000013035,61.63793506384425
1.6670000000013057,61.63791258342576
1.6680000000013078,61.63788813544884
1.6690000000013099,61.63786176654126
1.670000000001312,61.63783354917343
1.671000000001314,61.63780357177666
1.6720000000013162,61.637771926640326
1.6730000000013183,61.63773869728911
1.6740000000013204,61.63770394711442
1.6750000000013225,61.63766771085361
1.6760000000013247,61.637629990109566
1.6770000000013268,61.63759075353953
1.6780000000013289,61.63754994167928
1.679000000001331,61.637507475726885
1.680000000001333,61.63746326904562
1.6810000000013352,61.63741723976993
1.6820000000013373,61.63736932274558
1.6830000000013394,61.637319479124194
1.6840000000013415,61.63726770226811
1.6850000000013436,61.63721401913682
1.6860000000013458,61.637158486966655
1.6870000000013479,61.637101185711195
1.68800000000135,61.637042207305996
1.689000000001352,61.63698164326668
1.6900000000013542,61.636919572360625
1.6910000000013563,61.63685605008235
1.6920000000013584,61.636791101406935
1.6930000000013605,61.63672471783718
1.6940000000013626,61.636656859154115
1.6950000000013647,61.63658745961921
1.6960000000013669,61.63651643775648
1.697000000001369,61.636443708335065
1.698000000001371,61.63636919486434
1.6990000000013732,61.636292840856754
1.7000000000013753,61.63621461826576
1.7010000000013774,61.636134531926544
1.7020000000013795,61.63605261937404
1.7030000000013816,61.63596894606847
1.7040000000013837,61.63588359670243
1.7050000000013859,61.63579666381087
1.706000000001388,61.63570823528762
1.70700000000139,61.635618382562804
1.7080000000013922,61.63552715109859
1.7090000000013943,61.63543455454011
1.7100000000013964,61.635340573337324
1.7110000000013985,61.63524515802882
1.7120000000014006,61.63514823672317
1.7130000000014027,61.63504972572616
1.7140000000014048,61.63494954181862
1.715000000001407,61.634847614466366
1.716000000001409,61.634743896242334
1.7170000000014112,61.634638370006925
1.7180000000014133,61.634531051835985
1.7190000000014154,61.63442198929192
1.7200000000014175,61.634311255284864
1.7210000000014196,61.63419893838909
1.7220000000014217,61.63408513097916
1.7230000000014238,61.63396991685403
1.724000000001426,61.63385336008541
1.725000000001428,61.63373549665743
1.7260000000014302,61.63361633006744
1.7270000000014323,61.63349583149972
1.7280000000014344,61.633373944549334
1.7290000000014365,61.63325059382789
1.7300000000014386,61.63312569623777
1.7310000000014407,61.6329991733321
1.7320000000014428,61.63287096302513
1.733000000001445,61.63274102900432
1.734000000001447,61.63260936652634
1.7350000000014492,61.63247600378764
1.7360000000014513,61.632340998675076
1.7370000000014534,61.63220443136069
1.7380000000014555,61.632066393780505
1.7390000000014576,61.63192697747545
1.7400000000014597,61.63178626150139
1.7410000000014618,61.63164430210443
1.742000000001464,61.631501125609276
1.743000000001466,61.63135672551379
1.7440000000014682,61.631211064197196
1.7450000000014703,61.63106407899441
1.7460000000014724,61.63091569178216
1.7470000000014745,61.63076582072334
1.7480000000014766,61.63061439252438
1.7490000000014787,61.63046135347712
1.7500000000014808,61.63030667774183
1.751000000001483,61.63015037170965
1.752000000001485,61.62999247383189
1.7530000000014871,61.62983304994717
1.7540000000014893,61.62967218476306
1.7550000000014914,61.62950997069194
1.7560000000014935,61.629346495610896
1.7570000000014956,61.629181831264816
1.7580000000014977,61.6290160239431
1.7590000000014998,61.628849088734945
1.760000000001502,61.62868100817055
1.761000000001504,61.628511735432255
1.7620000000015061,61.62834120168402
1.7630000000015082,61.62816932648612
1.7640000000015104,61.62799602983721
1.7650000000015125,61.62782124414431
1.7660000000015146,61.62764492445059
1.7670000000015167,61.62746705548159
1.7680000000015188,61.62728765452701
1.769000000001521,61.62710676975299
1.770000000001523,61.62692447418996
1.7710000000015251,61.626740856243366
1.7720000000015272,61.62655600806185
1.7730000000015294,61.6263700134006
1.7740000000015315,61.62618293668317
1.7750000000015336,61.6259948147963
1.7760000000015357,61.625805652766005
1.7770000000015378,61.625615423922056
1.77800000000154,61.6254240745204
1.779000000001542,61.62523153217589
1.7800000000015441,61.62503771691404
1.7810000000015462,61.624842553291934
1.7820000000015483,61.62464598188411
1.7830000000015505,61.624447968516954
1.7840000000015526,61.62424850996214
1.7850000000015547,61.62404763528732
1.7860000000015568,61.62384540267935
1.787000000001559,61.623641892188694
1.788000000001561,61.62343719541644
1.7890000000015631,61.623231403591895
1.7900000000015652,61.62302459571472
1.7910000000015673,61.62281682842485
1.7920000000015694,61.62260812902021
1.7930000000015716,61.622398492600084
1.7940000000015737,61.622187883730305
1.7950000000015758,61.62197624239253
1.796000000001578,61.62176349337981
1.79700000000158,61.62154955781161
1.798000000001582,61.62133436515233
1.7990000000015842,61.621117864046376
1.8000000000015863,61.62090003044746
1.8010000000015884,61.62068087190303
1.8020000000015906,61.62046042739768
1.8030000000015927,61.62023876277787
1.8040000000015948,61.62001596240472
1.8050000000015969,61.61979211820927
1.806000000001599,61.61956731768828
1.807000000001601,61.6193416325293
1.8080000000016032,61.619115109461305
1.8090000000016053,61.618887764612964
1.8100000000016074,61.61865958217091
1.8110000000016095,61.61843051752066
1.8120000000016117,61.61820050442844
1.8130000000016138,61.61796946525039
1.8140000000016159,61.61773732273899
1.815000000001618,61.61750401178712
1.81600000000162,61.61726948946167
1.8170000000016222,61.6170337419223
1.8180000000016243,61.61679678725546
1.8190000000016264,61.61655867382961
1.8200000000016285,61.61631947440618
1.8210000000016306,61.61607927683765
1.8220000000016328,61.61583817266426
1.8230000000016349,61.61559624520934
1.824000000001637,61.61535355884741
1.825000000001639,61.61511015095112
1.8260000000016412,61.61486602764318
1.8270000000016433,61.614621163946154
1.8280000000016454,61.61437550830989
1.8290000000016475,61.61412899087399
1.8300000000016496,61.61388153430422
1.8310000000016518,61.61363306567909
1.8320000000016539,61.61338352775784
1.833000000001656,61.61313288804328
1.834000000001658,61.61288114437363
1.8350000000016602,61.612628326255084
1.8360000000016623,61.61237449175505
1.8370000000016644,61.612119720393515
1.8380000000016665,61.61186410303222
1.8390000000016686,61.611607730182484
1.8400000000016707,61.61135068037388
1.8410000000016729,61.611093010213224
1.842000000001675,61.61083474752888
1.843000000001677,61.61057588855993
1.8440000000016792,61.61031639958047
1.8450000000016813,61.61005622272742
1.8460000000016834,61.60979528520915
1.8470000000016855,61.609533510596066
1.8480000000016876,61.60927083061173
1.8490000000016897,61.609007195761514
1.8500000000016918,61.60874258331307
1.851000000001694,61.60847700150826
1.852000000001696,61.60821048941638
1.8530000000016982,61.60794311245634
1.8540000000017003,61.6076749542156
1.8550000000017024,61.60740610571909
1.8560000000017045,61.60713665365562
1.8570000000017066,61.60686666921782
1.8580000000017087,61.60659619912189
1.8590000000017108,61.60632526006732
1.860000000001713,61.60605383741112
1.861000000001715,61.60578188824054
1.8620000000017172,61.60550934840968
1.8630000000017193,61.60523614254918
1.8640000000017214,61.60496219564473
1.8650000000017235,61.60468744455821
1.8660000000017256,61.604411847875575
1.8670000000017277,61.60413539269932
1.8680000000017298,61.603858097437794
1.869000000001732,61.603580010200254
1.870000000001734,61.60330120302907
1.8710000000017362,61.60302176278109
1.8720000000017383,61.60274177994517
1.8730000000017404,61.60246133696415
1.8740000000017425,61.602180497704985
1.8750000000017446,61.60189929955254
1.8760000000017467,61.60161774923377
1.8770000000017488,61.601335822956564
1.878000000001751,61.60105347084193
1.879000000001753,61.60077062502223
1.8800000000017552,61.60048721026597
1.8810000000017573,61.60020315563884
1.8820000000017594,61.599918405556615
1.8830000000017615,61.59963292868396
1.8840000000017636,61.59934672342414
1.8850000000017657,61.59905981923705
1.8860000000017678,61.59877227359943
1.88700000000177,61.59848416503902
1.888000000001772,61.5981955832213
1.8890000000017741,61.597906617481534
1.8900000000017763,61.597617345413965
1.8910000000017784,61.59732782311397
1.8920000000017805,61.59703807844735
1.8930000000017826,61.59674810828315
1.8940000000017847,61.596457880078006
1.8950000000017868,61.59616733758481
1.896000000001789,61.59587640988069
1.897000000001791,61.595585022439664
1.8980000000017931,61.59529310869907
1.8990000000017953,61.59500062049065
1.9000000000017974,61.59470753587476
1.9010000000017995,61.594413863280344
1.9020000000018016,61.594119641370845
1.9030000000018037,61.59382493465923
1.9040000000018058,61.59352982548966
1.905000000001808,61.59323440351353
1.90600000000181,61.592938754141215
1.9070000000018121,61.59264294759103
1.9080000000018142,61.592347030074976
1.9090000000018164,61.5920510183546
1.9100000000018185,61.59175489843301
1.9110000000018206,61.591458628559735
1.9120000000018227,61.591162146127
1.9130000000018248,61.590865377484434
1.914000000001827,61.59056824929681
1.915000000001829,61.59027069984634
1.9160000000018311,61.58997268869963
1.9170000000018332,61.5896742033793
1.9180000000018353,61.58937526210775
1.9190000000018375,61.58907591224264
1.9200000000018396,61.58877622462557
1.9210000000018417,61.58847628464358
1.9220000000018438,61.588176181260145
1.923000000001846,61.58787599555947
1.924000000001848,61.587575790412664
1.9250000000018501,61.58727560271389
1.9260000000018522,61.586975439276316
1.9270000000018543,61.58667527695944
1.9280000000018565,61.586375067008774
1.9290000000018586,61.58607474299349
1.9300000000018607,61.58577423122665
1.9310000000018628,61.585473462204746
1.932000000001865,61.58517238145321
1.933000000001867,61.58487095826261
1.9340000000018691,61.58456919108217
1.9350000000018712,61.584267108821194
1.9360000000018733,61.58396476787574
1.9370000000018754,61.58366224530136
1.9380000000018776,61.58335962909221
1.9390000000018797,61.583057006932634
1.9400000000018818,61.582754454998636
1.9410000000018839,61.582452028382015
1.942000000001886,61.58214975447783
1.943000000001888,61.581847630261805
1.9440000000018902,61.58154562383604
1.9450000000018923,61.58124368002105
1.9460000000018944,61.58094172920645
1.9470000000018965,61.58063969821444
1.9480000000018987,61.580337521645184
1.9490000000019008,61.5800351521157
1.9500000000019029,61.579732567952206
1.951000000001905,61.579429777259826
1.952000000001907,61.57912681780057
1.9530000000019092,61.57882375269897
1.9540000000019113,61.57852066258158
1.9550000000019134,61.578217635256166
1.9560000000019155,61.57791475438165
1.9570000000019177,61.57761208872199
1.9580000000019198,61.577309683491436
1.9590000000019219,61.5770075550068
1.960000000001924,61.57670568939496
1.961000000001926,61.57640404553238
1.9620000000019282,61.576102561804674
1.9630000000019303,61.5758011657327
1.9640000000019324,61.5754997851118
1.9650000000019345,61.575198359105116
1.9660000000019366,61.57489684773208
1.9670000000019388,61.574595238421615
1.9680000000019409,61.574293548713385
1.969000000001943,61.57399182473109
1.970000000001945,61.5736901356459
1.9710000000019472,61.57338856491138
1.9720000000019493,61.57308719950515
1.9730000000019514,61.57278611868732
1.9740000000019535,61.57248538385836
1.9750000000019556,61.57218503093486
1.9760000000019577,61.57188506631488
1.9770000000019599,61.571585466994705
1.978000000001962,61.571286184816415
1.979000000001964,61.57098715425211
1.9800000000019662,61.570688302623225
1.9810000000019683,61.570389561324724
1.9820000000019704,61.57009087646895
1.9830000000019725,61.56979221746214
1.9840000000019746,61.56949358230519
1.9850000000019767,61.56919499887924
1.9860000000019788,61.568896522035814
1.987000000001981,61.56859822690548
1.988000000001983,61.56830019936383
1.9890000000019852,61.56800252499615
1.9900000000019873,61.567705278108235
1.9910000000019894,61.56740851232488
1.9920000000019915,61.56711225409463
1.9930000000019936,61.566816500009836
1.9940000000019957,61.566521218314236
1.9950000000019978,61.56622635438292
1.996000000002,61.56593183940171
1.997000000002002,61.565637601022814
1.9980000000020042,61.56534357449674
1.9990000000020063,61.565049712725845
2.000000000002008,61.564755993816206
2.001000000002006,61.56441096868657
2.0020000000020035,61.56352911359567
2.003000000002001,61.561659379436534
2.004000000001999,61.55880549361254
2.0050000000019965,61.55541884671556
2.006000000001994,61.552368679825186
2.007000000001992,61.5507700081866
2.0080000000019895,61.55178254165267
2.009000000001987,61.556426477325054
2.010000000001985,61.56543475386665
2.0110000000019825,61.57918234409822
2.01200000000198,61.597676566554505
2.013000000001978,61.620598622254306
2.0140000000019755,61.64737074623952
2.015000000001973,61.67723726195636
2.016000000001971,61.70935352711149
2.0170000000019686,61.742883836135945
2.018000000001966,61.777105506064174
2.019000000001964,61.811509539275626
2.0200000000019616,61.84587934299271
2.0210000000019592,61.88032766249939
2.022000000001957,61.91527788127366
2.0230000000019546,61.95138979430858
2.0240000000019522,61.98944482252831
2.02500000000195,62.03021625014495
2.0260000000019476,62.07435184655644
2.0270000000019452,62.12228965990706
2.028000000001943,62.174216190554134
2.0290000000019406,62.23006493711919
2.0300000000019383,62.28954632841271
2.031000000001936,62.352198683247394
2.0320000000019336,62.417452253666276
2.0330000000019313,62.48470141149601
2.034000000001929,62.55338086366267
2.0350000000019266,62.623039729392175
2.0360000000019243,62.6934039681957
2.037000000001922,62.76441575368329
2.0380000000019196,62.836240208781916
2.0390000000019173,62.90923582102878
2.040000000001915,62.98389309581841
2.0410000000019126,63.06075356031816
2.0420000000019103,63.140325314729196
2.043000000001908,63.22301067427292
2.0440000000019056,63.309056786181124
2.0450000000019033,63.39853362753824
2.046000000001901,63.49133798957141
2.0470000000018986,63.58721856157172
2.0480000000018963,63.685816239555365
2.049000000001894,63.786714275805274
2.0500000000018916,63.88949343717207
2.0510000000018893,63.993787046200985
2.052000000001887,64.09932974866582
2.0530000000018847,64.20599305601895
2.0540000000018823,64.31380132804108
2.05500000000188,64.42292450533468
2.0560000000018777,64.53364819500531
2.0570000000018753,64.64632640128738
2.058000000001873,64.7613257260599
2.0590000000018707,64.87897111379823
2.0600000000018683,64.99950195388435
2.061000000001866,65.12304427743474
2.0620000000018637,65.24960111348096
2.0630000000018613,65.37905994841634
2.064000000001859,65.51121427384842
2.0650000000018567,65.64579535528085
2.0660000000018544,65.78251010997359
2.067000000001852,65.92108082207838
2.0680000000018497,66.06128214585532
2.0690000000018474,66.20297067793312
2.070000000001845,66.346102784085
2.0710000000018427,66.490737716719
2.0720000000018404,66.63702534503
2.073000000001838,66.78518057132449
2.0740000000018357,66.93544897146813
2.0750000000018334,67.08806966210385
2.076000000001831,67.24324149096726
2.0770000000018287,67.40109747134484
2.0780000000018264,67.56169042374253
2.079000000001824,67.72499067383787
2.0800000000018217,67.89089488722482
2.0810000000018194,68.05924391723973
2.082000000001817,68.22984684794014
2.0830000000018147,68.40250804428362
2.0840000000018124,68.57705383344091
2.08500000000181,68.75335544062283
2.0860000000018077,68.93134512533581
2.0870000000018054,69.11102325752974
2.088000000001803,69.2924553595831
2.0890000000018007,69.47575974124048
2.0900000000017984,69.6610879262971
2.091000000001796,69.84860122680922
2.0920000000017938,70.03844728696548
2.0930000000017914,70.23074012861711
2.094000000001789,70.42554633501948
2.0950000000017868,70.62287879541668
2.0960000000017844,70.82269820133212
2.097000000001782,71.02492144905901
2.0980000000017798,71.22943534950039
2.0990000000017774,71.43611356697856
2.100000000001775,71.64483446184403
2.101000000001773,71.85549944832569
2.1020000000017705,72.06811438387699
2.103000000001768,72.28290212823306
2.104000000001766,72.49988154181688
2.1050000000017635,72.71861436683209
2.106000000001761,72.93845798322596
2.107000000001759,73.15877293683012
2.1080000000017565,73.3791435364234
2.109000000001754,73.59941016119876
2.110000000001752,73.81951369511205
2.1110000000017495,74.03944862429975
2.112000000001747,74.25923105117054
2.113000000001745,74.478893916282
2.1140000000017425,74.69848067712124
2.11500000000174,74.91803731811625
2.116000000001738,75.13760688708169
2.1170000000017355,75.35722359041985
2.118000000001733,75.57690812389633
2.119000000001731,75.79666464551615
2.1200000000017285,76.0164800135173
2.121000000001726,76.2363253890208
2.122000000001724,76.45615998520104
2.1230000000017215,76.67593648220948
2.124000000001719,76.89560749121897
2.125000000001717,77.11513221917164
2.1260000000017145,77.33448249357545
2.127000000001712,77.5536472492899
2.12800000000171,77.77263476336353
2.1290000000017075,77.99147217800898
2.130000000001705,78.21020224366703
2.131000000001703,78.42887766843796
2.1320000000017005,78.64755386364757
2.133000000001698,78.86628117190038
2.134000000001696,79.0850977484554
2.1350000000016935,79.30402415432961
2.136000000001691,79.52306042881938
2.137000000001689,79.74218602462203
2.1380000000016866,79.96136258271618
2.139000000001684,80.18053916142314
2.140000000001682,80.39965923823551
2.1410000000016796,80.61866858933973
2.1420000000016772,80.83752301798407
2.143000000001675,81.05619487182939
2.1440000000016726,81.2746773831955
2.1450000000016702,81.49298611214348
2.146000000001668,81.71115716453639
2.1470000000016656,81.92924234962463
2.1480000000016632,82.14730194513298
2.149000000001661,82.36539614536213
2.1500000000016586,82.58357648746987
2.1510000000016563,82.80187853881868
2.152000000001654,83.02031689884126
2.1530000000016516,83.23888318728805
2.1540000000016493,83.45754724345424
2.155000000001647,83.67626132606121
2.1560000000016446,83.89496673027254
2.1570000000016423,84.11360194960204
2.15800000000164,84.33211131713281
2.1590000000016376,84.55045296209845
2.1600000000016353,84.76860495361139
2.161000000001633,84.98656869533885
2.1620000000016306,85.20436898608133
2.1630000000016283,85.42205064673134
2.164000000001626,85.63967215691457
2.1650000000016236,85.85729723819853
2.1660000000016213,86.07498565930184
2.167000000001619,86.29278465108227
2.1680000000016166,86.51072219102554
2.1690000000016143,86.72880308635835
2.170000000001612,86.94700834581259
2.1710000000016096,87.1652978609388
2.1720000000016073,87.38361598657951
2.173000000001605,87.60189925680511
2.1740000000016027,87.82008521244214
2.1750000000016003,88.03812116134122
2.176000000001598,88.25597166182828
2.1770000000015957,88.47362363902808
2.1780000000015933,88.69108833037883
2.179000000001591,88.90839969742774
2.1800000000015887,89.12560947912166
2.1810000000015863,89.3427796018663
2.182000000001584,89.5599730930362
2.1830000000015817,89.77724487659918
2.1840000000015793,89.99463381946815
2.185000000001577,90.21215716196521
2.1860000000015747,90.42980807048747
2.1870000000015724,90.64755658169558
2.18800000000157,90.86535374423212
2.1890000000015677,91.08313836003744
2.1900000000015654,91.30084541091296
2.191000000001563,91.51841504185458
2.1920000000015607,91.73580087731312
2.1930000000015584,91.95297649323244
2.194000000001556,92.16993907772247
2.1950000000015537,92.38670968558702
2.1960000000015514,92.60332999173455
2.197000000001549,92.81985599632483
2.1980000000015467,93.03634962510644
2.1990000000015444,93.25286950188911
2.200000000001542,93.46946227983914
2.2010000000015397,93.68615579307452
2.2020000000015374,93.90295497233598
2.203000000001535,94.11984103383719
2.2040000000015327,94.33677398191737
2.2050000000015304,94.55369802980735
2.206000000001528,94.77054917977283
2.2070000000015257,94.9872639364254
2.2080000000015234,95.20378797152269
2.209000000001521,95.42008353545566
2.2100000000015187,95.63613454173364
2.2110000000015164,95.8519485456857
2.212000000001514,96.06755527715487
2.2130000000015118,96.28300191014152
2.2140000000015094,96.49834576842913
2.215000000001507,96.7136455735719
2.2160000000015048,96.92895255882704
2.2170000000015024,97.14430276264842
2.2180000000015,97.35971159434933
2.2190000000014978,97.57517139127181
2.2200000000014954,97.79065223740082
2.221000000001493,98.00610586546293
2.222000000001491,98.22147207858987
2.2230000000014885,98.43668680372373
2.224000000001486,98.65169067887187
2.225000000001484,98.86643699250892
2.2260000000014815,99.0808978490187
2.227000000001479,99.29506764817465
2.228000000001477,99.50896333173166
2.2290000000014745,99.72262132620529
2.230000000001472,99.93609162227753
2.23100000000147,100.14942988345696
2.2320000000014675,100.36268878030315
2.233000000001465,100.57590984512375
2.234000000001463,100.78911702647014
2.2350000000014605,101.00231283025163
2.236000000001458,101.21547753168898
2.237000000001456,101.42857150318017
2.2380000000014535,101.64154028860598
2.239000000001451,101.85432170605971
2.240000000001449,102.06685400453175
2.2410000000014465,102.27908395538849
2.242000000001444,102.49097374655454
2.243000000001442,102.7025056831068
2.2440000000014395,102.91368398532143
2.245000000001437,103.12453338932502
2.246000000001435,103.33509473896639
2.2470000000014325,103.545418226695
2.24800000000143,103.75555530721647
2.249000000001428,103.96555050015776
2.2500000000014255,104.1754342864528
2.251000000001423,104.3852181026404
2.252000000001421,104.59489209801255
2.2530000000014185,104.80442590932468
2.254000000001416,105.01377229164153
2.255000000001414,105.22287307168864
2.2560000000014115,105.43166659482343
2.257000000001409,105.64009564164802
2.258000000001407,105.84811471523106
2.2590000000014046,106.05569566291169
2.260000000001402,106.26283080649921
2.2610000000014,106.46953309948292
2.2620000000013976,106.67583326814082
2.2630000000013952,106.88177435600088
2.264000000001393,107.0874044943713
2.2650000000013906,107.2927689893188
2.2660000000013882,107.49790290016713
2.267000000001386,107.70282517928705
2.2680000000013836,107.90753517974055
2.2690000000013812,108.11201197328182
2.270000000001379,108.31621652024353
2.2710000000013766,108.52009634992423
2.2720000000013743,108.72359208579196
2.273000000001372,108.9266449118901
2.2740000000013696,109.1292039468032
2.2750000000013673,109.33123248820843
2.276000000001365,109.53271222697438
2.2770000000013626,109.73364480225406
2.2780000000013603,109.9340504511137
2.279000000001358,110.13396394337428
2.2800000000013556,110.3334284101933
2.2810000000013533,110.53248799697589
2.282000000001351,110.73118043864507
2.2830000000013486,110.92953064272805
2.2840000000013463,111.12754618483345
2.285000000001344,111.32521531759377
2.2860000000013416,111.52250772384225
2.2870000000013393,111.7193778651926
2.288000000001337,111.9157704345853
2.2890000000013346,112.11162714880417
2.2900000000013323,112.30689393932337
2.29100000000133,112.50152753687388
2.2920000000013276,112.69550051200183
2.2930000000013253,112.8888040347392
2.294000000001323,113.08144793607855
2.2950000000013207,113.27345805144861
2.2960000000013183,113.46487123954515
2.297000000001316,113.65572882554098
2.2980000000013137,113.846069451441
2.2990000000013113,114.035922388477
2.300000000001309,114.22530227158148
2.3010000000013067,114.41420598121508
2.3020000000013043,114.60261207176724
2.303000000001302,114.7904827832746
2.3040000000012997,114.97776832382183
2.3050000000012973,115.16441281224772
2.306000000001295,115.35036105296372
2.3070000000012927,115.53556519898738
2.3080000000012904,115.71999036290863
2.309000000001288,115.90361836744843
2.3100000000012857,116.08644908135746
2.3110000000012834,116.26849913478935
2.312000000001281,116.44979820035758
2.3130000000012787,116.63038339639509
2.3140000000012764,116.81029265169286
2.315000000001274,116.98955801653388
2.3160000000012717,117.16819989232485
2.3170000000012694,117.34622299225613
2.318000000001267,117.52361457457047
2.3190000000012647,117.70034515752613
2.3200000000012624,117.87637158125729
2.32100000000126,118.05164196849778
2.3220000000012577,118.22610188646306
2.3230000000012554,118.39970085087378
2.324000000001253,118.57239825956061
2.3250000000012507,118.74416791007306
2.3260000000012484,118.91500044423253
2.327000000001246,119.08490335521269
2.3280000000012437,119.25389855124959
2.3290000000012414,119.4220178380903
2.330000000001239,119.58929699653599
2.3310000000012367,119.75576933694788
2.3320000000012344,119.92145967581234
2.333000000001232,120.08637959581331
2.3340000000012298,120.25052464305145
2.3350000000012274,120.4138738241005
2.336000000001225,120.5763914389717
2.3370000000012228,120.7380309682523
2.3380000000012204,120.89874046000679
2.339000000001218,121.05846866263073
2.3400000000012158,121.2171710457136
2.3410000000012134,121.37481485751967
2.342000000001211,121.53138249223339
2.343000000001209,121.68687267362114
2.3440000000012065,121.84129927770238
2.345000000001204,121.99468796804548
2.346000000001202,122.1470711450423
2.3470000000011995,122.29848196185388
2.348000000001197,122.4489482900147
2.349000000001195,122.59848750751163
2.3500000000011925,122.74710284233265
2.35100000000119,122.89478176656672
2.352000000001188,123.04149664096136
2.3530000000011855,123.18720748011418
2.354000000001183,123.3318664376069
2.355000000001181,123.47542338249161
2.3560000000011785,123.61783178687742
2.357000000001176,123.75905409662789
2.358000000001174,123.89906582032425
2.3590000000011715,124.03785774487567
2.360000000001169,124.1754359518762
2.361000000001167,124.31181963127656
2.3620000000011645,124.4470370178665
2.363000000001162,124.58112005628173
2.36400000000116,124.71409858413553
2.3650000000011575,124.84599488144454
2.366000000001155,124.97681936329586
2.367000000001153,125.10656801030176
2.3680000000011505,125.23522187254353
2.369000000001148,125.36274868873757
2.370000000001146,125.48910637319794
2.3710000000011435,125.61424787291747
2.372000000001141,125.73812671322942
2.373000000001139,125.86070245435145
2.3740000000011365,125.98194528721847
2.375000000001134,126.10183911030506
2.376000000001132,126.22038264062482
2.3770000000011295,126.3375883959152
2.378000000001127,126.45347969959145
2.379000000001125,126.56808615459008
2.3800000000011226,126.68143825721481
2.38100000000112,126.79356194068706
2.382000000001118,126.90447383403405
2.3830000000011156,127.01417790155956
2.3840000000011132,127.12266391677527
2.385000000001111,127.22990796041688
2.3860000000011086,127.33587484974525
2.3870000000011062,127.4405221445642
2.388000000001104,127.5438051642689
2.3890000000011016,127.64568231265669
2.3900000000010992,127.74611996125756
2.391000000001097,127.8450961972924
2.3920000000010946,127.94260289733589
2.3930000000010923,128.03864582561482
2.39400000000109,128.13324274423405
2.3950000000010876,128.2264198169717
2.3960000000010853,128.31820684039778
2.397000000001083,128.40863200419201
2.3980000000010806,128.4977169406912
2.3990000000010783,128.5854727670484
2.400000000001076,128.67189766653695
2.4010000000010736,128.75697632769496
2.4020000000010713,128.8406812967788
2.403000000001069,128.92297603656476
2.4040000000010666,129.00381925463248
2.4050000000010643,129.08316989300215
2.406000000001062,129.16099207899586
2.4070000000010596,129.23725933818073
2.4080000000010573,129.31195746851978
2.409000000001055,129.38508566187522
2.4100000000010526,129.45665571143437
2.4110000000010503,129.52668942458484
2.412000000001048,129.59521462566917
2.4130000000010456,129.66226033841463
2.4140000000010433,129.72785185077547
2.415000000001041,129.79200636994625
2.4160000000010387,129.8547298764352
2.4170000000010363,129.9160156039435
2.418000000001034,129.9758443370918
2.4190000000010317,130.0341864658479
2.4200000000010293,130.0910054966473
2.421000000001027,130.14626252393387
2.4220000000010247,130.1999210349232
2.4230000000010223,130.25195137201482
2.42400000000102,130.30233422062634
2.4250000000010177,130.35106262387808
2.4260000000010153,130.39814223467053
2.427000000001013,130.44358977170552
2.4280000000010107,130.4874299099024
2.4290000000010084,130.52969106498696
2.430000000001006,130.57040068964463
2.4310000000010037,130.6095807603834
2.4320000000010014,130.64724409457327
2.433000000000999,130.68339200696036
2.4340000000009967,130.71801361686215
2.4350000000009944,130.75108688344739
2.436000000000992,130.7825812088574
2.4370000000009897,130.81246123673998
2.4380000000009874,130.8406913120493
2.439000000000985,130.8672399764999
2.4400000000009827,130.89208386610738
2.4410000000009804,130.91521045727708
2.442000000000978,130.9366192687865
2.4430000000009757,130.95632134855288
2.4440000000009734,130.97433712420911
2.445000000000971,130.9906929361734
2.4460000000009687,131.005416762536
2.4470000000009664,131.01853375666585
2.448000000000964,131.03006223554019
2.4490000000009617,131.04001068063246
2.4500000000009594,131.04837615975285
2.451000000000957,131.05514437326573
2.4520000000009547,131.0602913016401
2.4530000000009524,131.06378621286353
2.45400000000095,131.06559560434408
2.4550000000009478,131.06568752658018
2.4560000000009454,131.06403568163907
2.457000000000943,131.06062271769719
2.4580000000009408,131.05544225117234
2.4590000000009384,131.04849932805695
2.460000000000936,131.03980926148594
2.4610000000009338,131.0293950195188
2.4620000000009314,131.0172835480847
2.463000000000929,131.00350156553256
2.464000000000927,130.98807143437355
2.4650000000009245,130.97100769457475
2.466000000000922,130.95231473836466
2.46700000000092,130.93198593820256
2.4680000000009175,130.91000433367662
2.469000000000915,130.8863447681413
2.470000000000913,130.86097716903356
2.4710000000009105,130.83387051075002
2.472000000000908,130.80499690492263
2.473000000000906,130.77433524313827
2.4740000000009035,130.74187387687275
2.475000000000901,130.7076119535799
2.476000000000899,130.6715592197547
2.4770000000008965,130.6337343239691
2.478000000000894,130.5941618712511
2.479000000000892,130.55286866014256
2.4800000000008895,130.50987964735359
2.481000000000887,130.465214216041
2.482000000000885,130.41888327075438
2.4830000000008825,130.3708875566267
2.48400000000088,130.32121742365388
2.485000000000878,130.26985405496748
2.4860000000008755,130.21677197766982
2.487000000000873,130.1619425008635
2.488000000000871,130.10533759916424
2.4890000000008685,130.0469336975762
2.490000000000866,129.9867148249849
2.491000000000864,129.92467468982275
2.4920000000008615,129.86081738333738
2.493000000000859,129.7951566129576
2.494000000000857,129.727713581434
2.4950000000008545,129.6585138235901
2.496000000000852,129.58758346082485
2.49700000000085,129.51494541162768
2.4980000000008475,129.44061609438688
2.499000000000845,129.36460308020054
2.500000000000843,129.28690401305084
2.5010000000008406,129.2075069347397
2.502000000000838,129.1263919577052
2.503000000000836,129.0435340452398
2.5040000000008336,128.9589065082946
2.5050000000008312,128.87248472967528
2.506000000000829,128.78424959350335
2.5070000000008266,128.6941901366912
2.5080000000008242,128.60230504708255
2.509000000000822,128.50860279665267
2.5100000000008196,128.4131003947867
2.5110000000008172,128.3158209464447
2.512000000000815,128.21679037185834
2.5130000000008126,128.1160337617035
2.5140000000008103,128.01357188754713
2.515000000000808,127.90941835726804
2.5160000000008056,127.80357780661171
2.5170000000008033,127.69604536803573
2.518000000000801,127.58680747886194
2.5190000000007986,127.47584390705525
2.5200000000007963,127.36313070778495
2.521000000000794,127.24864369650238
2.5220000000007916,127.13236195280854
2.5230000000007893,127.0142708635993
2.524000000000787,126.89436427643221
2.5250000000007846,126.77264545869117
2.5260000000007823,126.6491267285171
2.52700000000078,126.52382781495714
2.5280000000007776,126.39677318812748
2.5290000000007753,126.26798874684953
2.530000000000773,126.13749833908471
2.5310000000007706,126.00532060770435
2.5320000000007683,125.87146660064491
2.533000000000766,125.73593847097763
2.5340000000007636,125.59872943711049
2.5350000000007613,125.45982499845825
2.536000000000759,125.31920523042434
2.5370000000007566,125.17684783589213
2.5380000000007543,125.03273152692363
2.539000000000752,124.88683926383601
2.5400000000007497,124.73916089690765
2.5410000000007473,124.58969483821855
2.542000000000745,124.43844852792935
2.5430000000007427,124.28543763187699
2.5440000000007403,124.13068409009384
2.545000000000738,123.97421330073017
2.5460000000007357,123.81605084551514
2.5470000000007333,123.65621922349689
2.548000000000731,123.49473505206161
2.5490000000007287,123.33160712178267
2.5500000000007264,123.16683556740445
2.551000000000724,123.00041226008621
2.5520000000007217,122.83232235788361
2.5530000000007194,122.66254679415539
2.554000000000717,122.49106535535843
2.5550000000007147,122.3178599186042
2.5560000000007124,122.14291739629148
2.55700000000071,121.96623197427937
2.5580000000007077,121.78780632828622
2.5590000000007054,121.60765164796575
2.560000000000703,121.42578646897634
2.5610000000007007,121.24223448462622
2.5620000000006984,121.05702165410688
2.563000000000696,120.87017302181944
2.5640000000006937,120.68170969822474
2.5650000000006914,120.49164642354705
2.566000000000689,120.29999004822528
2.5670000000006867,120.1067391326851
2.5680000000006844,119.91188471301872
2.569000000000682,119.71541211944209
2.5700000000006797,119.51730359124674
2.5710000000006774,119.31754132333849
2.572000000000675,119.11611051954712
2.5730000000006727,118.91300202562097
2.5740000000006704,118.70821417210689
2.575000000000668,118.5017535679087
2.5760000000006658,118.29363473444869
2.5770000000006634,118.08387863646348
2.578000000000661,117.87251032341624
2.5790000000006588,117.65955602119347
2.5800000000006564,117.44504008851001
2.581000000000654,117.22898226633028
2.5820000000006518,117.0113956016249
2.5830000000006494,116.79228532783154
2.584000000000647,116.57164884904282
2.585000000000645,116.34947682230299
2.5860000000006425,116.1257551825469
2.58700000000064,115.90046782656862
2.588000000000638,115.6735995822117
2.5890000000006355,115.4451390488932
2.590000000000633,115.21508091209638
2.591000000000631,114.98342740690757
2.5920000000006285,114.75018872532658
2.593000000000626,114.51538231242273
2.594000000000624,114.2790311553791
2.5950000000006215,114.04116131296024
2.596000000000619,113.80179903921996
2.597000000000617,113.56096790897097
2.5980000000006145,113.31868634712045
2.599000000000612,113.0749659021974
2.60000000000061,112.82981049699549
2.6010000000006075,112.58321675237713
2.602000000000605,112.33517533276425
2.603000000000603,112.08567312276756
2.6040000000006005,111.83469593134068
2.605000000000598,111.58223134732421
2.606000000000596,111.32827134841389
2.6070000000005935,111.07281429859933
2.608000000000591,110.81586605391698
2.609000000000589,110.55744002212249
2.6100000000005865,110.29755617084766
2.611000000000584,110.03623912889549
2.612000000000582,109.7735156538001
2.6130000000005795,109.5094118264249
2.614000000000577,109.24395036790474
2.615000000000575,108.9771484521157
2.6160000000005725,108.70901631314017
2.61700000000057,108.43955683391987
2.618000000000568,108.16876616594749
2.6190000000005655,107.89663528875356
2.620000000000563,107.62315229021463
2.621000000000561,107.34830505049854
2.6220000000005586,107.0720839566527
2.623000000000556,106.79448426958172
2.624000000000554,106.51550781240344
2.6250000000005516,106.23516374373393
2.6260000000005492,105.95346830874146
2.627000000000547,105.67044360630547
2.6280000000005446,105.38611555062197
2.6290000000005422,105.1005113189652
2.63000000000054,104.8136566473811
2.6310000000005376,104.52557335340867
2.6320000000005352,104.2362774285352
2.633000000000533,103.94577795993888
2.6340000000005306,103.65407702413012
2.6350000000005283,103.36117056090504
2.636000000000526,103.06705010232658
2.6370000000005236,102.7717051153019
2.6380000000005213,102.47512563256416
2.639000000000519,102.17730480666692
2.6400000000005166,101.87824103118415
2.6410000000005143,101.57793933264048
2.642000000000512,101.27641183863136
2.6430000000005096,100.9736772582566
2.6440000000005073,100.6697594513913
2.645000000000505,100.36468529249628
2.6460000000005026,100.0584821332293
2.6470000000005003,99.75117522182516
2.648000000000498,99.44278543923708
2.6490000000004956,99.13332766361859
2.6500000000004933,98.82280998431786
2.651000000000491,98.5112338677511
2.6520000000004886,98.19859524676122
2.6530000000004863,97.8848863794012
2.654000000000484,97.57009821855705
2.6550000000004816,97.25422296396505
2.6560000000004793,96.93725644236423
2.657000000000477,96.6191999842662
2.6580000000004746,96.30006153521134
2.6590000000004723,95.9798558466182
2.66000000000047,95.65860372151316
2.6610000000004677,95.33633042456144
2.6620000000004653,95.01306348393524
2.663000000000463,94.68883019671244
2.6640000000004607,94.36365518810378
2.6650000000004583,94.0375583634356
2.666000000000456,93.71055353336138
2.6670000000004537,93.38264789699684
2.6680000000004513,93.05384244851552
2.669000000000449,92.7241332464074
2.6700000000004467,92.39351336744238
2.6710000000004444,92.0619752743087
2.672000000000442,91.72951326905671
2.6730000000004397,91.39612569186824
2.6740000000004374,91.06181655900441
2.675000000000435,90.72659641138927
2.6760000000004327,90.39048225606078
2.6770000000004304,90.05349661102362
2.678000000000428,89.71566579098771
2.6790000000004257,89.3770176781405
2.6800000000004234,89.03757929280708
2.681000000000421,88.69737450380188
2.6820000000004187,88.356422195062
2.6830000000004164,88.01473513848907
2.684000000000414,87.67231972335986
2.6850000000004117,87.32917657434862
2.6860000000004094,86.98530196897384
2.687000000000407,86.64068985683795
2.6880000000004047,86.29533420116255
2.6890000000004024,85.94923131861182
2.6900000000004,85.60238189279353
2.6910000000003977,85.25479238119269
2.6920000000003954,84.90647561948023
2.693000000000393,84.5574505398888
2.6940000000003907,84.20774104556662
2.6950000000003884,83.85737420205409
2.696000000000386,83.5063780024945
2.6970000000003838,83.15477902105295
2.6980000000003814,82.8026002815308
2.699000000000379,82.44985963471386
2.7000000000003768,82.09656886465778
2.7010000000003744,81.74273364205474
2.702000000000372,81.38835432635804
2.7030000000003698,81.03342750287395
2.7040000000003674,80.67794804134611
2.705000000000365,80.32191139147719
2.706000000000363,79.96531579774862
2.7070000000003605,79.60816412582305
2.708000000000358,79.25046504661842
2.709000000000356,78.8922334135304
2.7100000000003535,78.53348978133693
2.711000000000351,78.1742591365098
2.712000000000349,77.81456901974653
2.7130000000003465,77.45444730605477
2.714000000000344,77.0939199535557
2.715000000000342,76.73300903344476
2.7160000000003395,76.3717313112887
2.717000000000337,76.01009757117193
2.718000000000335,75.64811277084775
2.7190000000003325,75.28577700222813
2.72000000000033,74.92308712218764
2.721000000000328,74.5600388277524
2.7220000000003255,74.19662888904766
2.723000000000323,73.83285723117311
2.724000000000321,73.46872857618229
2.7250000000003185,73.10425341672313
2.726000000000316,72.73944818602682
2.727000000000314,72.37433460193024
2.7280000000003115,72.00893827912688
2.729000000000309,71.64328680664451
2.730000000000307,71.2774075614864
2.7310000000003045,70.91132556403147
2.732000000000302,70.54506167198412
2.7330000000003,70.17863135981136
2.7340000000002975,69.81204424776205
2.735000000000295,69.44530444077792
2.736000000000293,69.07841162699397
2.7370000000002905,68.7113627824728
2.738000000000288,68.34415424653626
2.739000000000286,67.9767838812537
2.7400000000002835,67.60925301644833
2.741000000000281,67.24156791035318
2.742000000000279,66.87374052274558
2.7430000000002766,66.50578849332044
2.744000000000274,66.13773432983953
2.745000000000272,65.76960392194725
2.7460000000002696,65.4014245910075
2.7470000000002672,65.033222950088
2.748000000000265,64.66502287243641
2.7490000000002626,64.29684384885475
2.7500000000002602,63.92869995792771
2.751000000000258,63.56059958692184
2.7520000000002556,63.19254593765192
2.7530000000002532,62.82453824461628
2.754000000000251,62.456573536105125
2.7550000000002486,62.08864869517376
2.7560000000002463,61.720762536080294
2.757000000000244,61.35291760893119
2.7580000000002416,60.98512148204207
2.7590000000002393,60.617387323622275
2.760000000000237,60.24973370230091
2.7610000000002346,59.88218363590269
2.7620000000002323,59.51476302369563
2.76300000000023,59.14749868346498
2.7640000000002276,58.78041626874811
2.7650000000002253,58.41353835600607
2.766000000000223,58.046882965134735
2.7670000000002206,57.68046271446088
2.7680000000002183,57.31428472271621
2.769000000000216,56.94835126781234
2.7700000000002136,56.582661109216716
2.7710000000002113,56.21721129070858
2.772000000000209,55.851999174851485
2.7730000000002066,55.487024428393894
2.7740000000002043,55.12229068379465
2.775000000000202,54.75780664610987
2.7760000000001996,54.3935864912495
2.7770000000001973,54.02964950076188
2.778000000000195,53.666018985721934
2.7790000000001926,53.302720652263886
2.7800000000001903,52.93978063907848
2.781000000000188,52.57722350158691
2.7820000000001857,52.21507042265641
2.7830000000001833,51.8533378957659
2.784000000000181,51.492037059243295
2.7850000000001787,51.131173769570374
2.7860000000001763,50.770749400384744
2.787000000000174,50.4107622550995
2.7880000000001717,50.05120939775267
2.7890000000001693,49.692088649571275
2.790000000000167,49.333400475518616
2.7910000000001647,48.97514949947084
2.7920000000001624,48.617345437389
2.79300000000016,48.26000331861972
2.7940000000001577,47.90314296517698
2.7950000000001554,47.54678780329594
2.796000000000153,47.19096317533546
2.7970000000001507,46.83569438950494
2.7980000000001484,46.481004779956294
2.799000000000146,46.126914046109
2.8000000000001437,45.77343709902176
2.8010000000001414,45.420583570869525
2.802000000000139,45.06835805161327
2.8030000000001367,44.71676101737917
2.8040000000001344,44.36579032099904
2.805000000000132,44.01544303874496
2.8060000000001297,43.665717418467736
2.8070000000001274,43.31661465985589
2.808000000000125,42.96814027990062
2.8090000000001227,42.620304873547006
2.8100000000001204,42.273124163629596
2.811000000000118,41.926618333892876
2.8120000000001157,41.58081073981054
2.8130000000001134,41.23572617923405
2.814000000000111,40.89138896580672
2.8150000000001087,40.547821074015815
2.8160000000001064,40.205040612600634
2.817000000000104,39.86306083539437
2.8180000000001018,39.521889823016636
2.8190000000000994,39.181530876034884
2.820000000000097,38.84198356291127
2.8210000000000948,38.503245276984636
2.8220000000000924,38.165313087405906
2.82300000000009,37.82818562848541
2.8240000000000878,37.49186476598489
2.8250000000000854,37.156356808942554
2.826000000000083,36.82167309817545
2.827000000000081,36.48782988950808
2.8280000000000785,36.15484754883837
2.829000000000076,35.82274917304568
2.830000000000074,35.49155883123062
2.8310000000000715,35.16129967309353
2.832000000000069,34.83199216815141
2.833000000000067,34.50365271919476
2.8340000000000645,34.17629283959189
2.835000000000062,33.849919004996366
2.83600000000006,33.524533196919016
2.8370000000000575,33.2001340610627
2.838000000000055,32.87671851962805
2.839000000000053,32.55428361482694
2.8400000000000505,32.23282832882189
2.841000000000048,31.912355127874406
2.842000000000046,31.592871015902364
2.8430000000000435,31.27438795044211
2.844000000000041,30.956922563080184
2.845000000000039,30.640495224267454
2.8460000000000365,30.325128584755404
2.847000000000034,30.01084579917385
2.848000000000032,29.697668680834397
2.8490000000000295,29.385616044764244
2.850000000000027,29.07470246778956
2.851000000000025,28.76493763496657
2.8520000000000225,28.456326359724134
2.85300000000002,28.148869272227735
2.854000000000018,27.84256407914992
2.8550000000000155,27.537407220150765
2.856000000000013,27.233395692060967
2.857000000000011,26.930528788312593
2.8580000000000085,26.62880951214729
2.859000000000006,26.328245466664615
2.860000000000004,26.02884909729552
2.8610000000000015,25.730637252987098
2.861999999999999,25.43363012832968
2.862999999999997,25.13784973608669
2.8639999999999946,24.843318125226503
2.864999999999992,24.550055594171877
2.86599999999999,24.25807914796549
2.8669999999999876,23.967401412229542
2.8679999999999852,23.678030151965654
2.868999999999983,23.389968458944086
2.8699999999999806,23.103215579372133
2.8709999999999782,22.817768266005345
2.871999999999976,22.533622467250343
2.8729999999999736,22.25077511950624
2.8739999999999712,21.969225794295106
2.874999999999969,21.68897797107538
2.8759999999999666,21.410039757999325
2.8769999999999643,21.13242395966143
2.877999999999962,20.856147482543204
2.8789999999999596,20.58123016228256
2.8799999999999573,20.307693178364612
2.880999999999955,20.035557279407954
2.8819999999999526,19.764841067646252
2.8829999999999503,19.49555958127019
2.883999999999948,19.22772337006652
2.8849999999999456,18.961338190103397
2.8859999999999433,18.696405357120508
2.886999999999941,18.43292270762538
2.8879999999999386,18.170886033543052
2.8889999999999363,17.9102907915146
2.889999999999934,17.65113385386789
2.8909999999999316,17.39341506312987
2.8919999999999293,17.137138358043167
2.892999999999927,16.882312318574332
2.8939999999999246,16.628950057344387
2.8949999999999223,16.377068472843888
2.89599999999992,16.126686970045174
2.8969999999999176,15.877825829128069
2.8979999999999153,15.630504452026948
2.898999999999913,15.384739732344771
2.8999999999999106,15.140544775305354
2.9009999999999083,14.897928144044181
2.901999999999906,14.656893734379524
2.9029999999999037,14.417441292863009
2.9039999999999013,14.179567504498339
2.904999999999899,13.94326749834594
2.9059999999998967,13.708536561998185
2.9069999999998943,13.475371826858998
2.907999999999892,13.24377368961644
2.9089999999998897,13.013746771261006
2.9099999999998873,12.785300279147625
2.910999999999885,12.558447721134796
2.9119999999998827,12.333206012272948
2.9129999999998804,12.109594100419304
2.913999999999878,11.887631304871986
2.9149999999998757,11.667335601771539
2.9159999999998734,11.448722094829064
2.916999999999871,11.231801884164264
2.9179999999998687,11.016581491532914
2.9189999999998664,10.803062918036204
2.919999999999864,10.591244323127269
2.9209999999998617,10.381121228916372
2.9219999999998594,10.172688081949582
2.922999999999857,9.965939955355514
2.9239999999998547,9.760874154640959
2.9249999999998524,9.55749150314293
2.92599999999985,9.35579712713392
2.9269999999998477,9.155800630195435
2.9279999999998454,8.957515632291598
2.928999999999843,8.760958738683252
2.9299999999998407,8.566148084643427
2.9309999999998384,8.373101661548107
2.931999999999836,8.181835659997873
2.9329999999998337,7.992363061872798
2.9339999999998314,7.804692676842876
2.934999999999829,7.618828755495225
2.9359999999998267,7.434771230482566
2.9369999999998244,7.252516549942491
2.937999999999822,7.0720589860650405
2.9389999999998198,6.893392236453688
2.9399999999998174,6.716511095273449
2.940999999999815,6.541412961214805
2.9419999999998128,6.368098971598054
2.9429999999998104,6.196574603356934
2.943999999999808,6.026849656233431
2.9449999999998058,5.858937620537452
2.9459999999998034,5.692854518976287
2.946999999999801,5.5286173865612716
2.947999999999799,5.366242603537295
2.9489999999997965,5.205744315984746
2.949999999999794,5.0471331651007905
2.950999999999792,4.890415501459877
2.9519999999997895,4.735593191736955
2.952999999999787,4.582664042456506
2.953999999999785,4.431622779928577
2.9549999999997825,4.282462448807362
2.95599999999978,4.135176034196516
2.956999999999778,3.989758081169044
2.9579999999997755,3.846206085502139
2.958999999999773,3.7045214606888552
2.959999999999771,3.5647099451478796
2.9609999999997685,3.426781391983528
2.961999999999766,3.2907489709788216
2.962999999999764,3.1566278959002485
2.9639999999997615,3.024433857425139
2.964999999999759,2.894181383249553
2.965999999999757,2.7658823562514696
2.9669999999997545,2.639544897957039
2.967999999999752,2.5151727720324644
2.96899999999975,2.392765388988576
2.9699999999997475,2.272318409223795
2.970999999999745,2.153824858692997
2.971999999999743,2.0372766008070773
2.9729999999997405,1.922665958981979
2.973999999999738,1.8099872632372738
2.974999999999736,1.6992381043195837
2.9759999999997335,1.5904201190851421
2.976999999999731,1.4835391962211235
2.977999999999729,1.3786050730138526
2.9789999999997265,1.2756303800943445
2.979999999999724,1.1746292696722462
2.980999999999722,1.0756158217170377
2.9819999999997195,0.9786024535262423
2.982999999999717,0.8835985565705299
2.983999999999715,0.790609551206505
2.9849999999997125,0.6996364899696578
2.98599999999971,0.6106762628133949
2.986999999999708,0.5237223736196343
2.9879999999997056,0.4387661782542167
2.9889999999997032,0.3557984106683896
2.989999999999701,0.2748107836234035
2.9909999999996986,0.19579744001659496
2.9919999999996962,0.11875605109946305
2.992999999999694,0.04368840670162389
2.9939999999996916,-0.029399586232702557
2.9949999999996892,-0.10049849690404097
2.995999999999687,-0.16959647170732192
2.9969999999996846,-0.23668068677293572
2.9979999999996823,-0.30173894587241723
2.99899999999968,-0.36476119767696863
2.9999999999996776,-0.42574075879309686
3.0009999999996753,-0.4846750717244675
3.001999999999673,-0.5415658932137679
3.0029999999996706,-0.5964188886312508
3.0039999999996683,-0.6492426907992922
3.004999999999666,-0.7000475559685558
3.0059999999996636,-0.7488438053003484
3.0069999999996613,-0.7956402701226901
3.007999999999659,-0.8404429590870185
3.0089999999996566,-0.8832541349096009
3.0099999999996543,-0.924071931311177
3.010999999999652,-0.9628905648643423
3.0119999999996496,-0.9997011120237183
3.0129999999996473,-1.0344927411180311
3.013999999999645,-1.0672542242398086
3.0149999999996426,-1.0979755144112513
3.0159999999996403,-1.1266491648566859
3.016999999999638,-1.1532713906884595
3.0179999999996356,-1.1778426248386376
3.0189999999996333,-1.200367491915658
3.019999999999631,-1.2208542055050455
3.0209999999996286,-1.2393134747337955
3.0219999999996263,-1.2557570739875024
3.022999999999624,-1.2701962764342551
3.0239999999996217,-1.2826403711306593
3.0249999999996193,-1.2930954722940706
3.025999999999617,-1.3015637889513136
3.0269999999996147,-1.3080434587739367
3.0279999999996123,-1.312528970186315
3.02899999999961,-1.3150121132293662
3.0299999999996077,-1.3154833240212687
3.0309999999996053,-1.3139332316264385
3.031999999999603,-1.31035418763776
3.0329999999996007,-1.3047415619737985
3.0339999999995984,-1.2970946225844504
3.034999999999596,-1.287416876593981
3.0359999999995937,-1.2757158266210726
3.0369999999995914,-1.2620021780806823
3.037999999999589,-1.2462886097315202
3.0389999999995867,-1.2285882803900057
3.0399999999995844,-1.2089132815191674
3.040999999999582,-1.1872732532906811
3.0419999999995797,-1.163674359340546
3.0429999999995774,-1.1381187656529121
3.043999999999575,-1.1106046980826232
3.0449999999995727,-1.0811270709640652
3.0459999999995704,-1.0496785977483425
3.046999999999568,-1.01625122562127
3.0479999999995657,-0.9808376898217182
3.0489999999995634,-0.9434329668690571
3.049999999999561,-0.9040354210898126
3.0509999999995587,-0.8626474833048312
3.0519999999995564,-0.8192757673835811
3.052999999999554,-0.7739306098430362
3.0539999999995517,-0.7266250984324869
3.0549999999995494,-0.6773737269581402
3.055999999999547,-0.6261908655508687
3.0569999999995447,-0.5730892615525232
3.0579999999995424,-0.5180787823576255
3.05899999999954,-0.46116557820511944
3.0599999999995378,-0.40235178414121203
3.0609999999995354,-0.34163580429959006
3.061999999999533,-0.2790131386666102
3.0629999999995308,-0.2144776348494062
3.0639999999995284,-0.14802298649260187
3.064999999999526,-0.07964426488714016
3.0659999999995238,-0.009339266132232531
3.0669999999995214,0.06289051665128591
3.067999999999519,0.1370394325494706
3.068999999999517,0.21309778721590236
3.0699999999995145,0.29105251489772693
3.070999999999512,0.3708883126238718
3.07199999999951,0.4525890765619618
3.0729999999995075,0.5361394382872973
3.073999999999505,0.6215261844697192
3.074999999999503,0.7087393592795612
3.0759999999995005,0.7977728928443387
3.076999999999498,0.8886246657091272
3.077999999999496,0.9812959992742483
3.0789999999994935,1.0757906441675902
3.079999999999491,1.1721134106298758
3.080999999999489,1.27026863626438
3.0819999999994865,1.3702587095382075
3.082999999999484,1.472082858803603
3.083999999999482,1.5757363780068252
3.0849999999994795,1.6812103975572725
3.085999999999477,1.7884922315025065
3.086999999999475,1.8975662509598128
3.0879999999994725,2.0084151601146387
3.08899999999947,2.121021493830692
3.089999999999468,2.2353691251560956
3.0909999999994655,2.351444572472379
3.091999999999463,2.4692379202053165
3.092999999999461,2.5887432207614185
3.0939999999994585,2.7099583193485253
3.094999999999456,2.8328841258142257
3.095999999999454,2.9575234368863557
3.0969999999994515,3.083879476834464
3.097999999999449,3.2119543649191806
3.098999999999447,3.341747728032486
3.0999999999994445,3.4732556555417933
3.100999999999442,3.606470143910497
3.10199999999944,3.7413791086767585
3.1029999999994375,3.87796696103448
3.103999999999435,4.016215666974886
3.104999999999433,4.1561061392811895
3.1059999999994305,4.2976197660384905
3.106999999999428,4.440739859837233
3.107999999999426,4.585452822386712
3.1089999999994236,4.7317488587065615
3.1099999999994212,4.879622138418791
3.110999999999419,5.029070380075093
3.1119999999994166,5.18009391702696
3.1129999999994142,5.332694377889987
3.113999999999412,5.486873170058957
3.1149999999994096,5.642629982862634
3.1159999999994072,5.799961523674938
3.116999999999405,5.958860666344761
3.1179999999994026,6.11931613202408
3.1189999999994003,6.281312746710668
3.119999999999398,6.444832238301282
3.1209999999993956,6.609854460192934
3.1219999999993933,6.776358868647739
3.122999999999391,6.944326045318611
3.1239999999993886,7.113739049509294
3.1249999999993863,7.284584408083347
3.125999999999384,7.456852601501121
3.1269999999993816,7.630537975638858
3.1279999999993793,7.805638090943713
3.128999999999377,7.982152601152287
3.1299999999993746,8.160081821649781
3.1309999999993723,8.339425192138078
3.13199999999937,8.520179853230738
3.1329999999993676,8.70233953972207
3.1339999999993653,8.88589394747752
3.134999999999363,9.070828663008493
3.1359999999993606,9.257125664994026
3.1369999999993583,9.444764326304485
3.137999999999356,9.633722774832071
3.1389999999993536,9.823979420962425
3.1399999999993513,10.015514435744652
3.140999999999349,10.20831097010247
3.1419999999993466,10.402355941302957
3.1429999999993443,10.597640273660861
3.143999999999342,10.79415855794605
3.1449999999993397,10.991908177206374
3.1459999999993373,11.190888023496276
3.146999999999335,11.39109698897115
3.1479999999993327,11.592532447215584
3.1489999999993303,11.795188941642001
3.149999999999328,11.99905726760793
3.1509999999993257,12.20412407823442
3.1519999999993233,12.410372069200765
3.152999999999321,12.617780715804598
3.1539999999993187,12.826327457893285
3.1549999999993164,13.035989165196785
3.155999999999314,13.246743675989864
3.1569999999993117,13.458571191145078
3.1579999999993094,13.671455325304885
3.158999999999307,13.88538366473775
3.1599999999993047,14.10034775122087
3.1609999999993024,14.316342493084639
3.1619999999993,14.53336508686938
3.1629999999992977,14.75141360359128
3.1639999999992954,14.970485441895727
3.164999999999293,15.19057586932262
3.1659999999992907,15.411676859841426
3.1669999999992884,15.633776392888796
3.167999999999286,15.85685831300088
3.1689999999992837,16.08090276947785
3.1699999999992814,16.305887173514293
3.170999999999279,16.53178753741912
3.1719999999992767,16.75858000667816
3.1729999999992744,16.986242368054413
3.173999999999272,17.2147553196662
3.1749999999992697,17.444103321906127
3.1759999999992674,17.67427490692471
3.176999999999265,17.90526240129875
3.1779999999992627,18.137061100547484
3.1789999999992604,18.3696680129908
3.179999999999258,18.603080352646447
3.1809999999992558,18.837293996885485
3.1819999999992534,19.072302129327998
3.182999999999251,19.308094261404257
3.1839999999992488,19.544655771480627
3.1849999999992464,19.78196802647304
3.185999999999244,20.020009068385043
3.1869999999992418,20.25875476847376
3.1879999999992394,20.49818028591797
3.188999999999237,20.738261624757374
3.189999999999235,20.978977068471
3.1909999999992325,21.220308288067415
3.19199999999923,21.46224096514862
3.192999999999228,21.704764839906662
3.1939999999992255,21.94787317605311
3.194999999999223,22.19156171845319
3.195999999999221,22.435827292354926
3.1969999999992185,22.680666244741747
3.197999999999216,22.92607295087826
3.198999999999214,23.1720385992877
3.1999999999992115,23.418550428026872
3.200999999999209,23.665591520441794
3.201999999999207,23.91314118898127
3.2029999999992045,24.161175892478465
3.203999999999202,24.40967055721364
3.2049999999992,24.658600114997714
3.2059999999991975,24.90794104058042
3.206999999999195,25.157672670173117
3.207999999999193,25.407778117666187
3.2089999999991905,25.658244661706423
3.209999999999188,25.909063531479646
3.210999999999186,26.1602291268141
3.2119999999991835,26.411737787408253
3.212999999999181,26.663586287420163
3.213999999999179,26.915770271144954
3.2149999999991765,27.168282853628373
3.215999999999174,27.421113585841375
3.216999999999172,27.67424793143957
3.2179999999991695,27.927667329010575
3.218999999999167,28.181349830662914
3.219999999999165,28.43527122644472
3.2209999999991625,28.68940649559766
3.22199999999916,28.943731379385778
3.222999999999158,29.198223852567974
3.2239999999991555,29.452865284230654
3.224999999999153,29.707641122104388
3.225999999999151,29.96254100186845
3.2269999999991485,30.217558264979026
3.227999999999146,30.47268895347348
3.228999999999144,30.727930425518554
3.2299999999991416,30.983279790013828
3.2309999999991392,31.238732384293076
3.231999999999137,31.494280512246174
3.2329999999991346,31.749912622323404
3.2339999999991322,32.00561304171336
3.23499999999913,32.26136230380457
3.2359999999991276,32.51713802211981
3.2369999999991252,32.77291618689901
3.237999999999123,33.028672700906725
3.2389999999991206,33.28438493703731
3.2399999999991183,33.540033096661084
3.240999999999116,33.79560117522416
3.2419999999991136,34.051077396876764
3.2429999999991113,34.30645405534964
3.243999999999109,34.56172678328832
3.2449999999991066,34.81689335438077
3.2459999999991043,35.07195218982191
3.246999999999102,35.326900782942765
3.2479999999990996,35.58173426707898
3.2489999999990973,35.83644433057074
3.249999999999095,36.091018632611764
3.2509999999990926,36.34544080205425
3.2519999999990903,36.599691018584124
3.252999999999088,36.853747093521825
3.2539999999990856,37.1075858971787
3.2549999999990833,37.36118493077405
3.255999999999081,37.61452382019192
3.2569999999990786,37.86758551934873
3.2579999999990763,38.12035705156879
3.258999999999074,38.37282968272222
3.2599999999990716,38.62499850091915
3.2609999999990693,38.87686146262957
3.261999999999067,39.128418041768946
3.2629999999990646,39.379667675186695
3.2639999999990623,39.63060822680397
3.26499999999906,39.88123468927829
3.2659999999990577,40.13153830739147
3.2669999999990553,40.381506246722786
3.267999999999053,40.631121853538836
3.2689999999990507,40.88036546825932
3.2699999999990483,41.129215676933114
3.270999999999046,41.377650823546766
3.2719999999990437,41.625650569091206
3.2729999999990413,41.87319727633487
3.273999999999039,42.120277023405194
3.2749999999990367,42.36688010155525
3.2759999999990344,42.613000925760595
3.276999999999032,42.85863737072322
3.2779999999990297,43.10378962728262
3.2789999999990274,43.348458743000535
3.279999999999025,43.59264505568216
3.2809999999990227,43.8363467432924
3.2819999999990204,44.07955869626707
3.282999999999018,44.322271871502736
3.2839999999990157,44.564473218410555
3.2849999999990134,44.80614618630696
3.285999999999011,45.04727174049821
3.2869999999990087,45.28782974293796
3.2879999999990064,45.52780050206108
3.288999999999004,45.76716627236275
3.2899999999990017,46.005912490999336
3.2909999999989994,46.24402857551916
3.291999999998997,46.4815081689007
3.2929999999989947,46.71834879682444
3.2939999999989924,46.95455098621717
3.29499999999899,47.190116971314424
3.2959999999989877,47.42504917242178
3.2969999999989854,47.659348664572555
3.297999999998983,47.89301385390194
3.2989999999989807,48.12603954904381
3.2999999999989784,48.358416557988036
3.300999999998976,48.590131866035584
3.3019999999989738,48.821169368420726
3.3029999999989714,49.051511053219635
3.303999999998969,49.28113846698567
3.3049999999989668,49.51003425575663
3.3059999999989644,49.73818356323061
3.306999999998962,49.965575087728126
3.3079999999989598,50.19220164760507
3.3089999999989574,50.41806017455528
3.309999999998955,50.64315113587813
3.310999999998953,50.86747746852368
3.3119999999989505,51.09104317753948
3.312999999998948,51.31385179919411
3.313999999998946,51.53590494765333
3.3149999999989435,51.75720115122378
3.315999999998941,51.97773514209456
3.316999999998939,52.197497698602945
3.3179999999989365,52.41647606076114
3.318999999998934,52.634654859098696
3.319999999998932,52.852017424902925
3.3209999999989295,53.06854729647104
3.321999999998927,53.2842297083507
3.322999999998925,53.49905285270467
3.3239999999989225,53.71300873385763
3.32499999999892,53.92609349462281
3.325999999998918,54.13830716811882
3.3269999999989155,54.3496528907322
3.327999999998913,54.56013568902439
3.328999999998911,54.76976101411014
3.3299999999989085,54.978533232481084
3.330999999998906,55.186454287568786
3.331999999998904,55.39352272102961
3.3329999999989015,55.59973319087205
3.333999999998899,55.805076552817006
3.334999999998897,56.009540491813205
3.3359999999988945,56.21311061343605
3.336999999998892,56.41577184053445
3.33799999999889,56.617509917709064
3.3389999999988875,56.81831281093546
3.339999999998885,57.01817180419733
3.340999999998883,57.21708213763784
3.3419999999988805,57.41504309669427
3.342999999998878,57.61205753990447
3.343999999998876,57.808130933209405
3.3449999999988735,58.00327002898914
3.345999999998871,58.19748137838228
3.346999999998869,58.390769888444595
3.3479999999988665,58.5831376283035
3.348999999998864,58.77458305211928
3.349999999998862,58.96510074697506
3.3509999999988596,59.15468173945952
3.3519999999988572,59.343314316177995
3.352999999998855,59.530985241504595
3.3539999999988526,59.71768120036616
3.3549999999988502,59.903390262295574
3.355999999998848,60.08810315987166
3.3569999999988456,60.27181420064401
3.3579999999988432,60.454521683371524
3.358999999998841,60.63622775976766
3.3599999999988386,60.81693776198007
3.3609999999988363,60.99665909222905
3.361999999998834,61.175399833275854
3.3629999999988316,61.353167277594615
3.3639999999988293,61.529966583757364
3.364999999998827,61.705799749196714
3.3659999999988246,61.880665042693195
3.3669999999988223,62.05455697507909
3.36799999999882,62.2274668105335
3.3689999999988176,62.39938354492287
3.3699999999988153,62.570295212435255
3.370999999998813,62.740190335910924
3.3719999999988106,62.90905931610858
3.3729999999988083,63.076895563606556
3.373999999998806,63.243696213200515
3.3749999999988036,63.409462319720284
3.3759999999988013,63.574198507876794
3.376999999998799,63.73791212654849
3.3779999999987966,63.9006120284524
3.3789999999987943,64.06230714915206
3.379999999998792,64.22300508714862
3.3809999999987896,64.38271088564287
3.3819999999987873,64.54142618694189
3.382999999998785,64.69914887706479
3.3839999999987826,64.8558732686898
3.3849999999987803,65.01159079499173
3.385999999998778,65.16629111554755
3.3869999999987757,65.31996347803194
3.3879999999987733,65.47259814370285
3.388999999998771,65.62418767566943
3.3899999999987687,65.77472790809108
3.3909999999987663,65.92421845938726
3.391999999998764,66.07266271710901
3.3929999999987617,66.22006729723631
3.3939999999987593,66.36644105547167
3.394999999998757,66.51179379169874
3.3959999999987547,66.65613483188899
3.3969999999987524,66.799471688281
3.39799999999875,66.94180898650276
3.3989999999987477,67.08314780961895
3.3999999999987454,67.22348554969649
3.400999999998743,67.36281628595229
3.4019999999987407,67.50113163485095
3.4029999999987384,67.63842195172467
3.403999999998736,67.77467771450783
3.4049999999987337,67.909890894712
3.4059999999987314,68.04405612246332
3.406999999998729,68.17717148126027
3.4079999999987267,68.30923882034222
3.4089999999987244,68.44026354092348
3.409999999998722,68.5702538873517
3.4109999999987197,68.69921984459799
3.4119999999987174,68.82717179915663
3.412999999998715,68.95411915337621
3.4139999999987127,69.08006908887289
3.4149999999987104,69.20502565256413
3.415999999998708,69.32898929251287
3.4169999999987057,69.4519569070549
3.4179999999987034,69.57392239863226
3.418999999998701,69.69487765331455
3.4199999999986987,69.81481380773154
3.4209999999986964,69.93372262509403
3.421999999998694,70.05159778668735
3.4229999999986918,70.16843591695815
3.4239999999986894,70.28423719771457
3.424999999998687,70.39900548498274
3.4259999999986848,70.51274791258788
3.4269999999986824,70.62547403945982
3.42799999999868,70.73719466239757
3.4289999999986778,70.8479204632003
3.4299999999986754,70.95766068147798
3.430999999998673,71.06642199979463
3.431999999998671,71.1742077971925
3.4329999999986685,71.2810178744313
3.433999999998666,71.38684868781804
3.434999999998664,71.49169405730058
3.4359999999986615,71.59554624845859
3.436999999998659,71.69839727602458
3.437999999998657,71.80024024568608
3.4389999999986545,71.9010705454909
3.439999999998652,72.00088671916717
3.44099999999865,72.09969089839163
3.4419999999986475,72.19748873337615
3.442999999998645,72.29428883230098
3.443999999998643,72.39010178980713
3.4449999999986405,72.48493894286898
3.445999999998638,72.5788110304617
3.446999999998636,72.67172694618863
3.4479999999986335,72.76369275889017
3.448999999998631,72.85471113762705
3.449999999998629,72.94478126008322
3.4509999999986265,73.033899215564
3.451999999998624,73.12205884477494
3.452999999998622,73.20925289785565
3.4539999999986195,73.29547434789181
3.454999999998617,73.38071767543244
3.455999999998615,73.4649799434896
3.4569999999986125,73.54826151180659
3.45799999999861,73.63056628996175
3.458999999998608,73.7119014941004
3.4599999999986055,73.79227694246693
3.460999999998603,73.87170399024232
3.461999999998601,73.95019425499544
3.4629999999985985,74.02775831302614
3.463999999998596,74.10440455005782
3.464999999998594,74.18013832701023
3.4659999999985915,74.25496157651789
3.466999999998589,74.32887288508184
3.467999999998587,74.40186804781362
3.4689999999985845,74.47394101696939
3.469999999998582,74.54508511078608
3.47099999999858,74.61529431295499
3.4719999999985776,74.68456448035155
3.4729999999985752,74.75289428938521
3.473999999998573,74.82028578795175
3.4749999999985706,74.88674447555229
3.4759999999985682,74.95227890089468
3.476999999998566,75.01689983466883
3.4779999999985636,75.08061913520858
3.4789999999985612,75.14344846780968
3.479999999998559,75.20539805838759
3.4809999999985566,75.26647565636256
3.4819999999985543,75.3266858513154
3.482999999998552,75.38602983769081
3.4839999999985496,75.4445056588682
3.4849999999985473,75.502108895073
3.485999999998545,75.55883369795407
3.4869999999985426,75.6146740265483
3.4879999999985403,75.66962491133911
3.488999999998538,75.72368356911453
3.4899999999985356,75.77685021211148
3.4909999999985333,75.82912843782384
3.491999999998531,75.88052514499704
3.4929999999985286,75.93104998835972
3.4939999999985263,75.98071444991423
3.494999999998524,76.0295306586527
3.4959999999985216,76.07751012559157
3.4969999999985193,76.12466257213885
3.497999999998517,76.17099501573183
3.4989999999985146,76.21651123982824
3.4999999999985123,76.26121172096312
3.50099999999851,76.30509402129647
3.5019999999985076,76.34815359057438
3.5029999999985053,76.39038486472073
3.503999999998503,76.43178250674119
3.5049999999985006,76.47234261611143
3.5059999999984983,76.51206373730318
3.506999999998496,76.55094752589818
3.5079999999984937,76.58899897876992
3.5089999999984913,76.62622619634664
3.509999999998489,76.6626397111386
3.5109999999984867,76.69825147800148
3.5119999999984843,76.73307366911132
3.512999999998482,76.76711744356899
3.5139999999984797,76.80039186426174
3.5149999999984773,76.83290311300028
3.515999999998475,76.86465411243874
3.5169999999984727,76.89564460605014
3.5179999999984704,76.92587168353111
3.518999999998468,76.95533067718091
3.5199999999984657,76.98401630340074
3.5209999999984634,77.01192388944303
3.521999999998461,77.03905051361174
3.5229999999984587,77.06539589908395
3.5239999999984564,77.09096293595702
3.524999999998454,77.1157577583985
3.5259999999984517,77.13978936656218
3.5269999999984494,77.16306884729062
3.527999999998447,77.18560830418659
3.5289999999984447,77.20741964828872
3.5299999999984424,77.22851341953651
3.53099999999844,77.24889780400831
3.5319999999984377,77.2685779836059
3.5329999999984354,77.28755590775306
3.533999999998433,77.30583051752899
3.5349999999984307,77.32339838971019
3.5359999999984284,77.3402547099852
3.536999999998426,77.35639443901228
3.5379999999984237,77.37181350818113
3.5389999999984214,77.38650987770549
3.539999999998419,77.40048430876693
3.5409999999984167,77.41374074144927
3.5419999999984144,77.42628622566305
3.542999999998412,77.43813041536187
3.5439999999984098,77.44928469802798
3.5449999999984074,77.45976108272004
3.545999999998405,77.46957100356016
3.5469999999984028,77.47872420670527
3.5479999999984004,77.48722787626471
3.548999999998398,77.49508612039831
3.5499999999983958,77.50229988804519
3.5509999999983934,77.50886732657318
3.551999999998391,77.51478452941956
3.552999999998389,77.52004656878168
3.5539999999983864,77.52464866890324
3.554999999998384,77.52858735590686
3.555999999998382,77.53186142324162
3.5569999999983795,77.53447257746367
3.557999999998377,77.53642567383832
3.558999999998375,77.5377285090208
3.5599999999983725,77.53839120058196
3.56099999999837,77.5384252414547
3.561999999998368,77.53784236296401
3.5629999999983655,77.53665336657326
3.563999999998363,77.53486708808502
3.564999999998361,77.53248963866628
3.5659999999983585,77.5295240276774
3.566999999998356,77.52597021867591
3.567999999998354,77.52182560960976
3.5689999999983515,77.51708586940957
3.569999999998349,77.51174601383215
3.570999999998347,77.50580157020723
3.5719999999983445,77.49924966826983
3.572999999998342,77.4920899043892
3.57399999999834,77.48432485808578
3.5749999999983375,77.47596018849012
3.575999999998335,77.46700429758346
3.576999999998333,77.45746760820485
3.5779999999983305,77.4473615590898
3.578999999998328,77.4366974587817
3.579999999998326,77.42548535954538
3.5809999999983235,77.41373310882469
3.581999999998321,77.40144571017456
3.582999999998319,77.38862508181053
3.5839999999983165,77.37527024526528
3.584999999998314,77.36137791685346
3.585999999998312,77.34694341883805
3.5869999999983095,77.33196178291722
3.587999999998307,77.31642889189735
3.588999999998305,77.30034249994345
3.5899999999983025,77.28370298857264
3.5909999999983,77.26651375241482
3.591999999998298,77.24878116076933
3.5929999999982956,77.23051410078091
3.5939999999982932,77.21172316708528
3.594999999998291,77.19241961251672
3.5959999999982886,77.17261420775377
3.5969999999982862,77.15231616995645
3.597999999998284,77.13153231002234
3.5989999999982816,77.11026651681878
3.5999999999982792,77.08851964928292
3.600999999998277,77.06628985035545
3.6019999999982746,77.04357323815846
3.6029999999982723,77.02036487759784
3.60399999999827,76.99665989668624
3.6049999999982676,76.97245459167684
3.6059999999982653,76.94774736647102
3.606999999998263,76.92253937471081
3.6079999999982606,76.89683477453983
3.6089999999982583,76.87064056045936
3.609999999998256,76.84396599635458
3.6109999999982536,76.81682173000135
3.6119999999982513,76.78921871409464
3.612999999998249,76.76116708563949
3.6139999999982466,76.73267516074216
3.6149999999982443,76.70374868495334
3.615999999998242,76.67439044299485
3.6169999999982396,76.6446002812683
3.6179999999982373,76.61437553905259
3.618999999998235,76.58371182763646
3.6199999999982326,76.5526040484471
3.6209999999982303,76.52104750804223
3.621999999998228,76.48903897422363
3.6229999999982256,76.45657752551496
3.6239999999982233,76.4236650749563
3.624999999998221,76.3903064947728
3.6259999999982186,76.35650932463567
3.6269999999982163,76.32228310497857
3.627999999998214,76.28763842965807
3.6289999999982117,76.2525858515693
3.6299999999982093,76.21713479501382
3.630999999998207,76.18129262702433
3.6319999999982047,76.14506401691143
3.6329999999982023,76.10845067254468
3.6339999999982,76.07145148916544
3.6349999999981977,76.0340630891704
3.6359999999981953,75.99628067713353
3.636999999998193,75.95809909064953
3.6379999999981907,75.91951390032172
3.6389999999981884,75.88052240518589
3.639999999998186,75.84112438422346
3.6409999999981837,75.80132249858366
3.6419999999981814,75.76112228811571
3.642999999998179,75.7205317629607
3.6439999999981767,75.6795606480672
3.6449999999981744,75.638219387357
3.645999999998172,75.59651804782428
3.6469999999981697,75.55446527738715
3.6479999999981674,75.51206746212083
3.648999999998165,75.46932819998796
3.6499999999981627,75.4262481636047
3.6509999999981604,75.38282537027706
3.651999999998158,75.33905582098849
3.6529999999981557,75.2949344189088
3.6539999999981534,75.25045603921593
3.654999999998151,75.20561660087678
3.6559999999981487,75.16041399053515
3.6569999999981464,75.11484870908231
3.657999999998144,75.06892415018984
3.6589999999981417,75.02264647177066
3.6599999999981394,74.9760240787214
3.660999999998137,74.92906679011985
3.6619999999981347,74.88178480840388
3.6629999999981324,74.83418763558328
3.66399999999813,74.78628308842066
3.6649999999981278,74.73807655000562
3.6659999999981254,74.68957056155158
3.666999999998123,74.64076481048733
3.6679999999981208,74.59165651569445
3.6689999999981184,74.54224115565172
3.669999999998116,74.4925134377279
3.6709999999981138,74.44246837334754
3.6719999999981114,74.39210230887498
3.672999999998109,74.34141376798542
3.673999999998107,74.29040398742539
3.6749999999981044,74.23907707095573
3.675999999998102,74.18743973996064
3.6769999999981,74.1355007160881
3.6779999999980975,74.08326982316811
3.678999999998095,74.03075693503187
3.679999999998093,73.97797091713747
3.6809999999980905,73.92491871019732
3.681999999998088,73.87160468350588
3.682999999998086,73.81803034751917
3.6839999999980835,73.76419446493693
3.684999999998081,73.71009354409546
3.685999999998079,73.6557226454746
3.6869999999980765,73.60107638869597
3.687999999998074,73.5461500194654
3.688999999998072,73.49094038736514
3.6899999999980695,73.43544669759041
3.690999999998067,73.37967093115743
3.691999999998065,73.32361787456806
3.6929999999980625,73.2672947549098
3.69399999999806,73.21071053201692
3.694999999998058,73.15387494765037
3.6959999999980555,73.09679746563525
3.696999999998053,73.03948625179089
3.697999999998051,72.9819473363099
3.6989999999980485,72.92418407514536
3.699999999998046,72.86619698482788
3.700999999998044,72.80798397295895
3.7019999999980415,72.74954093165113
3.702999999998039,72.69086261085889
3.703999999998037,72.63194364969372
3.7049999999980345,72.57277962173296
3.705999999998032,72.5133679481469
3.70699999999803,72.45370855068504
3.7079999999980275,72.39380415283442
3.708999999998025,72.3336601868543
3.709999999998023,72.27328431992436
3.7109999999980205,72.21268566640009
3.711999999998018,72.15187379731742
3.712999999998016,72.09085768656756
3.7139999999980136,72.02964474156603
3.7149999999980112,71.96824005381738
3.715999999998009,71.90664597350587
3.7169999999980066,71.84486206671448
3.7179999999980042,71.78288546052228
3.718999999998002,71.72071152736892
3.7199999999979996,71.65833481302812
3.7209999999979972,71.59575007865799
3.721999999997995,71.5329533113653
3.7229999999979926,71.46994256186413
3.7239999999979903,71.40671849174147
3.724999999997988,71.34328455344297
3.7259999999979856,71.27964677771539
3.7269999999979833,71.21581319861241
3.727999999997981,71.151792997284
3.7289999999979786,71.08759548528501
3.7299999999979763,71.02322907037909
3.730999999997974,70.9587003497621
3.7319999999979716,70.89401345720897
3.7329999999979693,70.82916975470468
3.733999999997967,70.7641679108391
3.7349999999979646,70.69900435438876
3.7359999999979623,70.63367403944028
3.73699999999796,70.56817141517934
3.7379999999979576,70.50249146494961
3.7389999999979553,70.43663066934903
3.739999999997953,70.37058775847024
3.7409999999979506,70.30436414769937
3.7419999999979483,70.23796399580345
3.742999999997946,70.17139387720827
3.7439999999979436,70.10466211481024
3.7449999999979413,70.03777786751162
3.745999999997939,69.97075010106249
3.7469999999979366,69.90358658680319
3.7479999999979343,69.83629306846453
3.748999999997932,69.76887271310737
3.7499999999979297,69.70132592220668
3.7509999999979273,69.6336505285203
3.751999999997925,69.56584235072118
3.7529999999979227,69.4978960281319
3.7539999999979203,69.42980601899194
3.754999999997918,69.36156762283879
3.7559999999979157,69.29317788398971
3.7569999999979133,69.22463624948004
3.757999999997911,69.15594488903054
3.7589999999979087,69.08710863204284
3.7599999999979064,69.01813453059128
3.760999999997904,68.9490311101622
3.7619999999979017,68.87980741386848
3.7629999999978994,68.810471974717
3.763999999997897,68.74103186019585
3.7649999999978947,68.6714919227586
3.7659999999978924,68.6018543604821
3.76699999999789,68.53211864855005
3.7679999999978877,68.46228185045074
3.7689999999978854,68.39233926500374
3.769999999997883,68.32228531872735
3.7709999999978807,68.2521145789323
3.7719999999978784,68.18182274597758
3.772999999997876,68.11140748579058
3.7739999999978737,68.04086898585513
3.7749999999978714,67.97021015650748
3.775999999997869,67.89943644923521
3.7769999999978667,67.82855531768969
3.7779999999978644,67.75757539753316
3.778999999997862,67.68650552079103
3.7799999999978597,67.61535370338648
3.7809999999978574,67.54412624783464
3.781999999997855,67.47282708640344
3.7829999999978527,67.40145745597319
3.7839999999978504,67.3300159492974
3.784999999997848,67.2584989348965
3.7859999999978458,67.18690128661589
3.7869999999978434,67.11521732088839
3.787999999997841,67.04344181079045
3.7889999999978388,66.97157093511797
3.7899999999978364,66.89960302951656
3.790999999997834,66.82753903420799
3.7919999999978318,66.75538257533195
3.7929999999978294,66.68313966848798
3.793999999997827,66.61081808637867
3.794999999997825,66.53842647982471
3.7959999999978224,66.46597337604356
3.79699999999782,66.39346619500938
3.797999999997818,66.32091042167947
3.7989999999978155,66.24830904953325
3.799999999997813,66.17566237255741
3.800999999997811,66.10296815404038
3.8019999999978085,66.03022214807599
3.802999999997806,65.9574189007002
3.803999999997804,65.88455271873471
3.8049999999978015,65.81161867097731
3.805999999997799,65.73861348165889
3.806999999997797,65.66553619090726
3.8079999999977945,65.5923884894081
3.808999999997792,65.51917468016904
3.80999999999779,65.44590127282592
3.8109999999977875,65.37257626780539
3.811999999997785,65.2992082313532
3.812999999997783,65.22580529171171
3.8139999999977805,65.15237419742567
3.814999999997778,65.07891956953874
3.815999999997776,65.00544345182051
3.8169999999977735,64.93194522121156
3.817999999997771,64.85842187034869
3.818999999997769,64.78486862227318
3.8199999999977665,64.71127979130671
3.820999999997764,64.63764976982677
3.821999999997762,64.56397400302534
3.8229999999977595,64.4902498151759
3.823999999997757,64.41647697147684
3.824999999997755,64.34265789647355
3.8259999999977525,64.26879751831197
3.82699999999775,64.19490276084991
3.827999999997748,64.1209817553378
3.8289999999977455,64.04704288286135
3.829999999997743,63.973093782310706
3.830999999997741,63.89914046306334
3.8319999999977385,63.8251866463851
3.832999999997736,63.75123342711757
3.833999999997734,63.67727930225472
3.8349999999977316,63.6033205618265
3.8359999999977292,63.52935198715076
3.836999999997727,63.45536775882208
3.8379999999977246,63.3813624475848
3.8389999999977222,63.30733194952772
3.83999999999772,63.23327423457782
3.8409999999977176,63.15918980319521
3.8419999999977152,63.085081787014424
3.842999999997713,63.01095567927751
3.8439999999977106,62.93681873313578
3.8449999999977083,62.86267911275468
3.845999999997706,62.78854491688329
3.8469999999977036,62.714423212192024
3.8479999999977013,62.640319211860856
3.848999999997699,62.56623571405648
3.8499999999976966,62.49217287821857
3.8509999999976943,62.41812836975628
3.851999999997692,62.344097852424284
3.8529999999976896,62.27007575934993
3.8539999999976873,62.19605623495475
3.854999999997685,62.12203411614862
3.8559999999976826,62.048005815512425
3.8569999999976803,61.97396998264571
3.857999999997678,61.89992785075218
3.8589999999976756,61.82588321967661
3.8599999999976733,61.751842077817315
3.860999999997671,61.6778119163003
3.8619999999976686,61.6038008321842
3.8629999999976663,61.529816547026016
3.863999999997664,61.455865478678014
3.8649999999976616,61.38195199626247
3.8659999999976593,61.30807796214963
3.866999999997657,61.23424262434628
3.8679999999976546,61.16044287370614
3.8689999999976523,61.08667382960664
3.86999999999765,61.01292967210461
3.8709999999976477,60.93920460430079
3.8719999999976453,60.865493810394945
3.872999999997643,60.79179427531019
3.8739999999976407,60.718105350894774
3.8749999999976383,60.64442898909973
3.875999999997636,60.570769609301564
3.8769999999976337,60.497133618510595
3.8779999999976313,60.42352865219969
3.878999999997629,60.34996264281411
3.8799999999976267,60.276442847078066
3.8809999999976244,60.202974968608565
3.881999999997622,60.12956249851444
3.8829999999976197,60.05620636572895
3.8839999999976174,59.98290494531743
3.884999999997615,59.909654423030155
3.8859999999976127,59.83644946483997
3.8869999999976104,59.76328409782728
3.887999999997608,59.6901526793449
3.8889999999976057,59.61705081894224
3.8899999999976034,59.543976123908315
3.890999999997601,59.470928663772625
3.8919999999975987,59.397911088420926
3.8929999999975964,59.324928383197296
3.893999999997594,59.25198729556599
3.8949999999975917,59.17909551424367
3.8959999999975894,59.10626071649746
3.896999999997587,59.03348961759092
3.8979999999975847,58.9607871556366
3.8989999999975824,58.888155925675896
3.89999999999758,58.81559594157868
3.9009999999975777,58.74310475841471
3.9019999999975754,58.670677937701456
3.902999999997573,58.598309790289136
3.9039999999975707,58.52599429305283
3.9049999999975684,58.45372605130749
3.905999999997566,58.38150117231506
3.9069999999975638,58.309317927446756
3.9079999999975614,58.23717710999156
3.908999999997559,58.16508203825242
3.9099999999975568,58.093038203513466
3.9109999999975544,58.021052612566116
3.911999999997552,57.94913291753607
3.9129999999975498,57.87728645557402
3.9139999999975474,57.805519333331496
3.914999999997545,57.733835684418544
3.915999999997543,57.662237203376385
3.9169999999975404,57.59072302073833
3.917999999997538,57.51928993604358
3.918999999997536,57.44793297584072
3.9199999999975335,57.37664619856278
3.920999999997531,57.30542363382442
3.921999999997529,57.23426022487257
3.9229999999975265,57.16315264229455
3.923999999997524,57.09209985486093
3.924999999997522,57.0211033772847
3.9259999999975195,56.95016716001665
3.926999999997517,56.87929713664097
3.927999999997515,56.80850049273194
3.9289999999975125,56.737784759262546
3.92999999999751,56.6671568581528
3.930999999997508,56.596622233922766
3.9319999999975055,56.52618419288952
3.932999999997503,56.455843541898936
3.933999999997501,56.385598576489684
3.9349999999974985,56.31544541960288
3.935999999997496,56.245378663193335
3.936999999997494,56.17539222301995
3.9379999999974915,56.105480287208984
3.938999999997489,56.035638225996664
3.939999999997487,55.96586333526465
3.9409999999974845,55.89615530953572
3.941999999997482,55.82651637792684
3.94299999999748,55.75695108392203
3.9439999999974775,55.68746574004469
3.944999999997475,55.61806763435071
3.945999999997473,55.548764100558664
3.9469999999974705,55.479561582567115
3.947999999997468,55.41046482451559
3.948999999997466,55.34147629950373
3.9499999999974635,55.27259595634857
3.950999999997461,55.20382131917479
3.951999999997459,55.135147925444464
3.9529999999974565,55.06657004099787
3.953999999997454,54.99808155218112
3.954999999997452,54.92967691044488
3.9559999999974496,54.861351997321925
3.9569999999974472,54.793104788606534
3.957999999997445,54.72493572449204
3.9589999999974426,54.656847733602504
3.9599999999974402,54.588845907557314
3.960999999997438,54.5209368719794
3.9619999999974356,54.45312794264088
3.9629999999974332,54.38542618556985
3.963999999997431,54.31783751315456
3.9649999999974286,54.2503659428184
3.9659999999974263,54.18301312164853
3.966999999997424,54.11577818288427
3.9679999999974216,54.048657953745426
3.9689999999974193,53.9816474851651
3.969999999997417,53.91474082927049
3.9709999999974146,53.84793195600995
3.9719999999974123,53.78121568087315
3.97299999999741,53.714588473924884
3.9739999999974076,53.648049036756696
3.9749999999974053,53.581598566324814
3.975999999997403,53.515240668562505
3.9769999999974006,53.44898093396649
3.9779999999973983,53.38282623502314
3.978999999997396,53.31678384449405
3.9799999999973936,53.25086049862354
3.9809999999973913,53.18506153673154
3.981999999997389,53.11939023752447
3.9829999999973866,53.05384744453282
3.9839999999973843,52.98843153244988
3.984999999997382,52.923138718540976
3.9859999999973796,52.85796367530222
3.9869999999973773,52.79290035869707
3.987999999997375,52.72794293630884
3.9889999999973726,52.663086685719215
3.9899999999973703,52.59832873737963
3.990999999997368,52.53366855781193
3.9919999999973657,52.46910810524108
3.9929999999973633,52.40465163577857
3.993999999997361,52.340305187503986
3.9949999999973587,52.27607581519019
3.9959999999973563,52.21197068347274
3.996999999997354,52.14799614594438
3.9979999999973517,52.08415693926773
3.9989999999973493,52.02045560485434
3.999999999997347,51.95689221848429
4.000999999997345,51.89346446505987
4.001999999997342,51.83016804757562
4.00299999999734,51.76699737292866
4.003999999997338,51.70394641874809
4.004999999997335,51.641009660193596
4.005999999997333,51.57818292717747
4.006999999997331,51.51546407199639
4.007999999997328,51.45285335369851
4.008999999997326,51.39035348517774
4.009999999997324,51.327969336395405
4.010999999997321,51.2657073355898
4.011999999997319,51.20357465287794
4.012999999997317,51.14157828117114
4.013999999997314,51.079724143488924
4.014999999997312,51.018016351653394
4.01599999999731,50.95645671974659
4.016999999997307,50.895044599794424
4.017999999997305,50.833777062066964
4.018999999997303,50.77264939439314
4.0199999999973,50.71165585057852
4.020999999997298,50.65079054340193
4.021999999997296,50.5900483574745
4.022999999997293,50.52942575432722
4.023999999997291,50.4689213569536
4.024999999997289,50.40853623176802
4.025999999997286,50.34827382836377
4.026999999997284,50.28813958559629
4.027999999997282,50.22814025953887
4.028999999997279,50.16828306799994
4.029999999997277,50.10857477193838
4.030999999997275,50.04902082265684
4.031999999997272,49.98962469402615
4.03299999999727,49.93038749271581
4.033999999997268,49.87130790032379
4.034999999997265,49.81238245494604
4.035999999997263,49.75360613251182
4.036999999997261,49.69497314658915
4.0379999999972584,49.63647785497784
4.038999999997256,49.57811564646023
4.039999999997254,49.51988368366918
4.0409999999972515,49.461781397970206
4.041999999997249,49.40381066688439
4.042999999997247,49.345975649134346
4.0439999999972445,49.28828230059747
4.044999999997242,49.230737639400985
4.04599999999724,49.17334886365398
4.0469999999972375,49.11612244581256
4.047999999997235,49.05906333060473
4.048999999997233,49.002174348519304
4.0499999999972305,48.94545592636658
4.050999999997228,48.888906134758
4.051999999997226,48.832521065368375
4.0529999999972235,48.77629548501714
4.053999999997221,48.7202236751648
4.054999999997219,48.66430033961193
4.0559999999972165,48.60852145357061
4.056999999997214,48.55288493529095
4.057999999997212,48.49739104608026
4.0589999999972095,48.4420424625514
4.059999999997207,48.3868440109831
4.060999999997205,48.33180210127181
4.0619999999972025,48.27692394024084
4.0629999999972,48.22221663502368
4.063999999997198,48.16768631242387
4.0649999999971955,48.11333737752965
4.065999999997193,48.05917201496387
4.066999999997191,48.00519000193088
4.0679999999971885,47.9513888585884
4.068999999997186,47.897764314293646
4.069999999997184,47.84431102440129
4.0709999999971815,47.79102343749584
4.071999999997179,47.73789669195742
4.072999999997177,47.6849274165488
4.0739999999971745,47.632114322936275
4.074999999997172,47.579458507049154
4.07599999999717,47.52696341696601
4.076999999997168,47.47463449191749
4.077999999997165,47.42247852331059
4.078999999997163,47.37050282778954
4.079999999997161,47.31871434863186
4.080999999997158,47.26711881154053
4.081999999997156,47.21572005287086
4.082999999997154,47.16451961381764
4.083999999997151,47.113516656683174
4.084999999997149,47.06270821434997
4.085999999997147,47.012089737730875
4.086999999997144,46.961655864594995
4.087999999997142,46.91140130240946
4.08899999999714,46.861321701892535
4.089999999997137,46.81141439913125
4.090999999997135,46.76167892231436
4.091999999997133,46.71211719199293
4.09299999999713,46.66273338676887
4.093999999997128,46.61353349339584
4.094999999997126,46.56452460471253
4.095999999997123,46.51571406426975
4.096999999997121,46.467108577850986
4.097999999997119,46.418713416405076
4.098999999997116,46.37053182168863
4.099999999997114,46.32256469722154
4.100999999997112,46.27481062711883
4.101999999997109,46.227266219634025
4.102999999997107,46.17992672710787
4.103999999997105,46.132786855655674
4.104999999997102,46.08584165152462
4.1059999999971,46.03908734028995
4.106999999997098,45.99252200148976
4.107999999997095,45.94614598415917
4.108999999997093,45.89996200495418
4.109999999997091,45.85397491514498
4.110999999997088,45.80819116935354
4.111999999997086,45.76261807091815
4.112999999997084,45.717262900077095
4.113999999997081,45.67213204739135
4.114999999997079,45.62723027371973
4.115999999997077,45.58256019994253
4.116999999997074,45.53812209720528
4.117999999997072,45.49391400636986
4.11899999999707,45.44993216950182
4.119999999997067,45.406171712875576
4.120999999997065,45.362627486058024
4.121999999997063,45.31929493988632
4.12299999999706,45.276170920634556
4.123999999997058,45.23325426921327
4.124999999997056,45.19054614139755
4.125999999997053,45.14805000415962
4.126999999997051,45.1057713086987
4.127999999997049,45.06371688629999
4.128999999997046,45.02189415212889
4.129999999997044,44.98031022894748
4.130999999997042,44.93897111369166
4.131999999997039,44.89788100345711
4.132999999997037,44.857041874743615
4.133999999997035,44.81645337416952
4.134999999997032,44.776113035318566
4.13599999999703,44.73601679100211
4.136999999997028,44.6961597091969
4.137999999997025,44.65653684984351
4.138999999997023,44.617144122825366
4.139999999997021,44.57797902715878
4.140999999997018,44.53904116788176
4.141999999997016,44.500332478146085
4.142999999997014,44.46185711537048
4.143999999997011,44.42362104616036
4.144999999997009,44.38563137852329
4.145999999997007,44.34789553542586
4.146999999997004,44.3104203858464
4.147999999997002,44.27321145512925
4.148999999997,44.236272324931534
4.149999999996997,44.19960430618
4.150999999996995,44.16320643011842
4.151999999996993,44.12707575812637
4.15299999999699,44.09120796666432
4.153999999996988,44.05559812550515
4.154999999996986,44.02024156053042
4.155999999996983,43.98513468053286
4.156999999996981,43.95027565235446
4.157999999996979,43.915664829758846
4.1589999999969764,43.88130487588001
4.159999999996974,43.847200562104355
4.160999999996972,43.81335827180089
4.1619999999969695,43.77978527885242
4.162999999996967,43.746488902549345
4.163999999996965,43.71347565754098
4.1649999999969625,43.68075051788915
4.16599999999696,43.648316397888195
4.166999999996958,43.61617392169668
4.1679999999969555,43.58432151334362
4.168999999996953,43.55275579401707
4.169999999996951,43.521472230833396
4.1709999999969485,43.49046594636761
4.171999999996946,43.45973257583922
4.172999999996944,43.429269052128966
4.1739999999969415,43.39907420873939
4.174999999996939,43.3691491161667
4.175999999996937,43.339497104505874
4.1769999999969345,43.310123469187594
4.177999999996932,43.28103490138716
4.17899999999693,43.25223872337131
4.1799999999969275,43.22374203636875
4.180999999996925,43.19555090056391
4.181999999996923,43.16766966193814
4.1829999999969205,43.1401005197462
4.183999999996918,43.11284339450911
4.184999999996916,43.08589611436061
4.1859999999969135,43.059254893246106
4.186999999996911,43.03291503393302
4.187999999996909,43.00687175754662
4.1889999999969065,42.981121043714865
4.189999999996904,42.95566036380682
4.190999999996902,42.93048920456946
4.1919999999968995,42.90560930871613
4.192999999996897,42.88102459872337
4.193999999996895,42.856740794653035
4.1949999999968925,42.83276477991986
4.19599999999689,42.809103804354116
4.196999999996888,42.78576463662331
4.197999999996886,42.76275278488622
4.198999999996883,42.740071894601726
4.199999999996881,42.71772340727007
4.200999999996879,42.6957065272071
4.201999999996876,42.67401850041403
4.202999999996874,42.65265516617784
4.203999999996872,42.63161170415138
4.204999999996869,42.610883472478776
4.205999999996867,42.59046681979581
4.206999999996865,42.570359757466214
4.207999999996862,42.550562397840096
4.20899999999686,42.53107709703253
4.209999999996858,42.511908282225896
4.210999999996855,42.49306198791165
4.211999999996853,42.47454516647276
4.212999999996851,42.45636487020147
4.213999999996848,42.438527419711654
4.214999999996846,42.42103767528022
4.215999999996844,42.40389851285101
4.216999999996841,42.3871105774852
4.217999999996839,42.3706723481173
4.218999999996837,42.35458050403783
4.219999999996834,42.338830541557364
4.220999999996832,42.32341755454642
4.22199999999683,42.308337069726996
4.222999999996827,42.29358581989134
4.223999999996825,42.27916234676352
4.224999999996823,42.265067348961985
4.22599999999682,42.251303726223334
4.226999999996818,42.237876313748025
4.227999999996816,42.22479134418434
4.228999999996813,42.21205571311118
4.229999999996811,42.199676151419524
4.230999999996809,42.187658420844485
4.231999999996806,42.17600664528794
4.232999999996804,42.16472287119023
4.233999999996802,42.15380691789763
4.234999999996799,42.14325653835437
4.235999999996797,42.133067867186774
4.236999999996795,42.12323609329246
4.237999999996792,42.11375626282971
4.23899999999679,42.1046241003213
4.239999999996788,42.0958367329602
4.240999999996785,42.087393216621706
4.241999999996783,42.07929478976449
4.242999999996781,42.07154481957704
4.243999999996778,42.06414844804224
4.244999999996776,42.05711198787627
4.245999999996774,42.05044215349031
4.246999999996771,42.044145235195664
4.247999999996769,42.03822633256896
4.248999999996767,42.03268875422948
4.249999999996764,42.02753366763779
4.250999999996762,42.02276004733363
4.25199999999676,42.01836492829821
4.252999999996757,42.01434392861419
4.253999999996755,42.01069196816255
4.254999999996753,42.007404082811256
4.25599999999675,42.00447622019629
4.256999999996748,42.001905905657814
4.257999999996746,41.999692684943426
4.258999999996743,41.99783828151327
4.259999999996741,41.99634644638221
4.260999999996739,41.995222521736686
4.261999999996736,41.99447277990082
4.262999999996734,41.99410363081549
4.263999999996732,41.994120809497716
4.264999999996729,41.9945286574634
4.265999999996727,41.9953295985543
4.266999999996725,41.99652388208725
4.267999999996722,41.9981096286928
4.26899999999672,42.0000831719315
4.269999999996718,42.0024396475899
4.270999999996715,42.005173748114125
4.271999999996713,42.008280536631055
4.272999999996711,42.01175620662166
4.273999999996708,42.01559868079481
4.274999999996706,42.01980796511892
4.275999999996704,42.02438620826824
4.276999999996701,42.02933745818939
4.277999999996699,42.03466715017657
4.278999999996697,42.04038139867468
4.2799999999966944,42.04648619259231
4.280999999996692,42.052986607251555
4.28199999999669,42.059886143446285
4.2829999999966875,42.06718628591029
4.283999999996685,42.07488634251529
4.284999999996683,42.08298358615588
4.2859999999966805,42.0914736790328
4.286999999996678,42.10035131973901
4.287999999996676,42.109611022545465
4.2889999999966735,42.11924791983227
4.289999999996671,42.12925847528865
4.290999999996669,42.139641007862494
4.2919999999966665,42.15039595287447
4.292999999996664,42.16152582359995
4.293999999996662,42.17303487879424
4.2949999999966595,42.1849285431129
4.295999999996657,42.19721266217926
4.296999999996655,42.20989269721695
4.2979999999966525,42.222972972413345
4.29899999999665,42.23645608044239
4.299999999996648,42.25034252907919
4.3009999999966455,42.26463067787804
4.301999999996643,42.27931697326893
4.302999999996641,42.294396448808115
4.3039999999966385,42.30986342041578
4.304999999996636,42.325712279264536
4.305999999996634,42.34193827131637
4.3069999999966315,42.35853815426365
4.307999999996629,42.37551063966885
4.308999999996627,42.3928565581641
4.3099999999966245,42.410578724489014
4.310999999996622,42.428681521461314
4.31199999999662,42.44717026161066
4.3129999999966175,42.46605041650921
4.313999999996615,42.48532682229923
4.314999999996613,42.50500297298766
4.3159999999966105,42.52508050043049
4.316999999996608,42.54555891346652
4.317999999996606,42.566435632231574
4.318999999996604,42.58770631239602
4.319999999996601,42.60936541365893
4.320999999996599,42.631406932816596
4.321999999996597,42.65382519876846
4.322999999996594,42.676615618107334
4.323999999996592,42.69977526672233
4.32499999999659,42.723303244326644
4.325999999996587,42.747200742038174
4.326999999996585,42.77147081354242
4.327999999996583,42.79611788217093
4.32899999999658,42.8211470534744
4.329999999996578,42.84656333022168
4.330999999996576,42.87237084029945
4.331999999996573,42.89857218587599
4.332999999996571,42.92516800485707
4.333999999996569,42.9521568056574
4.334999999996566,42.97953509794897
4.335999999996564,43.007297800694964
4.336999999996562,43.0354388701279
4.337999999996559,43.0639520596938
4.338999999996557,43.09283170553042
4.339999999996555,43.12207342739484
4.340999999996552,43.151674646660375
4.34199999999655,43.18163484855882
4.342999999996548,43.211955551768554
4.343999999996545,43.242639989674714
4.344999999996543,43.273692548324185
4.345999999996541,43.30511804041063
4.346999999996538,43.336920917628916
4.347999999996536,43.369104532190576
4.348999999996534,43.401670551080144
4.349999999996531,43.43461860489485
4.350999999996529,43.46794622004117
4.351999999996527,43.50164904334088
4.352999999996524,43.5357213272763
4.353999999996522,43.57015660777787
4.35499999999652,43.60494847960241
4.355999999996517,43.64009136067059
4.356999999996515,43.675581138158705
4.357999999996513,43.71141560559059
4.35899999999651,43.74759462942971
4.359999999996508,43.78412002172019
4.360999999996506,43.82099513678529
4.361999999996503,43.85822424894354
4.362999999996501,43.89581179906932
4.363999999996499,43.9337616161667
4.364999999996496,43.97207622339173
4.365999999996494,44.01075632579075
4.366999999996492,44.049800551255196
4.367999999996489,44.0892054805646
4.368999999996487,44.12896596191905
4.369999999996485,44.16907566565664
4.370999999996482,44.209527801369546
4.37199999999648,44.25031589694725
4.372999999996478,44.29143453034647
4.373999999996475,44.332879911377205
4.374999999996473,44.374650231713744
4.375999999996471,44.41674573385107
4.376999999996468,44.45916848930842
4.377999999996466,44.50192191741753
4.378999999996464,44.545010112664144
4.379999999996461,44.58843707549935
4.380999999996459,44.63220595496141
4.381999999996457,44.676318409527575
4.382999999996454,44.72077417570224
4.383999999996452,44.76557090447968
4.38499999999645,44.81070428818789
4.385999999996447,44.85616845960569
4.386999999996445,44.90195660725753
4.387999999996443,44.948061720634705
4.38899999999644,44.994477360906814
4.389999999996438,45.0411983490241
4.390999999996436,45.08822127455404
4.391999999996433,45.13554475366081
4.392999999996431,45.18316939987259
4.393999999996429,45.23109751179106
4.394999999996426,45.27933252186402
4.395999999996424,45.327878284073854
4.396999999996422,45.37673830102088
4.397999999996419,45.42591499921894
4.398999999996417,45.47540915435467
4.399999999996415,45.52521954692304
4.4009999999964124,45.57534289615133
4.40199999999641,45.62577408108892
4.402999999996408,45.676506617605234
4.4039999999964055,45.72753332433434
4.404999999996403,45.77884708422147
4.405999999996401,45.830441594905544
4.4069999999963985,45.882312002615265
4.407999999996396,45.93445533046785
4.408999999996394,45.98687064086017
4.4099999999963915,46.039558909058044
4.410999999996389,46.0925226258593
4.411999999996387,46.145765185468704
4.4129999999963845,46.19929014502527
4.413999999996382,46.25310046019944
4.41499999999638,46.30719780440836
4.4159999999963775,46.36158206716567
4.416999999996375,46.416251101669744
4.417999999996373,46.47120075665082
4.4189999999963705,46.52642518766613
4.419999999996368,46.581917404000905
4.420999999996366,46.63766997445017
4.4219999999963635,46.69367579304421
4.422999999996361,46.74992879730884
4.423999999996359,46.80642453818501
4.4249999999963565,46.86316052142269
4.425999999996354,46.920136272349374
4.426999999996352,46.97735311488515
4.4279999999963495,47.034813696039635
4.428999999996347,47.09252132307788
4.429999999996345,47.150479206934776
4.4309999999963425,47.208689718516204
4.43199999999634,47.2671537624558
4.432999999996338,47.32587035610998
4.4339999999963355,47.384836472543704
4.434999999996333,47.44404716915454
4.435999999996331,47.50349598360478
4.4369999999963285,47.563175541402494
4.437999999996326,47.62307828992155
4.438999999996324,47.68319725593581
4.4399999999963216,47.743526720355824
4.440999999996319,47.80406271532671
4.441999999996317,47.86480327370806
4.442999999996315,47.92574839575387
4.443999999996312,47.98689973772269
4.44499999999631,48.04826006642365
4.445999999996308,48.1098325567674
4.446999999996305,48.17162003146098
4.447999999996303,48.2336242499415
4.448999999996301,48.29584534645223
4.449999999996298,48.35828149593778
4.450999999996296,48.420928854290565
4.451999999996294,48.48378178097449
4.452999999996291,48.546833312561816
4.453999999996289,48.610075820687754
4.454999999996287,48.673501762153364
4.455999999996284,48.737104415959074
4.456999999996282,48.80087850376661
4.45799999999628,48.86482060652226
4.458999999996277,48.928929318550594
4.459999999996275,48.993205117379524
4.460999999996273,49.05764996771411
4.46199999999627,49.12226671553336
4.462999999996268,49.18705835789865
4.463999999996266,49.25202729148312
4.464999999996263,49.317174645596964
4.465999999996261,49.38249979333074
4.466999999996259,49.448000109175986
4.467999999996256,49.513671006771084
4.468999999996254,49.579506251154946
4.469999999996252,49.645498501546655
4.470999999996249,49.71164000847733
4.471999999996247,49.77792336750051
4.472999999996245,49.84434222371739
4.473999999996242,49.910891828117904
4.47499999999624,49.977569367446655
4.475999999996238,50.04437402109296
4.476999999996235,50.11130673700257
4.477999999996233,50.17836975828947
4.478999999996231,50.2455659674627
4.479999999996228,50.31289814087418
4.480999999996226,50.3803682184967
4.481999999996224,50.44797669173948
4.482999999996221,50.51572219513814
4.483999999996219,50.58360135891979
4.484999999996217,50.65160894276906
4.485999999996214,50.71973823174631
4.486999999996212,50.78798163868706
4.48799999999621,50.85633142856775
4.488999999996207,50.924780463227414
4.489999999996205,50.99332286188863
4.490999999996203,51.061954484618084
4.4919999999962,51.13067317064003
4.492999999996198,51.19947869791234
4.493999999996196,51.26837246969406
4.494999999996193,51.33735697242665
4.495999999996191,51.40643508154055
4.496999999996189,51.475609313171425
4.497999999996186,51.54488112720971
4.498999999996184,51.614250379610944
4.499999999996182,51.68371500066089
4.500999999996179,51.753270944004576
4.501999999996177,51.82291241323901
4.502999999996175,51.8926323340428
4.503999999996172,51.96242300552471
4.50499999999617,52.03227683941366
4.505999999996168,52.10218708337739
4.506999999996165,52.172148426865206
4.507999999996163,52.24215740425259
4.508999999996161,52.31221253849478
4.509999999996158,52.38231420504475
4.510999999996156,52.45246423529168
4.511999999996154,52.52266531559257
4.512999999996151,52.59292026679651
4.513999999996149,52.66323130589981
4.514999999996147,52.733599393760976
4.515999999996144,52.80402376042989
4.516999999996142,52.87450167445629
4.51799999999614,52.945028488186594
4.518999999996137,53.01559795236675
4.519999999996135,53.08620275572742
4.520999999996133,53.15683521380093
4.5219999999961304,53.22748801034196
4.522999999996128,53.298154887288874
4.523999999996126,53.368831186307446
4.5249999999961235,53.43951416570587
4.525999999996121,53.51020304806942
4.526999999996119,53.580898791930224
4.5279999999961165,53.65160361977352
4.528999999996114,53.72232036910307
4.529999999996112,53.79305175820346
4.5309999999961095,53.863799670105735
4.531999999996107,53.934564555445185
4.532999999996105,54.00534503791973
4.5339999999961025,54.076137777404696
4.5349999999961,54.146937609556474
4.535999999996098,54.21773794202662
4.5369999999960955,54.288531351559
4.537999999996093,54.35931029817827
4.538999999996091,54.43006785627184
4.5399999999960885,54.50079835992233
4.540999999996086,54.571497871761544
4.541999999996084,54.64216440934504
4.5429999999960815,54.712797897158985
4.543999999996079,54.78339985108067
4.544999999996077,54.85397283992798
4.5459999999960745,54.92451980018558
4.546999999996072,54.99504330062367
4.54799999999607,55.0655448603812
4.5489999999960675,55.1360244162981
4.549999999996065,55.20648001405215
4.550999999996063,55.27690776607859
4.5519999999960605,55.34730208180813
4.552999999996058,55.417656137673475
4.553999999996056,55.48796252084429
4.5549999999960535,55.55821395637636
4.555999999996051,55.62840401574369
4.556999999996049,55.698527707235364
4.5579999999960465,55.76858186519199
4.558999999996044,55.838565283271485
4.559999999996042,55.90847857299837
4.5609999999960396,55.978323767634976
4.561999999996037,56.048103727384536
4.562999999996035,56.117821429945984
4.563999999996033,56.18747924646749
4.56499999999603,56.2570783047755
4.565999999996028,56.326618029207104
4.566999999996026,56.39609592133726
4.567999999996023,56.465507611981536
4.568999999996021,56.53484717682973
4.569999999996019,56.60410767122937
4.570999999996016,56.67328180903388
4.571999999996014,56.74236269028671
4.572999999996012,56.81134447561276
4.573999999996009,56.88022291257456
4.574999999996007,56.94899563995029
4.575999999996005,57.017662227102576
4.576999999996002,57.086223942946084
4.577999999996,57.154683287219484
4.578999999995998,57.223043350307485
4.579999999995995,57.29130709199632
4.580999999995993,57.3594766407831
4.581999999995991,57.42755271221841
4.582999999995988,57.49553422776378
4.583999999995986,57.5634181872944
4.584999999995984,57.63119981273504
4.585999999995981,57.698872942367814
4.586999999995979,57.76643062034121
4.587999999995977,57.833865798656376
4.588999999995974,57.90117205315403
4.589999999995972,57.96834421300468
4.59099999999597,58.03537881523677
4.591999999995967,58.10227432036367
4.592999999995965,58.16903105877103
4.593999999995963,58.23565091551332
4.59499999999596,58.30213679810827
4.595999999995958,58.368491962514824
4.596999999995956,58.43471929238214
4.597999999995953,58.5008206330196
4.598999999995951,58.5667962735762
4.599999999995949,58.632644649842554
4.600999999995946,58.69836230897475
4.601999999995944,58.76394414069482
4.602999999995942,58.82938384226852
4.603999999995939,58.89467455192718
4.604999999995937,58.95980956187664
4.605999999995935,59.0247830108707
4.606999999995932,59.08959045911449
4.60799999999593,59.154229264691956
4.608999999995928,59.218698708566684
4.609999999995925,59.282999850611134
4.610999999995923,59.3471351370775
4.611999999995921,59.41110781500547
4.612999999995918,59.47492123625166
4.613999999995916,59.53857814923276
4.614999999995914,59.602080077964715
4.615999999995911,59.66542687543771
4.616999999995909,59.7286165136601
4.617999999995907,59.79164513940416
4.618999999995904,59.85450738746594
4.619999999995902,59.91719690728385
4.6209999999959,59.97970702898602
4.621999999995897,60.042031475457605
4.622999999995895,60.10416502053105
4.623999999995893,60.16610400087899
4.62499999999589,60.22784660966226
4.625999999995888,60.28939293064196
4.626999999995886,60.350744708045774
4.627999999995883,60.41190488476767
4.628999999995881,60.472876974154005
4.629999999995879,60.53366435401781
4.630999999995876,60.59426958228293
4.631999999995874,60.65469383037062
4.632999999995872,60.71493651362011
4.633999999995869,60.774995170203006
4.634999999995867,60.834865605085604
4.635999999995865,60.89454227851898
4.636999999995862,60.954018884408406
4.63799999999586,61.01328903741846
4.638999999995858,61.072346972465496
4.639999999995855,61.131188158460816
4.640999999995853,61.18980974011786
4.641999999995851,61.24821074572222
4.6429999999958484,61.306392031689526
4.643999999995846,61.364355971835735
4.644999999995844,61.42210593531309
4.6459999999958415,61.479645626931536
4.646999999995839,61.536978382864994
4.647999999995837,61.594106520805155
4.6489999999958345,61.651030835693525
4.649999999995832,61.70775031147947
4.65099999999583,61.76426208889903
4.6519999999958275,61.82056169337922
4.652999999995825,61.87664349082394
4.653999999995823,61.93250130725894
4.6549999999958205,61.98812912543593
4.655999999995818,62.0435217607291
4.656999999995816,62.09867542148867
4.6579999999958135,62.153588075151966
4.658999999995811,62.208259568674535
4.659999999995809,62.26269148641717
4.6609999999958065,62.31688676564856
4.661999999995804,62.37084912401256
4.662999999995802,62.42458237974646
4.6639999999957995,62.47808976039366
4.664999999995797,62.53137329712494
4.665999999995795,62.584433389484204
4.6669999999957925,62.63726860124018
4.66799999999579,62.68987571552204
4.668999999995788,62.74225004112669
4.6699999999957855,62.79438592682335
4.670999999995783,62.84627741147876
4.671999999995781,62.897918918870154
4.6729999999957785,62.949305899769385
4.673999999995776,63.00043533120593
4.674999999995774,63.051306002799365
4.6759999999957715,63.101918549952046
4.676999999995769,63.1522752293554
4.677999999995767,63.20237946858242
4.6789999999957645,63.25223525338853
4.679999999995762,63.30184643910438
4.68099999999576,63.3512160830078
4.6819999999957576,63.40034589134746
4.682999999995755,63.44923585833044
4.683999999995753,63.497884147281795
4.684999999995751,63.54628723018808
4.685999999995748,63.594440265724494
4.686999999995746,63.642337662598734
4.687999999995744,63.68997374921627
4.688999999995741,63.73734345581204
4.689999999995739,63.7844429134202
4.690999999995737,63.831269885631464
4.691999999995734,63.87782397251903
4.692999999995732,63.92410655813722
4.69399999999573,63.970120509121955
4.694999999995727,64.0158696670118
4.695999999995725,64.06135820593614
4.696999999995723,64.10658994615532
4.69799999999572,64.15156771992257
4.698999999995718,64.19629287852091
4.699999999995716,64.24076500927136
4.700999999995713,64.28498190173664
4.701999999995711,64.32893976742896
4.702999999995709,64.37263368193786
4.703999999995706,64.41605818739492
4.704999999995704,64.4592079708352
4.705999999995702,64.50207852340468
4.706999999995699,64.54466668798725
4.707999999995697,64.5869710184175
4.708999999995695,64.62899189985353
4.709999999995692,64.67073141349624
4.71099999999569,64.71219296485206
4.711999999995688,64.75338072805354
4.712999999995685,64.79429898460243
4.713999999995683,64.83495144958708
4.714999999995681,64.87534067995749
4.715999999995678,64.91546764764114
4.716999999995676,64.95533153696127
4.717999999995674,64.99492979428827
4.718999999995671,65.03425842257782
4.719999999995669,65.07331247928978
4.720999999995667,65.1120867078456
4.721999999995664,65.15057621416133
4.722999999995662,65.18877709346825
4.72399999999566,65.2266869195444
4.724999999995657,65.2643050277176
4.725999999995655,65.30163255194654
4.726999999995653,65.33867221090594
4.72799999999565,65.37542787334232
4.728999999995648,65.4119039640639
4.729999999995646,65.44810479425176
4.730999999995643,65.48403391024054
4.731999999995641,65.51969355206799
4.732999999995639,65.55508429742743
4.733999999995636,65.59020494049842
4.734999999995634,65.62505262218201
4.735999999995632,65.65962319314907
4.736999999995629,65.69391175866242
4.737999999995627,65.7279133288174
4.738999999995625,65.76162348312917
4.739999999995622,65.79503895636587
4.74099999999562,65.82815806348607
4.741999999995618,65.86098090408477
4.742999999995615,65.89350931770235
4.743999999995613,65.92574659644076
4.744999999995611,65.95769699550127
4.745999999995608,65.98936511067753
4.746999999995606,66.02075521043018
4.747999999995604,66.0518706163416
4.748999999995601,66.08271321868611
4.749999999995599,66.11328319467202
4.750999999995597,66.14357896838187
4.751999999995594,66.17359741759202
4.752999999995592,66.20333429821176
4.75399999999559,66.23278482676915
4.754999999995587,66.261944339356
4.755999999995585,66.29080893475908
4.756999999995583,66.31937601168181
4.75799999999558,66.34764462473778
4.758999999995578,66.37561560929558
4.759999999995576,66.40329145775148
4.760999999995573,66.43067596478986
4.761999999995571,66.45777369172556
4.762999999995569,66.48458932540763
4.7639999999955664,66.51112702184342
4.764999999995564,66.53738982660816
4.765999999995562,66.56337925307369
4.7669999999955595,66.58909507716336
4.767999999995557,66.61453537692557
4.768999999995555,66.63969681099806
4.7699999999955525,66.66457509672942
4.77099999999555,66.68916562093099
4.771999999995548,66.71346409774753
4.7729999999955455,66.73746718154167
4.773999999995543,66.76117294893017
4.774999999995541,66.78458118239783
4.7759999999955385,66.8076934157515
4.776999999995536,66.83051273515912
4.777999999995534,66.85304336393104
4.7789999999955315,66.87529008961741
4.779999999995529,66.89725761408525
4.780999999995527,66.91894991788477
4.7819999999955245,66.9403697279543
4.782999999995522,66.96151816297804
4.78399999999552,66.98239460565075
4.7849999999955175,67.00299681929256
4.785999999995515,67.02332129214273
4.786999999995513,67.04336376095107
4.7879999999955105,67.06311984052357
4.788999999995508,67.08258567110873
4.789999999995506,67.10175849299094
4.7909999999955035,67.12063706779288
4.791999999995501,67.13922188743415
4.792999999995499,67.15751514150304
4.7939999999954965,67.1755204477763
4.794999999995494,67.19324238395625
4.795999999995492,67.2106858866284
4.7969999999954895,67.22785560199041
4.797999999995487,67.24475527947024
4.798999999995485,67.26138729308265
4.7999999999954825,67.2777523572365
4.80099999999548,67.29384947634975
4.801999999995478,67.30967613490546
4.8029999999954756,67.32522870105437
4.803999999995473,67.34050298713849
4.804999999995471,67.35549488867349
4.805999999995469,67.37020101236146
4.806999999995466,67.38461920522049
4.807999999995464,67.39874891069277
4.808999999995462,67.41259130183445
4.809999999995459,67.42614917299748
4.810999999995457,67.43942660538751
4.811999999995455,67.4524284536954
4.812999999995452,67.46515972609991
4.81399999999545,67.47762494478216
4.814999999995448,67.48982757659701
4.815999999995445,67.50176961346399
4.816999999995443,67.51345136086397
4.817999999995441,67.52487146360818
4.818999999995438,67.53602716489488
4.819999999995436,67.54691476216047
4.820999999995434,67.55753019584856
4.821999999995431,67.56786968871036
4.822999999995429,67.57793034618119
4.823999999995427,67.5877106337775
4.824999999995424,67.59721066463524
4.825999999995422,67.60643225692165
4.82699999999542,67.61537875318521
4.827999999995417,67.62405462720443
4.828999999995415,67.63246493376637
4.829999999995413,67.64061467879836
4.83099999999541,67.64850819830313
4.831999999995408,67.65614863306229
4.832999999995406,67.66353757242211
4.833999999995403,67.67067491662793
4.834999999995401,67.67755897654263
4.835999999995399,67.68418679646379
4.836999999995396,67.69055465468142
4.837999999995394,67.69665867169674
4.838999999995392,67.70249544101536
4.839999999995389,67.70806259425227
4.840999999995387,67.71335922142613
4.841999999995385,67.71838608756825
4.842999999995382,67.72314561533393
4.84399999999538,67.72764163620428
4.844999999995378,67.73187894541063
4.845999999995375,67.73586272328137
4.846999999995373,67.7395979043744
4.847999999995371,67.74308858289108
4.848999999995368,67.74633753753947
4.849999999995366,67.74934594205845
4.850999999995364,67.75211330149943
4.851999999995361,67.75463762277556
4.852999999995359,67.75691579532912
4.853999999995357,67.75894412853002
4.854999999995354,67.7607189706045
4.855999999995352,67.76223732252701
4.85699999999535,67.76349736096773
4.857999999995347,67.76449879707263
4.858999999995345,67.76524302082302
4.859999999995343,67.76573301081498
4.86099999999534,67.76597302228924
4.861999999995338,67.76596809741089
4.862999999995336,67.76572346673812
4.863999999995333,67.76524392596353
4.864999999995331,67.76453327527334
4.865999999995329,67.76359389965212
4.866999999995326,67.762426548529
4.867999999995324,67.76103034517935
4.868999999995322,67.75940302419917
4.869999999995319,67.75754136359654
4.870999999995317,67.75544175097272
4.871999999995315,67.75310080459775
4.872999999995312,67.75051596251504
4.87399999999531,67.7476859572355
4.874999999995308,67.7446111095498
4.875999999995305,67.74129340031989
4.876999999995303,67.73773631029468
4.877999999995301,67.73394445060921
4.878999999995298,67.72992303603577
4.879999999995296,67.72567727508566
4.880999999995294,67.72121176257136
4.881999999995291,67.71652995967126
4.882999999995289,67.71163383405228
4.883999999995287,67.70652371003388
4.8849999999952844,67.70119834934782
4.885999999995282,67.69565525086827
4.88699999999528,67.68989112720696
4.8879999999952775,67.68390249146367
4.888999999995275,67.67768627208197
4.889999999995273,67.67124036981265
4.8909999999952705,67.66456407883027
4.891999999995268,67.6576583130328
4.892999999995266,67.65052560586277
4.8939999999952635,67.6431698838004
4.894999999995261,67.63559604550224
4.895999999995259,67.62780940585911
4.8969999999952565,67.61981508310497
4.897999999995254,67.61161741493966
4.898999999995252,67.60321948532132
4.8999999999952495,67.5946228278748
4.900999999995247,67.58582734701952
4.901999999995245,67.57683146745887
4.9029999999952425,67.56763249084455
4.90399999999524,67.5582271095966
4.904999999995238,67.5486120060053
4.9059999999952355,67.53878445283783
4.906999999995233,67.5287428314436
4.907999999995231,67.51848699482431
4.9089999999952285,67.50801842483592
4.909999999995226,67.49734016155324
4.910999999995224,67.48645651485843
4.9119999999952215,67.47537259891335
4.912999999995219,67.46409375503228
4.913999999995217,67.45262494400876
4.9149999999952145,67.44097019304567
4.915999999995212,67.42913217455875
4.91699999999521,67.4171119754701
4.9179999999952075,67.4049090888692
4.918999999995205,67.39252162885354
4.919999999995203,67.37994673827185
4.9209999999952005,67.3671811322603
4.921999999995198,67.35422170156579
4.922999999995196,67.34106609129559
4.9239999999951936,67.32771317412619
4.924999999995191,67.31416335172898
4.925999999995189,67.30041864220753
4.926999999995187,67.28648254138704
4.927999999995184,67.27235967757417
4.928999999995182,67.2580553084275
4.92999999999518,67.24357473068827
4.930999999995177,67.22892268562029
4.931999999995175,67.21410284339089
4.932999999995173,67.19911743835556
4.93399999999517,67.18396710592253
4.934999999995168,67.16865094342906
4.935999999995166,67.15316678619739
4.936999999995163,67.13751165998482
4.937999999995161,67.12168234651078
4.938999999995159,67.1056759829912
4.939999999995156,67.08949061184953
4.940999999995154,67.07312560368314
4.941999999995152,67.05658189426669
4.942999999995149,67.03986200242403
4.943999999995147,67.02296982637537
4.944999999995145,67.00591024729842
4.945999999995142,66.98868859591921
4.94699999999514,66.97131005708943
4.947999999995138,66.9537790958545
4.948999999995135,66.936098985284
4.949999999995133,66.91827150188135
4.950999999995131,66.90029683081532
4.951999999995128,66.88217369385536
4.952999999995126,66.86389968184942
4.953999999995124,66.8454717451151
4.954999999995121,66.826886773157
4.955999999995119,66.80814218266093
4.956999999995117,66.78923643153446
4.957999999995114,66.77016938705208
4.958999999995112,66.75094249655444
4.95999999999511,66.731558736841
4.960999999995107,66.71202234947724
4.961999999995105,66.69233839933447
4.962999999995103,66.67251221846678
4.9639999999951,66.65254881343121
4.964999999995098,66.63245231909592
4.965999999995096,66.61222557526209
4.966999999995093,66.59186988504078
4.967999999995091,66.57138498841161
4.968999999995089,66.55076925432193
4.969999999995086,66.53002006423851
4.970999999995084,66.50913433343082
4.971999999995082,66.48810909709982
4.972999999995079,66.46694207941025
4.973999999995077,66.44563216583211
4.974999999995075,66.4241797126768
4.975999999995072,66.40258665048769
4.97699999999507,66.38085636687188
4.977999999995068,66.35899338534958
4.978999999995065,66.33700288545312
4.979999999995063,66.3148901315575
4.980999999995061,66.29265989060141
4.981999999995058,66.27031592022541
4.982999999995056,66.24786059878475
4.983999999995054,66.22529474867605
4.984999999995051,66.20261767732171
4.985999999995049,66.17982742977796
4.986999999995047,66.15692121746348
4.987999999995044,66.13389596301319
4.988999999995042,66.11074888508709
4.98999999999504,66.08747804137101
4.990999999995037,66.06408275380043
4.991999999995035,66.0405638564713
4.992999999995033,66.01692373153926
4.99399999999503,65.99316612816445
4.994999999995028,65.96929579005274
4.995999999995026,65.94531794401617
4.996999999995023,65.92123772142604
4.997999999995021,65.89705959369546
4.998999999995019,65.87278690076693
4.999999999995016,65.84842153835328
5.000999999995014,65.82396384734565
5.001999999995012,65.79941272050178
5.002999999995009,65.77476591123371
5.003999999995007,65.75002050118586
5.004999999995005,65.72517346120364
5.0059999999950024,65.70022222727624
5.006999999995,65.67516521091625
5.007999999994998,65.65000217254925
5.0089999999949955,65.62473440563409
5.009999999994993,65.59936470575353
5.010999999994991,65.5738971291229
5.0119999999949885,65.54833657454866
5.012999999994986,65.5226882476487
5.013999999994984,65.49695708257612
5.0149999999949815,65.4711472022942
5.015999999994979,65.44526149283806
5.016999999994977,65.4193013508691
5.0179999999949745,65.39326663948891
5.018999999994972,65.36715585816656
5.01999999999497,65.34096650280294
5.0209999999949675,65.3146955654943
5.021999999994965,65.28834010412277
5.022999999994963,65.2618978021468
5.0239999999949605,65.23536744030005
5.024999999994958,65.2087492141738
5.025999999994956,65.1820448532125
5.0269999999949535,65.15525752450931
5.027999999994951,65.12839153501137
5.028999999994949,65.1014518740774
5.0299999999949465,65.07444366070364
5.030999999994944,65.04737157300379
5.031999999994942,65.02023933984009
5.0329999999949395,64.99304936560412
5.033999999994937,64.9658025403472
5.034999999994935,64.93849826147695
5.0359999999949325,64.91113466369443
5.03699999999493,64.883709024846
5.037999999994928,64.85621829089207
5.0389999999949255,64.82865964660598
5.039999999994923,64.80103105221485
5.040999999994921,64.77333167091201
5.0419999999949185,64.74556212738258
5.042999999994916,64.71772456114638
5.043999999994914,64.68982246731761
5.0449999999949116,64.66186034724535
5.045999999994909,64.63384321820647
5.046999999994907,64.60577605105384
5.047999999994905,64.57766321469681
5.048999999994902,64.54950800515148
5.0499999999949,64.52131232486612
5.050999999994898,64.49307655687046
5.051999999994895,64.46479965101965
5.052999999994893,64.43647941002104
5.053999999994891,64.4081129351176
5.054999999994888,64.37969716909468
5.055999999994886,64.35122946070028
5.056999999994884,64.32270807156048
5.057999999994881,64.29413255465258
5.058999999994879,64.26550395133752
5.059999999994877,64.2368247793748
5.060999999994874,64.2080988136932
5.061999999994872,64.179330690808
5.06299999999487,64.15052539253566
5.063999999994867,64.12168768151372
5.064999999994865,64.09282156765535
5.065999999994863,64.06392988013997
5.06699999999486,64.03501400459639
5.067999999994858,64.00607382192379
5.068999999994856,63.9771078570014
5.069999999994853,63.948113616282505
5.070999999994851,63.919088066981665
5.071999999994849,63.89002819085265
5.072999999994846,63.86093153515027
5.073999999994844,63.831796683716284
5.074999999994842,63.80262358225734
5.075999999994839,63.773413672256524
5.076999999994837,63.744169814804344
5.077999999994835,63.71489601512988
5.078999999994832,63.685596986625086
5.07999999999483,63.656277615661715
5.080999999994828,63.62694240232473
5.081999999994825,63.597594955407324
5.082999999994823,63.56823761222315
5.083999999994821,63.538871236166266
5.084999999994818,63.50949522002011
5.085999999994816,63.480107694275226
5.086999999994814,63.45070591115723
5.087999999994811,63.42128675061962
5.088999999994809,63.391847277565205
5.089999999994807,63.362385272395976
5.090999999994804,63.33289966067491
5.091999999994802,63.30339078174222
5.0929999999948,63.2738604586668
5.093999999994797,63.24431185978877
5.094999999994795,63.214749171387275
5.095999999994793,63.185177127537884
5.09699999999479,63.15560046323542
5.097999999994788,63.12602336749881
5.098999999994786,63.0964490130157
5.099999999994783,63.066879227981495
5.100999999994781,63.03731435575908
5.101999999994779,63.00775332168193
5.102999999994776,62.97819389741582
5.103999999994774,62.948633125788945
5.104999999994772,62.919067846663715
5.105999999994769,62.889495250343764
5.106999999994767,62.85991338113742
5.107999999994765,62.83032152061001
5.108999999994762,62.80072039685894
5.10999999999476,62.77111219050617
5.110999999994758,62.74150033664901
5.111999999994755,62.71188915066878
5.112999999994753,62.68228333054086
5.113999999994751,62.652687405546054
5.114999999994748,62.62310520868373
5.115999999994746,62.59353944657945
5.116999999994744,62.56399142686956
5.117999999994741,62.534460980908
5.118999999994739,62.50494659231866
5.119999999994737,62.475445713214945
5.120999999994734,62.445955223782505
5.121999999994732,62.41647197096696
5.12299999999473,62.38699331096279
5.123999999994727,62.357517579639726
5.124999999994725,62.328044425062444
5.125999999994723,62.298574955531656
5.1269999999947204,62.26911168243697
5.127999999994718,62.23965826602355
5.128999999994716,62.21021909987053
5.1299999999947135,62.18079879250466
5.130999999994711,62.1514016189265
5.131999999994709,62.122031018901595
5.1329999999947065,62.09268921214132
5.133999999994704,62.06337698398387
5.134999999994702,62.03409367126404
5.1359999999946995,62.00483735008393
5.136999999994697,61.975605199065
5.137999999994695,61.94639398723725
5.1389999999946925,61.91720061835882
5.13999999999469,61.88802265557699
5.140999999994688,61.85885875303213
5.1419999999946855,61.82970893398391
5.142999999994683,61.80057467650078
5.143999999994681,61.77145879474836
5.1449999999946785,61.74236513263017
5.145999999994676,61.7132981128907
5.146999999994674,61.68426220505259
5.1479999999946715,61.655261386841964
5.148999999994669,61.62629867451601
5.149999999994667,61.59737578768232
5.1509999999946645,61.56849299524931
5.151999999994662,61.539649163766455
5.15299999999466,61.51084200116585
5.1539999999946575,61.482068461693444
5.154999999994655,61.453325255388194
5.155999999994653,61.42460939089142
5.1569999999946505,61.39591867569249
5.157999999994648,61.36725210381282
5.158999999994646,61.33861007663808
5.1599999999946435,61.30999442597111
5.160999999994641,61.281408236141125
5.161999999994639,61.25285549022879
5.1629999999946365,61.224340590173895
5.163999999994634,61.19586781817976
5.164999999994632,61.167440814940115
5.1659999999946296,61.13906214770101
5.166999999994627,61.11073302842279
5.167999999994625,61.08245322120646
5.168999999994623,61.054221151660514
5.16999999999462,61.026034202717575
5.170999999994618,60.99788915545147
5.171999999994616,60.96978271325137
5.172999999994613,60.94171203608723
5.173999999994611,60.91367521015006
5.174999999994609,60.8856715871373
5.175999999994606,60.85770194566636
5.176999999994604,60.82976845222117
5.177999999994602,60.801874427187364
5.178999999994599,60.77402394891868
5.179999999994597,60.74622135150371
5.180999999994595,60.71847068675274
5.181999999994592,60.690775225805595
5.18299999999459,60.663137070049004
5.183999999994588,60.63555692557932
5.184999999994585,60.608034072485694
5.185999999994583,60.58056653300257
5.186999999994581,60.5531514148537
5.187999999994578,60.525785381723765
5.188999999994576,60.49846518508665
5.189999999994574,60.47118818304504
5.190999999994571,60.44395277360424
5.191999999994569,60.4167586817287
5.192999999994567,60.3896070599671
5.193999999994564,60.362500388585666
5.194999999994562,60.335442189300714
5.19599999999456,60.308436592900925
5.196999999994557,60.28148782152462
5.197999999994555,60.254599658246946
5.198999999994553,60.22777497826686
5.19999999999455,60.20101540718862
5.200999999994548,60.17432115397557
5.201999999994546,60.14769104167272
5.202999999994543,60.12112273137525
5.203999999994541,60.094613108000544
5.204999999994539,60.06815877389145
5.205999999994536,60.04175658125452
5.206999999994534,60.01540412898964
5.207999999994532,59.9891001543949
5.208999999994529,59.96284476490043
5.209999999994527,59.936639477369155
5.210999999994525,59.91048705951732
5.211999999994522,59.88439119579184
5.21299999999452,59.85835602471058
5.213999999994518,59.832385612660765
5.214999999994515,59.80648343795772
5.215999999994513,59.78065195737757
5.216999999994511,59.75489231567018
5.217999999994508,59.729204238444375
5.218999999994506,59.70358612315037
5.219999999994504,59.678035315240926
5.220999999994501,59.65254853080359
5.221999999994499,59.62712236656303
5.222999999994497,59.601753825965034
5.223999999994494,59.57644078776897
5.224999999994492,59.55118235158238
5.22599999999449,59.52597901193285
5.226999999994487,59.50083263651695
5.227999999994485,59.47574625173914
5.228999999994483,59.45072366574366
5.22999999999448,59.425768981939214
5.230999999994478,59.40088607133105
5.231999999994476,59.376078077628065
5.232999999994473,59.3513470243401
5.233999999994471,59.32669357865921
5.234999999994469,59.30211700489927
5.235999999994466,59.27761531376143
5.236999999994464,59.25318558639057
5.237999999994462,59.22882442784718
5.238999999994459,59.204528486595756
5.239999999994457,59.18029496738983
5.240999999994455,59.15612206581323
5.241999999994452,59.13200926365426
5.24299999999445,59.10795744373198
5.243999999994448,59.083968808121234
5.244999999994445,59.06004661132431
5.245999999994443,59.036194745941394
5.246999999994441,59.01241723907132
5.2479999999944384,58.98871773012723
5.248999999994436,58.96509900321568
5.249999999994434,58.94156263942911
5.2509999999944315,58.91810883748626
5.251999999994429,58.894736427551024
5.252999999994427,58.87144307607376
5.2539999999944245,58.84822565288158
5.254999999994422,58.82508070914919
5.25599999999442,58.80200499943457
5.2569999999944175,58.77899597479373
5.257999999994415,58.756052177978724
5.258999999994413,58.73317348539077
5.2599999999944105,58.710361161893786
5.260999999994408,58.687617720859315
5.261999999994406,58.664946609166044
5.2629999999944035,58.642351761466216
5.263999999994401,58.61983708634062
5.264999999994399,58.59740595642527
5.2659999999943965,58.57506077388595
5.266999999994394,58.552802671915146
5.267999999994392,58.530631393781285
5.2689999999943895,58.50854536609759
5.269999999994387,58.48654195586532
5.270999999994385,58.46461787525116
5.2719999999943825,58.442769677484925
5.27299999999438,58.4209942745531
5.273999999994378,58.39928940430157
5.2749999999943755,58.37765398157341
5.275999999994373,58.35608828421909
5.276999999994371,58.334593947927154
5.2779999999943685,58.31317377066948
5.278999999994366,58.29183135429568
5.279999999994364,58.27057063367876
5.2809999999943615,58.24939535953065
5.281999999994359,58.22830860740108
5.282999999994357,58.207312381545776
5.2839999999943545,58.18640736892718
5.284999999994352,58.165592877515614
5.28599999999435,58.1448669672793
5.2869999999943476,58.12422675537674
5.287999999994345,58.10366885280375
5.288999999994343,58.08318987143866
5.289999999994341,58.062786930603124
5.290999999994338,58.042458092287745
5.291999999994336,58.02220266411601
5.292999999994334,58.002021327621435
5.293999999994331,57.98191607388413
5.294999999994329,57.961889955635336
5.295999999994327,57.94194669071497
5.296999999994324,57.922090172621175
5.297999999994322,57.902323956859554
5.29899999999432,57.88265079505059
5.299999999994317,57.86307228192722
5.300999999994315,57.843588664409914
5.301999999994313,57.82419883921645
5.30299999999431,57.80490053911499
5.303999999994308,57.785690681635714
5.304999999994306,57.76656583143361
5.305999999994303,57.747522711657176
5.306999999994301,57.72855869282539
5.307999999994299,57.709672190817706
5.308999999994296,57.69086291825262
5.309999999994294,57.672131954049846
5.310999999994292,57.65348162147036
5.311999999994289,57.63491519183131
5.312999999994287,57.61643645557981
5.313999999994285,57.59804922098781
5.314999999994282,57.579756810803474
5.31599999999428,57.5615616273353
5.316999999994278,57.543464846713924
5.317999999994275,57.52546628488785
5.318999999994273,57.50756445384782
5.319999999994271,57.48975680001458
5.320999999994268,57.47204009134595
5.321999999994266,57.45441089900518
5.322999999994264,57.43686610625135
5.323999999994261,57.4194033733873
5.324999999994259,57.4020214937046
5.325999999994257,57.38472059057931
5.326999999994254,57.36750212812479
5.327999999994252,57.350368733967365
5.32899999999425,57.333323859107544
5.329999999994247,57.31637132269783
5.330999999994245,57.29951480567696
5.331999999994243,57.282757364260334
5.33299999999424,57.26610103136198
5.333999999994238,57.24954656156935
5.334999999994236,57.23309335511045
5.335999999994233,57.21673957120809
5.336999999994231,57.200482414788965
5.337999999994229,57.18431855637265
5.338999999994226,57.16824462641407
5.339999999994224,57.15225771498333
5.340999999994222,57.13635580688985
5.341999999994219,57.12053809135021
5.342999999994217,57.10480510282347
5.343999999994215,57.08915867330922
5.344999999994212,57.073601702871926
5.34599999999421,57.05813778069051
5.346999999994208,57.04277070990574
5.347999999994205,57.02750400297058
5.348999999994203,57.01234041822127
5.349999999994201,56.99728160246505
5.350999999994198,56.98232788940849
5.351999999994196,56.96747828187513
5.352999999994194,56.95273062007568
5.353999999994191,56.93808191224406
5.354999999994189,56.92352878134454
5.355999999994187,56.9090679653835
5.356999999994184,56.8946968013625
5.357999999994182,56.88041362516754
5.35899999999418,56.86621803140335
5.359999999994177,56.85211095678476
5.360999999994175,56.83809457543511
5.361999999994173,56.82417202087035
5.36299999999417,56.81034697378231
5.363999999994168,56.79662317354817
5.364999999994166,56.78300392200919
5.365999999994163,56.76949164901577
5.366999999994161,56.75608760043563
5.367999999994159,56.74279169206702
5.3689999999941564,56.72960254964714
5.369999999994154,56.71651772915143
5.370999999994152,56.703534086454844
5.3719999999941495,56.69064824461862
5.372999999994147,56.677857093462315
5.373999999994145,56.6651582515533
5.3749999999941425,56.652550425962275
5.37599999999414,56.64003361941012
5.376999999994138,56.62760915579449
5.3779999999941355,56.61527952058097
5.378999999994133,56.60304803854556
5.379999999994131,56.59091843419183
5.3809999999941285,56.57889433659141
5.381999999994126,56.56697879809445
5.382999999994124,56.555173894269686
5.3839999999941215,56.54348046091956
5.384999999994119,56.53189800473416
5.385999999994117,56.520424799843035
5.3869999999941145,56.50905815657096
5.387999999994112,56.49779482471798
5.38899999999411,56.486631474941554
5.3899999999941075,56.47556519092603
5.390999999994105,56.46459390349027
5.391999999994103,56.45371670586812
5.3929999999941005,56.442934006002446
5.393999999994098,56.432247494541144
5.394999999994096,56.42165993308487
5.3959999999940935,56.41117479251177
5.396999999994091,56.40079579221909
5.397999999994089,56.39052640498242
5.3989999999940865,56.380369396834666
5.399999999994084,56.370326466314985
5.400999999994082,56.3603980333951
5.4019999999940795,56.35058320737349
5.402999999994077,56.340879937994984
5.403999999994075,56.33128532850311
5.4049999999940725,56.32179606676611
5.40599999999407,56.31240891417399
5.406999999994068,56.30312118392889
5.4079999999940656,56.29393114180481
5.408999999994063,56.284838273264455
5.409999999994061,56.275843379520516
5.410999999994059,56.2669484891124
5.411999999994056,56.258156597491876
5.412999999994054,56.24947127126127
5.413999999994052,56.24089617268763
5.414999999994049,56.232434571230286
5.415999999994047,56.224088910506694
5.416999999994045,56.21586049121654
5.417999999994042,56.20774931419585
5.41899999999404,56.19975410531322
5.419999999994038,56.19187251851684
5.420999999994035,56.18410148849649
5.421999999994033,56.176437683587636
5.422999999994031,56.16887799556965
5.423999999994028,56.16141999784535
5.424999999994026,56.15406230787795
5.425999999994024,56.14680480312782
5.426999999994021,56.13964866024494
5.427999999994019,56.132596212084046
5.428999999994017,56.125650642690125
5.429999999994014,56.118815563164425
5.430999999994012,56.11209452800379
5.43199999999401,56.105490559759716
5.432999999994007,56.09900574856915
5.433999999994005,56.092640982478486
5.434999999994003,56.086395846078034
5.435999999994,56.08026870138797
5.436999999993998,56.07425693948996
5.437999999993996,56.068357367600186
5.438999999993993,56.062566677410764
5.439999999993991,56.056881929190304
5.440999999993989,56.05130098391383
5.441999999993986,56.04582282292511
5.442999999993984,56.04044771035357
5.443999999993982,56.03517717554627
5.444999999993979,56.03001381805001
5.445999999993977,56.02496096260385
5.446999999993975,56.020022212659434
5.447999999993972,56.01520096514174
5.44899999999397,56.01049995447629
5.449999999993968,56.00592088968272
5.450999999993965,56.00146423516276
5.451999999993963,55.99712916562499
5.452999999993961,55.99291370122213
5.453999999993958,55.98881500383079
5.454999999993956,55.98482979294484
5.455999999993954,55.98095482299176
5.456999999993951,55.9771873552945
5.457999999993949,55.973525558634755
5.458999999993947,55.969968782318546
5.459999999993944,55.966517663497065
5.460999999993942,55.96317405372701
5.46199999999394,55.95994077516423
5.462999999993937,55.956821240699654
5.463999999993935,55.95381899144583
5.464999999993933,55.95093721650468
5.46599999999393,55.948178322311534
5.466999999993928,55.94554361176852
5.467999999993926,55.94303311788917
5.468999999993923,55.94064561499672
5.469999999993921,55.93837880569717
5.470999999993919,55.93622965733163
5.471999999993916,55.93419484078059
5.472999999993914,55.93227121022665
5.473999999993912,55.93045625675158
5.474999999993909,55.928748472270605
5.475999999993907,55.92714757283461
5.476999999993905,55.92565455001124
5.477999999993902,55.924271543199836
5.4789999999939,55.92300155088275
5.479999999993898,55.92184802144337
5.480999999993895,55.9208143810559
5.481999999993893,55.91990356490115
5.482999999993891,55.91911761735999
5.483999999993888,55.91845741704499
5.484999999993886,55.917922564945776
5.485999999993884,55.91751145110785
5.486999999993881,55.91722149032249
5.487999999993879,55.91704949373844
5.488999999993877,55.916992124369656
5.4899999999938744,55.917046372760296
5.490999999993872,55.91720998625018
5.49199999999387,55.91748179172522
5.4929999999938675,55.91786186663927
5.493999999993865,55.918351534353064
5.494999999993863,55.91895318451035
5.4959999999938605,55.91966994375405
5.496999999993858,55.920505243100294
5.497999999993856,55.92146234275282
5.4989999999938535,55.922543881003406
5.499999999993851,55.923751510360255
5.500999999993849,55.92508567169541
5.5019999999938465,55.92654553780171
5.502999999993844,55.92812913403327
5.503999999993842,55.92983361897997
5.5049999999938395,55.93165568581808
5.505999999993837,55.93359202815642
5.506999999993835,55.93563980519374
5.5079999999938325,55.93779704107373
5.50899999999383,55.94006290250201
5.509999999993828,55.94243781572604
5.5109999999938255,55.944923406508735
5.511999999993823,55.94752227159703
5.512999999993821,55.95023761385934
5.5139999999938185,55.95307279240519
5.514999999993816,55.9560308508622
5.515999999993814,55.95911408994429
5.5169999999938115,55.96232374409926
5.517999999993809,55.96565980733317
5.518999999993807,55.96912103236519
5.5199999999938045,55.97270510302362
5.520999999993802,55.97640895561808
5.5219999999938,55.980229204255366
5.5229999999937975,55.98416261057124
5.523999999993795,55.98820653214182
5.524999999993793,55.99235928678865
5.5259999999937905,55.996620381740144
5.526999999993788,56.00099057553966
5.527999999993786,56.00547176406573
5.5289999999937836,56.010066706744375
5.529999999993781,56.01477863148993
5.530999999993779,56.019610773915474
5.531999999993777,56.02456591549479
5.532999999993774,56.02964598539149
5.533999999993772,56.03485178161248
5.53499999999377,56.04018285033015
5.535999999993767,56.045637540043806
5.536999999993765,56.051213222808684
5.537999999993763,56.05690665145917
5.53899999999376,56.062714402790476
5.539999999993758,56.068633344676165
5.540999999993756,56.0746610617302
5.541999999993753,56.080796179899316
5.542999999993751,56.08703854449943
5.543999999993749,56.09338922674807
5.544999999993746,56.0998503579417
5.545999999993744,56.10642481464176
5.546999999993742,56.113115799166884
5.547999999993739,56.11992637434956
5.548999999993737,56.12685901783667
5.549999999993735,56.133915258346384
5.550999999993732,56.14109544468854
5.55199999999373,56.14839867967924
5.552999999993728,56.15582292798221
5.553999999993725,56.16336528262026
5.554999999993723,56.171022352767004
5.555999999993721,56.17879071851684
5.556999999993718,56.18666738898279
5.557999999993716,56.194650199576735
5.558999999993714,56.20273809281821
5.559999999993711,56.21093124330939
5.560999999993709,56.219231009385005
5.561999999993707,56.227639718289666
5.562999999993704,56.23616031514286
5.563999999993702,56.24479592506921
5.5649999999937,56.253549390010484
5.565999999993697,56.262422845180396
5.566999999993695,56.27141739443971
5.567999999993693,56.2805329298966
5.56899999999369,56.289768120776664
5.569999999993688,56.299120572922796
5.570999999993686,56.308587136459124
5.571999999993683,56.31816431849052
5.572999999993681,56.32784874306067
5.573999999993679,56.33763759397744
5.574999999993676,56.34752897849048
5.575999999993674,56.35752216085758
5.576999999993672,56.36761763306083
5.577999999993669,56.37781701280018
5.578999999993667,56.38812278315918
5.579999999993665,56.398537910600226
5.580999999993662,56.40906539500667
5.58199999999366,56.41970781496466
5.582999999993658,56.43046693202686
5.583999999993655,56.44134340930636
5.584999999993653,56.45233668363414
5.585999999993651,56.46344500896721
5.586999999993648,56.474665664788496
5.587999999993646,56.485995300210966
5.588999999993644,56.497430365576484
5.589999999993641,56.508967571122746
5.590999999993639,56.52060430849909
5.591999999993637,56.53233897608152
5.592999999993634,56.5441711624826
5.593999999993632,56.556101662544776
5.59499999999363,56.56813232361562
5.595999999993627,56.58026574378915
5.596999999993625,56.592504864574934
5.597999999993623,56.60485251526537
5.59899999999362,56.617310972956446
5.599999999993618,56.62988159986447
5.600999999993616,56.64256460862712
5.601999999993613,56.65535898826415
5.602999999993611,56.668262600961064
5.603999999993609,56.68127243596423
5.604999999993606,56.69438498495699
5.605999999993604,56.70759668633742
5.606999999993602,56.720904376194355
5.607999999993599,56.734305682826495
5.608999999993597,56.74779930951118
5.609999999993595,56.76138516588993
5.6109999999935924,56.77506432956022
5.61199999999359,56.78883884333691
5.612999999993588,56.802711376743716
5.6139999999935855,56.81668479936941
5.614999999993583,56.83076172604477
5.615999999993581,56.84494409765711
5.6169999999935785,56.85923285629879
5.617999999993576,56.87362776011331
5.618999999993574,56.888127363574526
5.6199999999935715,56.902729165766445
5.620999999993569,56.91742990577193
5.621999999993567,56.93222596374671
5.6229999999935645,56.947113811512885
5.623999999993562,56.962090449578014
5.62499999999356,56.977153769358246
5.6259999999935575,56.99230278983972
5.626999999993555,57.00753773549347
5.627999999993553,57.02285994455324
5.6289999999935505,57.03827162061306
5.629999999993548,57.053775462522786
5.630999999993546,57.06937422465034
5.6319999999935435,57.085070269280834
5.632999999993541,57.100865173929975
5.633999999993539,57.11675944851971
5.6349999999935365,57.132752401873375
5.635999999993534,57.14884217602962
5.636999999993532,57.165025943393566
5.6379999999935295,57.18130023901129
5.638999999993527,57.1976613813974
5.639999999993525,57.21410592298641
5.6409999999935225,57.230631067120065
5.64199999999352,57.24723499314413
5.642999999993518,57.26391704403048
5.6439999999935155,57.28067775022681
5.644999999993513,57.29751868643307
5.645999999993511,57.31444218150393
5.6469999999935085,57.33145092231681
5.647999999993506,57.348547507315295
5.648999999993504,57.36573401241589
5.6499999999935016,57.383011630125296
5.650999999993499,57.40038043232793
5.651999999993497,57.417839289795864
5.652999999993495,57.435385959500074
5.653999999993492,57.45301732734168
5.65499999999349,57.4707297722274
5.655999999993488,57.48851960048171
5.656999999993485,57.5063834897565
5.657999999993483,57.52431888025856
5.658999999993481,57.54232425845621
5.659999999993478,57.56039929348388
5.660999999993476,57.5785448071358
5.661999999993474,57.596762581718515
5.662999999993471,57.61505503284642
5.663999999993469,57.63342479323179
5.664999999993467,57.651874265976666
5.665999999993464,57.670405210067415
5.666999999993462,57.68901841613674
5.66799999999346,57.707713517796606
5.668999999993457,57.726488964785595
5.669999999993455,57.745342161511424
5.670999999993453,57.764269751454165
5.67199999999345,57.78326800754029
5.672999999993448,57.802333273805154
5.673999999993446,57.82146239648708
5.674999999993443,57.84065308415124
5.675999999993441,57.85990414635935
5.676999999993439,57.87921557741845
5.677999999993436,57.89858847348824
5.678999999993434,57.918024794767774
5.679999999993432,57.93752700625569
5.680999999993429,57.957097647634164
5.681999999993427,57.976738892715126
5.682999999993425,57.99645216025642
5.683999999993422,58.01623783062973
5.68499999999342,58.03609510788851
5.685999999993418,58.056022046370224
5.686999999993415,58.07601573793985
5.687999999993413,58.09607263353966
5.688999999993411,58.11618895397118
5.689999999993408,58.13636113237368
5.690999999993406,58.15658622641385
5.691999999993404,58.17686224242565
5.692999999993401,58.19718832604306
5.693999999993399,58.217564792598075
5.694999999993397,58.23799299306646
5.695999999993394,58.258475034465754
5.696999999993392,58.279013394086576
5.69799999999339,58.29961048181029
5.698999999993387,58.32026821199239
5.699999999993385,58.34098764493812
5.700999999993383,58.3617687481201
5.70199999999338,58.38261031042852
5.702999999993378,58.40351002127954
5.703999999993376,58.42446470335193
5.704999999993373,58.44547066627053
5.705999999993371,58.46652413167283
5.706999999993369,58.487621670119694
5.707999999993366,58.508760588637735
5.708999999993364,58.52993921456812
5.709999999993362,58.55115703591406
5.710999999993359,58.57241467851699
5.711999999993357,58.593713723333416
5.712999999993355,58.61505638956117
5.713999999993352,58.63644512822834
5.71499999999335,58.65788218338553
5.715999999993348,58.67936918250647
5.716999999993345,58.70090681349385
5.717999999993343,58.72249463343484
5.718999999993341,58.74413103572779
5.719999999993338,58.76581338000786
5.720999999993336,58.78753826654559
5.721999999993334,58.80930191662244
5.722999999993331,58.831100605589775
5.723999999993329,58.85293108795159
5.724999999993327,58.874790954904306
5.725999999993324,58.89667887420685
5.726999999993322,58.91859467874073
5.72799999999332,58.940539291368445
5.728999999993317,58.9625144967139
5.729999999993315,58.984522592023936
5.730999999993313,59.0065659662363
5.7319999999933104,59.0286466664214
5.732999999993308,59.050766012433236
5.733999999993306,59.07292431373023
5.7349999999933035,59.0951207279072
5.735999999993301,59.117353280579124
5.736999999993299,59.139619043665256
5.7379999999932965,59.16191444699449
5.738999999993294,59.184235679540556
5.739999999993292,59.206579124079134
5.7409999999932895,59.22894176437212
5.741999999993287,59.25132150781274
5.742999999993285,59.27371737828412
5.7439999999932825,59.29612955218736
5.74499999999328,59.3185592326303
5.745999999993278,59.341008379528915
5.7469999999932755,59.36347933363536
5.747999999993273,59.38597438737653
5.748999999993271,59.40849536279859
5.7499999999932685,59.43104325579893
5.750999999993266,59.45361799642775
5.751999999993264,59.476218358684896
5.7529999999932615,59.49884203227094
5.753999999993259,59.52148584609175
5.754999999993257,59.54414611212488
5.7559999999932545,59.56681904145158
5.756999999993252,59.58950117417313
5.75799999999325,59.612189762974545
5.7589999999932475,59.634883056565684
5.759999999993245,59.65758044325192
5.760999999993243,59.68028243450733
5.7619999999932405,59.7029904909255
5.762999999993238,59.72570671508402
5.763999999993236,59.748433454561145
5.7649999999932335,59.77117287093139
5.765999999993231,59.79392653525529
5.766999999993229,59.8166951067551
5.7679999999932265,59.839478139598626
5.768999999993224,59.86227404469455
5.769999999993222,59.8850802116797
5.7709999999932196,59.90789327388097
5.771999999993217,59.930709479072895
5.772999999993215,59.953525114078616
5.773999999993213,59.97633692373244
5.77499999999321,59.999142465496675
5.775999999993208,60.0219403500137
5.776999999993206,60.04473033385606
5.777999999993203,60.067513251501616
5.778999999993201,60.09029079615574
5.779999999993199,60.11306518030499
5.780999999993196,60.13583872377604
5.781999999993194,60.15861342719919
5.782999999993192,60.181390590736505
5.783999999993189,60.204170531469714
5.784999999993187,60.226952438917024
5.785999999993185,60.249734388745544
5.786999999993182,60.272513512596625
5.78799999999318,60.2952863001219
5.788999999993178,60.31804899087844
5.789999999993175,60.34079800117404
5.790999999993173,60.36353032606556
5.791999999993171,60.38624386016548
5.792999999993168,60.40893759227369
5.793999999993166,60.431611646542585
5.794999999993164,60.45426716444649
5.795999999993161,60.4769060442188
5.796999999993159,60.4995305744482
5.797999999993157,60.52214301338901
5.798999999993154,60.544745173075874
5.799999999993152,60.56733806657696
5.80099999999315,60.58992166774117
5.801999999993147,60.61249481695008
5.802999999993145,60.63505528590055
5.803999999993143,60.65759999219549
5.80499999999314,60.68012533359332
5.805999999993138,60.702627595062594
5.806999999993136,60.72510337161712
5.807999999993133,60.74754994768575
5.808999999993131,60.76996557984043
5.809999999993129,60.792349643231596
5.810999999993126,60.814702621215055
5.811999999993124,60.837025939689994
5.812999999993122,60.85932166950642
5.813999999993119,60.881592138840844
5.814999999993117,60.90383951004567
5.815999999993115,60.9260653803912
5.816999999993112,60.94827046265198
5.81799999999311,60.9704543901984
5.818999999993108,60.99261567373462
5.819999999993105,61.01475181557232
5.820999999993103,61.036859565300354
5.821999999993101,61.05893528097183
5.822999999993098,61.080975345190105
5.823999999993096,61.102976577808164
5.824999999993094,61.12493658741261
5.825999999993091,61.14685401231606
5.826999999993089,61.168728617271334
5.827999999993087,61.19056123237083
5.828999999993084,61.21235354279018
5.829999999993082,61.2341077590017
5.83099999999308,61.25582621387021
5.831999999993077,61.277510943261305
5.832999999993075,61.2991633090157
5.833999999993073,61.320783717090016
5.83499999999307,61.342371470229715
5.835999999993068,61.3639247756396
5.836999999993066,61.3854409064112
5.837999999993063,61.40691649398334
5.838999999993061,61.42834791061884
5.839999999993059,61.44973168830625
5.840999999993056,61.471064915409336
5.841999999993054,61.49234555546853
5.842999999993052,61.51357264346353
5.843999999993049,61.534746332019914
5.844999999993047,61.555867781127546
5.845999999993045,61.57693890694427
5.846999999993042,61.597962025056276
5.84799999999304,61.61893943838835
5.848999999993038,61.63987302764575
5.849999999993035,61.66076390172606
5.850999999993033,61.68161215701427
5.851999999993031,61.70241677913757
5.8529999999930284,61.72317570076102
5.853999999993026,61.7438860071793
5.854999999993024,61.764544260813935
5.8559999999930215,61.785146899124555
5.856999999993019,61.80569065019347
5.857999999993017,61.82617290775768
5.8589999999930145,61.846592013127626
5.859999999993012,61.866947404462366
5.86099999999301,61.88723961249368
5.8619999999930075,61.90747010336476
5.862999999993005,61.92764099074171
5.863999999993003,61.94775465773448
5.8649999999930005,61.96781334178291
5.865999999992998,61.987818740791624
5.866999999992996,62.00777169570888
5.8679999999929935,62.02767199392528
5.868999999992991,62.04751832087113
5.869999999992989,62.06730836641837
5.8709999999929865,62.08703907104995
5.871999999992984,62.10670697724215
5.872999999992982,62.12630863681914
5.8739999999929795,62.14584101722056
5.874999999992977,62.16530184975737
5.875999999992975,62.18468987104675
5.8769999999929725,62.20400492378275
5.87799999999297,62.223247902742216
5.878999999992968,62.242420553685974
5.8799999999929655,62.261525153494226
5.880999999992963,62.28056411654401
5.881999999992961,62.299539582652606
5.8829999999929585,62.3184530444008
5.883999999992956,62.3373050660243
5.884999999992954,62.35609513312908
5.8859999999929515,62.37482165410943
5.886999999992949,62.39348211290003
5.887999999992947,62.41207335155199
5.8889999999929445,62.43059194299696
5.889999999992942,62.449034601777846
5.89099999999294,62.46739857520629
5.8919999999929376,62.48568196014552
5.892999999992935,62.50388390100681
5.893999999992933,62.52200464121689
5.894999999992931,62.5400454209842
5.895999999992928,62.558008235804074
5.896999999992926,62.57589548971383
5.897999999992924,62.59370959206805
5.898999999992921,62.611452554474305
5.899999999992919,62.62912564440088
5.900999999992917,62.64672914392117
5.901999999992914,62.664262247242185
5.902999999992912,62.681723111190784
5.90399999999291,62.69910905143039
5.904999999992907,62.71641685683043
5.905999999992905,62.733643177917926
5.906999999992903,62.750784934995814
5.9079999999929,62.76783968876194
5.908999999992898,62.78480592148843
5.909999999992896,62.80168318935473
5.910999999992893,62.81847212459625
5.911999999992891,62.83517428723774
5.912999999992889,62.85179188732005
5.913999999992886,62.86832741672129
5.914999999992884,62.884783242335786
5.915999999992882,62.90116121771807
5.916999999992879,62.91746236760865
5.917999999992877,62.93368668943755
5.918999999992875,62.949833099448114
5.919999999992872,62.965899530809914
5.92099999999287,62.98188316984281
5.921999999992868,62.997780797188035
5.922999999992865,63.01358918612183
5.923999999992863,63.02930550222086
5.924999999992861,63.044927648391855
5.925999999992858,63.060454506920884
5.926999999992856,63.075886044615515
5.927999999992854,63.091223266340734
5.928999999992851,63.10646802354467
5.929999999992849,63.12162270475758
5.930999999992847,63.136689851608836
5.931999999992844,63.151671754319594
5.932999999992842,63.16657008342225
5.93399999999284,63.181385609264176
5.934999999992837,63.196118048466545
5.935999999992835,63.21076605866654
5.936999999992833,63.225327382108006
5.93799999999283,63.23979911785197
5.938999999992828,63.254178084423
5.939999999992826,63.26846122208829
5.940999999992823,63.282645978429926
5.941999999992821,63.29673062319069
5.942999999992819,63.31071444827374
5.943999999992816,63.324597824877124
5.944999999992814,63.33838210979839
5.945999999992812,63.352069414148716
5.946999999992809,63.36566226704896
5.947999999992807,63.37916322159841
5.948999999992805,63.39257445845749
5.949999999992802,63.40589744261419
5.9509999999928,63.41913268135148
5.951999999992798,63.43227961716389
5.952999999992795,63.445336670443325
5.953999999992793,63.45830142579503
5.954999999992791,63.47117093579305
5.955999999992788,63.48394209959066
5.956999999992786,63.496612063360324
5.957999999992784,63.50917858647243
5.958999999992781,63.521640322116696
5.959999999992779,63.53399697304098
5.960999999992777,63.54624930060203
5.961999999992774,63.558398985927774
5.962999999992772,63.57044836277127
5.96399999999277,63.58240005965987
5.964999999992767,63.59425660163748
5.965999999992765,63.606020027499994
5.966999999992763,63.617691576143045
5.96799999999276,63.62927148586331
5.968999999992758,63.640758934555144
5.969999999992756,63.65215212900321
5.970999999992753,63.663448530623135
5.971999999992751,63.674645185958745
5.972999999992749,63.685739115625154
5.9739999999927464,63.69672770722917
5.974999999992744,63.70760905723563
5.975999999992742,63.71838221388601
5.9769999999927395,63.72904728713511
5.977999999992737,63.73960541023553
5.978999999992735,63.75005855843363
5.9799999999927325,63.76040925033008
5.98099999999273,63.77066017391362
5.981999999992728,63.78081378980621
5.9829999999927255,63.790871967376205
5.983999999992723,63.80083570465434
5.984999999992721,63.81070497115995
5.9859999999927185,63.820478695470094
5.986999999992716,63.83015489910433
5.987999999992714,63.83973095784791
5.9889999999927115,63.8492039538612
5.989999999992709,63.858571069251255
5.990999999992707,63.86782996598943
5.9919999999927045,63.87697909896638
5.992999999992702,63.88601791832084
5.9939999999927,63.89494693270474
5.9949999999926975,63.903767624664106
5.995999999992695,63.91248223009775
5.996999999992693,63.921093412845174
5.9979999999926905,63.929603880164386
5.998999999992688,63.93801599308347
5.999999999992686,63.94633142625037
6.0009999999926835,63.954550924851134
6.001999999992681,63.96267419249455
6.002999999992679,63.970699925581364
6.0039999999926765,63.97862598918637
6.004999999992674,63.986449709719935
6.005999999992672,63.994168243344625
6.0069999999926695,64.00177896854984
6.007999999992667,64.0092798479108
6.008999999992665,64.01666970835998
6.0099999999926625,64.02394840070737
6.01099999999266,64.03111681608216
6.011999999992658,64.03817675705018
6.0129999999926556,64.04513068159406
6.013999999992653,64.05198135598121
6.014999999992651,64.0587314653075
6.015999999992649,64.06538323636937
6.016999999992646,64.07193812568883
6.017999999992644,64.07839661629068
6.018999999992642,64.08475815152808
6.019999999992639,64.09102121504618
6.020999999992637,64.09718354554224
6.021999999992635,64.10324245616869
6.022999999992632,64.10919521382607
6.02399999999263,64.11503942523493
6.024999999992628,64.12077337572515
6.025999999992625,64.12639627328998
6.026999999992623,64.13190836371754
6.027999999992621,64.1373109007071
6.028999999992618,64.14260597523457
6.029999999992616,64.14779622821224
6.030999999992614,64.1528844868571
6.031999999992611,64.15787337584935
6.032999999992609,64.16276495781464
6.033999999992607,64.16756045345006
6.034999999992604,64.17226008036889
6.035999999992602,64.17686303305372
6.0369999999926,64.18136760655523
6.037999999992597,64.18577144648792
6.038999999992595,64.19007189025626
6.039999999992593,64.19426635171467
6.04099999999259,64.19835269540502
6.041999999992588,64.20232954796255
6.042999999992586,64.20619650307103
6.043999999992583,64.20995419126645
6.044999999992581,64.21360420485018
6.045999999992579,64.21714888853552
6.046999999992576,64.22059102529899
6.047999999992574,64.223933461604
6.048999999992572,64.2271787246094
6.049999999992569,64.23032868501673
6.050999999992567,64.23338431270362
6.051999999992565,64.23634555921983
6.052999999992562,64.23921138342051
6.05399999999256,64.2419799164864
6.054999999992558,64.24464874311971
6.055999999992555,64.24721525949828
6.056999999992553,64.24967705786207
6.057999999992551,64.25203228388361
6.058999999992548,64.25427991677577
6.059999999992546,64.25641993290293
6.060999999992544,64.25845332999587
6.061999999992541,64.26038200864114
6.062999999992539,64.26220852775946
6.063999999992537,64.26393576848514
6.064999999992534,64.26556655367558
6.065999999992532,64.26710327643885
6.06699999999253,64.26854758970904
6.067999999992527,64.26990020024857
6.068999999992525,64.27116079576275
6.069999999992523,64.27232811515793
6.07099999999252,64.27340015195897
6.071999999992518,64.27437446232389
6.072999999992516,64.27524853449856
6.073999999992513,64.27602016798325
6.074999999992511,64.27668780932508
6.075999999992509,64.27725079751053
6.076999999992506,64.27770948459323
6.077999999992504,64.27806521468773
6.078999999992502,64.27832016435161
6.079999999992499,64.27847706684531
6.080999999992497,64.27853885904725
6.081999999992495,64.27850830062056
6.082999999992492,64.27838761883216
6.08399999999249,64.27817822873874
6.084999999992488,64.27788056780552
6.085999999992485,64.27749406793981
6.086999999992483,64.27701726868713
6.087999999992481,64.27644805561353
6.088999999992478,64.2757839904324
6.089999999992476,64.27502268664011
6.090999999992474,64.27416217806872
6.091999999992471,64.27320122875336
6.092999999992469,64.2721395407175
6.093999999992467,64.27097783058149
6.0949999999924644,64.26971776430022
6.095999999992462,64.26836175927309
6.09699999999246,64.26691268167757
6.0979999999924575,64.26537348157763
6.098999999992455,64.26374681702727
6.099999999992453,64.26203471984887
6.1009999999924505,64.26023834982924
6.101999999992448,64.25835787160963
6.102999999992446,64.25639247133147
6.1039999999924435,64.25434051054962
6.104999999992441,64.25219979575697
6.105999999992439,64.24996792573651
6.1069999999924365,64.24764266810605
6.107999999992434,64.2452223123364
6.108999999992432,64.24270594981394
6.1099999999924295,64.2400936417246
6.110999999992427,64.23738645126288
6.111999999992425,64.23458633571411
6.1129999999924225,64.23169591362993
6.11399999999242,64.22871813986156
6.114999999992418,64.22565593410873
6.1159999999924155,64.22251181509856
6.116999999992413,64.21928759163262
6.117999999992411,64.21598415367701
6.1189999999924085,64.21260139259248
6.119999999992406,64.20913826150075
6.120999999992404,64.20559296719375
6.1219999999924015,64.20196326662928
6.122999999992399,64.198246826476
6.123999999992397,64.19444159536825
6.1249999999923945,64.19054613675733
6.125999999992392,64.18655987575147
6.12699999999239,64.18248322538129
6.1279999999923875,64.17831757463011
6.128999999992385,64.174065139981
6.129999999992383,64.16972870139523
6.1309999999923805,64.16531125984963
6.131999999992378,64.1608156645324
6.132999999992376,64.15624426197205
6.1339999999923736,64.15159861621103
6.134999999992371,64.1468793390935
6.135999999992369,64.14208605426374
6.136999999992367,64.13721749974913
6.137999999992364,64.13227175463736
6.138999999992362,64.1272465580484
6.13999999999236,64.12213967572622
6.140999999992357,64.11694926293067
6.141999999992355,64.1116741728237
6.142999999992353,64.10631416716335
6.14399999999235,64.10086999980699
6.144999999992348,64.09534336136394
6.145999999992346,64.08973669283544
6.146999999992343,64.0840528944812
6.147999999992341,64.07829497082747
6.148999999992339,64.07246566165546
6.149999999992336,64.06656711067707
6.150999999992334,64.06060061824338
6.151999999992332,64.05456651257428
6.152999999992329,64.04846415736844
6.153999999992327,64.04229209457345
6.154999999992325,64.03604830222127
6.155999999992322,64.02973053118379
6.15699999999232,64.02333667369555
6.157999999992318,64.01686511205385
6.158999999992315,64.01031499867473
6.159999999992313,64.00368642828771
6.160999999992311,63.99698047816425
6.161999999992308,63.99019911080588
6.162999999992306,63.98334495281519
6.163999999992304,63.97642098106686
6.164999999992301,63.96943016027062
6.165999999992299,63.96237508277482
6.166999999992297,63.95525766106374
6.167999999992294,63.94807891592392
6.168999999992292,63.94083888979558
6.16999999999229,63.933536697271045
6.170999999992287,63.92617070553088
6.171999999992285,63.918738819371555
6.172999999992283,63.91123883088949
6.17399999999228,63.903668784864585
6.174999999992278,63.8960273087002
6.175999999992276,63.88831386071368
6.176999999992273,63.88052886202263
6.177999999992271,63.87267369356743
6.178999999992269,63.86475055876428
6.179999999992266,63.8567622311323
6.180999999992264,63.84871172239014
6.181999999992262,63.84060191762882
6.182999999992259,63.832435228726084
6.183999999992257,63.824213314513806
6.184999999992255,63.81593690677577
6.185999999992252,63.80760576628324
6.18699999999225,63.79921877485835
6.187999999992248,63.790774150451924
6.188999999992245,63.78226975506067
6.189999999992243,63.77370345235509
6.190999999992241,63.76507346495541
6.191999999992238,63.756378681340394
6.192999999992236,63.74761886940997
6.193999999992234,63.73879476679939
6.194999999992231,63.7299080353323
6.195999999992229,63.72096108606776
6.196999999992227,63.71195679957151
6.197999999992224,63.70289818072982
6.198999999992222,63.69378799655999
6.19999999999222,63.684628447779744
6.200999999992217,63.675420920075446
6.201999999992215,63.666165849771915
6.202999999992213,63.65686272254785
6.20399999999221,63.647510205225174
6.204999999992208,63.638106392076544
6.205999999992206,63.62864913112097
6.206999999992203,63.61913638471789
6.207999999992201,63.609566573980686
6.208999999992199,63.59993885879345
6.209999999992196,63.590253314215005
6.210999999992194,63.58051097858212
6.211999999992192,63.57071376661984
6.212999999992189,63.56086425982254
6.213999999992187,63.55096540360144
6.214999999992185,63.54102015374393
6.2159999999921824,63.53103112179321
6.21699999999218,63.52100026902082
6.217999999992178,63.51092869177244
6.2189999999921755,63.50081652810473
6.219999999992173,63.49066299862185
6.220999999992171,63.48046657566239
6.2219999999921685,63.470225257061
6.222999999992166,63.459936906129414
6.223999999992164,63.44959961026052
6.2249999999921615,63.4392120079543
6.225999999992159,63.42877353848214
6.226999999992157,63.41828457922674
6.2279999999921545,63.407746451487284
6.228999999992152,63.3971612939934
6.22999999999215,63.38653182195291
6.2309999999921475,63.37586100551775
6.231999999992145,63.365151712820285
6.232999999992143,63.35440636764556
6.2339999999921405,63.343626669663784
6.234999999992138,63.332813416301676
6.235999999992136,63.32196645104187
6.2369999999921335,63.31108474523586
6.237999999992131,63.30016660185107
6.238999999992129,63.28920995256484
6.2399999999921265,63.27821270659041
6.240999999992124,63.267173102404854
6.241999999992122,63.2560900131423
6.2429999999921195,63.24496316288291
6.243999999992117,63.2337932235566
6.244999999992115,63.22258177891692
6.2459999999921125,63.21133116070557
6.24699999999211,63.20004418006709
6.247999999992108,63.18872379197105
6.2489999999921055,63.17737273974758
6.249999999992103,63.16599322955981
6.250999999992101,63.15458668035933
6.2519999999920985,63.143153584218986
6.252999999992096,63.13169349644333
6.253999999992094,63.120205156696024
6.2549999999920916,63.10868672408229
6.255999999992089,63.09713609322816
6.256999999992087,63.08555124709352
6.257999999992085,63.07393059713427
6.258999999992082,63.06227326318744
6.25999999999208,63.05057925388564
6.260999999992078,63.03884952234428
6.261999999992075,63.02708588936761
6.262999999992073,63.015290845012615
6.263999999992071,63.00346725643316
6.264999999992068,62.99161802305082
6.265999999992066,62.97974572744011
6.266999999992064,62.96785233083829
6.267999999992061,62.95593895585481
6.268999999992059,62.94400578667602
6.269999999992057,62.93205210058705
6.270999999992054,62.92007642626371
6.271999999992052,62.90807680659033
6.27299999999205,62.896051129177756
6.273999999992047,62.883997478304494
6.274999999992045,62.87191445902147
6.275999999992043,62.85980144803477
6.27699999999204,62.847658736242444
6.277999999992038,62.83548754297448
6.278999999992036,62.823289899999224
6.279999999992033,62.811068421641764
6.280999999992031,62.79882599334032
6.281999999992029,62.786565422384164
6.282999999992026,62.77428909981879
6.283999999992024,62.76199872086055
6.284999999992022,62.749695102883926
6.285999999992019,62.7373781263278
6.286999999992017,62.72504680664372
6.287999999992015,62.71269948709635
6.288999999992012,62.700334125355425
6.28999999999201,62.68794863373811
6.290999999992008,62.67554122547214
6.291999999992005,62.66311071849901
6.292999999992003,62.650656754284086
6.293999999992001,62.63817990098618
6.294999999991998,62.625681626564045
6.295999999991996,62.61316414565553
6.296999999991994,62.600630161781204
6.297999999991991,62.58808254111446
6.298999999991989,62.57552396361479
6.299999999991987,62.5629566004322
6.300999999991984,62.55038186272568
6.301999999991982,62.53780025696208
6.30299999999198,62.52521136681077
6.303999999991977,62.51261396402807
6.304999999991975,62.50000623270778
6.305999999991973,62.48738607545133
6.30699999999197,62.47475145858532
6.307999999991968,62.46210074809945
6.308999999991966,62.44943298927039
6.309999999991963,62.43674809081633
6.310999999991961,62.4240468877948
6.311999999991959,62.411331074479314
6.312999999991956,62.3986030166894
6.313999999991954,62.38586546998471
6.314999999991952,62.373121243318685
6.315999999991949,62.36037285535129
6.316999999991947,62.34762223158275
6.317999999991945,62.33487048466261
6.318999999991942,62.32211780852107
6.31999999999194,62.30936350100073
6.320999999991938,62.29660611169307
6.321999999991935,62.28384369419842
6.322999999991933,62.27107412745922
6.323999999991931,62.2582954611789
6.324999999991928,62.24550623696983
6.325999999991926,62.23270574026741
6.326999999991924,62.219894147731914
6.327999999991921,62.20707254950822
6.328999999991919,62.19424284327693
6.329999999991917,62.181407515025334
6.330999999991914,62.16856933737473
6.331999999991912,62.155731027831784
6.33299999999191,62.14289491490705
6.333999999991907,62.130062658859174
6.334999999991905,62.11723506609507
6.335999999991903,62.10441202308343
6.3369999999919004,62.09159255889325
6.337999999991898,62.0787750274866
6.338999999991896,62.06595738417646
6.3399999999918935,62.053137517524355
6.340999999991891,62.040313590213465
6.341999999991889,62.02748434117584
6.3429999999918865,62.01464930666339
6.343999999991884,62.00180892930799
6.344999999991882,61.98896453990983
6.3459999999918795,61.976118214574655
6.346999999991877,61.963272527305456
6.347999999991875,61.95043023283511
6.3489999999918725,61.93759392422592
6.34999999999187,61.92476571324774
6.350999999991868,61.911946978269654
6.3519999999918655,61.89913821487352
6.352999999991863,61.886339009970015
6.353999999991861,61.87354814290784
6.3549999999918585,61.86076379931956
6.355999999991856,61.8479838677168
6.356999999991854,61.83520627729648
6.3579999999918515,61.82242932967241
6.358999999991849,61.8096519780779
6.359999999991847,61.79687401494812
6.3609999999918445,61.78409614161049
6.361999999991842,61.77131991035955
6.36299999999184,61.75854754710304
6.3639999999918375,61.74578167953381
6.364999999991835,61.733025009029824
6.365999999991833,61.72027997232461
6.3669999999918305,61.70754844037128
6.367999999991828,61.694831496521616
6.368999999991826,61.68212932497717
6.3699999999918235,61.669441224993
6.370999999991821,61.65676574872432
6.371999999991819,61.64410094333273
6.3729999999918165,61.63144466342156
6.373999999991814,61.61879491005544
6.374999999991812,61.60615014890261
6.3759999999918096,61.59350956295517
6.376999999991807,61.580873204434454
6.377999999991805,61.568242024618876
6.378999999991803,61.5556177774618
6.3799999999918,61.54300281058446
6.380999999991798,61.530399773042326
6.381999999991796,61.51781128091205
6.382999999991793,61.50523958762001
6.383999999991791,61.492686305188016
6.384999999991789,61.48015221536917
6.385999999991786,61.46763719699919
6.386999999991784,61.45514027959874
6.387999999991782,61.442659815609964
6.388999999991779,61.430193747086996
6.389999999991777,61.41773992947801
6.390999999991775,61.40529646716908
6.391999999991772,61.39286201380973
6.39299999999177,61.38043599536743
6.393999999991768,61.36801872466888
6.394999999991765,61.355611391402135
6.395999999991763,61.34321592903892
6.396999999991761,61.33083477741447
6.397999999991758,61.31847057434473
6.398999999991756,61.30612581957762
6.399999999991754,61.293802558210324
6.400999999991751,61.281502127888615
6.401999999991749,61.269225005106264
6.402999999991747,61.25697077199602
6.403999999991744,61.24473820813666
6.404999999991742,61.23252549442058
6.40599999999174,61.220330500391036
6.406999999991737,61.20815111480375
6.407999999991735,61.195985573137165
6.408999999991733,61.183832736189665
6.40999999999173,61.17169228075197
6.410999999991728,61.15956477565125
6.411999999991726,61.147451632545646
6.412999999991723,61.13535493843483
6.413999999991721,61.12327719345261
6.414999999991719,61.11122099079266
6.415999999991716,61.09918868369484
6.416999999991714,61.087182086171374
6.417999999991712,61.07520224934885
6.418999999991709,61.063249344646856
6.419999999991707,61.051322670022934
6.420999999991705,61.03942077828825
6.421999999991702,61.02754170944923
6.4229999999917,61.015683294504655
6.423999999991698,61.0038434881634
6.424999999991695,60.992020683895255
6.425999999991693,60.98021396720869
6.426999999991691,60.96842327167705
6.427999999991688,60.9566494158741
6.428999999991686,60.944894016082706
6.429999999991684,60.93315928709083
6.430999999991681,60.92144775908861
6.431999999991679,60.909761950441975
6.432999999991677,60.89810404225508
6.433999999991674,60.88647560031818
6.434999999991672,60.87487738332254
6.43599999999167,60.86330926408581
6.436999999991667,60.851770274688306
6.437999999991665,60.84025876909088
6.438999999991663,60.828772680397094
6.43999999999166,60.817309836716284
6.440999999991658,60.805868291401865
6.441999999991656,60.794446621423646
6.442999999991653,60.783044152097396
6.443999999991651,60.77166107668721
6.444999999991649,60.760298454147886
6.445999999991646,60.74895808537707
6.446999999991644,60.73764228540173
6.447999999991642,60.726353583530404
6.448999999991639,60.71509439357938
6.449999999991637,60.70386670042497
6.450999999991635,60.6926718067705
6.451999999991632,60.681510175516536
6.45299999999163,60.67038138968444
6.453999999991628,60.65928423538149
6.454999999991625,60.648216896092976
6.455999999991623,60.637177231045776
6.456999999991621,60.62616309865367
6.4579999999916184,60.61517267975679
6.458999999991616,60.60420475539531
6.459999999991614,60.59325890021285
6.4609999999916115,60.58233556440713
6.461999999991609,60.57143603277297
6.462999999991607,60.56056226664324
6.4639999999916045,60.54971665097109
6.464999999991602,60.538901682101304
6.4659999999916,60.52811964006237
6.4669999999915975,60.51737229132216
6.467999999991595,60.506660663606866
6.468999999991593,60.4959849242282
6.4699999999915905,60.485344378832046
6.470999999991588,60.47473759062919
6.471999999991586,60.46416260332881
6.4729999999915835,60.45361723652298
6.473999999991581,60.44309941215523
6.474999999991579,60.43260746636479
6.4759999999915765,60.42214040304022
6.476999999991574,60.411698053564265
6.477999999991572,60.40128112039276
6.4789999999915695,60.39089109839313
6.479999999991567,60.38053008504311
6.480999999991565,60.370200506185824
6.4819999999915625,60.359904795876595
6.48299999999156,60.349645075243174
6.483999999991558,60.33942287536615
6.4849999999915555,60.32923894293521
6.485999999991553,60.31909315579496
6.486999999991551,60.30898456007844
6.4879999999915485,60.29891152362116
6.488999999991546,60.28887198410505
6.489999999991544,60.27886375716027
6.4909999999915415,60.268884861281286
6.491999999991539,60.25893381406078
6.492999999991537,60.24900985825573
6.4939999999915345,60.239113086020005
6.494999999991532,60.2292444439126
6.49599999999153,60.21940561803367
6.4969999999915276,60.20959881546471
6.497999999991525,60.19982647274325
6.498999999991523,60.190090932321006
6.499999999991521,60.180394132383036
6.500999999991518,60.17073735347403
6.501999999991516,60.161121057342974
6.502999999991514,60.15154484046077
6.503999999991511,60.142007508597
6.504999999991509,60.132507261916835
6.505999999991507,60.12304196462541
6.506999999991504,60.11360946138546
6.507999999991502,60.104207896201856
6.5089999999915,60.09483598911718
6.509999999991497,60.08549323196726
6.510999999991495,60.07617997577561
6.511999999991493,60.06689739757274
6.51299999999149,60.0576473513505
6.513999999991488,60.04843212412992
6.514999999991486,60.039254131429054
6.515999999991483,60.03011559488882
6.516999999991481,60.02101824725743
6.517999999991479,60.01196310603039
6.518999999991476,60.002950347363814
6.519999999991474,59.9939792977965
6.520999999991472,59.985048544830285
6.521999999991469,59.97615615079544
6.522999999991467,59.96729994001554
6.523999999991465,59.958477819051474
6.524999999991462,59.94968808518154
6.52599999999146,59.94092967991921
6.526999999991458,59.93220235205793
6.527999999991455,59.92350670741409
6.528999999991453,59.914844138331745
6.529999999991451,59.90621664290118
6.530999999991448,59.89762655932264
6.531999999991446,59.889076252741475
6.532999999991444,59.88056779850575
6.533999999991441,59.872102706240554
6.534999999991439,59.86368172333726
6.535999999991437,59.85530474528226
6.536999999991434,59.84697084525732
6.537999999991432,59.83867841876108
6.53899999999143,59.830425422925806
6.539999999991427,59.82220967699236
6.540999999991425,59.81402918185602
6.541999999991423,59.80588241394262
6.54299999999142,59.79776855224839
6.543999999991418,59.78968760674429
6.544999999991416,59.781640430167194
6.545999999991413,59.77362861159241
6.546999999991411,59.76565426678219
6.547999999991409,59.75771975479419
6.548999999991406,59.74982736065068
6.549999999991404,59.74197898859414
6.550999999991402,59.73417590889022
6.551999999991399,59.72641859358013
6.552999999991397,59.71870666407223
6.553999999991395,59.71103895779416
6.554999999991392,59.70341370447315
6.55599999999139,59.69582878730361
6.556999999991388,59.68828205240621
6.557999999991385,59.68077162324422
6.558999999991383,59.67329617596045
6.559999999991381,59.66585513707384
6.560999999991378,59.658448775835225
6.561999999991376,59.65107817833797
6.562999999991374,59.643745107060965
6.563999999991371,59.63645176562291
6.564999999991369,59.62920050181412
6.565999999991367,59.621993490607665
6.566999999991364,59.61483244160145
6.567999999991362,59.607718371852634
6.56899999999136,59.60065147584165
6.569999999991357,59.593631110662045
6.570999999991355,59.586655898397936
6.571999999991353,59.57972393126509
6.57299999999135,59.572833050743675
6.573999999991348,59.56598116160477
6.574999999991346,59.559166536847215
6.575999999991343,59.552388070844835
6.576999999991341,59.54564544523625
6.577999999991339,59.538939184332705
6.5789999999913364,59.53227059230704
6.579999999991334,59.525641581039196
6.580999999991332,59.51905441283761
6.5819999999913295,59.51251139419097
6.582999999991327,59.50601456354109
6.583999999991325,59.499565416839275
6.5849999999913225,59.49316470929089
6.58599999999132,59.4868123609591
6.586999999991318,59.48050747932988
6.5879999999913155,59.47424849556945
6.588999999991313,59.46803339531809
6.589999999991311,59.46186001166777
6.5909999999913085,59.455726339284794
6.591999999991306,59.44963082568419
6.592999999991304,59.44357259885641
6.5939999999913015,59.437551599357995
6.594999999991299,59.43156859837069
6.595999999991297,59.42562509924174
6.5969999999912945,59.419723136382665
6.597999999991292,59.41386499980943
6.59899999999129,59.408052924017646
6.5999999999912875,59.40228878485246
6.600999999991285,59.3965738468361
6.601999999991283,59.39090859628937
6.6029999999912805,59.385292683514145
6.603999999991278,59.379724982012746
6.604999999991276,59.37420375635875
6.6059999999912735,59.36872691514448
6.606999999991271,59.36329231355784
6.607999999991269,59.35789806320943
6.6089999999912665,59.352542805815155
6.609999999991264,59.34722591239327
6.610999999991262,59.34194758007111
6.6119999999912595,59.33670881296615
6.612999999991257,59.33151128986738
6.613999999991255,59.326357137354364
6.6149999999912525,59.321248640249344
6.61599999999125,59.31618793006674
6.616999999991248,59.311176695155524
6.6179999999912456,59.30621595312633
6.618999999991243,59.30130591736682
6.619999999991241,59.29644597622726
6.620999999991239,59.291634787682284
6.621999999991236,59.28687047612289
6.622999999991234,59.28215090366875
6.623999999991232,59.27747397799108
6.624999999991229,59.272837953527976
6.625999999991227,59.26824168390487
6.626999999991225,59.26368479019465
6.627999999991222,59.25916772145068
6.62899999999122,59.254691699065035
6.629999999991218,59.25025855281091
6.630999999991215,59.24587047164297
6.631999999991213,59.24152970428142
6.632999999991211,59.23723825161164
6.633999999991208,59.23299759402794
6.634999999991206,59.22880849187769
6.635999999991204,59.224670886871706
6.636999999991201,59.22058391815061
6.637999999991199,59.216546050652255
6.638999999991197,59.212555297721785
6.639999999991194,59.20860950675376
6.640999999991192,59.20470666784589
6.64199999999119,59.20084520223436
6.642999999991187,59.1970241901007
6.643999999991185,59.19324350583425
6.644999999991183,59.18950384180644
6.64599999999118,59.18580661737039
6.646999999991178,59.1821537859076
6.647999999991176,59.178547567071234
6.648999999991173,59.174990141837235
6.649999999991171,59.17148335316388
6.650999999991169,59.16802845420347
6.651999999991166,59.164625939283134
6.652999999991164,59.161275481230405
6.653999999991162,59.15797598370378
6.654999999991159,59.154725741104116
6.655999999991157,59.15152268360341
6.656999999991155,59.14836467294751
6.657999999991152,59.145249807591696
6.65899999999115,59.142176694428
6.659999999991148,59.13914464903311
6.660999999991145,59.13615379638093
6.661999999991143,59.133205057929416
6.662999999991141,59.13030002694521
6.663999999991138,59.127440749622224
6.664999999991136,59.12462944277366
6.665999999991134,59.121868187748184
6.666999999991131,59.119158643510794
6.667999999991129,59.11650181907402
6.668999999991127,59.11389793709083
6.669999999991124,59.111346407609524
6.670999999991122,59.108845915556785
6.67199999999112,59.10639460960527
6.672999999991117,59.103990365924716
6.673999999991115,59.10163108985237
6.674999999991113,59.09931501322437
6.67599999999111,59.09704094571645
6.676999999991108,59.094808444975804
6.677999999991106,59.09261788171559
6.678999999991103,59.09047039067289
6.679999999991101,59.088367714371984
6.680999999991099,59.086311961679876
6.681999999991096,59.08430531509256
6.682999999991094,59.082349727853696
6.683999999991092,59.08044665337958
6.684999999991089,59.078596844863625
6.685999999991087,59.076800253052724
6.686999999991085,59.07505603639963
6.687999999991082,59.073362682064
6.68899999999108,59.07171822073489
6.689999999991078,59.07012050514588
6.690999999991075,59.068567513255466
6.691999999991073,59.06705763362072
6.692999999991071,59.06558989297872
6.693999999991068,59.064164094146314
6.694999999991066,59.06278084492585
6.695999999991064,59.06144147400007
6.696999999991061,59.06014784567965
6.697999999991059,59.05890209956376
6.698999999991057,59.057706351698286
6.6999999999910544,59.05656239917695
6.700999999991052,59.05547146958667
6.70199999999105,59.054434050351986
6.7029999999910475,59.05344982178923
6.703999999991045,59.05251770313555
6.704999999991043,59.05163600500792
6.7059999999910405,59.05080266687139
6.706999999991038,59.050015546222916
6.707999999991036,59.04927271897127
6.7089999999910335,59.0485727489309
6.709999999991031,59.04791488866605
6.710999999991029,59.047299183541796
6.7119999999910265,59.046726464423806
6.712999999991024,59.046198230093864
6.713999999991022,59.045716435951405
6.7149999999910195,59.04528321871127
6.715999999991017,59.04490059577695
6.716999999991015,59.044570181469176
6.7179999999910125,59.044292959865004
6.71899999999101,59.04406914601105
6.719999999991008,59.04389815485147
6.7209999999910055,59.043778682114606
6.721999999991003,59.0437088857401
6.722999999991001,59.04368664237995
6.7239999999909985,59.04370984301796
6.724999999990996,59.043776686293384
6.725999999990994,59.043885928426775
6.7269999999909915,59.04403705472787
6.727999999990989,59.044230348657216
6.728999999990987,59.04446684878643
6.7299999999909845,59.04474819975485
6.730999999990982,59.04507641819725
6.73199999999098,59.045453606555746
6.7329999999909775,59.04588165496727
6.733999999990975,59.04636197303625
6.734999999990973,59.046895289053765
6.7359999999909705,59.04748154471221
6.736999999990968,59.04811989995851
6.737999999990966,59.0488088472005
6.7389999999909636,59.04954641879056
6.739999999990961,59.0503304586772
6.740999999990959,59.05115892015402
6.741999999990957,59.05203014798692
6.742999999990954,59.0529431053848
6.743999999990952,59.05389751400318
6.74499999999095,59.05489388736877
6.745999999990947,59.055933453077564
6.746999999990945,59.057017974741115
6.747999999990943,59.05814949873207
6.74899999999094,59.059330061327906
6.749999999990938,59.060561397362015
6.750999999990936,59.0618446912289
6.751999999990933,59.063180405086804
6.752999999990931,59.06456820823853
6.753999999990929,59.066007017474654
6.754999999990926,59.06749514263165
6.755999999990924,59.069030516906366
6.756999999990922,59.070610979631894
6.757999999990919,59.072234571882554
6.758999999990917,59.07389980349092
6.759999999990915,59.075605854053165
6.760999999990912,59.077352679755684
6.76199999999091,59.079141011067136
6.762999999990908,59.08097224166736
6.763999999990905,59.08284822426204
6.764999999990903,59.08477100200914
6.765999999990901,59.086742513285124
6.766999999990898,59.088764311232325
6.767999999990896,59.09083733738247
6.768999999990894,59.09296178102252
6.769999999990891,59.095137043907606
6.770999999990889,59.09736181516145
6.771999999990887,59.09963424578369
6.772999999990884,59.10195219826069
6.773999999990882,59.104313536287385
6.77499999999088,59.10671641399988
6.775999999990877,59.109159524188634
6.776999999990875,59.111642270707
6.777999999990873,59.11416484090942
6.77899999999087,59.116728168000584
6.779999999990868,59.119333788623386
6.780999999990866,59.121983615740135
6.781999999990863,59.12467965874446
6.782999999990861,59.127423730115666
6.783999999990859,59.130217179771215
6.784999999990856,59.133060694322005
6.785999999990854,59.13595418928698
6.786999999990852,59.1388968092654
6.787999999990849,59.141887035941025
6.788999999990847,59.14492288870907
6.789999999990845,59.14800218977168
6.790999999990842,59.151122856545584
6.79199999999084,59.154283180401364
6.792999999990838,59.15748205267146
6.793999999990835,59.160719106244265
6.794999999990833,59.163994752910675
6.795999999990831,59.1673101112566
6.796999999990828,59.17066683527923
6.797999999990826,59.174066867850456
6.798999999990824,59.17751215367826
6.799999999990821,59.181004352072016
6.800999999990819,59.18454458979046
6.801999999990817,59.18813328856741
6.802999999990814,59.19177009139821
6.803999999990812,59.19545389781287
6.80499999999081,59.19918300309787
6.805999999990807,59.20295532189421
6.806999999990805,59.20676866481254
6.807999999990803,59.21062102929026
6.8089999999908,59.21451086393153
6.809999999990798,59.21843726927668
6.810999999990796,59.222400106864654
6.811999999990793,59.22640000131252
6.812999999990791,59.23043823517177
6.813999999990789,59.23451655137436
6.814999999990786,59.238636891066065
6.815999999990784,59.242801103668974
6.816999999990782,59.247010669868274
6.817999999990779,59.2512664763561
6.818999999990777,59.25556867384469
6.819999999990775,59.2599166381551
6.8209999999907724,59.26430903973113
6.82199999999077,59.268744011755096
6.822999999990768,59.273219393253534
6.8239999999907655,59.277733013105326
6.824999999990763,59.28228297514826
6.825999999990761,59.28686790442362
6.8269999999907585,59.291487120046376
6.827999999990756,59.296140710469025
6.828999999990754,59.30082950061709
6.8299999999907515,59.3055549155556
6.830999999990749,59.31031875988643
6.831999999990747,59.3151229439053
6.8329999999907445,59.31996919498503
6.833999999990742,59.32485879468947
6.83499999999074,59.32979237844169
6.8359999999907375,59.33476982575769
6.836999999990735,59.33979025632671
6.837999999990733,59.344852132388496
6.8389999999907305,59.349953452986526
6.839999999990728,59.35509201283418
6.840999999990726,59.36026568949924
6.8419999999907235,59.365472718659184
6.842999999990721,59.370711918840115
6.843999999990719,59.37598283413773
6.8449999999907165,59.381285774919384
6.845999999990714,59.386621750831324
6.846999999990712,59.39199230557386
6.8479999999907095,59.397399276695474
6.848999999990707,59.402844514183656
6.849999999990705,59.408329597368265
6.8509999999907025,59.4138555898474
6.8519999999907,59.41942286674763
6.852999999990698,59.425031038448026
6.8539999999906955,59.43067898135933
6.854999999990693,59.43636497134959
6.855999999990691,59.44208690105885
6.8569999999906885,59.44784255061285
6.857999999990686,59.45362987378986
6.858999999990684,59.459447259525824
6.8599999999906816,59.46529373210476
6.860999999990679,59.47116906196686
6.861999999990677,59.47707377162035
6.862999999990675,59.483009035869415
6.863999999990672,59.48897649042523
6.86499999999067,59.49497797582759
6.865999999990668,59.50101525267399
6.866999999990665,59.50708972813304
6.867999999990663,59.513202232086996
6.868999999990661,59.51935287423145
6.869999999990658,59.5255410020706
6.870999999990656,59.53176526560077
6.871999999990654,59.538023779530015
6.872999999990651,59.544314360251576
6.873999999990649,59.550634804334486
6.874999999990647,59.556983169495815
6.875999999990644,59.56335801867038
6.876999999990642,59.56975859296431
6.87799999999064,59.57618488924745
6.878999999990637,59.5826376315326
6.879999999990635,59.589118140203716
6.880999999990633,59.595628117519944
6.88199999999063,59.60216937955718
6.882999999990628,59.60874357226301
6.883999999990626,59.61535191146578
6.884999999990623,59.62199498327707
6.885999999990621,59.628672632795265
6.886999999990619,59.635383956617126
6.887999999990616,59.642127400109246
6.888999999990614,59.64890094573349
6.889999999990612,59.65570236599099
6.890999999990609,59.662529505517185
6.891999999990607,59.66938055278278
6.892999999990605,59.6762542633166
6.893999999990602,59.68315010314854
6.8949999999906,59.69006829237529
6.895999999990598,59.69700974276496
6.896999999990595,59.7039758982197
6.897999999990593,59.710968500550976
6.898999999990591,59.71798931350698
6.899999999990588,59.72503984381368
6.900999999990586,59.732121098362974
6.901999999990584,59.73923341155415
6.902999999990581,59.74637636691194
6.903999999990579,59.7535488238731
6.904999999990577,59.76074904589613
6.905999999990574,59.76797491187816
6.906999999990572,59.775224181212934
6.90799999999057,59.78249477533326
6.908999999990567,59.7897850362632
6.909999999990565,59.797093925941475
6.910999999990563,59.80442113836573
6.91199999999056,59.81176710885139
6.912999999990558,59.819132919153915
6.913999999990556,59.826520111825225
6.914999999990553,59.83393043993653
6.915999999990551,59.84136558734669
6.916999999990549,59.848826898795615
6.917999999990546,59.856315157670764
6.918999999990544,59.863830442555546
6.919999999990542,59.87137208258088
6.920999999990539,59.878938717748795
6.921999999990537,59.88652845568642
6.922999999990535,59.89413910281122
6.923999999990532,59.90176843748383
6.92499999999053,59.909414486854104
6.925999999990528,59.91707576859269
6.926999999990525,59.924751463615635
6.927999999990523,59.93244149559413
6.928999999990521,59.94014650611633
6.929999999990518,59.947867729045605
6.930999999990516,59.95560678176804
6.931999999990514,59.96336540269876
6.932999999990511,59.97114517193519
6.933999999990509,59.97894725427
6.934999999990507,59.986772200577654
6.935999999990504,59.99461983535849
6.936999999990502,60.00248924611211
6.9379999999905,60.0103788759344
6.938999999990497,60.018286706289054
6.939999999990495,60.02621050429204
6.940999999990493,60.034148099831704
6.9419999999904904,60.04209765367406
6.942999999990488,60.05005787896738
6.943999999990486,60.05802818508489
6.9449999999904835,60.06600872365005
6.945999999990481,60.07400033031386
6.946999999990479,60.08200437051819
6.9479999999904765,60.09002251095806
6.948999999990474,60.09805644887995
6.949999999990472,60.10610763724991
6.9509999999904695,60.11417704434625
6.951999999990467,60.122264981453824
6.952999999990465,60.13037102274024
6.9539999999904625,60.13849402845347
6.95499999999046,60.14663226809938
6.955999999990458,60.15478362627649
6.9569999999904555,60.162945862278896
6.957999999990453,60.17111688706925
6.958999999990451,60.17929501879332
6.9599999999904485,60.18747918100899
6.960999999990446,60.195669015839336
6.961999999990444,60.20386489620004
6.9629999999904415,60.21206783542737
6.963999999990439,60.22027930705348
6.964999999990437,60.228501000092535
6.9659999999904345,60.23673454424403
6.966999999990432,60.24498124360257
6.96799999999043,60.25324185622025
6.9689999999904275,60.261516450383
6.969999999990425,60.26980435766892
6.970999999990423,60.278104229276416
6.9719999999904205,60.28641418764734
6.972999999990418,60.29473205207878
6.973999999990416,60.30305560667815
6.9749999999904135,60.31138287308992
6.975999999990411,60.319712349762995
6.976999999990409,60.328043184211815
6.9779999999904065,60.33637525411818
6.978999999990404,60.34470914593223
6.979999999990402,60.35304603401534
6.9809999999903996,60.36138747736098
6.981999999990397,60.369735162488595
6.982999999990395,60.378090628646135
6.983999999990393,60.386455013898406
6.98499999999039,60.39482885769062
6.985999999990388,60.4032119875102
6.986999999990386,60.41160350544491
6.987999999990383,60.420001876431954
6.988999999990381,60.42840510575297
6.989999999990379,60.43681098085562
6.990999999990376,60.445217343584304
6.991999999990374,60.45362235465399
6.992999999990372,60.46202471328556
6.993999999990369,60.470423801207396
6.994999999990367,60.47881973083675
6.995999999990365,60.48721329091771
6.996999999990362,60.49560579729798
6.99799999999036,60.503998869855835
6.998999999990358,60.51239416695602
6.999999999990355,60.520793114733145
7.000999999990353,60.529196669195265
7.001999999990351,60.53760514447034
7.002999999990348,60.54601813120623
7.003999999990346,60.5544345164703
7.004999999990344,60.562852602275235
7.005999999990341,60.57127030605357
7.006999999990339,60.579685414945494
7.007999999990337,60.58809585824509
7.008999999990334,60.596499959801505
7.009999999990332,60.604896634992464
7.01099999999033,60.61328550464953
7.011999999990327,60.62166690997696
7.012999999990325,60.6300418264147
7.013999999990323,60.63841168859507
7.01499999999032,60.64677815102945
7.015999999990318,60.655142818176344
7.016999999990316,60.66350698179597
7.017999999990313,60.671871402432814
7.018999999990311,60.68023616561949
7.019999999990309,60.688600632885155
7.020999999990306,60.696963494344885
7.021999999990304,60.70532291541989
7.022999999990302,60.71367675706824
7.023999999990299,60.72202283863234
7.024999999990297,60.73035920644561
7.025999999990295,60.73868437054315
7.026999999990292,60.74699747628526
7.02799999999029,60.75529838683633
7.028999999990288,60.76358766495485
7.029999999990285,60.7718664566968
7.030999999990283,60.780136293424555
7.031999999990281,60.78839883997346
7.032999999990278,60.79665562437374
7.033999999990276,60.804907787072096
7.034999999990274,60.813155884805695
7.035999999990271,60.82139977656993
7.036999999990269,60.829638607581415
7.037999999990267,60.83787089339082
7.038999999990264,60.84609469228476
7.039999999990262,60.85430784176638
7.04099999999026,60.862508225944794
7.041999999990257,60.870694036345036
7.042999999990255,60.878863989568615
7.043999999990253,60.887017471285446
7.04499999999025,60.895154586373735
7.045999999990248,60.90327610820976
7.046999999990246,60.91138333427291
7.047999999990243,60.91947786840584
7.048999999990241,60.92756136034934
7.049999999990239,60.93563523915124
7.050999999990236,60.94370047785221
7.051999999990234,60.95175742242014
7.052999999990232,60.95980570884556
7.053999999990229,60.96784427993077
7.054999999990227,60.97587149933543
7.055999999990225,60.983885346827776
7.056999999990222,60.99188366733842
7.05799999999022,60.9998644388888
7.058999999990218,61.00782602183054
7.059999999990215,61.01576735444809
7.060999999990213,61.02368806750348
7.061999999990211,61.03158850167285
7.062999999990208,61.039469625473465
7.063999999990206,61.0473328652613
7.064999999990204,61.055179871227175
7.0659999999902015,61.063012252290726
7.066999999990199,61.07083131713073
7.067999999990197,61.078637857669364
7.0689999999901945,61.086432005331886
7.069999999990192,61.09421318015602
7.07099999999019,61.1019801397947
7.0719999999901875,61.109731121467306
7.072999999990185,61.117464056903444
7.073999999990183,61.12517683012627
7.0749999999901805,61.13286754192667
7.075999999990178,61.14053474394989
7.076999999990176,61.1481776095759
7.0779999999901735,61.155796017633534
7.078999999990171,61.16339053723816
7.079999999990169,61.17096231592409
7.0809999999901665,61.17851288683821
7.081999999990164,61.18604392212256
7.082999999990162,61.19355696714925
7.0839999999901595,61.201053192918124
7.084999999990157,61.20853320132541
7.085999999990155,61.21599691055408
7.0869999999901525,61.22344353656449
7.08799999999015,61.230871673192404
7.088999999990148,61.23827945955272
7.0899999999901455,61.24566481123824
7.090999999990143,61.25302568288408
7.091999999990141,61.260360325281844
7.0929999999901385,61.267667500995444
7.093999999990136,61.27494662824293
7.094999999990134,61.28219783288027
7.0959999999901315,61.28942190122781
7.096999999990129,61.296620140407214
7.097999999990127,61.30379416586648
7.0989999999901245,61.31094564596892
7.099999999990122,61.31807603953646
7.10099999999012,61.32518636317141
7.1019999999901176,61.332277020957235
7.102999999990115,61.33934772034752
7.103999999990113,61.346397485943875
7.104999999990111,61.35342476914894
7.105999999990108,61.36042763825787
7.106999999990106,61.36740402230749
7.107999999990104,61.374351974484256
7.108999999990101,61.38126991815861
7.109999999990099,61.38815684105085
7.110999999990097,61.39501241030618
7.111999999990094,61.401836992356856
7.112999999990092,61.4086315748298
7.11399999999009,61.41539760151896
7.114999999990087,61.42213674364945
7.115999999990085,61.42885063959492
7.116999999990083,61.43554063960548
7.11799999999008,61.44220759134818
7.118999999990078,61.44885169629167
7.119999999990076,61.45547245699466
7.120999999990073,61.462068722597245
7.121999999990071,61.468638826060584
7.122999999990069,61.47518079386181
7.123999999990066,61.48169259872231
7.124999999990064,61.488172419930336
7.125999999990062,61.494618874761976
7.126999999990059,61.50103118855236
7.127999999990057,61.507409279580024
7.128999999990055,61.51375374687886
7.129999999990052,61.52006576274029
7.13099999999005,61.52634688505412
7.131999999990048,61.532598815888385
7.132999999990045,61.53882314024668
7.133999999990043,61.54502108167071
7.134999999990041,61.551193308954836
7.135999999990038,61.557339821014104
7.136999999990036,61.56345992596333
7.137999999990034,61.569552317250405
7.138999999990031,61.575615236097946
7.139999999990029,61.58164669743713
7.140999999990027,61.587644747640866
7.141999999990024,61.59360771791821
7.142999999990022,61.59953443784272
7.14399999999002,61.605424379074186
7.144999999990017,61.61127770913145
7.145999999990015,61.61709524770443
7.146999999990013,61.62287833169136
7.14799999999001,61.62862860796431
7.148999999990008,61.6343477830118
7.149999999990006,61.64003736463314
7.150999999990003,61.64569843192651
7.151999999990001,61.651331465799174
7.152999999989999,61.65693626369215
7.153999999989996,61.66251195039038
7.154999999989994,61.668057083312725
7.155999999989992,61.6735698374635
7.156999999989989,61.679048244079034
7.157999999989987,61.68449044950075
7.158999999989985,61.689894957979426
7.159999999989982,61.69526082436697
7.16099999998998,61.70058776968088
7.161999999989978,61.7058762033578
7.162999999989975,61.71112714910739
7.163999999989973,61.716342084838686
7.164999999989971,61.72152271918809
7.165999999989968,61.72667073606614
7.166999999989966,61.73178754310301
7.167999999989964,61.736874059272594
7.168999999989961,61.74193057143621
7.169999999989959,61.74695667984034
7.170999999989957,61.751951340123235
7.171999999989954,61.75691299586147
7.172999999989952,61.761839783020754
7.17399999998995,61.76672977762363
7.174999999989947,61.77158125190468
7.175999999989945,61.7763929030406
7.176999999989943,61.78116402238606
7.17799999998994,61.78589458149529
7.178999999989938,61.79058522288627
7.179999999989936,61.79523715689518
7.180999999989933,61.79985197915321
7.181999999989931,61.80443143436832
7.182999999989929,61.80897715961283
7.183999999989926,61.81349044315368
7.184999999989924,61.81797203263253
7.185999999989922,61.82242201943698
7.1869999999899195,61.82683981538904
7.187999999989917,61.831224224929464
7.188999999989915,61.83557360260501
7.1899999999899125,61.83988607373689
7.19099999998991,61.84415978731438
7.191999999989908,61.848393165653775
7.1929999999899055,61.852585115818236
7.193999999989903,61.856735173159585
7.194999999989901,61.86084355686038
7.1959999999898985,61.86491112971795
7.196999999989896,61.86893926786776
7.197999999989894,61.8729296587906
7.1989999999898915,61.87688405601315
7.199999999989889,61.88080402496394
7.200999999989887,61.88469071564456
7.2019999999898845,61.88854469396536
7.202999999989882,61.89236585532573
7.20399999998988,61.89615343246633
7.2049999999898775,61.89990609640976
7.205999999989875,61.90362213627281
7.206999999989873,61.90729969270903
7.2079999999898705,61.91093701223881
7.208999999989868,61.91453268681195
7.209999999989866,61.91808584500962
7.2109999999898635,61.92159626808551
7.211999999989861,61.925064414592626
7.212999999989859,61.928491350176664
7.2139999999898565,61.931878592451596
7.214999999989854,61.93522789278729
7.215999999989852,61.938540985692306
7.2169999999898495,61.941819340985504
7.217999999989847,61.94506395351613
7.218999999989845,61.94827519987801
7.2199999999898425,61.951452782131796
7.22099999998984,61.954595766336396
7.221999999989838,61.95770271041031
7.2229999999898356,61.96077186334213
7.223999999989833,61.96380140779744
7.224999999989831,61.96678971210178
7.225999999989829,61.96973555627047
7.226999999989826,61.97263830039943
7.227999999989824,61.97549797181354
7.228999999989822,61.97831525877104
7.229999999989819,61.98109141165958
7.230999999989817,61.983828065603326
7.231999999989815,61.98652700944472
7.232999999989812,61.98918993356393
7.23399999998981,61.99181819193995
7.234999999989808,61.99441261180733
7.235999999989805,61.9969733775413
7.236999999989803,61.999500004968354
7.237999999989801,62.001991409612664
7.238999999989798,62.00444605924028
7.239999999989796,62.006862189269185
7.240999999989794,62.00923805082641
7.241999999989791,62.01157215667159
7.242999999989789,62.01386349050559
7.243999999989787,62.016111650320816
7.244999999989784,62.01831690570037
7.245999999989782,62.020480161064434
7.24699999998978,62.022602830065246
7.247999999989777,62.0246866388247
7.248999999989775,62.026733385686825
7.249999999989773,62.02874469123227
7.25099999998977,62.03072177363548
7.251999999989768,62.03266528083313
7.252999999989766,62.03457520297185
7.253999999989763,62.03645087732158
7.254999999989761,62.03829108487976
7.255999999989759,62.040094225063505
7.256999999989756,62.04185854396113
7.257999999989754,62.043582384129124
7.258999999989752,62.04526442091406
7.259999999989749,62.0469038521621
7.260999999989747,62.04850051472874
7.261999999989745,62.05005491146155
7.262999999989742,62.05156814491605
7.26399999998974,62.053041767158945
7.264999999989738,62.05447756680047
7.265999999989735,62.05587732319882
7.266999999989733,62.057242562350886
7.267999999989731,62.058574348710486
7.268999999989728,62.0598731420838
7.269999999989726,62.06113873959185
7.270999999989724,62.06237031075108
7.271999999989721,62.06356652067424
7.272999999989719,62.06472572406584
7.273999999989717,62.06584620278941
7.274999999989714,62.06692641369138
7.275999999989712,62.06796521193753
7.27699999998971,62.06896201855294
7.277999999989707,62.06991690868119
7.278999999989705,62.070830608207125
7.279999999989703,62.071704399267524
7.2809999999897,62.07253994796045
7.281999999989698,62.073339078498535
7.282999999989696,62.074103525543066
7.283999999989693,62.07483469948888
7.284999999989691,62.07553349759905
7.285999999989689,62.0762001874207
7.286999999989686,62.07683437874245
7.287999999989684,62.07743508793767
7.288999999989682,62.07800088560137
7.289999999989679,62.0785301067362
7.290999999989677,62.07902109400308
7.291999999989675,62.07947243992519
7.292999999989672,62.07988319408893
7.29399999998967,62.08025300629467
7.294999999989668,62.08058218559093
7.295999999989665,62.0808716669437
7.296999999989663,62.081122890269484
7.297999999989661,62.08133760886186
7.298999999989658,62.08151765416099
7.299999999989656,62.08166468990604
7.300999999989654,62.081779990168116
7.301999999989651,62.08186427236251
7.302999999989649,62.08191760858724
7.303999999989647,62.081939427634325
7.304999999989644,62.081928607306814
7.305999999989642,62.08188364403824
7.30699999998964,62.08180287599675
7.3079999999896375,62.08168472838394
7.308999999989635,62.08152794653306
7.309999999989633,62.08133178412988
7.3109999999896305,62.08109612016666
7.311999999989628,62.08082148825022
7.312999999989626,62.08050901418869
7.3139999999896235,62.0801602706721
7.314999999989621,62.07977706949915
7.315999999989619,62.07936122056185
7.3169999999896165,62.07891429143245
7.317999999989614,62.078437401275224
7.318999999989612,62.077931077940434
7.3199999999896095,62.07739519820534
7.320999999989607,62.07682901945572
7.321999999989605,62.076231298288
7.3229999999896025,62.07560047935135
7.3239999999896,62.074934927926854
7.324999999989598,62.074233173630454
7.3259999999895955,62.07349413107196
7.326999999989593,62.07271726653439
7.327999999989591,62.071902687312416
7.3289999999895885,62.07105114120621
7.329999999989586,62.07016392627891
7.330999999989584,62.069242723604496
7.3319999999895815,62.06828937653226
7.332999999989579,62.0673056474923
7.333999999989577,62.06629298647972
7.3349999999895745,62.0652523436731
7.335999999989572,62.064184052410006
7.33699999998957,62.06308779884496
7.3379999999895675,62.061962682458926
7.338999999989565,62.06080735886419
7.339999999989563,62.05962024484119
7.3409999999895605,62.05839975683841
7.341999999989558,62.057144549495334
7.342999999989556,62.05585372074598
7.3439999999895536,62.05452695474628
7.344999999989551,62.05316458259706
7.345999999989549,62.05176755237171
7.346999999989547,62.05033731270246
7.347999999989544,62.04887562632202
7.348999999989542,62.047384339779875
7.34999999998954,62.04586514168844
7.350999999989537,62.04431934341585
7.351999999989535,62.0427477129563
7.352999999989533,62.04115038520702
7.35399999998953,62.039526861147635
7.354999999989528,62.03787609595683
7.355999999989526,62.03619666364831
7.356999999989523,62.034486975112124
7.357999999989521,62.032745518973215
7.358999999989519,62.03097109150258
7.359999999989516,62.029162983343035
7.360999999989514,62.02732109687285
7.361999999989512,62.02544597777471
7.362999999989509,62.02353875640583
7.363999999989507,62.02160100726185
7.364999999989505,62.019634546308396
7.365999999989502,62.01764119467445
7.3669999999895,62.015622541893876
7.367999999989498,62.0135797419041
7.368999999989495,62.011513370369066
7.369999999989493,62.009423363264226
7.370999999989491,62.007309045248256
7.371999999989488,62.005169243770624
7.372999999989486,62.00300247286217
7.373999999989484,62.000807160814254
7.374999999989481,61.99858188982136
7.375999999989479,61.99632561398314
7.376999999989477,61.994037825109494
7.377999999989474,61.991718643085036
7.378999999989472,61.98936881814147
7.37999999998947,61.98698964476524
7.380999999989467,61.98458279937177
7.381999999989465,61.9821501245858
7.382999999989463,61.97969339044529
7.38399999998946,61.97721406605193
7.384999999989458,61.97471313368002
7.385999999989456,61.972190971360554
7.386999999989453,61.969647320325514
7.387999999989451,61.967081341791996
7.388999999989449,61.96449175505531
7.389999999989446,61.961877037485436
7.390999999989444,61.95923565836822
7.391999999989442,61.95656631380052
7.392999999989439,61.95386812970423
7.393999999989437,61.95114080449957
7.394999999989435,61.94838467143869
7.395999999989432,61.945600671886645
7.39699999998943,61.94279024334094
7.397999999989428,61.93995513796703
7.398999999989425,61.93709719716433
7.399999999989423,61.93421811383541
7.400999999989421,61.93131921571851
7.401999999989418,61.92840130013991
7.402999999989416,61.925464543298474
7.403999999989414,61.92250849672029
7.404999999989411,61.91953217130017
7.405999999989409,61.916534197088154
7.406999999989407,61.91351303638078
7.407999999989404,61.91046722023059
7.408999999989402,61.907395575209314
7.4099999999894,61.90429740863282
7.410999999989397,61.90117262628264
7.411999999989395,61.89802176613339
7.412999999989393,61.89484594338572
7.41399999998939,61.89164671457666
7.414999999989388,61.888425879888366
7.415999999989386,61.88518525145255
7.416999999989383,61.881926420188655
7.417999999989381,61.87865055388157
7.418999999989379,61.87535825477946
7.419999999989376,61.872049496613144
7.420999999989374,61.86872364978547
7.421999999989372,61.86537959112565
7.422999999989369,61.86201588276826
7.423999999989367,61.85863099505261
7.424999999989365,61.855223542179964
7.425999999989362,61.851792497589265
7.42699999998936,61.84833735886176
7.427999999989358,61.844858239030074
7.4289999999893555,61.84135587151764
7.429999999989353,61.83783152804797
7.430999999989351,61.83428686110167
7.4319999999893485,61.830723693082206
7.432999999989346,61.82714378182716
7.433999999989344,61.823548595378085
7.4349999999893415,61.81993912759309
7.435999999989339,61.816315780407585
7.436999999989337,61.81267832917669
7.4379999999893345,61.809025975879045
7.438999999989332,61.805357482652724
7.43999999998933,61.801671366897864
7.4409999999893275,61.79796613057024
7.441999999989325,61.79424049151539
7.442999999989323,61.790493584405155
7.4439999999893205,61.7867251031045
7.444999999989318,61.78293536451813
7.445999999989316,61.77912528498355
7.4469999999893135,61.77529627257104
7.447999999989311,61.77145005045556
7.448999999989309,61.76758843620769
7.4499999999893065,61.76371310800367
7.450999999989304,61.759825390569006
7.451999999989302,61.75592609084786
7.4529999999892995,61.75201540638548
7.453999999989297,61.748092919191336
7.454999999989295,61.74415767586744
7.4559999999892925,61.740208342706
7.45699999998929,61.7362434139792
7.457999999989288,61.73226144419864
7.4589999999892855,61.72826127178409
7.459999999989283,61.7242422027764
7.460999999989281,61.72020412884098
7.4619999999892785,61.71614756303211
7.462999999989276,61.712073588334434
7.463999999989274,61.70798372624935
7.4649999999892716,61.703879743928255
7.465999999989269,61.6997634269669
7.466999999989267,61.69563634977191
7.467999999989265,61.69149967571197
7.468999999989262,61.68735401504807
7.46999999998926,61.68319936049994
7.470999999989258,61.67903510940602
7.471999999989255,61.67486016929763
7.472999999989253,61.670673132033826
7.473999999989251,61.66647249205728
7.474999999989248,61.662256878159845
7.475999999989246,61.65802526626137
7.476999999989244,61.65377714337435
7.477999999989241,61.6495125997671
7.478999999989239,61.645232336419745
7.479999999989237,61.64093758677086
7.480999999989234,61.63662996377913
7.481999999989232,61.63231125382529
7.48299999998923,61.62798318642052
7.483999999989227,61.623647212048226
7.484999999989225,61.61930431929601
7.485999999989223,61.6149549168745
7.48699999998922,61.61059879699368
7.487999999989218,61.606235185154624
7.488999999989216,61.60186286930859
7.489999999989213,61.597480390230615
7.490999999989211,61.59308626639657
7.491999999989209,61.588679221827
7.492999999989206,61.58425838495137
7.493999999989204,61.57982343061227
7.494999999989202,61.57537464530067
7.495999999989199,61.57091290650305
7.496999999989197,61.56643957909634
7.497999999989195,61.561956343386456
7.498999999989192,61.5574649789763
7.49999999998919,61.552967134826496
7.500999999989188,61.54846411778209
7.501999999989185,61.54395672920067
7.502999999989183,61.53944517253741
7.503999999989181,61.534929044771864
7.504999999989178,61.53040741280249
7.505999999989176,61.52587896404066
7.506999999989174,61.52134221005605
7.507999999989171,61.516795714703086
7.508999999989169,61.5122383147446
7.509999999989167,61.507669302032
7.510999999989164,61.50308854170901
7.511999999989162,61.498496509871764
7.51299999998916,61.49389424543762
7.513999999989157,61.489283223025666
7.514999999989155,61.484665164741116
7.515999999989153,61.48004181732905
7.51699999998915,61.47541472599693
7.517999999989148,61.470785036636094
7.518999999989146,61.466153354150805
7.519999999989143,61.46151967670003
7.520999999989141,61.456883414996625
7.521999999989139,61.452243493890784
7.522999999989136,61.44759852194351
7.523999999989134,61.44294700518641
7.524999999989132,61.4382875750886
7.525999999989129,61.43361919876836
7.526999999989127,61.42894134197391
7.527999999989125,61.42425406198761
7.528999999989122,61.41955801744437
7.52999999998912,61.41485439372118
7.530999999989118,61.410144754422134
7.531999999989115,61.40543083985217
7.532999999989113,61.400714340806026
7.533999999989111,61.395996679434916
7.534999999989108,61.39127882792081
7.535999999989106,61.38656119034292
7.536999999989104,61.38184356423537
7.537999999989101,61.377125187150426
7.538999999989099,61.37240486163195
7.539999999989097,61.367681141034865
7.540999999989094,61.36295255011843
7.541999999989092,61.358217809471576
7.54299999998909,61.353476032309
7.543999999989087,61.34872686603792
7.544999999989085,61.34397055875428
7.545999999989083,61.33920794136729
7.54699999998908,61.334440327897326
7.547999999989078,61.32966934799593
7.548999999989076,61.32489673524193
7.5499999999890735,61.320124100959795
7.550999999989071,61.31535272530527
7.551999999989069,61.3105833949
7.5529999999890665,61.305816309734105
7.553999999989064,61.30105107231936
7.554999999989062,61.29628676054141
7.5559999999890595,61.29152207394061
7.556999999989057,61.28675553287586
7.557999999989055,61.28198570263228
7.5589999999890525,61.27721141104384
7.55999999998905,61.272431929122185
7.560999999989048,61.26764708935805
7.5619999999890455,61.26285732513088
7.562999999989043,61.258063625719174
7.563999999989041,61.25326741327855
7.5649999999890385,61.248470359103266
7.565999999989036,61.243674165006546
7.566999999989034,61.23888034052914
7.5679999999890315,61.2340900072342
7.568999999989029,61.22930375750814
7.569999999989027,61.22452158761197
7.5709999999890245,61.21974291429826
7.571999999989022,61.21496667259808
7.57299999998902,61.21019148101363
7.5739999999890175,61.205415850933285
7.574999999989015,61.200638410891365
7.575999999989013,61.195858114229054
7.5769999999890105,61.19107440104315
7.577999999989008,61.1862872917122
7.578999999989006,61.181497398908576
7.5799999999890035,61.176705856443974
7.580999999989001,61.17191417498104
7.581999999988999,61.1671240449172
7.5829999999889965,61.16233711414509
7.583999999988994,61.15755477189961
7.584999999988992,61.152777969001534
7.5859999999889896,61.148007099670856
7.586999999988987,61.14324196141827
7.587999999988985,61.138481798564676
7.588999999988983,61.133725423222906
7.58999999998898,61.128971396737185
7.590999999988978,61.12421824611827
7.591999999988976,61.11946468511994
7.592999999988973,61.114709808957215
7.593999999988971,61.10995323535876
7.594999999988969,61.10519517218788
7.595999999988966,61.10043640216267
7.596999999988964,61.09567818686413
7.597999999988962,61.090922103553105
7.598999999988959,61.08616983775058
7.599999999988957,61.081422960723835
7.600999999988955,61.076682723114295
7.601999999988952,61.07194989363469
7.60299999998895,61.067224665407046
7.603999999988948,61.0625066430099
7.604999999988945,61.057794911979144
7.605999999988943,61.05308818096297
7.606999999988941,61.048384976562744
7.607999999988938,61.043683863526354
7.608999999988936,61.038983659413326
7.609999999988934,61.03428361363208
7.610999999988931,61.0295835257447
7.611999999988929,61.024883786466205
7.612999999988927,61.02018533563057
7.613999999988924,61.01548954307332
7.614999999988922,61.010798029199044
7.61599999998892,61.00611245046371
7.616999999988917,61.001434279906995
7.617999999988915,60.996764613528825
7.618999999988913,60.99210402964312
7.61999999998891,60.9874525208769
7.620999999988908,60.98280950828275
7.621999999988906,60.97817393551833
7.622999999988903,60.973544429840835
7.623999999988901,60.96891950731331
7.624999999988899,60.964297793438874
7.625999999988896,60.95967822828624
7.626999999988894,60.955060227342116
7.627999999988892,60.95044377553961
7.628999999988889,60.94582944129417
7.629999999988887,60.94121830861274
7.630999999988885,60.93661183684718
7.631999999988882,60.93201166783136
7.63299999998888,60.927419407513966
7.633999999988878,60.92283641274551
7.634999999988875,60.91826361313042
7.635999999988873,60.91370139289039
7.636999999988871,60.90914954924277
7.637999999988868,60.90460733306082
7.638999999988866,60.90007356605226
7.639999999988864,60.89554681798236
7.640999999988861,60.89102561907109
7.641999999988859,60.886508677775076
7.642999999988857,60.88199507341123
7.643999999988854,60.877484396614456
7.644999999988852,60.87297681793662
7.64599999998885,60.86847307498799
7.646999999988847,60.86397437996069
7.647999999988845,60.859482260569834
7.648999999988843,60.85499835677829
7.64999999998884,60.85052420187628
7.650999999988838,60.84606101864117
7.651999999988836,60.841609559158776
7.652999999988833,60.837170010721174
7.653999999988831,60.83274198093548
7.654999999988829,60.82832456405837
7.655999999988826,60.82391647920636
7.656999999988824,60.81951626102234
7.657999999988822,60.81512247604976
7.658999999988819,60.81073393446888
7.659999999988817,60.80634986750008
7.660999999988815,60.80197004560477
7.661999999988812,60.797594820915755
7.66299999998881,60.79322508797586
7.663999999988808,60.788862168337666
7.664999999988805,60.784507635275055
7.665999999988803,60.78016310325123
7.666999999988801,60.775830011724196
7.667999999988798,60.77150943362349
7.668999999988796,60.76720193534275
7.669999999988794,60.762907507827926
7.6709999999887915,60.7586255783602
7.671999999988789,60.7543551013165
7.672999999988787,60.750094715132555
7.6739999999887845,60.74584294343049
7.674999999988782,60.74159841209946
7.67599999998878,60.73736005188383
7.6769999999887775,60.73312725807475
7.677999999988775,60.72889998491181
7.678999999988773,60.72467876147407
7.6799999999887705,60.7204646268637
7.680999999988768,60.716258993824155
7.681999999988766,60.71206345998681
7.6829999999887635,60.70787959327805
7.683999999988761,60.703708721627855
7.684999999988759,60.699551756472424
7.6859999999887565,60.695409074775206
7.686999999988754,60.6912804760493
7.687999999988752,60.68716522033998
7.6889999999887495,60.68306214178103
7.689999999988747,60.67896982175687
7.690999999988745,60.67488679737058
7.6919999999887425,60.670811775972666
7.69299999998874,60.66674382566962
7.693999999988738,60.66268251509044
7.6949999999887355,60.65862798282293
7.695999999988733,60.65458092679357
7.696999999988731,60.650542515126
7.6979999999887285,60.6465142310328
7.698999999988726,60.64249767356212
7.699999999988724,60.638494342201106
7.7009999999887215,60.634505435571626
7.701999999988719,60.63053169244462
7.702999999988717,60.6265732973264
7.7039999999887145,60.622629863794515
7.704999999988712,60.61870049785255
7.70599999998871,60.614783932367466
7.7069999999887076,60.6108787137021
7.707999999988705,60.606983414353685
7.708999999988703,60.60309684177795
7.709999999988701,60.59921821411109
7.710999999988698,60.59534727814932
7.711999999988696,60.59148435305558
7.712999999988694,60.58763029368233
7.713999999988691,60.5837863787114
7.714999999988689,60.57995413935085
7.715999999988687,60.576135152686994
7.716999999988684,60.57233082871976
7.717999999988682,60.56854222096986
7.71899999998868,60.5647698872017
7.719999999988677,60.561013819746556
7.720999999988675,60.5572734551329
7.721999999988673,60.55354776160871
7.72299999998867,60.54983539223706
7.723999999988668,60.54613488206624
7.724999999988666,60.54244486171434
7.725999999988663,60.538764257415366
7.726999999988661,60.5350924494717
7.727999999988659,60.531429366897065
7.728999999988656,60.52777550499151
7.729999999988654,60.52413186341573
7.730999999988652,60.52049981349685
7.731999999988649,60.516880913447395
7.732999999988647,60.51327669746814
7.733999999988645,60.5096884683584
7.734999999988642,60.506117122725605
7.73599999998864,60.502563033277966
7.736999999988638,60.49902600465091
7.737999999988635,60.495505308893705
7.738999999988633,60.49199979558084
7.739999999988631,60.48850806106482
7.740999999988628,60.485028653111904
7.741999999988626,60.48156028221727
7.742999999988624,60.47810200995934
7.743999999988621,60.4746533879804
7.744999999988619,60.47121452810802
7.745999999988617,60.46778609379701
7.746999999988614,60.46436921413342
7.747999999988612,60.46096533251817
7.74899999998861,60.45757601131422
7.749999999988607,60.454202719915685
7.750999999988605,60.4508466359906
7.751999999988603,60.44750848776652
7.7529999999886,60.44418845943837
7.753999999988598,60.44088617290475
7.754999999988596,60.43760074832608
7.755999999988593,60.43433093496097
7.756999999988591,60.43107529389695
7.757999999988589,60.4278324070331
7.758999999988586,60.42460108300152
7.759999999988584,60.42138053114715
7.760999999988582,60.418170479170506
7.761999999988579,60.41497121793989
7.762999999988577,60.41178356722104
7.763999999988575,60.40860876716842
7.764999999988572,60.40544831086434
7.76599999998857,60.40230374145201
7.766999999988568,60.39917644236912
7.767999999988565,60.396067450119624
7.768999999988563,60.39297731582995
7.769999999988561,60.389906034958216
7.770999999988558,60.386853054951295
7.771999999988556,60.383817359714946
7.772999999988554,60.3807976190017
7.773999999988551,60.37779238173977
7.774999999988549,60.3748002861778
7.775999999988547,60.371820257371986
7.776999999988544,60.368851664316935
7.777999999988542,60.36589441469193
7.77899999998854,60.36294897394347
7.779999999988537,60.36001630606128
7.780999999988535,60.35709774440104
7.781999999988533,60.35419481073738
7.78299999998853,60.35130900798805
7.783999999988528,60.34844161571608
7.784999999988526,60.34559351710799
7.785999999988523,60.342765081660836
7.786999999988521,60.33995611997807
7.787999999988519,60.33716591694714
7.788999999988516,60.33439333858763
7.789999999988514,60.33163699754201
7.790999999988512,60.32889545397879
7.7919999999885095,60.32616742372021
7.792999999988507,60.323451964407425
7.793999999988505,60.32074861358795
7.7949999999885025,60.31805745936567
7.7959999999885,60.31537913371926
7.796999999988498,60.312714729466734
7.7979999999884955,60.31006565257399
7.798999999988493,60.30743343058758
7.799999999988491,60.30481950411442
7.8009999999884885,60.302225030627575
7.801999999988486,60.299650728109164
7.802999999988484,60.2970967804221
7.8039999999884815,60.29456281762388
7.804999999988479,60.29204797391896
7.805999999988477,60.28955101506844
7.8069999999884745,60.287070517353996
7.807999999988472,60.28460507298082
7.80899999998847,60.28215349310229
7.8099999999884675,60.27971497999521
7.810999999988465,60.27728924423556
7.811999999988463,60.27487655045133
7.8129999999884605,60.2724776852607
7.813999999988458,60.27009385193789
7.814999999988456,60.26772650663705
7.8159999999884535,60.265377159211376
7.816999999988451,60.26304716661182
7.817999999988449,60.26073754786816
7.8189999999884465,60.25844884658474
7.819999999988444,60.25618106019502
7.820999999988442,60.25393364583417
7.8219999999884395,60.251705601946
7.822999999988437,60.249495614130694
7.823999999988435,60.24730224475089
7.8249999999884325,60.24512413968856
7.82599999998843,60.24296022325658
7.826999999988428,60.24080985392141
7.8279999999884256,60.238672919004536
7.828999999988423,60.23654985509257
7.829999999988421,60.23444159131814
7.830999999988419,60.23234942352243
7.831999999988416,60.23027483700599
7.832999999988414,60.22821930279183
7.833999999988412,60.226184076019784
7.834999999988409,60.2241700247556
7.835999999988407,60.222177513203135
7.836999999988405,60.22020635564324
7.837999999988402,60.21825584749825
7.8389999999884,60.216324869103346
7.839999999988398,60.21441204759124
7.840999999988395,60.21251595416074
7.841999999988393,60.21063530905245
7.842999999988391,60.208769165478316
7.843999999988388,60.206917046706025
7.844999999988386,60.20507901707564
7.845999999988384,60.20325567700395
7.846999999988381,60.201448082713405
7.847999999988379,60.19965760199622
7.848999999988377,60.19788572630931
7.849999999988374,60.196133865612055
7.850999999988372,60.19440315475368
7.85199999998837,60.19269429856247
7.852999999988367,60.19100747733032
7.853999999988365,60.18934232589211
7.854999999988363,60.18769798916859
7.85599999998836,60.18607324633375
7.856999999988358,60.184466686153705
7.857999999988356,60.18287690888793
7.858999999988353,60.18130272642655
7.859999999988351,60.17974333259279
7.860999999988349,60.178198419720985
7.861999999988346,60.176668225173174
7.862999999988344,60.17515350128846
7.863999999988342,60.173655413028406
7.864999999988339,60.17217537772802
7.865999999988337,60.17071486949794
7.866999999988335,60.16927521575919
7.867999999988332,60.16785741447264
7.86899999998833,60.16646199769
7.869999999988328,60.16508896051877
7.870999999988325,60.16373776540706
7.871999999988323,60.16240742108684
7.872999999988321,60.161096625056295
7.873999999988318,60.15980394958733
7.874999999988316,60.15852804515597
7.875999999988314,60.15726783275851
7.876999999988311,60.15602265813713
7.877999999988309,60.15479238628767
7.878999999988307,60.153577423004045
7.879999999988304,60.152378660466624
7.880999999988302,60.151197354552764
7.8819999999883,60.1500349511435
7.882999999988297,60.14889288584475
7.883999999988295,60.14777238526215
7.884999999988293,60.14667429771168
7.88599999998829,60.14559897708874
7.886999999988288,60.14454623613313
7.887999999988286,60.14351537558166
7.888999999988283,60.142505285062256
7.889999999988281,60.14151460153551
7.890999999988279,60.14054190303663
7.891999999988276,60.13958591053305
7.892999999988274,60.13864566957793
7.893999999988272,60.13772068628041
7.894999999988269,60.136810998522755
7.895999999988267,60.13591717244834
7.896999999988265,60.13504022475265
7.897999999988262,60.13418148172543
7.89899999998826,60.13334239488068
7.899999999988258,60.13252433909032
7.900999999988255,60.131728421569356
7.901999999988253,60.13095532850338
7.902999999988251,60.13020523079881
7.903999999988248,60.12947776211972
7.904999999988246,60.1287720722315
7.905999999988244,60.128086948115936
7.906999999988241,60.12742098583514
7.907999999988239,60.126772789019796
7.908999999988237,60.12614116612936
7.909999999988234,60.125525298817756
7.910999999988232,60.12492485778242
7.91199999998823,60.124340049858915
7.9129999999882275,60.12377158977926
7.913999999988225,60.12322060059374
7.914999999988223,60.12268845678548
7.9159999999882205,60.12217659214298
7.916999999988218,60.121686299392934
7.917999999988216,60.12121854972268
7.9189999999882135,60.12077385749599
7.919999999988211,60.120352209099785
7.920999999988209,60.11995306584394
7.9219999999882065,60.119575440449196
7.922999999988204,60.11921803634729
7.923999999988202,60.11887943022366
7.9249999999881995,60.11855827218683
7.925999999988197,60.11825347547757
7.926999999988195,60.11796436911036
7.9279999999881925,60.11769079203409
7.92899999998819,60.11743311561853
7.929999999988188,60.117192191339136
7.9309999999881855,60.11696923104457
7.931999999988183,60.116765636663416
7.932999999988181,60.11658280329519
7.9339999999881785,60.11642192335228
7.934999999988176,60.11628381923623
7.935999999988174,60.1161688279982
7.9369999999881715,60.11607675411377
7.937999999988169,60.11600689693307
7.938999999988167,60.11595814890222
7.9399999999881645,60.11592915073383
7.940999999988162,60.11591848173783
7.94199999998816,60.115924858603904
7.9429999999881575,60.11594731474312
7.943999999988155,60.11598533503419
7.944999999988153,60.11603892707122
7.9459999999881505,60.1161086189358
7.946999999988148,60.11619538383918
7.947999999988146,60.11630050225808
7.9489999999881435,60.11642538096242
7.949999999988141,60.116571354378756
7.950999999988139,60.11673949618361
7.951999999988137,60.11693046755643
7.952999999988134,60.11714442334803
7.953999999988132,60.11738098927095
7.95499999998813,60.117639313254564
7.955999999988127,60.11791818370656
7.956999999988125,60.11821619806082
7.957999999988123,60.1185319579451
7.95899999998812,60.1188642635866
7.959999999988118,60.119212280177926
7.960999999988116,60.119575652868335
7.961999999988113,60.11995455425653
7.962999999988111,60.1203496577466
7.963999999988109,60.12076204054453
7.964999999988106,60.12119302995974
7.965999999988104,60.12164401463352
7.966999999988102,60.12211624722607
7.967999999988099,60.12261066626386
7.968999999988097,60.123127762131425
7.969999999988095,60.12366750596719
7.970999999988092,60.12422935138168
7.97199999998809,60.12481230870117
7.972999999988088,60.125415081274056
7.973999999988085,60.12603624469075
7.974999999988083,60.12667444376232
7.975999999988081,60.12732857961975
7.976999999988078,60.12799796068707
7.977999999988076,60.128682396348616
7.978999999988074,60.129382220185605
7.979999999988071,60.13009823954728
7.980999999988069,60.13083161857695
7.981999999988067,60.13158371116043
7.982999999988064,60.13235586729075
7.983999999988062,60.13314924005793
7.98499999998806,60.13396462034787
7.985999999988057,60.13480232242288
7.986999999988055,60.13566213638641
7.987999999988053,60.136543354140045
7.98899999998805,60.13744486513759
7.989999999988048,60.13836530846073
7.990999999988046,60.139303259860014
7.991999999988043,60.14025742751054
7.992999999988041,60.141226829014514
7.993999999988039,60.1422109248188
7.994999999988036,60.1432096893312
7.995999999988034,60.14422360977681
7.996999999988032,60.145253612984845
7.997999999988029,60.146300930428424
7.998999999988027,60.1473669205119
7.999999999988025,60.14845287308791
8.000999999988023,60.14955982366377
8.001999999988021,60.1506884033599
8.002999999988019,60.15183874564025
8.003999999988016,60.15301046284815
8.004999999988014,60.15420269577962
8.005999999988012,60.15541422929238
8.00699999998801,60.156643657694474
8.007999999988007,60.15788957669377
8.008999999988005,60.15915077497214
8.009999999988002,60.160426398501954
8.010999999988,60.161716064555485
8.011999999987998,60.163019909423866
8.012999999987995,60.16433856316634
8.013999999987993,60.1656730549783
8.01499999998799,60.16702466250701
8.015999999987988,60.16839472631481
8.016999999987986,60.16978445556928
8.017999999987984,60.17119475224341
8.018999999987981,60.17262607848229
8.019999999987979,60.17407838570787
8.020999999987977,60.17555111535133
8.021999999987974,60.17704327105759
8.022999999987972,60.17855355218501
8.02399999998797,60.18008052984378
8.024999999987967,60.18162284076197
8.025999999987965,60.183179371776866
8.026999999987963,60.184749409064416
8.02799999998796,60.18633273117744
8.028999999987958,60.18792963284936
8.029999999987956,60.18954087624667
8.030999999987953,60.19116757656086
8.031999999987951,60.19281103804225
8.032999999987949,60.194472563539584
8.033999999987946,60.196153264307846
8.034999999987944,60.19785389678072
8.035999999987942,60.19957474918822
8.03699999998794,60.20131559388059
8.037999999987937,60.20307571199029
8.038999999987935,60.20485398691742
8.039999999987932,60.206649053482884
8.04099999998793,60.20845948180079
8.041999999987928,60.210283970061305
8.042999999987925,60.21212151917322
8.043999999987923,60.21397156475967
8.04499999998792,60.21583404799344
8.045999999987918,60.21770941534924
8.046999999987916,60.21959854733393
8.047999999987914,60.22150262625341
8.048999999987911,60.22342296161634
8.049999999987909,60.22536079773196
8.050999999987907,60.22731713052262
8.051999999987904,60.229292559257665
8.052999999987902,60.23128719397836
8.0539999999879,60.233300631554336
8.054999999987897,60.23533200367342
8.055999999987895,60.23738008998381
8.056999999987893,60.23944348048101
8.05799999998789,60.24152076433782
8.058999999987888,60.24361071867645
8.059999999987886,60.24571247079477
8.060999999987883,60.247825611086576
8.061999999987881,60.24995024082104
8.062999999987879,60.25208694810012
8.063999999987876,60.25423671540621
8.064999999987874,60.25640077176559
8.065999999987872,60.258580410328456
8.06699999998787,60.26077679700778
8.067999999987867,60.262990797050215
8.068999999987865,60.265222843865104
8.069999999987862,60.26747286848004
8.07099999998786,60.26974029946818
8.071999999987858,60.27202413330409
8.072999999987855,60.274323065232046
8.073999999987853,60.27663566225857
8.07499999998785,60.27896055398306
8.075999999987848,60.281296614487644
8.076999999987846,60.28364310976434
8.077999999987844,60.285999789999295
8.078999999987841,60.28836691377633
8.07999999998784,60.29074520082764
8.080999999987837,60.29313572000864
8.081999999987834,60.295539728270185
8.082999999987832,60.29795848327387
8.08399999998783,60.30039305598929
8.084999999987827,60.30284416957631
8.085999999987825,60.30531208714144
8.086999999987823,60.30779656407271
8.08799999998782,60.3102968715847
8.088999999987818,60.31281188811804
8.089999999987816,60.31534024572903
8.090999999987813,60.317880510908374
8.091999999987811,60.32043137444564
8.092999999987809,60.32299182369792
8.093999999987807,60.32556127308659
8.094999999987804,60.32813963451843
8.095999999987802,60.330727317862454
8.0969999999878,60.33332516144939
8.097999999987797,60.3359343023927
8.098999999987795,60.33855600498365
8.099999999987793,60.34119147129206
8.10099999998779,60.343841660577176
8.101999999987788,60.346507142851
8.102999999987786,60.34918800711215
8.103999999987783,60.3518838370776
8.10499999998778,60.35459375776352
8.105999999987779,60.357316546331084
8.106999999987776,60.360050791612736
8.107999999987774,60.36279507991552
8.108999999987772,60.36554818102599
8.10999999998777,60.36830920831057
8.110999999987767,60.37107773045521
8.111999999987765,60.37385381916733
8.112999999987762,60.37663802617372
8.11399999998776,60.379431292776445
8.114999999987758,60.38223480471395
8.115999999987755,60.38504981274856
8.116999999987753,60.38787744420086
8.11799999998775,60.39071853190041
8.118999999987748,60.39357348454804
8.119999999987746,60.39644221664416
8.120999999987744,60.399324147767004
8.121999999987741,60.40221827124597
8.122999999987739,60.40512328255499
8.123999999987737,60.40803774938037
8.124999999987734,60.410960299487506
8.125999999987732,60.41388980002242
8.12699999998773,60.41682550308793
8.127999999987727,60.419767137169565
8.128999999987725,60.422714931596325
8.129999999987723,60.42566957062775
8.13099999998772,60.4286320836557
8.131999999987718,60.43160368697778
8.132999999987716,60.43458559940356
8.133999999987713,60.43757885760612
8.134999999987711,60.440584157141245
8.135999999987709,60.44360174142655
8.136999999987706,60.44663135421296
8.137999999987704,60.449672262165855
8.138999999987702,60.4527233443349
8.1399999999877,60.455783235918965
8.140999999987697,60.45885050613379
8.141999999987695,60.46192384520912
8.142999999987692,60.465002234276696
8.14399999998769,60.468085074305584
8.144999999987688,60.471172255997104
8.145999999987685,60.47426416084688
8.146999999987683,60.477361593256624
8.14799999998768,60.480465653267544
8.148999999987678,60.48357756783178
8.149999999987676,60.48669850434715
8.150999999987674,60.489829392652545
8.151999999987671,60.49297078046302
8.152999999987669,60.49612274250349
8.153999999987667,60.49928485604444
8.154999999987664,60.50245624621956
8.155999999987662,60.50563569471952
8.15699999998766,60.50882179657783
8.157999999987657,60.51201314303183
8.158999999987655,60.51520850478897
8.159999999987653,60.51840698998343
8.16099999998765,60.52160815465633
8.161999999987648,60.52481205026838
8.162999999987646,60.52801920159901
8.163999999987643,60.5312305181677
8.164999999987641,60.53444715166534
8.165999999987639,60.53767031945293
8.166999999987636,60.540901118941804
8.167999999987634,60.54414035892802
8.168999999987632,60.54738843154083
8.16999999998763,60.55064524274188
8.170999999987627,60.553910211078666
8.171999999987625,60.55718233481498
8.172999999987622,60.56046031797698
8.17399999998762,60.56374273760026
8.174999999987618,60.56702822869745
8.175999999987615,60.570315660983404
8.176999999987613,60.57360428256435
8.17799999998761,60.57689381042411
8.178999999987608,60.58018445502828
8.179999999987606,60.583476875616014
8.180999999987604,60.58677207249523
8.181999999987601,60.590071231509825
8.182999999987599,60.59337554255661
8.183999999987597,60.59668601766086
8.184999999987594,60.60000333415008
8.185999999987592,60.60332772491676
8.18699999998759,60.606658931127626
8.187999999987587,60.60999622396182
8.188999999987585,60.61333849227731
8.189999999987583,60.61668438386551
8.19099999998758,60.62003248045181
8.191999999987578,60.623381481873295
8.192999999987576,60.62673037358244
8.193999999987573,60.63007855397471
8.194999999987571,60.633425903673114
8.195999999987569,60.63677278706108
8.196999999987566,60.64011998588415
8.197999999987564,60.643468574278884
8.198999999987562,60.6468197528257
8.19999999998756,60.650174664959756
8.200999999987557,60.65353422153289
8.201999999987555,60.65689895814987
8.202999999987552,60.66026894527033
8.20399999998755,60.66364376364774
8.204999999987548,60.667022548497854
8.205999999987545,60.67040409615471
8.206999999987543,60.67378701821504
8.20799999998754,60.677169921522335
8.208999999987538,60.6805515887278
8.209999999987536,60.68393113408485
8.210999999987534,60.68730811261899
8.211999999987531,60.69068256736286
8.21299999998753,60.69405500804815
8.213999999987527,60.69742632428121
8.214999999987525,60.70079764544076
8.215999999987522,60.70417016700995
8.21699999998752,60.70754496776008
8.217999999987518,60.7109228434645
8.218999999987515,60.71430418047144
8.219999999987513,60.717688886845366
8.22099999998751,60.72107639069162
8.221999999987508,60.72446570584962
8.222999999987506,60.72785555569293
8.223999999987504,60.73124453763821
8.224999999987501,60.73463130526346
8.225999999987499,60.73801474247685
8.226999999987497,60.74139410528908
8.227999999987494,60.744769111306475
8.228999999987492,60.74813996438981
8.22999999998749,60.75150731104982
8.230999999987487,60.75487213473477
8.231999999987485,60.7582356029036
8.232999999987483,60.761598888391106
8.23399999998748,60.76496299017783
8.234999999987478,60.76832857872657
8.235999999987476,60.771695887572875
8.236999999987473,60.77506466634307
8.237999999987471,60.778434201740176
8.238999999987469,60.78180340350312
8.239999999987466,60.785170943239294
8.240999999987464,60.78853542662532
8.241999999987462,60.791895574802076
8.24299999998746,60.795250389500374
8.243999999987457,60.79859927872764
8.244999999987455,60.801942125380144
8.245999999987452,60.80527928916612
8.24699999998745,60.808611541603135
8.247999999987448,60.81193994325466
8.248999999987445,60.81526568048859
8.249999999987443,60.818589884716
8.25099999998744,60.82191345950228
8.251999999987438,60.82523693982121
8.252999999987436,60.82856040317243
8.253999999987434,60.83188344499276
8.254999999987431,60.835205221760845
8.255999999987429,60.8385245556999
8.256999999987427,60.84184008635644
8.257999999987424,60.845150447761654
8.258999999987422,60.84845444631093
8.25999999998742,60.85175121439326
8.260999999987417,60.85504031821364
8.261999999987415,60.85832180468912
8.262999999987413,60.86159618085558
8.26399999998741,60.864864328713814
8.264999999987408,60.86812736751653
8.265999999987406,60.87138648287259
8.266999999987403,60.874642746696246
8.267999999987401,60.87789695329456
8.268999999987399,60.88114949458631
8.269999999987396,60.88440029193371
8.270999999987394,60.88764879410654
8.271999999987392,60.89089404161311
8.27299999998739,60.894134788330035
8.273999999987387,60.89736966333578
8.274999999987385,60.90059735022454
8.275999999987382,60.90381675872756
8.27699999998738,60.90702716456572
8.277999999987378,60.91022829790329
8.278999999987375,60.913420368004594
8.279999999987373,60.91660402066102
8.28099999998737,60.91978023439714
8.281999999987368,60.92295017008205
8.282999999987366,60.92611499509392
8.283999999987364,60.92927570675776
8.284999999987361,60.93243297984415
8.285999999987359,60.93558705951424
8.286999999987357,60.93873771469432
8.287999999987354,60.94188425837345
8.288999999987352,60.94502563192311
8.28999999998735,60.94816054157287
8.290999999987347,60.951287627865305
8.291999999987345,60.95440564429678
8.292999999987343,60.957513620076654
8.29399999998734,60.96061098415434
8.294999999987338,60.963697633120056
8.295999999987336,60.96677393346151
8.296999999987333,60.96984065789061
8.297999999987331,60.972898864722325
8.298999999987329,60.97594973728282
8.299999999987326,60.97899440593497
8.300999999987324,60.982033777723196
8.301999999987322,60.985068397548915
8.30299999998732,60.98809836033248
8.303999999987317,60.99112328644445
8.304999999987315,60.99414236380285
8.305999999987312,60.997154450686324
8.30699999998731,61.00015822480012
8.307999999987308,61.00315235766011
8.308999999987305,61.006135689814506
8.309999999987303,61.00910738230865
8.3109999999873,61.01206702314148
8.311999999987298,61.01501467378086
8.312999999987296,61.017950849235284
8.313999999987294,61.02087643450944
8.314999999987291,61.02379254922307
8.31599999998729,61.02670037943885
8.316999999987287,61.02960100034822
8.317999999987284,61.03249521471853
8.318999999987282,61.03538342976872
8.31999999998728,61.03826558972097
8.320999999987277,61.041141173446924
8.321999999987275,61.04400925749198
8.322999999987273,61.046868635588076
8.32399999998727,61.04971797786049
8.324999999987268,61.05255600736935
8.325999999987266,61.05538166920778
8.326999999987263,61.05819426842483
8.327999999987261,61.06099355742203
8.328999999987259,61.06377976056963
8.329999999987256,61.066553532613604
8.330999999987254,61.069315856750066
8.331999999987252,61.072067896722054
8.33299999998725,61.074810823744585
8.333999999987247,61.077545642585115
8.334999999987245,61.08027304121779
8.335999999987243,61.08299328513543
8.33699999998724,61.08570617111113
8.337999999987238,61.088411046846815
8.338999999987236,61.09110689370497
8.339999999987233,61.09379246087428
8.34099999998723,61.09646643211887
8.341999999987229,61.099127601698534
8.342999999987226,61.101775034767925
8.343999999987224,61.10440818974257
8.344999999987222,61.107026985464195
8.34599999998722,61.109631803753196
8.346999999987217,61.112223427021455
8.347999999987215,61.11480291974265
8.348999999987212,61.117371470468385
8.34999999998721,61.11993021660528
8.350999999987208,61.122480076573154
8.351999999987205,61.125021612900376
8.352999999987203,61.12755494544351
8.3539999999872,61.13007972686787
8.354999999987198,61.132595183777944
8.355999999987196,61.135100217683394
8.356999999987194,61.13759355159835
8.357999999987191,61.14007390168277
8.358999999987189,61.14254014983047
8.359999999987187,61.14499149297934
8.360999999987184,61.14742754819139
8.361999999987182,61.149848398768654
8.36299999998718,61.152254574950014
8.363999999987177,61.15464697193605
8.364999999987175,61.157026716795414
8.365999999987173,61.15939500297806
8.36699999998717,61.16175291570684
8.367999999987168,61.16410127276991
8.368999999987166,61.16644050305246
8.369999999987163,61.1687705798241
8.370999999987161,61.17109101809779
8.371999999987159,61.17340093638183
8.372999999987156,61.17569917412041
8.373999999987154,61.177984448310816
8.374999999987152,61.18025552730791
8.37599999998715,61.18251139741539
8.376999999987147,61.184751398888466
8.377999999987145,61.186975312261545
8.378999999987142,61.18918338290129
8.37999999998714,61.1913762803597
8.380999999987138,61.19355499827573
8.381999999987135,61.195720708918905
8.382999999987133,61.19787459283727
8.38399999998713,61.20001766755591
8.384999999987128,61.202150639374835
8.385999999987126,61.2042737990498
8.386999999987124,61.20638697595777
8.387999999987121,61.20848955712668
8.388999999987119,61.21058056841424
8.389999999987117,61.212658806403546
8.390999999987114,61.21472300248451
8.391999999987112,61.21677199608124
8.39299999998711,61.21880489270996
8.393999999987107,61.22082118468542
8.394999999987105,61.22282081754078
8.395999999987103,61.22480419285277
8.3969999999871,61.2267721071041
8.397999999987098,61.22872563521024
8.398999999987096,61.23066597510195
8.399999999987093,61.2325942752232
8.400999999987091,61.23451146917996
8.401999999987089,61.23641814074529
8.402999999987086,61.238314438142915
8.403999999987084,61.240200049594335
8.404999999987082,61.24207424351246
8.40599999998708,61.243935967657244
8.406999999987077,61.245783993306155
8.407999999987075,61.24761708418773
8.408999999987072,61.249434166462706
8.40999999998707,61.25123447589352
8.410999999987068,61.253017661551816
8.411999999987065,61.25478383151766
8.412999999987063,61.25653353417926
8.41399999998706,61.25826767779208
8.414999999987058,61.25998739963459
8.415999999987056,61.26169390317021
8.416999999987054,61.263388286114605
8.417999999987051,61.265071383552865
8.418999999987049,61.26674364812172
8.419999999987047,61.268405084039294
8.420999999987044,61.27005524419708
8.421999999987042,61.27169329067263
8.42299999998704,61.273318110132294
8.423999999987037,61.27492846789847
8.424999999987035,61.27652317904851
8.425999999987033,61.278101272526214
8.42699999998703,61.2796621252339
8.427999999987028,61.28120554729246
8.428999999987026,61.28273180651191
8.429999999987023,61.284241588667605
8.430999999987021,61.28573589919055
8.431999999987019,61.28721592012165
8.432999999987016,61.28868284244567
8.433999999987014,61.29013769738067
8.434999999987012,61.291581210301096
8.43599999998701,61.29301369778492
8.436999999987007,61.29443502219219
8.437999999987005,61.29584461010157
8.438999999987002,61.29724153196766
8.439999999987,61.29862463178585
8.440999999986998,61.29999268854215
8.441999999986995,61.30134458678066
8.442999999986993,61.30267947234391
8.44399999998699,61.30399687142815
8.444999999986988,61.305296756252986
8.445999999986986,61.30657954813948
8.446999999986984,61.307846057595306
8.447999999986981,61.30909736985701
8.44899999998698,61.31033469200468
8.449999999986977,61.31155918314304
8.450999999986974,61.31277179151436
8.451999999986972,61.313973121399876
8.45299999998697,61.31516334846676
8.453999999986967,61.31634219539688
8.454999999986965,61.31750897117061
8.455999999986963,61.31866266844754
8.45699999998696,61.31980210534759
8.457999999986958,61.320926091715414
8.458999999986956,61.32203359652478
8.459999999986954,61.323123892930205
8.460999999986951,61.32419666060315
8.461999999986949,61.325252031010415
8.462999999986947,61.326290569292
8.463999999986944,61.327313195320954
8.464999999986942,61.328321055070624
8.46599999998694,61.32931536038602
8.466999999986937,61.33029721969166
8.467999999986935,61.33126748340991
8.468999999986933,61.332226625782454
8.46999999998693,61.33317467964713
8.470999999986928,61.334111233282464
8.471999999986926,61.335035489711494
8.472999999986923,61.335946380105376
8.47399999998692,61.336842715343195
8.474999999986919,61.33772335444283
8.475999999986916,61.338587366222285
8.476999999986914,61.33943416149906
8.477999999986912,61.34026357728171
8.47899999998691,61.3410759011488
8.479999999986907,61.341871832417674
8.480999999986905,61.34265238558786
8.481999999986902,61.34341874966307
8.4829999999869,61.34417212313511
8.483999999986898,61.344913547825946
8.484999999986895,61.34564376491835
8.485999999986893,61.346363113361214
8.48699999998689,61.34707148487237
8.487999999986888,61.34776834180386
8.488999999986886,61.34845279531501
8.489999999986884,61.349123732848824
8.490999999986881,61.349779976992856
8.491999999986879,61.350420453424995
8.492999999986877,61.35104434436279
8.493999999986874,61.35165120598324
8.494999999986872,61.352241033336064
8.49599999998687,61.3528142636581
8.496999999986867,61.35337171764562
8.497999999986865,61.35391448697733
8.498999999986863,61.35444378390998
8.49999999998686,61.35496077410754
8.500999999986858,61.35546641618564
8.501999999986856,61.355961330491716
8.502999999986853,61.35644571551362
8.503999999986851,61.356919323606206
8.504999999986849,61.35738149939433
8.505999999986846,61.35783127541968
8.506999999986844,61.35826751157875
8.507999999986842,61.35868905876175
8.50899999998684,61.3590949237187
8.509999999986837,61.35948441201337
8.510999999986835,61.359857229001896
8.511999999986832,61.36021352467662
8.51299999998683,61.36055387609984
8.513999999986828,61.36087920992642
8.514999999986825,61.36119067593685
8.515999999986823,61.36148948937293
8.51699999998682,61.36177676424568
8.517999999986818,61.36205336102749
8.518999999986816,61.362319770099184
8.519999999986814,61.3625760472796
8.520999999986811,61.3628218104428
8.521999999986809,61.363056297650445
8.522999999986807,61.3632784786025
8.523999999986804,61.363487203735716
8.524999999986802,61.3636813700343
8.5259999999868,61.36386008027297
8.526999999986797,61.36402277334503
8.527999999986795,61.36416930738933
8.528999999986793,61.36429998405922
8.52999999998679,61.36441551055264
8.530999999986788,61.364516904768365
8.531999999986786,61.364605356944864
8.532999999986783,61.364682067246996
8.533999999986781,61.36474808212469
8.534999999986779,61.364804152424
8.535999999986776,61.364850633145096
8.536999999986774,61.36488743888
8.537999999986772,61.36491406113593
8.53899999998677,61.36492964506704
8.539999999986767,61.36493311481013
8.540999999986765,61.36492332981031
8.541999999986762,61.36489925018674
8.54299999998676,61.3648600879242
8.543999999986758,61.364805422670216
8.544999999986755,61.364735265890374
8.545999999986753,61.36465006439241
8.54699999998675,61.36455064275323
8.547999999986748,61.36443809276603
8.548999999986746,61.36431362547453
8.549999999986744,61.364178406597354
8.550999999986741,61.3640333984696
8.551999999986739,61.36387923068242
8.552999999986737,61.36371611755268
8.553999999986734,61.363543833966716
8.554999999986732,61.363361752937905
8.55599999998673,61.36316893956942
8.556999999986727,61.36296428820106
8.557999999986725,61.36274668347419
8.558999999986723,61.362515162702415
8.55999999998672,61.36226905675645
8.560999999986718,61.36200808969245
8.561999999986716,61.361732423149824
8.562999999986713,61.36144263930819
8.563999999986711,61.36113966483064
8.564999999986709,61.36082464650866
8.565999999986706,61.36049879610946
8.566999999986704,61.3601632262374
8.567999999986702,61.359818800268435
8.5689999999867,61.359466017408685
8.569999999986697,61.35910494898386
8.570999999986695,61.35873523485682
8.571999999986692,61.35835614043145
8.57299999998669,61.3579666662027
8.573999999986688,61.357565694452404
8.574999999986685,61.357152152488446
8.575999999986683,61.356725169511556
8.57699999998668,61.35628420509317
8.577999999986679,61.3558291312378
8.578999999986676,61.355360256522395
8.579999999986674,61.35487828894938
8.580999999986672,61.354384242765825
8.58199999998667,61.353879302362095
8.582999999986667,61.35336466240651
8.583999999986665,61.35284136667901
8.584999999986662,61.35231016823468
8.58599999998666,61.35177143050729
8.586999999986658,61.35122508319825
8.587999999986655,61.35067063909232
8.588999999986653,61.3501072693979
8.58999999998665,61.349533927000586
8.590999999986648,61.348949500310404
8.591999999986646,61.348352976099456
8.592999999986644,61.347743588468475
8.593999999986641,61.347120933037154
8.594999999986639,61.34648503033401
8.595999999986637,61.34583632950361
8.596999999986634,61.345175651838275
8.597999999986632,61.34450408209973
8.59899999998663,61.343822822926285
8.599999999986627,61.34313303280449
8.600999999986625,61.3424356703658
8.601999999986623,61.34173136686464
8.60299999998662,61.34102034471172
8.603999999986618,61.340302393456575
8.604999999986616,61.33957690654528
8.605999999986613,61.33884297365236
8.606999999986611,61.338099515598365
8.607999999986609,61.337345442900265
8.608999999986606,61.336579815692744
8.609999999986604,61.3358019825733
8.610999999986602,61.33501167888461
8.6119999999866,61.3342090706547
8.612999999986597,61.3333947380393
8.613999999986595,61.332569600632496
8.614999999986592,61.331734795163854
8.61599999998659,61.33089152279641
8.616999999986588,61.330040887493105
8.617999999986585,61.32918374815564
8.618999999986583,61.32832060528341
8.61999999998658,61.327451538031944
8.620999999986578,61.32657620046309
8.621999999986576,61.32569387747005
8.622999999986574,61.324803592487754
8.623999999986571,61.32390425184891
8.624999999986569,61.322994805509886
8.625999999986567,61.322074401580664
8.626999999986564,61.321142512976024
8.627999999986562,61.320199018412616
8.62899999998656,61.31924422639281
8.629999999986557,61.318278838840065
8.630999999986555,61.317303859515285
8.631999999986553,61.31632046011976
8.63299999998655,61.31532982291461
8.633999999986548,61.31433298198212
8.634999999986546,61.31333068541381
8.635999999986543,61.312323297755086
8.636999999986541,61.311310756362914
8.637999999986539,61.310292587755576
8.638999999986536,61.309267981616
8.639999999986534,61.308235912029446
8.640999999986532,61.307195288914315
8.64199999998653,61.306145118385565
8.642999999986527,61.305084649534
8.643999999986525,61.304013487022786
8.644999999986522,61.30293165370131
8.64599999998652,61.30183959446386
8.646999999986518,61.30073812083286
8.647999999986515,61.299628304091776
8.648999999986513,61.29851133200415
8.64999999998651,61.29738834926985
8.650999999986508,61.29626030413816
8.651999999986506,61.295127822702725
8.652999999986504,61.29399112850132
8.653999999986501,61.29285001866635
8.654999999986499,61.29170389992792
8.655999999986497,61.29055187937858
8.656999999986494,61.28939289722765
8.657999999986492,61.28822588289909
8.65899999998649,61.28704991255265
8.659999999986487,61.285864345918846
8.660999999986485,61.284668923241476
8.661999999986483,61.2834638087381
8.66299999998648,61.28224957448906
8.663999999986478,61.28102712705656
8.664999999986476,61.27979758716865
8.665999999986473,61.278562139402815
8.666999999986471,61.27732187300314
8.667999999986469,61.27607763618886
8.668999999986466,61.27482992439998
8.669999999986464,61.273578818137636
8.670999999986462,61.27232397908292
8.67199999998646,61.27106470499754
8.672999999986457,61.26980003566033
8.673999999986455,61.26852889494995
8.674999999986452,61.26725024911551
8.67599999998645,61.26596325901794
8.676999999986448,61.264667404972
8.677999999986445,61.26336256667314
8.678999999986443,61.26204904700223
8.67999999998644,61.26072753638793
8.680999999986438,61.259399022764576
8.681999999986436,61.25806465980636
8.682999999986434,61.2567256119717
8.683999999986431,61.255382898141384
8.68499999998643,61.254037255804384
8.685999999986427,61.25268904483906
8.686999999986424,61.251338204360714
8.687999999986422,61.249984268649406
8.68899999998642,61.24862643987732
8.689999999986417,61.24726370739692
8.690999999986415,61.245894996822535
8.691999999986413,61.2445193279738
8.69299999998641,61.243135959504606
8.693999999986408,61.24174449991896
8.694999999986406,61.2403449693953
8.695999999986403,61.238937803756954
8.696999999986401,61.23752380005704
8.697999999986399,61.23610401145373
8.698999999986397,61.234679606170786
8.699999999986394,61.23325171038433
8.700999999986392,61.23182125710551
8.70199999998639,61.230388862273124
8.702999999986387,61.22895474542584
8.703999999986385,61.22751870605006
8.704999999986383,61.226080158880315
8.70599999998638,61.224638223158536
8.706999999986378,61.22319185329652
8.707999999986376,61.22173999258342
8.708999999986373,61.22028172835532
8.70999999998637,61.21881642684892
8.710999999986369,61.21734382881063
8.711999999986366,61.215864092451234
8.712999999986364,61.21437777773975
8.713999999986362,61.212885774267406
8.71499999998636,61.21138918285226
8.715999999986357,61.20988916754358
8.716999999986355,61.208386798832755
8.717999999986352,61.20688291009679
8.71899999998635,61.20537798741936
8.719999999986348,61.203872108227394
8.720999999986345,61.20236493731743
8.721999999986343,61.200855780786334
8.72299999998634,61.19934369026251
8.723999999986338,61.19782760278264
8.724999999986336,61.1963064966683
8.725999999986334,61.194779541516965
8.726999999986331,61.193246221257574
8.727999999986329,61.191706413002905
8.728999999986327,61.190160410640374
8.729999999986324,61.18860888987315
8.730999999986322,61.18705281965475
8.73199999998632,61.185493332483965
8.732999999986317,61.18393157181336
8.733999999986315,61.18236853801539
8.734999999986313,61.180804954537365
8.73599999998631,61.179241173017004
8.736999999986308,61.177677130644426
8.737999999986306,61.176112365711965
8.738999999986303,61.17454608912652
8.739999999986301,61.17297730181617
8.740999999986299,61.17140494152941
8.741999999986296,61.169828038411424
8.742999999986294,61.16824585751767
8.743999999986292,61.16665800825929
8.74499999998629,61.16506450542361
8.745999999986287,61.1634657732192
8.746999999986285,61.16186259180286
8.747999999986282,61.160255993829736
8.74899999998628,61.15864712559347
8.749999999986278,61.1570370922786
8.750999999986275,61.15542680907509
8.751999999986273,61.15381687904883
8.75299999998627,61.152207514892886
8.753999999986268,61.150598515503866
8.754999999986266,61.148989300630724
8.755999999986264,61.14737899869422
8.756999999986261,61.14576657542271
8.757999999986259,61.14415098523237
8.758999999986257,61.14253132409419
8.759999999986254,61.14090696243145
8.760999999986252,61.13927763939386
8.76199999998625,61.13764350528804
8.762999999986247,61.13600510622556
8.763999999986245,61.13436331317577
8.764999999986243,61.132719205420585
8.76599999998624,61.131073924814174
8.766999999986238,61.12942852133663
8.767999999986236,61.127783811637606
8.768999999986233,61.12614027042402
8.769999999986231,61.12449796990725
8.770999999986229,61.1228565757757
8.771999999986226,61.12121540021323
8.772999999986224,61.11957350448908
8.773999999986222,61.117929836696
8.77499999998622,61.11628338528624
8.775999999986217,61.11463332685771
8.776999999986215,61.112979147437756
8.777999999986212,61.11132072025202
8.77899999998621,61.10965832907071
8.779999999986208,61.10799263387774
8.780999999986205,61.106324583716706
8.781999999986203,61.104655288982066
8.7829999999862,61.10298587112847
8.783999999986198,61.101317310920656
8.784999999986196,61.09965031653054
8.785999999986194,61.09798522998779
8.786999999986191,61.0963219850793
8.787999999986189,61.094660122565955
8.788999999986187,61.092998860540256
8.789999999986184,61.091337210017464
8.790999999986182,61.08967411951331
8.79199999998618,61.08800862830692
8.792999999986177,61.08634000686892
8.793999999986175,61.08466786474475
8.794999999986173,61.08299221075617
8.79599999998617,61.08131345707939
8.796999999986168,61.079632366660285
8.797999999986166,61.07794995137542
8.798999999986163,61.07626733528338
8.799999999986161,61.0745856021901
8.800999999986159,61.07290564895531
8.801999999986156,61.07122806512477
8.802999999986154,61.069553055768246
8.803999999986152,61.067880418316314
8.80499999998615,61.06620957660786
8.805999999986147,61.06453966733114
8.806999999986145,61.06286966669837
8.807999999986142,61.06119853955614
8.80899999998614,61.05952538999447
8.809999999986138,61.05784959231061
8.810999999986135,61.05617088394962
8.811999999986133,61.05448940738247
8.81299999998613,61.05280569506605
8.813999999986128,61.05112059962364
8.814999999986126,61.049435179086394
8.815999999986124,61.04775055334606
8.816999999986121,61.04606775200105
8.81799999998612,61.04438757497162
8.818999999986117,61.042710485444175
8.819999999986115,61.041036550148284
8.820999999986112,61.03936543531099
8.82199999998611,61.03769645881931
8.822999999986108,61.03602869123126
8.823999999986105,61.03436109143595
8.824999999986103,61.03269265790672
8.8259999999861,61.0310225743126
8.826999999986098,61.02935032904817
8.827999999986096,61.027675791908564
8.828999999986094,61.02599923716078
8.829999999986091,61.02432130978835
8.830999999986089,61.02264293968774
8.831999999986087,61.020965215892836
8.832999999986084,61.01928923852906
8.833999999986082,61.01761596930048
8.83499999998608,61.015946101510984
8.835999999986077,61.01427996784965
8.836999999986075,61.0126174988512
8.837999999986073,61.0109582378258
8.83899999998607,61.00930141011762
8.839999999986068,61.007646036942475
8.840999999986066,61.00599107780539
8.841999999986063,61.00433558149421
8.842999999986061,61.002678824451245
8.843999999986059,61.00102041710205
8.844999999986056,60.999360363215615
8.845999999986054,60.99769906398208
8.846999999986052,60.99603726625797
8.84799999998605,60.99437596227828
8.848999999986047,60.992716254955575
8.849999999986045,60.991059207709924
8.850999999986042,60.9894056999288
8.85199999998604,60.98775630834969
8.852999999986038,60.98611123099366
8.853999999986035,60.98447026429485
8.854999999986033,60.982832836594504
8.85599999998603,60.981198093263686
8.856999999986028,60.97956502147695
8.857999999986026,60.977932597108186
8.858999999986024,60.976299933119876
8.859999999986021,60.97466640861431
8.860999999986019,60.9730317604365
8.861999999986017,60.97139612447551
8.862999999986014,60.96976002089069
8.863999999986012,60.96812428536363
8.86499999998601,60.96648995606402
8.865999999986007,60.96485813223871
8.866999999986005,60.96322982430481
8.867999999986003,60.961605816507934
8.868999999986,60.959986561420116
8.869999999985998,60.958372121062546
8.870999999985996,60.956762162882285
8.871999999985993,60.95515601110859
8.872999999985991,60.95355274624614
8.873999999985989,60.951951338715695
8.874999999985986,60.9503507978718
8.875999999985984,60.948750315473895
8.876999999985982,60.947149383471306
8.87799999998598,60.945547869574845
8.878999999985977,60.943946040017536
8.879999999985975,60.94234452632962
8.880999999985972,60.940744240824344
8.88199999998597,60.93914625269655
8.882999999985968,60.937551642166085
8.883999999985965,60.935961353168345
8.884999999985963,60.93437606527739
8.88599999998596,60.932796102829826
8.886999999985958,60.93122139397403
8.887999999985956,60.929651485353226
8.888999999985954,60.928085610322526
8.889999999985951,60.92652280109238
8.890999999985949,60.92496202903885
8.891999999985947,60.92340235347162
8.892999999985944,60.921843057975366
8.893999999985942,60.92028375518205
8.89499999998594,60.918724445276254
8.895999999985937,60.91716552002826
8.896999999985935,60.91560771181936
8.897999999985933,60.91405199484529
8.89899999998593,60.912499452406635
8.899999999985928,60.91095112895312
8.900999999985926,60.90940788766891
8.901999999985923,60.9078702935932
8.902999999985921,60.90633853866274
8.903999999985919,60.9048124191652
8.904999999985916,60.903291368728944
8.905999999985914,60.90177454218254
8.906999999985912,60.90026093848667
8.90799999998591,60.8987495454652
8.908999999985907,60.897239486010875
8.909999999985905,60.89573014524025
8.910999999985902,60.89422126075114
8.9119999999859,60.892712963323824
8.912999999985898,60.891205762367186
8.913999999985895,60.88970047818746
8.914999999985893,60.88819813061803
8.91599999998589,60.88669979969345
8.916999999985888,60.88520647794594
8.917999999985886,60.883718935085426
8.918999999985884,60.88223761404797
8.919999999985881,60.88076257298459
8.92099999998588,60.87929348129826
8.921999999985877,60.87782967024648
8.922999999985874,60.87637023097346
8.923999999985872,60.874914146187706
8.92499999998587,60.87346043698788
8.925999999985867,60.87200830422286
8.926999999985865,60.870557244540045
8.927999999985863,60.86910712484118
8.92899999998586,60.867658204695694
8.929999999985858,60.86621110359885
8.930999999985856,60.864766717690536
8.931999999985853,60.8633260976699
8.932999999985851,60.86189030508046
8.933999999985849,60.86046026716622
8.934999999985846,60.85903665068361
8.935999999985844,60.85761977237056
8.936999999985842,60.85620955861047
8.93799999998584,60.85480555991352
8.938999999985837,60.85340701814605
8.939999999985835,60.85201297703706
8.940999999985833,60.85062242043307
8.94199999998583,60.849234418880506
8.942999999985828,60.847848263954766
8.943999999985826,60.84646357148162
8.944999999985823,60.845080339158436
8.94599999998582,60.84369895051034
8.946999999985819,60.842320124638455
8.947999999985816,60.84094481885874
8.948999999985814,60.83957409792982
8.949999999985812,60.83820898826594
8.95099999998581,60.836850337620724
8.951999999985807,60.83549869993883
8.952999999985805,60.83415426152191
8.953999999985802,60.83281681884002
8.9549999999858,60.83148581106488
8.955999999985798,60.830160402724005
8.956999999985795,60.828839604845165
8.957999999985793,60.82752241757088
8.95899999998579,60.826207974212345
8.959999999985788,60.824895666522714
8.960999999985786,60.82358523360073
8.961999999985784,60.822276801960605
8.962999999985781,60.82097087115637
8.963999999985779,60.819668247008536
8.964999999985777,60.818369931846924
8.965999999985774,60.81707698721102
8.966999999985772,60.815790388317325
8.96799999998577,60.81451089073714
8.968999999985767,60.8132389279988
8.969999999985765,60.811974554465266
8.970999999985763,60.81071744147045
8.97199999998576,60.809466927220704
8.972999999985758,60.80822211342291
8.973999999985756,60.80698199505234
8.974999999985753,60.80574560502974
8.975999999985751,60.80451215349679
8.976999999985749,60.80328114213182
8.977999999985746,60.80205243747049
8.978999999985744,60.80082629294434
8.979999999985742,60.79960331656597
8.98099999998574,60.79838438882602
8.981999999985737,60.79717054236832
8.982999999985735,60.795962820368715
8.983999999985732,60.79476213352598
8.98499999998573,60.793569135750104
8.985999999985728,60.79238413598593
8.986999999985725,60.79120705852139
8.987999999985723,60.79003745731364
8.98899999998572,60.788874582283896
8.989999999985718,60.787717488245825
8.990999999985716,60.786565171153676
8.991999999985714,60.78541671253695
8.992999999985711,60.78427141183705
8.993999999985709,60.78312888807024
8.994999999985707,60.781989136546954
8.995999999985704,60.78085253270525
8.996999999985702,60.77971978253199
8.9979999999857,60.77859182657658
8.998999999985697,60.777469711063716
8.999999999985695,60.77635444423364
9.000999999985693,60.77524685809906
9.00199999998569,60.77414749502365
9.002999999985688,60.77305653502941
9.003999999985686,60.771973774001914
9.004999999985683,60.77089865581809
9.005999999985681,60.76983035385073
9.006999999985679,60.76876789038274
9.007999999985676,60.767710277149426
9.008999999985674,60.76665665727432
9.009999999985672,60.7656064286678
9.01099999998567,60.764559331570354
9.011999999985667,60.763515487956546
9.012999999985665,60.762475387292454
9.013999999985662,60.76143982066575
9.01499999998566,60.76040977257989
9.015999999985658,60.75938628563513
9.016999999985655,60.75837031712727
9.017999999985653,60.757362607707805
9.01899999998565,60.756363580543066
9.019999999985648,60.755373285105264
9.020999999985646,60.75439139345163
9.021999999985644,60.753417249478595
9.022999999985641,60.75244996420373
9.023999999985639,60.751488543676984
9.024999999985637,60.75053203155192
9.025999999985634,60.749579646297875
9.026999999985632,60.74863089378906
9.02799999998563,60.747685639471555
9.028999999985627,60.74674412998605
9.029999999985625,60.74580696123105
9.030999999985623,60.74487499738126
9.03199999998562,60.74394925226496
9.032999999985618,60.74303074979201
9.033999999985616,60.742120383048764
9.034999999985613,60.74121879185278
9.035999999985611,60.74032627594393
9.036999999985609,60.73944275596879
9.037999999985606,60.738567787699196
9.038999999985604,60.73770062745085
9.039999999985602,60.73684033948952
9.0409999999856,60.73598593032544
9.041999999985597,60.73513649103466
9.042999999985595,60.73429132761879
9.043999999985592,60.733450061108826
9.04499999998559,60.732612683353096
9.045999999985588,60.73177956068393
9.046999999985585,60.73095138495801
9.047999999985583,60.73012907888713
9.04899999998558,60.72931366898117
9.049999999985578,60.728506143974336
9.050999999985576,60.727707318631715
9.051999999985574,60.72691772205376
9.052999999985571,60.72613752614406
9.05399999998557,60.72536652424845
9.054999999985567,60.72460416292959
9.055999999985564,60.72384962238053
9.056999999985562,60.72310193416465
9.05799999998556,60.72236011973519
9.058999999985557,60.72162333027958
9.059999999985555,60.72089096825606
9.060999999985553,60.72016277355921
9.06199999998555,60.71943886223037
9.062999999985548,60.718719712293804
9.063999999985546,60.718006098735344
9.064999999985544,60.71729898678993
9.065999999985541,60.71659939855246
9.066999999985539,60.71590827167032
9.067999999985537,60.71522632997185
9.068999999985534,60.71455398418823
9.069999999985532,60.71389127668532
9.07099999998553,60.713237877931014
9.071999999985527,60.71259313515863
9.072999999985525,60.71195616636208
9.073999999985523,60.71132598640487
9.07499999998552,60.7107016475278
9.075999999985518,60.71008237452175
9.076999999985516,60.70946767559062
9.077999999985513,60.70885741334329
9.07899999998551,60.70825182596279
9.079999999985509,60.70765149559356
9.080999999985506,60.70705726842027
9.081999999985504,60.70647013769321
9.082999999985502,60.705891106155974
9.0839999999855,60.7053210472168
9.084999999985497,60.704760584360976
9.085999999985495,60.70421000572283
9.086999999985492,60.70366922578248
9.08799999998549,60.703137799525955
9.088999999985488,60.702614987047305
9.089999999985485,60.70209985949192
9.090999999985483,60.70159143144844
9.09199999998548,60.70108880119276
9.092999999985478,60.70059127909007
9.093999999985476,60.700098486127956
9.094999999985474,60.69961040874914
9.095999999985471,60.6991274023036
9.096999999985469,60.69865014265265
9.097999999985467,60.698179532756136
9.098999999985464,60.697716577390175
9.099999999985462,60.69726224361904
9.10099999998546,60.69681732662765
9.101999999985457,60.69638233975189
9.102999999985455,60.695957444128894
9.103999999985453,60.69554242781114
9.10499999998545,60.695136737241654
9.105999999985448,60.69473955663964
9.106999999985446,60.694349924122314
9.107999999985443,60.6939668682486
9.108999999985441,60.693589545804336
9.109999999985439,60.69321736148349
9.110999999985436,60.69285005266343
9.111999999985434,60.69248772738474
9.112999999985432,60.69213085021847
9.11399999998543,60.6917801780327
9.114999999985427,60.691436654712724
9.115999999985425,60.69110127965039
9.116999999985422,60.69077496849685
9.11799999998542,60.690458425741504
9.118999999985418,60.69015204700493
9.119999999985415,60.6898558647407
9.120999999985413,60.689569544937655
9.12199999998541,60.6892924352503
9.122999999985408,60.68902365776932
9.123999999985406,60.688762233384026
9.124999999985404,60.68850722026717
9.125999999985401,60.688257847034585
9.126999999985399,60.688013621880266
9.127999999985397,60.68777440237502
9.128999999985394,60.68754041613745
9.129999999985392,60.68731222949208
9.13099999998539,60.687090668548656
9.131999999985387,60.686876703816196
9.132999999985385,60.68667131458417
9.133999999985383,60.68647535213924
9.13499999998538,60.686289421029244
9.135999999985378,60.6861137950304
9.136999999985376,60.68594837959134
9.137999999985373,60.68579272598781
9.138999999985371,60.685646095167975
9.139999999985369,60.68550756229353
9.140999999985366,60.68537614728126
9.141999999985364,60.685250953008264
9.142999999985362,60.68513129176913
9.14399999998536,60.68501678223512
9.144999999985357,60.684907403300315
9.145999999985355,60.68480349727548
9.146999999985352,60.68470572199613
9.14799999998535,60.684614958604186
9.148999999985348,60.68453218798798
9.149999999985345,60.684458353255565
9.150999999985343,60.68439422757081
9.15199999998534,60.68434030590957
9.152999999985338,60.68429673591404
9.153999999985336,60.68426329752414
9.154999999985334,60.684239434210255
9.155999999985331,60.6842243313884
9.156999999985329,60.684217030987355
9.157999999985327,60.684216566062496
9.158999999985324,60.68422209655215
9.159999999985322,60.68423302711254
9.16099999998532,60.68424909048909
9.161999999985317,60.68427038473097
9.162999999985315,60.68429735903619
9.163999999985313,60.684330750247774
9.16499999998531,60.68437147894772
9.165999999985308,60.684420519771805
9.166999999985306,60.68447876418509
9.167999999985303,60.68454689499781
9.168999999985301,60.684625290234806
9.169999999985299,60.68471396983727
9.170999999985296,60.68481259264666
9.171999999985294,60.68492050406085
9.172999999985292,60.68503682763944
9.17399999998529,60.685160587778306
9.174999999985287,60.68529084621394
9.175999999985285,60.68542683319156
9.176999999985282,60.68556805487696
9.17799999998528,60.68571436193739
9.178999999985278,60.68586596967525
9.179999999985275,60.68602342690312
9.180999999985273,60.68618753796254
9.18199999998527,60.686359248867326
9.182999999985269,60.686539513592635
9.183999999985266,60.686729159307404
9.184999999985264,60.68692876947858
9.185999999985262,60.68713860125086
9.18699999998526,60.68735854867147
9.187999999985257,60.687588156892154
9.188999999985255,60.68782668531533
9.189999999985252,60.688073210794855
9.19099999998525,60.68832675637955
9.191999999985248,60.688586427514025
9.192999999985245,60.6888515365723
9.193999999985243,60.68912169823271
9.19499999998524,60.689396882314156
9.195999999985238,60.68967741666097
9.196999999985236,60.68996393970096
9.197999999985234,60.69025730936417
9.198999999985231,60.6905584811848
9.199999999985229,60.69086837273563
9.200999999985227,60.69118773344614
9.201999999985224,60.69151703808114
9.202999999985222,60.69185641882141
9.20399999998522,60.69220564545255
9.204999999985217,60.69256415640795
9.205999999985215,60.6929311362769
9.206999999985213,60.693305628871286
9.20799999998521,60.69368666996009
9.208999999985208,60.69407342102543
9.209999999985206,60.69446528526249
9.210999999985203,60.6948619895329
9.211999999985201,60.69526362077971
9.212999999985199,60.69567061180424
9.213999999985196,60.6960836784316
9.214999999985194,60.69650371691848
9.215999999985192,60.6969316760445
9.21699999998519,60.69736842187345
9.217999999985187,60.69781461418846
9.218999999985185,60.698270611945254
9.219999999985182,60.69873642099985
9.22099999998518,60.69921169141969
9.221999999985178,60.699695764719976
9.222999999985175,60.70018776436575
9.223999999985173,60.70068671681002
9.22499999998517,60.7011916860624
9.225999999985168,60.70170190288899
9.226999999985166,60.702216870502546
9.227999999985164,60.702736431908505
9.228999999985161,60.70326078946106
9.229999999985159,60.703790473904746
9.230999999985157,60.70432626727249
9.231999999985154,60.70486909050427
9.232999999985152,60.7054198715954
9.23399999998515,60.70597941281536
9.234999999985147,60.70654827564385
9.235999999985145,60.707126699572655
9.236999999985143,60.707714566146464
9.23799999998514,60.708311413256695
9.238999999985138,60.70891649764872
9.239999999985136,60.70952889683731
9.240999999985133,60.710147636102704
9.241999999985131,60.71077182272706
9.242999999985129,60.71140076861598
9.243999999985126,60.7120340840904
9.244999999985124,60.712671729683
9.245999999985122,60.7133140186773
9.24699999998512,60.71396157005932
9.247999999985117,60.71461521851387
9.248999999985115,60.71527589413932
9.249999999985112,60.71594448880136
9.25099999998511,60.716621727906876
9.251999999985108,60.71730806560433
9.252999999985105,60.718003618107964
9.253999999985103,60.71870814448041
9.2549999999851,60.719421077536396
9.255999999985098,60.72014160049968
9.256999999985096,60.720868758624974
9.257999999985094,60.72160159009616
9.258999999985091,60.72233925781737
9.259999999985089,60.72308116358329
9.260999999985087,60.72382702860767
9.261999999985084,60.724576929108075
9.262999999985082,60.725331281968664
9.26399999998508,60.726090782521126
9.264999999985077,60.72685630321243
9.265999999985075,60.727628767422324
9.266999999985073,60.72840901617574
9.26799999998507,60.72919768647911
9.268999999985068,60.729995118360925
9.269999999985066,60.730801303649145
9.270999999985063,60.73161588364774
9.271999999985061,60.73243819600622
9.272999999985059,60.733267364171915
9.273999999985056,60.73410241684405
9.274999999985054,60.73494242064593
9.275999999985052,60.73578660738256
9.27699999998505,60.73663447801046
9.277999999985047,60.73748586873604
9.278999999985045,60.73834096995895
9.279999999985042,60.73920029543239
9.28099999998504,60.74006460598873
9.281999999985038,60.74093479858035
9.282999999985035,60.741811776244035
9.283999999985033,60.74269631727415
9.28499999998503,60.74358896198107
9.285999999985028,60.744489932923955
9.286999999985026,60.74539909979345
9.287999999985024,60.746315993841485
9.288999999985021,60.747239869799074
9.28999999998502,60.74816980655951
9.290999999985017,60.749104832474956
9.291999999985014,60.75004405766117
9.292999999985012,60.7509867947271
9.29399999998501,60.75193265098025
9.294999999985007,60.75288157916456
9.295999999985005,60.753833879616906
9.296999999985003,60.75479015356231
9.297999999985,60.755751214138556
9.298999999984998,60.7567179676741
9.299999999984996,60.75769128192145
9.300999999984993,60.7586718597637
9.301999999984991,60.75966013613062
9.302999999984989,60.76065621258048
9.303999999984987,60.76165983870647
9.304999999984984,60.7626704429455
9.305999999984982,60.76368720843313
9.30699999998498,60.764709183229854
9.307999999984977,60.765735409428395
9.308999999984975,60.76676505300277
9.309999999984973,60.76779751616826
9.31099999998497,60.768832516473026
9.311999999984968,60.76987012153111
9.312999999984966,60.77091073453146
9.313999999984963,60.77195503258645
9.31499999998496,60.773003866610544
9.315999999984959,60.774058136819264
9.316999999984956,60.77511866135833
9.317999999984954,60.77618605652371
9.318999999984952,60.77726064538862
9.31999999998495,60.778342407647855
9.320999999984947,60.77943097769416
9.321999999984945,60.78052569116351
9.322999999984942,60.78162567338576
9.32399999998494,60.78272995730132
9.324999999984938,60.78383761427461
9.325999999984935,60.78494787942915
9.326999999984933,60.786060253911295
9.32799999998493,60.787174569721216
9.328999999984928,60.78829100802372
9.329999999984926,60.78941006838126
9.330999999984924,60.790532493265864
9.331999999984921,60.79165915847183
9.332999999984919,60.792790944857025
9.333999999984917,60.79392860944336
9.334999999984914,60.79507267398213
9.335999999984912,60.7962233466233
9.33699999998491,60.79738048766124
9.337999999984907,60.79854362413429
9.338999999984905,60.79971201119582
9.339999999984903,60.80088473161288
9.3409999999849,60.80206081940308
9.341999999984898,60.803239390239696
9.342999999984896,60.80441976031045
9.343999999984893,60.80560153693658
9.344999999984891,60.806784668236
9.345999999984889,60.80796944486761
9.346999999984886,60.80915645363438
9.347999999984884,60.810346489488005
9.348999999984882,60.81154043832707
9.34999999998488,60.8127391470748
9.350999999984877,60.81394329929498
9.351999999984875,60.815153313814726
9.352999999984872,60.816369280572225
9.35399999998487,60.817590942670954
9.354999999984868,60.8188177271281
9.355999999984865,60.82004881996829
9.356999999984863,60.821283275099425
9.35799999998486,60.82252014166376
9.358999999984858,60.82375859197594
9.359999999984856,60.82499803208213
9.360999999984854,60.82623817941602
9.361999999984851,60.82747909665906
9.362999999984849,60.82872117706692
9.363999999984847,60.829965083347545
9.364999999984844,60.83121164870635
9.365999999984842,60.832461753988106
9.36699999998484,60.83371619819118
9.367999999984837,60.83497558055246
9.368999999984835,60.83624021075654
9.369999999984833,60.83751005985871
9.37099999998483,60.83878475878514
9.371999999984828,60.840063644589684
9.372999999984826,60.84134584794291
9.373999999984823,60.842630409549535
9.374999999984821,60.84391640913691
9.375999999984819,60.845203088893776
9.376999999984816,60.846489954031156
9.377999999984814,60.847776836345574
9.378999999984812,60.84906391187171
9.37999999998481,60.85035167016589
9.380999999984807,60.85164083955702
9.381999999984805,60.8529322788966
9.382999999984802,60.854226851041275
9.3839999999848,60.85552529585071
9.384999999984798,60.85682812054821
9.385999999984795,60.85813552282409
9.386999999984793,60.85944735745898
9.38799999998479,60.86076315111762
9.388999999984788,60.86208216320945
9.389999999984786,60.863403484236734
9.390999999984784,60.864726157811894
9.391999999984781,60.86604930919045
9.392999999984779,60.86737226227675
9.393999999984777,60.868694628662745
9.394999999984774,60.8700163562094
9.395999999984772,60.87133773035743
9.39699999998477,60.87265932800423
9.397999999984767,60.873981930454754
9.398999999984765,60.87530640770471
9.399999999984763,60.876633590327714
9.40099999998476,60.87796414697945
9.401999999984758,60.87929848471491
9.402999999984756,60.8806366861056
9.403999999984753,60.88197849195561
9.404999999984751,60.88332333201496
9.405999999984749,60.884670399348614
9.406999999984746,60.8860187578924
9.407999999984744,60.88736746808323
9.408999999984742,60.88871571291058
9.40999999998474,60.89006290669047
9.410999999984737,60.89140877128736
9.411999999984735,60.89275336909253
9.412999999984732,60.89409708814531
9.41399999998473,60.895440581508666
9.414999999984728,60.8967846694496
9.415999999984725,60.898130218187845
9.416999999984723,60.89947801226916
9.41799999998472,60.900828638493245
9.418999999984718,60.902182397698205
9.419999999984716,60.90353925676686
9.420999999984714,60.904898847567274
9.421999999984711,60.90626051294574
9.42299999998471,60.90762339328606
9.423999999984707,60.908986541461225
9.424999999984705,60.91034905002499
9.425999999984702,60.911710172776424
9.4269999999847,60.913069423630674
9.427999999984698,60.91442663891361
9.428999999984695,60.915781994346595
9.429999999984693,60.917135974352625
9.43099999998469,60.918489298022635
9.431999999984688,60.91984281216992
9.432999999984686,60.92119736651985
9.433999999984684,60.922553688583946
9.434999999984681,60.9239122757959
9.435999999984679,60.92527332004559
9.436999999984677,60.926636675185115
9.437999999984674,60.928001872035566
9.438999999984672,60.929368178759
9.43999999998467,60.930734698091065
9.440999999984667,60.93210048776153
9.441999999984665,60.93346468718869
9.442999999984663,60.93482663264599
9.44399999998466,60.93618594473261
9.444999999984658,60.937542575870296
9.445999999984656,60.93889681116535
9.446999999984653,60.94024922254084
9.447999999984651,60.94160058260565
9.448999999984649,60.94295175038879
9.449999999984646,60.94430354501147
9.450999999984644,60.94565662505479
9.451999999984642,60.947011390559524
9.45299999998464,60.948367921407424
9.453999999984637,60.94972596070869
9.454999999984635,60.95108494549706
9.455999999984632,60.952444080395686
9.45699999998463,60.95380244388525
9.457999999984628,60.95515911223805
9.458999999984625,60.9565132837094
9.459999999984623,60.957864385540205
9.46099999998462,60.95921214875349
9.461999999984618,60.960556640246715
9.462999999984616,60.96189824769376
9.463999999984614,60.963237619398036
9.464999999984611,60.96457556758013
9.465999999984609,60.96591294870592
9.466999999984607,60.96725053769024
9.467999999984604,60.968588913651956
9.468999999984602,60.96992837325979
9.4699999999846,60.97126888382036
9.470999999984597,60.972610082668076
9.471999999984595,60.97395132291123
9.472999999984593,60.97529175908515
9.47399999998459,60.9766304606645
9.474999999984588,60.97796653748356
9.475999999984586,60.97929925944965
9.476999999984583,60.98062815373505
9.477999999984581,60.981953065811666
9.478999999984579,60.983274175760094
9.479999999984576,60.98459196758705
9.480999999984574,60.98590715588539
9.481999999984572,60.98722058016526
9.48299999998457,60.98853308172733
9.483999999984567,60.989845380387
9.484999999984565,60.99115796836917
9.485999999984562,60.99247103626325
9.48699999998456,60.9937844414109
9.487999999984558,60.99509772313519
9.488999999984555,60.9964101626425
9.489999999984553,60.99772087915881
9.49099999998455,60.99902894878401
9.491999999984548,61.00033352936581
9.492999999984546,61.001633973851945
9.493999999984544,61.002929916202824
9.494999999984541,61.00422131780606
9.495999999984539,61.00550846788827
9.496999999984537,61.00679193788546
9.497999999984534,61.00807249620829
9.498999999984532,61.00935099540613
9.49999999998453,61.01062824759724
9.500999999984527,61.01190490567803
9.501999999984525,61.01318136698916
9.502999999984523,61.014457712953444
9.50399999998452,61.01573369313465
9.504999999984518,61.01700875592489
9.505999999984516,61.01828212152479
9.506999999984513,61.019552886944325
9.507999999984511,61.020820148268356
9.508999999984509,61.02208312300507
9.509999999984506,61.023341255340554
9.510999999984504,61.02459428951858
9.511999999984502,61.02584230104934
9.5129999999845,61.02708568138628
9.513999999984497,61.02832507824285
9.514999999984495,61.029561299964975
9.515999999984492,61.03079519741599
9.51699999998449,61.03202753998811
9.517999999984488,61.03325890316142
9.518999999984485,61.03448958339825
9.519999999984483,61.03571955230567
9.52099999998448,61.03694845647647
9.521999999984478,61.03817566299955
9.522999999984476,61.03940034422354
9.523999999984474,61.04062158985173
9.524999999984471,61.04183853061525
9.52599999998447,61.0430504561541
9.526999999984467,61.0442569105521
9.527999999984464,61.045457752114665
9.528999999984462,61.04665316900876
9.52999999998446,61.04784364858295
9.530999999984457,61.04902990470503
9.531999999984455,61.05021277335136
9.532999999984453,61.05139309113827
9.53399999998445,61.05257157387492
9.534999999984448,61.05374871219768
9.535999999984446,61.0549246989315
9.536999999984443,61.05609939835561
9.537999999984441,61.05727236165697
9.538999999984439,61.05844288637328
9.539999999984436,61.05961011145125
9.540999999984434,61.06077313455677
9.541999999984432,61.061931135149834
9.54299999998443,61.06308348604348
9.543999999984427,61.064229837773595
9.544999999984425,61.06537016394241
9.545999999984423,61.06650476117583
9.54699999998442,61.06763420372534
9.547999999984418,61.06875925911691
9.548999999984416,61.069880776720154
9.549999999984413,61.0709995649163
9.55099999998441,61.07211627412579
9.551999999984409,61.073231302122544
9.552999999984406,61.074344734917005
9.553999999984404,61.07545633148173
9.554999999984402,61.076565554436016
9.5559999999844,61.07767164235182
9.556999999984397,61.078773713506806
9.557999999984395,61.079870886500316
9.558999999984392,61.0809624007859
9.55999999998439,61.08204772019345
9.560999999984388,61.08312660490711
9.561999999984385,61.08419914180048
9.562999999984383,61.08526572888461
9.56399999998438,61.086327016079224
9.564999999984378,61.08738381065415
9.565999999984376,61.08843696065075
9.566999999984374,61.08948723267737
9.567999999984371,61.090535201251605
9.568999999984369,61.091581165225676
9.569999999984367,61.092625103012836
9.570999999984364,61.09366667287778
9.571999999984362,61.09470525821587
9.57299999998436,61.09574005144139
9.573999999984357,61.0967701646838
9.574999999984355,61.09779475173685
9.575999999984353,61.09881312412721
9.57699999998435,61.0998248450126
9.577999999984348,61.10082978771715
9.578999999984346,61.10182815070671
9.579999999984343,61.10282042690735
9.580999999984341,61.103807331712495
9.581999999984339,61.104789699811434
9.582999999984336,61.105768365358486
9.583999999984334,61.10674404233151
9.584999999984332,61.10771722188452
9.58599999998433,61.10868810110057
9.586999999984327,61.109656553125305
9.587999999984325,61.11062214284523
9.588999999984322,61.1115841858782
9.58999999998432,61.11254184256978
9.590999999984318,61.1134942337763
9.591999999984315,61.114440562167275
9.592999999984313,61.11538022201082
9.59399999998431,61.11631288201792
9.594999999984308,61.11723852962697
9.595999999984306,61.11815747051246
9.596999999984304,61.11907028341317
9.597999999984301,61.119977736650306
9.598999999984299,61.12088067808564
9.599999999984297,61.12177991400414
9.600999999984294,61.122676093938026
9.601999999984292,61.123569617609434
9.60299999998429,61.12446057704279
9.603999999984287,61.1253487419511
9.604999999984285,61.126233590418174
9.605999999984283,61.12711438054114
9.60699999998428,61.12799025295054
9.607999999984278,61.12886034979866
9.608999999984276,61.12972393349762
9.609999999984273,61.13058048853255
9.610999999984271,61.13142979205521
9.611999999984269,61.132271943351356
9.612999999984266,61.133107348066275
9.613999999984264,61.13393665942186
9.614999999984262,61.1347606847145
9.61599999998426,61.13558027025183
9.616999999984257,61.13639618091008
9.617999999984255,61.137208991237166
9.618999999984252,61.13801900338984
9.61999999998425,61.138826203412314
9.620999999984248,61.13963026196834
9.621999999984245,61.14043057939545
9.622999999984243,61.14122636872835
9.62399999998424,61.142016765014766
9.624999999984238,61.14280094556043
9.625999999984236,61.143578244214275
9.626999999984234,61.14434824364357
9.627999999984231,61.14511083264765
9.628999999984229,61.1458662204726
9.629999999984227,61.1466149061321
9.630999999984224,61.1473576070729
9.631999999984222,61.14809515722636
9.63299999998422,61.14882838879595
9.633999999984217,61.149558014396284
9.634999999984215,61.15028452610326
9.635999999984213,61.151008125580184
9.63699999998421,61.15172869506902
9.637999999984208,61.15244581328871
9.638999999984206,61.15315881398199
9.639999999984203,61.153866878861464
9.640999999984201,61.154569151886584
9.641999999984199,61.15526485881698
9.642999999984196,61.15595341524469
9.643999999984194,61.15663450793762
9.644999999984192,61.15730813807521
9.64599999998419,61.15797462031482
9.646999999984187,61.15863453784565
9.647999999984185,61.1592886597622
9.648999999984182,61.15993783239655
9.64999999998418,61.16058285988965
9.650999999984178,61.161224390790984
9.651999999984175,61.16186282660676
9.652999999984173,61.162498265126736
9.65399999998417,61.16313048646172
9.654999999984168,61.16375898372405
9.655999999984166,61.16438303401409
9.656999999984164,61.16500179972515
9.657999999984161,61.16561444592529
9.65899999998416,61.16622025732517
9.659999999984157,61.16681873840409
9.660999999984154,61.16740968263804
9.661999999984152,61.167993201113184
9.66299999998415,61.16856970652921
9.663999999984147,61.1691398548593
9.664999999984145,61.16970445289019
9.665999999984143,61.17026434465217
9.66699999998414,61.17082029271736
9.667999999984138,61.17137287103872
9.668999999984136,61.17192238437961
9.669999999984134,61.17246882562947
9.670999999984131,61.17301187697287
9.671999999984129,61.17355095471996
9.672999999984127,61.17408529147815
9.673999999984124,61.174614044105425
9.674999999984122,61.17513641227615
9.67599999998412,61.17565175100258
9.676999999984117,61.17615966131458
9.677999999984115,61.176660046365406
9.678999999984113,61.17715312509714
9.67999999998411,61.177639401563304
9.680999999984108,61.1781195942427
9.681999999984106,61.17859453530089
9.682999999984103,61.17906505397076
9.6839999999841,61.179531860450226
9.684999999984099,61.17999544662602
9.685999999984096,61.18045601755453
9.686999999984094,61.18091346329712
9.687999999984092,61.181367375039166
9.68899999998409,61.18181710319528
9.689999999984087,61.18226184932198
9.690999999984085,61.18270077890965
9.691999999984082,61.183133139209275
9.69299999998408,61.183558365538744
9.693999999984078,61.18397616114395
9.694999999984075,61.18438653940254
9.695999999984073,61.18478982245408
9.69699999998407,61.18518659647482
9.697999999984068,61.18557762989873
9.698999999984066,61.185963766100464
9.699999999984064,61.186345805636364
9.700999999984061,61.186724394591735
9.701999999984059,61.18709993471393
9.702999999984057,61.18747252793615
9.703999999984054,61.18784196305757
9.704999999984052,61.188207746420915
9.70599999998405,61.18856917225444
9.706999999984047,61.18892542277755
9.707999999984045,61.1892756839995
9.708999999984043,61.18961926094246
9.70999999998404,61.18995567610497
9.710999999984038,61.190284737342154
9.711999999984036,61.19060656563923
9.712999999984033,61.19092157889776
9.713999999984031,61.19123043402886
9.714999999984029,61.19153393552071
9.715999999984026,61.191832923344826
9.716999999984024,61.19212815596614
9.717999999984022,61.19242020489575
9.71899999998402,61.192709375590844
9.719999999984017,61.19299566579293
9.720999999984015,61.19327876712795
9.721999999984012,61.193558109717976
9.72299999998401,61.19383294351185
9.723999999984008,61.19410244489695
9.724999999984005,61.194365833609886
9.725999999984003,61.19462248352155
9.726999999984,61.19487201174402
9.727999999983998,61.19511433354561
9.728999999983996,61.19534967537579
9.729999999983994,61.195578544189836
9.730999999983991,61.19580165740398
9.731999999983989,61.196019843344594
9.732999999983987,61.196233926202666
9.733999999983984,61.19644461166272
9.734999999983982,61.196652389276316
9.73599999998398,61.19685746527744
9.736999999983977,61.197059735253205
9.737999999983975,61.197258800476796
9.738999999983973,61.19745402558221
9.73999999998397,61.19764462945638
9.740999999983968,61.19782979657155
9.741999999983966,61.198008793108606
9.742999999983963,61.19818107156555
9.743999999983961,61.198346349155784
9.744999999983959,61.19850464899528
9.745999999983956,61.198656298305636
9.746999999983954,61.19880188390264
9.747999999983952,61.19894217125272
9.74899999998395,61.199077998487915
9.749999999983947,61.19921016028932
9.750999999983945,61.19933929795746
9.751999999983942,61.199465811106826
9.75299999998394,61.199589803369584
9.753999999983938,61.19971106970953
9.754999999983935,61.19982912709913
9.755999999983933,61.199943284225576
9.75699999998393,61.200052740417775
9.757999999983928,61.20015669988619
9.758999999983926,61.200254485226814
9.759999999983924,61.20034563424766
9.760999999983921,61.20042996652227
9.761999999983919,61.20050761033425
9.762999999983917,61.20057898624772
9.763999999983914,61.20064474962866
9.764999999983912,61.20070570022337
9.76599999998391,61.20076267151679
9.766999999983907,61.20081641542954
9.767999999983905,61.200867498558644
9.768999999983903,61.20091622452532
9.7699999999839,61.20096259332226
9.770999999983898,61.20100630334007
9.771999999983896,61.20104679576341
9.772999999983893,61.201083335076234
9.773999999983891,61.201115114353804
9.774999999983889,61.201141370543105
9.775999999983886,61.20116149353969
9.776999999983884,61.20117511374341
9.777999999983882,61.2011821558023
9.77899999998388,61.20118285100601
9.779999999983877,61.20117770661189
9.780999999983875,61.20116743642678
9.781999999983872,61.20115286242922
9.78299999998387,61.20113480126999
9.783999999983868,61.20111395160692
9.784999999983865,61.20109079810271
9.785999999983863,61.20106554555661
9.78699999998386,61.20103809239635
9.787999999983859,61.20100804722663
9.788999999983856,61.20097478607948
9.789999999983854,61.200937542306455
9.790999999983852,61.200895516470645
9.79199999998385,61.20084799079721
9.792999999983847,61.20079443210934
9.793999999983845,61.2007345687868
9.794999999983842,61.200668430951524
9.79599999998384,61.20059634824471
9.796999999983838,61.200518905531574
9.797999999983835,61.200436862772435
9.798999999983833,61.20035105035032
9.79999999998383,61.20026225457072
9.800999999983828,61.20017110942823
9.801999999983826,61.20007800983874
9.802999999983824,61.19998305850619
9.803999999983821,61.19988605386162
9.804999999983819,61.19978652074237
9.805999999983817,61.199683779475684
9.806999999983814,61.19957704364499
9.807999999983812,61.199465532798
9.80899999998381,61.19934858425912
9.809999999983807,61.19922574834419
9.810999999983805,61.199096853606726
9.811999999983803,61.198962032968026
9.8129999999838,61.19882170706856
9.813999999983798,61.19867652721314
9.814999999983796,61.198527285940685
9.815999999983793,61.19837480780994
9.816999999983791,61.19821983575883
9.817999999983789,61.198062929003264
9.818999999983786,61.197904386814606
9.819999999983784,61.197744208859895
9.820999999983782,61.197582097650375
9.82199999998378,61.19741750272832
9.822999999983777,61.19724970036191
9.823999999983775,61.19707789753971
9.824999999983772,61.196901345650495
9.82599999998377,61.196719447876134
9.826999999983768,61.196531845222545
9.827999999983765,61.19633846910854
9.828999999983763,61.19613955313682
9.82999999998376,61.195935602416846
9.830999999983758,61.19572732476448
9.831999999983756,61.19551553347593
9.832999999983754,61.19530103534617
9.833999999983751,61.19508451968499
9.834999999983749,61.19486646391282
9.835999999983747,61.19464706898817
9.836999999983744,61.19442623371217
9.837999999983742,61.19420357148966
9.83899999998374,61.19397846716569
9.839999999983737,61.19375016593504
9.840999999983735,61.19351788182046
9.841999999983733,61.193280910478634
9.84299999998373,61.19303873048641
9.843999999983728,61.192791078886536
9.844999999983726,61.19253799038279
9.845999999983723,61.19227979469923
9.846999999983721,61.19201707248898
9.847999999983719,61.19175057601129
9.848999999983716,61.19148112574538
9.849999999983714,61.19120949747939
9.850999999983712,61.190936315747706
9.85199999998371,61.19066196857539
9.852999999983707,61.19038655549149
9.853999999983705,61.19010987608755
9.854999999983702,61.189831460699025
9.8559999999837,61.18955063888035
9.856999999983698,61.18926663603232
9.857999999983695,61.188978684603725
9.858999999983693,61.188686134241145
9.85999999998369,61.18838854541673
9.860999999983688,61.188085753388876
9.861999999983686,61.18777789352305
9.862999999983684,61.18746538443373
9.863999999983681,61.18714887133695
9.864999999983679,61.18682913759636
9.865999999983677,61.18650699691091
9.866999999983674,61.18618318130682
9.867999999983672,61.18585824067216
9.86899999998367,61.18553246793829
9.869999999983667,61.185205860400785
9.870999999983665,61.18487812258589
9.871999999983663,61.18454871023468
9.87299999998366,61.184216909203684
9.873999999983658,61.1838819381848
9.874999999983656,61.18354306080968
9.875999999983653,61.18319969139077
9.876999999983651,61.182851479447365
9.877999999983649,61.182498361158004
9.878999999983646,61.182140570516886
9.879999999983644,61.18177860865061
9.880999999983642,61.181413175623334
9.88199999998364,61.18104507433821
9.882999999983637,61.18067510005339
9.883999999983635,61.18030393104587
9.884999999983632,61.17993203578283
9.88599999998363,61.179559609625834
9.886999999983628,61.17918654993571
9.887999999983625,61.17881247304659
9.888999999983623,61.17843677069894
9.88999999998362,61.17805869798414
9.890999999983618,61.17767748043401
9.891999999983616,61.177292425209544
9.892999999983614,61.17690302076724
9.893999999983611,61.17650901100775
9.89499999998361,61.17611043350105
9.895999999983607,61.17570761642605
9.896999999983604,61.175301134682016
9.897999999983602,61.17489173135256
9.8989999999836,61.17448021558326
9.899999999983597,61.174067351234996
9.900999999983595,61.17365375196086
9.901999999983593,61.17323979744181
9.90299999998359,61.17282558252986
9.903999999983588,61.17241090641684
9.904999999983586,61.17199530332388
9.905999999983583,61.17157811037774
9.906999999983581,61.17115856312304
9.907999999983579,61.17073590524196
9.908999999983577,61.17030949706923
9.909999999983574,61.16987890765828
9.910999999983572,61.169443977475005
9.91199999998357,61.16900484292362
9.912999999983567,61.168561919274545
9.913999999983565,61.16811584441723
9.914999999983563,61.16766739136346
9.91599999998356,61.167217361812796
9.916999999983558,61.16676647575022
9.917999999983556,61.166315272588086
9.918999999983553,61.16586403773216
9.91999999998355,61.165412764868755
9.920999999983549,61.16496115924504
9.921999999983546,61.16450868145672
9.922999999983544,61.16405462557031
9.923999999983542,61.16359822059202
9.92499999998354,61.16313874102311
9.925999999983537,61.16267561097384
9.926999999983535,61.162208487213434
9.927999999983532,61.161737309497774
9.92899999998353,61.16126231111939
9.929999999983528,61.16078398821598
9.930999999983525,61.16030303216809
9.931999999983523,61.15982023460841
9.93299999998352,61.159336378407005
9.933999999983518,61.15885212995846
9.934999999983516,61.158367947902164
9.935999999983514,61.15788402108406
9.936999999983511,61.157400244451885
9.937999999983509,61.15691623624176
9.938999999983507,61.15643139401673
9.939999999983504,61.15594498166442
9.940999999983502,61.1554562351235
9.9419999999835,61.154964471980136
9.942999999983497,61.1544691895404
9.943999999983495,61.15397013760686
9.944999999983493,61.15346735574072
9.94599999998349,61.15296116979347
9.946999999983488,61.15245214820834
9.947999999983486,61.151941024259116
9.948999999983483,61.15142859516784
9.949999999983481,61.15091561229534
9.950999999983479,61.15040267783315
9.951999999983476,61.14989016250612
9.952999999983474,61.14937815582803
9.953999999983472,61.14886645587474
9.95499999998347,61.14835459998349
9.955999999983467,61.14784193204451
9.956999999983465,61.14732769691569
9.957999999983462,61.14681114868757
9.95899999998346,61.1462916575888
9.959999999983458,61.14576880051781
9.960999999983455,61.14524242248512
9.961999999983453,61.14471266035534
9.96299999998345,61.14417992556317
9.963999999983448,61.1436448482566
9.964999999983446,61.143108190739376
9.965999999983444,61.14257074239021
9.966999999983441,61.14203321083953
9.967999999983439,61.14149612469303
9.968999999983437,61.14095976146136
9.969999999983434,61.14042411079979
9.970999999983432,61.139888878198576
9.97199999998343,61.139353528580024
9.972999999983427,61.13881736365698
9.973999999983425,61.138279622171915
9.974999999983423,61.137739588931304
9.97599999998342,61.13719669731658
9.976999999983418,61.13665061087885
9.977999999983416,61.13610127256213
9.978999999983413,61.13554891465203
9.979999999983411,61.13499402807327
9.980999999983409,61.13443729536786
9.981999999983406,61.13387949679206
9.982999999983404,61.133321402747015
9.983999999983402,61.132763667661756
9.9849999999834,61.13220674023904
9.985999999983397,61.13165080265543
9.986999999983395,61.13109574723681
9.987999999983392,61.13054119385673
9.98899999998339,61.129986545587805
9.989999999983388,61.129431074771766
9.990999999983385,61.12887402740415
9.991999999983383,61.128314731165005
9.99299999998338,61.127752691923135
9.993999999983378,61.12718766515812
9.994999999983376,61.12661969227832
9.995999999983374,61.12604909674045
9.996999999983371,61.12547644054269
9.997999999983369,61.12490244721994
9.998999999983367,61.12432790218143
9.999999999983364,61.12375354441287
10.000999999983362,61.12317996475665
10.00199999998336,61.1226075250601
10.002999999983357,61.122036309527864
10.003999999983355,61.121466115091025
10.004999999983353,61.12089648211878
10.00599999998335,61.12032676113644
10.006999999983348,61.11975620616157
10.007999999983346,61.11918408153959
10.008999999983343,61.11860976726415
10.009999999983341,61.118032847995586
10.010999999983339,61.11745317327371
10.011999999983336,61.116870880484406
10.012999999983334,61.11628637736354
10.013999999983332,61.11570028652422
10.01499999998333,61.115113359818906
10.015999999983327,61.11452637459169
10.016999999983325,61.113940026407484
10.017999999983322,61.113354833334036
10.01899999998332,61.112771065213444
10.019999999983318,61.11218870784246
10.020999999983315,61.111607467067515
10.021999999983313,61.11102681219662
10.02299999998331,61.11044605260792
10.023999999983308,61.10986443678009
10.024999999983306,61.109281259828414
10.025999999983304,61.108695964439875
10.026999999983301,61.10810822103304
10.0279999999833,61.10751797589173
10.028999999983297,61.10692546051942
10.029999999983295,61.106331160925514
10.030999999983292,61.105735751170094
10.03199999998329,61.1051400005334
10.032999999983288,61.10454466736385
10.033999999983285,61.103950394535374
10.034999999983283,61.10335762119362
10.03599999998328,61.102766523177706
10.036999999983278,61.10217699046527
10.037999999983276,61.10158864478007
10.038999999983274,61.10100089486708
10.039999999983271,61.10041302164751
10.040999999983269,61.0998242812848
10.041999999983267,61.09923401167611
10.042999999983264,61.09864172740889
10.043999999983262,61.098047189850014
10.04499999998326,61.0974504425286
10.045999999983257,61.096851806854104
10.046999999983255,61.09625183879128
10.047999999983253,61.09565125259792
10.04899999998325,61.09505082236502
10.049999999983248,61.094451275203305
10.050999999983246,61.09385319109059
10.051999999983243,61.09325692344178
10.052999999983241,61.09266255154395
10.053999999983239,61.09206987151379
10.054999999983236,61.09147842702296
10.055999999983234,61.09088757545365
10.056999999983232,61.09029658017477
10.05799999998323,61.08970471596689
10.058999999983227,61.08911137278639
10.059999999983225,61.088516143290356
10.060999999983222,61.08791888183812
10.06199999998322,61.08731972669047
10.062999999983218,61.08671908230557
10.063999999983215,61.086117564238805
10.064999999983213,61.08551591441173
10.06599999998321,61.08491489867402
10.066999999983208,61.08431520106302
10.067999999983206,61.0837173296186
10.068999999983204,61.08312154697902
10.069999999983201,61.082527835487795
10.070999999983199,61.081935901690365
10.071999999983197,61.08134521956475
10.072999999983194,61.08075510639325
10.073999999983192,61.08016482060293
10.07499999998319,61.07957366782767
10.075999999983187,61.078981100289184
10.076999999983185,61.078386795543025
10.077999999983183,61.07779070353898
10.07899999998318,61.07719305538601
10.079999999983178,61.07659433262642
10.080999999983176,61.075995201336625
10.081999999983173,61.07539642034987
10.082999999983171,61.074798736502984
10.083999999983169,61.074202781641155
10.084999999983166,61.07360898584358
10.085999999983164,61.073017519050445
10.086999999983162,61.072428269266204
10.08799999998316,61.07184086037777
10.088999999983157,61.07125470705699
10.089999999983155,61.070669099019845
10.090999999983152,61.07008330279208
10.09199999998315,61.06949666668198
10.092999999983148,61.06890871421592
10.093999999983145,61.06831921291163
10.094999999983143,61.067728208739084
10.09599999998314,61.067136021436774
10.096999999983138,61.066543201367544
10.097999999983136,61.0659504539859
10.098999999983134,61.06535854255925
10.099999999983131,61.064768182819144
10.100999999983129,61.06417994434995
10.101999999983127,61.06359417256243
10.102999999983124,61.06301094219557
10.103999999983122,61.062430048856434
10.10499999998312,61.06185103976076
10.105999999983117,61.06127327933574
10.106999999983115,61.06069604045232
10.107999999983113,61.06011860846397
10.10899999998311,61.05954038343341
10.109999999983108,61.05896096618786
10.110999999983106,61.05838021612304
10.111999999983103,61.057798272647645
10.112999999983101,61.05721553726787
10.113999999983099,61.05663261885638
10.114999999983096,61.05605024981127
10.115999999983094,61.05546918490716
10.116999999983092,61.05489009706195
10.11799999998309,61.054313484664405
10.118999999983087,61.05373960347463
10.119999999983085,61.05316843264614
10.120999999983082,61.052599679620336
10.12199999998308,61.05203282318047
10.122999999983078,61.05146718859831
10.123999999983075,61.05090204430493
10.124999999983073,61.05033670649808
10.12599999998307,61.04977063699317
10.126999999983068,61.049203520575375
10.127999999983066,61.04863531099524
10.128999999983064,61.0480662391596
10.129999999983061,61.047496782382595
10.13099999998306,61.046927599038604
10.131999999983057,61.046359437817955
10.132999999983054,61.0457930343529
10.133999999983052,61.0452290097464
10.13499999998305,61.044667785257914
10.135999999983047,61.044109525118394
10.136999999983045,61.04355411548393
10.137999999983043,61.04300118246196
10.13899999998304,61.042450146651014
10.139999999983038,61.041900306515906
10.140999999983036,61.04135093887408
10.141999999983033,61.040801402373404
10.142999999983031,61.04025122942391
10.143999999983029,61.03970019367604
10.144999999983026,61.039148343567554
10.145999999983024,61.03859599724601
10.146999999983022,61.038043699595306
10.14799999998302,61.03749214742393
10.148999999983017,61.036942093347434
10.149999999983015,61.03639424188231
10.150999999983013,61.035849152355595
10.15199999998301,61.03530716226179
10.152999999983008,61.03476834181907
10.153999999983006,61.03423248608459
10.154999999983003,61.03369914571329
10.155999999983,61.03316769201684
10.156999999982999,61.032637407170434
10.157999999982996,61.03210758688303
10.158999999982994,61.03157764111066
10.159999999982992,61.03104717866144
10.16099999998299,61.030516063817934
10.161999999982987,61.029984437031885
10.162999999982985,61.029452696802736
10.163999999982982,61.02892144530428
10.16499999998298,61.02839140541945
10.165999999982978,61.02786332086387
10.166999999982975,61.02733785343506
10.167999999982973,61.02681549183311
10.16899999998297,61.02629648484893
10.169999999982968,61.02578080829079
10.170999999982966,61.02526817027325
10.171999999982964,61.02475805409939
10.172999999982961,61.024249792696054
10.173999999982959,61.0237426641311
10.174999999982957,61.02323599478869
10.175999999982954,61.02272925571044
10.176999999982952,61.02222213857147
10.17799999998295,61.02171460062804
10.178999999982947,61.02120687233268
10.179999999982945,61.02069942656578
10.180999999982943,61.02019291382788
10.18199999998294,61.019688072512324
10.182999999982938,61.01918562688863
10.183999999982936,61.01868618713678
10.184999999982933,61.01819016547149
10.185999999982931,61.01769772013086
10.186999999982929,61.01720873507349
10.187999999982926,61.01672283821196
10.188999999982924,61.01623945559765
10.189999999982922,61.015757893926505
10.19099999998292,61.01527743976598
10.191999999982917,61.01479746155839
10.192999999982915,61.01431750007059
10.193999999982912,61.01383733458992
10.19499999998291,61.01335701557142
10.195999999982908,61.012876859166184
10.196999999982905,61.01239740441588
10.197999999982903,61.01191933914627
10.1989999999829,61.011443404994225
10.199999999982898,61.01097029492412
10.200999999982896,61.01050055763653
10.201999999982894,61.01003452229167
10.202999999982891,61.00957225410681
10.203999999982889,61.00911354704314
10.204999999982887,61.008657954584734
10.205999999982884,61.00820485426586
10.206999999982882,61.00775353686546
10.20799999998288,61.0073033077337
10.208999999982877,61.00685358600875
10.209999999982875,61.00640398779221
10.210999999982873,61.0059543816032
10.21199999998287,61.005504908333755
10.212999999982868,61.00505596291699
10.213999999982866,61.004608140304114
10.214999999982863,61.00416215336247
10.215999999982861,61.00371873424908
10.216999999982859,61.00327853312456
10.217999999982856,61.00284202844453
10.218999999982854,61.00240946142141
10.219999999982852,61.00198080384569
10.22099999998285,61.00155576376663
10.221999999982847,61.00113382821
10.222999999982845,61.00071433691394
10.223999999982842,61.00029657671023
10.22499999998284,60.999879883289445
10.225999999982838,60.999463736052626
10.226999999982835,60.99904783272758
10.227999999982833,60.998632133280104
10.22899999998283,60.998216866959204
10.229999999982828,60.99780250150603
10.230999999982826,60.99738967887088
10.231999999982824,60.99697912649154
10.232999999982821,60.99657155661211
10.233999999982819,60.99616756779979
10.234999999982817,60.99576756249171
10.235999999982814,60.99537169214364
10.236999999982812,60.99497983766277
10.23799999998281,60.99459162785048
10.238999999982807,60.99420649324071
10.239999999982805,60.99382374775156
10.240999999982803,60.99344268667155
10.2419999999828,60.99306268720898
10.242999999982798,60.992683297480454
10.243999999982796,60.992304301439916
10.244999999982793,60.99192575063337
10.245999999982791,60.99154795833716
10.246999999982789,60.99117145691069
10.247999999982786,60.99079692438564
10.248999999982784,60.990425090618075
10.249999999982782,60.9900566362064
10.25099999998278,60.98969209838001
10.251999999982777,60.98933179707123
10.252999999982775,60.98897579154477
10.253999999982772,60.988623873650816
10.25499999998277,60.98827559862904
10.255999999982768,60.987930349114706
10.256999999982765,60.9875874233402
10.257999999982763,60.987246135133724
10.25899999998276,60.98690591166461
10.259999999982758,60.986566375204426
10.260999999982756,60.986227397428
10.261999999982754,60.98588911863294
10.262999999982751,60.98555192919825
10.26399999998275,60.985216415903466
10.264999999982747,60.984883280673024
10.265999999982744,60.98455324318
10.266999999982742,60.9842269410058
10.26799999998274,60.983904841383314
10.268999999982737,60.983587176916345
10.269999999982735,60.983273914288176
10.270999999982733,60.982964760333594
10.27199999998273,60.9826592045977
10.272999999982728,60.9823565923865
10.273999999982726,60.98205621803177
10.274999999982724,60.9817574252653
10.275999999982721,60.98145970060136
10.276999999982719,60.98116274661006
10.277999999982717,60.98086652480255
10.278999999982714,60.98057126211014
10.279999999982712,60.980277420066514
10.28099999998271,60.979985631038325
10.281999999982707,60.9796966104899
10.282999999982705,60.97941105761935
10.283999999982703,60.979129558338464
10.2849999999827,60.97885250422351
10.285999999982698,60.9785800388108
10.286999999982696,60.97831203876028
10.287999999982693,60.97804813251068
10.28899999998269,60.97778775377833
10.289999999982689,60.97753022237331
10.290999999982686,60.97727484096233
10.291999999982684,60.97702099418732
10.292999999982682,60.976768236208365
10.29399999998268,60.976516354381616
10.294999999982677,60.97626540013301
10.295999999982675,60.97601568270083
10.296999999982672,60.9757677266453
10.29799999998267,60.97552219911695
10.298999999982668,60.9752798171161
10.299999999982665,60.97504124779176
10.300999999982663,60.97480701578993
10.30199999998266,60.97457743066068
10.302999999982658,60.97435254450665
10.303999999982656,60.974132145801335
10.304999999982654,60.973915790222634
10.305999999982651,60.973702864149665
10.306999999982649,60.973492671888195
10.307999999982647,60.9732845343634
10.308999999982644,60.973077885411946
10.309999999982642,60.97287235214926
10.31099999998264,60.97266780812567
10.311999999982637,60.972464391820466
10.312999999982635,60.97226248788463
10.313999999982633,60.97206267379403
10.31499999998263,60.971865639424045
10.315999999982628,60.97167209086709
10.316999999982626,60.971482652013144
10.317999999982623,60.97129777772848
10.318999999982621,60.97111769081875
10.319999999982619,60.97094235161658
10.320999999982616,60.9707714644452
10.321999999982614,60.97060452002694
10.322999999982612,60.97044086786117
10.32399999998261,60.97027980839337
10.324999999982607,60.970120692016934
10.325999999982605,60.969963011006456
10.326999999982602,60.96980647146738
10.3279999999826,60.96965103520064
10.328999999982598,60.96949692562199
10.329999999982595,60.969344596908165
10.330999999982593,60.96919467073486
10.33199999998259,60.96904784950656
10.332999999982588,60.968904818291136
10.333999999982586,60.968766149242555
10.334999999982584,60.968632221938165
10.335999999982581,60.968503170809946
10.336999999982579,60.96837886703433
10.337999999982577,60.96825893740026
10.338999999982574,60.96814281748273
10.339999999982572,60.968029831634865
10.34099999998257,60.96791928855123
10.341999999982567,60.9678105789717
10.342999999982565,60.967703261802114
10.343999999982563,60.967597126553315
10.34499999998256,60.96749222334001
10.345999999982558,60.96738885622972
10.346999999982556,60.96728754090127
10.347999999982553,60.96718893257634
10.348999999982551,60.96709373436983
10.349999999982549,60.96700259894946
10.350999999982546,60.96691603732409
10.351999999982544,60.966834347568835
10.352999999982542,60.96675757348475
10.35399999998254,60.966685498979814
10.354999999982537,60.96661767893724
10.355999999982535,60.9665535022154
10.356999999982532,60.966492277914675
10.35799999998253,60.966433332784426
10.358999999982528,60.96637610608302
10.359999999982525,60.96632022856496
10.360999999982523,60.96626557451086
10.36199999998252,60.966212279493874
10.362999999982518,60.96616072140894
10.363999999982516,60.966111467448506
10.364999999982514,60.96606519449144
10.365999999982511,60.96602259411293
10.366999999982509,60.96598427556962
10.367999999982507,60.96595068039312
10.368999999982504,60.96592202058345
10.369999999982502,60.965898249068545
10.3709999999825,60.96587906655971
10.371999999982497,60.96586396381791
10.372999999982495,60.965852293373835
10.373999999982493,60.965843360617754
10.37499999998249,60.96583652145222
10.375999999982488,60.965831272795214
10.376999999982486,60.96582732321767
10.377999999982483,60.965824633805724
10.378999999982481,60.96582342351281
10.379999999982479,60.96582413827326
10.380999999982476,60.96582738822902
10.381999999982474,60.9658338619114
10.382999999982472,60.96584422945348
10.38399999998247,60.96585904843465
10.384999999982467,60.96587868558819
10.385999999982465,60.96590326535631
10.386999999982462,60.96593265250142
10.38799999998246,60.96596647119038
10.388999999982458,60.96600415785154
10.389999999982455,60.966045040360235
10.390999999982453,60.96608843242078
10.39199999998245,60.966133729878045
10.392999999982449,60.966180495431125
10.393999999982446,60.96622851985121
10.394999999982444,60.96627785110929
10.395999999982442,60.96632878733386
10.39699999998244,60.966381834610054
10.397999999982437,60.9664376355619
10.398999999982435,60.966496878772865
10.399999999982432,60.966560201787274
10.40099999998243,60.966628101319266
10.401999999982428,60.966700863280785
10.402999999982425,60.966778522442596
10.403999999982423,60.96686085737546
10.40499999998242,60.96694742135819
10.405999999982418,60.967037604892916
10.406999999982416,60.96713072103123
10.407999999982414,60.967226101514576
10.408999999982411,60.967323190221855
10.409999999982409,60.96742162079677
10.410999999982407,60.967521267557544
10.411999999982404,60.96762226254693
10.412999999982402,60.96772497634284
10.4139999999824,60.96782996534558
10.414999999982397,60.96793789296865
10.415999999982395,60.96804943582119
10.416999999982393,60.96816518807608
10.41799999998239,60.968285577460826
10.418999999982388,60.968410804667634
10.419999999982386,60.96854081467772
10.420999999982383,60.96867530400826
10.421999999982381,60.96881376284277
10.422999999982379,60.968955546108965
10.423999999982376,60.96909996350558
10.424999999982374,60.969246375828966
10.425999999982372,60.96939428406197
10.42699999998237,60.969543398718585
10.427999999982367,60.96969367970795
10.428999999982365,60.96984534113062
10.429999999982362,60.96999882034858
10.43099999998236,60.97015471569083
10.431999999982358,60.97031370157195
10.432999999982355,60.97047643295947
10.433999999982353,60.97064345262346
10.43499999998235,60.970815114196434
10.435999999982348,60.97099153183987
10.436999999982346,60.97117256357144
10.437999999982344,60.971357830568465
10.438999999982341,60.971546769716426
10.439999999982339,60.971738712005
10.440999999982337,60.9719329757451
10.441999999982334,60.97212896151073
10.442999999982332,60.972326235462276
10.44399999998233,60.97252458935712
10.444999999982327,60.972724068815104
10.445999999982325,60.972924965887266
10.446999999982323,60.973127776985436
10.44799999998232,60.97333313210329
10.448999999982318,60.97354170529193
10.449999999982316,60.97375411897998
10.450999999982313,60.973970855585506
10.451999999982311,60.97419218883116
10.452999999982309,60.97441814439618
10.453999999982306,60.97464849541443
10.454999999982304,60.97488279342678
10.455999999982302,60.97512043042239
10.4569999999823,60.975360723240065
10.457999999982297,60.97560300846225
10.458999999982295,60.975846734469265
10.459999999982292,60.97609153772377
10.46099999998229,60.97633729257355
10.461999999982288,60.976584127590165
10.462999999982285,60.976832406160206
10.463999999982283,60.97708267407666
10.46499999998228,60.97733558151414
10.465999999982278,60.97759179036732
10.466999999982276,60.9778518799819
10.467999999982274,60.97811626452526
10.468999999982271,60.97838513359816
10.469999999982269,60.97865842441557
10.470999999982267,60.97893582944389
10.471999999982264,60.97921683840215
10.472999999982262,60.97950080870857
10.47399999998226,60.97978705446455
10.474999999982257,60.98007494146949
10.475999999982255,60.98036397491931
10.476999999982253,60.9806538674722
10.47799999998225,60.98094457812637
10.478999999982248,60.981236316462216
10.479999999982246,60.98152951166575
10.480999999982243,60.98182475070587
10.481999999982241,60.98212269437011
10.482999999982239,60.982423982971
10.483999999982236,60.982729144979764
10.484999999982234,60.98303852142148
10.485999999982232,60.98335221664091
10.48699999998223,60.983670082338506
10.487999999982227,60.98399173709365
10.488999999982225,60.984316618613555
10.489999999982222,60.984644061351666
10.49099999998222,60.98497338857968
10.491999999982218,60.98530400597603
10.492999999982215,60.98563548358196
10.493999999982213,60.985967614613834
10.49499999998221,60.986300442880385
10.495999999982208,60.98663425496095
10.496999999982206,60.98696953826188
10.497999999982204,60.98730691086517
10.498999999982201,60.98764703304002
10.4999999999822,60.98799051286613
10.500999999982197,60.98833781922723
10.501999999982194,60.988689214397674
10.502999999982192,60.98904471567475
10.50399999998219,60.989404091427694
10.504999999982187,60.989766892097336
10.505999999982185,60.99013251177398
10.506999999982183,60.99050027168666
10.50799999998218,60.990869513869676
10.508999999982178,60.991239691843525
10.509999999982176,60.99161044557208
10.510999999982173,60.991981650174786
10.511999999982171,60.992353431557596
10.512999999982169,60.99272614678673
10.513999999982166,60.99310033197726
10.514999999982164,60.99347662504029
10.515999999982162,60.99385567415986
10.51699999998216,60.99423804486734
10.517999999982157,60.99462413877353
10.518999999982155,60.99501413536679
10.519999999982153,60.995407965041174
10.52099999998215,60.99580531712074
10.521999999982148,60.99620568173523
10.522999999982146,60.99660841964629
10.523999999982143,60.997012850203724
10.52499999998214,60.99741834506908
10.525999999982139,60.997824414540034
10.526999999982136,60.99823077435412
10.527999999982134,60.998637383593575
10.528999999982132,60.9990444483769
10.52999999998213,60.99945239083678
10.530999999982127,60.9998617877576
10.531999999982125,61.000273287516755
10.532999999982122,61.00068751701144
10.53399999998212,61.001104991657165
10.534999999982118,61.001526041100824
10.535999999982115,61.00195076107194
10.536999999982113,61.00237899811913
10.53799999998211,61.00281036935167
10.538999999982108,61.00324431439546
10.539999999982106,61.00368017224339
10.540999999982104,61.00411727220023
10.541999999982101,61.00455502613797
10.542999999982099,61.004993009097404
10.543999999982097,61.005431016925286
10.544999999982094,61.00586909284741
10.545999999982092,61.006307519261526
10.54699999998209,61.00674677592046
10.547999999982087,61.0071874703954
10.548999999982085,61.00763025061098
10.549999999982083,61.008075711750095
10.55099999998208,61.00852431061408
10.551999999982078,61.00897629946164
10.552999999982076,61.0094316886088
10.553999999982073,61.00989024302376
10.554999999982071,61.01035151337354
10.555999999982069,61.01081489714326
10.556999999982066,61.01127972122894
10.557999999982064,61.01174533439271
10.558999999982062,61.01221119658768
10.55999999998206,61.012676952608466
10.560999999982057,61.0131424797234
10.561999999982055,61.01360790261018
10.562999999982052,61.01407357351159
10.56399999998205,61.01454002041841
10.564999999982048,61.015007870576895
10.565999999982045,61.01547776008781
10.566999999982043,61.01595024230736
10.56799999998204,61.01642570792111
10.568999999982038,61.01690432791344
10.569999999982036,61.01738602742987
10.570999999982034,61.01787049418487
10.571999999982031,61.01835722021391
10.572999999982029,61.018845571087255
10.573999999982027,61.01933487285129
10.574999999982024,61.01982450447847
10.575999999982022,61.02031398283848
10.57699999998202,61.02080302825469
10.577999999982017,61.02129160144957
10.578999999982015,61.02177990669314
10.579999999982013,61.02226836073605
10.58099999998201,61.022757531902236
10.581999999982008,61.02324805792191
10.582999999982006,61.02374055406408
10.583999999982003,61.02423552448064
10.584999999982001,61.02473328921874
10.585999999981999,61.02523393714307
10.586999999981996,61.02573731136198
10.587999999981994,61.02624302918535
10.588999999981992,61.02675053378735
10.58999999998199,61.02725917030344
10.590999999981987,61.02776827565893
10.591999999981985,61.028277269508294
10.592999999981982,61.02878573350575
10.59399999998198,61.0292934677773
10.594999999981978,61.029800516664615
10.595999999981975,61.030307160140865
10.596999999981973,61.03081387211446
10.59799999998197,61.0313212515046
10.598999999981968,61.03182993578249
10.599999999981966,61.03234050914468
10.600999999981964,61.03285341821745
10.601999999981961,61.03336890713347
10.602999999981959,61.03388698108376
10.603999999981957,61.034407403449386
10.604999999981954,61.034929726893
10.605999999981952,61.03545335402559
10.60699999998195,61.035977619113105
10.607999999981947,61.03650187933429
10.608999999981945,61.03702560276993
10.609999999981943,61.037548440761775
10.61099999998194,61.038070274482955
10.611999999981938,61.03859122918763
10.612999999981936,61.039111654154794
10.613999999981933,61.0396320711607
10.614999999981931,61.04015309873967
10.615999999981929,61.040675362891484
10.616999999981926,61.04119940678922
10.617999999981924,61.04172561217781
10.618999999981922,61.042254143497104
10.61999999998192,61.0427849225669
10.620999999981917,61.04331763736922
10.621999999981915,61.043851783675656
10.622999999981912,61.04438673365594
10.62399999998191,61.04492182181685
10.624999999981908,61.04545643619449
10.625999999981905,61.04599010198827
10.626999999981903,61.04652254589143
10.6279999999819,61.0470537320873
10.628999999981898,61.04758386486875
10.629999999981896,61.04811335752622
10.630999999981894,61.048642771892574
10.631999999981891,61.04917273705935
10.63299999998189,61.04970385869627
10.633999999981887,61.0502366317256
10.634999999981884,61.05077136861482
10.635999999981882,61.051308153352785
10.63699999998188,61.05184682755531
10.637999999981878,61.052387010630675
10.638999999981875,61.05292815115288
10.639999999981873,61.053469602210136
10.64099999998187,61.05401071013277
10.641999999981868,61.05455090413297
10.642999999981866,61.05508977425985
10.643999999981864,61.055627126727245
10.644999999981861,61.05616300884188
10.645999999981859,61.0566977000462
10.646999999981857,61.05723167034967
10.647999999981854,61.05776551200601
10.648999999981852,61.05829985405398
10.64999999998185,61.05883527173918
10.650999999981847,61.05937220354711
10.651999999981845,61.059910887497026
10.652999999981843,61.06045132563181
10.65399999998184,61.06099328167559
10.654999999981838,61.06153631216583
10.655999999981836,61.06207982666938
10.656999999981833,61.06262316861108
10.657999999981831,61.06316570535099
10.658999999981829,61.063706914854
10.659999999981826,61.06424645677601
10.660999999981824,61.06478421798881
10.661999999981822,61.06532032615615
10.66299999998182,61.065855129472176
10.663999999981817,61.066389145424495
10.664999999981815,61.06692298580077
10.665999999981812,61.067457268490585
10.66699999998181,61.06799252848533
10.667999999981808,61.06852914058093
10.668999999981805,61.06906726463804
10.669999999981803,61.069606821073585
10.6709999999818,61.07014750000879
10.671999999981798,61.07068880277001
10.672999999981796,61.07123010989475
10.673999999981794,61.07177076607969
10.674999999981791,61.07231017012977
10.675999999981789,61.072847857273835
10.676999999981787,61.07338356228526
10.677999999981784,61.073917254549414
10.678999999981782,61.074449140161676
10.67999999998178,61.07497963077741
10.680999999981777,61.0755092836065
10.681999999981775,61.07603872100322
10.682999999981773,61.07656854096165
10.68399999998177,61.07709923110024
10.684999999981768,61.077631098217054
10.685999999981766,61.07816422330201
10.686999999981763,61.078698448307705
10.687999999981761,61.079233396516
10.688999999981759,61.0797685236202
10.689999999981756,61.08030319233015
10.690999999981754,61.080836760011856
10.691999999981752,61.081368667043975
10.69299999998175,61.081898513477384
10.693999999981747,61.08242611323384
10.694999999981745,61.082951518234445
10.695999999981742,61.083475009081575
10.69699999998174,61.083997053619086
10.697999999981738,61.08451823920842
10.698999999981735,61.08503918825908
10.699999999981733,61.085560468883095
10.70099999998173,61.08608251323905
10.701999999981728,61.086605555023674
10.702999999981726,61.08712959488357
10.703999999981724,61.08765439858594
10.704999999981721,61.088179528184554
10.705999999981719,61.08870440178653
10.706999999981717,61.08922837351095
10.707999999981714,61.089750822397875
10.708999999981712,61.09027123777544
10.70999999998171,61.09078928909233
10.710999999981707,61.091304870414646
10.711999999981705,61.09181811334406
10.712999999981703,61.09232936655754
10.7139999999817,61.09283914486309
10.714999999981698,61.09334805494749
10.715999999981696,61.09385670826006
10.716999999981693,61.09436563328836
10.717999999981691,61.094875199547474
10.718999999981689,61.09538556395687
10.719999999981686,61.09589664712377
10.720999999981684,61.096408142845995
10.721999999981682,61.09691955948112
10.72299999998168,61.097430287353426
10.723999999981677,61.097939682718795
10.724999999981675,61.09844715648684
10.725999999981672,61.0989522552362
10.72699999998167,61.09945472314475
10.727999999981668,61.0999545361436
10.728999999981665,61.10045190350637
10.729999999981663,61.100947236669626
10.73099999998166,61.10144108967652
10.731999999981658,61.10193407963273
10.732999999981656,61.102426798364405
10.733999999981654,61.10291972769572
10.734999999981651,61.10341317024728
10.735999999981649,61.10390720546647
10.736999999981647,61.10440167704884
10.737999999981644,61.10489621349601
10.738999999981642,61.105390278904245
10.73999999998164,61.105883246831446
10.740999999981637,61.10637448685868
10.741999999981635,61.10686345168032
10.742999999981633,61.10734975248518
10.74399999998163,61.107833212047346
10.744999999981628,61.108313888070285
10.745999999981626,61.1087920635185
10.746999999981623,61.10926820531109
10.747999999981621,61.1097428971977
10.748999999981619,61.11021675626482
10.749999999981616,61.11069034481263
10.750999999981614,61.11116408998836
10.751999999981612,61.11163822245872
10.75299999998161,61.1121127427246
10.753999999981607,61.11258741979102
10.754999999981605,61.11306182236112
10.755999999981602,61.113535378151745
10.7569999999816,61.114007452989185
10.757999999981598,61.11447743856224
10.758999999981596,61.114944836505096
10.759999999981593,61.11540932699533
10.76099999998159,61.115870812240665
10.761999999981589,61.11632942875366
10.762999999981586,61.11678552670413
10.763999999981584,61.11723961926968
10.764999999981582,61.11769230911862
10.76599999998158,61.11814420236827
10.766999999981577,61.11859582211759
10.767999999981575,61.119047533704425
10.768999999981572,61.119499492180694
10.76999999998157,61.119951619369935
10.770999999981568,61.120403613713776
10.771999999981565,61.12085499150325
10.772999999981563,61.121305153688795
10.77399999998156,61.121753468871034
10.774999999981558,61.12219936080964
10.775999999981556,61.122642388156706
10.776999999981554,61.12308230521578
10.777999999981551,61.12351909520098
10.778999999981549,61.12395297133328
10.779999999981547,61.124384345634795
10.780999999981544,61.12481376982531
10.781999999981542,61.12524185663788
10.78299999998154,61.12566919262438
10.783999999981537,61.126096254711044
10.784999999981535,61.12652334221926
10.785999999981533,61.12695053389565
10.78699999998153,61.12737767596838
10.787999999981528,61.12780440288609
10.788999999981526,61.12823018780948
10.789999999981523,61.12865441574456
10.790999999981521,61.129076469036164
10.791999999981519,61.12949581320847
10.792999999981516,61.12991207108715
10.793999999981514,61.130325074800744
10.794999999981512,61.13073488835668
10.79599999998151,61.131141797637696
10.796999999981507,61.1315462692324
10.797999999981505,61.131948883909615
10.798999999981502,61.13235025409308
10.7999999999815,61.13275093694474
10.800999999981498,61.13315135527025
10.801999999981495,61.13355173735177
10.802999999981493,61.13395208414791
10.80399999998149,61.13435216844915
10.804999999981488,61.13475156608952
10.805999999981486,61.13514971481302
10.806999999981484,61.13554599251074
10.807999999981481,61.135939803832
10.808999999981479,61.13633066299831
10.809999999981477,61.13671826118864
10.810999999981474,61.13710250903557
10.811999999981472,61.13748354826968
10.81299999998147,61.13786173089689
10.813999999981467,61.13823756884749
10.814999999981465,61.138611661191
10.815999999981463,61.138984609155216
10.81699999998146,61.13935693090295
10.817999999981458,61.13972898803652
10.818999999981456,61.14010093415179
10.819999999981453,61.14047269265349
10.820999999981451,61.140843966931584
10.821999999981449,61.14121428144948
10.822999999981446,61.14158304795802
10.823999999981444,61.14194964752153
10.824999999981442,61.14231351682841
10.82599999998144,61.14267422665951
10.826999999981437,61.143031541497436
10.827999999981435,61.143385451908514
10.828999999981432,61.143736175158466
10.82999999998143,61.14408412399372
10.830999999981428,61.14442984798707
10.831999999981425,61.14477395570893
10.832999999981423,61.14511702866918
10.83399999998142,61.145459539129966
10.834999999981418,61.14580178333181
10.835999999981416,61.14614383950274
10.836999999981414,61.146485556533975
10.837999999981411,61.14682657489005
10.838999999981409,61.14716637679856
10.839999999981407,61.14750435865433
10.840999999981404,61.147839915457446
10.841999999981402,61.14817252541632
10.8429999999814,61.148501822833424
10.843999999981397,61.148827649037244
10.844999999981395,61.14915007420622
10.845999999981393,61.14946938704137
10.84699999998139,61.14978605374464
10.847999999981388,61.15010065208465
10.848999999981386,61.15041378983543
10.849999999981383,61.15072601904901
10.850999999981381,61.15103775821585
10.851999999981379,61.15134923323765
10.852999999981376,61.15166044549309
10.853999999981374,61.15197117146563
10.854999999981372,61.15228099396557
10.85599999998137,61.15258936054322
10.856999999981367,61.15289566087614
10.857999999981365,61.15319931225069
10.858999999981362,61.15349984112561
10.85999999998136,61.15379694932362
10.860999999981358,61.154090555554106
10.861999999981355,61.15438080644799
10.862999999981353,61.15466805556881
10.86399999998135,61.15495281336193
10.864999999981348,61.15523567509846
10.865999999981346,61.15551723694697
10.866999999981344,61.15579801197372
10.867999999981341,61.15607835787779
10.86899999998134,61.15635842660337
10.869999999981337,61.15663814289525
10.870999999981334,61.15691721479224
10.871999999981332,61.15719517456802
10.87299999998133,61.15747144434917
10.873999999981327,61.157745417186156
10.874999999981325,61.15801654217827
10.875999999981323,61.15828440169998
10.87699999998132,61.158548769877505
10.877999999981318,61.15880964411236
10.878999999981316,61.1590672452336
10.879999999981314,61.15932198627133
10.880999999981311,61.15957441425581
10.881999999981309,61.159825133234456
10.882999999981307,61.160074719339086
10.883999999981304,61.16032363983831
10.884999999981302,61.16057218754783
10.8859999999813,61.16082043980073
10.886999999981297,61.161068247725616
10.887999999981295,61.1613152573171
10.888999999981293,61.16156095932223
10.88999999998129,61.16180476091799
10.890999999981288,61.16204606910418
10.891999999981286,61.16228437408945
10.892999999981283,61.16251932095748
10.89399999998128,61.16275075954699
10.894999999981279,61.16297876554845
10.895999999981276,61.16320362985993
10.896999999981274,61.16342581771826
10.897999999981272,61.163645903359665
10.89899999998127,61.16386448940907
10.899999999981267,61.16408212233062
10.900999999981265,61.16429921582108
10.901999999981262,61.164515992903986
10.90299999998126,61.16473245484344
10.903999999981258,61.16494838122908
10.904999999981255,61.165163361199205
10.905999999981253,61.16537685140245
10.90699999998125,61.16558825254098
10.907999999981248,61.165796993734595
10.908999999981246,61.166002612854065
10.909999999981244,61.16620482153673
10.910999999981241,61.16640354575872
10.911999999981239,61.166598936273765
10.912999999981237,61.16679134746702
10.913999999981234,61.166981287613396
10.914999999981232,61.16716934754164
10.91599999998123,61.16735611774774
10.916999999981227,61.16754210560473
10.917999999981225,61.167727664306355
10.918999999981223,61.16791294351811
10.91999999998122,61.16809786865665
10.920999999981218,61.16828215168746
10.921999999981216,61.16846533191126
10.922999999981213,61.168646840991
10.923999999981211,61.16882608307342
10.924999999981209,61.16900251874825
10.925999999981206,61.16917574104658
10.926999999981204,61.16934553280814
10.927999999981202,61.16951189736596
10.9289999999812,61.16967505824703
10.929999999981197,61.16983542794734
10.930999999981195,61.16999355018417
10.931999999981192,61.170150023755426
10.93299999998119,61.17030541871429
10.933999999981188,61.170460196645756
10.934999999981185,61.17061464624081
10.935999999981183,61.170768843208066
10.93699999998118,61.170922640138635
10.937999999981178,61.17107568772756
10.938999999981176,61.171227484351995
10.939999999981174,61.17137744702931
10.940999999981171,61.17152499377508
10.941999999981169,61.171669625788354
10.942999999981167,61.17181099791857
10.943999999981164,61.17194896751663
10.944999999981162,61.172083614816515
10.94599999998116,61.17221523199087
10.946999999981157,61.172344282439994
10.947999999981155,61.17247133604437
10.948999999981153,61.17259698949621
10.94999999998115,61.17272178291008
10.950999999981148,61.17284612443396
10.951999999981146,61.17297023344212
10.952999999981143,61.173094110279294
10.953999999981141,61.17321753678777
10.954999999981139,61.17334010752577
10.955999999981136,61.17346128727575
10.956999999981134,61.17358048675048
10.957999999981132,61.17369714585535
10.95899999998113,61.17381081280804
10.959999999981127,61.173921207999186
10.960999999981125,61.174028263634
10.961999999981122,61.174132133589524
10.96299999998112,61.17423317212534
10.963999999981118,61.17433188444739
10.964999999981115,61.174428856093634
10.965999999981113,61.174524671074835
10.96699999998111,61.1746198302764
10.967999999981108,61.174714681592135
10.968999999981106,61.174809371594534
10.969999999981104,61.17490382551802
10.970999999981101,61.17499775835235
10.971999999981099,61.175090715467974
10.972999999981097,61.175182137052126
10.973999999981094,61.17527143729562
10.974999999981092,61.17535808719674
10.97599999998109,61.17544168935483
10.976999999981087,61.17552203424731
10.977999999981085,61.175599130093325
10.978999999981083,61.17567320211736
10.97999999998108,61.17574466133515
10.980999999981078,61.17581404725765
10.981999999981076,61.175881952584405
10.982999999981073,61.17594894047513
10.983999999981071,61.176015466030094
10.984999999981069,61.176081813008054
10.985999999981066,61.17614805465964
10.986999999981064,61.176214044164475
10.987999999981062,61.176279435991994
10.98899999998106,61.176343735171535
10.989999999981057,61.176406367532685
10.990999999981055,61.17646676104247
10.991999999981052,61.17652442680762
10.99299999998105,61.176579028361125
10.993999999981048,61.17663042950405
10.994999999981045,61.17667871399026
10.995999999981043,61.17672417429488
10.99699999998104,61.17676727106445
10.997999999981038,61.17680856895916
10.998999999981036,61.176848657916835
10.999999999981034,61.17688807091011
11.000999999981032,61.17692720975313
11.00199999998103,61.17696628937456
11.002999999981027,61.1770053083729
11.003999999981025,61.17704404997252
11.004999999981022,61.17708211322965
11.00599999998102,61.17711897008731
11.006999999981018,61.177154040252574
11.007999999981015,61.17718677337042
11.008999999981013,61.17721672694712
11.00999999998101,61.17724362907965
11.010999999981008,61.17726741718238
11.011999999981006,61.17728824728205
11.012999999981004,61.177306472590786
11.013999999981001,61.17732259438354
11.014999999980999,61.17733719209587
11.015999999980997,61.17735084248056
11.016999999980994,61.177364039187125
11.017999999980992,61.17737712406343
11.01899999998099,61.17739023982482
11.019999999980987,61.177403310726554
11.020999999980985,61.17741605393824
11.021999999980983,61.177428020005294
11.02299999998098,61.17743865669773
11.023999999980978,61.1774473872682
11.024999999980976,61.17745369212138
11.025999999980973,61.17745718241896
11.026999999980971,61.17745765528765
11.027999999980969,61.17745512288004
11.028999999980966,61.1774498112154
11.029999999980964,61.17744212898353
11.030999999980962,61.17743261070165
11.03199999998096,61.17742184223228
11.032999999980957,61.1774103791383
11.033999999980955,61.17739866934926
11.034999999980952,61.177386991002365
11.03599999998095,61.17737541417902
11.036999999980948,61.17736379189748
11.037999999980945,61.17735178160556
11.038999999980943,61.17733889413725
11.03999999998094,61.17732456324465
11.040999999980938,61.17730822592274
11.041999999980936,61.17728940224788
11.042999999980934,61.17726776350393
11.043999999980931,61.17724317903594
11.044999999980929,61.17721573525241
11.045999999980927,61.17718572411908
11.046999999980924,61.177153602777175
11.047999999980922,61.17711992997057
11.04899999998092,61.17708528823363
11.049999999980917,61.17705020277817
11.050999999980915,61.17701506847674
11.051999999980913,61.17698009519547
11.05299999998091,61.17694527914236
11.053999999980908,61.17691040423924
11.054999999980906,61.1768750733074
11.055999999980903,61.17683876466932
11.056999999980901,61.17680090620525
11.057999999980899,61.176760956452846
11.058999999980896,61.17671848135375
11.059999999980894,61.17667321587001
11.060999999980892,61.176625101815944
11.06199999998089,61.17657429660718
11.062999999980887,61.176521151704996
11.063999999980885,61.176466163808065
11.064999999980882,61.17640990566003
11.06599999998088,61.17635294620819
11.066999999980878,61.176295771342765
11.067999999980875,61.17623871634721
11.068999999980873,61.176181919547034
11.06999999998087,61.176125303653485
11.070999999980868,61.17606858740846
11.071999999980866,61.17601132587548
11.072999999980864,61.17595297370523
11.073999999980861,61.17589296247707
11.074999999980859,61.17583078124462
11.075999999980857,61.17576604897607
11.076999999980854,61.17569856871178
11.077999999980852,61.175628355840175
11.07899999998085,61.17555563653155
11.079999999980847,61.175480816563194
11.080999999980845,61.17540442493137
11.081999999980843,61.17532704018622
11.08299999998084,61.17524920985521
11.083999999980838,61.1751713742773
11.084999999980836,61.17509380554671
11.085999999980833,61.17501657013398
11.086999999980831,61.17493952041848
11.087999999980829,61.17486231630268
11.088999999980826,61.1747844738558
11.089999999980824,61.174705434138176
11.090999999980822,61.174624642532066
11.09199999998082,61.174541627427466
11.092999999980817,61.17445606721171
11.093999999980815,61.174367836151134
11.094999999980812,61.17427702273196
11.09599999998081,61.1741839178897
11.096999999980808,61.17408897479787
11.097999999980805,61.17399274587969
11.098999999980803,61.17389580590927
11.0999999999808,61.173798672011024
11.100999999980798,61.17370173180255
11.101999999980796,61.17360518976585
11.102999999980794,61.173509039371446
11.103999999980791,61.173413064851715
11.10499999998079,61.1733168723593
11.105999999980787,61.173219946116845
11.106999999980784,61.173121721659975
11.107999999980782,61.17302166587614
11.10899999998078,61.172919352594135
11.109999999980777,61.17281452310511
11.110999999980775,61.17270712312314
11.111999999980773,61.17259731099813
11.11299999998077,61.17248543604513
11.113999999980768,61.172371990051204
11.114999999980766,61.172257538785054
11.115999999980763,61.17214264315058
11.116999999980761,61.172027781064465
11.117999999980759,61.171913281037526
11.118999999980756,61.17179927678239
11.119999999980754,61.17168568921285
11.120999999980752,61.171572238346585
11.12199999998075,61.1714584834224
11.122999999980747,61.171343885584875
11.123999999980745,61.17122788431628
11.124999999980743,61.171109976879784
11.12599999998074,61.17098978960942
11.126999999980738,61.170867131038605
11.127999999980736,61.170742019410284
11.128999999980733,61.170614680714316
11.12999999998073,61.17048551754482
11.130999999980729,61.170355053163114
11.131999999980726,61.17022385864494
11.132999999980724,61.17009247335689
11.133999999980722,61.16996132993989
11.13499999998072,61.16983069433693
11.135999999980717,61.169700629278786
11.136999999980715,61.16957098634131
11.137999999980712,61.16944142767257
11.13899999998071,61.16931147432013
11.139999999980708,61.169180574355025
11.140999999980705,61.16904818121772
11.141999999980703,61.16891383127081
11.1429999999807,61.16877720966872
11.143999999980698,61.16863819529178
11.144999999980696,61.16849687843732
11.145999999980694,61.16835354879813
11.146999999980691,61.168208655426575
11.147999999980689,61.16806274432825
11.148999999980687,61.16791638246508
11.149999999980684,61.16777007885389
11.150999999980682,61.16762421384782
11.15199999998068,61.167478986527755
11.152999999980677,61.167334387582244
11.153999999980675,61.167190201471286
11.154999999980673,61.1670460375489
11.15599999998067,61.16690138576125
11.156999999980668,61.166755689083786
11.157999999980666,61.16660842251324
11.158999999980663,61.16645916751692
11.159999999980661,61.166307671480276
11.160999999980659,61.166153883811404
11.161999999980656,61.16599796363691
11.162999999980654,61.16584025802318
11.163999999980652,61.16568125379998
11.16499999998065,61.16552150977029
11.165999999980647,61.16536157884117
11.166999999980645,61.16520193102845
11.167999999980642,61.16504288814674
11.16899999998064,61.16488457935761
11.169999999980638,61.164726923807066
11.170999999980635,61.16456964277513
11.171999999980633,61.16441229961513
11.17299999998063,61.164254361858134
11.173999999980628,61.16409527674835
11.174999999980626,61.16393454959582
11.175999999980624,61.16377181393625
11.176999999980621,61.16360688364987
11.177999999980619,61.16343977972372
11.178999999980617,61.163270727907154
11.179999999980614,61.163100127604324
11.180999999980612,61.16292849639313
11.18199999998061,61.16275639797275
11.182999999980607,61.162584363682235
11.183999999980605,61.16241281861485
11.184999999980603,61.162242022709314
11.1859999999806,61.16207203508182
11.186999999980598,61.16190270659397
11.187999999980596,61.16173370168268
11.188999999980593,61.16156454636781
11.189999999980591,61.16139469568296
11.190999999980589,61.161223611045024
11.191999999980586,61.16105083669414
11.192999999980584,61.16087606446075
11.193999999980582,61.160699177769295
11.19499999998058,61.160520268699756
11.195999999980577,61.160339625723
11.196999999980575,61.16015769384813
11.197999999980572,61.15997501279223
11.19899999998057,61.15979214187783
11.199999999980568,61.15960958221572
11.200999999980565,61.159427707105046
11.201999999980563,61.15924671042555
11.20299999998056,61.15906658025729
11.203999999980558,61.15888710141884
11.204999999980556,61.158707886549024
11.205999999980554,61.158528431353
11.206999999980551,61.15834818624074
11.207999999980549,61.15816663428519
11.208999999980547,61.157983364548315
11.209999999980544,61.15779813047699
11.210999999980542,61.15761088516798
11.21199999998054,61.15742178856059
11.212999999980537,61.1572311855599
11.213999999980535,61.15703955818163
11.214999999980533,61.15684745845318
11.21599999998053,61.15665543151542
11.216999999980528,61.15646393973261
11.217999999980526,61.15627329847512
11.218999999980523,61.156083632588064
11.219999999980521,61.155894859651184
11.220999999980519,61.155706702363645
11.221999999980516,61.15551872830008
11.222999999980514,61.155330411438456
11.223999999980512,61.15514120680723
11.22499999998051,61.15495062776134
11.225999999980507,61.15475831503363
11.226999999980505,61.15456408786045
11.227999999980502,61.15436797001336
11.2289999999805,61.15417018708523
11.229999999980498,61.15397113542951
11.230999999980495,61.15377132712869
11.231999999980493,61.153571318739836
11.23299999998049,61.153371633839186
11.233999999980488,61.153172690251
11.234999999980486,61.152974742183
11.235999999980484,61.15277784538692
11.236999999980481,61.15258185022061
11.23799999998048,61.15238642357284
11.238999999980477,61.152191096549736
11.239999999980474,61.15199533121427
11.240999999980472,61.15179859699406
11.24199999998047,61.15160044602135
11.242999999980468,61.15140057681863
11.243999999980465,61.151198877389916
11.244999999980463,61.15099544166765
11.24599999998046,61.15079055701852
11.246999999980458,61.150584664575405
11.247999999980456,61.15037829798396
11.248999999980454,61.1501720091843
11.249999999980451,61.149966291661016
11.250999999980449,61.14976151194629
11.251999999980447,61.1495578589933
11.252999999980444,61.149355318517955
11.253999999980442,61.14915367589884
11.25499999998044,61.14895254721157
11.255999999980437,61.148751434022245
11.256999999980435,61.14854979423343
11.257999999980433,61.148347119022255
11.25899999998043,61.14814300506194
11.259999999980428,61.14793721188115
11.260999999980426,61.147729696309895
11.261999999980423,61.147520619183396
11.262999999980421,61.14731032337729
11.263999999980419,61.14709928627228
11.264999999980416,61.14688805334617
11.265999999980414,61.146677162230915
11.266999999980412,61.14646706791628
11.26799999998041,61.146258079603385
11.268999999980407,61.1460503180773
11.269999999980405,61.14584369957132
11.270999999980402,61.145637948377555
11.2719999999804,61.14543263641443
11.272999999980398,61.145227244180056
11.273999999980395,61.14502123452026
11.274999999980393,61.14481412884419
11.27599999998039,61.14460557507974
11.276999999980388,61.14439539783153
11.277999999980386,61.144183623694445
11.278999999980384,61.14397047818442
11.279999999980381,61.14375635473068
11.280999999980379,61.143541760095516
11.281999999980377,61.14332724390779
11.282999999980374,61.14311332222331
11.283999999980372,61.14290040584986
11.28499999998037,61.14268874350887
11.285999999980367,61.142478387805546
11.286999999980365,61.14226918877287
11.287999999980363,61.142060815879795
11.28899999998036,61.14185280539561
11.289999999980358,61.141644626442506
11.290999999980356,61.14143575645205
11.291999999980353,61.141225755421814
11.292999999980351,61.1410143285372
11.293999999980349,61.14080136836731
11.294999999980346,61.140586970715866
11.295999999980344,61.14037142190509
11.296999999980342,61.14015515929902
11.29799999998034,61.13993871062337
11.298999999980337,61.13972262062217
11.299999999980335,61.139507375362214
11.300999999980332,61.139293334820316
11.30199999998033,61.1390806832193
11.302999999980328,61.138869404075116
11.303999999980325,61.13865928344669
11.304999999980323,61.13844994091437
11.30599999998032,61.13824088392195
11.306999999980318,61.13803157783736
11.307999999980316,61.1378215218837
11.308999999980314,61.13761032027033
11.309999999980311,61.13739773853638
11.310999999980309,61.137183737194505
11.311999999980307,61.13696847796072
11.312999999980304,61.136752301706444
11.313999999980302,61.13653568125209
11.3149999999803,61.136319155638574
11.315999999980297,61.13610325513366
11.316999999980295,61.13588842751035
11.317999999980293,61.13567497595525
11.31899999998029,61.13546301732576
11.319999999980288,61.13525246660501
11.320999999980286,61.13504304972614
11.321999999980283,61.13483434294661
11.322999999980281,61.1346258332307
11.323999999980279,61.134416991146075
11.324999999980276,61.134207346033214
11.325999999980274,61.13399655288553
11.326999999980272,61.13378444155072
11.32799999998027,61.1335710413489
11.328999999980267,61.1333565776587
11.329999999980265,61.13314144096802
11.330999999980262,61.13292613274453
11.33199999998026,61.13271119575294
11.332999999980258,61.13249713861563
11.333999999980255,61.13228436521957
11.334999999980253,61.132073118884406
11.33599999998025,61.131863449125774
11.336999999980248,61.13165520566702
11.337999999980246,61.131448060523226
11.338999999980244,61.13124155503927
11.339999999980241,61.131035165262425
11.340999999980239,61.130828376457046
11.341999999980237,61.13062075629285
11.342999999980234,61.13041201642099
11.343999999980232,61.13020205379397
11.34499999998023,61.12999096593189
11.345999999980227,61.1297790379985
11.346999999980225,61.129566703518066
11.347999999980223,61.129354484266884
11.34899999998022,61.1291429177957
11.349999999980218,61.12893248277392
11.350999999980216,61.12872353264483
11.351999999980213,61.1285162469057
11.352999999980211,61.128310606844224
11.353999999980209,61.128106399126644
11.354999999980206,61.12790324671323
11.355999999980204,61.12770066274979
11.356999999980202,61.127498119849534
11.3579999999802,61.12729512502812
11.358999999980197,61.12709128976338
11.359999999980195,61.12688638533883
11.360999999980192,61.126680375703216
11.36199999998019,61.126473423237925
11.362999999980188,61.12626586663925
11.363999999980186,61.126058174034355
11.364999999980183,61.12585087793583
11.36599999998018,61.12564450118152
11.366999999980179,61.12543948427436
11.367999999980176,61.125236124327934
11.368999999980174,61.125034534190455
11.369999999980172,61.12483462747557
11.37099999998017,61.12463613159016
11.371999999980167,61.12443862691265
11.372999999980165,61.12424160660466
11.373999999980162,61.124044548648
11.37499999998016,61.12384698997959
11.375999999980158,61.123648592312854
11.376999999980155,61.123449190402496
11.377999999980153,61.12324881598177
11.37899999998015,61.123047694015334
11.379999999980148,61.12284621181336
11.380999999980146,61.12264486535558
11.381999999980144,61.12244419038363
11.382999999980141,61.122244687949376
11.383999999980139,61.12204675488716
11.384999999980137,61.121850628971806
11.385999999980134,61.12165635645873
11.386999999980132,61.121463786548546
11.38799999998013,61.12127259354026
11.388999999980127,61.12108232354116
11.389999999980125,61.12089245916345
11.390999999980123,61.12070249310993
11.39199999998012,61.120512000305695
11.392999999980118,61.120320698449056
11.393999999980116,61.12012848847082
11.394999999980113,61.11993546923073
11.395999999980111,61.11974192439574
11.396999999980109,61.119548283353595
11.397999999980106,61.119355061674554
11.398999999980104,61.11916278948849
11.399999999980102,61.11897193785768
11.4009999999801,61.11878285348152
11.401999999980097,61.11859571090374
11.402999999980095,61.1184104889239
11.403999999980092,61.11822697450968
11.40499999998009,61.11804479364675
11.405999999980088,61.11786346477829
11.406999999980085,61.117682467314836
11.407999999980083,61.1175013155881
11.40899999998008,61.11731962785302
11.409999999980078,61.11713718064906
11.410999999980076,61.11695394089194
11.411999999980074,61.11677007119263
11.412999999980071,61.11658590767491
11.413999999980069,61.11640191341938
11.414999999980067,61.11621861409155
11.415999999980064,61.11603652480818
11.416999999980062,61.1158560785214
11.41799999998006,61.115677565985365
11.418999999980057,61.115501095729435
11.419999999980055,61.11532657965188
11.420999999980053,61.11515374624063
11.42199999998005,61.114982179552435
11.422999999980048,61.114811378457816
11.423999999980046,61.11464082782497
11.424999999980043,61.114470071635026
11.425999999980041,61.11429877776323
11.426999999980039,61.11412678532261
11.427999999980036,61.11395412793421
11.428999999980034,61.11378102965959
11.429999999980032,61.11360787418569
11.43099999998003,61.11343515159784
11.431999999980027,61.11326339024064
11.432999999980025,61.11309308324489
11.433999999980022,61.11292462004606
11.43499999998002,61.11275823251729
11.435999999980018,61.112593963268225
11.436999999980015,61.11243166055285
11.437999999980013,61.112271000480916
11.43899999998001,61.112111533402185
11.439999999980008,61.11195274792982
11.440999999980006,61.11179414360692
11.441999999980004,61.111635302001346
11.442999999980001,61.111475946242216
11.443999999979999,61.11131598063967
11.444999999979997,61.111155504822754
11.445999999979994,61.11099480043068
11.446999999979992,61.110834292226876
11.44799999997999,61.11067448912487
11.448999999979987,61.11051591341494
11.449999999979985,61.11035902814901
11.450999999979983,61.110204172879754
11.45199999997998,61.11005151677814
11.452999999979978,61.1099010357038
11.453999999979976,61.109752516433055
11.454999999979973,61.10960558743596
11.455999999979971,61.109459771865446
11.456999999979969,61.109314555304344
11.457999999979966,61.10916945874642
11.458999999979964,61.1090241065596
11.459999999979962,61.108878279882354
11.46099999997996,61.108731947960614
11.461999999979957,61.108585273032396
11.462999999979955,61.108438588088426
11.463999999979952,61.108292350643715
11.46499999997995,61.108147079035554
11.465999999979948,61.10800328020364
11.466999999979945,61.10786137910538
11.467999999979943,61.10772165968568
11.46899999997994,61.10758422568502
11.469999999979938,61.10744898677994
11.470999999979936,61.10731567199107
11.471999999979934,61.10718386845722
11.472999999979931,61.10705308011816
11.47399999997993,61.10692279805553
11.474999999979927,61.1067925726031
11.475999999979924,61.10666207709852
11.476999999979922,61.10653115432805
11.47799999997992,61.10639983914315
11.478999999979917,61.10626835408338
11.479999999979915,61.106137078633374
11.480999999979913,61.10600649644927
11.48199999997991,61.10587712797766
11.482999999979908,61.10574945794835
11.483999999979906,61.10562386792596
11.484999999979904,61.10550058339811
11.485999999979901,61.1053796428208
11.486999999979899,61.10526089295424
11.487999999979897,61.10514401112999
11.488999999979894,61.105028551304265
11.489999999979892,61.10491400741685
11.49099999997989,61.104799885148765
11.491999999979887,61.104685771992344
11.492999999979885,61.10457139579494
11.493999999979883,61.104456663549485
11.49499999997988,61.104341674993805
11.495999999979878,61.104226709116915
11.496999999979876,61.10411218547941
11.497999999979873,61.10399860579964
11.49899999997987,61.10388648402314
11.499999999979869,61.10377627470185
11.500999999979866,61.103668309753765
11.501999999979864,61.10356275247457
11.502999999979862,61.103459575252515
11.50399999997986,61.103358564101555
11.504999999979857,61.10325934936139
11.505999999979855,61.10316145823744
11.506999999979852,61.10306438179172
11.50799999997985,61.10296764696698
11.508999999979848,61.10287088352223
11.509999999979845,61.10277387648226
11.510999999979843,61.10267659673746
11.51199999997984,61.10257920550338
11.512999999979838,61.10248203202972
11.513999999979836,61.10238552770405
11.514999999979834,61.102290203010185
11.515999999979831,61.10219655621378
11.516999999979829,61.102105003793504
11.517999999979827,61.102015822397824
11.518999999979824,61.10192911047118
11.519999999979822,61.10184477493049
11.52099999997982,61.10176254474913
11.521999999979817,61.10168200952619
11.522999999979815,61.10160267761083
11.523999999979813,61.10152404560642
11.52499999997981,61.10144566949097
11.525999999979808,61.10136722735994
11.526999999979806,61.10128856498215
11.527999999979803,61.101209717778765
11.528999999979801,61.101130906146246
11.529999999979799,61.10105250479429
11.530999999979796,61.10097499041755
11.531999999979794,61.100898875069625
11.532999999979792,61.10082463460694
11.53399999997979,61.10075264225908
11.534999999979787,61.10068311665681
11.535999999979785,61.10061609160714
11.536999999979782,61.100551411847974
11.53799999997978,61.10048875536203
11.538999999979778,61.100427679101294
11.539999999979775,61.10036768168566
11.540999999979773,61.100308274263035
11.54199999997977,61.10024904957237
11.542999999979768,61.10018973950489
11.543999999979766,61.10013025308638
11.544999999979764,61.100070689547145
11.545999999979761,61.1000113246534
11.546999999979759,61.0999525722377
11.547999999979757,61.099894926340525
11.548999999979754,61.099838892109034
11.549999999979752,61.09978491516469
11.55099999997975,61.0997333193625
11.551999999979747,61.09968426168191
11.552999999979745,61.09963771057227
11.553999999979743,61.09959345078193
11.55499999997974,61.0995511139763
11.555999999979738,61.09951023083164
11.556999999979736,61.09947029727675
11.557999999979733,61.09943084557117
11.558999999979731,61.09939151023133
11.559999999979729,61.09935207954796
11.560999999979726,61.09931252546238
11.561999999979724,61.09927300761437
11.562999999979722,61.09923385100546
11.56399999997972,61.09919550043363
11.564999999979717,61.09915845810852
11.565999999979715,61.099123213229305
11.566999999979712,61.099090173419015
11.56799999997971,61.09905960765111
11.568999999979708,61.09903160867897
11.569999999979705,61.099006080235235
11.570999999979703,61.09898275078493
11.5719999999797,61.098961211887335
11.572999999979698,61.09894097576361
11.573999999979696,61.098921543978506
11.574999999979694,61.098902477580104
11.575999999979691,61.098883458849365
11.576999999979689,61.098864335986775
11.577999999979687,61.09884514446558
11.578999999979684,61.09882610206502
11.579999999979682,61.09880757829039
11.58099999997968,61.09879004249304
11.581999999979677,61.09877399798801
11.582999999979675,61.09875991143931
11.583999999979673,61.09874814743255
11.58499999997967,61.09873891742622
11.585999999979668,61.098732250243
11.586999999979666,61.098727988231126
11.587999999979663,61.09872580962031
11.588999999979661,61.09872527391564
11.589999999979659,61.09872588394369
11.590999999979656,61.09872715582494
11.591999999979654,61.098728687042225
11.592999999979652,61.098730213040305
11.59399999997965,61.09873164441189
11.594999999979647,61.09873307945094
11.595999999979645,61.09873479031883
11.596999999979642,61.098737184784355
11.59799999997964,61.09874074891938
11.598999999979638,61.09874597881704
11.599999999979635,61.09875331093245
11.600999999979633,61.09876306082794
11.60199999997963,61.098775378926724
11.602999999979628,61.098790229475874
11.603999999979626,61.09880739566061
11.604999999979624,61.09882651013749
11.605999999979622,61.0988471066837
11.60699999997962,61.09886868569707
11.607999999979617,61.098890784340334
11.608999999979615,61.09891304147405
11.609999999979612,61.098935248256694
11.61099999997961,61.09895737731397
11.611999999979608,61.098979586382605
11.612999999979605,61.0990021959389
11.613999999979603,61.09902564395943
11.6149999999796,61.09905042419132
11.615999999979598,61.09907701660932
11.616999999979596,61.09910581983938
11.617999999979594,61.09913709503945
11.618999999979591,61.09917092911693
11.619999999979589,61.09920722243817
11.620999999979587,61.09924570274352
11.621999999979584,61.0992859632984
11.622999999979582,61.099327519910716
11.62399999997958,61.09936987879618
11.624999999979577,61.09941260575324
11.625999999979575,61.09945538693516
11.626999999979573,61.09949807268093
11.62799999997957,61.099540698257684
11.628999999979568,61.09958347861381
11.629999999979566,61.09962677788613
11.630999999979563,61.09967105796392
11.631999999979561,61.09971681334515
11.632999999979559,61.09976450144936
11.633999999979556,61.09981447817774
11.634999999979554,61.099866947772554
11.635999999979552,61.09992193400946
11.63699999997955,61.09997927675483
11.637999999979547,61.100038654357185
11.638999999979545,61.10009962871236
11.639999999979542,61.100161706660394
11.64099999997954,61.100224409082166
11.641999999979538,61.100287337987865
11.642999999979535,61.10035023216999
11.643999999979533,61.10041300360924
11.64499999997953,61.10047574952273
11.645999999979528,61.10053873837412
11.646999999979526,61.10060237182313
11.647999999979524,61.10066712797263
11.648999999979521,61.1007334938987
11.649999999979519,61.100801896948276
11.650999999979517,61.10087264445659
11.651999999979514,61.10094588034711
11.652999999979512,61.101021564699195
11.65399999997951,61.10109947913788
11.654999999979507,61.10117925727858
11.655999999979505,61.10126043593188
11.656999999979503,61.10134251987127
11.6579999999795,61.10142505105513
11.658999999979498,61.101507672580496
11.659999999979496,61.10159017838326
11.660999999979493,61.10167254171361
11.661999999979491,61.101754918388096
11.662999999979489,61.10183762438709
11.663999999979486,61.101921090944884
11.664999999979484,61.102005803466874
11.665999999979482,61.1020922328568
11.66699999997948,61.102180768914415
11.667999999979477,61.10227166515484
11.668999999979475,61.102365002798926
11.669999999979472,61.102460678980954
11.67099999997947,61.10255842081701
11.671999999979468,61.10265782334407
11.672999999979465,61.102758405989086
11.673999999979463,61.102859679628175
11.67499999997946,61.1029612148113
11.675999999979458,61.10306270156895
11.676999999979456,61.10316399240597
11.677999999979454,61.103265122446444
11.678999999979451,61.103366303913695
11.679999999979449,61.10346789573097
11.680999999979447,61.10357035252849
11.681999999979444,61.10367416022804
11.682999999979442,61.10377976727439
11.68399999997944,61.10388752116642
11.684999999979437,61.10399761920894
11.685999999979435,61.10411008039202
11.686999999979433,61.104224742332946
11.68799999997943,61.10434128369731
11.688999999979428,61.104459268934335
11.689999999979426,61.1045782090301
11.690999999979423,61.10469762974007
11.691999999979421,61.10481713770985
11.692999999979419,61.104936475200056
11.693999999979416,61.10505555572339
11.694999999979414,61.10517447560409
11.695999999979412,61.105293499836996
11.69699999997941,61.10541302425117
11.697999999979407,61.10553351930289
11.698999999979405,61.10565546340938
11.699999999979402,61.10577927519131
11.7009999999794,61.10590525414614
11.701999999979398,61.106033538079004
11.702999999979395,61.10616408326017
11.703999999979393,61.10629667008295
11.70499999997939,61.10643093341313
11.705999999979388,61.10656641335293
11.706999999979386,61.10670261928257
11.707999999979384,61.106839098171676
11.708999999979381,61.106975497568506
11.70999999997938,61.10711161441637
11.710999999979377,61.10724742284904
11.711999999979374,61.10738307706435
11.712999999979372,61.107518888893864
11.71399999997937,61.10765528322542
11.714999999979367,61.107792737559215
11.715999999979365,61.107931714197726
11.716999999979363,61.10807259460124
11.71799999997936,61.10821562513169
11.718999999979358,61.1083608817998
11.719999999979356,61.108508258958175
11.720999999979353,61.10865748351546
11.721999999979351,61.10880815266078
11.722999999979349,61.10895978978821
11.723999999979346,61.10911191075818
11.724999999979344,61.10926409118325
11.725999999979342,61.10941602528795
11.72699999997934,61.109567568077914
11.727999999979337,61.109718754902026
11.728999999979335,61.109869795669724
11.729999999979333,61.110021044549775
11.73099999997933,61.110172949416324
11.731999999979328,61.11032598815997
11.732999999979326,61.110480600820445
11.733999999979323,61.110637127077496
11.73499999997932,61.110795757878606
11.735999999979319,61.110956507989904
11.736999999979316,61.11111921331264
11.737999999979314,61.11128355332715
11.738999999979312,61.111449095496276
11.73999999997931,61.11161535538217
11.740999999979307,61.11178186402247
11.741999999979305,61.11194823310062
11.742999999979302,61.1121142087524
11.7439999999793,61.112279706456356
11.744999999979298,61.11244482211121
11.745999999979295,61.1126098177556
11.746999999979293,61.112775083946204
11.74799999997929,61.11294108409617
11.748999999979288,61.11310828860143
11.749999999979286,61.11327710801644
11.750999999979284,61.11344783466777
11.751999999979281,61.11362060090046
11.752999999979279,61.11379535981229
11.753999999979277,61.11397189116854
11.754999999979274,61.11414983165162
11.755999999979272,61.1143287251867
11.75699999997927,61.11450808626089
11.757999999979267,61.11468746733816
11.758999999979265,61.11486652089804
11.759999999979263,61.11504504738354
11.76099999997926,61.11522302233027
11.761999999979258,61.11540059887391
11.762999999979256,61.11557808529829
11.763999999979253,61.11575590079181
11.764999999979251,61.11593451563831
11.765999999979249,61.116114384256925
11.766999999979246,61.11629588050476
11.767999999979244,61.11647924432702
11.768999999979242,61.11666454724745
11.76999999997924,61.11685168153349
11.770999999979237,61.11704037454773
11.771999999979235,61.11723022625446
11.772999999979232,61.11742076460277
11.77399999997923,61.11761151099772
11.774999999979228,61.11780204666034
11.775999999979225,61.11799207055535
11.776999999979223,61.11818144075248
11.77799999997922,61.118370193417306
11.778999999979218,61.118558536778764
11.779999999979216,61.11874682092665
11.780999999979214,61.118935487700504
11.781999999979211,61.119125007716775
11.782999999979209,61.11931581339519
11.783999999979207,61.11950823739148
11.784999999979204,61.11970246508693
11.785999999979202,61.11989850779607
11.7869999999792,61.120096200445765
11.787999999979197,61.120295224034265
11.788999999979195,61.120495149703935
11.789999999979193,61.12069549822352
11.79099999997919,61.12089580652004
11.791999999979188,61.12109569190893
11.792999999979186,61.121294905001946
11.793999999979183,61.12149336386252
11.794999999979181,61.12169116461509
11.795999999979179,61.12188856703463
11.796999999979176,61.122085957142836
11.797999999979174,61.122283792088254
11.798999999979172,61.12248253505688
11.79999999997917,61.122682589369894
11.800999999979167,61.12288424102095
11.801999999979165,61.12308761772324
11.802999999979162,61.12329267020635
11.80399999997916,61.123499178377166
11.804999999979158,61.1237067814666
11.805999999979155,61.12391502791354
11.806999999979153,61.12412343797135
11.80799999997915,61.124331570236045
11.808999999979148,61.12453908274844
11.809999999979146,61.12474578008958
11.810999999979144,61.12495163985735
11.811999999979141,61.12515681482141
11.812999999979139,61.125361610456906
11.813999999979137,61.12556644103183
11.814999999979134,61.12577177043223
11.815999999979132,61.12597804604257
11.81699999997913,61.12618563497923
11.817999999979127,61.12639477163416
11.818999999979125,61.12660552389137
11.819999999979123,61.126817782752546
11.82099999997912,61.12703127681604
11.821999999979118,61.127245609562245
11.822999999979116,61.127460314197194
11.823999999979113,61.12767491834293
11.824999999979111,61.12788900948212
11.825999999979109,61.12810229197028
11.826999999979106,61.12831462760091
11.827999999979104,61.12852605404483
11.828999999979102,61.12873677857388
11.8299999999791,61.12894714796516
11.830999999979097,61.12915759883017
11.831999999979095,61.129368595353235
11.832999999979092,61.12958056319932
11.83399999997909,61.12979382887612
11.834999999979088,61.130008573067975
11.835999999979085,61.13022480448681
11.836999999979083,61.13044235790121
11.83799999997908,61.130660916604036
11.838999999979078,61.13088005615117
11.839999999979076,61.13109930321529
11.840999999979074,61.13131820128058
11.841999999979071,61.13153637394884
11.84299999997907,61.13175357696132
11.843999999979067,61.131969731635756
11.844999999979064,61.13218493502186
11.845999999979062,61.132399445365856
11.84699999997906,61.13261364493124
11.847999999979058,61.13282798541688
11.848999999979055,61.13304292364629
11.849999999979053,61.13325885657276
11.85099999997905,61.133476064726636
11.851999999979048,61.13369467204763
11.852999999979046,61.13391462772887
11.853999999979044,61.13413571261524
11.854999999979041,61.134357569239434
11.855999999979039,61.13457975126559
11.856999999979037,61.13480178538983
11.857999999979034,61.13502323698995
11.858999999979032,61.13524377030679
11.85999999997903,61.13546319470202
11.860999999979027,61.13568149050017
11.861999999979025,61.13589881079705
11.862999999979023,61.136115458989856
11.86399999997902,61.13633184519865
11.864999999979018,61.13654842771962
11.865999999979016,61.13676564773622
11.866999999979013,61.1369838664725
11.867999999979011,61.13720331361302
11.868999999979009,61.137424054231204
11.869999999979006,61.13764597886107
11.870999999979004,61.13786881809566
11.871999999979002,61.13809217964687
11.872999999979,61.138315602651566
11.873999999978997,61.138538621587486
11.874999999978995,61.138760830817496
11.875999999978992,61.1389819406965
11.87699999997899,61.13920181736244
11.877999999978988,61.139420500631374
11.878999999978985,61.139638197490775
11.879999999978983,61.13985525211786
11.88099999997898,61.14007209664611
11.881999999978978,61.14028918961176
11.882999999978976,61.14050695073037
11.883999999978974,61.14072570117491
11.884999999978971,61.140945617738694
11.885999999978969,61.14116670731452
11.886999999978967,61.14138880526096
11.887999999978964,61.14161159787191
11.888999999978962,61.141834665779264
11.88999999997896,61.14205754218033
11.890999999978957,61.142279777707444
11.891999999978955,61.142501002819806
11.892999999978953,61.142720978957
11.89399999997895,61.142939631270494
11.894999999978948,61.1431570583415
11.895999999978946,61.14337351752728
11.896999999978943,61.143589388011776
11.897999999978941,61.1438051167593
11.898999999978939,61.14402115497516
11.899999999978936,61.144237894005784
11.900999999978934,61.14445560968213
11.901999999978932,61.14467442291983
11.90299999997893,61.14489428209897
11.903999999978927,61.145114969686425
11.904999999978925,61.145336132156395
11.905999999978922,61.1455573289951
11.90699999997892,61.14577809389739
11.907999999978918,61.14599799955153
11.908999999978915,61.14621671691266
11.909999999978913,61.14643406063802
11.91099999997891,61.146650014310154
11.911999999978908,61.146864731909524
11.912999999978906,61.14707851534981
11.913999999978904,61.14729177123587
11.914999999978901,61.14750495293969
11.915999999978899,61.14771849613559
11.916999999978897,61.14793275685841
11.917999999978894,61.14814796078524
11.918999999978892,61.14836417085975
11.91999999997889,61.14858127779772
11.920999999978887,61.148799014794356
11.921999999978885,61.1490169943554
11.922999999978883,61.14923476206702
11.92399999997888,61.14945185974485
11.924999999978878,61.149667889088384
11.925999999978876,61.14988256689998
11.926999999978873,61.150095764113416
11.927999999978871,61.15030752316219
11.928999999978869,61.150518051252455
11.929999999978866,61.150727690499146
11.930999999978864,61.15093686913394
11.931999999978862,61.15114604065086
11.93299999997886,61.151355619443
11.933999999978857,61.15156592198211
11.934999999978855,61.15177712179498
11.935999999978852,61.15198922455526
11.93699999997885,61.15220206677676
11.937999999978848,61.152415338274906
11.938999999978845,61.15262862523214
11.939999999978843,61.15284146780349
11.94099999997884,61.15305342416735
11.941999999978838,61.15326413201831
11.942999999978836,61.15347335886746
11.943999999978834,61.153681034082254
11.944999999978831,61.15388725818011
11.945999999978829,61.15409228806774
11.946999999978827,61.154296500323746
11.947999999978824,61.15450033768773
11.948999999978822,61.15470424628306
11.94999999997882,61.154908612402
11.950999999978817,61.15511370772992
11.951999999978815,61.15531965069821
11.952999999978813,61.15552638938476
11.95399999997881,61.155733708349615
11.954999999978808,61.15594125843505
11.955999999978806,61.156148605329165
11.956999999978803,61.15635529006542
11.957999999978801,61.15656089295287
11.958999999978799,61.15676509195449
11.959999999978796,61.15696770731705
11.960999999978794,61.15716872618701
11.961999999978792,61.15736830376337
11.96299999997879,61.15756674084401
11.963999999978787,61.15776444092251
11.964999999978785,61.15796185288362
11.965999999978782,61.158159407352755
11.96699999997878,61.158357455646595
11.967999999978778,61.15855621990191
11.968999999978776,61.15875576138049
11.969999999978773,61.158955971394825
11.97099999997877,61.15915658611479
11.971999999978769,61.159357223166126
11.972999999978766,61.15955743486588
11.973999999978764,61.15975677061182
11.974999999978762,61.15995483965853
11.97599999997876,61.16015136546159
11.976999999978757,61.16034622396271
11.977999999978755,61.160539460442116
11.978999999978752,61.160731282582596
11.97999999997875,61.16092203073173
11.980999999978748,61.16111212954845
11.981999999978745,61.16130202784346
11.982999999978743,61.16149213506687
11.98399999997874,61.161682763374365
11.984999999978738,61.16187408340179
11.985999999978736,61.162066099955204
11.986999999978734,61.16225865101785
11.987999999978731,61.162451430197635
11.988999999978729,61.16264402945177
11.989999999978727,61.162835996073724
11.990999999978724,61.163026895935275
11.991999999978722,61.16321637409278
11.99299999997872,61.16340420424727
11.993999999978717,61.16359032011277
11.994999999978715,61.16377482429293
11.995999999978713,61.163957973427195
11.99699999997871,61.164140141707854
11.997999999978708,61.1643217679021
11.998999999978706,61.164503293331954
11.999999999978703,61.16468509953104
12.000999999978701,61.16486745433514
12.001999999978699,61.16505047397302
12.002999999978696,61.16523410647312
12.003999999978694,61.165418138702705
12.004999999978692,61.165602226039574
12.00599999997869,61.165785940496164
12.006999999978687,61.165968830526744
12.007999999978685,61.16615048411256
12.008999999978682,61.1663305862604
12.00999999997868,61.166508962840915
12.010999999978678,61.16668560461251
12.011999999978675,61.16686066807008
12.012999999978673,61.16703445300303
12.01399999997867,61.16720735993827
12.014999999978668,61.16737983345041
12.015999999978666,61.16755229931682
12.016999999978664,61.16772510434819
12.017999999978661,61.16789846734831
12.018999999978659,61.168072448084615
12.019999999978657,61.16824693862153
12.020999999978654,61.16842167821754
12.021999999978652,61.168596289685766
12.02299999997865,61.168770332097445
12.023999999978647,61.16894336241869
12.024999999978645,61.16911499741999
12.025999999978643,61.16928496716111
12.02699999997864,61.16945315254511
12.027999999978638,61.16961960167312
12.028999999978636,61.169784522707694
12.029999999978633,61.169948254266124
12.030999999978631,61.170111217508634
12.031999999978629,61.17027385666632
12.032999999978626,61.170436576370705
12.033999999978624,61.17059968459075
12.034999999978622,61.170763349191866
12.03599999997862,61.17092757420956
12.036999999978617,61.17109219915712
12.037999999978615,61.171256921452304
12.038999999978612,61.1714213387983
12.03999999997861,61.17158500555742
12.040999999978608,61.17174749519129
12.041999999978605,61.17190845999401
12.042999999978603,61.172067679728364
12.0439999999786,61.17222509233494
12.044999999978598,61.172380802408256
12.045999999978596,61.17253506625684
12.046999999978594,61.17268825566022
12.047999999978591,61.1728408054202
12.048999999978589,61.172993152092104
12.049999999978587,61.173145672501775
12.050999999978584,61.173298630687604
12.051999999978582,61.17345214071371
12.05299999997858,61.17360615056878
12.053999999978577,61.17376044939863
12.054999999978575,61.173914697044324
12.055999999978573,61.174068471724496
12.05699999997857,61.17422132915785
12.057999999978568,61.174372864813144
12.058999999978566,61.17452277054131
12.059999999978563,61.17467087763774
12.060999999978561,61.174817180290276
12.061999999978559,61.17496183613017
12.062999999978556,61.175105143818286
12.063999999978554,61.17524750082874
12.064999999978552,61.17538934737425
12.06599999997855,61.175531104355755
12.066999999978547,61.175673114061645
12.067999999978545,61.175815591942566
12.068999999978542,61.175958596233734
12.06999999997854,61.176102019681025
12.070999999978538,61.17624560452101
12.071999999978535,61.17638897859958
12.072999999978533,61.17653170754448
12.07399999997853,61.17667335565749
12.074999999978528,61.17681354696788
12.075999999978526,61.176952017874484
12.076999999978524,61.17708865398347
12.077999999978521,61.17722350597658
12.07899999997852,61.177356782288605
12.079999999978517,61.17748881963536
12.080999999978514,61.17762003554279
12.081999999978512,61.17775086955935
12.08299999997851,61.17788172141346
12.083999999978507,61.178012894811545
12.084999999978505,61.178144554764216
12.085999999978503,61.17827670442862
12.0869999999785,61.17840918470677
12.087999999978498,61.17854169664243
12.088999999978496,61.178673843457844
12.089999999978494,61.17880518631645
12.090999999978491,61.17893530597109
12.091999999978489,61.17906386163705
12.092999999978487,61.17919063881941
12.093999999978484,61.179315579377246
12.094999999978482,61.1794387896143
12.09599999997848,61.179560525259696
12.096999999978477,61.17968115546663
12.097999999978475,61.17980111089751
12.098999999978473,61.17992082319386
12.09999999997847,61.18004066434329
12.100999999978468,61.18016089445871
12.101999999978466,61.18028162529915
12.102999999978463,61.18040280464648
12.10399999997846,61.18052422372111
12.104999999978459,61.180645546580344
12.105999999978456,61.18076635736111
12.106999999978454,61.18088621872095
12.107999999978452,61.18100473326394
12.10899999997845,61.18112159932102
12.109999999978447,61.18123665325113
12.110999999978445,61.1813498923279
12.111999999978442,61.181461475005165
12.11299999997844,61.181571698535194
12.113999999978438,61.181680957100085
12.114999999978435,61.18178968634405
12.115999999978433,61.18189830211222
12.11699999997843,61.182007142002085
12.117999999978428,61.18211641794148
12.118999999978426,61.18222618644594
12.119999999978424,61.182336340725854
12.120999999978421,61.182446625740255
12.121999999978419,61.18255667406998
12.122999999978417,61.182666057561136
12.123999999978414,61.18277434748009
12.124999999978412,61.18288117472342
12.12599999997841,61.1829862816305
12.126999999978407,61.183089558120926
12.127999999978405,61.18319105709058
12.128999999978403,61.18329098691095
12.1299999999784,61.183389682100135
12.130999999978398,61.18348755629253
12.131999999978396,61.18358504412693
12.132999999978393,61.183682540225526
12.133999999978391,61.183780343836254
12.134999999978389,61.18387861691226
12.135999999978386,61.1839773615087
12.136999999978384,61.18407641965999
12.137999999978382,61.184175495739424
12.13899999997838,61.18427419815099
12.139999999978377,61.184372094484175
12.140999999978375,61.18446877237996
12.141999999978372,61.18456389755682
12.14299999997837,61.184657260841846
12.143999999978368,61.18474880760955
12.144999999978365,61.184838645493016
12.145999999978363,61.18492702929945
12.14699999997836,61.1850143252543
12.147999999978358,61.18510095961424
12.148999999978356,61.18518735887149
12.149999999978354,61.185273889957955
12.150999999978351,61.18536080884704
12.151999999978349,61.18544822476735
12.152999999978347,61.18553608504392
12.153999999978344,61.18562418268652
12.154999999978342,61.18571218564397
12.15599999997834,61.185799683605865
12.156999999978337,61.1858862457695
12.157999999978335,61.185971481452356
12.158999999978333,61.18605509503275
12.15999999997833,61.18613692750704
12.160999999978328,61.18621697882665
12.161999999978326,61.18629540789086
12.162999999978323,61.18637251020704
12.163999999978321,61.18644867636634
12.164999999978319,61.18652433718267
12.165999999978316,61.186599903208645
12.166999999978314,61.186675707130014
12.167999999978312,61.18675195712879
12.16899999997831,61.186828707762494
12.169999999978307,61.186905852440425
12.170999999978305,61.186983138540626
12.171999999978302,61.18706020303548
12.1729999999783,61.187136623610016
12.173999999978298,61.18721197808387
12.174999999978295,61.18728590379264
12.175999999978293,61.1873581485833
12.17699999997829,61.18742860626626
12.177999999978288,61.18749733155421
12.178999999978286,61.18756453239442
12.179999999978284,61.18763054078406
12.180999999978281,61.187695766181456
12.181999999978279,61.18776063806701
12.182999999978277,61.18782554573025
12.183999999978274,61.1878907837436
12.184999999978272,61.18795651078023
12.18599999997827,61.188022727551434
12.186999999978267,61.1880892769506
12.187999999978265,61.18815586637074
12.188999999978263,61.18822210904738
12.18999999997826,61.18828757861161
12.190999999978258,61.18835186918222
12.191999999978256,61.18841465255717
12.192999999978253,61.18847572446472
12.193999999978251,61.18853503338829
12.194999999978249,61.18859268791621
12.195999999978246,61.188648941594984
12.196999999978244,61.18870415742445
12.197999999978242,61.18875875699597
12.19899999997824,61.188813161424015
12.199999999978237,61.188867732375776
12.200999999978235,61.188922721480886
12.201999999978232,61.18897823522315
12.20299999997823,61.1890342202332
12.203999999978228,61.189090471039435
12.204999999978225,61.189146659173154
12.205999999978223,61.18920237953069
12.20699999997822,61.189257207470575
12.207999999978218,61.18931075862486
12.208999999978216,61.18936274301272
12.209999999978214,61.189413005867486
12.210999999978212,61.18946154944173
12.21199999997821,61.18950853273604
12.212999999978207,61.18955424920697
12.213999999978205,61.18959908559028
12.214999999978202,61.18964346764275
12.2159999999782,61.18968780042498
12.216999999978198,61.1897324115253
12.217999999978195,61.1897775051953
12.218999999978193,61.18982313383566
12.21999999997819,61.18986919082802
12.220999999978188,61.18991542570979
12.221999999978186,61.1899614795471
12.222999999978184,61.19000693552833
12.223999999978181,61.19005137766508
12.224999999978179,61.19009444935385
12.225999999978177,61.19013590356817
12.226999999978174,61.190175637643776
12.227999999978172,61.1902137077688
12.22899999997817,61.19025032115982
12.229999999978167,61.19028580702962
12.230999999978165,61.19032057043692
12.231999999978163,61.19035503551439
12.23299999997816,61.19038958605302
12.233999999978158,61.190424511794696
12.234999999978156,61.19045996797267
12.235999999978153,61.19049595377625
12.236999999978151,61.190532312750534
12.237999999978149,61.19056875506405
12.238999999978146,61.190604898503445
12.239999999978144,61.19064032242692
12.240999999978142,61.19067462709387
12.24199999997814,61.19070749003191
12.242999999978137,61.19073871152528
12.243999999978135,61.19076824283962
12.244999999978132,61.19079619322028
12.24599999997813,61.19082281469364
12.246999999978128,61.190848466817144
12.247999999978125,61.190873566338546
12.248999999978123,61.19089852884817
12.24999999997812,61.190923710620666
12.250999999978118,61.19094935882041
12.251999999978116,61.19097557705523
12.252999999978114,61.191002311108555
12.253999999978111,61.19102935684234
12.254999999978109,61.191056389149274
12.255999999978107,61.1910830078739
12.256999999978104,61.19110879424956
12.257999999978102,61.191133369913864
12.2589999999781,61.19115645021429
12.259999999978097,61.19117788431833
12.260999999978095,61.191197676496635
12.261999999978093,61.19121598560363
12.26299999997809,61.191233102836975
12.263999999978088,61.19124941091081
12.264999999978086,61.19126533039404
12.265999999978083,61.191281260754046
12.266999999978081,61.19129752439548
12.267999999978079,61.19131432155357
12.268999999978076,61.191331702372565
12.269999999978074,61.1913495600819
12.270999999978072,61.19136764621907
12.27199999997807,61.19138560574775
12.272999999978067,61.19140302713037
12.273999999978065,61.19141950031435
12.274999999978062,61.19143467448436
12.27599999997806,61.191448307469905
12.276999999978058,61.1914602998725
12.277999999978055,61.19147070912489
12.278999999978053,61.191479741516844
12.27999999997805,61.19148772332268
12.280999999978048,61.19149505508802
12.281999999978046,61.19150215551813
12.282999999978044,61.191509402849974
12.283999999978041,61.19151708194954
12.284999999978039,61.19152534456114
12.285999999978037,61.19153418828425
12.286999999978034,61.1915434572198
12.287999999978032,61.19155286418105
12.28899999997803,61.191562031338
12.289999999978027,61.191570543576525
12.290999999978025,61.1915780070738
12.291999999978023,61.19158410485517
12.29299999997802,61.191588641532874
12.293999999978018,61.191591570944595
12.294999999978016,61.19159300281276
12.295999999978013,61.191593187503955
12.296999999978011,61.19159248103228
12.297999999978009,61.19159129524114
12.298999999978006,61.19159004016601
12.299999999978004,61.19158906667868
12.300999999978002,61.19158861747321
12.301999999978,61.19158879326746
12.302999999977997,61.19158953896151
12.303999999977995,61.19159065168396
12.304999999977992,61.191591809584644
12.30599999997799,61.19159261731874
12.306999999977988,61.19159266182574
12.307999999977985,61.19159157056339
12.308999999977983,61.19158906401542
12.30999999997798,61.191584995099134
12.310999999977978,61.19157936994357
12.311999999977976,61.191572347129984
12.312999999977974,61.19156421550923
12.313999999977971,61.191555353727885
12.31499999997797,61.19154617715686
12.315999999977967,61.19153707968695
12.316999999977964,61.19152837857121
12.317999999977962,61.19152027006096
12.31899999997796,61.19151280206229
12.319999999977957,61.191505867645596
12.320999999977955,61.191499220307946
12.321999999977953,61.19149250883469
12.32299999997795,61.191485326852074
12.323999999977948,61.191477270105985
12.324999999977946,61.1914679934197
12.325999999977943,61.19145725932594
12.326999999977941,61.19144497155368
12.327999999977939,61.19143118866826
12.328999999977936,61.19141611595902
12.329999999977934,61.19140007672393
12.330999999977932,61.191383467000136
12.33199999997793,61.19136670010178
12.332999999977927,61.191350148772365
12.333999999977925,61.19133409307225
12.334999999977923,61.19131868132184
12.33599999997792,61.19130390957839
12.336999999977918,61.19128962251729
12.337999999977916,61.19127553557959
12.338999999977913,61.19126127526646
12.33999999997791,61.19124643190818
12.340999999977909,61.19123061749206
12.341999999977906,61.19121352042449
12.342999999977904,61.19119494953226
12.343999999977902,61.19117486112971
12.3449999999779,61.19115336535145
12.345999999977897,61.191130710874226
12.346999999977895,61.19110725018181
12.347999999977892,61.1910833902624
12.34899999997789,61.191059535675535
12.349999999977888,61.19103603198848
12.350999999977885,61.19101311752694
12.351999999977883,61.1909908902116
12.35299999997788,61.19096929412987
12.353999999977878,61.19094812771588
12.354999999977876,61.19092707238023
12.355999999977874,61.19090573755656
12.356999999977871,61.19088371582944
12.357999999977869,61.19086064039599
12.358999999977867,61.190836236789856
12.359999999977864,61.19081036160139
12.360999999977862,61.190783022761956
12.36199999997786,61.19075437855556
12.362999999977857,61.19072471550127
12.363999999977855,61.190694408231174
12.364999999977853,61.190663867007714
12.36599999997785,61.19063348026004
12.366999999977848,61.190603560218
12.367999999977846,61.19057429927646
12.368999999977843,61.19054574321728
12.369999999977841,61.19051778503964
12.370999999977839,61.190490180254436
12.371999999977836,61.19046258148578
12.372999999977834,61.190434587507454
12.373999999977832,61.19040579982214
12.37499999997783,61.19037587883249
12.375999999977827,61.190344591716546
12.376999999977825,61.190311845284505
12.377999999977822,61.19027769921346
12.37899999997782,61.19024235780314
12.379999999977818,61.19020614142879
12.380999999977815,61.19016944170739
12.381999999977813,61.190132666684335
12.38299999997781,61.190096183752026
12.383999999977808,61.190060268316266
12.384999999977806,61.190025065419455
12.385999999977804,61.189990569703724
12.386999999977801,61.189956626515986
12.387999999977799,61.1899229539881
12.388999999977797,61.18988918297813
12.389999999977794,61.18985490925465
12.390999999977792,61.18981975058666
12.39199999997779,61.18978340072111
12.392999999977787,61.189745672662426
12.393999999977785,61.18970652518073
12.394999999977783,61.18966606883104
12.39599999997778,61.18962455064399
12.396999999977778,61.18958231965347
12.397999999977776,61.189539778109825
12.398999999977773,61.1894973252429
12.399999999977771,61.18945530147732
12.400999999977769,61.18941394093593
12.401999999977766,61.189373338897376
12.402999999977764,61.189333438767996
12.403999999977762,61.189294040388
12.40499999997776,61.189254828492366
12.405999999977757,61.189215417320874
12.406999999977755,61.1891754051012
12.407999999977752,61.189134430749114
12.40899999997775,61.18909222482067
12.409999999977748,61.189048647557684
12.410999999977745,61.18900370869441
12.411999999977743,61.18895756624685
12.41299999997774,61.18891050446943
12.413999999977738,61.188862894083634
12.414999999977736,61.18881514037938
12.415999999977734,61.18876762648591
12.416999999977731,61.188720659782156
12.417999999977729,61.188674428978075
12.418999999977727,61.18862897788698
12.419999999977724,61.18858419956491
12.420999999977722,61.18853985163172
12.42199999997772,61.18849559060805
12.422999999977717,61.188451020439174
12.423999999977715,61.188405748380305
12.424999999977713,61.18835944039572
12.42599999997771,61.18831186828591
12.426999999977708,61.18826294193263
12.427999999977706,61.18821272213753
12.428999999977703,61.18816141225733
12.429999999977701,61.18810932982662
12.430999999977699,61.18805686215907
12.431999999977696,61.18800441217995
12.432999999977694,61.18795234209813
12.433999999977692,61.187900922838836
12.43499999997769,61.1878502963338
12.435999999977687,61.18780045595699
12.436999999977685,61.1877512478449
12.437999999977682,61.18770239290182
12.43899999997768,61.187653526387905
12.439999999977678,61.18760424952162
12.440999999977675,61.18755418584277
12.441999999977673,61.187503034415776
12.44299999997767,61.1874506124009
12.443999999977668,61.18739688101939
12.444999999977666,61.18734195126615
12.445999999977664,61.187286068579745
12.446999999977661,61.187229578635126
12.44799999997766,61.18717287906788
12.448999999977657,61.187116363927316
12.449999999977654,61.187060368660475
12.450999999977652,61.18700512335441
12.45199999997765,61.18695072080005
12.452999999977648,61.18689710385354
12.453999999977645,61.186844073858744
12.454999999977643,61.18679131893647
12.45599999997764,61.186738458158
12.456999999977638,61.18668509538985
12.457999999977636,61.18663087524084
12.458999999977634,61.18657553325611
12.459999999977631,61.18651893330373
12.460999999977629,61.18646108691234
12.461999999977627,61.18640215185131
12.462999999977624,61.1863424101655
12.463999999977622,61.18628222875589
12.46499999997762,61.1862220080621
12.465999999977617,61.18616212605566
12.466999999977615,61.18610288541894
12.467999999977613,61.186044471326895
12.46899999997761,61.185986925757646
12.469999999977608,61.185930141931166
12.470999999977606,61.18587387964731
12.471999999977603,61.1858177993578
12.472999999977601,61.1857615101786
12.473999999977599,61.185704625089905
12.474999999977596,61.18564681557329
12.475999999977594,61.185587858005405
12.476999999977592,61.18552766530264
12.47799999997759,61.18546629937522
12.478999999977587,61.18540396265301
12.479999999977585,61.185340969878865
12.480999999977582,61.18527770414853
12.48199999997758,61.18521456337635
12.482999999977578,61.185151904717536
12.483999999977575,61.185089994751
12.484999999977573,61.18502897242367
12.48599999997757,61.184968829946826
12.486999999977568,61.18490941432099
12.487999999977566,61.18485044926117
12.488999999977564,61.184791574430925
12.489999999977561,61.18473239646817
12.490999999977559,61.184672544627205
12.491999999977557,61.18461172322322
12.492999999977554,61.184549753506644
12.493999999977552,61.184486599096296
12.49499999997755,61.18442237139942
12.495999999977547,61.18435731426777
12.496999999977545,61.18429177005422
12.497999999977543,61.1842261318502
12.49899999997754,61.18416078861912
12.499999999977538,61.18409607093733
12.500999999977536,61.184032204963266
12.501999999977533,61.1839692810952
12.502999999977531,61.18390724170913
12.503999999977529,61.18384588968964
12.504999999977526,61.18378491654331
12.505999999977524,61.18372394613682
12.506999999977522,61.183662587908934
12.50799999997752,61.18360049207562
12.508999999977517,61.183537399076535
12.509999999977515,61.1834731763165
12.510999999977512,61.183407837047106
12.51199999997751,61.18334153874705
12.512999999977508,61.18327456123898
12.513999999977505,61.183207267625754
12.514999999977503,61.18314005354676
12.5159999999775,61.18307329188721
12.516999999977498,61.183007280712125
12.517999999977496,61.182942201736466
12.518999999977494,61.18287809516084
12.519999999977491,61.182814854398195
12.520999999977489,61.18275224142339
12.521999999977487,61.182689920576934
12.522999999977484,61.18262750606871
12.523999999977482,61.18256461650068
12.52499999997748,61.182500928750585
12.525999999977477,61.18243622364666
12.526999999977475,61.182370417025545
12.527999999977473,61.1823035718139
12.52899999997747,61.182235889448805
12.529999999977468,61.18216768185119
12.530999999977466,61.182099327898484
12.531999999977463,61.18203122052147
12.532999999977461,61.18196371186326
12.533999999977459,61.18189706420378
12.534999999977456,61.18183141354223
12.535999999977454,61.18176675094296
12.536999999977452,61.181702924256115
12.53799999997745,61.18163965995609
12.538999999977447,61.18157660202268
12.539999999977445,61.1815133623931
12.540999999977442,61.181449575893915
12.54199999997744,61.1813849519341
12.542999999977438,61.18131931569984
12.543999999977435,61.181252633067245
12.544999999977433,61.18118501573819
12.54599999997743,61.18111670588966
12.546999999977428,61.181048042499725
12.547999999977426,61.18097941409203
12.548999999977424,61.180911204541545
12.549999999977421,61.18084373956493
12.550999999977419,61.18077724140209
12.551999999977417,61.18071179805424
12.552999999977414,61.18064735138846
12.553999999977412,61.18058370576852
12.55499999997741,61.18052055598827
12.555999999977407,61.18045753057684
12.556999999977405,61.18039424438109
12.557999999977403,61.18033035304207
12.5589999999774,61.18026560170285
12.559999999977398,61.180199861119156
12.560999999977396,61.18013314609763
12.561999999977393,61.180065613685066
12.562999999977391,61.179997541371755
12.563999999977389,61.179929288384315
12.564999999977386,61.17986124551067
12.565999999977384,61.179793780518686
12.566999999977382,61.17972718683201
12.56799999997738,61.17966164267606
12.568999999977377,61.179597186427
12.569999999977375,61.17953371161631
12.570999999977372,61.17947098228396
12.57199999997737,61.179408666513815
12.572999999977368,61.179346383430264
12.573999999977366,61.17928375705092
12.574999999977363,61.17922046942873
12.57599999997736,61.17915630562009
12.576999999977359,61.17909118416659
12.577999999977356,61.179025168817375
12.578999999977354,61.17895845985199
12.579999999977352,61.17889136623423
12.58099999997735,61.1788242625216
12.581999999977347,61.1787575365834
12.582999999977345,61.178691535488106
12.583999999977342,61.17862651715664
12.58499999997734,61.17856261457116
12.585999999977338,61.17849981755874
12.586999999977335,61.17843797469769
12.587999999977333,61.17837681506617
12.58899999997733,61.17831598676805
12.589999999977328,61.17825510681723
12.590999999977326,61.1781938153663
12.591999999977324,61.17813182666181
12.592999999977321,61.178068969570475
12.593999999977319,61.178005211982885
12.594999999977317,61.177940665679465
12.595999999977314,61.17787557097515
12.596999999977312,61.17781026331676
12.59799999997731,61.17774512653201
12.598999999977307,61.17768053930452
12.599999999977305,61.177616822396736
12.600999999977303,61.17755419403489
12.6019999999773,61.17749273971463
12.602999999977298,61.177432400660834
12.603999999977296,61.17737298255074
12.604999999977293,61.17731418326522
12.605999999977291,61.17725563575957
12.606999999977289,61.17719696002704
12.607999999977286,61.17713781685045
12.608999999977284,61.177077955788725
12.609999999977282,61.17701725066694
12.61099999997728,61.176955717582096
12.611999999977277,61.176893512910254
12.612999999977275,61.17683091160279
12.613999999977272,61.17676826883362
12.61499999997727,61.17670597039246
12.615999999977268,61.17664437879823
12.616999999977265,61.17658378270994
12.617999999977263,61.176524356735264
12.61899999997726,61.17646613727949
12.619999999977258,61.176409017818955
12.620999999977256,61.17635276425265
12.621999999977254,61.176297048165175
12.622999999977251,61.17624149332205
12.623999999977249,61.17618572885842
12.624999999977247,61.17612944168994
12.625999999977244,61.176072420786014
12.626999999977242,61.176014587089966
12.62799999997724,61.17595600489017
12.628999999977237,61.17589687305388
12.629999999977235,61.175837497368185
12.630999999977233,61.17577824787606
12.63199999997723,61.17571950721802
12.632999999977228,61.17566161723542
12.633999999977226,61.17560483134011
12.634999999977223,61.17554927933778
12.635999999977221,61.17549494963765
12.636999999977219,61.175441691336765
12.637999999977216,61.175389235872885
12.638999999977214,61.17533723519713
12.639999999977212,61.17528531109292
12.64099999997721,61.17523310871072
12.641999999977207,61.17518034679856
12.642999999977205,61.175126857567996
12.643999999977202,61.17507261060641
12.6449999999772,61.17501771747581
12.645999999977198,61.17496241636376
12.646999999977195,61.1749070389535
12.647999999977193,61.17485196417327
12.64899999997719,61.1747975653311
12.649999999977188,61.17474415806374
12.650999999977186,61.17469195641069
12.651999999977184,61.17464104317555
12.652999999977181,61.174591358730815
12.653999999977179,61.17454270982674
12.654999999977177,61.174494797155575
12.655999999977174,61.174447257792416
12.656999999977172,61.17439971654358
12.65799999997717,61.174351838983696
12.658999999977167,61.17430337873358
12.659999999977165,61.17425421233972
12.660999999977163,61.17420435686108
12.66199999997716,61.17415396770195
12.662999999977158,61.17410331700499
12.663999999977156,61.17405275565354
12.664999999977153,61.17400266422527
12.665999999977151,61.17395339979805
12.666999999977149,61.17390524608016
12.667999999977146,61.173858373869535
12.668999999977144,61.173812817392566
12.669999999977142,61.173768469836425
12.67099999997714,61.17372509869278
12.671999999977137,61.17368237874841
12.672999999977135,61.173639938080576
12.673999999977132,61.17359741058926
12.67499999997713,61.17355448769001
12.675999999977128,61.17351096190151
12.676999999977125,61.17346675621619
12.677999999977123,61.173421935131955
12.67899999997712,61.17337669580402
12.679999999977118,61.1733313405723
12.680999999977116,61.17328623472929
12.681999999977114,61.1732417554726
12.682999999977111,61.17319823921759
12.68399999997711,61.17315593467158
12.684999999977107,61.1731149682596
12.685999999977104,61.173075326748815
12.686999999977102,61.17303685950287
12.6879999999771,61.17299930003527
12.688999999977097,61.17296230382739
12.689999999977095,61.17292549708917
12.690999999977093,61.172888529608116
12.69199999997709,61.17285112426235
12.692999999977088,61.172813116245216
12.693999999977086,61.17277447649089
12.694999999977084,61.17273531601957
12.695999999977081,61.1726958705997
12.696999999977079,61.17265646789047
12.697999999977077,61.17261748168911
12.698999999977074,61.17257927971849
12.699999999977072,61.17254217229166
12.70099999997707,61.17250636906207
12.701999999977067,61.1724719499303
12.702999999977065,61.17243885418235
12.703999999977063,61.1724068893779
12.70499999997706,61.17237575872609
12.705999999977058,61.172345103097136
12.706999999977056,61.17231455176044
12.707999999977053,61.172283774719496
12.70899999997705,61.172252529290155
12.709999999977049,61.17222069438428
12.710999999977046,61.1721882876848
12.711999999977044,61.17215546331477
12.712999999977042,61.17212249033146
12.71399999997704,61.172089715081874
12.714999999977037,61.172057512714915
12.715999999977035,61.172026234667364
12.716999999977032,61.17199615950396
12.71799999997703,61.17196745401709
12.718999999977028,61.17194015004221
12.719999999977025,61.17191414024035
12.720999999977023,61.17188919342912
12.72199999997702,61.17186498729959
12.722999999977018,61.17184115391469
12.723999999977016,61.1718173315942
12.724999999977014,61.17179321589625
12.725999999977011,61.17176860253449
12.726999999977009,61.17174341621055
12.727999999977007,61.17171772131419
12.728999999977004,61.171691713002105
12.729999999977002,61.17166568991264
12.730999999977,61.171640012363945
12.731999999976997,61.17161505191206
12.732999999976995,61.17159113936277
12.733999999976993,61.17156851853898
12.73499999997699,61.171547312297335
12.735999999976988,61.1715275055567
12.736999999976986,61.17150894771425
12.737999999976983,61.17149137409626
12.738999999976981,61.1714744434218
12.739999999976979,61.17145778600895
12.740999999976976,61.17144105594668
12.741999999976974,61.17142397990533
12.742999999976972,61.171406395725
12.74399999997697,61.1713882753705
12.744999999976967,61.171369729032044
12.745999999976965,61.17135098980043
12.746999999976962,61.1713323810856
12.74799999997696,61.17131427135812
12.748999999976958,61.17129702258273
12.749999999976955,61.17128093958607
12.750999999976953,61.17126622747421
12.75199999997695,61.17125296307068
12.752999999976948,61.17124108438103
12.753999999976946,61.17123039955254
12.754999999976944,61.17122061405857
12.755999999976941,61.171211372283786
12.756999999976939,61.171202307659
12.757999999976937,61.17119309430196
12.758999999976934,61.17118349290805
12.759999999976932,61.1711733844487
12.76099999997693,61.171162786949104
12.761999999976927,61.17115185299576
12.762999999976925,61.171140848338965
12.763999999976923,61.171130114600274
12.76499999997692,61.17112002133726
12.765999999976918,61.17111091420166
12.766999999976916,61.17110306648091
12.767999999976913,61.171096640822725
12.768999999976911,61.17109166651827
12.769999999976909,61.17108803552598
12.770999999976906,61.17108551778448
12.771999999976904,61.17108379365434
12.772999999976902,61.17108249892446
12.7739999999769,61.17108127605596
12.774999999976897,61.17107982446262
12.775999999976895,61.171077942769905
12.776999999976892,61.17107555711992
12.77799999997689,61.17107273155116
12.778999999976888,61.17106965900771
12.779999999976885,61.17106663424728
12.780999999976883,61.17106401246518
12.78199999997688,61.171062159452084
12.782999999976878,61.171061400296374
12.783999999976876,61.17106197383347
12.784999999976874,61.17106399924059
12.785999999976871,61.17106745946006
12.786999999976869,61.171072203769334
12.787999999976867,61.17107796912544
12.788999999976864,61.171084417274905
12.789999999976862,61.171091182410514
12.79099999997686,61.17109792267571
12.791999999976857,61.17110436827928
12.792999999976855,61.17111035946499
12.793999999976853,61.171115869003486
12.79499999997685,61.17112100605526
12.795999999976848,61.171126000867645
12.796999999976846,61.171131172469195
12.797999999976843,61.17113688390055
12.798999999976841,61.17114349128683
12.799999999976839,61.17115129390005
12.800999999976836,61.17116049222991
12.801999999976834,61.1711711599445
12.802999999976832,61.171183233669815
12.80399999997683,61.171196522014704
12.804999999976827,61.171210732563715
12.805999999976825,61.17122551303507
12.806999999976822,61.1712405008206
12.80799999997682,61.17125537394085
12.808999999976818,61.17126989625951
12.809999999976815,61.17128395060894
12.810999999976813,61.17129755517755
12.81199999997681,61.171310860869234
12.812999999976808,61.17132413001187
12.813999999976806,61.17133769941994
12.814999999976804,61.17135193300384
12.815999999976802,61.17136717059686
12.8169999999768,61.17138368018111
12.817999999976797,61.17140162022958
12.818999999976795,61.17142101744518
12.819999999976792,61.1714417630173
12.82099999997679,61.17146362791202
12.821999999976788,61.17148629503816
12.822999999976785,61.17150940376485
12.823999999976783,61.171532600530824
12.82499999997678,61.17155558843661
12.825999999976778,61.17157816885416
12.826999999976776,61.17160026921642
12.827999999976774,61.17162195308541
12.828999999976771,61.17164341109974
12.829999999976769,61.17166493407596
12.830999999976767,61.17168687205727
12.831999999976764,61.17170958506637
12.832999999976762,61.17173339248551
12.83399999997676,61.17175852817908
12.834999999976757,61.17178510765487
12.835999999976755,61.17181311187163
12.836999999976753,61.1718423899564
12.83799999997675,61.17187268043768
12.838999999976748,61.17190364800365
12.839999999976746,61.17193493061514
12.840999999976743,61.17196619034755
12.841999999976741,61.17199716082469
12.842999999976739,61.17202768457807
12.843999999976736,61.17205773508596
12.844999999976734,61.17208742041141
12.845999999976732,61.17211696792211
12.84699999997673,61.17214669225953
12.847999999976727,61.17217695106078
12.848999999976725,61.17220809465864
12.849999999976722,61.172240416830434
12.85099999997672,61.17227411351066
12.851999999976718,61.17230925526209
12.852999999976715,61.17234577736203
12.853999999976713,61.17238348888697
12.85499999997671,61.172422099509575
12.855999999976708,61.17246126023438
12.856999999976706,61.17250061234718
12.857999999976704,61.172539837693755
12.858999999976701,61.172578703230236
12.859999999976699,61.17261709358541
12.860999999976697,61.172655027070746
12.861999999976694,61.172692652893694
12.862999999976692,61.17273022998048
12.86399999997669,61.17276809039036
12.864999999976687,61.17280659246814
12.865999999976685,61.17284607032631
12.866999999976683,61.172886786748975
12.86799999997668,61.17292889613859
12.868999999976678,61.17297242270065
12.869999999976676,61.17301725692471
12.870999999976673,61.17306317084643
12.871999999976671,61.1731098499383
12.872999999976669,61.17315693714046
12.873999999976666,61.17320408284504
12.874999999976664,61.17325099380743
12.875999999976662,61.173297474119735
12.87699999997666,61.17334345249388
12.877999999976657,61.17338899202973
12.878999999976655,61.17343428110445
12.879999999976652,61.17347960667203
12.88099999997665,61.17352531373167
12.881999999976648,61.17357175666943
12.882999999976645,61.17361924931081
12.883999999976643,61.17366802070186
12.88499999997664,61.17371818282673
12.885999999976638,61.17376971479015
12.886999999976636,61.17382246567408
12.887999999976634,61.173876175657604
12.888999999976631,61.17393051242316
12.889999999976629,61.173985117728655
12.890999999976627,61.17403965760004
12.891999999976624,61.17409386909007
12.892999999976622,61.174147597039116
12.89399999997662,61.174200815677345
12.894999999976617,61.17425363203724
12.895999999976615,61.174306270705905
12.896999999976613,61.17435904207194
12.89799999997661,61.17441229852936
12.898999999976608,61.17446638480204
12.899999999976606,61.174521589366705
12.900999999976603,61.174578103798076
12.901999999976601,61.17463599573849
12.902999999976599,61.174695199282105
12.903999999976596,61.17475552411298
12.904999999976594,61.174816682104854
12.905999999976592,61.17487832763671
12.90699999997659,61.17494010595568
12.907999999976587,61.17500170279237
12.908999999976585,61.17506288825394
12.909999999976582,61.17512354883604
12.91099999997658,61.175183703064434
12.911999999976578,61.17524349857226
12.912999999976575,61.175303191037436
12.913999999976573,61.1753631079484
12.91499999997657,61.175423602294934
12.915999999976568,61.1754850026968
12.916999999976566,61.175547566977784
12.917999999976564,61.175611445703225
12.918999999976561,61.17567666080123
12.91999999997656,61.17574310225922
12.920999999976557,61.17581054335426
12.921999999976554,61.17587867226664
12.922999999976552,61.175947135628896
12.92399999997655,61.17601558789028
12.924999999976547,61.17608373955799
12.925999999976545,61.17615139754616
12.926999999976543,61.17621849196206
12.92799999997654,61.176285085584404
12.928999999976538,61.17635136469885
12.929999999976536,61.17641761259775
12.930999999976533,61.176484169468964
12.931999999976531,61.176551384317655
12.932999999976529,61.176619565682515
12.933999999976526,61.17668893806476
12.934999999976524,61.17675961019222
12.935999999976522,61.17683155956565
12.93699999997652,61.17690463544802
12.937999999976517,61.17697857986761
12.938999999976515,61.177053063672886
12.939999999976513,61.17712773257026
12.94099999997651,61.17720225667178
12.941999999976508,61.177276376592616
12.942999999976506,61.17734993962439
12.943999999976503,61.177422920905734
12.9449999999765,61.17749542662327
12.945999999976499,61.17756767879961
12.946999999976496,61.17763998381524
12.947999999976494,61.17771268909529
12.948999999976492,61.17778613404843
12.94999999997649,61.1778606021565
12.950999999976487,61.17793628093897
12.951999999976485,61.17801323541207
12.952999999976482,61.17809139876089
12.95399999997648,61.17817058152644
12.954999999976478,61.178250498004644
12.955999999976475,61.178330806143926
12.956999999976473,61.178411155329854
12.95799999997647,61.1784912353416
12.958999999976468,61.17857081960187
12.959999999976466,61.178649796650824
12.960999999976464,61.178728185423914
12.961999999976461,61.17880613220326
12.962999999976459,61.17888388967254
12.963999999976457,61.17896178103273
12.964999999976454,61.179040154227984
12.965999999976452,61.17911933271239
12.96699999997645,61.17919956968218
12.967999999976447,61.1792810121952
12.968999999976445,61.1793636802165
12.969999999976443,61.179447463524575
12.97099999997644,61.17953213690355
12.971999999976438,61.17961739147949
12.972999999976436,61.17970287779144
12.973999999976433,61.17978825454199
12.974999999976431,61.179873236180065
12.975999999976429,61.179957632632146
12.976999999976426,61.180041375608646
12.977999999976424,61.18012452779421
12.978999999976422,61.180207273640406
12.97999999997642,61.18028989306536
12.980999999976417,61.18037272175992
12.981999999976415,61.180456103686986
12.982999999976412,61.18054034244845
12.98399999997641,61.180625658355645
12.984999999976408,61.180712157226246
12.985999999976405,61.18079981528527
12.986999999976403,61.180888482281205
12.9879999999764,61.18097790236767
12.988999999976398,61.181067749808925
12.989999999976396,61.18115767448581
12.990999999976394,61.181247350809436
12.991999999976391,61.18133652316517
12.992999999976389,61.18142504150829
12.993999999976387,61.18151288211746
12.994999999976384,61.18160015058774
12.995999999976382,61.18168706665989
12.99699999997638,61.181773933020935
12.997999999976377,61.181861092465105
12.998999999976375,61.18194887944518
12.999999999976373,61.18203757281576
13.00099999997637,61.1821273564082
13.001999999976368,61.18221829296773
13.002999999976366,61.182310315106044
13.003999999976363,61.18240323452913
13.004999999976361,61.18249676823564
13.005999999976359,61.1825905779981
13.006999999976356,61.18268431757369
13.007999999976354,61.182777681012276
13.008999999976352,61.18287044527349
13.00999999997635,61.182962501170145
13.010999999976347,61.18305386829804
13.011999999976345,61.18314469186206
13.012999999976342,61.18323522185453
13.01399999997634,61.183325777522064
13.014999999976338,61.18341670211797
13.015999999976335,61.1835083143023
13.016999999976333,61.183600863020665
13.01799999997633,61.1836944921951
13.018999999976328,61.18378922018494
13.019999999976326,61.183884936893655
13.020999999976324,61.183981418918414
13.021999999976321,61.18407836060971
13.022999999976319,61.184175416666
13.023999999976317,61.18427225027834
13.024999999976314,61.1843685800627
13.025999999976312,61.1844642191877
13.02699999997631,61.18455910120591
13.027999999976307,61.18465328896857
13.028999999976305,61.1847469653817
13.029999999976303,61.184840407305465
13.0309999999763,61.184933946277106
13.031999999976298,61.18502792158105
13.032999999976296,61.18512263225948
13.033999999976293,61.18521829481121
13.034999999976291,61.18531501251244
13.035999999976289,61.1854127606638
13.036999999976286,61.18551138982488
13.037999999976284,61.185610646572144
13.038999999976282,61.185710208854225
13.03999999997628,61.1858097309736
13.040999999976277,61.1859088918695
13.041999999976275,61.18600743992168
13.042999999976272,61.18610522798059
13.04399999997627,61.18620223370813
13.044999999976268,61.18629856237563
13.045999999976265,61.186394431737305
13.046999999976263,61.18649014110694
13.04799999997626,61.186586028996935
13.048999999976258,61.18668242526761
13.049999999976256,61.18677960451996
13.050999999976254,61.186877747268056
13.051999999976251,61.1869769143449
13.05299999997625,61.187077038125615
13.053999999976247,61.18717793179179
13.054999999976244,61.187279315326364
13.055999999976242,61.18738085457973
13.05699999997624,61.18748220791416
13.057999999976238,61.18758307387082
13.058999999976235,61.187683233163696
13.059999999976233,61.18778257910516
13.06099999997623,61.187881132192864
13.061999999976228,61.18797903682257
13.062999999976226,61.18807654059011
13.063999999976224,61.18817395910892
13.064999999976221,61.1882716312844
13.065999999976219,61.188369871341294
13.066999999976217,61.18846892433683
13.067999999976214,61.18856893141415
13.068999999976212,61.18866990966735
13.06999999997621,61.188771749441074
13.070999999976207,61.18887422943512
13.071999999976205,61.18897704748378
13.072999999976203,61.1890798626786
13.0739999999762,61.189182342915146
13.074999999976198,61.189284211181786
13.075999999976196,61.18938528409426
13.076999999976193,61.18948549726495
13.077999999976191,61.189584913949325
13.078999999976189,61.18968371576821
13.079999999976186,61.189782176812955
13.080999999976184,61.18988062478149
13.081999999976182,61.18997939461219
13.08299999997618,61.19007878113199
13.083999999976177,61.19017899737218
13.084999999976175,61.19028014440298
13.085999999976172,61.19038219691641
13.08699999997617,61.19048500657364
13.087999999976168,61.19058832263492
13.088999999976165,61.19069182696676
13.089999999976163,61.19079517850117
13.09099999997616,61.19089806089925
13.091999999976158,61.19100022672133
13.092999999976156,61.191101531902035
13.093999999976154,61.19120195569001
13.094999999976151,61.191301603258445
13.095999999976149,61.19140069062498
13.096999999976147,61.191499514008385
13.097999999976144,61.19159840793786
13.098999999976142,61.19169769799911
13.09999999997614,61.191797654862846
13.100999999976137,61.19189845604692
13.101999999976135,61.19200016077952
13.102999999976133,61.19210270148511
13.10399999997613,61.192205893079276
13.104999999976128,61.19230945875766
13.105999999976126,61.19241306865104
13.106999999976123,61.19251638590562
13.107999999976121,61.19261911372051
13.108999999976119,61.19272103672727
13.109999999976116,61.192822050906706
13.110999999976114,61.19292217784605
13.111999999976112,61.19302156133927
13.11299999997611,61.19312044682222
13.113999999976107,61.1932191465342
13.114999999976105,61.193317995315475
13.115999999976102,61.193417303248644
13.1169999999761,61.19351731180117
13.117999999976098,61.19361815962825
13.118999999976095,61.19371986283344
13.119999999976093,61.19382231245378
13.12099999997609,61.19392528951351
13.121999999976088,61.194028495523504
13.122999999976086,61.19413159413546
13.123999999976084,61.19423425809589
13.124999999976081,61.19433621490367
13.125999999976079,61.194437284759104
13.126999999976077,61.19453740548054
13.127999999976074,61.19463664089344
13.128999999976072,61.19473517152368
13.12999999997607,61.19483326890879
13.130999999976067,61.194931257146614
13.131999999976065,61.19502946708754
13.132999999976063,61.19512818961071
13.13399999997606,61.1952276345476
13.134999999976058,61.195327901019404
13.135999999976056,61.1954289633472
13.136999999976053,61.19553067450496
13.137999999976051,61.195632786619534
13.138999999976049,61.19573498562892
13.139999999976046,61.19583693522448
13.140999999976044,61.19593832390202
13.141999999976042,61.19603890850836
13.14299999997604,61.19613854817182
13.143999999976037,61.19623722385036
13.144999999976035,61.196335040760964
13.145999999976032,61.19643221335171
13.14699999997603,61.19652903493979
13.147999999976028,61.19662583628597
13.148999999976025,61.19672293893137
13.149999999976023,61.19682060985351
13.15099999997602,61.196919023806785
13.151999999976018,61.19701823863393
13.152999999976016,61.19711818700589
13.153999999976014,61.197218685742044
13.154999999976011,61.197319461391736
13.155999999976009,61.197420188478155
13.156999999976007,61.197520535023344
13.157999999976004,61.197620208960984
13.158999999976002,61.1977189989139
13.159999999976,61.19781680361276
13.160999999975997,61.19791364582937
13.161999999975995,61.19800966887599
13.162999999975993,61.19810511616889
13.16399999997599,61.19820029674328
13.164999999975988,61.19829554155998
13.165999999975986,61.19839115676088
13.166999999975983,61.19848738042667
13.167999999975981,61.198584348920406
13.168999999975979,61.198682077534194
13.169999999975976,61.19878045815246
13.170999999975974,61.198879274249975
13.171999999975972,61.19897823111153
13.17299999997597,61.19907699702068
13.173999999975967,61.19917524962762
13.174999999975965,61.199272720982776
13.175999999975962,61.19936923491367
13.17699999997596,61.19946473149661
13.177999999975958,61.199559275196215
13.178999999975956,61.19965304553591
13.179999999975953,61.199746311617794
13.18099999997595,61.19983939408102
13.181999999975949,61.1999326198467
13.182999999975946,61.20002627601445
13.183999999975944,61.20012056938342
13.184999999975942,61.200215597282806
13.18599999997594,61.20031133380053
13.186999999975937,61.20040763333509
13.187999999975935,61.20050425096225
13.188999999975932,61.200600876746044
13.18999999997593,61.20069717916789
13.190999999975928,61.200792851572025
13.191999999975925,61.20088765509954
13.192999999975923,61.20098145208272
13.19399999997592,61.201074225213326
13.194999999975918,61.201166079795776
13.195999999975916,61.2012572287763
13.196999999975914,61.201347962662574
13.197999999975911,61.201438608561325
13.198999999975909,61.201529484098465
13.199999999975907,61.20162085269323
13.200999999975904,61.201712886468194
13.201999999975902,61.201805641997765
13.2029999999759,61.201899052295055
13.203999999975897,61.20199293615141
13.204999999975895,61.202087023509485
13.205999999975893,61.20218099329739
13.20699999997589,61.20227451840405
13.207999999975888,61.20236731147616
13.208999999975886,61.20245916510325
13.209999999975883,61.20254998074718
13.210999999975881,61.20263978236087
13.211999999975879,61.20272871279346
13.212999999975876,61.202817013487156
13.213999999975874,61.202904990338205
13.214999999975872,61.20299297051831
13.21599999997587,61.20308125632671
13.216999999975867,61.203170082559666
13.217999999975865,61.20325958338324
13.218999999975862,61.20334977335663
13.21999999997586,61.20344054526577
13.220999999975858,61.20353168506261
13.221999999975855,61.20362290180448
13.222999999975853,61.20371386837978
13.22399999997585,61.20380426729624
13.224999999975848,61.203893835101915
13.225999999975846,61.20398239919512
13.226999999975844,61.204069901865715
13.227999999975841,61.20415640819138
13.228999999975839,61.20424209668931
13.229999999975837,61.20432723404801
13.230999999975834,61.204412137491865
13.231999999975832,61.20449713007472
13.23299999997583,61.20458249518728
13.233999999975827,61.20466843666687
13.234999999975825,61.204755050110386
13.235999999975823,61.20484230941296
13.23699999997582,61.20493007041314
13.237999999975818,61.20501809112241
13.238999999975816,61.20510606569048
13.239999999975813,61.205193667325396
13.240999999975811,61.20528059414183
13.241999999975809,61.20536661148974
13.242999999975806,61.20545158482494
13.243999999975804,61.20553549850435
13.244999999975802,61.20561845787146
13.2459999999758,61.205700674348485
13.246999999975797,61.2057824356345
13.247999999975795,61.20586406520548
13.248999999975792,61.20594587680934
13.24999999997579,61.206028130351015
13.250999999975788,61.20611099536067
13.251999999975785,61.20619452717101
13.252999999975783,61.20627865914246
13.25399999997578,61.2063632120171
13.254999999975778,61.20644791908082
13.255999999975776,61.206532463591785
13.256999999975774,61.20661652321021
13.257999999975771,61.206699815187854
13.258999999975769,61.20678213596989
13.259999999975767,61.20686338964588
13.260999999975764,61.206943601265294
13.261999999975762,61.20702291314752
13.26299999997576,61.20710156472104
13.263999999975757,61.20717985872898
13.264999999975755,61.20725811855587
13.265999999975753,61.20733664267429
13.26699999997575,61.20741566261548
13.267999999975748,61.20749531036005
13.268999999975746,61.20757559972976
13.269999999975743,61.20765642438485
13.270999999975741,61.20773757270016
13.271999999975739,61.207818757423176
13.272999999975736,61.207899655941176
13.273999999975734,61.20797995549733
13.274999999975732,61.208059397003574
13.27599999997573,61.208137811299544
13.276999999975727,61.20821514276895
13.277999999975725,61.208291456999746
13.278999999975722,61.20836693142566
13.27999999997572,61.20844183026851
13.280999999975718,61.208516467308414
13.281999999975715,61.20859116172007
13.282999999975713,61.20866619318214
13.28399999997571,61.20874176256663
13.284999999975708,61.208817963724925
13.285999999975706,61.20889477032739
13.286999999975704,61.20897203959622
13.287999999975701,61.20904953239553
13.2889999999757,61.20912694685012
13.289999999975697,61.20920396076441
13.290999999975694,61.209280276875944
13.291999999975692,61.20935566459377
13.29299999997569,61.209429992350834
13.293999999975687,61.209503246036924
13.294999999975685,61.20957553092473
13.295999999975683,61.209647056824615
13.29699999997568,61.209718108565376
13.297999999975678,61.209789005951876
13.298999999975676,61.209860058829236
13.299999999975674,61.20993152356904
13.300999999975671,61.21000356708681
13.301999999975669,61.210076243438465
13.302999999975667,61.21014948627539
13.303999999975664,61.21022311820951
13.304999999975662,61.210296875761955
13.30599999997566,61.21037044638807
13.306999999975657,61.21044351236741
13.307999999975655,61.210515795394194
13.308999999975653,61.21058709560504
13.30999999997565,61.21065731956253
13.310999999975648,61.21072649327159
13.311999999975646,61.210794758407374
13.312999999975643,61.210862352293304
13.31399999997564,61.21092957445188
13.314999999975639,61.21099674443313
13.315999999975636,61.21106415685009
13.316999999975634,61.211132039936444
13.317999999975632,61.21120052344968
13.31899999997563,61.21126962042097
13.319999999975627,61.21133922530908
13.320999999975625,61.21140912881018
13.321999999975622,61.21147904723442
13.32299999997562,61.211548662317846
13.323999999975618,61.21161766587146
13.324999999975615,61.21168580299849
13.325999999975613,61.21175290780844
13.32699999997561,61.211818926617994
13.327999999975608,61.21188392538564
13.328999999975606,61.21194808034588
13.329999999975604,61.212011653162165
13.330999999975601,61.2120749541022
13.331999999975599,61.21213829841116
13.332999999975597,61.21220196201559
13.333999999975594,61.21226614278198
13.334999999975592,61.21233093276598
13.33599999997559,61.212396305346054
13.336999999975587,61.21246211903656
13.337999999975585,61.21252813743679
13.338999999975583,61.212594062505545
13.33999999997558,61.21265957647919
13.340999999975578,61.212724386544934
13.341999999975576,61.21278826599054
13.342999999975573,61.212851086052744
13.343999999975571,61.21291283399637
13.344999999975569,61.21297361488517
13.345999999975566,61.21303363680569
13.346999999975564,61.213093181630285
13.347999999975562,61.21315256542695
13.34899999997556,61.21321209408827
13.349999999975557,61.21327202040952
13.350999999975555,61.21333250864522
13.351999999975552,61.213393611516025
13.35299999997555,61.21345526288658
13.353999999975548,61.21351728713543
13.354999999975545,61.21357942389182
13.355999999975543,61.21364136465608
13.35699999997554,61.213702796157584
13.357999999975538,61.21376344435474
13.358999999975536,61.21382311289629
13.359999999975534,61.213881710647776
13.360999999975531,61.213939264418016
13.361999999975529,61.21399591510777
13.362999999975527,61.214051897832285
13.363999999975524,61.21410750881454
13.364999999975522,61.21416306371237
13.36599999997552,61.21421885323142
13.366999999975517,61.214275102265916
13.367999999975515,61.214331938301704
13.368999999975513,61.21438937351549
13.36999999997551,61.21444730307998
13.370999999975508,61.21450551990307
13.371999999975506,61.214563743723104
13.372999999975503,61.21462166046865
13.373999999975501,61.214678966348906
13.374999999975499,61.21473541048079
13.375999999975496,61.214790830069326
13.376999999975494,61.214845173203706
13.377999999975492,61.214898506071826
13.37899999997549,61.214951003591246
13.379999999975487,61.215002924776854
13.380999999975485,61.215054576317215
13.381999999975482,61.21510626947837
13.38299999997548,61.21515827639468
13.383999999975478,61.215210791887564
13.384999999975475,61.2152639061689
13.385999999975473,61.21531759225957
13.38699999997547,61.21537170987869
13.387999999975468,61.215426025247815
13.388999999975466,61.215480244022885
13.389999999975464,61.21553405271776
13.390999999975461,61.2155871628005
13.391999999975459,61.21563935126752
13.392999999975457,61.215690491997066
13.393999999975454,61.215740573479465
13.394999999975452,61.21578970044361
13.39599999997545,61.21583807915265
13.396999999975447,61.21588598844647
13.397999999975445,61.21593374060354
13.398999999975443,61.215981637525815
13.39999999997544,61.216029928400864
13.400999999975438,61.21607877478903
13.401999999975436,61.2161282280299
13.402999999975433,61.21617822213726
13.403999999975431,61.21622858316888
13.404999999975429,61.21627905374847
13.405999999975426,61.21632932928748
13.406999999975424,61.21637910081416
13.407999999975422,61.21642809839001
13.40899999997542,61.21647612901838
13.409999999975417,61.21652310371812
13.410999999975415,61.21656904997049
13.411999999975412,61.216614107795316
13.41299999997541,61.216658510017034
13.413999999975408,61.21670254950316
13.414999999975405,61.21674653798133
13.415999999975403,61.21679076222654
13.4169999999754,61.216835443772894
13.417999999975398,61.21688070780796
13.418999999975396,61.216926565614074
13.419999999975394,61.216972913017095
13.420999999975392,61.21701954505148
13.42199999997539,61.2170661847752
13.422999999975387,61.21711252218038
13.423999999975385,61.217158257730205
13.424999999975382,61.21720314440789
13.42599999997538,61.217247022370074
13.426999999975378,61.21728984134704
13.427999999975375,61.21733166764567
13.428999999975373,61.21737267478027
13.42999999997537,61.217413119057255
13.430999999975368,61.21745330354872
13.431999999975366,61.2174935355224
13.432999999975364,61.21753408331168
13.433999999975361,61.21757513868391
13.434999999975359,61.2176167899901
13.435999999975357,61.217659009860064
13.436999999975354,61.21770165916149
13.437999999975352,61.21774450665925
13.43899999997535,61.217787261603355
13.439999999975347,61.21782961466364
13.440999999975345,61.21787128145857
13.441999999975343,61.217912042560144
13.44299999997534,61.21795177436021
13.443999999975338,61.21799046646544
13.444999999975336,61.2180282231811
13.445999999975333,61.21806524888351
13.446999999975331,61.218101819343055
13.447999999975329,61.21813824303282
13.448999999975326,61.218174817862966
13.449999999975324,61.21821178942037
13.450999999975322,61.21824931657413
13.45199999997532,61.218287449275486
13.452999999975317,61.218326121660915
13.453999999975315,61.218365161418426
13.454999999975312,61.21840431409383
13.45599999997531,61.21844327891499
13.456999999975308,61.21848175109907
13.457999999975305,61.21851946469342
13.458999999975303,61.218556229938024
13.4599999999753,61.218591959899555
13.460999999975298,61.21862668264425
13.461999999975296,61.21866053724607
13.462999999975294,61.218693754200615
13.463999999975291,61.21872662300497
13.464999999975289,61.21875945146194
13.465999999975287,61.218792522434164
13.466999999975284,61.2188260541169
13.467999999975282,61.218860169415386
13.46899999997528,61.218894878719894
13.469999999975277,61.21893007849095
13.470999999975275,61.218965565848045
13.471999999975273,61.219001067104216
13.47299999997527,61.2190362762304
13.473999999975268,61.21907089784741
13.474999999975266,61.219104688701485
13.475999999975263,61.2191374918036
13.476999999975261,61.219169258440274
13.477999999975259,61.219200054972966
13.478999999975256,61.21923005347262
13.479999999975254,61.21925950752341
13.480999999975252,61.21928871658996
13.48199999997525,61.219317983967265
13.482999999975247,61.21934757422344
13.483999999975245,61.21937767610828
13.484999999975242,61.21940837613934
13.48599999997524,61.2194396465663
13.486999999975238,61.21947134939575
13.487999999975235,61.219503255901245
13.488999999975233,61.2195350788717
13.48999999997523,61.21956651305965
13.490999999975228,61.21959727814878
13.491999999975226,61.21962715820027
13.492999999975224,61.21965603204261
13.493999999975221,61.21968389033655
13.494999999975219,61.21971083692284
13.495999999975217,61.219737074276495
13.496999999975214,61.2197628751066
13.497999999975212,61.21978854411182
13.49899999997521,61.21981437525679
13.499999999975207,61.2198406105785
13.500999999975205,61.21986740630412
13.501999999975203,61.21989481103427
13.5029999999752,61.219922759047726
13.503999999975198,61.2199510796594
13.504999999975196,61.2199795213106
13.505999999975193,61.22000778699862
13.506999999975191,61.220035576066
13.507999999975189,61.220062626476604
13.508999999975186,61.2200887516382
13.509999999975184,61.220113866607086
13.510999999975182,61.22013799999348
13.51199999997518,61.22016128990767
13.512999999975177,61.22018396452533
13.513999999975175,61.220206310004194
13.514999999975172,61.22022863027387
13.51599999997517,61.220251204346376
13.516999999975168,61.22027424714426
13.517999999975165,61.22029787935089
13.518999999975163,61.22032211050986
13.51999999997516,61.22034683774294
13.520999999975158,61.22037186025783
13.521999999975156,61.22039690760224
13.522999999975154,61.22042167768734
13.523999999975151,61.220445879238405
13.52499999997515,61.22046927270906
13.525999999975147,61.220491703911904
13.526999999975144,61.22051312565209
13.527999999975142,61.220533604324885
13.52899999997514,61.220553310564554
13.529999999975137,61.2205724952608
13.530999999975135,61.22059145432227
13.531999999975133,61.22061048714091
13.53299999997513,61.22062985459609
13.533999999975128,61.22064974249742
13.534999999975126,61.220670235597375
13.535999999975123,61.22069130581808
13.536999999975121,61.22071281633526
13.537999999975119,61.22073454093937
13.538999999975116,61.22075619594252
13.539999999975114,61.22077748014847
13.540999999975112,61.22079811726403
13.54199999997511,61.2208178947966
13.542999999975107,61.2208366939745
13.543999999975105,61.220854506490845
13.544999999975103,61.22087143572384
13.5459999999751,61.220887682269165
13.546999999975098,61.220903515824844
13.547999999975096,61.22091923738368
13.548999999975093,61.22093513704721
13.54999999997509,61.22095145339192
13.550999999975089,61.22096834008861
13.551999999975086,61.220985844460714
13.552999999975084,61.22100390098442
13.553999999975082,61.22102234063486
13.55499999997508,61.221040914758774
13.555999999975077,61.2210593301117
13.556999999975075,61.22107729013587
13.557999999975072,61.221094536677114
13.55899999997507,61.22111088627995
13.559999999975068,61.22112625596695
13.560999999975065,61.221140674887835
13.561999999975063,61.22115428020849
13.56299999997506,61.2211672978242
13.563999999975058,61.221180010619484
13.564999999975056,61.22119271873288
13.565999999975054,61.22120569741958
13.566999999975051,61.22121915842632
13.567999999975049,61.22123322030439
13.568999999975047,61.22124789182707
13.569999999975044,61.22126307083254
13.570999999975042,61.22127855864979
13.57199999997504,61.22129408807104
13.572999999975037,61.221309360938804
13.573999999975035,61.22132409006122
13.574999999975033,61.221338039572295
13.57599999997503,61.221351058064236
13.576999999975028,61.22136309984985
13.577999999975026,61.22137423136901
13.578999999975023,61.22138462185013
13.579999999975021,61.22139451954567
13.580999999975019,61.2214042168855
13.581999999975016,61.22141400945119
13.582999999975014,61.221424154534844
13.583999999975012,61.22143483510628
13.58499999997501,61.221446134243976
13.585999999975007,61.22145802361664
13.586999999975005,61.2214703676225
13.587999999975002,61.221482942597675
13.588999999975,61.22149546838639
13.589999999974998,61.22150764783389
13.590999999974995,61.22151920865076
13.591999999974993,61.22152994176791
13.59299999997499,61.221539730799925
13.593999999974988,61.221548568472116
13.594999999974986,61.221556557719936
13.595999999974984,61.22156389730542
13.596999999974981,61.22157085398159
13.597999999974979,61.221577725121186
13.598999999974977,61.22158479706244
13.599999999974974,61.221592305024906
13.600999999974972,61.22160040022317
13.60199999997497,61.221609128791734
13.602999999974967,61.22161842547374
13.603999999974965,61.22162812295122
13.604999999974963,61.22163797549993
13.60599999997496,61.221647693637
13.606999999974958,61.22165698489272
13.607999999974956,61.221665594974915
13.608999999974953,61.221673343545326
13.609999999974951,61.221680149585346
13.610999999974949,61.22168604279196
13.611999999974946,61.22169115941419
13.612999999974944,61.2216957231209
13.613999999974942,61.22170001359554
13.61499999997494,61.22170432727727
13.615999999974937,61.221708935766664
13.616999999974935,61.22171404773676
13.617999999974932,61.221719779702845
13.61899999997493,61.22172613974875
13.619999999974928,61.22173302649078
13.620999999974925,61.221740243416164
13.621999999974923,61.22174752657774
13.62299999997492,61.22175458174465
13.623999999974918,61.22176112579181
13.624999999974916,61.22176692651122
13.625999999974914,61.221771835258
13.626999999974911,61.221775807846306
13.627999999974909,61.22177891077333
13.628999999974907,61.22178131189629
13.629999999974904,61.22178325688781
13.630999999974902,61.22178503477646
13.6319999999749,61.22178693742509
13.632999999974897,61.22178921863767
13.633999999974895,61.221792058641796
13.634999999974893,61.22179553892964
13.63599999997489,61.22179963098725
13.636999999974888,61.221804200484726
13.637999999974886,61.22180902632989
13.638999999974883,61.22181383190271
13.639999999974881,61.22181832407651
13.640999999974879,61.221822234542
13.641999999974876,61.22182535762968
13.642999999974874,61.22182757931944
13.643999999974872,61.22182889336489
13.64499999997487,61.22182940227329
13.645999999974867,61.22182930300986
13.646999999974865,61.221828859441764
13.647999999974862,61.221828365398416
13.64899999997486,61.2218281035432
13.649999999974858,61.22182830583197
13.650999999974855,61.22182912111123
13.651999999974853,61.22183059440232
13.65299999997485,61.22183266077192
13.653999999974848,61.2218351546439
13.654999999974846,61.22183783323354
13.655999999974844,61.22184041081042
13.656999999974841,61.22184259896755
13.65799999997484,61.22184414724388
13.658999999974837,61.221844878386584
13.659999999974834,61.221844713313054
13.660999999974832,61.221843682260676
13.66199999997483,61.22184192057678
13.662999999974828,61.22183964973987
13.663999999974825,61.221837146289715
13.664999999974823,61.221834703039406
13.66599999997482,61.22183258801558
13.666999999974818,61.22183100690125
13.667999999974816,61.2218300742509
13.668999999974814,61.22182979751979
13.669999999974811,61.2218300761412
13.670999999974809,61.22183071577858
13.671999999974807,61.221831455738645
13.672999999974804,61.221832005693145
13.673999999974802,61.221832086545994
13.6749999999748,61.22183146970561
13.675999999974797,61.22183000924978
13.676999999974795,61.221827662468606
13.677999999974793,61.221824495905004
13.67899999997479,61.221820676057355
13.679999999974788,61.22181644605062
13.680999999974786,61.22181209156516
13.681999999974783,61.2218079008105
13.682999999974781,61.22180412417432
13.683999999974779,61.221800939211384
13.684999999974776,61.22179842588696
13.685999999974774,61.22179655554669
13.686999999974772,61.22179519515264
13.68799999997477,61.22179412618175
13.688999999974767,61.221793075525376
13.689999999974765,61.22179175404342
13.690999999974762,61.221789897355144
13.69199999997476,61.22178730313615
13.692999999974758,61.22178385968542
13.693999999974755,61.22177956175022
13.694999999974753,61.22177451139452
13.69599999997475,61.22176890379286
13.696999999974748,61.22176299995322
13.697999999974746,61.22175709020726
13.698999999974744,61.221751453598635
13.699999999974741,61.22174631887762
13.700999999974739,61.221741832576136
13.701999999974737,61.22173803864241
13.702999999974734,61.22173487248843
13.703999999974732,61.221732170277846
13.70499999997473,61.22172969214239
13.705999999974727,61.22172715605943
13.706999999974725,61.22172427762648
13.707999999974723,61.22172081014492
13.70899999997472,61.221716579383404
13.709999999974718,61.22171150813634
13.710999999974716,61.22170562714132
13.711999999974713,61.22169907082188
13.712999999974711,61.22169205846494
13.713999999974709,61.2216848634865
13.714999999974706,61.221677775106976
13.715999999974704,61.22167105782277
13.716999999974702,61.22166491436896
13.7179999999747,61.22165945737394
13.718999999974697,61.22165469368331
13.719999999974695,61.221650523547304
13.720999999974692,61.22164675478069
13.72199999997469,61.221643129898425
13.722999999974688,61.22163936240981
13.723999999974685,61.22163517717062
13.724999999974683,61.221630349123885
13.72599999997468,61.22162473499231
13.726999999974678,61.22161829347339
13.727999999974676,61.22161109110741
13.728999999974674,61.22160329300345
13.729999999974671,61.221595139730965
13.730999999974669,61.22158691363003
13.731999999974667,61.22157889927989
13.732999999974664,61.221571343679734
13.733999999974662,61.221564421736325
13.73499999997466,61.22155821190229
13.735999999974657,61.22155268537968
13.736999999974655,61.22154771039787
13.737999999974653,61.22154307095563
13.73899999997465,61.221538497387186
13.739999999974648,61.221533704454146
13.740999999974646,61.221528431609
13.741999999974643,61.221522479775906
13.742999999974641,61.221515739482236
13.743999999974639,61.22150820639125
13.744999999974636,61.22149998206512
13.745999999974634,61.22149125985012
13.746999999974632,61.22148229787718
13.74799999997463,61.22147338297782
13.748999999974627,61.22146479058477
13.749999999974625,61.221456746254326
13.750999999974622,61.22144939420948
13.75199999997462,61.22144277731789
13.752999999974618,61.22143683131053
13.753999999974615,61.22143139404283
13.754999999974613,61.221426228491865
13.75599999997461,61.22142105625152
13.756999999974608,61.221415596818495
13.757999999974606,61.22140960714668
13.758999999974604,61.22140291591283
13.759999999974601,61.22139544768816
13.760999999974599,61.22138723362332
13.761999999974597,61.221378407149686
13.762999999974594,61.221369185316824
13.763999999974592,61.22135983838925
13.76499999997459,61.22135065198094
13.765999999974587,61.22134188705227
13.766999999974585,61.22133374338447
13.767999999974583,61.22132633166606
13.76899999997458,61.221319658103525
13.769999999974578,61.22131362371419
13.770999999974576,61.22130803839274
13.771999999974573,61.2213026477685
13.772999999974571,61.22129716907701
13.773999999974569,61.22129133100244
13.774999999974566,61.221284911895026
13.775999999974564,61.22127777099815
13.776999999974562,61.22126986830488
13.77799999997456,61.2212612702571
13.778999999974557,61.22125214049968
13.779999999974555,61.2212427169909
13.780999999974552,61.22123327869376
13.78199999997455,61.2212241065315
13.782999999974548,61.2212154440945
13.783999999974546,61.221207463618526
13.784999999974543,61.22120024200923
13.78599999997454,61.22119375027412
13.786999999974539,61.22118785783798
13.787999999974536,61.22118235112687
13.788999999974534,61.221176963802876
13.789999999974532,61.221171414398576
13.79099999997453,61.2211654460598
13.791999999974527,61.22115886281855
13.792999999974525,61.22115155729482
13.793999999974522,61.221143525947944
13.79499999997452,61.22113486973557
13.795999999974518,61.22112578009246
13.796999999974515,61.221116512210465
13.797999999974513,61.22110734937328
13.79899999997451,61.22109856336643
13.799999999974508,61.22109037651716
13.800999999974506,61.22108293069887
13.801999999974504,61.22107626764556
13.802999999974501,61.2210703233353
13.803999999974499,61.22106493722149
13.804999999974497,61.2210598750112
13.805999999974494,61.221054861781596
13.806999999974492,61.221049620780676
13.80799999997449,61.221043912459315
13.808999999974487,61.2210375682515
13.809999999974485,61.221030514362724
13.810999999974483,61.22102278222646
13.81199999997448,61.22101450417516
13.812999999974478,61.22100589493291
13.813999999974476,61.22099722154269
13.814999999974473,61.22098876595782
13.815999999974471,61.22098078555377
13.816999999974469,61.22097347710996
13.817999999974466,61.22096694931817
13.818999999974464,61.2209612076743
13.819999999974462,61.22095615387137
13.82099999997446,61.22095159977091
13.821999999974457,61.220947293983414
13.822999999974455,61.2209429573199
13.823999999974452,61.22093832213121
13.82499999997445,61.22093317000959
13.825999999974448,61.220927362559195
13.826999999974445,61.22092086091858
13.827999999974443,61.22091373130003
13.82899999997444,61.220906135772054
13.829999999974438,61.2208983095897
13.830999999974436,61.220890528264704
13.831999999974434,61.220883069001715
13.832999999974431,61.220876171924715
13.833999999974429,61.220870006537275
13.834999999974427,61.22086464812707
13.835999999974424,61.22086006741897
13.836999999974422,61.22085613492467
13.83799999997442,61.22085263936774
13.838999999974417,61.220849317589
13.839999999974415,61.220845891727706
13.840999999974413,61.22084210845129
13.84199999997441,61.220837774724735
13.842999999974408,61.22083278509686
13.843999999974406,61.22082713667098
13.844999999974403,61.22082092966636
13.845999999974401,61.220814353493175
13.846999999974399,61.220807660309994
13.847999999974396,61.22080112977609
13.848999999974394,61.2207950299608
13.849999999974392,61.220789579896284
13.85099999997439,61.22078491903503
13.851999999974387,61.220781087893016
13.852999999974385,61.22077802259261
13.853999999974382,61.22077556406261
13.85499999997438,61.220773480596094
13.855999999974378,61.2207715005917
13.856999999974375,61.220769350874924
13.857999999974373,61.22076679521471
13.85899999997437,61.22076366762448
13.859999999974368,61.22075989577507
13.860999999974366,61.22075551123428
13.861999999974364,61.22075064510211
13.862999999974361,61.220745509665136
13.863999999974359,61.22074036865253
13.864999999974357,61.22073550027666
13.865999999974354,61.2207311582568
13.866999999974352,61.220727536297986
13.86799999997435,61.22072474101463
13.868999999974347,61.22072277709747
13.869999999974345,61.220721546801535
13.870999999974343,61.22072086382057
13.87199999997434,61.22072047959165
13.872999999974338,61.22072011833078
13.873999999974336,61.22071951587579
13.874999999974333,61.2207184568781
13.875999999974331,61.22071680512484
13.876999999974329,61.22071452273565
13.877999999974326,61.220711675544315
13.878999999974324,61.22070842391569
13.879999999974322,61.22070500029508
13.88099999997432,61.220701676652126
13.881999999974317,61.22069872639443
13.882999999974315,61.2206963861053
13.883999999974312,61.220694822479956
13.88499999997431,61.22069410910115
13.885999999974308,61.22069421630823
13.886999999974305,61.22069501557763
13.887999999974303,61.22069629778713
13.8889999999743,61.22069780279543
13.889999999974298,61.220699256173454
13.890999999974296,61.22070040792729
13.891999999974294,61.22070106777453
13.892999999974291,61.22070113201796
13.89399999997429,61.220700598244804
13.894999999974287,61.220699565795485
13.895999999974284,61.22069822193664
13.896999999974282,61.22069681569173
13.89799999997428,61.220695623010954
13.898999999974277,61.22069490817091
13.899999999974275,61.22069488683611
13.900999999974273,61.2206956959591
13.90199999997427,61.22069737474733
13.902999999974268,61.22069985935942
13.903999999974266,61.2207029920716
13.904999999974264,61.22070654361529
13.905999999974261,61.22071024554625
13.906999999974259,61.220713828091384
13.907999999974257,61.220717058157476
13.908999999974254,61.22071977216105
13.909999999974252,61.22072189907227
13.91099999997425,61.22072347044138
13.911999999974247,61.2207246160068
13.912999999974245,61.22072554550737
13.913999999974243,61.22072651926649
13.91499999997424,61.220727811678785
13.915999999974238,61.22072967273645
13.916999999974236,61.22073229299954
13.917999999974233,61.22073577692709
13.91899999997423,61.22074012831258
13.919999999974229,61.22074524986283
13.920999999974226,61.220750956973504
13.921999999974224,61.220757003759694
13.922999999974222,61.22076311767915
13.92399999997422,61.220769037883706
13.924999999974217,61.220774551909656
13.925999999974215,61.22077952555945
13.926999999974212,61.22078392177872
13.92799999997421,61.22078780588603
13.928999999974208,61.220791336424476
13.929999999974205,61.22079474293324
13.930999999974203,61.22079829376037
13.9319999999742,61.220802258448536
13.932999999974198,61.220806869977565
13.933999999974196,61.220812292168716
13.934999999974194,61.220818596824046
13.935999999974191,61.22082575380717
13.936999999974189,61.2208336354494
13.937999999974187,61.22084203465416
13.938999999974184,61.22085069415091
13.939999999974182,61.22085934278323
13.94099999997418,61.22086773373145
13.941999999974177,61.22087567930158
13.942999999974175,61.22088307739538
13.943999999974173,61.22088992594316
13.94499999997417,61.22089632328511
13.945999999974168,61.22090245444271
13.946999999974166,61.220908565224605
13.947999999974163,61.220914927804195
13.948999999974161,61.22092180261176
13.949999999974159,61.22092940188934
13.950999999974156,61.220937860031015
13.951999999974154,61.220947214865056
13.952999999974152,61.22095740250008
13.95399999997415,61.220968266453156
13.954999999974147,61.22097957976976
13.955999999974145,61.2209910770219
13.956999999974142,61.2210024916877
13.95799999997414,61.22101359365676
13.958999999974138,61.22102422159854
13.959999999974135,61.22103430564365
13.960999999974133,61.22104387720226
13.96199999997413,61.22105306454788
13.962999999974128,61.22106207479106
13.963999999974126,61.22107116478499
13.964999999974124,61.22108060505667
13.965999999974121,61.2210906418288
13.966999999974119,61.22110146247424
13.967999999974117,61.22111316924694
13.968999999974114,61.221125764979604
13.969999999974112,61.22113915275022
13.97099999997411,61.22115314955689
13.971999999974107,61.22116751207512
13.972999999974105,61.22118197087304
13.973999999974103,61.22119626827766
13.9749999999741,61.221210194570546
13.975999999974098,61.22122361743634
13.976999999974096,61.22123650052634
13.977999999974093,61.22124890854164
13.978999999974091,61.22126099812427
13.979999999974089,61.221272995844195
13.980999999974086,61.22128516638405
13.981999999974084,61.22129777538949
13.982999999974082,61.22131105220952
13.98399999997408,61.2213251577615
13.984999999974077,61.22134016202774
13.985999999974075,61.221356034341696
13.986999999974072,61.22137264781748
13.98799999997407,61.22138979729308
13.988999999974068,61.22140722826197
13.989999999974065,61.2214246727212
13.990999999974063,61.22144188690071
13.99199999997406,61.22145868557251
13.992999999974058,61.22147496812312
13.993999999974056,61.221490732730025
13.994999999974054,61.22150607665265
13.995999999974051,61.22152118260993
13.996999999974049,61.221536293156134
13.997999999974047,61.221551676665975
13.998999999974044,61.22156758970738
13.999999999974042,61.22158424108952
14.00099999997404,61.22160176263215
14.001999999974037,61.22162019075647
14.002999999974035,61.22163946147734
14.003999999974033,61.22165941949112
14.00499999997403,61.22167984007689
14.005999999974028,61.22170046072852
14.006999999974026,61.22172101807059
14.007999999974023,61.221741284869275
14.008999999974021,61.22176110194362
14.009999999974019,61.22178040049369
14.010999999974016,61.221799211716466
14.011999999974014,61.22181766236557
14.012999999974012,61.22183595688841
14.01399999997401,61.2218543486541
14.014999999974007,61.221873104318796
14.015999999974005,61.221892466342304
14.016999999974002,61.22191261891463
14.017999999974,61.22193366208304
14.018999999973998,61.22195559770488
14.019999999973995,61.22197832919735
14.020999999973993,61.22200167511116
14.02199999997399,61.22202539461483
14.022999999973988,61.222049221306676
14.023999999973986,61.22207290060142
14.024999999973984,61.22209622543889
14.025999999973982,61.2221190653052
14.02699999997398,61.22214138449049
14.027999999973977,61.22216324702985
14.028999999973975,61.22218480763356
14.029999999973972,61.22220628989584
14.03099999997397,61.222227954841934
14.031999999973968,61.22225006423982
14.032999999973965,61.22227284383274
14.033999999973963,61.222296451656085
14.03499999997396,61.22232095588556
14.035999999973958,61.222346325323144
14.036999999973956,61.222372433846004
14.037999999973954,61.222399078190385
14.038999999973951,61.22242600656083
14.039999999973949,61.22245295404359
14.040999999973947,61.222479679849094
14.041999999973944,61.222506001149114
14.042999999973942,61.22253181875835
14.04399999997394,61.222557131058004
14.044999999973937,61.222582034206425
14.045999999973935,61.222606708615814
14.046999999973933,61.222631393603365
14.04799999997393,61.222656353776635
14.048999999973928,61.2226818418831
14.049999999973926,61.22270806334228
14.050999999973923,61.2227351474379
14.051999999973921,61.22276312921236
14.052999999973919,61.2227919445983
14.053999999973916,61.22282143946522
14.054999999973914,61.22285139130291
14.055999999973912,61.22288154048901
14.05699999997391,61.222911626747404
14.057999999973907,61.22294142567232
14.058999999973905,61.222970780187765
14.059999999973902,61.222999622530565
14.0609999999739,61.22302798366734
14.061999999973898,61.22305598883675
14.062999999973895,61.22308383984644
14.063999999973893,61.223111786622034
14.06499999997389,61.22314009200511
14.065999999973888,61.223168994753046
14.066999999973886,61.22319867593558
14.067999999973884,61.22322923344716
14.068999999973881,61.223260668212006
14.069999999973879,61.22329288401133
14.070999999973877,61.223325700955456
14.071999999973874,61.223358880696814
14.072999999973872,61.22339215984212
14.07399999997387,61.22342528686419
14.074999999973867,61.223458057332365
14.075999999973865,61.22349034251177
14.076999999973863,61.22352210732438
14.07799999997386,61.22355341514721
14.078999999973858,61.22358441879059
14.079999999973856,61.2236153389209
14.080999999973853,61.22364643297127
14.081999999973851,61.22367795890886
14.082999999973849,61.22371013895184
14.083999999973846,61.223743128332245
14.084999999973844,61.22377699348868
14.085999999973842,61.2238117027457
14.08699999997384,61.223847130782154
14.087999999973837,61.223883076251624
14.088999999973835,61.22391929007341
14.089999999973832,61.22395551041789
14.09099999997383,61.22399149946455
14.091999999973828,61.22402707677637
14.092999999973825,61.22406214459737
14.093999999973823,61.22409670152749
14.09499999997382,61.224130842658305
14.095999999973818,61.22416474615114
14.096999999973816,61.224198648158186
14.097999999973814,61.22423280960714
14.098999999973811,61.22426747952191
14.099999999973809,61.22430286003076
14.100999999973807,61.22433907797484
14.101999999973804,61.22437616709952
14.102999999973802,61.22441406332203
14.1039999999738,61.22445261373409
14.104999999973797,61.22449159806742
14.105999999973795,61.224530759601606
14.106999999973793,61.22456984116851
14.10799999997379,61.224608621196786
14.108999999973788,61.224646944727446
14.109999999973786,61.224684745055924
14.110999999973783,61.224722052957716
14.111999999973781,61.22475899221402
14.112999999973779,61.22479576207186
14.113999999973776,61.2248326091074
14.114999999973774,61.224869792454996
14.115999999973772,61.2249075472842
14.11699999997377,61.224946051657625
14.117999999973767,61.22498540142379
14.118999999973765,61.22502559666623
14.119999999973762,61.22506654160777
14.12099999997376,61.22510805797668
14.121999999973758,61.22514990995217
14.122999999973755,61.22519183717901
14.123999999973753,61.2252335912123
14.12499999997375,61.22527497027421
14.125999999973748,61.225315847439845
14.126999999973746,61.22535618830387
14.127999999973744,61.225396055648936
14.128999999973741,61.22543560046348
14.12999999997374,61.22547504058536
14.130999999973737,61.22551462997046
14.131999999973734,61.22555462290994
14.132999999973732,61.22559523822631
14.13399999997373,61.22563662847421
14.134999999973727,61.225678858471404
14.135999999973725,61.22572189616797
14.136999999973723,61.2257656171287
14.13799999997372,61.2258098219922
14.138999999973718,61.22585426444536
14.139999999973716,61.2258986857828
14.140999999973713,61.22594285119044
14.141999999973711,61.225986582661086
14.142999999973709,61.2260297839159
14.143999999973706,61.22607245383737
14.144999999973704,61.22611468652859
14.145999999973702,61.22615665800051
14.1469999999737,61.226198601357794
14.147999999973697,61.22624077398025
14.148999999973695,61.2262834213069
14.149999999973693,61.2263267423162
14.15099999997369,61.2263708615424
14.151999999973688,61.226415811558105
14.152999999973686,61.22646152837372
14.153999999973683,61.22650786039407
14.15499999997368,61.22655458966669
14.155999999973679,61.22660146243255
14.156999999973676,61.226648224683196
14.157999999973674,61.226694657729084
14.158999999973672,61.22674060878162
14.15999999997367,61.2267860122587
14.160999999973667,61.22683089882444
14.161999999973665,61.226875390900645
14.162999999973662,61.226919685288536
14.16399999997366,61.22696402534929
14.164999999973658,61.22700866665554
14.165999999973655,61.227053840939256
14.166999999973653,61.22709972340593
14.16799999997365,61.22714640800006
14.168999999973648,61.227193894093986
14.169999999973646,61.22724208646373
14.170999999973644,61.2272908085509
14.171999999973641,61.227339827139346
14.172999999973639,61.22738888497772
14.173999999973637,61.22743773676183
14.174999999973634,61.22748618342444
14.175999999973632,61.227534099916774
14.17699999997363,61.22758145258498
14.177999999973627,61.22762830370948
14.178999999973625,61.227674802570455
14.179999999973623,61.227721164308356
14.18099999997362,61.22776763954636
14.181999999973618,61.22781447905633
14.182999999973616,61.22786189842291
14.183999999973613,61.22791004767888
14.184999999973611,61.22795899016643
14.185999999973609,61.2280086935921
14.186999999973606,61.22805903452021
14.187999999973604,61.22810981566998
14.188999999973602,61.22816079357604
14.1899999999736,61.228211712726974
14.190999999973597,61.22826234137998
14.191999999973595,61.22831250402443
14.192999999973592,61.22836210593389
14.19399999997359,61.22841114636151
14.194999999973588,61.228459718530196
14.195999999973585,61.22850799642329
14.196999999973583,61.22855621024067
14.19799999997358,61.22860461396805
14.198999999973578,61.228653449622755
14.199999999973576,61.22870291319528
14.200999999973574,61.22875312707045
14.201999999973571,61.22880412279351
14.202999999973569,61.2288558365975
14.203999999973567,61.22890811831195
14.204999999973564,61.22896075239496
14.205999999973562,61.22901348812929
14.20699999997356,61.229066074737545
14.207999999973557,61.2291182964806
14.208999999973555,61.229170002812864
14.209999999973553,61.22922112935769
14.21099999997355,61.229271706765765
14.211999999973548,61.229321856214774
14.212999999973546,61.2293717721951
14.213999999973543,61.22942169500171
14.214999999973541,61.2294718768046
14.215999999973539,61.229522546064096
14.216999999973536,61.229573875292054
14.217999999973534,61.22962595668465
14.218999999973532,61.229678789044925
14.21999999997353,61.22973227782773
14.220999999973527,61.22978624829519
14.221999999973525,61.22984046992691
14.222999999973522,61.229894688653545
14.22399999997352,61.22994866238355
14.224999999973518,61.23000219483077
14.225999999973515,61.230055162898694
14.226999999973513,61.23010753377382
14.22799999997351,61.23015936933873
14.228999999973508,61.23021081728823
14.229999999973506,61.23026209020341
14.230999999973504,61.23031343553004
14.231999999973501,61.2303651006813
14.232999999973499,61.23041729816968
14.233999999973497,61.230470175666845
14.234999999973494,61.230523795190344
14.235999999973492,61.23057812433845
14.23699999997349,61.23063304079371
14.237999999973487,61.23068834945612
14.238999999973485,61.23074380979387
14.239999999973483,61.23079916956388
14.24099999997348,61.230854200163144
14.241999999973478,61.23090872864858
14.242999999973476,61.230962661924366
14.243999999973473,61.23101599970653
14.244999999973471,61.23106883444631
14.245999999973469,61.23112133822551
14.246999999973466,61.231173738481026
14.247999999973464,61.231226285958606
14.248999999973462,61.23127921941441
14.24999999997346,61.23133273201283
14.250999999973457,61.231386944143715
14.251999999973455,61.23144188646758
14.252999999973452,61.231497495566686
14.25399999997345,61.23155362280412
14.254999999973448,61.23161005513976
14.255999999973445,61.2316665449757
14.256999999973443,61.231722844833186
14.25799999997344,61.23177874198948
14.258999999973438,61.23183408821096
14.259999999973436,61.23188882040509
14.260999999973434,61.23194296930106
14.261999999973431,61.2319966549434
14.26299999997343,61.23205006963794
14.263999999973427,61.23210345075498
14.264999999973424,61.23215704721369
14.265999999973422,61.23221108435953
14.26699999997342,61.23226573216471
14.267999999973418,61.23232108122231
14.268999999973415,61.23237712989826
14.269999999973413,61.23243378444115
14.27099999997341,61.23249087203027
14.271999999973408,61.23254816492159
14.272999999973406,61.23260541229571
14.273999999973404,61.2326623753339
14.274999999973401,61.232718860591476
14.275999999973399,61.23277474698933
14.276999999973397,61.2328300026306
14.277999999973394,61.23288468909318
14.278999999973392,61.232938952594466
14.27999999997339,61.232993003282445
14.280999999973387,61.23304708556244
14.281999999973385,61.233101443636464
14.282999999973383,61.233156287093784
14.28399999997338,61.233211761388716
14.284999999973378,61.233267927347995
14.285999999973376,61.23332475258032
14.286999999973373,61.23338211598691
14.287999999973371,61.23343982473294
14.288999999973369,61.233497641287094
14.289999999973366,61.23355531673077
14.290999999973364,61.23361262565382
14.291999999973362,61.23366939773303
14.29299999997336,61.23372554156455
14.293999999973357,61.233781057400584
14.294999999973355,61.23383603700798
14.295999999973352,61.233890650674596
14.29699999997335,61.23394512319429
14.297999999973348,61.23399970220604
14.298999999973345,61.23405462334369
14.299999999973343,61.2341100770837
14.30099999997334,61.23416618195245
14.301999999973338,61.23422296784508
14.302999999973336,61.234280371796444
14.303999999973334,61.23433824678792
14.304999999973331,61.23439638234981
14.305999999973329,61.23445453405725
14.306999999973327,61.23451245777493
14.307999999973324,61.23456994383836
14.308999999973322,61.23462684637082
14.30999999997332,61.23468310361781
14.310999999973317,61.23473874645656
14.311999999973315,61.23479389388228
14.312999999973313,61.23484873611663
14.31399999997331,61.234903507720475
14.314999999973308,61.23495845448826
14.315999999973306,61.235013798776876
14.316999999973303,61.235069708145296
14.317999999973301,61.23512627170088
14.318999999973299,61.23518348747495
14.319999999973296,61.23524126259628
14.320999999973294,61.23529942622944
14.321999999973292,61.23535775345869
14.32299999997329,61.235415996754156
14.323999999973287,61.23547392060165
14.324999999973285,61.235531334429545
14.325999999973282,61.23558811921204
14.32699999997328,61.235644244017834
14.327999999973278,61.235699770181064
14.328999999973275,61.23575484252096
14.329999999973273,61.23580966884617
14.33099999997327,61.23586449062976
14.331999999973268,61.23591954897654
14.332999999973266,61.235975050668216
14.333999999973264,61.23603113905356
14.334999999973261,61.236087873868634
14.335999999973259,61.23614522281856
14.336999999973257,61.23620306609127
14.337999999973254,61.23626121316627
14.338999999973252,61.23631942954891
14.33999999997325,61.2363774696699
14.340999999973247,61.23643511132932
14.341999999973245,61.23649218684556
14.342999999973243,61.236548606533965
14.34399999997324,61.23660437122235
14.344999999973238,61.23665957204973
14.345999999973236,61.23671437758155
14.346999999973233,61.2367690100546
14.347999999973231,61.23682371409965
14.348999999973229,61.2368787223299
14.349999999973226,61.236934222636634
14.350999999973224,61.23699033177792
14.351999999973222,61.23704707896657
14.35299999997322,61.237104401756504
14.353999999973217,61.23716215479686
14.354999999973215,61.23722013022021
14.355999999973212,61.23727808679281
14.35699999997321,61.23733578373239
14.357999999973208,61.237393014438496
14.358999999973205,61.237449635400296
14.359999999973203,61.23750558622161
14.3609999999732,61.23756089795886
14.361999999973198,61.237615688606844
14.362999999973196,61.237670146367506
14.363999999973194,61.23772450306942
14.364999999973191,61.23777900146744
14.365999999973189,61.237833861022324
14.366999999973187,61.23788924696652
14.367999999973184,61.23794524699933
14.368999999973182,61.23800185888283
14.36999999997318,61.2380589906732
14.370999999973177,61.23811647355056
14.371999999973175,61.238174085441166
14.372999999973173,61.238231582106295
14.37399999997317,61.23828873133143
14.374999999973168,61.238345345411496
14.375999999973166,61.238401307374325
14.376999999973163,61.23845658726323
14.377999999973161,61.23851124619381
14.378999999973159,61.23856542762833
14.379999999973156,61.2386193370923
14.380999999973154,61.23867321319347
14.381999999973152,61.23872729401581
14.38299999997315,61.2387817836101
14.383999999973147,61.238836823290754
14.384999999973145,61.23889247176469
14.385999999973142,61.238948696878644
14.38699999997314,61.23900538013605
14.387999999973138,61.23906233334311
14.388999999973136,61.23911932503707
14.389999999973133,61.23917611298412
14.39099999997313,61.23923247817695
14.391999999973129,61.23928825555684
14.392999999973126,61.23934335714838
14.393999999973124,61.23939778435744
14.394999999973122,61.239451627713656
14.39599999997312,61.23950505409178
14.396999999973117,61.239558283221
14.397999999973115,61.239611556780545
14.398999999973112,61.239665104427615
14.39999999997311,61.2397191115306
14.400999999973108,61.23977369313504
14.401999999973105,61.23982887781489
14.402999999973103,61.23988460367034
14.4039999999731,61.239940727028845
14.404999999973098,61.23999704261796
14.405999999973096,61.2400533123759
14.406999999973094,61.24010929884432
14.407999999973091,61.24016479845578
14.408999999973089,61.240219670037916
14.409999999973087,61.24027385453417
14.410999999973084,61.24032738317695
14.411999999973082,61.24038037296882
14.41299999997308,61.240433010119474
14.413999999973077,61.240485523765216
14.414999999973075,61.24053815367046
14.415999999973073,61.24059111645042
14.41699999997307,61.240644575060074
14.417999999973068,61.24069861583098
14.418999999973066,61.240753236281954
14.419999999973063,61.24080834540582
14.420999999973061,61.24086377639173
14.421999999973059,61.24091930998452
14.422999999973056,61.240974705202014
14.423999999973054,61.24102973308692
14.424999999973052,61.24108420875975
14.42599999997305,61.24113801726601
14.426999999973047,61.24119112959809
14.427999999973045,61.241243606642676
14.428999999973042,61.24129559050968
14.42999999997304,61.2413472844613
14.430999999973038,61.24139892427294
14.431999999973035,61.241450745046144
14.432999999973033,61.241502948141004
14.43399999997303,61.241555672873226
14.434999999973028,61.241608976945
14.435999999973026,61.24166282835486
14.436999999973024,61.24171710991478
14.437999999973021,61.24177163573338
14.438999999973019,61.241826177342745
14.439999999973017,61.2418804957964
14.440999999973014,61.24193437522634
14.441999999973012,61.24198765314686
14.44299999997301,61.24204024324881
14.443999999973007,61.242092147485764
14.444999999973005,61.242143455762
14.445999999973003,61.24219433326262
14.446999999973,61.24224499722346
14.447999999972998,61.24229568639688
14.448999999972996,61.24234662751456
14.449999999972993,61.24239800345136
14.450999999972991,61.24244992756255
14.451999999972989,61.24250242779339
14.452999999972986,61.24255544278541
14.453999999972984,61.24260883052148
14.454999999972982,61.242662388286874
14.45599999997298,61.24271588113985
14.456999999972977,61.242769074887164
14.457999999972975,61.242821768933865
14.458999999972972,61.242873824388525
14.45999999997297,61.2429251834865
14.460999999972968,61.24297587760016
14.461999999972965,61.24302602272408
14.462999999972963,61.24307580307101
14.46399999997296,61.24312544509509
14.464999999972958,61.2431751855892
14.465999999972956,61.24322523834523
14.466999999972954,61.24327576405957
14.467999999972951,61.2433268477068
14.468999999972949,61.24337848655896
14.469999999972947,61.24343059052782
14.470999999972944,61.243482994774446
14.471999999972942,61.243535482812774
14.47299999997294,61.243587816854316
14.473999999972937,61.243639771132806
14.474999999972935,61.243691163525085
14.475999999972933,61.24374188103305
14.47699999997293,61.24379189554793
14.477999999972928,61.24384126769122
14.478999999972926,61.243890138200314
14.479999999972923,61.2439387080698
14.480999999972921,61.24398721024848
14.481999999972919,61.24403587686957
14.482999999972916,61.244084906617445
14.483999999972914,61.24413443681883
14.484999999972912,61.24418452417087
14.48599999997291,61.24423513680921
14.486999999972907,61.24428615882368
14.487999999972905,61.244337406578126
14.488999999972902,61.24438865453872
14.4899999999729,61.24443966697558
14.490999999972898,61.244490231086765
14.491999999972895,61.24454018688714
14.492999999972893,61.24458944967055
14.49399999997289,61.24463802188764
14.494999999972888,61.24468599277939
14.495999999972886,61.24473352582255
14.496999999972884,61.244780835752806
14.497999999972881,61.244828158400956
14.49899999997288,61.24487571758257
14.499999999972877,61.24492369368738
14.500999999972874,61.24497219838256
14.501999999972872,61.24502125897462
14.50299999997287,61.24507081462186
14.503999999972867,61.24512072492141
14.504999999972865,61.24517078965971
14.505999999972863,61.24522077694637
14.50699999997286,61.245270455777494
14.507999999972858,61.24531962845157
14.508999999972856,61.24536815828554
14.509999999972854,61.24541598874298
14.510999999972851,61.245463151286934
14.511999999972849,61.245509760868714
14.512999999972847,61.24555599968677
14.513999999972844,61.24560209150687
14.514999999972842,61.245648270153666
14.51599999997284,61.24569474660308
14.516999999972837,61.245741679296316
14.517999999972835,61.24578915184588
14.518999999972833,61.24583716126016
14.51999999997283,61.24588561833519
14.520999999972828,61.245934360155715
14.521999999972826,61.2459831729405
14.522999999972823,61.24603182202132
14.52399999997282,61.24608008474275
14.524999999972819,61.246127781660256
14.525999999972816,61.246174801658704
14.526999999972814,61.24622111746653
14.527999999972812,61.24626678939515
14.52899999997281,61.24631195677848
14.529999999972807,61.24635681832725
14.530999999972805,61.24640160416071
14.531999999972802,61.24644654344647
14.5329999999728,61.246491832198394
14.533999999972798,61.24653760575405
14.534999999972795,61.24658391979514
14.535999999972793,61.2466307425708
14.53699999997279,61.246677959408366
14.537999999972788,61.24672538887182
14.538999999972786,61.24677280829249
14.539999999972784,61.24681998508129
14.540999999972781,61.24686670942039
14.541999999972779,61.24691282374876
14.542999999972777,61.246958244893236
14.543999999972774,61.24700297574447
14.544999999972772,61.24704710484117
14.54599999997277,61.24709079392471
14.546999999972767,61.2471342552202
14.547999999972765,61.24717772163607
14.548999999972763,61.247221414075426
14.54999999997276,61.24726551044697
14.550999999972758,61.24731012072653
14.551999999972756,61.247355271568274
14.552999999972753,61.24740090261772
14.553999999972751,61.24744687504192
14.554999999972749,61.24749299106856
14.555999999972746,61.247539021787986
14.556999999972744,61.247584739307165
14.557999999972742,61.2476299487403
14.55899999997274,61.24767451553846
14.559999999972737,61.24771838432783
14.560999999972735,61.247761586613954
14.561999999972732,61.247804236270106
14.56299999997273,61.247846513461354
14.563999999972728,61.24788863926009
14.564999999972725,61.24793084452573
14.565999999972723,61.247973337423375
14.56699999997272,61.24801627414332
14.567999999972718,61.24805973693119
14.568999999972716,61.24810372251441
14.569999999972714,61.248148142541915
14.570999999972711,61.248192835973974
14.571999999972709,61.24823759167244
14.572999999972707,61.24828217801802
14.573999999972704,61.2483263753898
14.574999999972702,61.24837000694638
14.5759999999727,61.24841296338741
14.576999999972697,61.248455218223434
14.577999999972695,61.24849683141191
14.578999999972693,61.24853794085794
14.57999999997269,61.24857874297806
14.580999999972688,61.24861946506195
14.581999999972686,61.2486603333199
14.582999999972683,61.24870154110343
14.583999999972681,61.248743221765594
14.584999999972679,61.248785429967725
14.585999999972676,61.24882813405285
14.586999999972674,61.24887122055197
14.587999999972672,61.248914510179965
14.58899999997267,61.24895778307188
14.589999999972667,61.24900080970803
14.590999999972665,61.24904338318424
14.591999999972662,61.24908534829341
14.59299999997266,61.249126623333865
14.593999999972658,61.24916721158953
14.594999999972655,61.249207200863275
14.595999999972653,61.24924675114553
14.59699999997265,61.24928607214748
14.597999999972648,61.249325393862904
14.598999999972646,61.249364934295755
14.599999999972644,61.249404868885144
14.600999999972641,61.249445305921775
14.601999999972639,61.24948627140118
14.602999999972637,61.2495277054372
14.603999999972634,61.24956947073121
14.604999999972632,61.249611371903704
14.60599999997263,61.249653182964856
14.606999999972627,61.249694679066685
14.607999999972625,61.24973566807058
14.608999999972623,61.249776017500466
14.60999999997262,61.249815673095206
14.610999999972618,61.24985466636197
14.611999999972616,61.24989311007571
14.612999999972613,61.24993118236152
14.613999999972611,61.24996910160433
14.614999999972609,61.25000709571324
14.615999999972606,61.25004537006105
14.616999999972604,61.25008407860217
14.617999999972602,61.25012330222316
14.6189999999726,61.25016303736559
14.619999999972597,61.250203196511585
14.620999999972595,61.2502436204619
14.621999999972592,61.250284100674364
14.62299999997259,61.2503244085214
14.623999999972588,61.25036432735449
14.624999999972585,61.25040368287539
14.625999999972583,61.250442367545794
14.62699999997258,61.250480355616006
14.627999999972578,61.25051770666327
14.628999999972576,61.25055455715293
14.629999999972574,61.250591101211285
14.630999999972572,61.25062756331437
14.63199999997257,61.25066416673693
14.632999999972567,61.25070110219199
14.633999999972565,61.25073850106693
14.634999999972562,61.250776417011586
14.63599999997256,61.250814818459965
14.636999999972558,61.25085359312742
14.637999999972555,61.25089256384675
14.638999999972553,61.250931513510906
14.63999999997255,61.25097021561707
14.640999999972548,61.25100846611838
14.641999999972546,61.25104611210928
14.642999999972544,61.251083073318284
14.643999999972541,61.25111935339014
14.644999999972539,61.25115503937819
14.645999999972537,61.2511902895218
14.646999999972534,61.25122531103279
14.647999999972532,61.25126033101458
14.64899999997253,61.25129556460134
14.649999999972527,61.251331184791496
14.650999999972525,61.251367298212365
14.651999999972523,61.25140393021246
14.65299999997252,61.25144102137082
14.653999999972518,61.25147843590634
14.654999999972516,61.251515980799496
14.655999999972513,61.25155343293931
14.656999999972511,61.251590570474164
14.657999999972509,61.25162720396503
14.658999999972506,61.25166320296452
14.659999999972504,61.25169851429091
14.660999999972502,61.251733169436555
14.6619999999725,61.251767280072926
14.662999999972497,61.251801022297805
14.663999999972495,61.251834611832905
14.664999999972492,61.251868273669444
14.66599999997249,61.25190221042463
14.666999999972488,61.2519365738497
14.667999999972485,61.251971443497176
14.668999999972483,61.252006815535466
14.66999999997248,61.25204260327867
14.670999999972478,61.2520786493523
14.671999999972476,61.25211474778054
14.672999999972474,61.25215067288849
14.673999999972471,61.25218621095907
14.674999999972469,61.25222119019642
14.675999999972467,61.252255504790405
14.676999999972464,61.25228912970879
14.677999999972462,61.25232212414257
14.67899999997246,61.25235462312557
14.679999999972457,61.25238681851552
14.680999999972455,61.25241893200903
14.681999999972453,61.252451183986494
14.68299999997245,61.252483762563756
14.683999999972448,61.25251679719936
14.684999999972446,61.25255034055933
14.685999999972443,61.25258436118206
14.686999999972441,61.25261874796733
14.687999999972439,61.252653325850616
14.688999999972436,61.25268788045682
14.689999999972434,61.25272218826645
14.690999999972432,61.25275604805333
14.69199999997243,61.25278930918164
14.692999999972427,61.2528218927848
14.693999999972425,61.25285380285832
14.694999999972422,61.252885125709554
14.69599999997242,61.252916017846665
14.696999999972418,61.25294668401493
14.697999999972415,61.25297734846991
14.698999999972413,61.253008223522656
14.69999999997241,61.25303947977679
14.700999999972408,61.25307122223615
14.701999999972406,61.25310347563102
14.702999999972404,61.25313618102058
14.703999999972401,61.253169204140505
14.704999999972399,61.253202354319235
14.705999999972397,61.25323541129971
14.706999999972394,61.253268156197656
14.707999999972392,61.25330040224355
14.70899999997239,61.25333202099461
14.709999999972387,61.25336296033425
14.710999999972385,61.253393251738224
14.711999999972383,61.253423005791085
14.71299999997238,61.25345239659137
14.713999999972378,61.25348163723945
14.714999999972376,61.25351094985947
14.715999999972373,61.25354053436353
14.716999999972371,61.253570540349706
14.717999999972369,61.25360104607779
14.718999999972366,61.2536320474722
14.719999999972364,61.25366345869345
14.720999999972362,61.253695124191765
14.72199999997236,61.25372684054585
14.722999999972357,61.25375838501276
14.723999999972355,61.253789546780915
14.724999999972352,61.25382015653285
14.72599999997235,61.25385011017123
14.726999999972348,61.25387938337607
14.727999999972345,61.253908034959935
14.728999999972343,61.25393619855033
14.72999999997234,61.253964063775626
14.730999999972338,61.25399184960186
14.731999999972336,61.254019773569716
14.732999999972334,61.25404802125372
14.733999999972331,61.254076720234806
14.73499999997233,61.25410592223668
14.735999999972327,61.254135595930755
14.736999999972324,61.2541656314148
14.737999999972322,61.25419585572694
14.73899999997232,61.2542260572122
14.739999999972317,61.25425601531461
14.740999999972315,61.254285531608346
14.741999999972313,61.25431445770866
14.74299999997231,61.25434271614593
14.743999999972308,61.254370311269625
14.744999999972306,61.254397328658634
14.745999999972303,61.254423923122374
14.746999999972301,61.25445029698599
14.747999999972299,61.25447667171178
14.748999999972296,61.25450325684696
14.749999999972294,61.25453022065839
14.750999999972292,61.2545576665773
14.75199999997229,61.25458561875631
14.752999999972287,61.25461401876041
14.753999999972285,61.254642733854844
14.754999999972283,61.25467157571376
14.75599999997228,61.25470032692282
14.756999999972278,61.254728771546965
14.757999999972276,61.2547567254686
14.758999999972273,61.25478406223745
14.75999999997227,61.25481073079961
14.760999999972269,61.254836762625054
14.761999999972266,61.254862267236206
14.762999999972264,61.254887416772476
14.763999999972262,61.25491242176489
14.76499999997226,61.254937501528595
14.765999999972257,61.254962853332884
14.766999999972255,61.25498862468059
14.767999999972252,61.25501489258799
14.76899999997225,61.255041652773265
14.769999999972248,61.25506882026658
14.770999999972245,61.25509624135223
14.771999999972243,61.255123715158945
14.77299999997224,61.25515102186346
14.773999999972238,61.25517795354352
14.774999999972236,61.25520434334543
14.775999999972234,61.25523008887576
14.776999999972231,61.25525516653099
14.777999999972229,61.25527963476344
14.778999999972227,61.2553036258249
14.779999999972224,61.25532732715961
14.780999999972222,61.25535095505848
14.78199999997222,61.25537472428399
14.782999999972217,61.25539881793097
14.783999999972215,61.25542336175892
14.784999999972213,61.25544840659543
14.78599999997221,61.25547392127869
14.786999999972208,61.25549979712297
14.787999999972206,61.25552586327401
14.788999999972203,61.25555191079018
14.789999999972201,61.25557772206578
14.790999999972199,61.25560310145852
14.791999999972196,61.25562790282355
14.792999999972194,61.25565205008326
14.793999999972192,61.255675547948684
14.79499999997219,61.255698481293436
14.795999999972187,61.25572100326488
14.796999999972185,61.25574331381596
14.797999999972182,61.2557656316733
14.79899999997218,61.255788163681665
14.799999999972178,61.25581107583089
14.800999999972175,61.25583447003269
14.801999999972173,61.25585836990267
14.80299999997217,61.255882717540445
14.803999999972168,61.255907381753104
14.804999999972166,61.25593217656043
14.805999999972164,61.255956887380606
14.806999999972161,61.25598130121214
14.807999999972159,61.25600523657298
14.808999999972157,61.25602856899439
14.809999999972154,61.256051248483445
14.810999999972152,61.2560733065167
14.81199999997215,61.25609485158058
14.812999999972147,61.25611605389474
14.813999999972145,61.25613712147141
14.814999999972143,61.25615827087424
14.81599999997214,61.25617969678919
14.816999999972138,61.256201544679485
14.817999999972136,61.256223890365455
14.818999999972133,61.25624672939411
14.819999999972131,61.256269977686166
14.820999999972129,61.256293483365745
14.821999999972126,61.256317048106425
14.822999999972124,61.25634045498971
14.823999999972122,61.25636349896402
14.82499999997212,61.25638601562301
14.825999999972117,61.25640790426668
14.826999999972115,61.25642914200852
14.827999999972112,61.256449786953745
14.82899999997211,61.25646997000787
14.829999999972108,61.25648987647134
14.830999999972105,61.25650972001114
14.831999999972103,61.25652971266719
14.8329999999721,61.25655003511043
14.833999999972098,61.2565708113291
14.834999999972096,61.25659209129501
14.835999999972094,61.25661384404025
14.836999999972091,61.25663596210854
14.837999999972089,61.25665827675151
14.838999999972087,61.25668058172891
14.839999999972084,61.25670266236445
14.840999999972082,61.25672432577934
14.84199999997208,61.2567454280486
14.842999999972077,61.25676589447677
14.843999999972075,61.25678573013926
14.844999999972073,61.256805019218
14.84599999997207,61.25682391322766
14.846999999972068,61.25684260979043
14.847999999972066,61.256861324946165
14.848999999972063,61.25688026288927
14.849999999972061,61.25689958738253
14.850999999972059,61.25691939886077
14.851999999972056,61.256939720434936
14.852999999972054,61.256960494756896
14.853999999972052,61.25698159217888
14.85499999997205,61.25700282905705
14.855999999972047,61.257023993621836
14.856999999972045,61.25704487578011
14.857999999972042,61.257065296661125
14.85899999997204,61.25708513375587
14.859999999972038,61.25710433812233
14.860999999972035,61.25712294124381
14.861999999972033,61.25714105058616
14.86299999997203,61.25715883447879
14.863999999972028,61.25717649845366
14.864999999972026,61.25719425636864
14.865999999972024,61.25721230037334
14.866999999972021,61.25723077393421
14.86799999997202,61.25724975170992
14.868999999972017,61.257269229098064
14.869999999972014,61.25728912291755
14.870999999972012,61.25730928312623
14.87199999997201,61.2573295139235
14.872999999972008,61.25734960126865
14.873999999972005,61.25736934294988
14.874999999972003,61.25738857697817
14.875999999972,61.25740720432434
14.876999999971998,61.25742520280603
14.877999999971996,61.25744263018281
14.878999999971994,61.25745961602791
14.879999999971991,61.257476343525305
14.880999999971989,61.25749302375329
14.881999999971987,61.25750986607003
14.882999999971984,61.257527048762455
14.883999999971982,61.25754469408227
14.88499999997198,61.25756285117003
14.885999999971977,61.257581489262265
14.886999999971975,61.25760050212896
14.887999999971973,61.2576197231111
14.88899999997197,61.25763894864107
14.889999999971968,61.25765796693873
14.890999999971966,61.25767658784968
14.891999999971963,61.25769466963642
14.892999999971961,61.257712138959214
14.893999999971959,61.257729001242815
14.894999999971956,61.25774533997776
14.895999999971954,61.25776130505838
14.896999999971952,61.25777709179977
14.89799999997195,61.257792913586215
14.898999999971947,61.25780897199674
14.899999999971945,61.25782542859881
14.900999999971942,61.257842382375
14.90199999997194,61.25785985594482
14.902999999971938,61.257877792511835
14.903999999971935,61.25789606395916
14.904999999971933,61.257914488950945
14.90599999997193,61.257932858492644
14.906999999971928,61.25795096535694
14.907999999971926,61.25796863324028
14.908999999971924,61.25798574155661
14.909999999971921,61.25800224238518
14.910999999971919,61.25801816720111
14.911999999971917,61.258033622445794
14.912999999971914,61.25804877456768
14.913999999971912,61.25806382663859
14.91499999997191,61.25807898983731
14.915999999971907,61.258094453803025
14.916999999971905,61.258110360028525
14.917999999971903,61.25812678202521
14.9189999999719,61.258143715043076
14.919999999971898,61.25816107678654
14.920999999971896,61.258178719020954
14.921999999971893,61.25819644843302
14.922999999971891,61.25821405381305
14.923999999971889,61.25823133573847
14.924999999971886,61.25824813458927
14.925999999971884,61.25826435296509
14.926999999971882,61.258279969356224
14.92799999997188,61.258295041157346
14.928999999971877,61.25830969660409
14.929999999971875,61.25832411677047
14.930999999971872,61.25833851016158
14.93199999997187,61.2583530834727
14.932999999971868,61.25836801262646
14.933999999971865,61.25838341815066
14.934999999971863,61.25839934835703
14.93599999997186,61.258415772676926
14.936999999971858,61.25843258608177
14.937999999971856,61.258449623964125
14.938999999971854,61.258466685380476
14.939999999971851,61.25848356139028
14.940999999971849,61.25850006450748
14.941999999971847,61.25851605512766
14.942999999971844,61.258531461222084
14.943999999971842,61.25854628852934
14.94499999997184,61.25856061982742
14.945999999971837,61.258574603382385
14.946999999971835,61.25858843220432
14.947999999971833,61.25860231703288
14.94899999997183,61.25861645684305
14.949999999971828,61.25863101101736
14.950999999971826,61.258646077088954
14.951999999971823,61.25866167717724
14.952999999971821,61.25867775501496
14.953999999971819,61.2586941839796
14.954999999971816,61.258710784994854
14.955999999971814,61.25872735178256
14.956999999971812,61.25874367991799
14.95799999997181,61.25875959560104
14.958999999971807,61.2587749801097
14.959999999971805,61.258789786496344
14.960999999971802,61.25880404618975
14.9619999999718,61.25881786458421
14.962999999971798,61.2588314062357
14.963999999971795,61.258844871755194
14.964999999971793,61.258858469645304
14.96599999997179,61.25887238704116
14.966999999971788,61.258886763462975
14.967999999971786,61.258901671266145
14.968999999971784,61.25891710553293
14.969999999971781,61.25893298481961
14.970999999971779,61.258949162651355
14.971999999971777,61.25896544814289
14.972999999971774,61.25898163284812
14.973999999971772,61.2589975200635
14.97499999997177,61.25901295246956
14.975999999971767,61.25902783423237
14.976999999971765,61.25904214446388
14.977999999971763,61.259055940154155
14.97899999997176,61.25906934817615
14.979999999971758,61.25908254747981
14.980999999971756,61.259095743990834
14.981999999971753,61.25910914174177
14.982999999971751,61.25912291428743
14.983999999971749,61.25913718042354
14.984999999971746,61.259151987615205
14.985999999971744,61.259167305456984
14.986999999971742,61.25918303007709
14.98799999997174,61.259198998860974
14.988999999971737,61.25921501342101
14.989999999971735,61.25923086758187
14.990999999971732,61.25924637644877
14.99199999997173,61.25926140247819
14.992999999971728,61.25927587488608
14.993999999971726,61.25928979967375
14.994999999971723,61.25930325886618
14.99599999997172,61.25931639907295
14.996999999971719,61.259329410983156
14.997999999971716,61.25934250268137
14.998999999971714,61.25935587053229
14.999999999971712,61.25936967172336
